####
#
# OBJ File Generated by Meshlab
#
####
# Object bunny.obj
#
# Vertices: 2503
# Faces: 5002
#
####
vn -0.0917145 0.9771409 0.1917918
v -0.0329679 0.2955595 0.2103101
vn -0.3696671 0.8617058 0.3475763
v -0.7900191 0.5100025 0.2866999
vn 0.1765398 0.9618461 -0.2090119
v -0.2952788 0.2419947 0.0106182
vn -0.2596322 0.5699247 0.7796006
v -0.2407358 0.1195320 0.3631132
vn -0.6057872 -0.0605544 -0.7933190
v -0.1779367 0.7606722 -0.2341425
vn 0.2463519 0.7170604 0.6520240
v 0.1843391 0.2098057 0.3090546
vn 0.0686853 0.7470096 0.6612557
v 0.0584032 0.2435872 0.3156714
vn 0.8364335 -0.1422397 0.5292891
v -0.1302117 0.6114347 -0.1160101
vn 0.5100378 0.1427328 0.8482268
v -0.3324963 0.7020515 -0.0094947
vn -0.8613253 -0.0988994 -0.4983348
v -0.8151063 0.0949885 0.0358638
vn -0.5833701 0.8104487 0.0534063
v -0.4082923 0.6996236 -0.0404099
vn 0.8547368 0.4292966 0.2917694
v -0.6120331 0.5496849 -0.1337864
vn -0.7370321 0.6030045 0.3052367
v -0.7434680 0.6509436 -0.2603586
vn 0.0463933 -0.5776820 0.8149424
v -0.6985140 0.1512813 0.4995220
vn 0.1307967 0.3971941 0.9083661
v 0.1254969 0.1345395 0.3702933
vn 0.2816130 0.4839963 0.8285177
v -0.3659848 0.6801461 0.0137626
vn 0.1787794 -0.0155917 0.9837657
v 0.0470704 -0.5973030 0.4434248
vn -0.2408821 0.3463193 0.9066636
v -0.5527923 -0.5687214 0.4476177
vn 0.3076027 0.1695112 0.9362941
v -0.4370582 -0.5888272 0.4302397
vn 0.3463027 0.9246876 -0.1582008
v -0.3263888 0.2555282 0.0165626
vn 0.1907060 0.5189412 0.8332655
v -0.4857166 0.5606219 0.0908207
vn 0.6065771 -0.4688314 0.6420759
v -0.2051146 0.5716611 -0.0453634
vn -0.3807675 0.8252177 0.4171714
v -0.5459516 0.5610721 0.0790670
vn 0.1323096 0.3335100 0.9334159
v -0.5104633 -0.5648443 0.4463460
vn 0.2535228 0.4778135 0.8410829
v -0.4829910 -0.5476159 0.4298422
vn -0.4777010 -0.4735536 0.7399654
v -0.2875957 -0.6110548 0.5074785
vn 0.2632091 0.2018399 0.9433884
v -0.0342605 -0.5518907 0.4596072
vn 0.1702469 0.0163202 0.9852663
v 0.0476655 -0.5584367 0.4420304
vn -0.5848597 0.2398776 -0.7748535
v -0.3778845 0.6667973 -0.1152817
vn -0.2072984 0.7159664 0.6666480
v -0.5500898 -0.5250421 0.4179928
vn 0.2641143 0.3189571 0.9102252
v -0.3987344 -0.5476456 0.4072871
vn -0.3738432 0.5249736 0.7646201
v -0.2559175 -0.5289328 0.4951636
vn 0.1034260 0.3476928 0.9318867
v -0.2113987 -0.5387124 0.5147339
vn 0.6232556 0.0356995 0.7812029
v -0.3576608 0.6694344 0.0128155
vn 0.5890749 0.7106764 0.3846166
v -0.6498157 0.5990590 -0.1327705
vn -0.0445863 0.7919545 0.6089501
v 0.4810548 -0.2853056 0.2294290
vn 0.0898675 0.7279503 0.6797149
v -0.4755113 -0.5156236 0.3980109
vn 0.1910120 0.4753650 0.8588030
v -0.4310770 -0.5408872 0.4126612
vn 0.0028171 0.4402087 0.8978911
v -0.4223384 -0.5084382 0.3894674
vn -0.0240886 0.6196857 0.7844804
v -0.2174407 -0.5146337 0.5016007
vn 0.2124905 0.2323181 0.9491450
v -0.0630071 -0.5289167 0.4592326
vn 0.0573186 -0.4457248 0.8933331
v 0.0036445 -0.5298873 0.4497309
vn 0.7744558 0.5656180 0.2833629
v 0.3289258 0.1333314 0.2377746
vn 0.3189195 0.4791139 0.8177654
v -0.2558782 0.7859232 -0.0781246
vn 0.1573015 0.7101830 0.6862189
v -0.1695046 -0.5006097 0.4720599
vn -0.0062868 -0.3591782 0.9332478
v -0.0676846 -0.5155725 0.4590659
vn 0.1407004 -0.7071338 0.6929395
v 0.0578718 -0.5129368 0.4744187
vn 0.3982651 -0.5745302 0.7150525
v 0.0879811 -0.4956769 0.4771214
vn -0.0119674 0.5672213 0.8234785
v -0.3427483 0.1227832 0.3388978
vn 0.0355740 0.5161597 0.8557534
v -0.7345667 0.3718208 0.4758007
vn 0.0844745 -0.5735944 0.8147721
v 0.3368002 -0.5471185 0.2799155
vn -0.0601522 0.9024232 0.4266310
v -0.5090470 -0.4954863 0.3744334
vn -0.1747297 0.5996572 0.7809486
v -0.4580354 -0.4958493 0.3782578
vn -0.0283253 0.3047476 0.9520119
v -0.3763916 -0.5160775 0.3902261
vn -0.3157526 0.7333546 0.6020726
v -0.2558882 -0.5020388 0.4768256
vn 0.0120912 0.8175915 0.5756716
v -0.2162210 -0.4995522 0.4845974
vn -0.0172502 0.0619000 0.9979333
v -0.1292875 -0.5013042 0.4629166
vn -0.2635230 -0.5269529 0.8080077
v -0.1178804 -0.4860500 0.4783908
vn -0.0701932 -0.7389547 0.6700888
v -0.0061257 -0.5080652 0.4750304
vn 0.0708730 -0.5609442 0.8248144
v 0.0199699 -0.4799173 0.5055151
vn -0.1592166 0.8466381 0.5077933
v -0.2199283 -0.4820517 0.4505584
vn -0.2615165 0.2153161 0.9408762
v -0.1740349 -0.4817234 0.4538690
vn -0.1864361 -0.5664163 0.8027542
v -0.0754420 -0.4792926 0.4929322
vn -0.1278896 -0.5240907 0.8420055
v -0.0259512 -0.4688699 0.5141827
vn 0.8000460 0.5377564 0.2659783
v -0.6175172 0.5960385 -0.1939705
vn 0.3159668 -0.4757234 0.8208850
v 0.3135554 -0.5260381 0.2930869
vn -0.8629801 0.0433816 -0.5033720
v -0.8513633 0.2438197 0.0055503
vn 0.1116380 0.4645590 0.8784771
v -0.4012367 0.6548572 0.0316764
vn 0.8440437 0.4992505 0.1958038
v -0.6231374 0.5189689 -0.0494786
vn 0.0395159 0.4120784 0.9102911
v -0.3316257 -0.4759008 0.3701297
vn -0.3672796 0.7714783 0.5195450
v -0.2218631 -0.4710621 0.4246585
vn -0.2906782 -0.3598835 0.8865608
v -0.1387740 -0.4381196 0.4902413
vn 0.3281200 -0.2348979 0.9149647
v 0.0133151 -0.4586678 0.5138174
vn 0.0525364 -0.1722690 0.9836480
v 0.0350785 -0.4500064 0.5164635
vn 0.3218508 -0.4024636 0.8569919
v 0.0780396 -0.4657113 0.5005203
vn 0.3440156 0.2620046 0.9016690
v -0.7024967 0.2930096 0.4995018
vn -0.1528058 -0.0559819 0.9866694
v 0.3672948 -0.4829286 0.3084124
vn -0.0258117 -0.3012266 0.9532032
v 0.3721718 -0.4996609 0.3068214
vn 0.4707279 0.8617218 0.1893435
v 0.2078849 0.2503186 0.2054595
vn -0.9480342 -0.1909682 -0.2544847
v -0.7393824 0.4691349 -0.0864043
vn -0.7285352 -0.2410183 -0.6412072
v -0.8433957 0.1926254 -0.0017221
vn -0.2407205 0.7268409 0.6432387
v -0.4226622 0.6620330 0.0226461
vn -0.1040708 0.8018390 0.5884077
v -0.3930047 0.2215595 0.2541612
vn -0.6283149 0.0610367 0.7755611
v -0.4513381 -0.4367420 0.3633755
vn -0.2152205 0.1419418 0.9661949
v -0.4260631 -0.4706984 0.3768176
vn 0.1016991 0.1386296 0.9851087
v -0.3687578 -0.4751326 0.3799532
vn -0.5179412 0.1610102 0.8401266
v -0.1921488 -0.4653866 0.4460773
vn -0.4976829 -0.3595227 0.7893384
v -0.1634893 -0.4631067 0.4684799
vn -0.3898593 -0.3983262 0.8302687
v -0.1570889 -0.4394353 0.4863418
vn -0.2718610 -0.3627198 0.8913619
v -0.1009918 -0.4452950 0.5023093
vn -0.2372660 -0.1868224 0.9533112
v -0.0416581 -0.4377398 0.5211574
vn 0.2442868 -0.1572680 0.9568651
v 0.0755540 -0.4321018 0.5099624
vn 0.7914515 0.4969845 -0.3558247
v 0.3669304 0.0496914 -0.0309667
vn -0.1520163 0.0468318 0.9872679
v -0.7637682 0.2780219 0.5138206
vn -0.2754896 0.4428718 0.8532116
v -0.7712625 0.3358668 0.4929481
vn 0.6344809 0.3388119 0.6947234
v -0.5716357 0.4896590 0.3334273
vn 0.2795787 0.6065104 0.7442990
v -0.6350747 0.4821286 0.3689208
vn 0.3755782 0.8581222 0.3500963
v -0.3088923 0.2459107 0.1875549
vn 0.3044120 0.7546439 0.5812452
v -0.6706587 0.5884668 -0.0888491
vn 0.8649270 0.3890963 0.3170260
v -0.4372170 0.2862306 0.1969994
vn -0.1361602 -0.1176220 0.9836795
v -0.4048658 -0.4213350 0.3847342
vn 0.1247731 0.0855435 0.9884908
v -0.2959686 -0.4382698 0.3547416
vn -0.6179726 0.4713951 0.6292031
v -0.2396338 -0.4557335 0.3948179
vn -0.7783622 -0.1276542 0.6147005
v -0.2087101 -0.4148334 0.4395521
vn 0.0954408 -0.2064594 0.9737893
v -0.0023457 -0.4370775 0.5282432
vn -0.3865203 -0.3093632 0.8688478
v -0.7821048 0.2498087 0.5042115
vn 0.2977145 0.5456482 0.7833481
v -0.2899880 0.7575861 -0.0506172
vn 0.1382904 -0.2018523 0.9696038
v 0.3433446 -0.4765832 0.3039442
vn 0.1136337 -0.1093640 0.9874852
v 0.4187526 -0.4601870 0.3141171
vn 0.1318838 0.8229423 0.5526055
v -0.6181252 0.5112163 0.3333454
vn -0.4943736 -0.1179341 0.8612121
v -0.4301012 -0.3738356 0.3823039
vn 0.1430715 -0.1878243 0.9717267
v -0.3768378 -0.4036253 0.3881631
vn -0.9379808 -0.2718193 -0.2151890
v -0.7645797 0.6834706 -0.3999747
vn -0.0807591 -0.2753677 0.9579409
v -0.0447095 -0.4059131 0.5219546
vn -0.1746853 0.0512003 0.9832923
v -0.0144872 -0.4236446 0.5281426
vn 0.2079045 -0.2566584 0.9438761
v 0.0502532 -0.4130828 0.5164714
vn 0.0316040 0.7026747 0.7108090
v 0.0002989 0.2263199 0.3359420
vn 0.7603208 0.6221886 0.1865310
v 0.3245212 0.1497505 0.2107359
vn 0.2809876 0.0275193 0.9593168
v 0.3739994 -0.4185681 0.3015186
vn 0.3317323 -0.0587630 0.9415416
v -0.3324242 -0.4413311 0.3679474
vn -0.1484051 -0.2863823 0.9465522
v -0.0824717 -0.3827130 0.5346986
vn -0.0178008 -0.2772883 0.9606219
v -0.0042560 -0.4002693 0.5267178
vn -0.7981113 -0.5618095 0.2176888
v -0.8805026 0.1480412 0.3880705
vn -0.1462358 0.1649220 0.9754055
v 0.3941965 -0.4368697 0.3095021
vn 0.0830449 0.2130879 0.9734974
v 0.4411941 -0.4093645 0.3092844
vn 0.3895290 0.8412699 0.3748762
v 0.1968189 0.2391777 0.2504492
vn -0.2191357 0.9373567 -0.2708173
v -0.1369854 0.2700310 0.0126456
vn -0.3699021 -0.3424383 0.8636599
v -0.1158899 -0.4084887 0.5099834
vn 0.1155503 -0.4343139 0.8933194
v 0.0314334 -0.3859109 0.5362005
vn -0.2602029 0.7538899 0.6032782
v -0.1198308 0.2213875 0.3247143
vn 0.3231350 0.6923342 0.6451800
v 0.1335446 0.2269427 0.3142184
vn -0.1796413 0.9699677 0.1639869
v -0.7444384 0.5362145 0.2371896
vn -0.3487253 -0.1571732 0.9239520
v -0.2707028 -0.3738578 0.3622525
vn -0.0830540 -0.3795220 0.9214473
v -0.0082638 -0.3785166 0.5396857
vn 0.0731008 0.5789300 0.8120939
v -0.3678499 0.1500745 0.3207532
vn -0.3196674 0.8179051 0.4783764
v -0.1569163 0.2328160 0.2859352
vn 0.5575653 -0.4475791 0.6991380
v -0.2452985 0.5670280 -0.0143091
vn -0.0000641 0.9517187 0.3069717
v -0.6556355 0.5297444 0.2922842
vn -0.0544088 -0.2747726 0.9599686
v -0.0416501 -0.3705404 0.5383679
vn -0.0240227 0.5785363 0.8153028
v -0.0308962 0.1873377 0.3707441
vn -0.1028115 0.6798178 0.7261388
v -0.0621546 0.2152355 0.3455246
vn -0.1146527 0.3703795 0.9217775
v 0.4090601 -0.3929633 0.2982267
vn 0.1273192 0.3512879 0.9275703
v 0.4689700 -0.3670389 0.2933817
vn 0.2545757 0.0661118 0.9647904
v 0.4873602 -0.3812321 0.2923938
vn 0.0428405 -0.1694658 0.9846045
v -0.3788263 -0.3545312 0.4000686
vn 0.3377215 -0.1971089 0.9203762
v -0.3330320 -0.3767088 0.3822911
vn -0.2794067 -0.1492247 0.9485061
v -0.1425571 -0.3302719 0.5194425
vn 0.1108970 -0.1346228 0.9846718
v 0.0257592 -0.3581519 0.5464569
vn -0.2556543 0.6323535 0.7312796
v -0.1352637 0.1921771 0.3504614
vn 0.2802407 0.4758741 0.8336720
v 0.1900548 0.1219567 0.3629685
vn 0.3381832 0.4019996 0.8508986
v -0.3151327 0.7273837 -0.0250901
vn 0.0310525 0.8752971 0.4825875
v -0.0207985 -0.0029938 0.4819219
vn -0.2855746 -0.8556835 0.4315703
v -0.5413928 -0.3665565 0.2700241
vn -0.2310388 -0.8278259 0.5112000
v -0.5288818 -0.3507897 0.3061751
vn -0.8883522 -0.1797071 0.4225351
v -0.4960189 -0.3792111 0.3038968
vn -0.1235887 -0.1616695 0.9790756
v -0.4058346 -0.2911567 0.4043420
vn 0.2505338 -0.1912128 0.9490367
v -0.2926590 -0.3603305 0.3671927
vn -0.2744884 -0.0265184 0.9612247
v -0.1100920 -0.3384065 0.5309191
vn 0.2903257 -0.0372668 0.9562020
v 0.0672325 -0.3388160 0.5375041
vn 0.9183145 0.2956440 -0.2632362
v 0.4158479 -0.0198773 0.0099172
vn 0.5565302 0.1426879 0.8184829
v 0.3928471 -0.3690295 0.2884899
vn -0.1389692 0.4956980 0.8573046
v 0.4464790 -0.3657883 0.2921844
vn 0.8199875 0.4276727 0.3804165
v 0.3630428 0.0686957 0.2542885
vn -0.9951895 0.0572463 0.0795038
v -0.7602584 0.6199309 -0.2744386
vn 0.8764794 0.3001735 -0.3764037
v -0.5993479 0.4627613 -0.0418185
vn -0.1307368 -0.0991449 0.9864473
v -0.0555879 -0.3311896 0.5430557
vn 0.0292030 -0.0034940 0.9995674
v 0.0024525 -0.3287516 0.5468827
vn -0.3187604 0.7127571 0.6247953
v -0.1985949 0.1938151 0.3190626
vn 0.0383715 0.8530386 0.5204352
v 0.0417209 0.2714491 0.2769434
vn -0.4373758 -0.3174684 0.8413776
v -0.4500175 -0.3102776 0.3831785
vn -0.4126953 -0.2739789 0.8686876
v -0.1684133 -0.2908713 0.5229099
vn -0.0368215 -0.2503079 0.9674658
v -0.1473537 -0.2787828 0.5317582
vn -0.2781653 -0.1878473 0.9419859
v -0.0994097 -0.2979588 0.5345117
vn 0.1230489 -0.1568917 0.9799204
v -0.0010914 -0.2944608 0.5469845
vn -0.0004667 0.6549687 0.7556559
v -0.3510201 0.1838986 0.2965407
vn -0.5488766 -0.7867891 0.2823073
v -0.6798739 -0.3516963 0.1915050
vn 0.1202058 0.4320835 0.8937865
v 0.4159253 -0.3475582 0.2710688
vn 0.8981128 0.0727628 0.4337039
v 0.4140693 -0.1371915 0.2694693
vn 0.3990672 0.8766257 0.2688363
v 0.1641694 0.2649180 0.2216899
vn 0.1711123 0.9685904 -0.1804252
v -0.4072090 0.2755620 0.0103940
vn 0.3146007 0.7036538 0.6371012
v 0.1578626 0.2201470 0.3033212
vn -0.3089110 0.9248385 0.2219185
v -0.7856203 0.5226697 0.2503670
vn -0.5752748 0.2762563 -0.7698970
v -0.3118526 -0.1117026 -0.2429533
vn -0.0757629 -0.2551739 0.9639224
v -0.1331692 -0.2789952 0.5287694
vn 0.1779017 -0.0399039 0.9832389
v 0.0511696 -0.3068562 0.5381938
vn 0.2193312 -0.0758267 0.9726995
v 0.0744034 -0.2646132 0.5419802
vn 0.0876552 0.6047898 0.7915466
v 0.0336724 0.1960499 0.3568459
vn 0.1909367 0.4748718 0.8590925
v 0.0643202 0.1642369 0.3742898
vn -0.0659119 0.6285446 0.7749757
v 0.4455414 -0.3216677 0.2591756
vn 0.3045722 0.3999674 0.8644431
v 0.5058734 -0.3424223 0.2734149
vn 0.1072368 0.2032252 -0.9732419
v -0.5983946 0.2245138 -0.0848085
vn 0.0461304 0.2115311 -0.9762820
v -0.0618088 0.0531486 -0.2208238
vn 0.2801585 -0.1138673 0.9531766
v -0.3404728 -0.3015022 0.4000549
vn 0.3592320 -0.1625647 0.9189805
v -0.3160291 -0.3095273 0.3879021
vn -0.0978626 -0.2413009 0.9655034
v -0.2827300 -0.2919152 0.3805995
vn -0.0883480 -0.3231149 0.9422268
v -0.0483611 -0.2909146 0.5500077
vn 0.2373414 0.5439518 0.8048512
v 0.1602286 0.1851757 0.3387710
vn -0.9807743 0.1333390 0.1424870
v -0.8641294 -0.0069898 0.1693921
vn 0.2993422 0.7143651 0.6325163
v 0.4419901 -0.2925157 0.2276630
vn 0.3354432 0.6463303 0.6853722
v 0.5272379 -0.2992123 0.2370245
vn -0.1943145 -0.2731939 0.9421290
v -0.4349350 -0.2723305 0.4053505
vn -0.1114121 0.9217578 0.3714160
v -0.0410282 0.2842431 0.2497038
vn -0.1436175 -0.0948627 0.9850762
v -0.7142349 0.2046542 0.5162033
vn 0.0468831 0.6360578 0.7702159
v -0.7157216 0.4284813 0.4349884
vn 0.0514180 0.6349837 0.7708125
v 0.4872416 -0.3137545 0.2595863
vn -0.6171983 0.1716817 -0.7678487
v -0.5225943 0.5507470 -0.0240391
vn 0.5680834 0.7122278 0.4123260
v 0.2527866 0.1972186 0.2639999
vn -0.2036852 0.9783404 -0.0369134
v -0.1037949 0.2915308 0.1062823
vn -0.0116915 -0.1413886 -0.9898852
v -0.4357992 -0.1207077 -0.2113847
vn 0.0585491 -0.0658885 0.9961078
v -0.3706602 -0.2987574 0.4045503
vn -0.4811823 -0.3082792 0.8206263
v -0.2828280 -0.2376062 0.3981694
vn 0.0076056 0.5406454 0.8412162
v -0.4573806 0.6111139 0.0587206
vn -0.3071662 -0.2739846 0.9113624
v -0.1147147 -0.2568005 0.5437967
vn -0.1817277 -0.2821490 0.9420016
v -0.0616154 -0.2664625 0.5604531
vn 0.0757651 -0.2810466 0.9566988
v -0.0289399 -0.2664421 0.5623307
vn -0.5027947 0.7602759 -0.4113126
v -0.2492381 -0.0577040 -0.2744428
vn -0.2701874 0.5571896 0.7851997
v -0.1613751 0.1540851 0.3659449
vn -0.8954692 -0.0705240 0.4395012
v -0.8132621 0.0828835 0.2390865
vn -0.4550072 0.7845518 0.4212445
v -0.7182372 0.6169933 -0.1501769
vn -0.9867119 0.1509931 -0.0600076
v -0.9116166 0.2555155 0.1858541
vn 0.1878717 0.9001987 0.3928696
v -0.3403642 0.2446372 0.2091628
vn 0.1277692 -0.6132767 0.7794657
v -0.4785014 -0.2543586 0.4028788
vn 0.1469525 -0.1426488 0.9788035
v -0.3196474 -0.2232439 0.3990536
vn -0.2419801 -0.0820368 0.9668069
v -0.0707247 -0.2496869 0.5604407
vn 0.2853671 -0.1543254 0.9459119
v 0.0002112 -0.2537814 0.5577817
vn 0.1564136 -0.0832770 0.9841747
v 0.0405400 -0.2593972 0.5442673
vn -0.2320880 0.6900952 0.6854954
v -0.7468723 0.4438488 0.4168904
vn 0.8564441 0.1379111 -0.4974776
v 0.3970752 -0.1065621 -0.0946248
vn 0.8099995 0.5064676 -0.2956206
v 0.3617449 0.0846985 0.0032843
vn -0.0585242 -0.4880622 0.8708445
v -0.5327886 -0.2422597 0.4054520
vn -0.1030099 -0.0308770 0.9942010
v -0.4131907 -0.2199519 0.4138080
vn 0.0052419 0.9984918 0.0546497
v -0.6625245 0.5467294 0.2029951
vn -0.1994747 -0.1131995 0.9733426
v -0.0961337 -0.2262576 0.5548033
vn 0.0247663 0.0261993 0.9993499
v -0.0313992 -0.2323713 0.5676231
vn 0.3749552 0.4641968 0.8024525
v 0.1296834 -0.0645143 0.4975639
vn -0.4617735 0.1429719 -0.8753995
v -0.7106034 -0.0566873 -0.1426121
vn 0.2492107 0.3886605 0.8870384
v -0.7199556 0.3415304 0.4900343
vn -0.2232535 0.8774782 0.4244878
v -0.2499172 0.2134817 0.2521249
vn -0.2227476 0.7960511 0.5627488
v -0.3289164 0.7368920 -0.0360323
vn -0.5148632 0.7821710 0.3508910
v -0.7289852 0.6636119 -0.2590208
vn 0.1706774 -0.1202813 0.9779580
v -0.3543948 -0.2383980 0.4061016
vn -0.2434017 -0.2532475 0.9362806
v -0.1720376 -0.2152069 0.5422227
vn -0.1426732 -0.0478762 0.9886113
v -0.1100031 -0.1920920 0.5578033
vn 0.2960403 0.0485057 0.9539431
v -0.0010069 -0.2210480 0.5625584
vn 0.2425342 -0.0002238 0.9701428
v 0.0264709 -0.1995503 0.5483322
vn 0.1613038 0.0215626 0.9866692
v 0.0538297 -0.2257351 0.5445428
vn 0.9984090 -0.0350540 0.0441688
v -0.5983775 0.5268339 -0.1838621
vn 0.2346483 0.5187330 0.8221048
v -0.7023137 0.3987101 0.4541461
vn 0.3792502 0.9252002 0.0131937
v 0.1527438 0.2829396 0.1279673
vn -0.1838028 0.8207974 0.5408403
v -0.1131427 -0.0231181 0.4987659
vn -0.1744164 -0.3311526 0.9273170
v -0.5696293 -0.2146336 0.4153287
vn -0.0123274 -0.3407084 0.9400882
v -0.5135498 -0.2110860 0.4189399
vn -0.0181930 -0.3438526 0.9388474
v -0.4905839 -0.2281398 0.4170325
vn 0.0952894 -0.2586357 0.9612635
v -0.4582566 -0.2339216 0.4121264
vn 0.1363504 -0.1116405 0.9843500
v -0.4355747 -0.2025415 0.4093342
vn 0.0071660 -0.1013695 0.9948230
v -0.3820364 -0.2090042 0.4149153
vn 0.0236293 -0.0256551 0.9993916
v -0.1473864 -0.1624747 0.5504146
vn -0.1914460 -0.1853978 0.9638340
v -0.1407373 -0.2239463 0.5461479
vn -0.0420037 0.0919270 0.9948795
v -0.0574307 -0.2002023 0.5604227
vn 0.8361068 0.5368558 0.1127442
v 0.3594038 0.1053465 0.1818583
vn -0.0374584 0.9992770 -0.0065080
v 0.0231340 0.3082002 0.1155758
vn -0.9491701 -0.3143992 0.0151460
v -0.9053044 0.1754334 0.1804155
vn -0.2826532 -0.3768300 0.8821034
v -0.6181374 -0.2042281 0.4068420
vn 0.2741093 -0.1890309 0.9429376
v -0.4386764 -0.1678616 0.4184294
vn 0.2017449 -0.1287681 0.9709366
v -0.3529162 -0.1797649 0.4172713
vn 0.1676880 -0.1580309 0.9730915
v -0.3213893 -0.1689921 0.4046054
vn -0.4811982 -0.1937182 0.8549396
v -0.2977650 -0.1902431 0.4040824
vn 0.0674072 0.1011874 0.9925812
v -0.0198942 -0.1812537 0.5564011
vn 0.3233697 -0.0046473 0.9462613
v 0.0791266 -0.1835940 0.5353324
vn -0.1943082 0.5058672 0.8404419
v -0.1252266 0.1565045 0.3762609
vn -0.3518370 -0.2379959 0.9053004
v -0.7548518 0.2298189 0.5040338
vn 0.4494334 -0.8630601 0.2305145
v -0.2569709 0.5407016 -0.0405681
vn -0.5486428 -0.3638124 -0.7527494
v -0.7972932 0.1594579 -0.0224637
vn -0.8671881 -0.2137700 0.4497635
v -0.2662280 -0.1912451 0.4611122
vn 0.0779442 0.0287776 0.9965423
v 0.0121389 -0.1537275 0.5553628
vn 0.2773749 -0.0797077 0.9574497
v 0.0594631 -0.1579746 0.5458602
vn -0.0592522 -0.2429859 0.9682185
v -0.6035726 -0.1518935 0.4273332
vn -0.1847448 -0.2166422 0.9586112
v -0.5787652 -0.1856790 0.4183807
vn -0.1235716 -0.1467557 0.9814239
v -0.5340160 -0.1715749 0.4348897
vn 0.0442480 -0.3079140 0.9503847
v -0.5220482 -0.1854094 0.4311841
vn 0.1425365 -0.2267680 0.9634623
v -0.4836357 -0.1782271 0.4279235
vn -0.0789651 -0.0423229 0.9959786
v -0.4059970 -0.1804280 0.4104444
vn -0.1588949 -0.0396883 0.9864975
v -0.3804924 -0.1557981 0.4205585
vn -0.9747486 -0.1079808 0.1954617
v -0.8329651 0.0835163 0.1763826
vn -0.9127780 0.2046789 -0.3534729
v -0.8383937 0.0016453 0.0343555
vn -0.5457450 0.0423342 0.8368813
v -0.2166842 -0.1591609 0.5374225
vn 0.0923367 -0.1032903 0.9903560
v -0.1642814 -0.1661962 0.5561115
vn -0.0705558 0.0931858 0.9931456
v -0.1199350 -0.1404155 0.5536357
vn -0.1048293 0.5184560 0.8486544
v -0.0719668 0.1661563 0.3797762
vn 0.0183846 0.3415139 0.9396969
v -0.0207387 0.1129725 0.4102556
vn -0.0588515 0.0230694 0.9980001
v -0.7320050 0.2463306 0.5132212
vn 0.0511333 0.2951939 0.9540681
v -0.7449444 0.3111736 0.5071799
vn 0.1617522 0.9810008 0.1071153
v -0.5908870 0.5408915 0.2176833
vn 0.1774531 0.9613389 0.2105659
v -0.3629034 0.2677336 0.1481143
vn 0.0076915 0.9437047 0.3306996
v -0.0198345 0.0114815 0.4410881
vn -0.2424785 -0.2227262 0.9442443
v -0.6283109 -0.1469086 0.4265302
vn -0.1508009 -0.1140347 0.9819649
v -0.5593798 -0.1527726 0.4271680
vn 0.3671469 -0.1313240 0.9208459
v -0.4416213 -0.1426828 0.4269115
vn 0.3588902 -0.1492861 0.9213639
v -0.3385810 -0.1629832 0.4148586
vn -0.6571916 -0.1112363 0.7454702
v -0.2898507 -0.1386778 0.4229051
vn -0.9713889 0.1474123 -0.1862075
v -0.8593649 -0.0052006 0.0925210
vn -0.2841324 0.0455956 0.9577003
v -0.1849903 -0.1573120 0.5531485
vn -0.8444524 0.3038926 -0.4410775
v -0.8071358 0.0725084 0.0073270
vn 0.2471914 -0.2914113 0.9241082
v -0.6778147 0.1755272 0.5096136
vn -0.4297046 0.8487131 0.3082857
v -0.3434503 0.7367457 -0.0470577
vn 0.2118191 0.0990454 0.9722771
v -0.6847616 0.2203916 0.5150343
vn 0.9774811 0.2008323 -0.0647849
v 0.4363306 -0.0591299 0.0602640
vn -0.0707703 -0.0301210 0.9970378
v -0.5183388 -0.1392138 0.4382511
vn 0.1804457 -0.0376022 0.9828659
v -0.4737151 -0.1307563 0.4384404
vn 0.1123914 0.0221649 0.9934168
v -0.3552307 -0.1320906 0.4216271
vn -0.0261912 0.1514154 0.9881232
v -0.1051107 -0.1055718 0.5478130
vn 0.0039758 0.1077484 0.9941703
v -0.0371717 -0.1446183 0.5529609
vn 0.5223492 0.3297975 0.7863746
v -0.4739010 0.1736849 0.3053131
vn -0.0655672 0.7202923 0.6905649
v -0.4148745 0.1799395 0.2962606
vn 0.0848699 0.9786462 0.1872130
v -0.5576646 0.5401216 0.1255141
vn -0.1304314 0.9544356 -0.2684036
v -0.2456676 0.2414772 0.0012458
vn 0.4312122 0.8972076 0.0952606
v 0.1838005 0.2669668 0.1719516
vn 0.0161718 -0.1206496 0.9925635
v -0.5752020 -0.1053908 0.4360936
vn 0.0164255 -0.0653130 0.9977297
v -0.5503802 -0.1125834 0.4320684
vn 0.0048205 0.9937524 -0.1115031
v 0.0345764 0.3059061 0.0696891
vn -0.1511839 0.1941250 0.9692569
v -0.1612861 -0.1206537 0.5485448
vn 0.0521415 0.1084496 0.9927336
v -0.0821551 -0.1523266 0.5568978
vn 0.1405076 0.1825305 0.9731086
v 0.0339118 -0.1296173 0.5515140
vn -0.2547043 0.8004170 0.5426401
v -0.2745441 0.7826748 -0.0758603
vn -0.4050926 -0.3859832 0.8288046
v -0.7401993 0.1642827 0.4977727
vn 0.4226286 0.2569382 0.8691190
v 0.1727525 -0.0855421 0.4709318
vn 0.0174950 0.6415614 0.7668721
v -0.3900068 0.1638491 0.3138086
vn 0.0616924 0.9930971 0.0997613
v 0.0571404 0.3060943 0.1626434
vn -0.9503106 0.0211628 -0.3105832
v -0.8292536 -0.0777816 -0.0004541
vn 0.0408311 0.1747912 0.9837585
v -0.4869730 -0.1053987 0.4368545
vn 0.3832715 0.1278727 0.9147413
v -0.4295664 -0.1169043 0.4203194
vn 0.0303069 0.0274542 0.9991635
v -0.4065797 -0.1260210 0.4112031
vn -0.1034990 -0.2628611 0.9592664
v -0.3195923 -0.1311061 0.4114517
vn -0.3898938 0.0395612 0.9200097
v -0.2826958 -0.0898469 0.4276569
vn 0.1170907 0.0986282 0.9882117
v -0.0666710 -0.1480494 0.5526766
vn 0.0187657 0.2056547 0.9784447
v -0.0640090 -0.0902153 0.5498844
vn 0.0867581 0.2144747 0.9728688
v -0.0120255 -0.1029962 0.5467170
vn 0.2580783 0.4058914 0.8767256
v 0.0909479 -0.0910582 0.5241146
vn 0.8431828 0.4033461 -0.3554642
v 0.3885829 0.0248350 -0.0193820
vn -0.6680964 -0.4307857 -0.6066885
v -0.8335998 0.1442521 0.0213671
vn -0.9992439 0.0104452 -0.0374526
v -0.8651966 -0.0397782 0.1376149
vn 0.6359704 0.6895779 0.3464448
v -0.6489994 0.5544056 -0.0599694
vn 0.0263302 0.1405191 0.9897278
v -0.5117547 -0.0853980 0.4308691
vn -0.0315471 -0.0939704 0.9950751
v -0.3552310 -0.1049899 0.4187188
vn -0.0656229 0.2067977 0.9761805
v -0.1317303 -0.0962799 0.5478989
vn 0.5159874 0.7968853 0.3142149
v 0.2256114 0.2299648 0.2404705
vn 0.2738043 0.9404704 -0.2013620
v -0.3582171 0.2649269 0.0034294
vn -0.0855197 0.9955943 -0.0384490
v -0.7124619 0.5450829 0.1388231
vn -0.3496310 0.1609941 0.9229513
v -0.6341136 -0.0841520 0.4262597
vn 0.0014204 0.1266345 0.9919484
v -0.5703565 -0.0745980 0.4382782
vn -0.1465433 -0.2674143 0.9523732
v -0.3213368 -0.1080194 0.4224406
vn -0.0515171 -0.1655295 0.9848583
v -0.3077644 -0.0872401 0.4270464
vn -0.4133956 0.3263685 0.8500516
v -0.1935641 -0.1132540 0.5374094
vn -0.0830994 0.3903200 0.9169214
v -0.1084096 -0.0713529 0.5423970
vn 0.8605512 0.5078996 0.0385958
v 0.3780804 0.0825956 0.1270533
vn 0.6213048 0.7287855 0.2878407
v 0.2772220 0.1918894 0.2372973
vn 0.4944263 0.8168338 0.2971957
v -0.6664787 0.5489271 -0.0190604
vn -0.2092737 0.1176579 0.9707530
v -0.6053309 -0.0833356 0.4359141
vn 0.6973239 0.7050034 0.1292662
v 0.2943224 0.1848168 0.2012940
vn -0.2321976 0.4405565 0.8671761
v -0.1473431 -0.0766182 0.5396124
vn 0.0367103 0.4238059 0.9050089
v -0.0543523 -0.0629551 0.5403510
vn 0.2274236 0.3919746 0.8914227
v 0.0463942 -0.0782315 0.5289583
vn -0.3147676 0.1290668 0.9403527
v -0.6601194 -0.0712513 0.4097926
vn 0.1836218 0.1598108 0.9699194
v -0.5377418 -0.0730827 0.4355684
vn -0.0501181 0.1738767 0.9834913
v -0.5017527 -0.0414680 0.4247667
vn 0.1803692 0.1336361 0.9744785
v -0.4718607 -0.0837511 0.4297846
vn 0.3045034 0.0629917 0.9504261
v -0.4390157 -0.0845415 0.4181457
vn 0.2858971 0.0787229 0.9550213
v -0.4303439 -0.0472415 0.4154361
vn -0.2298915 0.0357632 0.9725590
v -0.3811922 -0.0981195 0.4174218
vn -0.1891815 0.0036393 0.9819354
v -0.3445710 -0.0689257 0.4276751
vn 0.1571357 0.3674150 0.9166868
v -0.0011839 -0.0632823 0.5355632
vn 0.2429171 0.5956256 0.7656510
v 0.0919423 -0.0412144 0.4921777
vn 0.2755447 0.2100820 0.9380516
v 0.2072870 -0.0811304 0.4644586
vn 0.9759724 -0.2177242 -0.0086052
v -0.0868433 0.6720591 -0.2192923
vn -0.0882864 0.9903443 0.1068816
v -0.7059108 0.5440283 0.2167387
vn 0.7012333 0.7106438 -0.0570725
v -0.6260707 0.5159427 -0.0196938
vn -0.2056690 0.1584522 0.9657087
v -0.6706193 -0.0435449 0.4072816
vn -0.0904405 0.3018635 0.9490516
v -0.5811818 -0.0405469 0.4271466
vn -0.0190015 0.0518342 0.9984750
v -0.2826937 -0.0527519 0.4333084
vn -0.4022428 0.3580202 0.8426282
v -0.2567823 -0.0624283 0.4347994
vn -0.2380563 0.6670716 0.7059354
v -0.1391541 -0.0498787 0.5219816
vn -0.0880983 0.6388627 0.7642599
v -0.0857425 -0.0420227 0.5263559
vn 0.0937107 0.6441263 0.7591572
v -0.0117834 -0.0342743 0.5202647
vn 0.2575254 0.5832971 0.7703540
v 0.0391330 -0.0379904 0.5117656
vn -0.0638392 0.7677559 0.6375542
v -0.0444892 0.2372247 0.3235898
vn -0.2026524 0.5797489 0.7891915
v -0.7582836 0.3821856 0.4672236
vn 0.2557562 0.9660051 0.0377212
v 0.1041634 0.3001230 0.1386486
vn 0.0447800 0.2581420 0.9650686
v -0.5474093 -0.0331100 0.4221590
vn -0.2365155 0.1883687 0.9531934
v -0.3509189 -0.0391672 0.4213122
vn -0.4016210 0.3542422 0.8445195
v -0.2356927 -0.0375158 0.4295703
vn 0.2115533 0.8062577 0.5524434
v 0.1055255 0.2570512 0.2886424
vn -0.0459810 0.7746025 0.6307747
v -0.0566734 -0.0231714 0.5098987
vn 0.2362346 0.2429560 0.9408324
v 0.1640906 -0.0255264 0.4586346
vn -0.2454272 0.2641281 0.9327390
v -0.6499645 -0.0055405 0.4021084
vn 0.0247199 0.2838613 0.9585466
v -0.5316559 -0.0010271 0.4152692
vn 0.1129196 0.2085835 0.9714639
v -0.4700139 -0.0318481 0.4271392
vn 0.4883173 0.8586813 0.1556042
v -0.5352792 0.5285960 0.1562329
vn -0.9811168 -0.1120310 0.1576669
v -0.9110985 0.2158485 0.2278479
vn 0.2315068 0.4622618 0.8559899
v 0.1280265 -0.0290876 0.4712916
vn 0.2419961 0.2615275 0.9343668
v 0.1995301 -0.0304001 0.4540916
vn 0.0832743 0.5844113 0.8071734
v 0.0709881 0.2052874 0.3477727
vn -0.2135436 0.9663185 -0.1436235
v -0.1304518 0.2811049 0.0577059
vn -0.3335868 0.8728862 0.3560753
v -0.1944194 0.2445719 0.2280397
vn 0.3012631 0.8599138 0.4120545
v -0.6712955 0.6288919 -0.1664616
vn -0.2192438 0.2578379 0.9409845
v -0.6189904 -0.0184493 0.4114999
vn 0.0176038 0.3480166 0.9373230
v -0.5026741 -0.0003790 0.4129621
vn 0.1737004 0.1619321 0.9713939
v -0.4252813 -0.0031092 0.4097413
vn 0.0148602 0.3676359 0.9298511
v -0.3841691 0.0232650 0.3922526
vn -0.2059403 0.3788314 0.9022613
v -0.3473673 0.0006080 0.4092809
vn -0.0341688 0.2043559 0.9783002
v -0.2984122 -0.0273821 0.4316669
vn 0.0280904 0.2263432 0.9736425
v -0.2739967 -0.0189907 0.4230617
vn -0.1739281 0.1559136 0.9723374
v -0.2477060 -0.0099926 0.4274083
vn -0.7343364 -0.6103477 0.2970281
v -0.8240241 0.1065985 0.2372176
vn 0.1059084 0.6573395 0.7461154
v 0.0695440 -0.0085809 0.4680951
vn -0.0886413 0.5278141 0.8447219
v 0.0933002 0.0129619 0.4579787
vn 0.1200146 0.4032998 0.9071636
v 0.1303864 0.0098332 0.4587638
vn 0.1370962 0.9903520 -0.0201871
v 0.0748165 0.3067297 0.1129450
vn 0.0665755 0.5001928 0.8633510
v 0.0078215 0.1603463 0.3883194
vn -0.1508192 0.8929918 0.4240509
v -0.7023679 0.6373981 -0.1760689
vn -0.1422978 0.9890079 -0.0401850
v -0.0541470 0.2998825 0.1016639
vn -0.1380761 0.9578182 0.2520305
v -0.2542909 0.2459574 0.1681464
vn 0.0281779 0.3262789 0.9448535
v -0.4600799 0.0102935 0.4094099
vn 0.0741916 0.2073594 0.9754474
v -0.4008221 -0.0116229 0.4038944
vn -0.1941628 0.4743367 0.8586649
v -0.3246543 0.0395596 0.3938341
vn -0.1165341 0.3332214 0.9356192
v -0.2210978 0.0299721 0.4209684
vn -0.1635952 0.3649025 0.9165603
v -0.2161841 -0.0148826 0.4327742
vn -0.1289823 0.5291919 0.8386415
v -0.1824304 -0.0074812 0.4300996
vn -0.4869638 -0.4152227 0.7684116
v -0.6905844 -0.2143625 0.3679520
vn -0.0810695 -0.2764924 0.9575906
v -0.7057378 0.1790425 0.5127113
vn -0.0249903 0.1124490 -0.9933432
v -0.6618985 0.3406281 -0.0805880
vn -0.5475933 0.3655902 -0.7526522
v -0.7220049 0.0784414 -0.0874686
vn 0.7602826 0.5428035 0.3568399
v -0.6279900 0.5681889 -0.1217651
vn -0.3019221 0.8258318 0.4762824
v -0.7630713 0.4948162 0.3398306
vn -0.5465618 0.2466667 0.8002661
v -0.7164919 -0.0029441 0.3706294
vn -0.3716623 0.3164688 0.8727627
v -0.6811416 0.0119945 0.3847086
vn -0.0679793 0.3127229 0.9474087
v -0.5709499 0.0064341 0.4130447
vn -0.0880691 0.4203684 0.9030694
v -0.4755179 0.0461435 0.3896133
vn -0.1398639 0.4035349 0.9042111
v -0.2818187 0.0215260 0.4121546
vn -0.1081534 0.6034265 0.7900503
v -0.1121402 0.0128682 0.4272224
vn -0.1393100 0.6967624 0.7036440
v 0.0497396 0.0182909 0.4391264
vn 0.0944289 0.4284803 0.8986033
v -0.4978341 0.0504674 0.3900562
vn 0.0283202 0.2653356 0.9637401
v -0.1954593 0.0231715 0.4224805
vn 0.0572098 0.3887000 0.9195865
v 0.0411022 0.0530781 0.4114826
vn 0.2184620 0.5831250 0.7824575
v 0.1627309 0.0350719 0.4378142
vn -0.2087960 0.9631898 -0.1693217
v -0.2480782 0.2501912 0.0440233
vn -0.2459306 0.0213417 0.9690525
v -0.6974315 0.0543293 0.3627552
vn -0.2213696 0.3685792 0.9028538
v -0.6282376 0.0383649 0.3929622
vn -0.0693351 0.4341479 0.8981694
v -0.5863572 0.0476116 0.3954620
vn 0.0421538 0.4150869 0.9088047
v -0.5346990 0.0377698 0.4013621
vn 0.1582564 0.3408095 0.9267167
v -0.4277210 0.0441825 0.3996539
vn -0.0633390 0.2341538 0.9701341
v -0.1499750 0.0446082 0.4149230
vn -0.0390578 0.1371917 0.9897742
v -0.0737854 0.0318858 0.4225721
vn -0.1743610 -0.0100092 0.9846309
v -0.0754518 0.0523893 0.4236822
vn -0.1388159 0.7182710 0.6817749
v 0.0939324 0.0530552 0.4215395
vn 0.6509477 0.5926443 0.4743837
v 0.2929287 0.1526439 0.2773120
vn -0.1375493 0.4057066 0.9035941
v -0.4591759 0.0638978 0.3883009
vn 0.1901079 0.3960096 0.8983516
v -0.3768286 0.0684779 0.3697588
vn -0.2228016 0.4400208 0.8699088
v -0.2500913 0.0436972 0.4080409
vn -0.0481413 0.3041800 0.9513974
v -0.1745748 0.0511616 0.4137959
vn -0.1622917 0.3097771 0.9368562
v -0.1467528 0.0805344 0.4094223
vn 0.0263057 0.0782941 0.9965832
v -0.0376853 0.0571803 0.4258257
vn 0.1534503 0.1283313 0.9797878
v 0.0002593 0.0456330 0.4232031
vn -0.0401813 0.6644586 0.7462441
v 0.1158006 0.0414661 0.4388683
vn 0.0911229 0.6127900 0.7849745
v 0.1450604 0.0727181 0.4042169
vn 0.6097903 0.7802992 0.1388849
v 0.2560730 0.2180581 0.1971985
vn -0.1310097 0.4910415 0.8612286
v -0.3502109 0.0637608 0.3735988
vn -0.2127085 0.4614136 0.8613087
v -0.2042429 0.0925743 0.3936149
vn -0.1360078 0.1556547 0.9784036
v -0.1239354 0.0466354 0.4202041
vn 0.2581536 0.1879681 0.9476417
v 0.0510907 0.0936742 0.4028924
vn 0.0408128 0.5353149 0.8436660
v 0.0864309 0.0711469 0.3987201
vn -0.2060090 0.6997134 0.6840771
v -0.5011594 0.5884925 0.0690465
vn 0.2798435 0.2810639 0.9179819
v -0.5239911 0.1427912 0.3368539
vn 0.3269049 0.9319908 0.1566091
v 0.1278646 0.2884166 0.1903491
vn 0.0936682 -0.3018689 0.9487368
v -0.6707537 0.0861451 0.3626062
vn -0.2066603 0.3239043 0.9232430
v -0.6544024 0.0734187 0.3675428
vn 0.1037980 0.1321971 0.9857738
v -0.6166157 0.1027233 0.3633022
vn -0.0104062 0.5223511 0.8526670
v -0.4906192 0.0922255 0.3702414
vn -0.0833866 0.2047802 0.9752496
v -0.0908127 0.0742568 0.4200966
vn 0.1489740 0.2055364 0.9672443
v 0.0113691 0.0925978 0.4124421
vn 0.1854668 0.3015256 0.9352456
v 0.0947610 0.0995064 0.3861717
vn 0.3005413 0.5345303 0.7899065
v 0.1946190 0.0732866 0.3898302
vn 0.1542455 0.2154187 -0.9642630
v -0.0269460 0.0582780 -0.2171224
vn -0.0265161 0.5096061 0.8599992
v -0.5316818 0.0772909 0.3811368
vn 0.0140859 0.5619329 0.8270630
v -0.4443829 0.0899502 0.3746549
vn 0.2069020 0.4442830 0.8716675
v -0.4091720 0.0737216 0.3814447
vn -0.1770023 0.5327513 0.8275543
v -0.3109184 0.0891148 0.3683576
vn -0.0813214 0.6738995 0.7343339
v -0.2974704 0.1568653 0.3176621
vn -0.1619623 0.3627250 0.9177139
v -0.1122261 0.0975452 0.4106298
vn -0.4261408 0.3996742 -0.8115816
v -0.2844979 -0.0636163 -0.2410285
vn -0.7411034 -0.0226381 -0.6710092
v -0.7738203 -0.0741195 -0.0910660
vn 0.0559796 0.6287777 0.7755675
v -0.4814161 0.1321931 0.3395021
vn 0.3772141 0.2261376 0.8980932
v -0.4226998 0.6009952 0.0557944
vn 0.0023400 0.5024631 0.8645955
v -0.5605378 0.0936245 0.3673418
vn 0.0643298 0.6012435 0.7964723
v -0.4011155 0.1208495 0.3468062
vn -0.2769539 0.6453209 0.7119393
v -0.2410089 0.1564267 0.3296104
vn -0.2753528 0.5699359 0.7741796
v -0.2018735 0.1387114 0.3661367
vn -0.0692252 0.4068020 0.9108897
v -0.0730086 0.1168904 0.4064182
vn 0.1987509 0.3083249 0.9302871
v 0.0364147 0.1223751 0.4011496
vn 0.9571844 0.2456568 0.1531367
v -0.6074046 0.5041378 -0.0893019
vn 0.2749783 -0.0378447 0.9607053
v -0.5722762 0.1301333 0.3502984
vn -0.0468674 -0.0164123 -0.9987663
v -0.4938064 -0.0565957 -0.2103809
vn -0.5655959 -0.1421761 -0.8123345
v -0.7148660 -0.1486105 -0.1465059
vn -0.2313200 0.1448247 -0.9620379
v -0.6974729 0.3394959 -0.0750122
vn -0.3423204 -0.4317193 -0.8345270
v -0.1876350 0.6831434 -0.2029673
vn -0.1916779 -0.0956395 -0.9767870
v -0.5368400 0.4766871 -0.0189503
vn 0.4163607 -0.5111600 0.7519037
v 0.1613355 -0.6068327 0.4157078
vn 0.6132625 -0.1658695 0.7722671
v -0.5053905 0.1740506 0.3264658
vn -0.3460375 0.1278798 -0.9294648
v -0.6690035 -0.0648480 -0.1593794
vn 0.5355483 0.6061689 0.5880029
v 0.2569542 0.1670284 0.2984155
vn 0.0789472 -0.3331059 0.9395786
v -0.2279044 -0.6062497 0.5234438
vn 0.2825702 -0.0245131 0.9589334
v -0.0713220 -0.5873834 0.4730249
vn 0.2477846 -0.1115597 0.9623706
v 0.1279459 -0.5925590 0.4302174
vn 0.4610042 -0.1573760 0.8733315
v 0.1883937 -0.5697803 0.4122320
vn 0.5476813 0.2498109 0.7985235
v -0.6182739 0.4563079 0.3720456
vn 0.1882008 -0.4846902 0.8541989
v -0.4793090 -0.6153407 0.4442729
vn 0.2645877 -0.3048381 0.9149137
v -0.4188309 -0.6135053 0.4257790
vn 0.0275590 0.9952329 -0.0935518
v -0.2808135 0.2495791 0.0750368
vn 0.2545955 0.0407850 0.9661872
v -0.0167664 -0.5826620 0.4569135
vn 0.4090909 -0.9101685 -0.0650995
v -0.3031544 0.5208354 -0.0451848
vn 0.1392897 0.2767942 -0.9507805
v 0.0249634 0.0747178 -0.1992086
vn 0.7782065 -0.0080178 0.6279573
v -0.5491356 0.4389011 0.3068490
vn -0.1429215 -0.0821679 0.9863174
v -0.5458683 -0.6000027 0.4526283
vn 0.1925374 0.0756566 0.9783688
v -0.4927011 -0.5939202 0.4474707
vn 0.7710893 0.4837068 0.4140640
v -0.4928526 0.3395134 0.2666777
vn -0.1419193 0.0128868 0.9897944
v -0.2479460 -0.5886180 0.5236046
vn 0.1335202 0.1056450 0.9853991
v -0.2179256 -0.5716510 0.5219094
vn 0.3123524 -0.0241094 0.9496603
v -0.1703219 -0.5881302 0.5066097
vn 0.3763453 0.5268940 0.7620675
v -0.1905631 0.6626524 -0.1258800
vn 0.4339166 0.2746560 0.8580679
v 0.2298936 -0.0437368 0.4480623
vn 0.2498732 0.0305815 0.9677956
v 0.1425403 -0.5513381 0.4303029
vn 0.6668147 -0.3791877 0.6415411
v 0.2097010 -0.5760424 0.3948826
vn -0.2546140 0.0682882 -0.9646286
v -0.6193693 -0.0925649 -0.1822855
vn 0.3547468 0.4235974 0.8334987
v 0.1964352 0.0065019 0.4423893
vn -0.0915443 0.1263671 -0.9877505
v -0.3521383 -0.0591299 -0.2275208
vn 0.3170164 0.1699495 0.9330691
v -0.1448303 -0.5527450 0.4969527
vn 0.5787267 -0.0316281 0.8149081
v -0.5542887 0.2286745 0.3889373
vn 0.7016210 0.0219708 0.7122116
v -0.5237126 0.2284635 0.3632698
vn 0.6115991 -0.0184584 0.7909524
v 0.2187290 -0.5425916 0.3954446
vn 0.6707214 -0.5665306 0.4787231
v 0.2785254 -0.5451959 0.3108844
vn 0.3691378 0.5406035 0.7559664
v -0.4134220 0.5561497 0.0502866
vn 0.2136152 -0.2839515 0.9347407
v 0.0891651 -0.5377247 0.4355923
vn 0.3562469 -0.0434016 0.9333833
v 0.1454784 -0.5219597 0.4233767
vn -0.3771261 0.1912350 -0.9062037
v -0.6163729 0.0267247 -0.1690302
vn -0.1803040 -0.3971311 -0.8998764
v -0.3293755 0.5968968 -0.1332853
vn -0.8007447 -0.5824970 0.1396607
v -0.7945853 -0.2333429 0.1599256
vn 0.7050658 0.2114043 0.6768976
v -0.6409490 0.2283861 0.4893289
vn 0.2747166 0.4813255 0.8323801
v -0.1499437 -0.5265298 0.4896877
vn 0.3855451 0.1255258 0.9141107
v 0.1829864 -0.5365209 0.4157970
vn 0.5909003 -0.1889402 0.7843077
v 0.2496320 -0.5164415 0.3700447
vn 0.7259575 -0.4085001 0.5532751
v 0.2636199 -0.5336384 0.3495041
vn 0.5365680 0.2508569 0.8057082
v -0.4379502 0.5530144 0.0696416
vn 0.3843710 0.4506798 0.8056964
v 0.2306253 0.0620574 0.3806871
vn 0.4917000 -0.1321713 0.8606753
v 0.2091336 -0.4990336 0.3934129
vn 0.3472371 -0.4646904 0.8145486
v 0.4232945 -0.4924944 0.3030121
vn 0.5455397 -0.5699691 0.6144279
v 0.4647625 -0.4908872 0.2722895
vn 0.6300831 -0.6885311 0.3590546
v 0.5091199 -0.5034196 0.2049630
vn 0.0750837 0.6721300 0.7366164
v -0.5096937 -0.5319461 0.4267544
vn 0.7613338 -0.2740990 0.5875717
v -0.2907170 0.7041429 -0.0614830
vn 0.5060683 -0.4672262 0.7249790
v -0.3336062 0.5290788 0.0159558
vn 0.4208100 -0.5693807 0.7062044
v 0.1027626 -0.5127179 0.4492677
vn 0.4666186 -0.4423699 0.7658824
v 0.1618670 -0.4960203 0.4222627
vn 0.5430148 0.1919645 0.8174868
v 0.2786852 -0.0736052 0.4245970
vn 0.5089527 0.3373821 0.7919220
v -0.5794412 0.2659994 0.3941558
vn 0.2855976 0.3755641 0.8816948
v -0.3553004 0.5633602 0.0404700
vn 0.5780123 0.2608289 0.7732206
v -0.3662566 0.6018023 0.0023865
vn 0.6085410 0.2838828 0.7410050
v -0.2131468 0.8095441 -0.1169282
vn 0.7104480 0.0337535 0.7029397
v -0.2355447 0.7852061 -0.0950430
vn 0.6178167 -0.2903193 0.7307649
v -0.4338989 0.4909396 0.0739096
vn 0.4775489 -0.3330358 0.8130401
v 0.2609909 -0.4681897 0.3746349
vn 0.5045096 -0.3303674 0.7977014
v 0.4614848 -0.4543337 0.2977324
vn 0.6099595 -0.6084141 0.5077222
v 0.4998458 -0.4919755 0.2334502
vn 0.5627228 -0.6918749 0.4523851
v -0.6525977 0.1401189 0.4643880
vn 0.7088817 -0.6442295 0.2871501
v -0.1571694 0.5855160 -0.0937031
vn 0.8557913 0.4862987 0.1764507
v -0.6180068 0.6591040 -0.3937609
vn 0.5846440 -0.5653473 0.5818710
v -0.4027987 0.4854467 0.0438952
vn 0.6730142 0.0834532 0.7349064
v -0.3403268 0.6302087 -0.0259185
vn 0.9051798 0.3200770 0.2796433
v 0.3994488 -0.0024200 0.2346855
vn 0.4508563 -0.4493658 0.7712321
v 0.1358787 -0.4565292 0.4697808
vn 0.4605865 -0.6055009 0.6490214
v 0.1877544 -0.4681557 0.4330930
vn 0.5229804 -0.4766634 0.7066000
v 0.2289067 -0.4666755 0.3968820
vn 0.6179910 -0.3763695 0.6902413
v 0.3311901 -0.4622630 0.3166864
vn 0.7598319 -0.4146635 0.5007092
v 0.5409670 -0.4505017 0.2242637
vn 0.5340178 -0.7869385 0.3091161
v -0.3860998 0.4783614 0.0154846
vn 0.8445713 0.2343877 0.4814164
v -0.4542637 0.2538776 0.2608820
vn -0.6881298 0.5687346 -0.4505755
v -0.2678704 -0.0934436 -0.3085037
vn 0.4464940 -0.3422855 0.8267308
v 0.1856605 -0.4309821 0.4613534
vn 0.5927987 -0.4386448 0.6754113
v 0.2115827 -0.4429597 0.4360275
vn 0.6191064 -0.3946188 0.6789575
v 0.3024597 -0.4532430 0.3568620
vn 0.3405955 -0.0854678 0.9363172
v 0.4510962 -0.4353061 0.3091355
vn 0.6264342 -0.3831147 0.6788250
v 0.5010054 -0.4492518 0.2699841
vn 0.1802757 0.7914975 0.5839798
v -0.2829179 0.5960696 -0.0203399
vn 0.3940072 0.5008048 0.7706834
v -0.6641639 0.4339572 0.4161045
vn 0.8592991 0.1521291 0.4883256
v -0.5420567 0.4858880 0.2887451
vn 0.9730269 0.2253932 0.0491586
v 0.4323093 -0.0477998 0.1162487
vn 0.3668002 0.3070225 0.8781770
v -0.4041406 0.5420924 0.0624019
vn 0.4292724 0.1809006 0.8848730
v -0.6609598 0.2237619 0.5069424
vn -0.2676803 0.1947680 -0.9436168
v -0.6198292 -0.0409628 -0.1751228
vn 0.7560742 0.2865517 0.5884215
v -0.1777187 0.8284033 -0.1656657
vn 0.4355437 -0.1727518 0.8834357
v 0.1135485 -0.4163665 0.5018786
vn 0.5998144 -0.3418990 0.7234139
v -0.5740107 0.1956247 0.3919997
vn 0.9250205 -0.2024694 0.3214708
v 0.5712720 -0.4040051 0.1959612
vn 0.9408125 0.3089005 0.1394717
v 0.4209973 -0.0227927 0.1673892
vn 0.4403751 0.3066085 0.8438371
v -0.2541755 0.5789546 -0.0050121
vn 0.4397840 -0.2233726 0.8698820
v 0.1440918 -0.4195369 0.4787610
vn 0.5959994 -0.4160443 0.6867983
v 0.2347866 -0.4329923 0.4165416
vn 0.5380523 -0.3742970 0.7552493
v 0.2798990 -0.4217134 0.3904600
vn 0.7926615 0.3093632 0.5253399
v -0.4786158 0.2875880 0.2925311
vn 0.8738970 0.2344000 0.4258646
v 0.3946732 -0.0442464 0.2770501
vn 0.3331974 -0.1276876 0.9341710
v 0.1718377 -0.4012324 0.4723991
vn 0.6467164 -0.3315956 0.6868787
v 0.3245747 -0.3986081 0.3703711
vn 0.7179018 -0.3300984 0.6129047
v 0.3517520 -0.4132909 0.3248417
vn 0.8425264 0.0402906 0.5371462
v -0.6207013 0.2193737 0.4641201
vn 0.8234997 0.0841750 0.5610372
v -0.6324906 0.3902354 0.3993539
vn 0.4818486 -0.0958891 0.8709921
v 0.4911214 -0.4102783 0.2900381
vn 0.8007889 -0.2543711 0.5422476
v 0.5478735 -0.4135388 0.2348419
vn 0.8071945 -0.0539655 0.5878136
v -0.4770899 0.4774592 0.1089919
vn 0.6228322 0.2784548 0.7311245
v -0.6744095 0.3352830 0.4666035
vn 0.2906941 0.0014208 0.9568150
v 0.1888743 -0.3842179 0.4696093
vn 0.5850586 -0.1800892 0.7907429
v 0.2611566 -0.3847107 0.4200951
vn 0.8364395 -0.0643183 0.5442721
v 0.5576153 -0.3707879 0.2339705
vn 0.5713850 0.2716926 0.7744046
v -0.5502400 0.2560731 0.3811563
vn 0.4403653 0.5226427 0.7300158
v 0.2268890 0.1625643 0.3242212
vn 0.5504838 0.2219931 0.8047898
v -0.5636014 0.3780757 0.3184225
vn 0.3168971 -0.3431596 0.8842046
v 0.0624504 -0.3813791 0.5295853
vn 0.3943162 -0.1839713 0.9003718
v 0.1006001 -0.3923518 0.5073920
vn 0.5902478 -0.2142130 0.7782804
v 0.2241306 -0.3972635 0.4434580
vn 0.5808345 -0.1403208 0.8018363
v 0.3194173 -0.3671058 0.3845866
vn 0.7792563 0.3261282 0.5351636
v -0.6220857 0.2565154 0.4509903
vn 0.4419293 -0.4232037 0.7909470
v -0.5513508 0.1534521 0.3528139
vn 0.6795018 -0.1741032 0.7127169
v 0.5264099 -0.4002743 0.2673352
vn 0.7034074 -0.0772863 0.7065727
v -0.2913240 0.6802641 -0.0711446
vn 0.1676531 0.7239542 0.6691658
v -0.3584424 0.5811769 0.0155613
vn 0.6150402 0.3639190 0.6994917
v -0.5416961 0.3631474 0.3090753
vn 0.6537027 0.2734243 0.7056288
v -0.6542615 0.4036776 0.4240947
vn 0.4543740 -0.2227054 0.8625234
v 0.0965895 -0.3578110 0.5221337
vn 0.4813853 -0.1770510 0.8584412
v 0.1403865 -0.3708852 0.4882169
vn 0.5432723 -0.1280238 0.8297381
v 0.2905248 -0.3632795 0.4016436
vn 0.7979226 -0.2568496 0.5452961
v 0.3627162 -0.3739805 0.3322331
vn 0.5759795 0.0796473 0.8135748
v 0.5215031 -0.3708015 0.2732857
vn 0.9180344 0.0096814 0.3963826
v 0.5715410 -0.3540066 0.2084487
vn 0.7409898 -0.1796770 0.6470320
v -0.2355618 0.7461910 -0.1132994
vn 0.5413341 0.4851572 0.6867168
v -0.1281273 0.6431245 -0.1365085
vn 0.8817827 0.4405214 0.1685238
v 0.3791467 0.0671450 0.1977020
vn 0.7385890 0.0407757 0.6729217
v -0.1737149 0.7833883 -0.1750147
vn 0.5488591 -0.0456050 0.8346700
v 0.2117411 -0.3757858 0.4571017
vn 0.7295861 -0.1927660 0.6561596
v 0.3416660 -0.3684959 0.3635558
vn 0.6111584 0.3655231 0.7020530
v -0.6007921 0.3504533 0.3548062
vn 0.7576008 0.1321773 0.6391950
v 0.5493127 -0.3485703 0.2444530
vn 0.2193742 0.6290748 0.7457479
v -0.3170940 0.5775352 0.0212325
vn 0.4163905 -0.1240250 0.9006869
v 0.1083932 -0.3206024 0.5218722
vn 0.5045047 -0.2378179 0.8300107
v 0.1249000 -0.3436164 0.5069742
vn 0.5130003 -0.0846672 0.8542027
v 0.1945771 -0.3470218 0.4632628
vn 0.6859065 -0.0246207 0.7272731
v 0.3477566 -0.3197759 0.3652512
vn 0.8602071 -0.1149248 0.4968261
v 0.3857999 -0.3420919 0.3063304
vn 0.7745190 0.3011024 0.5562893
v -0.6448442 0.3128299 0.4396865
vn 0.6011906 0.1282354 0.7887494
v -0.4021814 0.5803679 0.0341985
vn 0.7063198 0.4087151 0.5779830
v 0.3194581 0.0765228 0.3085490
vn 0.5469270 -0.0007963 0.8371800
v 0.2385173 -0.3485377 0.4370154
vn 0.6059718 0.0035940 0.7954780
v 0.2524052 -0.3068405 0.4244288
vn 0.5729553 -0.0287999 0.8190805
v 0.3225455 -0.3160526 0.3840843
vn 0.5685524 0.2120498 0.7948479
v 0.4148879 -0.3194079 0.2609712
vn 0.5306374 0.3236234 0.7833849
v 0.5289562 -0.3388446 0.2608258
vn 0.5366457 0.4553351 0.7104093
v -0.1598127 0.6139141 -0.0894003
vn 0.6695932 0.0940846 0.7367449
v -0.1729669 0.5934964 -0.0648425
vn 0.8631918 0.3091861 -0.3991287
v 0.3975090 -0.0218079 -0.0384347
vn 0.7002124 -0.2611423 0.6644601
v 0.2260914 -0.2868448 0.4544940
vn 0.8128909 -0.0930687 0.5749318
v 0.3683593 -0.3293582 0.3396432
vn 0.1762690 0.6202126 0.7643727
v 0.0980790 0.2172257 0.3356451
vn 0.8316537 0.2915071 0.4726265
v 0.5645080 -0.3190835 0.2124862
vn 0.7960165 -0.0228753 -0.6048427
v 0.3702846 -0.1469257 -0.1399739
vn 0.7028017 0.3443507 0.6224888
v 0.3299170 -0.0260353 0.3634047
vn 0.4404406 -0.1610810 0.8832129
v -0.3031313 0.5641155 0.0184927
vn 0.6886055 0.0207546 0.7248391
v -0.5632232 0.3987634 0.3136195
vn 0.6411429 -0.1389158 0.7547438
v -0.6459548 0.1911089 0.4977812
vn 0.4886929 -0.5083581 0.7090496
v -0.6582596 0.1616738 0.4945039
vn 0.4940422 -0.2205989 0.8409865
v 0.1601738 -0.3236404 0.4931375
vn 0.5210148 0.0265065 0.8531361
v 0.2838652 -0.3213212 0.4088321
vn 0.6968559 0.3570775 -0.6220028
v 0.3579599 -0.0560464 -0.1128587
vn 0.6314964 0.4477296 0.6330486
v 0.5453694 -0.3102022 0.2317231
vn 0.5913754 -0.0250688 0.8060067
v -0.5925759 0.4394146 0.3590295
vn 0.2798747 0.3026611 0.9110798
v 0.0810841 0.1316246 0.3846946
vn 0.4091484 -0.0922438 0.9077933
v 0.1141443 -0.2786759 0.5243694
vn 0.5126187 -0.1153236 0.8508365
v 0.2875279 -0.2813237 0.4026885
vn 0.7590787 -0.0532446 0.6488178
v 0.3508758 -0.2757784 0.3588051
vn 0.8432647 -0.0419407 0.5358598
v 0.3857297 -0.2847291 0.3163204
vn 0.7591935 0.0688856 0.6472094
v -0.6067619 0.3676841 0.3545899
vn 0.5549040 0.2947282 0.7779568
v -0.1528956 0.7279845 -0.1803389
vn -0.8253267 -0.5629606 0.0437169
v -0.8920094 0.1450559 0.1645153
vn -0.0112514 0.6480721 0.7614959
v -0.0091806 0.0160872 0.4281738
vn 0.4816862 -0.4803263 0.7329837
v -0.6159439 0.1256333 0.3674299
vn 0.5821664 -0.5210686 0.6241554
v -0.5906451 0.1669522 0.3833548
vn 0.5808408 -0.2233440 0.7827781
v 0.2029387 -0.2940038 0.4737412
vn 0.6436013 -0.2045792 0.7375125
v 0.2480536 -0.2822579 0.4305893
vn 0.6022021 -0.1191582 0.7894011
v 0.3188199 -0.2537363 0.3914029
vn 0.8661650 -0.0260053 0.4990810
v 0.4075439 -0.2903098 0.2737662
vn 0.6168941 0.3537456 0.7030687
v -0.5367087 0.2882231 0.3538151
vn 0.5806687 0.0275645 0.8136733
v -0.3944557 0.6246505 0.0362036
vn -0.0242014 0.7151378 0.6985644
v -0.0604668 0.0142057 0.4284827
vn 0.7903216 0.1450767 0.5952684
v -0.1062150 0.6425490 -0.1551395
vn 0.3445236 0.5870781 0.7325591
v -0.2934220 0.6258203 -0.0515194
vn 0.4810534 0.4717381 0.7389525
v 0.2524270 0.0110484 0.4034558
vn 0.6050129 -0.7266240 0.3255412
v -0.6341867 0.1309750 0.4091156
vn 0.4578296 0.3419906 0.8206306
v 0.2785654 -0.0293347 0.4085258
vn 0.4505220 -0.1464228 0.8806760
v 0.1475576 -0.2723827 0.5096448
vn 0.5576453 -0.2741320 0.7835071
v 0.2801870 -0.2480540 0.4200257
vn 0.9356802 0.0006661 0.3528486
v 0.4338048 -0.2342467 0.2238531
vn -0.8787447 0.1909185 -0.4374447
v -0.7562416 0.4821926 -0.0241875
vn 0.5526566 0.0528072 0.8317344
v -0.4456223 0.5145177 0.0870361
vn 0.9720098 0.0649571 0.2257820
v -0.5062770 0.4551656 0.1830505
vn 0.4510790 -0.8877743 0.0915667
v -0.2087414 0.5596255 -0.0663418
vn 0.4203647 -0.2336487 0.8767564
v 0.1660562 -0.2579367 0.5010331
vn 0.5998036 -0.1726386 0.7813012
v 0.2193312 -0.2377997 0.4767280
vn 0.7067444 -0.0607023 0.7048600
v 0.3429255 -0.2578358 0.3720269
vn -0.9742157 -0.1627602 0.1562463
v -0.8650551 0.3736748 0.2422813
vn 0.6642984 0.4081153 0.6262185
v -0.5144721 0.3139298 0.3188181
vn 0.5240248 -0.2188896 0.8230951
v -0.3652066 0.5391792 0.0422477
vn -0.9563761 0.2677864 0.1167701
v -0.8753852 0.3419557 0.2095965
vn 0.6934510 0.3911324 0.6050960
v -0.6125957 0.2960545 0.4028437
vn 0.3042707 -0.0687909 0.9500985
v 0.1360628 -0.2232739 0.5241843
vn 0.4346267 -0.1745186 0.8835400
v 0.1750762 -0.2314443 0.5074297
vn 0.8782126 -0.0147565 0.4780428
v 0.4080641 -0.2019110 0.2821669
vn 0.9227405 0.2708127 0.2742453
v -0.5038302 0.4065373 0.1982832
vn 0.5708958 0.4816042 0.6649327
v 0.2809671 0.1135830 0.3268171
vn 0.8482296 0.1312603 0.5131055
v -0.5291157 0.4149793 0.2801685
vn 0.6429884 -0.2518797 0.7232721
v 0.2504231 -0.2340596 0.4487324
vn 0.6061015 -0.1605564 0.7790139
v 0.3025804 -0.2304694 0.4127927
vn 0.8082498 -0.0346167 0.5878214
v 0.3716779 -0.2329635 0.3388517
vn 0.9095212 0.2871996 0.3004789
v 0.4481043 -0.2481405 0.1774402
vn 0.8557478 0.3559431 0.3754999
v -0.4607192 0.2999648 0.2467488
vn 0.6490113 0.4230710 0.6322938
v -0.1106679 0.6918398 -0.1895116
vn 0.7670654 -0.2089295 0.6065964
v -0.3542868 0.6443794 -0.0027230
vn 0.3754382 0.3020306 0.8762555
v -0.4510225 0.5745504 0.0754248
vn 0.6560963 -0.6410037 0.3983113
v -0.4405464 0.4532995 0.0546350
vn 0.8383096 0.2823959 -0.4663577
v 0.4006099 -0.0713650 -0.0721069
vn 0.7940137 0.2629406 0.5480917
v -0.6214979 0.3372911 0.3861740
vn 0.5087116 0.4626071 0.7260904
v -0.5909628 0.3097098 0.3762191
vn 0.7588136 0.1531439 0.6330473
v -0.4625269 0.2165863 0.2787443
vn 0.8207532 0.0957082 0.5632088
v -0.4788967 0.2432957 0.3072177
vn 0.4546406 0.3682259 0.8109942
v -0.6877005 0.3715168 0.4626276
vn 0.2841073 0.0294174 0.9583411
v 0.0977757 -0.2250492 0.5341944
vn 0.4122168 0.1317716 0.9015063
v 0.1730234 -0.1955781 0.5100521
vn 0.5139062 0.0771242 0.8543724
v 0.2101794 -0.1884814 0.4874869
vn 0.6201461 -0.0612813 0.7820892
v 0.2443128 -0.2032314 0.4642963
vn 0.6392269 -0.0516426 0.7672822
v 0.2985808 -0.2005771 0.4194604
vn 0.7403469 -0.1273284 0.6600560
v -0.6036566 0.3973411 0.3573669
vn 0.9529161 0.2492084 0.1727605
v -0.6009800 0.5502875 -0.1724463
vn 0.3911742 0.5988424 0.6988351
v 0.1997038 0.0427423 0.4157473
vn 0.7560484 -0.5213531 0.3957043
v -0.6148794 0.1543655 0.4115672
vn 0.2593135 0.1933893 0.9462332
v 0.1394441 -0.1900778 0.5196817
vn 0.6250733 0.0931277 0.7749908
v 0.2782240 -0.1662208 0.4304677
vn 0.9430647 0.0284501 0.3313905
v 0.4297211 -0.1730497 0.2373651
vn 0.9840289 0.0754658 0.1612206
v 0.4402767 -0.1586309 0.1904577
vn 0.7771107 -0.0153368 0.6291771
v -0.4801437 0.2019633 0.3109381
vn 0.7197666 -0.0837529 0.6891456
v -0.2820711 0.7391039 -0.0543710
vn 0.4445857 0.5125313 0.7346123
v -0.5626781 0.3186666 0.3569109
vn 0.7907147 0.2753485 -0.5467663
v 0.3770036 -0.0257043 -0.0752124
vn 0.6440004 -0.2348730 0.7280785
v -0.5290610 0.2026844 0.3620615
vn 0.4356528 0.0971426 0.8948575
v 0.1275057 -0.1501930 0.5130133
vn 0.2677855 0.6933398 0.6690074
v -0.1926373 0.6298407 -0.0965784
vn 0.3430926 0.5370815 0.7706043
v 0.1948302 0.1812668 0.3313169
vn 0.5537323 -0.4211210 0.7183576
v -0.5400254 0.1739767 0.3601476
vn 0.3807531 0.2595307 0.8875082
v 0.1744523 -0.1558775 0.4958053
vn 0.9331252 -0.3484605 -0.0886155
v -0.6163713 0.5740043 -0.4848800
vn 0.5737821 0.1403881 0.8068862
v -0.1791156 0.7423176 -0.1647682
vn 0.4765266 0.4213385 0.7716192
v 0.2777895 0.0372534 0.3677053
vn 0.9116849 0.3947922 0.1138850
v 0.4003695 0.0299219 0.1602765
vn 0.5192270 0.3991131 0.7557197
v 0.2360001 -0.0167266 0.4320149
vn 0.3523220 0.2423815 0.9039472
v 0.2022939 -0.1298887 0.4778941
vn 0.5322319 0.0497411 0.8451361
v 0.2943268 -0.1429579 0.4158092
vn 0.6357943 -0.0213829 0.7715623
v 0.3193180 -0.1543454 0.4025246
vn 0.7680433 -0.0200265 0.6400847
v 0.3574563 -0.1920984 0.3596150
vn -0.3570603 -0.6381044 0.6821516
v -0.7513713 0.1335258 0.4655475
vn 0.5311674 0.3901684 0.7520837
v 0.2827741 0.0654710 0.3537366
vn 0.8078958 0.3690219 0.4594859
v -0.5131327 0.3654294 0.2732658
vn 0.8477694 -0.2132893 0.4855870
v -0.6089608 0.1957429 0.4373140
vn 0.7961985 -0.3545410 0.4902740
v -0.6322376 0.1718156 0.4711506
vn 0.7338923 0.5015300 0.4581155
v 0.3226419 0.1211515 0.2686414
vn 0.8318543 0.0621940 0.5514983
v 0.3713630 -0.1184957 0.3401588
vn 0.9637160 -0.2605955 0.0578063
v -0.5988616 0.6288247 -0.5476407
vn 0.6338987 0.0502483 0.7717821
v -0.2211581 0.7171448 -0.1298454
vn 0.9450874 0.0738677 -0.3183605
v 0.4231095 -0.1097939 -0.0345214
vn 0.8353949 0.3356588 0.4352570
v 0.3798504 0.0146234 0.2663443
vn 0.4795996 0.0040349 0.8774782
v 0.1057259 -0.1326356 0.5291275
vn 0.5330794 0.1313939 0.8358002
v 0.2330708 -0.1474722 0.4668654
vn 0.7586474 0.3500407 0.5494775
v 0.3553613 -0.0053325 0.3174578
vn 0.7360262 0.1797182 0.6526613
v -0.5021452 0.2505119 0.3343777
vn 0.5327351 0.2843736 0.7970728
v -0.3053197 0.6445453 -0.0554140
vn 0.2934353 0.1382978 0.9459226
v 0.0738653 -0.1287693 0.5425187
vn 0.5832583 0.2154783 0.7831851
v 0.1621337 -0.1073320 0.4884302
vn 0.7518219 -0.0274505 0.6587946
v 0.3326062 -0.1238813 0.3922513
vn 0.7738262 -0.0151432 0.6332169
v 0.3494200 -0.1479886 0.3667548
vn 0.8777876 0.4347277 -0.2012482
v 0.3988693 0.0373528 0.0258708
vn 0.3700359 0.4684403 0.8022701
v 0.2394264 0.1069615 0.3550710
vn 0.2527623 0.7769066 0.5766518
v -0.2185006 0.6067069 -0.0586981
vn 0.7314997 0.3000032 0.6122959
v -0.1246494 0.7641508 -0.2187245
vn 0.5188653 0.2763737 0.8089477
v -0.2410989 0.6821796 -0.1095297
vn 0.8276210 -0.3830163 0.4102950
v -0.4685699 0.4432448 0.0808797
vn 0.4626442 0.2241237 0.8577464
v 0.1211770 -0.0981553 0.5161920
vn 0.5501105 0.1197138 0.8264666
v 0.2501256 -0.1089020 0.4510392
vn 0.5601950 0.0585618 0.8262882
v 0.3166728 -0.1041956 0.4081174
vn 0.4289215 0.5557757 0.7121375
v -0.2256742 0.5924958 -0.0308029
vn -0.9357589 -0.3039314 0.1788323
v -0.8951608 0.1903647 0.2591172
vn -0.3576519 0.0723914 -0.9310449
v -0.7184379 0.3661109 -0.0644810
vn -0.9900436 -0.0946897 0.1041516
v -0.8942353 0.2085079 0.2828340
vn -0.9780909 0.1196864 0.1703328
v -0.7480534 0.5597053 -0.1366369
vn -0.9842386 0.1710807 -0.0447858
v -0.8981807 0.2254764 0.3530879
vn 0.6253489 0.0330892 0.7796434
v 0.2747823 -0.1134575 0.4276336
vn 0.7606936 0.1786276 0.6240493
v 0.3407952 -0.0861397 0.3788101
vn 0.5442140 0.3475782 0.7635579
v 0.1523650 -0.0632591 0.4827877
vn 0.8160588 0.2455755 0.5232024
v 0.3749587 -0.0463339 0.3143888
vn 0.7434583 0.1296643 0.6560922
v -0.5946590 0.2319096 0.4163080
vn 0.5778494 0.3553711 0.7347119
v -0.6587921 0.2681735 0.4848146
vn 0.7927296 -0.1470009 0.5915831
v -0.1993118 0.7988135 -0.1382364
vn 0.2044343 0.4468061 0.8709598
v 0.1463386 0.1543694 0.3580062
vn 0.6154088 0.3373619 0.7123616
v -0.4903183 0.5125310 0.1142376
vn 0.5916064 0.4753214 0.6512076
v 0.2916555 0.0071521 0.3809446
vn -0.9409279 -0.0464331 -0.3354082
v -0.8451947 -0.0413528 0.0389720
vn 0.7414759 -0.1882707 0.6440247
v -0.5801498 0.4166455 0.3427095
vn 0.7903197 -0.0102788 0.6126085
v -0.5665468 0.4507496 0.3268462
vn 0.6187034 0.2966624 0.7274597
v 0.3133393 -0.0581103 0.3953059
vn -0.9751051 -0.2078125 -0.0773567
v -0.7339343 0.4855965 -0.1628203
vn 0.5787635 -0.7950920 -0.1812777
v 0.1797821 -0.6230997 -0.0838966
vn 0.5622161 -0.7989743 -0.2134319
v 0.1663755 -0.6234337 -0.1419686
vn 0.9610252 0.1604215 0.2251570
v 0.4285263 -0.0863203 0.2136275
vn 0.3774382 -0.8820240 -0.2820888
v 0.3706120 -0.5889069 0.0299094
vn 0.4836287 -0.7797952 -0.3975207
v 0.2145498 -0.6087785 -0.0202237
vn 0.8267254 -0.5217151 -0.2105666
v 0.1898310 -0.5946769 -0.1209178
vn 0.7260805 -0.5873238 0.3575722
v 0.2289466 -0.5798997 0.3591352
vn 0.5332555 -0.8304075 -0.1614374
v 0.4514067 -0.5537707 0.0634666
vn 0.6703440 -0.6430767 -0.3702584
v 0.2090218 -0.6002527 -0.0454581
vn 0.5895143 -0.5495210 -0.5920301
v 0.1608536 -0.5950435 -0.1922373
vn -0.6979690 -0.7146598 0.0458335
v -0.8725293 0.1345329 0.3646597
vn -0.7918065 -0.5648069 -0.2324559
v -0.8758152 0.1351891 0.0993506
vn 0.8759168 0.4222697 0.2333627
v -0.6046212 0.7448564 -0.5589918
vn 0.8636625 0.3424987 0.3698401
v -0.1072312 0.7750792 -0.2513202
vn 0.9611486 -0.2677071 -0.0672780
v -0.6019281 0.5070821 -0.2182811
vn -0.1292951 0.1170000 -0.9846795
v -0.4087101 -0.0460606 -0.2181219
vn 0.4722717 -0.7942840 -0.3821943
v 0.4185386 -0.5595825 0.0199483
vn 0.4278311 -0.6902730 -0.5835098
v 0.4232387 -0.5338033 -0.0122028
vn 0.7765964 -0.5642928 -0.2801280
v 0.2097554 -0.5734735 -0.0914830
vn 0.8634006 -0.4169431 0.2840736
v -0.1081183 0.6259984 -0.1561463
vn 0.9413062 -0.3203715 -0.1063242
v -0.6029861 0.5160830 -0.2803293
vn 0.9564115 0.2117648 -0.2010793
v -0.0894139 0.7493410 -0.2733018
vn 0.8930963 -0.0578563 -0.4461296
v 0.4009823 -0.1376424 -0.0885300
vn -0.7938300 -0.4421363 0.4175517
v -0.7856643 0.0874649 0.2846172
vn 0.5674304 -0.8221956 0.0449121
v 0.4792723 -0.5407141 0.1409806
vn 0.6760281 -0.6917655 -0.2538630
v 0.5122605 -0.5027032 0.0487435
vn 0.8001167 -0.5252232 -0.2897480
v 0.2124676 -0.5500003 -0.1405288
vn 0.7531227 -0.5585731 -0.3475661
v 0.1789036 -0.5940958 -0.1656669
vn 0.5632551 -0.7509154 0.3447750
v -0.3393337 0.5054871 -0.0012837
vn 0.5555510 -0.7335983 -0.3914036
v 0.4712817 -0.5267047 0.0222579
vn 0.6071448 0.1936057 -0.7706439
v 0.3085176 0.0011892 -0.1413482
vn 0.5051728 -0.8497313 -0.1508549
v -0.1374961 0.5986806 -0.1290519
vn 0.9357235 0.3006361 -0.1844979
v -0.4704552 0.3541992 0.0658007
vn 0.4020124 -0.3537245 -0.8445502
v -0.0926505 0.7203631 -0.2744673
vn 0.6576351 -0.7493775 -0.0771330
v 0.5104613 -0.5143794 0.1008099
vn 0.6198612 -0.6034439 -0.5016248
v 0.4972357 -0.4955736 0.0100552
vn 0.4352997 0.3186416 -0.8420106
v 0.2311617 -0.0166801 -0.2011543
vn 0.6622279 -0.6887354 -0.2951236
v 0.2375018 -0.5376764 -0.1046103
vn 0.7724757 -0.2809092 -0.5695361
v 0.1967992 -0.5421979 -0.1977609
vn -0.0908404 0.5768583 -0.8117774
v -0.2115481 0.1075713 -0.1904043
vn 0.9330159 0.2082305 0.2934645
v -0.5204183 0.4840502 0.2423312
vn 0.6784638 -0.7229147 0.1306951
v 0.5231485 -0.5024579 0.1690264
vn 0.8140453 -0.5750850 -0.0812866
v 0.5484421 -0.4759434 0.1027372
vn 0.4503120 -0.5434323 -0.7084494
v 0.4441420 -0.4989220 -0.0374284
vn -0.6084076 -0.7705213 0.1900976
v -0.8103073 0.1096670 0.2757602
vn 0.6709086 -0.6079516 -0.4245900
v 0.2823658 -0.5055789 -0.0822527
vn 0.7195739 -0.6506763 -0.2425571
v 0.2750876 -0.4996126 -0.1242006
vn 0.6493788 -0.6507346 -0.3935120
v 0.2575154 -0.5040626 -0.1588150
vn 0.7077629 -0.5597662 -0.4309683
v 0.2130725 -0.5293390 -0.1694566
vn 0.5285133 -0.3844929 -0.7568613
v 0.1848432 -0.5083101 -0.2137934
vn -0.0099571 0.3321103 -0.9431880
v -0.1525742 0.0094985 -0.2293528
vn 0.9185336 0.2920124 0.2665050
v -0.6043551 0.6997731 -0.5103284
vn 0.9949719 -0.0669683 -0.0744728
v -0.6027254 0.4612160 -0.0740532
vn 0.9919106 0.1121840 0.0593985
v 0.4408199 -0.1120978 0.1268768
vn 0.9921556 -0.0343192 0.1202062
v -0.4777925 0.4165547 0.0867447
vn -0.2606412 -0.8381600 0.4791180
v -0.8000994 0.1148145 0.4275105
vn 0.9275125 0.2541961 0.2740531
v -0.5043163 0.4871404 0.1686856
vn 0.8217211 -0.5460555 -0.1630889
v -0.6150141 0.4666173 -0.1949958
vn 0.8305613 0.4585064 0.3161326
v -0.4978050 0.3694608 0.2287538
vn 0.9230214 0.2817999 -0.2619549
v -0.5947205 0.7291940 -0.5861562
vn 0.7878804 -0.6134135 0.0544827
v 0.5464535 -0.4797146 0.1504695
vn 0.7833203 -0.4652432 -0.4122598
v 0.5342051 -0.4672377 0.0309965
vn 0.5675900 -0.3300367 -0.7542661
v 0.4864500 -0.4539922 -0.0330302
vn 0.9224939 0.3410634 0.1807784
v -0.6059771 0.6544291 -0.4419385
vn 0.7960480 -0.5272512 0.2971763
v 0.5464079 -0.4695225 0.1927751
vn 0.8467660 -0.4856758 -0.2170401
v 0.5501573 -0.4656727 0.0701263
vn 0.6679687 -0.4254394 -0.6105892
v 0.5109670 -0.4625738 -0.0060006
vn -0.3173397 -0.6782481 -0.6627783
v -0.3762697 -0.6378576 -0.2807686
vn 0.8057988 -0.4915994 -0.3301792
v 0.2875179 -0.4777902 -0.1352565
vn -0.7683026 -0.1651657 -0.6184103
v -0.6650864 -0.6248034 -0.0503361
vn 0.9214887 -0.3209457 0.2187520
v 0.5687000 -0.4277216 0.1802786
vn -0.0483724 0.9288129 -0.3673782
v -0.2529070 0.2257632 -0.0432480
vn 0.9581651 0.1202703 0.2597204
v -0.5156828 0.4279310 0.2345467
vn 0.8988407 -0.4361660 0.0429482
v 0.5624293 -0.4536542 0.1467759
vn 0.9561502 -0.2928716 0.0017963
v 0.5780978 -0.4148019 0.1289907
vn 0.7493544 -0.2359972 -0.6186869
v 0.5273603 -0.4224927 -0.0063958
vn 0.6891670 -0.3195456 -0.6503380
v 0.2588515 -0.4671679 -0.1956125
vn 0.9267912 -0.2017398 -0.3167951
v -0.0840689 0.7073587 -0.2582067
vn -0.7057877 -0.6287434 0.3264131
v -0.7447791 -0.2685632 0.2552707
vn 0.9574751 -0.2683403 -0.1059955
v -0.6097274 0.5725827 -0.4152365
vn 0.7123097 -0.4029464 -0.5746732
v 0.3451940 -0.4221215 -0.0870009
vn 0.7612891 -0.4638771 -0.4530529
v 0.3151638 -0.4450869 -0.1064018
vn 0.8247713 -0.3108105 -0.4723866
v 0.2875107 -0.4563890 -0.1568545
vn 0.9306854 -0.3248422 -0.1682327
v 0.5726879 -0.4194171 0.0913875
vn 0.8681229 -0.2904411 -0.4025004
v 0.5551242 -0.4228063 0.0389074
vn 0.7634436 -0.1092771 -0.6365629
v 0.2809661 -0.4305561 -0.1744214
vn -0.1682287 0.8638200 -0.4748833
v -0.1665168 -0.0438222 -0.3101843
vn -0.9245916 -0.2670262 -0.2717119
v -0.8305473 0.0961027 0.0740360
vn 0.9870818 -0.0948998 0.1290879
v 0.5858008 -0.3680399 0.1507312
vn 0.9269018 -0.1342001 -0.3504902
v 0.5755215 -0.3793760 0.0564552
vn 0.8166037 -0.0823847 -0.5712891
v 0.5540097 -0.3847898 0.0182584
vn 0.8363506 -0.2927141 -0.4635043
v 0.3753826 -0.3858029 -0.0621160
vn 0.7541513 -0.2984197 -0.5849800
v 0.2964320 -0.4103526 -0.1596912
vn -0.0152419 0.8277584 -0.5608777
v -0.2683895 0.2024210 -0.0871552
vn -0.9398936 0.3063514 0.1508278
v -0.8526201 0.0328625 0.1692683
vn 0.9905264 -0.0700119 -0.1181343
v 0.5875784 -0.3683364 0.1011605
vn 0.7689839 -0.3435502 -0.5391076
v 0.3472086 -0.3850626 -0.1156861
vn 0.6716359 -0.2255028 -0.7057292
v 0.2344546 -0.4185016 -0.2344830
vn 0.9921567 0.0475037 0.1156224
v -0.5989434 0.6661496 -0.5087144
vn -0.6794792 -0.7306764 0.0664848
v -0.8754678 0.1258019 0.1560432
vn -0.6909144 -0.7205324 -0.0589102
v -0.8552752 0.1111365 0.1225756
vn 0.9283231 0.0829176 -0.3624099
v 0.5757764 -0.3542923 0.0574935
vn 0.6772564 -0.2735169 -0.6830171
v 0.2991163 -0.3792458 -0.1752979
vn -0.9642151 0.0584338 0.2586016
v -0.9046426 0.2416800 0.2534168
vn -0.9957599 -0.0830067 0.0396501
v -0.9009116 0.1977207 0.3665305
vn 0.8981831 0.2615411 0.3533604
v -0.0892271 0.7095703 -0.2339306
vn -0.7952330 -0.5621154 0.2272242
v -0.7902154 -0.2212476 0.2253841
vn 0.4635600 -0.8849634 -0.0441816
v -0.3576270 0.4920006 -0.0196949
vn 0.9517704 0.1417368 0.2721101
v 0.5809539 -0.3292130 0.1791707
vn 0.9433720 0.2117260 -0.2553848
v 0.5784758 -0.3221584 0.0823084
vn 0.8784291 -0.2278989 -0.4200290
v 0.3935266 -0.3409893 -0.0540609
vn 0.7484550 -0.2149494 -0.6273849
v 0.3359060 -0.3527256 -0.1415972
vn 0.9556291 0.2742423 0.1075378
v -0.5982209 0.5825384 -0.2494816
vn -0.9227295 -0.3699690 -0.1081354
v -0.7399284 0.5191606 -0.1246985
vn 0.8132128 -0.2227320 -0.5376574
v 0.3684383 -0.3377363 -0.1077152
vn 0.6450195 -0.1133360 -0.7557148
v 0.3084832 -0.3392323 -0.1785915
vn -0.8084956 0.1436778 -0.5706940
v -0.8039421 0.4543306 0.0297352
vn -0.9573275 0.2477194 -0.1488595
v -0.8416119 0.0568502 0.0944041
vn -0.4197549 0.8262002 -0.3757645
v -0.6907259 0.7860244 -0.5363383
vn -0.6683180 -0.0203866 -0.7435963
v -0.8278475 0.2403714 -0.0264269
vn 0.9912964 0.1299422 0.0211331
v 0.5870967 -0.3281190 0.1351015
vn 0.8465512 -0.1343993 -0.5150610
v 0.3858261 -0.3052540 -0.0925161
vn 0.7278291 -0.0610859 -0.6830325
v 0.3381861 -0.3094204 -0.1516173
vn -0.9606183 0.2722713 0.0555058
v -0.8876884 0.2680447 0.3524636
vn 0.9818420 -0.1884875 -0.0214178
v -0.6034970 0.6179392 -0.4801580
vn -0.2724383 -0.9432216 -0.1900277
v -0.6880251 0.4606996 -0.2667351
vn 0.8556733 0.2345672 -0.4613041
v -0.4869007 0.3616663 0.0188768
vn 0.9051500 0.3435279 0.2503839
v -0.4881371 0.4046031 0.1575002
vn 0.9056077 0.3952504 0.1537917
v 0.5789537 -0.3019546 0.1563389
vn 0.9777128 0.1459534 0.1509149
v -0.5936514 0.7051579 -0.5632834
vn 0.6880210 -0.1417779 -0.7117065
v 0.2415977 -0.3272421 -0.2278460
vn -0.8820136 -0.3508414 -0.3145830
v -0.7236381 0.4851539 -0.2683012
vn -0.2628188 -0.9129480 0.3121737
v -0.6015661 -0.3816906 0.1976933
vn -0.6550372 -0.3234836 0.6828505
v -0.5994030 -0.6120684 0.4245859
vn 0.7172601 0.6954787 -0.0429812
v 0.5643355 -0.2761099 0.1263806
vn 0.3501120 0.6902903 -0.6331831
v -0.3492384 0.2235107 -0.0801705
vn 0.6427861 -0.1368177 -0.7537287
v 0.2824503 -0.3083622 -0.1973963
vn 0.1490154 0.8709853 -0.4681657
v -0.4029574 0.2513940 -0.0678593
vn -0.7179783 -0.5726435 -0.3957101
v -0.7175844 0.6247427 -0.3696881
vn 0.3582564 -0.6817270 -0.6378877
v -0.0945922 0.6722561 -0.2393347
vn -0.8859289 -0.0520657 -0.4608897
v -0.8659939 0.2033657 0.0340577
vn 0.9923250 0.1219061 0.0207377
v -0.6023999 0.6183716 -0.3927320
vn 0.9251969 0.2118080 -0.3148780
v 0.4206786 -0.0795361 -0.0255880
vn 0.9352636 0.3492011 0.0577977
v -0.4682385 0.3654569 0.1280457
vn -0.9975194 0.0626802 -0.0320363
v -0.8634340 0.3555993 0.2944596
vn -0.9037549 -0.3457612 -0.2523417
v -0.7176195 0.5489178 -0.2433026
vn 0.7537398 0.0512280 -0.6551732
v 0.3613572 -0.2576738 -0.1221523
vn 0.6435769 -0.1562397 -0.7492650
v 0.2544658 -0.2852530 -0.2308469
vn 0.7021718 -0.7116458 0.0226954
v -0.4642678 0.4303911 0.0410855
vn -0.8983542 -0.4363568 -0.0505231
v -0.8895983 0.1582402 0.3465092
vn -0.4946920 -0.5328674 0.6865364
v -0.6893452 -0.2498857 0.3477374
vn 0.9691514 -0.2032713 -0.1393788
v -0.5999575 0.5532801 -0.3266121
vn 0.9732731 -0.0930317 0.2099634
v -0.0937894 0.6539241 -0.1871650
vn 0.9280780 -0.1269808 -0.3500673
v 0.4190096 -0.2713756 -0.0215629
vn 0.9174859 -0.1467713 -0.3696998
v 0.4038348 -0.2917554 -0.0595479
vn 0.7465639 -0.0535493 -0.6631553
v 0.3239132 -0.2604150 -0.1646837
vn 0.6963492 -0.1593688 -0.6997852
v 0.2867860 -0.2730121 -0.2057468
vn 0.4805505 -0.7130769 0.5104827
v -0.2848058 0.5390165 -0.0115185
vn -0.9251167 0.2294297 -0.3025247
v -0.8352367 0.0487871 0.0578315
vn 0.9010299 0.0867365 0.4249964
v -0.5308486 0.4531740 0.2749334
vn 0.9589698 -0.0230754 -0.2825679
v 0.4273398 -0.1405925 -0.0204666
vn 0.9133335 -0.0441140 -0.4048160
v 0.4182577 -0.2314060 -0.0375523
vn 0.4614128 0.4335505 -0.7740363
v 0.1266150 -0.0833395 -0.2829652
vn -0.3595759 0.1104009 -0.9265619
v -0.6483909 -0.0831643 -0.1684652
vn -0.8951496 0.0126021 -0.4455877
v -0.8780177 0.2225641 0.0589702
vn 0.9362953 0.0643629 -0.3452661
v 0.4410309 -0.2422926 0.0252069
vn -0.9512153 -0.0872029 -0.2959478
v -0.8994613 0.1983489 0.1084385
vn 0.9746539 0.1866702 0.1233048
v 0.4315141 -0.0672158 0.1723913
vn 0.5384930 -0.7891310 -0.2954618
v -0.1086953 0.6267251 -0.1763425
vn 0.9853452 0.0540248 -0.1617907
v 0.4399789 -0.1236860 0.0375732
vn 0.9924193 0.0502354 -0.1121623
v 0.4471477 -0.2162927 0.0668418
vn 0.8255988 0.0048676 -0.5642366
v 0.3894223 -0.2620848 -0.0897926
vn 0.9374812 0.3308938 -0.1078816
v 0.4178115 -0.0025166 0.0484856
vn 0.9479452 0.0769364 0.3089995
v -0.4940886 0.4394372 0.1380467
vn 0.9623830 0.1798210 -0.2036747
v 0.4320689 -0.0682379 0.0217197
vn 0.9260917 0.1847869 0.3289499
v 0.4197869 -0.0762445 0.2372252
vn 0.8767395 0.4793284 -0.0396510
v 0.3939633 0.0560736 0.0725778
vn -0.9156588 0.0858210 -0.3926880
v -0.8276630 -0.0335456 -0.0064302
vn 0.8334202 -0.0723394 -0.5478848
v 0.3936743 -0.2056421 -0.0793991
vn 0.7849949 -0.0999619 -0.6113842
v 0.3435640 -0.2289659 -0.1395478
vn -0.9946670 -0.0675230 -0.0779630
v -0.8965292 0.2028616 0.3160566
vn 0.9982766 -0.0361565 0.0462226
v -0.6020769 0.5019258 -0.1418485
vn 0.9619809 0.0185944 -0.2724830
v 0.4346524 -0.1817916 0.0059087
vn 0.7994478 -0.2645492 -0.5393487
v 0.3655736 -0.1938225 -0.1284773
vn 0.7050052 -0.1313522 -0.6969321
v 0.3273846 -0.2038908 -0.1704619
vn -0.9767761 -0.1754701 0.1229583
v -0.8801696 0.4084666 0.2100709
vn -0.6601074 -0.1922779 -0.7261456
v -0.7154372 0.7583003 -0.5212354
vn 0.9938838 0.1068763 -0.0277967
v -0.5971478 0.5890644 -0.3291427
vn 0.9813994 -0.1082899 -0.1585202
v -0.4809329 0.4000226 0.0511773
vn 0.8725379 0.1392247 0.4682886
v 0.3969997 -0.0897757 0.2889479
vn -0.6445635 -0.6132348 0.4565972
v -0.7049181 -0.3353620 0.1816968
vn -0.9857519 -0.1329798 -0.1030024
v -0.8792551 0.3790302 0.1679352
vn 0.9296557 0.3680492 0.0167379
v 0.4145327 0.0115112 0.0916025
vn -0.6510623 -0.5170835 -0.5556461
v -0.7004626 0.7382066 -0.5175531
vn -0.9797274 -0.0275299 -0.1984348
v -0.7334041 0.4927126 -0.0872095
vn -0.8957916 0.2367608 -0.3761672
v -0.8243450 0.0283342 0.0134722
vn -0.5640289 -0.0913666 -0.8206849
v -0.7446439 0.1374772 -0.0446330
vn 0.9931797 0.1050136 0.0506587
v 0.4474199 -0.2034528 0.1429467
vn 0.8926580 -0.0943109 -0.4407575
v 0.4070681 -0.1760828 -0.0644734
vn 0.7210784 -0.1600494 -0.6741144
v 0.3530942 -0.1716493 -0.1568994
vn -0.4636525 0.7529877 -0.4669431
v -0.3617596 -0.5251240 -0.2342122
vn -0.7395691 0.3960683 -0.5442128
v -0.8231761 0.3858116 0.0239836
vn 0.8741226 0.4720208 0.1144823
v -0.6120806 0.6311471 -0.3180132
vn 0.9993211 -0.0366759 0.0034952
v -0.5954342 0.5517108 -0.2508291
vn 0.9962866 0.0836544 -0.0203719
v 0.4439169 -0.1228821 0.0814354
vn 0.9718257 0.0392288 -0.2324134
v 0.4314710 -0.1505099 0.0079916
vn 0.5361407 -0.8440299 0.0129105
v -0.4335179 0.4499915 0.0165457
vn 0.6591977 0.7473301 0.0834033
v -0.6199198 0.7713613 -0.5677757
vn 0.3421693 0.9139877 0.2180520
v -0.6484014 0.7828712 -0.5473599
vn 0.6410940 0.6561265 0.3981163
v -0.6263930 0.7647534 -0.5402507
vn 0.7557742 0.5446892 0.3634819
v -0.6223062 0.7078054 -0.4758885
vn 0.2041404 0.9181365 0.3396352
v -0.6804127 0.7827260 -0.5140454
vn -0.1501432 0.8779311 0.4546362
v -0.7276648 0.5083402 0.3323108
vn -0.2640167 0.9593349 0.0998591
v -0.1573199 0.2774385 0.1612886
vn 0.0968067 0.9951019 0.0200198
v -0.6005071 0.5439010 0.1743476
vn 0.5534809 0.8044701 0.2156078
v -0.5414837 0.5227170 0.2452572
vn -0.1149767 0.7083674 0.6964165
v -0.3603839 0.7071152 -0.0083747
vn -0.2215738 0.9309364 0.2902801
v -0.7169284 0.7746143 -0.4910577
vn -0.2255469 0.9732850 -0.0429520
v -0.7641179 0.5377773 0.1463833
vn -0.0765335 0.9558508 0.2837112
v -0.7009465 0.5302447 0.2860497
vn 0.5257720 0.7049958 0.4759672
v -0.6548581 0.7496325 -0.4870090
vn -0.0881701 0.9130745 0.3981471
v -0.0728415 0.0045047 0.4590965
vn 0.2348242 0.9476381 0.2164248
v -0.5759466 0.5314891 0.2549631
vn -0.2161230 0.9148995 0.3409542
v -0.7480965 0.5193273 0.2986770
vn -0.2636529 0.9630439 0.0550780
v -0.7878681 0.5315571 0.1904238
vn -0.1571583 0.8798907 0.4484348
v -0.6982181 0.5725116 -0.0524387
vn 0.6765884 0.7334817 0.0650602
v -0.1325268 0.8233264 -0.2470000
vn 0.3063911 0.8090782 0.5015147
v -0.4202007 0.2394096 0.2177011
vn 0.2486953 0.9637321 0.0968051
v -0.6680588 0.5399073 0.0158265
vn -0.2582276 0.9621924 0.0866270
v -0.7129588 0.5379522 0.0227106
vn 0.5597108 0.7338156 0.3850177
v -0.6592493 0.7216899 -0.4385740
vn 0.3499524 0.7765675 0.5239049
v -0.5805603 0.5129225 0.3179408
vn -0.2883350 0.9408131 0.1781394
v -0.2267944 0.2552873 0.1606134
vn 0.1464879 0.8712023 0.4685594
v -0.7035730 0.7617751 -0.4660580
vn -0.5104064 0.7957301 0.3260353
v -0.7404869 0.7519878 -0.4555135
vn 0.3378764 0.8742344 0.3486455
v 0.1344401 0.2722493 0.2427529
vn -0.9746826 -0.2127753 -0.0687054
v -0.8349569 0.0900847 0.1158227
vn 0.1170834 0.8542446 0.5065153
v -0.3031613 0.2094241 0.2510752
vn 0.8473629 0.4734999 0.2403621
v -0.4747181 0.3569406 0.1867182
vn 0.4047512 0.9139531 -0.0294297
v -0.4150315 0.2855517 0.0896183
vn 0.2268185 0.9523956 -0.2037060
v -0.6314837 0.5235541 0.0088347
vn 0.0453958 0.8788560 0.4749225
v -0.3635603 0.2366503 0.2350508
vn 0.1787031 0.9629821 0.2018188
v 0.0919169 0.2965173 0.2002622
vn -0.0882381 0.9933075 0.0745277
v -0.0173791 0.3038086 0.1581665
vn 0.0135243 0.9792350 0.2022769
v 0.0350270 0.2998940 0.2046472
vn -0.9267432 -0.2968076 -0.2303307
v -0.8959317 0.1669808 0.1149418
vn 0.0392353 0.9806893 0.1915964
v -0.6355380 0.5404738 0.2515249
vn -0.8653034 0.0937362 -0.4924058
v -0.8368366 0.4132352 0.0815228
vn -0.0129887 0.9988912 -0.0452514
v -0.6837962 0.5409205 0.0667619
vn -0.1729318 0.9824287 0.0702037
v -0.0781527 0.2954222 0.1631126
vn 0.6971564 0.5719963 0.4321958
v -0.4281368 0.2544405 0.2010376
vn 0.0056435 0.8216709 0.5699343
v -0.6788729 0.4996947 0.3549796
vn 0.8129172 0.3755667 0.4451015
v -0.1470492 0.8206667 -0.2132381
vn 0.4623936 0.8686416 0.1779157
v -0.1669648 0.8434784 -0.1931329
vn -0.4859609 0.8097660 -0.3288176
v -0.8078246 0.5105630 0.0742528
vn -0.9474000 0.0966867 -0.3050982
v -0.8519985 -0.0213317 0.0548997
vn -0.9116448 0.2694493 -0.3103236
v -0.8545986 0.3793807 0.1028685
vn 0.0192466 0.9986005 -0.0492599
v -0.6552677 0.5452220 0.1380162
vn -0.1479919 0.8330254 0.5330733
v -0.0636745 0.2578331 0.2922133
vn -0.8706444 0.4010386 -0.2848621
v -0.8579527 0.3529477 0.0691011
vn -0.8100698 -0.5259810 -0.2590965
v -0.7463952 0.5476868 -0.1834168
vn -0.8866553 -0.4129974 0.2080281
v -0.9007825 0.1784918 0.2258554
vn -0.2460995 0.9691893 0.0103447
v -0.2272522 0.2607613 0.1063124
vn 0.6556162 0.6984703 0.2868913
v -0.6433390 0.6957122 -0.4072697
vn 0.4922398 0.8256702 0.2756242
v -0.6683716 0.7031291 -0.3771609
vn 0.6259786 0.7218812 -0.2950229
v 0.5527896 -0.2768709 0.0776373
vn -0.7057023 0.6192482 -0.3442616
v -0.7288404 0.7712837 -0.5065962
vn 0.2638899 0.9641179 -0.0289604
v -0.3077049 0.2575815 0.0968045
vn -0.2048386 0.9514392 0.2297927
v -0.0868999 0.2878559 0.2129439
vn 0.7623991 0.5698853 -0.3065590
v 0.3318450 0.1178087 -0.0216615
vn -0.7387864 0.2123542 -0.6396096
v -0.7870781 -0.0255879 -0.0664599
vn -0.6654493 0.5940198 -0.4520152
v -0.2252412 0.8071970 -0.1732704
vn -0.0246812 0.9991128 -0.0341272
v -0.5959201 0.5420885 0.1073074
vn -0.9485695 -0.1893692 0.2536832
v -0.8587287 -0.0895572 0.2049962
vn 0.8257983 0.3972087 -0.4003530
v 0.5643216 -0.3062611 0.0553441
vn 0.5175149 0.7986528 0.3071354
v -0.4161431 0.2716968 0.1628224
vn 0.6541348 0.6526528 -0.3822984
v 0.2981040 0.1527007 -0.0307286
vn -0.9734985 -0.0417290 -0.2248545
v -0.8568419 -0.0470405 0.0766995
vn -0.8997346 -0.4301207 -0.0739861
v -0.8866552 0.1677553 0.2978495
vn 0.3356491 0.8537339 0.3980932
v -0.6968691 0.7274921 -0.4053609
vn -0.0250091 0.9011157 0.4328571
v -0.6722832 0.5156467 0.3273965
vn 0.9176218 0.3708857 -0.1428780
v 0.5808101 -0.3056650 0.1107363
vn 0.0453007 0.9113326 0.4091709
v -0.3874832 0.2565437 0.1895529
vn 0.7516884 0.6437687 -0.1432709
v 0.3172863 0.1625026 0.0429803
vn -0.6292372 -0.7770798 0.0144116
v -0.7040176 0.4385073 -0.1513414
vn -0.8896430 0.2921421 0.3509822
v -0.8243488 0.0557877 0.2251649
vn -0.5981132 0.3127615 -0.7378624
v -0.7352253 0.1091575 -0.0606365
vn -0.5046640 0.8083568 0.3031065
v -0.8366026 0.5007854 0.2501498
vn 0.3723083 0.9148915 -0.1560769
v 0.5403013 -0.2626445 0.1031487
vn 0.2660276 0.8100507 0.5225393
v -0.5282544 0.5363772 0.1219302
vn 0.8079160 0.5683138 -0.1558565
v 0.3550865 0.1104076 0.0373848
vn 0.7199896 0.6442567 -0.2579696
v 0.3045440 0.1692262 0.0162946
vn -0.6857638 0.1760601 -0.7062088
v -0.7613298 -0.0435690 -0.1024819
vn -0.9563466 0.1648110 0.2413265
v -0.8643524 0.4232534 0.2989647
vn 0.0088257 0.9322362 0.3617428
v -0.2019648 0.8333986 -0.1453735
vn 0.1093140 0.8701632 0.4804857
v -0.6850727 0.5956933 -0.0940885
vn 0.2572703 0.9184588 0.3004090
v -0.6856160 0.6923841 -0.3167432
vn 0.1671928 0.9605151 0.2223902
v -0.2974811 0.2503271 0.1604297
vn 0.7690197 0.6171229 0.1666374
v -0.5264352 0.5145998 0.2175687
vn -0.0303856 0.8464823 0.5315492
v -0.0150228 0.2687575 0.2826084
vn 0.6450621 0.7544618 -0.1211707
v 0.2816193 0.1984485 0.0590853
vn 0.5722239 0.7614297 -0.3046056
v 0.2487052 0.2076576 -0.0003495
vn -0.9843411 0.1652211 -0.0614377
v -0.8634902 -0.0019344 0.1297194
vn -0.5146787 0.8021018 0.3028840
v -0.7292138 0.6884123 -0.3178660
vn -0.2031734 0.7745497 0.5989936
v -0.2764517 0.1862394 0.2889435
vn 0.4903609 0.8237733 -0.2845063
v 0.2036919 0.2439155 0.0106324
vn -0.8945479 -0.2960578 0.3348640
v -0.8917365 0.1780880 0.3983172
vn -0.0647859 0.8797120 0.4710728
v 0.0232934 0.0040681 0.4537733
vn 0.6679911 0.6167406 0.4164362
v -0.5474468 0.5119805 0.2864383
vn 0.3449321 0.9343173 0.0898499
v -0.5536068 0.5347614 0.1867994
vn 0.0742139 0.7759809 0.6263753
v -0.3524000 0.2151175 0.2675057
vn -0.1919649 0.8928242 0.4074487
v -0.7164398 0.7135596 -0.3672374
vn 0.0641684 0.9969769 -0.0438133
v 0.4982346 -0.2537753 0.1227645
vn 0.0932457 0.9873853 -0.1279668
v -0.6389827 0.5373020 0.0691823
vn 0.8131728 0.5818561 -0.0139100
v 0.3490157 0.1248458 0.1014292
vn 0.3914744 0.8577411 -0.3332087
v 0.1615941 0.2624865 0.0021588
vn -0.7880024 0.1546545 -0.5959314
v -0.7808230 0.4182827 -0.0148036
vn -0.9981537 -0.0002158 -0.0607392
v -0.8870656 0.4214911 0.1719915
vn -0.4413607 0.8921961 -0.0958485
v -0.8393792 0.5129638 0.1500534
vn 0.6929843 0.6871833 0.2180641
v -0.6361991 0.6563878 -0.2954256
vn -0.8236789 0.4956980 0.2753845
v -0.7561653 0.6669861 -0.3244820
vn 0.0524259 0.7141799 0.6979961
v -0.7015412 0.4619634 0.4032705
vn 0.7551028 0.5898584 0.2861590
v 0.5649676 -0.2856382 0.1718843
vn 0.5610084 0.7968276 0.2243554
v 0.5495732 -0.2680786 0.1656948
vn 0.2857245 0.9575303 0.0386927
v 0.5309326 -0.2570147 0.1471739
vn 0.6423537 0.7658871 -0.0282627
v 0.4586924 -0.2518927 0.1201671
vn 0.2774560 0.9174119 -0.2852609
v 0.1190973 0.2831668 0.0128928
vn -0.6834427 0.2858178 -0.6717249
v -0.7713751 0.0364423 -0.0640717
vn -0.2363992 0.9638632 -0.1228137
v -0.7410634 0.5351015 0.0770366
vn 0.4381648 0.7023507 0.5609947
v 0.2102420 0.2072469 0.2985205
vn -0.1372162 0.8046085 0.5777343
v -0.7275800 0.4798852 0.3787334
vn -0.5881473 0.7990644 -0.1248157
v -0.2505776 0.8022199 -0.1309083
vn 0.5196927 0.8190320 0.2431175
v -0.6572325 0.6767315 -0.3057584
vn 0.3524481 0.8027329 0.4810407
v 0.1627146 0.2428898 0.2748040
vn 0.2073537 0.9334416 0.2927307
v 0.5222038 -0.2596998 0.1805695
vn -0.1352034 0.9864262 0.0931853
v 0.4884281 -0.2547302 0.1562932
vn -0.3879604 0.9150573 0.1102588
v -0.5760126 0.5460811 0.0765761
vn 0.5775028 0.8146566 -0.0531510
v 0.2450080 0.2320240 0.0964997
vn 0.4560612 0.8792419 -0.1376296
v 0.1862224 0.2624418 0.0537049
vn -0.9764683 -0.1342954 0.1687439
v -0.8774070 0.4107397 0.2514333
vn 0.8554524 0.5042088 0.1182148
v -0.4500070 0.3234804 0.1632803
vn -0.1241382 0.8506973 0.5107874
v -0.2330537 0.8126666 -0.1116088
vn 0.1450370 0.9055107 0.3987664
v 0.0838987 0.2822779 0.2528713
vn 0.0066112 0.9388447 0.3442777
v 0.0240906 0.2908810 0.2402092
vn 0.6665999 0.6010430 0.4408990
v 0.5543836 -0.2925801 0.2045013
vn -0.3779285 0.9201572 0.1023758
v -0.8249253 0.5186808 0.1970069
vn 0.7481617 0.6629226 -0.0280680
v 0.3178411 0.1659673 0.0898666
vn 0.5614681 0.8109387 -0.1647184
v 0.2344040 0.2323148 0.0471430
vn 0.8274404 0.4867810 0.2799762
v -0.4617739 0.3216628 0.2211343
vn 0.8110554 0.5487807 0.2025559
v -0.6142899 0.6146019 -0.2505136
vn 0.6061005 0.7274318 0.3216910
v -0.6439050 0.6286448 -0.1998343
vn 0.4722542 0.8199422 0.3235287
v -0.6622638 0.6532625 -0.2316289
vn -0.1293934 0.9184958 0.3736615
v -0.7033983 0.6758735 -0.2611519
vn 0.2169555 0.9396856 0.2644263
v 0.4660392 -0.2614908 0.1642954
vn -0.0881271 0.9203085 0.3811376
v -0.2647266 0.2271428 0.2093868
vn 0.7443655 0.6672430 -0.0265886
v -0.4357862 0.3045006 0.1077516
vn 0.6734847 0.7391708 0.0067008
v 0.2828045 0.2013734 0.1189036
vn 0.3340723 0.9359726 -0.1111348
v 0.1322281 0.2893051 0.0670222
vn 0.1584442 0.9771649 -0.1415777
v 0.0814108 0.3012662 0.0606677
vn -0.0381130 0.9685798 -0.2457655
v 0.0093616 0.2986866 0.0250058
vn 0.1543223 0.7866463 0.5978062
v 0.0297778 -0.0139181 0.4885527
vn 0.5576623 0.6237616 0.5476626
v -0.5067714 0.5157989 0.1249752
vn 0.2550582 0.9000193 0.3534270
v -0.6802018 0.6701779 -0.2527493
vn 0.3065752 0.8024728 0.5119073
v 0.5255188 -0.2733948 0.2067030
vn 0.8095953 0.3343751 0.4824405
v 0.4365977 -0.2776183 0.2178152
vn 0.4605446 0.8870802 -0.0314235
v 0.1867801 0.2671750 0.1092070
vn -0.9699866 0.1498788 -0.1914744
v -0.9017950 0.2626066 0.1305595
vn -0.9504259 0.3105751 -0.0152848
v -0.8449875 0.0598693 0.1319218
vn -0.6260539 0.4604365 0.6293289
v -0.2209180 -0.0880902 0.5054207
vn 0.1460629 0.9359016 0.3205524
v -0.6003450 0.5251373 0.2981198
vn 0.3169540 0.5808404 0.7497764
v -0.4432694 0.2028505 0.2674515
vn -0.0919152 0.9078942 0.4089985
v 0.4909312 -0.2667443 0.1999254
vn -0.9930820 -0.0958790 0.0677891
v -0.8662772 0.3863516 0.2833402
vn 0.7516615 0.6247851 0.2113025
v -0.5154999 0.5122623 0.1567473
vn -0.3086521 0.9091638 0.2795622
v -0.1472076 0.2716732 0.2082880
vn 0.7716472 0.6341258 0.0494480
v 0.3254419 0.1546321 0.1660999
vn 0.5586662 0.8283454 0.0416641
v 0.2320222 0.2411126 0.1500194
vn -0.8438620 0.1579772 -0.5127769
v -0.8136820 -0.0192407 -0.0316725
vn 0.2610711 0.9652337 0.0128788
v -0.3501911 0.2709619 0.0952262
vn 0.2238723 0.9700276 -0.0944864
v -0.3788648 0.2758607 0.0486722
vn -0.5042702 0.8619041 0.0532259
v -0.3255435 0.7540395 -0.0790796
vn -0.6232355 0.7266378 0.2890937
v -0.7201179 0.5486045 -0.0250916
vn 0.8503324 0.5051678 -0.1474463
v -0.4520094 0.3199542 0.0785124
vn -0.4190282 0.8903894 -0.1778262
v -0.8214505 0.5169791 0.1223368
vn -0.2596911 0.8655382 0.4282572
v -0.1050490 0.2626650 0.2665853
vn -0.1325832 0.9814077 -0.1387827
v -0.0300408 0.2995174 0.0545522
vn -0.9580827 0.1165873 0.2616961
v -0.8580915 -0.0261951 0.2037814
vn -0.4069928 -0.8166711 0.4091517
v -0.6265627 -0.6304790 0.1499277
vn -0.7545305 -0.4414323 -0.4856142
v -0.6216221 -0.6251056 0.2346498
vn -0.9105179 -0.3934334 0.1271508
v -0.6450827 -0.6172818 0.3272390
vn 0.2847632 0.2988661 -0.9108178
v 0.1917886 -0.0312084 -0.2202822
vn -0.3347141 -0.2712769 -0.9024274
v -0.3738467 0.5892811 -0.1194685
vn -0.4123088 0.1366199 -0.9007422
v -0.7433341 0.2965213 -0.0672568
vn -0.9243739 -0.3470476 0.1584013
v -0.7012770 -0.6220815 0.0679613
vn -0.7404424 -0.2899222 0.6063746
v -0.6690776 -0.6215447 0.1164172
vn -0.7989994 -0.1465970 0.5831888
v -0.6202739 -0.6172332 0.1709944
vn -0.9894025 0.1365317 0.0494154
v -0.6458284 -0.6029549 0.3218915
vn -0.7702295 0.2083546 0.6027727
v -0.6083591 -0.5866753 0.4128761
vn -0.8733867 0.1273903 0.4700717
v -0.6936638 -0.6086430 0.0840750
vn -0.8610151 0.1682178 -0.4799538
v -0.6300436 -0.6038079 0.2509078
vn -0.9682380 0.1377240 -0.2086799
v -0.6418442 -0.5997198 0.2863699
vn -0.8797212 0.2810634 0.3835284
v -0.6241207 -0.5810853 0.3810105
vn -0.5318484 0.3740465 0.7597543
v -0.5814587 -0.5659834 0.4282101
vn -0.5244105 0.0479412 0.8501149
v -0.5831277 -0.5926563 0.4374147
vn -0.2920107 -0.0808205 -0.9529941
v -0.3553412 -0.1071514 -0.2307514
vn -0.2515765 0.0312532 0.9673327
v -0.3818150 -0.6012744 0.4144540
vn -0.9770587 0.2090108 -0.0408759
v -0.6962141 -0.6010699 0.0384664
vn -0.9302211 0.3666557 0.0158871
v -0.6930974 -0.5828148 0.0581451
vn -0.7966949 0.4020786 0.4512317
v -0.6879960 -0.5837303 0.0784440
vn -0.7057269 0.3735969 0.6019760
v -0.6670595 -0.5924174 0.1041082
vn -0.6927251 0.3770938 0.6147619
v -0.6501716 -0.5955649 0.1308394
vn -0.7492824 0.6275992 0.2114120
v -0.5909317 -0.5989688 0.1905549
vn -0.1353579 0.3598968 0.9231212
v -0.3787691 -0.5543368 0.4009694
vn -0.7575713 0.0229811 0.6523478
v -0.3397732 -0.5912748 0.4614552
vn -0.4548028 0.1045517 0.8844339
v -0.2798829 -0.5845074 0.5153651
vn -0.3692318 0.8009994 0.4712408
v -0.1761793 -0.0217759 0.4529020
vn -0.0583209 0.0242199 -0.9980041
v -0.6469122 0.2227584 -0.0861155
vn -0.6090866 0.4813610 0.6303215
v -0.6163473 -0.5945210 0.1604175
vn -0.7867859 0.5109534 -0.3462581
v -0.6227387 -0.5651926 0.2730435
vn -0.8257832 0.1225886 0.5505037
v -0.8300152 -0.0263117 0.2650338
vn -0.7246095 0.2760399 0.6314611
v -0.3625418 -0.5754591 0.4282364
vn -0.7805163 0.2312158 0.5808043
v -0.3319233 -0.5686749 0.4681560
vn -0.5956931 0.2008173 0.7777032
v -0.3013636 -0.5747588 0.4960627
vn -0.7385711 0.6480938 0.1857076
v -0.6766983 -0.5575626 0.0646734
vn -0.6917232 0.1628863 0.7035532
v -0.7770662 -0.0188169 0.3252699
vn -0.8144691 -0.3603251 0.4547591
v -0.2539955 -0.2138054 0.4674828
vn -0.6749833 0.4354009 0.5956708
v -0.3625448 -0.5511472 0.4155899
vn -0.2933403 0.3924373 0.8717480
v -0.2530707 -0.5534456 0.5154243
vn -0.7727844 0.6210840 -0.1306103
v -0.6732173 -0.5594169 0.0307676
vn -0.5937232 0.5652552 0.5726947
v -0.6492348 -0.5585315 0.0990042
vn -0.9015015 0.3057947 0.3062429
v -0.8449918 0.0222838 0.2128816
vn -0.6865340 -0.3326133 0.6465598
v -0.2314820 -0.2025040 0.5175464
vn -0.6115408 0.5107581 0.6042715
v -0.5887729 -0.5444495 0.4125943
vn -0.5189149 0.4786189 0.7082735
v -0.3017985 -0.5404083 0.4812565
vn -0.6040401 0.0876506 0.7921193
v -0.7321135 0.0366708 0.3487157
vn -0.5056685 0.6356294 0.5833308
v -0.6034961 -0.5593740 0.1415975
vn -0.3913462 0.7819961 0.4851085
v -0.5902163 -0.5351422 0.1200890
vn 0.4571543 0.2489175 -0.8538443
v 0.2499535 -0.0979937 -0.2194698
vn -0.6309850 -0.3398785 0.6973812
v -0.7506317 -0.1694917 0.3460735
vn -0.5387870 0.7583526 0.3668922
v -0.5837353 -0.5203590 0.3875574
vn -0.7766010 -0.0731114 0.6257361
v -0.2415133 -0.1737192 0.5164475
vn -0.6584210 0.5289469 0.5354409
v -0.3330822 -0.5334821 0.4391263
vn -0.5072497 0.7045959 0.4962281
v -0.2885060 -0.5120366 0.4615928
vn -0.1683860 0.6427042 0.7473804
v -0.1461684 0.0017689 0.4302059
vn -0.5537879 0.7717890 0.3125073
v -0.6506845 -0.5372247 0.0734326
vn -0.4500294 0.7663216 0.4585027
v -0.5592932 -0.5153021 0.1069477
vn -0.6061714 0.7743424 0.1815221
v -0.5009235 0.6204476 0.0169073
vn -0.1735625 0.9353974 0.3080709
v -0.5333953 -0.4965531 0.3723702
vn -0.6633968 -0.1777494 0.7268493
v -0.7622733 0.1829736 0.4893960
vn -0.8136501 0.2376882 0.5305448
v -0.2632367 -0.1136470 0.4631668
vn -0.7105477 0.6120983 0.3470703
v -0.7302519 0.5802771 -0.1009155
vn -0.3739562 0.5303422 0.7608508
v -0.3494921 -0.5147156 0.3938622
vn -0.7255194 0.4451539 0.5248426
v -0.2459334 -0.0876761 0.4722793
vn -0.3522095 -0.4003085 0.8459915
v -0.7738861 0.1639317 0.4714105
vn -0.6643549 0.5292975 0.5277089
v -0.5076751 -0.5043451 0.1436438
vn -0.3490192 0.8001446 0.4878056
v -0.3097808 -0.4764645 0.3803337
vn -0.5030346 0.7175577 0.4817335
v -0.3044077 -0.5106065 0.4374849
vn -0.4767138 0.6790689 0.5582199
v -0.1964579 -0.0555636 0.4987316
vn -0.4206291 0.0292547 0.9067609
v -0.6974614 -0.0791824 0.4011503
vn -0.7112255 0.3947507 0.5816617
v -0.5186047 -0.4871343 0.1179613
vn -0.2806557 -0.2595683 0.9240437
v -0.7966387 0.2138311 0.4772359
vn -0.4215375 0.6754610 0.6050278
v -0.4810003 -0.4834593 0.3580559
vn -0.4907191 0.7307647 0.4745289
v -0.3125698 -0.4937597 0.4110999
vn -0.5429703 0.6441271 0.5387797
v -0.2235409 -0.0505721 0.4578414
vn -0.8445204 -0.0768016 0.5299877
v -0.8347601 -0.0775813 0.2591958
vn -0.7046364 0.6314020 0.3237578
v -0.5579408 -0.4933248 0.0703456
vn -0.8818957 -0.2244649 0.4145789
v -0.8407850 -0.1047471 0.2405258
vn -0.9372985 0.2440177 0.2488512
v -0.8917074 0.2430225 0.3943033
vn -0.3098920 0.8187649 0.4833125
v -0.1533535 -0.0263482 0.4847217
vn -0.3143979 0.8423370 0.4377470
v -0.2679832 -0.4760754 0.4189959
vn -0.6571153 0.5382530 0.5277151
v -0.8306187 0.4146103 0.3852476
vn -0.6107775 -0.0151665 0.7916571
v -0.7260029 -0.0935183 0.3826489
vn -0.8511317 0.3991881 0.3409160
v -0.8645716 0.4597709 0.2677407
vn -0.7799733 0.1256043 0.6130786
v -0.5151646 -0.4623120 0.1134030
vn -0.9658182 -0.2218155 0.1341389
v -0.4850055 -0.4474580 0.1571493
vn -0.6341384 0.6223005 0.4589234
v -0.8312691 0.4540044 0.3366899
vn -0.4707638 -0.1481834 0.8697259
v -0.6761176 -0.1321564 0.4077330
vn -0.7985879 0.4070263 0.4433815
v -0.4872348 -0.4632247 0.3290562
vn -0.4828120 0.7476458 0.4559807
v -0.8052920 0.4820274 0.3261897
vn -0.2742700 0.6486903 0.7099133
v -0.2820472 -0.4590369 0.3638584
vn -0.6667341 -0.1461083 0.7308338
v -0.8581223 0.1904720 0.4501191
vn -0.5853654 0.7100979 0.3912907
v -0.7511007 0.7147430 -0.4009946
vn -0.7684309 0.0236818 0.6394944
v -0.8064439 -0.0543277 0.2987104
vn -0.9061683 0.1105368 0.4082164
v -0.5420320 -0.4473768 0.0712670
vn -0.3324990 0.7507589 0.5707937
v -0.7631093 0.4681504 0.3815088
vn -0.4438742 0.0081267 0.8960522
v -0.6564493 -0.1153315 0.4207967
vn -0.1208573 -0.0117565 -0.9926003
v -0.4264449 -0.0663486 -0.2162928
vn -0.7537078 0.2818729 0.5936937
v -0.8372539 0.3143966 0.4522743
vn -0.9333301 -0.0381358 0.3569882
v -0.8957343 0.2039182 0.4024541
vn -0.8572146 -0.0285624 0.5141668
v -0.4919525 -0.4545572 0.1397512
vn -0.8494446 0.0360106 0.5264477
v -0.4810872 -0.4205926 0.3250621
vn -0.8651989 0.2787093 0.4168358
v -0.8678633 0.2832725 0.4159243
vn -0.4058277 0.1679158 0.8983920
v -0.2712140 -0.4369323 0.3556365
vn -0.7732966 -0.0288680 0.6333869
v -0.2500697 -0.4162614 0.3787938
vn -0.5189602 -0.1744568 -0.8368065
v -0.8091901 0.2176806 -0.0360611
vn -0.4127795 0.1880435 0.8912086
v -0.7874699 0.2936506 0.5038469
vn -0.6954630 -0.6900731 0.2003253
v -0.4974749 -0.4241024 0.1537164
vn -0.9740133 -0.0055876 -0.2264218
v -0.7598424 0.7218587 -0.4505783
vn -0.6804212 -0.7193919 0.1396509
v -0.5115051 -0.4128403 0.2029052
vn -0.7277382 -0.5829989 0.3612609
v -0.5121691 -0.3885681 0.2534034
vn -0.9881091 -0.1082082 0.1092310
v -0.5039724 -0.4199954 0.2578557
vn -0.7124268 -0.1651791 0.6820294
v -0.4612794 -0.3654557 0.3548531
vn -0.8639027 -0.3859966 0.3235410
v -0.8076200 -0.1795979 0.2611582
vn -0.6802781 -0.1938895 0.7068442
v -0.1773017 -0.4085202 0.4810834
vn -0.7422806 -0.0047249 0.6700725
v -0.7740740 -0.0885630 0.3344281
vn -0.8394067 -0.1704554 0.5160827
v -0.8102540 -0.1296348 0.2825156
vn -0.3264929 -0.8227431 0.4652916
v -0.5359331 -0.3898591 0.2225356
vn -0.4744862 0.6515409 0.5919098
v -0.7949351 0.4388138 0.3925008
vn -0.8053572 -0.3257305 0.4952773
v -0.2338331 -0.2656425 0.4609564
vn -0.7939690 -0.1431986 0.5908532
v -0.2451013 -0.3594361 0.3929077
vn -0.8029706 0.0921927 0.5888453
v -0.8810186 0.2230672 0.4264828
vn -0.4807327 0.8018084 0.3549640
v -0.4454420 0.6617408 0.0071292
vn -0.8117111 0.4393659 0.3848153
v -0.8490885 0.4231223 0.3452035
vn -0.7657154 0.3908802 0.5107765
v -0.8409811 0.3710015 0.4090948
vn -0.5304548 -0.2333251 0.8149707
v -0.1519333 -0.3762982 0.5062423
vn -0.5032171 -0.1749024 0.8462752
v -0.8101702 0.2500395 0.4876329
vn -0.3820715 0.4409216 -0.8121635
v -0.6069896 0.1256276 -0.1315304
vn -0.7796288 -0.1530506 0.6072516
v -0.7833937 -0.1454848 0.3200558
vn -0.6294216 -0.4440880 0.6376631
v -0.8561870 0.1594971 0.4388348
vn -0.7647243 -0.1935956 0.6145872
v -0.1959444 -0.3623400 0.4660901
vn -0.3767772 -0.2078590 0.9026814
v -0.1220001 -0.3684476 0.5261441
vn -0.4599999 -0.3252050 0.8262215
v -0.6814728 -0.1733273 0.3925956
vn -0.6000437 0.3756940 0.7062590
v -0.8109332 0.3245145 0.4748046
vn -0.3064712 0.9480828 0.0849384
v -0.5467966 -0.4968271 0.3538982
vn 0.2270805 0.2183819 -0.9490753
v 0.0961383 0.0913595 -0.1882532
vn -0.0608945 -0.5817544 0.8110818
v -0.5406857 -0.6170733 0.4483404
vn -0.7109594 0.6173314 0.3368068
v -0.7347606 0.6174275 -0.1742189
vn -0.7754361 0.2685836 0.5714558
v -0.8101244 0.0305479 0.2710602
vn -0.7641097 0.1512439 0.6271058
v -0.8531762 0.2627647 0.4460705
vn -0.7695321 0.0712284 0.6346234
v -0.7649567 0.0623725 0.3098498
vn -0.9209012 0.0448203 0.3872108
v -0.8527327 -0.0508641 0.2295449
vn -0.9176167 0.2702293 0.2914715
v -0.8614731 0.3747784 0.3640658
vn -0.4184352 0.5192158 0.7452027
v -0.1867890 -0.0736968 0.5203105
vn -0.4643140 0.0003051 -0.8856706
v -0.5632823 -0.0852739 -0.2025212
vn -0.6628419 -0.2500652 0.7057677
v -0.2614699 -0.3164421 0.3835300
vn -0.6538063 0.1763963 -0.7358137
v -0.2070419 0.7736852 -0.2100989
vn -0.0517018 0.3845681 -0.9216476
v -0.0756384 0.0917838 -0.2144797
vn -0.6940466 0.2488264 0.6755626
v -0.2319070 -0.1329421 0.5193030
vn -0.5588055 0.8009888 -0.2148336
v -0.5847243 0.5407288 0.0419026
vn -0.5069135 -0.0740794 0.8588079
v -0.8351661 0.2120823 0.4680267
vn -0.9049565 -0.3985771 -0.1489633
v -0.7162097 0.4846350 -0.3152573
vn -0.3880135 -0.2674564 0.8819935
v -0.1989627 -0.1950374 0.5415136
vn -0.5772051 0.5186694 0.6307269
v -0.8104981 0.3821713 0.4340108
vn 0.0655286 -0.8421774 0.5352041
v -0.2217138 -0.6198227 0.5110766
vn -0.7181180 0.0705881 0.6923322
v -0.8328891 0.2669104 0.4694915
vn -0.4455170 0.3408539 -0.8278486
v -0.6354305 0.0710668 -0.1384159
vn -0.6399121 -0.3420109 0.6881432
v -0.2076682 -0.2470293 0.5110010
vn -0.9143622 0.3459604 0.2103648
v -0.7388272 0.5570002 -0.0873502
vn -0.6416042 -0.1615036 0.7498404
v -0.7464849 -0.1368160 0.3617648
vn -0.6542308 0.1418454 0.7428741
v -0.8135272 0.2881209 0.4880506
vn -0.7608311 -0.3891318 0.5193385
v -0.7852074 -0.1812054 0.3021655
vn -0.7255605 0.2181961 0.6526504
v -0.7898725 0.0186119 0.2991088
vn -0.8493787 0.2534274 0.4629582
v -0.8338473 0.0127747 0.2456873
vn -0.4343387 0.5587306 0.7065197
v -0.7825346 0.3798227 0.4578434
vn -0.6777856 0.1068529 0.7274539
v -0.7628455 -0.0475269 0.3425723
vn -0.5373883 0.1980904 0.8197402
v -0.7099819 -0.0419032 0.3887360
vn -0.0229776 -0.0799803 -0.9965316
v -0.5092425 -0.1114305 -0.2115856
vn -0.6330307 -0.4823427 0.6054897
v -0.7389893 -0.2149662 0.3262613
vn -0.0023821 0.4194855 -0.9077590
v -0.2106656 0.0660607 -0.2158460
vn -0.6847111 0.6427315 0.3436087
v -0.8542284 0.4855014 0.2517817
vn -0.8209033 -0.2753989 0.5002730
v -0.2327822 -0.3078164 0.4367614
vn -0.6166755 -0.3740802 0.6926582
v -0.1935247 -0.3110784 0.4985074
vn -0.1604796 -0.0882393 0.9830871
v -0.8079870 0.2008825 0.4754229
vn -0.5238227 -0.3439738 -0.7792893
v -0.1416862 0.7233061 -0.2510907
vn -0.8784104 0.0420385 0.4760547
v -0.2648500 -0.1511876 0.4712483
vn -0.1642701 -0.2077924 -0.9642809
v -0.4053924 -0.1090848 -0.2139062
vn -0.2103960 0.2702919 -0.9395083
v -0.3064004 0.0277032 -0.2160907
vn -0.1635494 0.3275235 -0.9305804
v -0.2696282 0.0450502 -0.2207177
vn -0.2629706 -0.1109641 -0.9584015
v -0.7133679 0.1974060 -0.0762293
vn -0.0604173 0.3584276 -0.9316005
v -0.4459048 0.0513985 -0.1977734
vn -0.8029196 -0.3209276 0.5023203
v -0.2650115 -0.2559722 0.4122351
vn -0.8896500 -0.2984059 -0.3456540
v -0.4401886 -0.6284891 -0.2065285
vn -0.8608764 0.3616306 -0.3579317
v -0.4349696 -0.5871070 -0.2039630
vn -0.9217305 0.2652718 -0.2829204
v -0.4491768 -0.6085375 -0.1718755
vn -0.7352734 -0.5200709 -0.4346255
v -0.8542817 0.1341034 0.0562917
vn 0.0580119 0.9670498 -0.2478898
v 0.5002562 -0.2595703 0.0876333
vn -0.8106108 0.2805426 -0.5140099
v -0.6804486 -0.6022533 -0.0090091
vn -0.8404362 0.4283647 -0.3319196
v -0.5889741 -0.5909275 0.2172174
vn -0.5636892 -0.6514803 -0.5077677
v -0.7511321 0.6818659 -0.4168419
vn -0.6809947 0.5266697 -0.5087880
v -0.4233704 0.6748682 -0.0705982
vn -0.9163393 0.1470834 -0.3724094
v -0.7500732 0.7485703 -0.4855118
vn -0.5884547 0.4037977 -0.7004773
v -0.3919381 -0.5883737 -0.2645503
vn -0.8601650 0.1709257 -0.4805211
v -0.4274562 -0.6150030 -0.2344580
vn -0.5913294 0.5468947 -0.5926515
v -0.6441920 -0.5734442 -0.0485121
vn -0.7350765 0.5410758 -0.4085334
v -0.6693974 -0.5633537 0.0018648
vn -0.7140121 -0.6221436 -0.3211294
v -0.7312555 0.5757660 -0.2601372
vn -0.6830096 0.4162007 -0.6002290
v -0.6098931 -0.5813342 0.2434424
vn -0.9569601 -0.1301924 -0.2593787
v -0.6989886 0.5038688 -0.4016291
vn -0.6758428 0.4891493 -0.5513344
v -0.3968648 -0.5628262 -0.2326095
vn -0.9144084 0.2904924 -0.2819070
v -0.4542809 -0.5883119 -0.1355084
vn -0.8717252 0.0897226 -0.4817106
v -0.8658172 0.2781298 0.0439460
vn -0.8367538 0.5460134 -0.0413808
v -0.7442743 0.5215292 -0.0222070
vn -0.8611265 -0.2860929 -0.4202522
v -0.6779004 0.6678233 -0.4947207
vn -0.8524497 0.5077442 -0.1246008
v -0.6263819 -0.5609322 0.3056560
vn 0.1057664 0.7608584 -0.6402406
v -0.4074659 0.2353957 -0.0924236
vn -0.0894659 0.7709677 -0.6305591
v -0.4647133 0.2434585 -0.0812808
vn -0.6983178 0.5779248 -0.4223212
v -0.4074893 -0.5452763 -0.2079352
vn -0.5795330 0.7809178 -0.2330430
v -0.6507685 -0.5386055 0.0152184
vn -0.9803503 0.1329260 -0.1457530
v -0.7094646 0.5306208 -0.2894816
vn -0.5931894 0.8030151 0.0573860
v -0.5351223 -0.5492185 0.1849921
vn -0.6424873 0.5920955 -0.4864494
v -0.5807045 -0.5638812 0.2219006
vn -0.9178417 0.3784640 0.1197151
v -0.6331089 -0.5685382 0.3414119
vn -0.7623442 0.4068091 -0.5033266
v -0.7740410 0.4896531 0.0058506
vn -0.8263434 0.5039755 -0.2513272
v -0.4256721 -0.5587614 -0.1739564
vn -0.8091322 0.5066690 -0.2976432
v -0.4368401 -0.5538859 -0.1372167
vn -0.7993287 0.2459274 -0.5482638
v -0.8034595 0.0281071 -0.0318383
vn -0.4772059 0.8783726 -0.0271320
v -0.6329575 -0.5231996 0.0440600
vn -0.9860114 -0.1259925 -0.1091211
v -0.7291968 0.5052722 -0.1391508
vn -0.6629311 0.6384950 -0.3909559
v -0.5266212 -0.5202034 0.2282745
vn -0.6178144 0.7027867 -0.3526984
v -0.6038710 -0.5416217 0.2754588
vn -0.6848043 0.7282826 -0.0254503
v -0.6074335 -0.5275001 0.3347164
vn -0.7831331 0.5202602 0.3406344
v -0.6142541 -0.5435358 0.3671133
vn -0.4863033 0.7154896 -0.5015813
v -0.5825170 -0.5316872 -0.0399424
vn -0.4148951 0.8456776 -0.3356959
v -0.6113918 -0.5239524 0.0046818
vn -0.3964199 0.8600516 0.3211891
v -0.6017957 -0.5143784 0.0695126
vn -0.8921590 0.4167302 0.1743225
v -0.8797767 0.4747722 0.2079190
vn -0.5070502 0.7515788 -0.4219353
v -0.5519569 -0.5196326 0.2597198
vn -0.4839576 0.8466852 -0.2211542
v -0.5537198 -0.5070356 0.2889608
vn -0.6122570 0.7530119 -0.2410694
v -0.3820582 0.7164721 -0.0732337
vn -0.9959371 0.0792380 0.0427869
v -0.8666044 0.3738625 0.3300655
vn -0.9106507 0.3580869 0.2061291
v -0.8952233 0.2942731 0.2434620
vn -0.9656741 0.2107241 0.1518849
v -0.8921242 0.2694666 0.2876239
vn -0.1856281 0.3122967 -0.9316722
v -0.3282819 -0.5676942 -0.2867401
vn -0.8456049 -0.2954926 -0.4445633
v -0.8720031 0.1626846 0.0548677
vn -0.6747019 0.7176650 -0.1724365
v -0.5657017 -0.5028617 0.0020540
vn -0.4348423 -0.8738574 -0.2174522
v -0.6933867 0.4488357 -0.2085067
vn -0.6522468 0.7040621 0.2808392
v -0.5064780 -0.5249248 0.1709821
vn -0.4480236 0.8906975 -0.0770251
v -0.5743876 -0.5072441 0.3303615
vn -0.6811230 0.7319718 0.0169936
v -0.5560800 0.5706619 0.0402373
vn -0.7551025 0.2833245 -0.5912255
v -0.7826716 0.0920315 -0.0195186
vn -0.8074478 0.5469819 -0.2209955
v -0.5017813 -0.5186320 0.1877551
vn -0.8552660 0.3309520 -0.3987366
v -0.5010664 -0.4947661 0.2092724
vn -0.9737592 -0.2275678 0.0024236
v -0.7506843 0.5494331 -0.1604721
vn -0.3316603 0.9054817 -0.2647723
v -0.3617231 -0.5033373 -0.1657711
vn -0.4747810 0.8418551 -0.2566380
v -0.7625339 0.5193671 0.0385499
vn -0.9674909 0.2407335 0.0775175
v -0.5571898 -0.4768153 0.0445752
vn -0.8384528 0.5439368 0.0336095
v -0.5087559 -0.4767277 0.2808090
vn -0.4599003 0.8748885 0.1518615
v -0.5123646 -0.4889628 0.3283814
vn -0.6480853 -0.5792819 -0.4943865
v -0.7105856 0.6667887 -0.4330242
vn -0.5775778 0.3560260 -0.7346084
v -0.5261117 -0.5018446 -0.0572189
vn -0.9598814 0.2202574 -0.1735353
v -0.5057328 -0.4704366 0.2367151
vn -0.9902300 -0.1360467 -0.0305915
v -0.7649876 0.6537024 -0.3432561
vn 0.1774125 0.7972821 -0.5769455
v 0.0909862 0.2296590 -0.0950227
vn 0.0192603 0.4129825 -0.9105353
v -0.3162787 0.0891270 -0.1831159
vn -0.6281285 0.7517279 -0.2008975
v -0.3009816 -0.4847260 -0.1876164
vn 0.5349746 0.4248702 -0.7302654
v 0.4446787 -0.2893732 0.0291410
vn 0.7181748 0.5165798 -0.4662299
v 0.3241070 0.0958536 -0.0675707
vn -0.7863988 -0.0000171 -0.6177192
v -0.5321678 -0.4541739 -0.0381492
vn -0.8663835 0.3593515 -0.3467653
v -0.5500597 -0.4842589 -0.0148096
vn -0.9486170 0.2788125 0.1496311
v -0.4861828 -0.4896402 0.1659403
vn -0.9596931 0.1168311 -0.2556162
v -0.4891283 -0.4816712 0.1853657
vn -0.9771801 0.1241945 0.1723218
v -0.5016211 -0.4487880 0.2775107
vn -0.9042918 -0.0955878 -0.4160762
v -0.6543390 0.6340829 -0.5362208
vn -0.9506282 0.1733483 -0.2574034
v -0.2926488 -0.4605686 -0.1708839
vn -0.1991756 0.6289735 -0.7514795
v -0.0880585 0.1128161 -0.1986015
vn -0.9946575 0.0828734 -0.0615507
v -0.5517174 -0.4381564 0.0226176
vn -0.6403797 0.6769923 -0.3627608
v -0.3165946 0.7526305 -0.1124084
vn -0.8115138 0.3057401 -0.4979644
v -0.2804498 -0.4686971 -0.2143841
vn -0.8418266 0.3962841 -0.3664519
v -0.3033960 -0.4636117 -0.1342505
vn -0.9003779 -0.1613314 -0.4040938
v -0.5382274 -0.4134129 -0.0323961
vn -0.9544597 -0.2419370 -0.1745657
v -0.4922303 -0.4440612 0.1909632
vn -0.6095365 0.7834564 0.1210840
v -0.8592018 0.5022008 0.1941868
vn -0.5253681 -0.6074883 -0.5957738
v -0.7458763 0.7157780 -0.4627597
vn -0.8971018 -0.3939506 -0.2000282
v -0.7596497 0.6231599 -0.3076761
vn -0.8154612 -0.1396352 -0.5617162
v -0.2662998 -0.4420506 -0.2431121
vn -0.8008302 -0.4475747 0.3979297
v -0.5265268 -0.4291360 0.0998346
vn -0.7926167 0.2258177 -0.5663614
v -0.8414718 0.2981673 0.0088130
vn -0.8754506 0.2681992 -0.4020640
v -0.8701643 0.3193536 0.0572514
vn -0.9276354 0.3640976 -0.0832194
v -0.8916578 0.3113602 0.1491756
vn -0.6955121 0.3858385 -0.6061283
v -0.4702265 0.6281713 -0.0489093
vn -0.6723596 -0.3251631 -0.6649823
v -0.5226871 -0.3846474 -0.0734654
vn -0.4665897 -0.8812015 0.0760131
v -0.5552434 -0.4066491 0.0843582
vn -0.8468966 0.3652018 -0.3865148
v -0.8390871 0.3747101 0.0440605
vn -0.9259693 0.3775802 0.0037583
v -0.8989753 0.3013939 0.1925695
vn -0.8658911 0.4738666 0.1602593
v -0.8824680 0.3226227 0.2386770
vn 0.4726310 0.6360248 -0.6099939
v 0.2108965 0.1736114 -0.0968228
vn -0.9241222 -0.1598527 -0.3470524
v -0.2866132 -0.4025814 -0.2060270
vn -0.9418328 -0.1171099 -0.3150177
v -0.3024912 -0.4305754 -0.1390943
vn -0.4469220 -0.8615202 -0.2409225
v -0.5704027 -0.3916537 0.0252716
vn -0.9483218 0.2707223 -0.1655151
v -0.8724107 0.3481541 0.1367868
vn 0.3922843 -0.0947541 -0.9149507
v -0.5952216 0.6873748 -0.5962827
vn -0.7026576 -0.1601584 -0.6932688
v -0.6387327 0.6364222 -0.5669410
vn -0.6245025 0.3375514 -0.7043122
v -0.2372395 0.7764114 -0.1810426
vn -0.6119762 0.2341820 -0.7554098
v -0.1559535 0.8047358 -0.2517143
vn -0.9438898 -0.1539237 -0.2921979
v -0.2978494 -0.4132759 -0.1724198
vn 0.2910847 0.7435224 -0.6020334
v 0.1011633 -0.0344801 -0.2503780
vn -0.6563120 -0.6753151 -0.3364579
v -0.5557997 -0.3887966 -0.0104274
vn -0.9865897 0.1205656 0.1100220
v -0.8618224 0.3553571 0.2508982
vn 0.1638677 0.2448651 -0.9556090
v 0.0422609 0.0403322 -0.2079970
vn -0.9439974 0.3196838 0.0816781
v -0.8737190 0.3168795 0.3004912
vn -0.9881752 -0.0718569 0.1354488
v -0.8777640 0.3751496 0.1987883
vn -0.9831908 0.1535794 0.0987389
v -0.9110420 0.2552906 0.2146323
vn -0.9580022 0.2549211 0.1313282
v -0.8733311 0.3040546 0.3687063
vn -0.0003203 0.6668947 -0.7451519
v -0.4358356 0.2169135 -0.1118473
vn 0.0967099 0.5388777 -0.8368142
v 0.1097068 -0.0145332 -0.2225867
vn -0.0852624 0.2334257 -0.9686294
v -0.3792355 -0.0054373 -0.2118410
vn 0.1489597 -0.7235380 -0.6740206
v -0.6333126 0.5687017 -0.5375150
vn -0.9219427 0.3212249 0.2164168
v -0.7483556 0.6076800 -0.2006447
vn -0.6849155 0.7099780 -0.1637742
v -0.4696467 0.6491240 -0.0244163
vn -0.9923600 -0.1147199 -0.0453982
v -0.7436513 0.5197908 -0.0877669
vn -0.4890546 -0.5423267 -0.6831598
v -0.6549780 0.5568589 -0.5218714
vn 0.3033133 0.4846075 -0.8204612
v 0.5114721 -0.3336890 -0.0049412
vn -0.9080894 -0.2597895 -0.3284555
v -0.2808871 -0.3737738 -0.2408967
vn -0.9073334 -0.2797820 -0.3137965
v -0.3003391 -0.3353477 -0.2199458
vn 0.3914085 0.4497515 -0.8028219
v 0.2344339 0.0281754 -0.1770487
vn -0.7539151 0.6118128 -0.2393681
v -0.5362910 0.5873492 0.0133058
vn -0.5075341 -0.3693503 -0.7784534
v -0.6442690 0.5864462 -0.5495260
vn -0.9576285 -0.2754606 -0.0840785
v -0.7560008 0.5895725 -0.2320167
vn -0.1043108 0.7785258 -0.6188836
v -0.1771150 0.1927620 -0.1074122
vn 0.3586526 0.4299019 -0.8285847
v 0.2099099 0.0948995 -0.1457963
vn -0.8888217 -0.0856018 -0.4501871
v -0.6610885 0.5805854 -0.5240630
vn -0.6518077 -0.3075464 -0.6932257
v -0.2459953 -0.3822381 -0.2983842
vn -0.7067270 -0.3057308 -0.6380169
v -0.2565784 -0.3351049 -0.3061198
vn -0.8465384 -0.2754841 -0.4555012
v -0.2748052 -0.3629895 -0.2700951
vn -0.8629829 -0.3156234 -0.3945154
v -0.3152157 -0.3720289 -0.1493918
vn -0.3441233 0.0206345 -0.9386978
v -0.6851571 0.1582504 -0.0769181
vn -0.9603072 0.0095761 -0.2787801
v -0.6746025 0.5765560 -0.4777503
vn -0.8650135 -0.3006058 -0.4017311
v -0.2931654 -0.3098657 -0.2673539
vn -0.8470280 -0.3123239 -0.4301133
v -0.3188083 -0.3227192 -0.1777419
vn 0.0142064 0.5066807 -0.8620167
v 0.1308349 0.0271351 -0.2086177
vn 0.8288949 0.1090621 -0.5486700
v 0.4293190 -0.2899107 0.0091614
vn 0.0393274 0.5164168 -0.8554339
v -0.0212675 0.1199906 -0.1900499
vn -0.5899477 -0.7017233 -0.3994322
v -0.6963348 -0.3161313 -0.0069853
vn -0.8921288 0.4158402 0.1765876
v -0.7608278 0.7095166 -0.4129997
vn -0.6802012 0.4718710 -0.5609493
v -0.8044508 0.4927931 0.0407277
vn -0.7797824 0.2631972 -0.5680375
v -0.8453162 0.3287110 0.0231775
vn 0.5439742 0.1051481 -0.8324879
v 0.2547192 -0.1467991 -0.2238189
vn -0.6098815 -0.7060559 -0.3599022
v -0.7241094 -0.2835253 -0.0220944
vn -0.1231497 0.0170697 -0.9922413
v -0.5276162 -0.0791198 -0.2136389
vn -0.9732969 0.1749070 -0.1486634
v -0.7080712 0.5081840 -0.3451634
vn -0.4508706 -0.6556604 -0.6056609
v -0.7207205 0.7003160 -0.4596989
vn -0.7838604 -0.3630445 -0.5037475
v -0.2772702 -0.3041736 -0.2959234
vn 0.1342233 0.5684432 -0.8116997
v 0.1679523 0.0262310 -0.2077321
vn -0.7641026 -0.6341598 -0.1182734
v -0.7855554 -0.2583333 0.0686589
vn -0.8975956 -0.3550822 -0.2612258
v -0.7248905 0.5252433 -0.1834355
vn -0.9296097 0.3082570 -0.2019989
v -0.8851213 0.3114437 0.1028442
vn 0.1912323 0.6869711 -0.7010713
v -0.0079707 -0.0442957 -0.3099041
vn -0.6648286 -0.5799128 -0.4708548
v -0.7503792 -0.2489180 -0.0514924
vn -0.6834963 -0.6838142 -0.2554034
v -0.7720339 -0.2609450 0.0294087
vn -0.8344812 -0.5500564 0.0328506
v -0.7891327 -0.2540274 0.1079055
vn -0.7505692 -0.6431131 -0.1518271
v -0.7122937 0.4651302 -0.1956341
vn -0.9747449 0.1915238 -0.1148524
v -0.8827367 0.4711821 0.1572907
vn -0.9510807 -0.0205642 -0.3082575
v -0.8782927 0.4496260 0.1431663
vn -0.7194638 -0.2217267 -0.6581863
v -0.6626473 0.7287645 -0.5528634
vn -0.1712501 0.5425001 -0.8224154
v -0.2634774 0.0747053 -0.2057211
vn 0.4598430 0.7747952 -0.4338628
v 0.2073056 0.2222672 -0.0283419
vn -0.6935211 -0.6623779 -0.2833446
v -0.7643232 -0.2515748 -0.0081711
vn -0.8230303 -0.4876141 -0.2912965
v -0.7933480 -0.2296358 0.0170298
vn -0.8495035 -0.5273496 -0.0156945
v -0.8095225 -0.2221127 0.0866072
vn -0.8459314 0.3572326 -0.3959609
v -0.8720628 0.4807711 0.1260166
vn -0.1141080 0.6249155 -0.7723082
v 0.0081998 0.1638948 -0.1676061
vn -0.9817982 0.0717909 -0.1758365
v -0.7209776 0.5016785 -0.2769541
vn -0.7322277 -0.2825033 -0.6197053
v -0.2812027 -0.2593057 -0.3224540
vn -0.8635243 -0.2954394 -0.4087068
v -0.3014711 -0.2490106 -0.2933103
vn -0.9101753 -0.2764598 -0.3084653
v -0.3152241 -0.2686734 -0.2403974
vn -0.8094427 -0.4299355 -0.3999475
v -0.7789675 -0.2236984 -0.0288859
vn -0.8626170 -0.1257685 -0.4899737
v -0.8651534 0.4270977 0.1207323
vn -0.8390402 -0.0375141 -0.5427747
v -0.7481516 0.4526050 -0.0420951
vn -0.9636866 -0.1777904 -0.1992453
v -0.7047228 0.5665395 -0.3297524
vn 0.1785607 0.4920328 -0.8520680
v 0.0689742 0.1443862 -0.1773563
vn -0.9298297 -0.2313768 -0.2861496
v -0.3335536 -0.2283175 -0.2162922
vn -0.8644550 -0.3944981 -0.3115908
v -0.8110129 -0.1832718 0.0221882
vn -0.8680464 -0.4410610 -0.2279486
v -0.8095602 -0.2175841 0.0451214
vn -0.9428256 -0.3271399 -0.0637131
v -0.8333822 -0.1819064 0.1018511
vn -0.8687538 -0.4950870 -0.0124807
v -0.8319986 -0.1915706 0.1396061
vn -0.7560224 -0.5759457 0.3109932
v -0.7883137 -0.2107165 0.2583857
vn 0.4641553 0.5450072 -0.6982313
v 0.2577949 0.1250879 -0.1016009
vn -0.7050862 -0.6122020 -0.3578576
v -0.7351297 0.5499220 -0.2070822
vn -0.7252557 0.6788687 -0.1146370
v -0.8701910 0.4938771 0.1522894
vn -0.9385320 -0.1589290 -0.3064300
v -0.6879048 0.6148930 -0.4385225
vn -0.9248385 -0.1466435 -0.3509550
v -0.3210666 -0.2211328 -0.2678705
vn -0.6002222 -0.3640766 -0.7121669
v -0.7082701 -0.1910609 -0.1329274
vn -0.7514030 -0.3328831 -0.5697212
v -0.7664961 -0.1904326 -0.0677937
vn -0.9238829 -0.3408293 0.1739998
v -0.8317376 -0.1653271 0.1889286
vn -0.8652551 -0.4379208 0.2440473
v -0.8153116 -0.1838476 0.2144293
vn -0.9822819 0.0448586 -0.1819617
v -0.6897895 0.5561115 -0.4078045
vn -0.8677888 -0.4044572 -0.2887161
v -0.7110288 0.5941752 -0.3411504
vn 0.3295770 0.3182273 -0.8888816
v 0.1617624 0.0982722 -0.1645410
vn -0.8080190 -0.1322128 -0.5741298
v -0.2994869 -0.2197051 -0.3172530
vn 0.2889899 0.2566898 -0.9222772
v -0.6028572 0.7318405 -0.5944151
vn -0.0638141 0.6358798 -0.7691454
v -0.1700305 0.1466184 -0.1663295
vn -0.8358821 -0.3974923 -0.3785512
v -0.7961568 -0.1824328 -0.0232396
vn -0.5971246 0.0982993 -0.7961028
v -0.7596608 0.3939912 -0.0445004
vn -0.6985210 -0.0292301 -0.7149923
v -0.2796909 -0.1981781 -0.3388436
vn -0.8468497 0.1003815 -0.5222730
v -0.3018742 -0.1869107 -0.3111222
vn -0.9313436 0.0190666 -0.3636422
v -0.3215279 -0.1945621 -0.2624342
vn 0.0610641 0.4865464 -0.8715181
v -0.4321116 0.1756420 -0.1423621
vn -0.8601350 -0.1972015 -0.4704035
v -0.7707283 -0.1500432 -0.0846955
vn -0.8591769 -0.3746467 -0.3485038
v -0.8221441 -0.1539957 -0.0007506
vn -0.9437808 -0.3304018 0.0106094
v -0.8389099 -0.1489006 0.1200608
vn -0.9943771 -0.0530768 0.0916358
v -0.8379264 -0.1651404 0.1466978
vn -0.8785477 -0.3230074 0.3518809
v -0.8227638 -0.1408600 0.2482557
vn -0.7139040 -0.2759475 -0.6435791
v -0.7441623 -0.1625212 -0.1106988
vn -0.7936308 -0.2989587 -0.5298810
v -0.8002398 -0.1577365 -0.0422344
vn -0.9128839 -0.3724574 -0.1670881
v -0.8331485 -0.1660384 0.0615229
vn -0.9278730 -0.1503908 -0.3412248
v -0.8812962 0.4031011 0.1515273
vn -0.7053285 -0.4253804 -0.5670654
v -0.7215698 0.4276683 -0.0691270
vn -0.6454668 0.2708347 -0.7141576
v -0.8067374 0.3304923 -0.0163121
vn -0.9829323 0.1668773 -0.0774355
v -0.7328411 0.4988202 -0.1922013
vn -0.9560508 0.2841021 -0.0724776
v -0.7243283 0.5122133 -0.1875245
vn -0.2039933 0.6707910 -0.7130401
v -0.5057493 0.2112290 -0.1043901
vn -0.8537486 0.3366657 -0.3972023
v -0.2971211 -0.1384335 -0.2949229
vn -0.8909034 0.1491767 -0.4289959
v -0.3150689 -0.1721238 -0.2813259
vn -0.9128271 -0.1405133 -0.3834094
v -0.8358011 -0.1238072 0.0088619
vn -0.0916576 0.3773012 -0.9215437
v -0.1208612 0.0637767 -0.2161669
vn -0.8194343 -0.0323810 -0.5722576
v -0.8564031 0.4477173 0.0954955
vn -0.7961212 0.0593006 -0.6022246
v -0.8276312 0.4580270 0.0637872
vn -0.7009000 0.5387641 -0.4674105
v -0.8460137 0.4917656 0.0981488
vn -0.3808322 -0.5888733 0.7128780
v -0.5811470 -0.6206203 0.4341435
vn -0.9287135 -0.3636637 -0.0723874
v -0.8534865 -0.1244975 0.0783349
vn -0.9157169 -0.3981462 0.0542433
v -0.8585944 -0.1158318 0.1375349
vn -0.8402519 -0.5335565 0.0964061
v -0.8507494 -0.1268435 0.1495240
vn -0.8943225 -0.3720941 0.2484619
v -0.8409855 -0.1286005 0.2167543
vn -0.7805815 -0.6016487 -0.1694448
v -0.7212912 0.4595063 -0.1370113
vn -0.7751592 -0.0068619 -0.6317288
v -0.3355383 -0.1518878 -0.2349418
vn -0.8980396 -0.0464481 -0.4374556
v -0.8213973 -0.0945915 -0.0290682
vn -0.9535778 -0.1283336 -0.2724334
v -0.8516231 -0.1160628 0.0468776
vn -0.9884155 0.0604595 0.1392102
v -0.8844831 0.4416566 0.2153648
vn -0.9944212 -0.0663984 -0.0819619
v -0.9124217 0.2135754 0.1730900
vn -0.7776347 0.2926959 -0.5564292
v -0.2819478 -0.1387636 -0.3254732
vn -0.7801459 0.4476539 -0.4370106
v -0.2954171 -0.1075134 -0.2663458
vn -0.7431761 -0.0834496 -0.6638716
v -0.7518460 -0.1150647 -0.1130594
vn -0.7525336 -0.1498695 -0.6412741
v -0.7804396 -0.1115910 -0.0754094
vn -0.7833410 -0.1171230 -0.6104582
v -0.8050363 -0.0992886 -0.0546241
vn -0.9890118 -0.1288593 -0.0724636
v -0.8642610 -0.0986864 0.1125832
vn -0.9007998 -0.0251864 -0.4335037
v -0.8671582 0.3863662 0.1331673
vn -0.9784505 0.0956771 -0.1829768
v -0.7457007 0.5004395 -0.0539668
vn -0.7358425 0.4695559 -0.4879070
v -0.4942157 0.6186631 -0.0257547
vn -0.7509988 0.1886353 -0.6327856
v -0.8356864 0.2699873 -0.0143699
vn -0.7221851 -0.4690441 -0.5083762
v -0.6729113 0.5332644 -0.4851984
vn -0.9478574 0.0190758 -0.3181235
v -0.8436351 -0.0738309 0.0406605
vn -0.9866330 0.0254761 -0.1609543
v -0.8612403 -0.0712488 0.1021840
vn -0.9910562 -0.0929644 0.0957356
v -0.8663263 -0.0787626 0.1722000
vn -0.7943900 0.2282116 -0.5629069
v -0.7998152 0.4081759 0.0121125
vn -0.5868870 -0.7417772 -0.3245461
v -0.7020373 0.4247344 -0.1062177
vn -0.6420945 -0.6562155 -0.3963532
v -0.7509437 0.6415623 -0.3555444
vn -0.0594020 0.7141557 -0.6974619
v -0.1457670 -0.0568797 -0.3317622
vn -0.9656360 0.0181119 -0.2592666
v -0.6869454 0.5319226 -0.4425635
vn -0.9330785 0.0641715 -0.3539021
v -0.8926179 0.2464418 0.0885440
vn -0.6025060 0.0570873 -0.7960701
v -0.7351806 -0.0842021 -0.1318950
vn -0.8007622 0.0740170 -0.5943916
v -0.8018487 -0.0624072 -0.0597995
vn 0.0044206 0.7201490 -0.6938053
v -0.1006499 -0.0498333 -0.3266147
vn -0.0339232 0.6127155 -0.7895752
v -0.2835585 0.1451598 -0.1531779
vn 0.0931829 0.6164762 -0.7818402
v -0.3598070 0.1565688 -0.1466853
vn -0.0994205 0.2659465 -0.9588473
v -0.1201661 0.0300950 -0.2303036
vn 0.2782704 0.1243602 -0.9524181
v 0.0642981 -0.1121675 -0.3185033
vn 0.1201970 0.5151176 -0.8486499
v -0.0619878 -0.0664237 -0.3365991
vn 0.3546221 0.6838621 -0.6376329
v 0.1527478 0.1954623 -0.1103605
vn 0.4959764 0.3616686 -0.7894322
v 0.2813504 0.0263730 -0.1524406
vn 0.6101077 0.1189537 -0.7833382
v 0.4068146 -0.3506055 -0.0245605
vn 0.5554586 0.3229025 -0.7662896
v 0.2776805 -0.0174386 -0.1691554
vn 0.0387453 0.2746741 -0.9607565
v -0.1932303 0.0293513 -0.2261508
vn 0.5483627 -0.0231385 -0.8359205
v 0.3262618 -0.1556747 -0.1801097
vn -0.3689398 0.8964388 -0.2455214
v -0.1806436 0.8425139 -0.1957541
vn 0.1081621 0.6119133 -0.7834942
v 0.0620217 0.1755110 -0.1574132
vn 0.5384052 0.4783238 -0.6937768
v 0.5443300 -0.3091390 0.0256430
vn 0.1192491 0.8386458 -0.5314631
v -0.0518258 0.1270979 -0.1896113
vn 0.1040597 0.5265990 -0.8437210
v 0.4424754 -0.3395055 -0.0117616
vn -0.0924369 0.9033902 -0.4187382
v -0.0975534 -0.0146695 -0.2680926
vn -0.3220425 0.5602955 -0.7631236
v -0.5844821 0.1721721 -0.1097703
vn 0.2809234 0.5925021 -0.7549989
v 0.1250387 0.1848951 -0.1351454
vn 0.2868695 0.5087131 -0.8117370
v 0.1472908 -0.0461057 -0.2362458
vn -0.2884615 0.7376231 -0.6104934
v -0.2986572 -0.5059773 -0.2412425
vn -0.5576952 0.6280512 -0.5427042
v -0.1717544 0.8311760 -0.2228287
vn -0.0901567 0.5402982 -0.8366300
v -0.1260147 0.0993963 -0.1949079
vn -0.8404606 0.4088831 -0.3555849
v -0.6883885 -0.5910556 0.0074650
vn 0.2552324 0.4519713 -0.8547388
v 0.1730945 0.0631291 -0.1713973
vn 0.0933025 0.7260115 -0.6813236
v -0.3250547 0.1803686 -0.1153088
vn -0.1340240 0.5204361 -0.8433172
v -0.4824738 0.1753321 -0.1392358
vn -0.0387006 0.6356768 -0.7709846
v -0.0646543 0.1713566 -0.1484857
vn 0.0392148 0.9253974 -0.3769641
v -0.1493769 0.8336175 -0.2397138
vn 0.0573513 0.1386834 -0.9886748
v -0.2958629 -0.5965673 -0.2912219
vn 0.0773447 0.7096204 -0.7003261
v -0.1278068 0.8142427 -0.2660441
vn 0.0530057 0.4360424 -0.8983638
v -0.4626807 0.1148521 -0.1690082
vn 0.0471804 0.4828293 -0.8744426
v -0.1266343 -0.0867273 -0.3544031
vn -0.0075513 0.9307908 -0.3654743
v -0.6101862 0.5269490 0.0287418
vn -0.2132228 0.3817069 -0.8993530
v -0.5330629 0.1041087 -0.1708510
vn 0.7992340 0.5460483 -0.2511102
v -0.1072779 0.7954043 -0.2711001
vn 0.2269235 -0.5908421 -0.7742167
v -0.2568545 -0.6288822 -0.2814569
vn 0.1077428 0.2190205 -0.9697534
v -0.0641888 0.0239275 -0.2273728
vn -0.7065722 0.4523727 -0.5441643
v -0.5510120 0.5575248 0.0058241
vn 0.3854496 0.3822902 -0.8398112
v 0.1844223 -0.0761455 -0.2406260
vn 0.3140020 0.7945051 -0.5197734
v 0.1302509 0.2373550 -0.0660883
vn -0.0681621 0.2939230 -0.9533957
v -0.2100793 -0.0129168 -0.2349862
vn -0.1179937 0.6888416 -0.7152445
v -0.1657217 -0.0163343 -0.2409557
vn -0.3690632 0.2586326 -0.8926934
v -0.5674633 0.4990950 -0.0063613
vn 0.0018443 0.8708818 -0.4914891
v 0.0344560 0.2697402 -0.0431870
vn 0.0083862 0.6341150 -0.7731934
v -0.0825312 0.0016838 -0.2354137
vn -0.1195654 0.3013519 -0.9459869
v -0.1176725 0.7879388 -0.2809485
vn -0.2981266 0.6147288 -0.7302254
v -0.5908187 0.5153261 0.0096658
vn -0.0503552 0.7234994 -0.6884860
v -0.2858737 0.1681338 -0.1322080
vn 0.5813965 0.5814589 -0.5691078
v 0.2951495 0.1205053 -0.0791386
vn 0.0985280 -0.2186104 -0.9708253
v -0.3065957 -0.6248631 -0.2963955
vn -0.5602698 -0.0937765 -0.8229846
v -0.1323588 0.7675987 -0.2719117
vn 0.2725916 0.4710093 -0.8389542
v 0.1123443 0.1521922 -0.1584084
vn 0.5570868 0.5796816 -0.5946625
v -0.5993221 0.4885327 -0.0157552
vn 0.7687286 0.2603910 -0.5841685
v 0.3546424 0.0120712 -0.0952111
vn 0.3981177 0.7921569 -0.4625904
v 0.4689957 -0.2701954 0.0580098
vn -0.1143804 0.7142357 -0.6904958
v -0.0045034 0.1942156 -0.1315801
vn 0.4927329 0.4123634 -0.7662707
v 0.1619031 -0.0931281 -0.2622518
vn 0.1865850 0.8044802 -0.5639129
v 0.0675104 -0.0194991 -0.2397567
vn -0.5113347 0.5551853 -0.6559773
v -0.4178949 -0.5170513 -0.1138031
vn -0.0891489 0.6604593 -0.7455508
v -0.0807839 0.1352381 -0.1763331
vn -0.0287060 0.5987731 -0.8004042
v -0.1194361 0.1529462 -0.1593872
vn 0.9185476 0.3866939 -0.0820860
v 0.4527717 -0.2454862 0.0980235
vn 0.3707539 0.5211500 -0.7687290
v 0.2447728 0.0925198 -0.1312812
vn -0.0066408 0.4650050 -0.8852832
v -0.4104767 0.1370635 -0.1564978
vn 0.7797924 0.1597113 -0.6053232
v 0.5582457 -0.3440527 0.0254038
vn -0.3471622 0.2168821 -0.9123818
v -0.5772508 -0.6110945 -0.0917918
vn 0.1807178 0.4074566 -0.8951649
v -0.0310118 0.0954563 -0.2080816
vn 0.6918110 -0.0144769 -0.7219336
v 0.2612227 -0.3712450 -0.2155083
vn 0.1244053 0.3347839 -0.9340466
v 0.0686684 0.0209259 -0.2052504
vn 0.2920203 0.8103368 -0.5080143
v -0.3695463 0.2407997 -0.0708215
vn 0.5286068 0.6174251 -0.5825470
v 0.2507895 0.1548390 -0.0794609
vn -0.3642080 -0.5833705 -0.7259693
v -0.5925974 -0.6365737 -0.0901170
vn 0.3277288 0.3136152 -0.8912011
v -0.5748934 0.4610668 -0.0182574
vn -0.0547073 0.3854699 -0.9210972
v 0.1015725 0.0109238 -0.2137434
vn 0.6070006 0.3369514 -0.7197319
v 0.3198135 0.0288746 -0.1236202
vn 0.1431266 0.4188548 -0.8967026
v 0.1210161 0.0484025 -0.1925373
vn 0.4060569 0.2857078 -0.8680374
v 0.2232029 -0.0555718 -0.2147215
vn 0.5636878 0.3242478 -0.7596838
v 0.3050618 -0.0702085 -0.1759897
vn 0.1263699 0.5608522 -0.8182148
v 0.0606375 0.0015790 -0.2155550
vn -0.5675545 0.7718038 -0.2867069
v -0.3955669 -0.5184217 -0.1734597
vn 0.6897444 0.1903653 -0.6985798
v 0.3423003 -0.0150640 -0.1160966
vn 0.1627363 0.7164563 -0.6783859
v 0.0910058 0.2075800 -0.1250758
vn 0.1817772 0.8956751 -0.4058609
v 0.5194843 -0.2679799 0.0657486
vn 0.5383124 0.7022302 -0.4659320
v 0.2476843 0.1842635 -0.0486572
vn -0.5241011 0.5273381 -0.6687546
v -0.3688172 -0.5537582 -0.2599973
vn -0.0865262 0.5609125 -0.8233410
v -0.2727432 0.1104180 -0.1740335
vn 0.5905951 0.3212169 -0.7402819
v -0.5825009 0.4219273 -0.0366459
vn 0.2391152 0.6585869 -0.7135035
v 0.1838455 0.0412555 -0.1869027
vn 0.3250268 0.4081843 -0.8530787
v 0.0729380 -0.0779676 -0.3059097
vn -0.0478829 0.6977839 -0.7147061
v -0.0684079 0.2190085 -0.1098653
vn -0.2395273 0.9014783 -0.3605046
v -0.1841415 -0.0307903 -0.2666284
vn 0.0005634 0.3907259 -0.9205070
v -0.1638967 0.0671456 -0.2127137
vn 0.1273473 0.4029831 -0.9063042
v -0.0065069 0.0140343 -0.2209772
vn -0.2125409 0.7982147 -0.5636308
v -0.0871807 0.2468423 -0.0753213
vn -0.4913637 0.3001428 -0.8176039
v -0.6587057 0.7764357 -0.5686035
vn -0.0886328 0.6742807 -0.7331370
v -0.2281546 0.1487937 -0.1505942
vn -0.3848226 0.5899604 -0.7098298
v -0.5784177 -0.5501265 -0.0642589
vn 0.5960337 0.0590696 -0.8007838
v 0.5135764 -0.3938020 -0.0278944
vn -0.3273131 0.2319715 -0.9159997
v -0.3570381 -0.6055685 -0.2872614
vn 0.4830209 0.2847945 -0.8279994
v -0.5434593 0.4026033 -0.0270954
vn 0.7966907 0.4116749 -0.4425016
v 0.3547570 0.0384901 -0.0769740
vn 0.2960948 0.6718528 -0.6789269
v -0.3469185 0.1996659 -0.1028666
vn 0.1441883 0.1921162 -0.9707220
v -0.0904582 -0.1384707 -0.3684525
vn -0.1256198 0.4411807 -0.8885828
v -0.5812804 0.1997966 -0.0906724
vn 0.2249076 0.6100321 -0.7597878
v -0.3851798 0.2108875 -0.1118558
vn 0.4578507 0.4968804 -0.7372128
v 0.2738045 0.0844215 -0.1220365
vn -0.1487920 0.6081777 -0.7797313
v -0.0181106 0.1565365 -0.1659853
vn 0.7392066 0.2948783 -0.6054920
v 0.3736306 -0.0927473 -0.1213239
vn 0.2579052 0.4331330 -0.8636439
v -0.0167820 -0.0725341 -0.3316960
vn 0.1907973 0.4481397 -0.8733655
v 0.4833824 -0.3686697 -0.0334978
vn 0.6406546 0.1895897 -0.7440549
v 0.5400158 -0.3561202 0.0066741
vn 0.4179240 0.5028788 -0.7566059
v 0.1978115 0.1489439 -0.1266807
vn -0.1143937 0.7257658 -0.6783643
v -0.1466156 0.1762741 -0.1398453
vn -0.4757597 -0.6688994 0.5711623
v -0.6850338 -0.2729799 0.3276805
vn 0.4768316 0.2146628 -0.8523799
v 0.2192009 -0.1270406 -0.2409669
vn 0.6333563 0.1683193 -0.7553333
v 0.3418312 -0.1189893 -0.1654015
vn 0.3997035 0.7584984 -0.5147012
v 0.1778907 0.2098622 -0.0742504
vn 0.1209977 0.1691513 -0.9781347
v -0.2458046 -0.5638666 -0.2823374
vn 0.0058918 0.8483809 -0.5293537
v -0.0793557 -0.0287087 -0.2978532
vn -0.2578584 -0.5372280 -0.8030537
v -0.5492164 -0.6368276 -0.1079502
vn -0.3200116 0.6673598 -0.6724757
v -0.3343853 -0.5317323 -0.2622103
vn 0.1349498 0.5527308 -0.8223608
v -0.3891326 0.1791216 -0.1321940
vn 0.3302533 0.4311129 -0.8396870
v 0.1584213 0.1380171 -0.1498161
vn 0.0494849 0.4201002 -0.9061276
v 0.4121761 -0.3765450 -0.0334338
vn -0.3548961 0.2443457 -0.9024101
v -0.4900180 -0.6168941 -0.1196911
vn 0.3064794 0.6787715 -0.6673378
v 0.0710046 -0.0506333 -0.2869622
vn -0.2128042 0.6994967 -0.6822161
v -0.1905143 -0.0660264 -0.3348517
vn -0.2276459 0.7644168 -0.6031951
v -0.1168126 0.2169890 -0.0938915
vn 0.0160447 0.6814631 -0.7316766
v 0.4718308 -0.3024885 0.0163892
vn 0.0803302 0.8917452 -0.4453511
v -0.0298432 -0.0129985 -0.2649198
vn 0.6717419 0.2917300 -0.6809232
v -0.5142987 0.3575221 -0.0160292
vn 0.7033697 0.5842519 -0.4048713
v -0.4571761 0.2978215 0.0163469
vn -0.0454303 0.7293000 -0.6826842
v 0.0431670 0.2000526 -0.1346816
vn 0.0152065 0.7168006 -0.6971124
v -0.0230571 0.2238825 -0.1003723
vn -0.2503715 0.6230252 -0.7410491
v -0.2400759 -0.0375970 -0.2432544
vn -0.6689581 0.2340686 -0.7054836
v -0.4089048 -0.6134520 -0.2634739
vn 0.5752990 0.2918264 -0.7641129
v -0.5257979 0.3316159 -0.0385930
vn 0.6860729 0.3669189 -0.6282312
v -0.4885889 0.3250166 -0.0105107
vn 0.2007589 0.8350616 -0.5122187
v 0.0251744 -0.0271114 -0.2746249
vn -0.1777330 0.9299603 -0.3218462
v -0.0755641 0.2751855 -0.0187843
vn 0.0932924 0.9459171 -0.3107048
v 0.0629467 0.2927133 0.0089793
vn 0.6008366 0.4759155 -0.6422615
v 0.3358762 -0.0722445 -0.1513406
vn -0.0774262 0.9215122 -0.3805528
v -0.6553369 0.7844380 -0.5625613
vn 0.0444377 0.4861294 -0.8727562
v -0.3259434 0.1137729 -0.1747731
vn -0.0196979 0.7901701 -0.6125710
v 0.0431464 0.2371038 -0.0911561
vn -0.3956136 0.7794800 -0.4856962
v -0.2259308 -0.0614301 -0.3096672
vn 0.5411059 0.6136379 -0.5750244
v -0.4735336 0.2905992 -0.0127895
vn -0.0037395 0.9096625 -0.4153315
v -0.0075565 0.2753507 -0.0314097
vn 0.2890667 0.2835329 -0.9143574
v 0.0241304 -0.0956061 -0.3251026
vn 0.1904805 0.2740906 -0.9426514
v 0.0720743 0.1181449 -0.1890406
vn 0.5078750 0.2732256 -0.8169521
v 0.2783380 -0.0830409 -0.1969288
vn -0.0990732 0.6783352 -0.7280425
v -0.5180821 0.2380855 -0.0710274
vn -0.0952570 0.6419364 -0.7608178
v -0.4615610 0.2020241 -0.1238694
vn -0.0010817 0.7995821 -0.6005558
v -0.1896397 0.2063517 -0.0923126
vn 0.1760752 0.7563379 -0.6300400
v -0.6288447 0.7757623 -0.5777156
vn -0.2400237 0.2390414 -0.9408761
v -0.4998494 -0.6006092 -0.1137230
vn 0.4746674 0.3829174 -0.7925056
v -0.5039108 0.2856865 -0.0398175
vn 0.3935352 0.8798140 -0.2665658
v -0.4382703 0.2819802 0.0152931
vn -0.0829312 0.9404415 -0.3296849
v -0.0294580 0.2846831 -0.0103326
vn 0.1093959 0.8585132 -0.5009867
v 0.0697312 0.2655903 -0.0503422
vn 0.2663640 0.8531403 -0.4485554
v 0.1128130 0.2654161 -0.0307918
vn 0.1424896 0.7342283 -0.6637812
v 0.5129222 -0.2903942 0.0302509
vn 0.5587533 0.5787203 -0.5940351
v -0.6092563 0.7575682 -0.5838542
vn 0.6226209 -0.0391165 -0.7815453
v 0.2726696 -0.3418018 -0.2000981
vn 0.6659098 0.4415647 -0.6013192
v 0.3325634 0.0510729 -0.0988493
vn 0.5561241 0.4886379 -0.6722790
v 0.2994523 0.0788427 -0.1069072
vn -0.0452172 0.4381315 -0.8977730
v -0.4735560 0.1455743 -0.1543578
vn 0.2363439 0.8469673 -0.4762227
v -0.3173035 0.2248461 -0.0571235
vn 0.1218173 0.6826498 -0.7205205
v -0.4910394 0.2650614 -0.0465811
vn 0.3438003 0.8767375 -0.3363523
v -0.3412785 0.2487551 -0.0304940
vn 0.5009622 0.6917782 -0.5200767
v 0.5457805 -0.2880482 0.0475560
vn -0.2197937 0.8768851 -0.4275084
v -0.1570044 0.2453099 -0.0352860
vn 0.0062445 0.5166240 -0.8561896
v -0.1640611 0.1107012 -0.1893514
vn -0.2727419 0.3255312 -0.9053404
v -0.5228963 -0.5797191 -0.1019406
vn -0.3936520 0.8547688 -0.3382433
v -0.3305362 -0.5049624 -0.2155995
vn 0.4406660 0.6089370 -0.6595524
v 0.1324358 -0.0563890 -0.2554894
vn 0.1435743 0.8011014 -0.5810533
v 0.0085074 -0.0049510 -0.2354582
vn 0.0852515 0.8838224 -0.4599893
v -0.4491463 0.2657832 -0.0472192
vn 0.1792710 0.9332032 -0.3114384
v -0.4034775 0.2622688 -0.0403540
vn -0.1205532 0.8793060 -0.4607472
v -0.2030219 0.2261166 -0.0591555
vn -0.2677824 0.8493869 -0.4547906
v -0.1172710 0.2511482 -0.0502786
vn -0.0212933 0.8287868 -0.5591592
v -0.0423653 0.2577400 -0.0671844
vn 0.1152147 -0.7610499 -0.6383798
v 0.0136173 -0.6280493 -0.2249161
vn 0.1912923 -0.5339109 -0.8236179
v -0.1435255 -0.6252558 -0.2520498
vn 0.1956415 -0.5745952 -0.7947105
v -0.2068794 -0.6279223 -0.2702916
vn 0.3217182 -0.6218103 -0.7140374
v 0.1160990 -0.6166424 -0.2101301
vn 0.1851772 -0.4561144 -0.8704419
v 0.0369774 -0.6150249 -0.2308412
vn -0.1070354 0.0014082 -0.9942542
v -0.4943911 -0.0302542 -0.2136043
vn -0.2566569 0.1827748 -0.9490630
v -0.5299072 -0.0158990 -0.2071295
vn -0.3604639 -0.1672635 -0.9176539
v -0.2667941 0.6772193 -0.1756623
vn 0.3281099 -0.3582618 -0.8740666
v 0.1291564 -0.5836230 -0.2174830
vn 0.1643446 -0.0800786 -0.9831471
v 0.0424589 -0.5904190 -0.2336660
vn 0.1118265 -0.4277685 -0.8969443
v -0.0662012 -0.6119764 -0.2433995
vn 0.1740146 -0.1907671 -0.9660884
v -0.1283868 -0.5998432 -0.2551425
vn -0.6544583 0.4503678 -0.6073329
v -0.4608759 -0.6151465 -0.1285893
vn -0.0422777 0.4163549 -0.9082187
v -0.4407420 0.0849889 -0.1817167
vn -0.0284780 0.3510949 -0.9359068
v -0.4842994 0.0982429 -0.1788921
vn -0.4696710 0.1346907 -0.8725065
v -0.6357982 -0.6117347 -0.0696765
vn -0.2094252 -0.4233476 -0.8814295
v -0.2267591 0.6622250 -0.1819700
vn 0.1252134 -0.1264114 -0.9840436
v -0.0443912 -0.5930279 -0.2456786
vn 0.2067328 -0.0611020 -0.9764877
v -0.2412438 -0.6023427 -0.2818336
vn 0.2294447 -0.8297516 -0.5087902
v 0.2804323 -0.6031434 -0.0026560
vn 0.1423187 -0.0741958 -0.9870362
v -0.0768264 -0.5632003 -0.2504969
vn 0.2110738 -0.0880622 -0.9734952
v -0.1624505 -0.5799841 -0.2664877
vn 0.2672786 -0.1786034 -0.9469230
v -0.6298963 0.3924838 -0.0742933
vn -0.5789363 0.3677731 -0.7277196
v -0.4551463 -0.5708303 -0.1147515
vn -0.7450522 0.3066283 -0.5923482
v -0.6619390 -0.6019883 -0.0479096
vn 0.3376010 -0.7705118 -0.5406821
v 0.3608569 -0.5755785 -0.0082995
vn 0.2300732 -0.6439391 -0.7296635
v 0.3417445 -0.5654516 -0.0271416
vn 0.1102520 -0.1921681 -0.9751492
v 0.0500976 -0.5627518 -0.2326546
vn 0.2337475 0.3381130 -0.9116150
v 0.1804017 0.0054213 -0.2139153
vn -0.3349098 0.3290102 -0.8829427
v -0.5849873 0.0748017 -0.1647562
vn -0.3649021 0.4202186 -0.8308206
v -0.6030033 -0.5761918 -0.0715783
vn 0.3353976 -0.6655371 -0.6667600
v 0.2461048 -0.5825937 -0.0389130
vn 0.1238069 -0.4541838 -0.8822635
v -0.0022069 -0.5447835 -0.2428901
vn 0.1110537 -0.4674362 -0.8770236
v -0.0783921 -0.5443569 -0.2527089
vn 0.1165933 -0.0448130 -0.9921682
v -0.1678513 -0.5463063 -0.2674529
vn -0.0048071 0.4124813 -0.9109534
v -0.2553829 -0.5324182 -0.2727174
vn 0.0646418 0.1400267 -0.9880354
v 0.0367988 0.0937384 -0.1953199
vn -0.4376794 0.1478007 -0.8869001
v -0.5629608 -0.0392178 -0.1993053
vn -0.5460591 0.6929578 -0.4707749
v -0.6392372 -0.5549698 -0.0266231
vn -0.3775150 0.1119385 -0.9192128
v -0.5893294 -0.0538867 -0.1838338
vn 0.1755257 -0.5489754 -0.8172006
v 0.3030975 -0.5519922 -0.0451907
vn -0.6004291 -0.4567751 0.6563851
v -0.3242563 -0.6129617 0.4745767
vn 0.4757506 -0.2365054 -0.8471875
v 0.1667911 -0.5356898 -0.2230018
vn 0.0967144 -0.2478646 -0.9639552
v 0.1028395 -0.5373724 -0.2409735
vn 0.2127128 -0.6340325 -0.7434757
v 0.0423853 -0.5214680 -0.2589822
vn 0.0306150 -0.7120748 -0.7014358
v -0.0797630 -0.5278288 -0.2749537
vn 0.0007845 -0.4043205 -0.9146171
v -0.1522476 -0.5288426 -0.2695082
vn 0.3342785 -0.5092416 -0.7930517
v 0.2802637 -0.5321875 -0.0598060
vn 0.0959626 -0.4256786 -0.8997716
v 0.0789702 -0.5287539 -0.2434152
vn 0.1214847 -0.7135637 -0.6899770
v -0.0093089 -0.5256100 -0.2640025
vn 0.1173420 -0.5145940 -0.8493668
v -0.0164670 -0.5020120 -0.2893376
vn -0.1323819 0.5923295 -0.7947457
v -0.3048723 -0.5317762 -0.2714574
vn -0.0010197 -0.6317888 -0.7751399
v -0.3250176 0.5526675 -0.1065828
vn -0.3150878 0.3475234 -0.8831462
v -0.4906365 -0.5475419 -0.0968555
vn 0.1224496 -0.3158107 -0.9408877
v 0.3566423 -0.5065170 -0.0590269
vn 0.5740861 -0.6379008 -0.5133302
v 0.2414516 -0.5520377 -0.0678367
vn 0.5212918 -0.6058984 -0.6009510
v 0.2374569 -0.4966915 -0.1901862
vn 0.3078931 -0.3527384 -0.8836161
v 0.1349972 -0.5236674 -0.2388499
vn 0.3157509 -0.3860370 -0.8667623
v 0.1293136 -0.4941706 -0.2566863
vn 0.3356337 -0.4845973 -0.8077843
v 0.0360683 -0.4990268 -0.2806082
vn 0.0061289 -0.5129591 -0.8583912
v -0.0850227 -0.5093819 -0.2888803
vn -0.1113061 -0.4431577 -0.8895068
v -0.1329644 -0.4628989 -0.3117135
vn -0.1828755 -0.1345308 -0.9738881
v -0.2049589 -0.5132468 -0.2702191
vn 0.2774308 -0.5544499 -0.7846129
v 0.3837369 -0.5228999 -0.0437687
vn 0.1184442 -0.2187812 -0.9685586
v 0.3250925 -0.4933255 -0.0617797
vn -0.3634556 0.0903396 -0.9272211
v -0.6317909 -0.0043745 -0.1626086
vn 0.2114382 -0.1757827 -0.9614543
v 0.0124402 -0.4772201 -0.2934802
vn 0.0831087 -0.4350714 -0.8965522
v -0.0790776 -0.4824200 -0.3003823
vn -0.1894421 -0.4677615 -0.8633139
v -0.1661295 -0.4982293 -0.2875298
vn -0.3586625 0.3684905 -0.8576573
v -0.2518328 -0.5032368 -0.2528000
vn -0.3131182 -0.9410002 0.1283577
v -0.8192908 0.1066947 0.3817534
vn -0.4715106 0.1672850 -0.8658484
v -0.4961053 -0.4976475 -0.0766733
vn -0.4731225 0.1479582 -0.8684835
v -0.7976308 0.2697985 -0.0452404
vn 0.0669704 -0.0203027 -0.9975484
v 0.3737808 -0.4645268 -0.0646854
vn -0.5776020 0.2695763 -0.7705222
v -0.7312794 -0.0029642 -0.1153100
vn 0.4252240 -0.4955271 -0.7573887
v 0.1960999 -0.4678860 -0.2406758
vn 0.2036643 -0.3496925 -0.9144595
v 0.0574597 -0.4714873 -0.2815111
vn -0.6628690 -0.2064102 -0.7197219
v -0.2467945 -0.4666919 -0.2599074
vn -0.3201161 0.8735515 -0.3666518
v -0.3438017 -0.4867309 -0.1243726
vn -0.5253481 0.0018854 -0.8508853
v -0.4139520 0.6037807 -0.0999378
vn -0.4436098 0.0694488 -0.8935252
v -0.6341254 0.7435271 -0.5849288
vn -0.6179490 0.4222524 -0.6632058
v -0.3301552 0.7219771 -0.1286989
vn 0.2601350 -0.3156257 -0.9125296
v 0.4222100 -0.4793609 -0.0578536
vn -0.5019326 -0.1009867 -0.8589909
v -0.4866847 0.5386235 -0.0502010
vn 0.6812022 -0.2114482 -0.7008947
v 0.2461747 -0.4419723 -0.2096976
vn 0.1864343 -0.4564451 -0.8700001
v 0.0981230 -0.4880974 -0.2682785
vn -0.4629036 -0.3665653 -0.8070627
v -0.2131023 -0.4460099 -0.2913357
vn -0.5817646 0.3913745 -0.7130049
v -0.3178237 -0.4647107 -0.1052659
vn -0.1789804 0.6261278 -0.7589005
v -0.3636312 -0.4854270 -0.1123956
vn -0.1484703 0.1481939 -0.9777501
v -0.3939562 -0.4878406 -0.1091092
vn -0.3288974 0.2211892 -0.9180969
v -0.4484281 -0.5051863 -0.0975061
vn 0.1919689 -0.0314574 -0.9808967
v 0.4299439 -0.4490941 -0.0612222
vn 0.4609006 -0.4318863 -0.7752708
v 0.3210150 -0.4710621 -0.0699757
vn 0.3449717 -0.4210120 -0.8388942
v 0.1515703 -0.4696252 -0.2552005
vn -0.0424673 -0.2141753 -0.9758717
v 0.0660693 -0.4324934 -0.2954494
vn 0.2133114 -0.3032012 -0.9287450
v 0.0207123 -0.4277309 -0.3029250
vn 0.2060941 -0.2026058 -0.9573276
v 0.0057314 -0.4532033 -0.2949921
vn 0.1541434 -0.3066919 -0.9392443
v -0.0352684 -0.4628606 -0.3041193
vn 0.2006875 -0.2354340 -0.9509445
v -0.0911118 -0.4287322 -0.3253495
vn -0.3438055 -0.3932576 -0.8527287
v -0.1866033 -0.4014162 -0.3279183
vn 0.2988759 0.1137103 -0.9474931
v -0.5905315 0.3298049 -0.0698465
vn -0.0816093 -0.1903347 -0.9783214
v -0.4186966 -0.4262417 -0.1102298
vn 0.9922691 -0.1238867 -0.0073617
v -0.5904955 0.6630998 -0.5722386
vn 0.4324707 -0.2384111 -0.8695570
v 0.4599278 -0.4524716 -0.0495945
vn -0.0224101 0.4835288 -0.8750415
v -0.3615934 0.1136964 -0.1763670
vn 0.3849576 -0.3272323 -0.8629754
v 0.1930838 -0.4382984 -0.2620685
vn 0.2567242 -0.2096873 -0.9434638
v 0.0521801 -0.3998910 -0.2987618
vn 0.0329172 -0.3799868 -0.9244061
v -0.1025101 -0.4460983 -0.3229265
vn -0.0295092 0.1621095 -0.9863315
v -0.3383456 -0.4583889 -0.1000332
vn -0.3272862 -0.0755505 -0.9419001
v -0.4492601 -0.4683195 -0.0950312
vn -0.3933017 0.3426508 -0.8531730
v -0.6568610 0.1468392 -0.0919449
vn -0.6304502 -0.6202878 -0.4666643
v -0.6868578 0.5013930 -0.4319363
vn -0.4267114 -0.7164177 -0.5519631
v -0.0569452 -0.6279656 -0.2341898
vn 0.2928087 -0.1836732 -0.9383641
v 0.1628212 -0.4272198 -0.2734407
vn 0.2373545 -0.2196102 -0.9462739
v 0.1035489 -0.4356119 -0.2877772
vn 0.2220020 -0.2669215 -0.9377996
v -0.0114335 -0.3891614 -0.3225163
vn 0.1657121 -0.2816853 -0.9450889
v -0.0505860 -0.4259313 -0.3174824
vn -0.5845428 -0.0793270 -0.8074757
v -0.4998655 -0.4570431 -0.0715850
vn -0.6239951 -0.2439393 -0.7423771
v -0.5087647 -0.3838313 -0.0865887
vn -0.4372074 0.2423639 -0.8660886
v -0.7018461 -0.0191835 -0.1395455
vn 0.0483439 0.2559673 -0.9654759
v 0.4285719 -0.4246835 -0.0583556
vn 0.3138153 0.0970647 -0.9445096
v 0.3718445 -0.4332219 -0.0597668
vn 0.6005063 0.0294247 -0.7990784
v 0.3754719 -0.4054428 -0.0508363
vn 0.1600630 -0.2816313 -0.9460781
v -0.0889558 -0.3889901 -0.3329204
vn -0.0376343 -0.1379446 -0.9897247
v -0.3409004 -0.4298376 -0.1019443
vn 0.1150862 -0.0278722 -0.9929644
v -0.3706172 -0.4373915 -0.1054271
vn 0.2381273 -0.5420927 0.8058727
v -0.1713808 -0.6134749 0.5048580
vn 0.3543281 0.0985368 -0.9299151
v 0.4834372 -0.4026633 -0.0446752
vn -0.0083739 0.4114564 -0.9113910
v 0.4459996 -0.3912264 -0.0461812
vn 0.3067633 -0.0802848 -0.9483938
v 0.1460787 -0.3859960 -0.2769325
vn 0.2429524 -0.0606867 -0.9681380
v 0.0996948 -0.4075864 -0.2899787
vn 0.1122964 -0.2880202 -0.9510173
v -0.0593133 -0.3817717 -0.3354216
vn 0.1042328 -0.3213677 -0.9412005
v -0.1190863 -0.3900898 -0.3409579
vn 0.0683953 -0.2829364 -0.9566970
v -0.1398587 -0.3539369 -0.3564004
vn -0.2491254 -0.2981929 -0.9214215
v -0.4509909 -0.3857918 -0.1173231
vn 0.1564534 0.3517629 -0.9229221
v -0.5469099 0.2422257 -0.0694954
vn -0.4386257 -0.1728886 -0.8818827
v -0.7660276 0.2011527 -0.0548580
vn -0.4216113 -0.0031207 -0.9067714
v -0.7669682 0.2499959 -0.0591417
vn 0.5215199 -0.0186126 -0.8530361
v 0.2159717 -0.3988306 -0.2514912
vn 0.2710468 -0.2484348 -0.9299537
v 0.0737343 -0.3639687 -0.3010054
vn 0.2949911 -0.2291110 -0.9276251
v 0.0320010 -0.3798377 -0.3140104
vn -0.1683143 -0.3750446 -0.9115985
v -0.1625287 -0.3719262 -0.3473464
vn -0.7763750 -0.2415420 -0.5821507
v -0.3141152 -0.4113587 -0.1170223
vn -0.4731597 -0.4351671 -0.7659958
v -0.3297410 -0.3700762 -0.1261910
vn -0.3084768 -0.2756733 -0.9104100
v -0.3276986 -0.4130120 -0.1068023
vn 0.0478251 -0.2815732 -0.9583472
v -0.3733930 -0.4006574 -0.1112317
vn -0.1078603 -0.3136039 -0.9434081
v -0.4351182 -0.3579208 -0.1294520
vn 0.4334816 0.1897388 -0.8809614
v -0.5500416 0.3310183 -0.0543996
vn -0.4251469 -0.2216039 -0.8775772
v -0.4336244 0.5579425 -0.0838477
vn -0.7028822 -0.7110966 -0.0172692
v -0.7599569 -0.2908967 0.1141802
vn -0.0367913 0.1956474 -0.9799840
v -0.2294097 0.0204421 -0.2304381
vn -0.1547818 0.2034362 -0.9667763
v -0.2718781 -0.0041055 -0.2279606
vn -0.2416747 -0.3972388 -0.8853218
v -0.4841161 0.4855930 -0.0352087
vn -0.1666062 0.1960881 -0.9663290
v -0.3194952 -0.0366250 -0.2264750
vn 0.4215157 -0.1145738 -0.8995540
v 0.1887132 -0.3642930 -0.2638496
vn 0.0024714 0.2364273 -0.9716461
v -0.3757241 0.0347336 -0.1995505
vn -0.3999636 -0.2616091 -0.8784018
v -0.4732520 -0.4202067 -0.0988102
vn 0.2462053 -0.1441287 -0.9584414
v -0.5219771 0.4373525 -0.0107245
vn -0.0089873 0.1405772 -0.9900289
v -0.4401662 -0.0119512 -0.2100698
vn -0.1076578 0.2371621 -0.9654864
v -0.4921812 0.0096544 -0.2090056
vn 0.6054479 -0.0211247 -0.7956045
v 0.2247288 -0.3572574 -0.2421511
vn 0.3353440 -0.4431498 -0.8313619
v 0.0941737 -0.3534980 -0.3010589
vn 0.2223295 -0.0508588 -0.9736442
v -0.0083734 -0.3401743 -0.3334407
vn 0.1804297 -0.1635551 -0.9698943
v -0.0824289 -0.3455676 -0.3465841
vn -0.4020671 -0.3153819 -0.8595792
v -0.4684043 -0.3379073 -0.1259665
vn -0.1516251 0.2999241 -0.9418362
v -0.5058529 0.0618824 -0.1863045
vn -0.2888605 0.2874173 -0.9132092
v -0.5342771 0.0233930 -0.1923550
vn -0.3687461 0.1802472 -0.9118866
v -0.5707880 -0.0069108 -0.1858377
vn -0.2457330 0.2300544 -0.9416423
v -0.5592329 0.0443534 -0.1790974
vn -0.5087561 0.0717946 -0.8579119
v -0.2621191 0.7112808 -0.1792245
vn 0.6070482 -0.1284274 -0.7842187
v 0.2207281 -0.3157837 -0.2542309
vn 0.3064036 -0.1736433 -0.9359300
v 0.1403628 -0.3398270 -0.2886296
vn 0.2039224 -0.2054926 -0.9571774
v 0.1108990 -0.3109607 -0.2987367
vn -0.1418326 -0.2541662 -0.9567043
v -0.1714951 -0.3237277 -0.3640516
vn 0.1450877 0.0876603 -0.9855279
v -0.6289644 0.3361771 -0.0782099
vn -0.5200927 -0.0152783 -0.8539733
v -0.7330791 0.4127921 -0.0561584
vn 0.0414546 -0.3377591 -0.9403193
v -0.3998701 -0.3684254 -0.1238770
vn -0.5457607 -0.5684453 -0.6156421
v -0.5428091 -0.3656778 -0.0556278
vn -0.2928807 -0.8038702 -0.5177003
v -0.6006035 -0.3567467 -0.0436996
vn -0.4268973 -0.0653894 -0.9019330
v -0.3605246 0.6259072 -0.1317393
vn -0.1451877 -0.5887724 -0.7951526
v -0.1915992 0.6317501 -0.1702346
vn 0.2890791 -0.0965506 -0.9524239
v 0.0607902 -0.3318920 -0.3148028
vn 0.2243391 -0.1755831 -0.9585628
v -0.0572804 -0.2922621 -0.3473865
vn 0.2553808 -0.1710352 -0.9515921
v -0.1018821 -0.3069224 -0.3530283
vn -0.4733160 -0.4116565 -0.7787881
v -0.3420909 -0.3183468 -0.1492163
vn -0.4080736 -0.5231282 -0.7482064
v -0.5219913 -0.3394096 -0.0901541
vn -0.3568716 -0.7215754 -0.5932719
v -0.6172915 -0.3303842 -0.0670859
vn 0.1359063 0.0855628 -0.9870201
v -0.6179544 0.2706450 -0.0826518
vn -0.1949928 -0.6061296 0.7710932
v -0.2604489 -0.6144949 0.5157784
vn 0.4536830 -0.1138481 -0.8838611
v 0.1896631 -0.3165104 -0.2741325
vn 0.3035762 -0.0984469 -0.9477076
v 0.1186702 -0.2882181 -0.3050398
vn 0.2414351 -0.1698695 -0.9554337
v 0.0524607 -0.3045173 -0.3164219
vn 0.2358763 -0.0622388 -0.9697880
v -0.0426183 -0.3202633 -0.3371077
vn -0.4202521 -0.3257179 -0.8469333
v -0.2118277 -0.3151821 -0.3532090
vn -0.3312728 -0.3794783 -0.8638602
v -0.4412546 0.5309621 -0.0705431
vn -0.2820857 -0.5471246 -0.7880878
v -0.4995526 -0.3180256 -0.1171734
vn -0.1916206 -0.7618946 -0.6187069
v -0.5617312 -0.3217450 -0.0971035
vn 0.2936664 0.3453891 -0.8913285
v -0.5509720 0.4192941 -0.0216581
vn -0.5079771 0.2038155 -0.8369101
v -0.7796937 0.3040569 -0.0429215
vn 0.3206496 0.1934032 -0.9272428
v -0.5466415 0.2780597 -0.0599526
vn 0.4070093 0.0171218 -0.9132636
v 0.1716761 -0.2862400 -0.2842694
vn 0.2676090 -0.2581899 -0.9282906
v 0.0628198 -0.2799240 -0.3241056
vn 0.2113691 -0.2356812 -0.9485660
v 0.0073310 -0.2833794 -0.3331664
vn 0.2042416 -0.1853228 -0.9612184
v -0.1279584 -0.2944161 -0.3665669
vn -0.1600301 0.0679162 -0.9847730
v -0.6514996 0.1851308 -0.0843985
vn -0.0278299 -0.4052822 -0.9137679
v -0.3685201 -0.3440152 -0.1336931
vn -0.0247317 0.3528317 -0.9353599
v 0.0179113 0.1284471 -0.1913609
vn -0.6741524 -0.7155033 0.1832313
v -0.7342536 -0.3052651 0.1751553
vn 0.2656120 -0.1401353 -0.9538409
v -0.0966941 -0.2617529 -0.3640909
vn -0.0726934 -0.1775771 -0.9814184
v -0.1737835 -0.2816456 -0.3716558
vn -0.3457570 -0.1952452 -0.9177862
v -0.2227002 -0.2607186 -0.3680668
vn -0.6039049 -0.3007648 -0.7381324
v -0.2525158 -0.2761961 -0.3427273
vn -0.0112431 -0.0833149 -0.9964598
v -0.6625654 0.3823172 -0.0754515
vn -0.6309131 -0.3544143 -0.6901732
v -0.3409050 -0.2772579 -0.1741295
vn 0.0017083 -0.3768956 -0.9262542
v -0.4017633 -0.2897641 -0.1621634
vn 0.0471137 -0.5732840 -0.8180010
v -0.5107502 -0.2846897 -0.1437068
vn -0.4880582 -0.6911942 -0.5329633
v -0.6475173 -0.3104046 -0.0658302
vn 0.5455483 0.2514258 -0.7994761
v -0.0990383 0.7657737 -0.2855667
vn -0.3050901 0.0168560 -0.9521743
v -0.7276975 0.2615438 -0.0775736
vn -0.4868395 -0.7997903 0.3511737
v -0.8445508 0.1231260 0.4065130
vn 0.4724854 -0.1431345 -0.8696379
v 0.0845934 -0.2459940 -0.3228768
vn 0.4452315 -0.6078420 -0.6574931
v -0.6211315 0.5868474 -0.5514477
vn -0.1792856 -0.2840947 -0.9418848
v -0.4287919 -0.2549784 -0.1728009
vn -0.2614415 -0.3634878 -0.8941616
v -0.4424092 -0.2929416 -0.1539913
vn -0.1892003 -0.4166146 -0.8891769
v -0.4636280 -0.2629949 -0.1557141
vn -0.1311846 -0.6818298 -0.7196518
v -0.5589997 -0.2920458 -0.1393711
vn -0.5096892 -0.7012526 -0.4984595
v -0.6967514 -0.2727092 -0.0722301
vn 0.5676746 0.0113996 -0.8231742
v 0.2462593 -0.2479960 -0.2410931
vn 0.3923649 0.0934224 -0.9150531
v 0.1519703 -0.2512648 -0.2875862
vn 0.2339051 -0.1079694 -0.9662459
v 0.0466108 -0.2511911 -0.3340354
vn 0.2282170 -0.1552704 -0.9611495
v -0.0217795 -0.2496701 -0.3469390
vn 0.1884556 -0.1443744 -0.9714116
v -0.0713798 -0.2411793 -0.3598610
vn -0.0869344 -0.0404254 -0.9953935
v -0.1955283 -0.2189867 -0.3774602
vn -0.8928620 -0.2545786 -0.3714663
v -0.3288510 -0.2672654 -0.2013076
vn -0.1136902 -0.3285676 -0.9376128
v -0.3721342 -0.2601250 -0.1692026
vn -0.3196078 -0.6012459 -0.7323620
v -0.6225143 -0.2574524 -0.1482542
vn -0.3635858 -0.7030045 -0.6112201
v -0.6233661 -0.2857683 -0.1185403
vn 0.0280985 -0.7038949 -0.7097482
v -0.2306115 0.5984006 -0.1402191
vn 0.4781279 0.0351212 -0.8775878
v 0.2136945 -0.2615487 -0.2600568
vn 0.4162218 0.0311901 -0.9087281
v 0.1501590 -0.2239001 -0.2862248
vn 0.4544378 -0.0004563 -0.8907784
v 0.1118920 -0.2405899 -0.3034031
vn 0.1235442 -0.0383575 -0.9915975
v -0.1424172 -0.2137124 -0.3721081
vn 0.0938176 -0.0387630 -0.9948345
v -0.1548618 -0.2461174 -0.3757213
vn 0.1044814 -0.5437115 -0.8327433
v -0.4940437 -0.2578812 -0.1570296
vn -0.0931324 -0.4927461 -0.8651749
v -0.5606133 -0.2487367 -0.1693968
vn -0.4791187 -0.6655323 -0.5722867
v -0.6729382 -0.2651228 -0.1057085
vn -0.3849455 -0.2779667 -0.8800861
v -0.7346915 0.1681588 -0.0633967
vn -0.0207263 0.3236325 -0.9459559
v -0.3672453 0.0750919 -0.1931154
vn 0.4619226 0.0735934 -0.8838617
v 0.1034055 -0.1919758 -0.3094522
vn 0.2066596 -0.1008156 -0.9732050
v -0.0516567 -0.2076817 -0.3623079
vn -0.5657800 -0.1474146 -0.8112718
v -0.2521474 -0.2277253 -0.3555722
vn -0.1880381 -0.4952002 -0.8481854
v -0.3785889 0.5553179 -0.1022870
vn -0.3441608 -0.4149162 -0.8422576
v -0.6342828 -0.2309279 -0.1619310
vn -0.5162604 -0.4891332 -0.7030106
v -0.6784412 -0.2328294 -0.1337904
vn -0.6022866 -0.5246555 -0.6016539
v -0.7182109 -0.2410945 -0.0904277
vn -0.3577892 -0.0733882 -0.9309142
v -0.6131982 0.6970919 -0.5937015
vn 0.6813782 -0.0155071 -0.7317672
v 0.2966458 -0.2322150 -0.2008719
vn 0.4356068 0.0536048 -0.8985395
v 0.1866310 -0.2003993 -0.2682147
vn 0.1237755 -0.0807726 -0.9890174
v -0.0831328 -0.1972973 -0.3664479
vn -0.3232737 -0.0661350 -0.9439917
v -0.2242868 -0.2240786 -0.3711011
vn -0.0397446 -0.3086526 -0.9503441
v -0.3685036 -0.2258031 -0.1802441
vn -0.0503527 -0.3412738 -0.9386143
v -0.4276040 -0.2134864 -0.1839392
vn 0.0766555 -0.4915659 -0.8674600
v -0.4932885 -0.2324256 -0.1758217
vn -0.0990145 0.0615848 -0.9931785
v -0.6824776 0.2919704 -0.0847154
vn 0.6010444 0.0870054 -0.7944657
v 0.2721172 -0.2026470 -0.2168655
vn 0.3611366 0.0767285 -0.9293510
v 0.0734884 -0.1963578 -0.3259351
vn 0.2559078 0.0297883 -0.9662422
v 0.0478564 -0.2099759 -0.3326559
vn -0.0443944 -0.1043019 -0.9935544
v -0.1533104 -0.1796365 -0.3788263
vn -0.0781144 0.1180541 -0.9899300
v -0.1788687 -0.1585776 -0.3771357
vn -0.5861095 0.1693762 -0.7923304
v -0.7708792 0.3511375 -0.0401028
vn -0.2927825 -0.2396968 -0.9256479
v -0.2995005 0.6438501 -0.1570112
vn -0.6095953 -0.3427048 -0.7148055
v -0.3456108 -0.2175061 -0.1872981
vn 0.0685201 -0.4269983 -0.9016526
v -0.4731727 -0.1997370 -0.1892479
vn -0.0372378 -0.4320692 -0.9010713
v -0.5323486 -0.2093772 -0.1909859
vn 0.5136545 0.0945806 -0.8527682
v 0.2291775 -0.1885804 -0.2460387
vn 0.4174384 0.0689722 -0.9060839
v 0.1184665 -0.1574868 -0.2974839
vn 0.3596720 0.1398532 -0.9225385
v 0.0179331 -0.1455371 -0.3368008
vn 0.2967162 -0.0444630 -0.9539300
v -0.0020163 -0.2011385 -0.3459229
vn 0.4153886 0.0347116 -0.9089816
v -0.0041290 -0.1624107 -0.3517096
vn 0.2272352 0.0406240 -0.9729922
v -0.0426352 -0.1638887 -0.3622142
vn -0.1398571 0.4120653 -0.9003567
v -0.3209831 0.0583544 -0.1996103
vn -0.2388888 -0.3405457 -0.9093738
v -0.3790330 -0.1760517 -0.1988699
vn -0.2400772 -0.2515905 -0.9375848
v -0.5834852 -0.1931609 -0.1873128
vn 0.0196313 0.2210154 -0.9750727
v -0.4038287 0.0407968 -0.2014022
vn 0.1228008 0.0096927 -0.9923840
v -0.1083146 -0.1646734 -0.3720979
vn -0.2886747 0.0986235 -0.9523342
v -0.2241069 -0.1745954 -0.3705468
vn -0.5675039 0.0160039 -0.8232152
v -0.2632766 -0.1853847 -0.3540299
vn -0.7827504 -0.2606854 -0.5651062
v -0.3429076 -0.1890089 -0.2158355
vn 0.0278859 -0.3013981 -0.9530905
v -0.4337242 -0.1715899 -0.1979275
vn 0.0616503 -0.2798717 -0.9580559
v -0.4896379 -0.1685780 -0.2065545
vn -0.1319108 -0.2057730 -0.9696685
v -0.5367642 -0.1722694 -0.2064375
vn -0.7112445 -0.6823042 0.1690927
v -0.8516053 0.1122181 0.1790047
vn 0.1628007 -0.9198977 0.3567690
v -0.6964080 0.1095533 0.4385308
vn -0.4940365 0.1057661 -0.8629841
v -0.3225053 0.6778544 -0.1493529
vn -0.3806785 -0.8565300 0.3484827
v -0.6461656 -0.3632709 0.2085938
vn 0.5615060 0.0085908 -0.8274281
v 0.2970873 -0.1718692 -0.1937409
vn 0.4673847 0.1653868 -0.8684462
v 0.1568484 -0.1282554 -0.2798932
vn -0.4160643 0.2561905 -0.8725004
v -0.6753285 0.0051418 -0.1435412
vn -0.2566565 -0.1253365 -0.9583414
v -0.6171355 -0.1744252 -0.1828012
vn -0.4055075 -0.2413557 -0.8816525
v -0.6565658 -0.1895868 -0.1655867
vn -0.6150259 0.1689003 -0.7702051
v -0.4423077 0.6154369 -0.0790612
vn 0.4072954 0.1530153 -0.9003870
v 0.1133759 -0.1134603 -0.2983398
vn 0.3550178 0.1036188 -0.9290993
v 0.0708963 -0.1399566 -0.3173777
vn 0.2487455 0.2541152 -0.9346396
v -0.0332141 -0.1230591 -0.3524863
vn -0.5529416 0.2227693 -0.8028882
v -0.2606752 -0.1472769 -0.3515267
vn -0.5128950 -0.2431586 -0.8232937
v -0.3533793 -0.1395103 -0.2182552
vn -0.2897902 -0.2692609 -0.9184336
v -0.3750124 -0.1403171 -0.2118882
vn -0.2799296 -0.0423398 -0.9590864
v -0.5575912 -0.1304023 -0.2039678
vn -0.2856769 0.0032214 -0.9583206
v -0.6050090 -0.1290855 -0.1853189
vn -0.1037632 -0.0368358 -0.9939197
v -0.6902136 0.2411208 -0.0830865
vn 0.0484093 0.3365162 -0.9404325
v 0.1430940 -0.0068267 -0.2208337
vn -0.4920566 -0.1515514 -0.8572703
v -0.2045917 0.7267193 -0.2124635
vn 0.0333284 0.2870695 -0.9573298
v -0.1433133 -0.1204398 -0.3704298
vn -0.3358130 0.4983728 -0.7992836
v -0.2251147 -0.0993723 -0.3482930
vn -0.0233449 -0.0744205 -0.9969537
v -0.4988004 -0.1481542 -0.2088270
vn -0.3665827 -0.0050335 -0.9303719
v -0.6717072 -0.1362209 -0.1662655
vn -0.4629736 0.3554385 -0.8119845
v -0.6855913 0.0754200 -0.1111435
vn 0.5310088 0.0997742 -0.8414718
v 0.2914295 -0.1301541 -0.1972955
vn -0.2335754 0.5282771 -0.8163124
v -0.5373007 0.1540018 -0.1415899
vn 0.1541503 0.3478793 -0.9247798
v -0.0782884 -0.1032197 -0.3533680
vn -0.7081363 -0.1430765 -0.6914276
v -0.7850610 0.1189471 -0.0085363
vn -0.1244167 0.4703766 -0.8736511
v -0.1814798 -0.0957953 -0.3576170
vn -0.2193041 0.2881879 -0.9321231
v -0.2039881 -0.1272183 -0.3659053
vn -0.5202954 0.4939229 -0.6966584
v -0.2495170 -0.1049645 -0.3391573
vn -0.0281838 -0.0328511 -0.9990628
v -0.4735600 -0.0871554 -0.2109172
vn -0.1752225 -0.3236693 -0.9298039
v -0.3468199 -0.6281072 -0.2981956
vn -0.0762528 -0.9049463 -0.4186378
v -0.3206164 -0.6394129 -0.2873360
vn 0.0568992 -0.9828011 -0.1756826
v -0.2510069 -0.6405684 -0.2544591
vn 0.0890139 -0.9602532 -0.2645569
v -0.1616165 -0.6393635 -0.2380660
vn 0.0233071 -0.9628165 -0.2691491
v -0.0517078 -0.6372621 -0.2184894
vn 0.1115775 -0.9366596 -0.3319930
v 0.0626874 -0.6327764 -0.2016148
vn 0.3663475 -0.8661812 -0.3398820
v 0.1348649 -0.6271015 -0.1799397
vn -0.5734109 -0.5656203 -0.5926835
v -0.4105394 -0.6337810 -0.2635420
vn -0.0348378 -0.9990773 -0.0251185
v -0.3213580 -0.6396815 -0.2583100
vn 0.0168395 -0.9998330 -0.0071001
v 0.0607249 -0.6340063 -0.1814030
vn -0.3806587 -0.9086692 -0.1715200
v -0.4279390 -0.6388607 -0.2118574
vn 0.0028623 -0.9950694 0.0991399
v -0.2288436 -0.6391765 -0.2244574
vn -0.0062307 -0.9904155 0.1379799
v -0.1117425 -0.6366198 -0.2035418
vn 0.0040203 -0.9944161 0.1054538
v -0.0197279 -0.6350874 -0.1868829
vn -0.0979701 -0.8896906 0.4459289
v 0.0167479 -0.6311653 -0.1605564
vn 0.0203958 -0.8882972 0.4588161
v -0.2640778 -0.6364785 -0.2064371
vn -0.0698222 -0.8572307 0.5101768
v -0.1292648 -0.6321133 -0.1839116
vn -0.0544539 -0.9936092 0.0988717
v 0.0926989 -0.6336057 -0.1491118
vn -0.1157273 -0.6046548 0.7880353
v -0.1448339 -0.6174517 -0.1739411
vn -0.1233716 -0.6233982 0.7721102
v -0.0226938 -0.6172106 -0.1540006
vn -0.2319928 -0.6270999 0.7435893
v 0.0217947 -0.6122954 -0.1429239
vn 0.1225908 -0.9683551 0.2173935
v -0.3402872 -0.6372020 -0.1982637
vn -0.0242321 -0.6632518 0.7480040
v -0.2520841 -0.6170608 -0.1875993
vn -0.4054897 -0.8139701 0.4159696
v 0.0799894 -0.6197040 -0.1222812
vn -0.7631863 -0.6255395 0.1620094
v 0.1012538 -0.6284298 -0.1088837
vn 0.1477669 -0.9873973 -0.0566700
v 0.1358802 -0.6309353 -0.1401373
vn 0.5420642 -0.7381824 0.4015636
v -0.3574121 -0.6193643 -0.1450876
vn -0.1194278 -0.8313802 0.5427192
v -0.0238975 -0.5929871 -0.1368823
vn -0.0200651 -0.9996629 -0.0164750
v -0.3816907 -0.6392999 -0.2282733
vn 0.3108341 -0.9435183 0.1146966
v -0.3972517 -0.6355509 -0.1159861
vn 0.1894008 -0.7340143 0.6521890
v -0.3053941 -0.6202151 -0.1856559
vn -0.0719147 -0.8134746 0.5771373
v -0.1941842 -0.5963159 -0.1664818
vn -0.0764484 -0.8157403 0.5733442
v -0.1074372 -0.5941326 -0.1512610
vn -0.2800710 -0.7915756 0.5431099
v 0.0430422 -0.5997892 -0.1252679
vn 0.0685082 -0.9975569 -0.0136726
v 0.1534277 -0.6315851 -0.0286801
vn -0.7137939 -0.5221279 -0.4667769
v -0.4628020 -0.6342913 -0.1490558
vn -0.0509087 -0.9962574 -0.0698542
v -0.4594149 -0.6392562 -0.1237882
vn 0.3700325 -0.7994508 0.4732383
v -0.3229651 -0.6010280 -0.1562091
vn 0.0583254 -0.8894452 0.4533050
v -0.2692538 -0.5930304 -0.1663816
vn -0.0059579 -0.9896135 0.1436303
v -0.0822368 -0.5869918 -0.1256851
vn -0.4411874 -0.8884589 0.1264693
v 0.0624061 -0.5953421 -0.0982687
vn -0.3702621 -0.8991650 -0.2332558
v 0.0716816 -0.6292362 -0.0291154
vn -0.0359735 -0.9991463 -0.0203132
v 0.1156831 -0.6323665 -0.0575905
vn 0.6736250 -0.7058010 -0.2192586
v 0.1973600 -0.6204543 -0.0365498
vn 0.0049510 -0.9948905 0.1008388
v -0.1864741 -0.5895671 -0.1373037
vn -0.0568384 -0.9924143 0.1090108
v -0.0110114 -0.5855628 -0.1003618
vn -0.2396162 -0.9708490 -0.0060299
v 0.0368807 -0.5870351 -0.0781397
vn -0.6630233 -0.7036893 -0.2553850
v 0.0727074 -0.6091841 -0.0653660
vn 0.3451778 -0.9273574 -0.1444317
v 0.1930416 -0.6274499 -0.0183536
vn 0.0386014 -0.9992083 0.0096306
v -0.4356016 -0.6394712 -0.1211096
vn 0.0926585 -0.9891699 0.1138299
v -0.2973222 -0.5907537 -0.1358357
vn -0.2458182 -0.7570219 -0.6053852
v -0.4978738 -0.6382277 -0.1168075
vn 0.0151062 -0.9998288 -0.0106936
v -0.2296692 -0.5912762 -0.1072441
vn -0.4715894 -0.8313044 -0.2941709
v 0.0384135 -0.5949230 -0.0367012
vn 0.0398812 -0.9769686 0.2096231
v 0.0923104 -0.6333600 0.0165913
vn 0.2157837 -0.9354873 -0.2798228
v 0.2811939 -0.6182077 0.0344461
vn -0.0278790 -0.9972228 -0.0690608
v -0.5410429 -0.6401535 -0.0882122
vn 0.0229492 -0.9994729 -0.0229650
v -0.1887433 -0.5920548 -0.0439238
vn -0.0513278 -0.9511641 0.3043883
v 0.1581937 -0.6317922 0.0221855
vn -0.1652208 -0.9716392 0.1691726
v 0.2061567 -0.6295760 0.0545672
vn 0.7958490 -0.5969761 0.1012123
v -0.3835122 -0.6145918 -0.0709571
vn 0.0288365 -0.9992959 -0.0240033
v -0.1377784 -0.5906743 -0.0415996
vn -0.5495805 -0.7701427 -0.3237922
v 0.0224888 -0.6225754 0.0224730
vn 0.1297713 -0.9305117 0.3425018
v 0.1354831 -0.6191375 0.0375861
vn 0.1023551 -0.8787652 0.4661494
v 0.1481330 -0.6139566 0.0354106
vn 0.1340302 -0.9780522 -0.1595300
v 0.2296331 -0.6291250 0.0385591
vn 0.2608436 -0.9515129 -0.1630455
v 0.3129287 -0.6180528 0.0679105
vn -0.2882618 -0.6821685 -0.6719757
v -0.6159728 -0.6377656 -0.0774033
vn -0.0266079 -0.9983674 -0.0505428
v -0.6212994 -0.6398385 -0.0495490
vn 0.4959737 -0.8680520 0.0222686
v -0.3680084 -0.5919257 -0.0706496
vn 0.0311441 -0.9992656 -0.0223262
v -0.0911729 -0.5883573 -0.0723599
vn -0.0848399 -0.9950336 -0.0520607
v 0.0383585 -0.6336733 0.0481001
vn 0.1261002 -0.9622813 0.2410671
v 0.0911573 -0.6159801 0.0437697
vn 0.1834405 -0.9827983 -0.0213829
v 0.2886617 -0.6261334 0.0950791
vn 0.0098567 -0.9999488 -0.0022858
v -0.5097673 -0.6404629 -0.0175151
vn 0.2922488 -0.9461771 -0.1390668
v -0.3989869 -0.6370068 -0.0181757
vn 0.0020205 -0.9992822 -0.0378286
v -0.0300707 -0.5877919 -0.0268697
vn 0.3570224 -0.9333125 -0.0382471
v 0.0601261 -0.6246450 0.0633151
vn -0.2009526 -0.9678520 0.1512633
v 0.2020302 -0.6168820 0.0849279
vn 0.3491907 -0.9364407 -0.0338327
v 0.3442207 -0.6111829 0.0948915
vn -0.4307007 -0.6991502 -0.5706890
v -0.6484790 -0.6371548 -0.0596371
vn -0.6790425 -0.6847667 -0.2645674
v -0.0078442 -0.6025057 0.0461347
vn -0.1777376 -0.9838204 0.0225117
v 0.0304451 -0.6343975 0.1137111
vn 0.2199189 -0.9737106 -0.0593577
v 0.0475370 -0.6356370 0.0886181
vn -0.1414213 -0.9878934 0.0637704
v 0.2429518 -0.6303216 0.1064640
vn 0.1732413 -0.9784809 0.1120837
v 0.2730932 -0.6254933 0.1548413
vn -0.4229631 -0.8036636 0.4186013
v -0.6480405 -0.3345059 0.2638534
vn 0.0278309 -0.9994543 -0.0177922
v -0.4483798 -0.6394254 -0.0086461
vn 0.2725460 -0.9361623 -0.2220785
v -0.3206068 -0.5950499 -0.0050774
vn 0.1076871 -0.9877882 -0.1125965
v -0.3100770 -0.5938125 -0.0040709
vn 0.0200110 -0.9995655 -0.0216438
v -0.2097138 -0.5943676 0.0436011
vn -0.1229090 -0.9914007 -0.0449237
v 0.2313503 -0.6277134 0.1714931
vn 0.4571456 -0.8868662 -0.0669790
v 0.4129866 -0.5778258 0.0863516
vn -0.0035349 -0.9999745 -0.0062116
v -0.5665543 -0.6408080 -0.0020947
vn 0.2545201 -0.9556487 -0.1481727
v -0.3607365 -0.6391568 0.0442043
vn 0.0171504 -0.9995988 -0.0225420
v -0.1007738 -0.5922157 0.0602214
vn -0.2415635 -0.9565428 -0.1633185
v -0.0134348 -0.5906422 0.0231696
vn -0.5743833 -0.8086502 -0.1271562
v -0.0029819 -0.6214703 0.0798604
vn -0.5770323 -0.8158117 0.0385379
v -0.0136205 -0.6144076 0.1251413
vn -0.1949297 -0.9807039 -0.0149130
v 0.2151297 -0.6106350 0.1351486
vn -0.7525095 -0.5742368 -0.3224619
v -0.6860228 -0.6322668 -0.0075768
vn -0.1854974 -0.9822465 -0.0279734
v -0.6676965 -0.6383389 -0.0019104
vn -0.0356560 -0.9992564 0.0146800
v -0.6267011 -0.6403860 0.0272841
vn -0.0453555 -0.9972115 0.0592643
v -0.4549487 -0.6404246 0.0344611
vn -0.3467208 -0.9379542 0.0051468
v -0.0357250 -0.5952688 0.1261298
vn 0.2940396 -0.9412211 0.1662633
v 0.3236274 -0.6119493 0.1572607
vn 0.3744350 -0.9187033 0.1256298
v 0.3601102 -0.6016768 0.1432318
vn -0.0169223 -0.9295104 0.3684078
v -0.4415717 -0.6384741 0.0621622
vn -0.1868368 -0.9227821 0.3369946
v -0.3735447 -0.6362150 0.0826633
vn 0.0065866 -0.9999675 0.0046508
v -0.0919031 -0.5935300 0.1505292
vn -0.1910842 -0.9097354 -0.3686032
v 0.2078491 -0.6181390 0.1756525
vn 0.4603097 -0.8801942 0.1156426
v 0.4338427 -0.5657037 0.1547596
vn -0.9819714 -0.0403114 -0.1846811
v -0.7006417 -0.6138000 0.0150161
vn -0.6599846 -0.7512540 0.0061449
v -0.6912074 -0.6312300 0.0406291
vn 0.2575792 -0.9574844 -0.1299101
v -0.2686682 -0.5963309 0.0767368
vn 0.0171450 -0.9997734 -0.0126118
v -0.1600589 -0.5941698 0.0987610
vn 0.1589107 -0.9859179 -0.0520903
v 0.0783487 -0.6274602 0.1753160
vn 0.3352293 -0.9148306 0.2251809
v 0.2280508 -0.6173315 0.2449518
vn 0.4046233 -0.8742958 0.2681173
v 0.3988936 -0.5719479 0.2006191
vn 0.1666653 -0.9803146 0.1058589
v -0.4964340 -0.6390342 0.0776584
vn 0.1597261 -0.9004424 0.4045878
v -0.4553803 -0.6206292 0.0781171
vn -0.6675483 -0.7026871 0.2461912
v -0.0136345 -0.6066070 0.1641736
vn -0.4341417 -0.8940653 0.1103096
v 0.0088664 -0.6278422 0.1511482
vn -0.2976148 -0.9322661 0.2056825
v 0.0279273 -0.6294580 0.1822299
vn -0.0066860 -0.9998066 -0.0184942
v 0.1283765 -0.6319402 0.2071134
vn 0.0746476 -0.9968711 -0.0259990
v 0.1384645 -0.6314954 0.2087520
vn 0.0583383 -0.9969952 -0.0509627
v 0.1690854 -0.6293610 0.2130802
vn 0.2653918 -0.9283244 0.2603481
v 0.2887530 -0.6138687 0.1921143
vn -0.1903295 -0.9402301 0.2823865
v -0.3791782 -0.6131205 0.1043112
vn 0.5516873 -0.8254794 -0.1192686
v -0.2929935 -0.6356535 0.1421740
vn 0.2271276 -0.9688134 0.0990645
v 0.1941351 -0.6242720 0.2708712
vn 0.5622284 -0.7576970 0.3313526
v 0.2415810 -0.5959279 0.2845100
vn 0.2779029 -0.8937479 0.3521147
v 0.3246742 -0.5940010 0.2216627
vn 0.5316843 -0.7935781 0.2958810
v 0.4738590 -0.5333884 0.1997250
vn -0.2323233 -0.7499838 0.6193144
v -0.5628989 -0.3203781 0.3388482
vn -0.1346031 -0.9872648 0.0847954
v -0.6509200 -0.6370937 0.0843646
vn -0.2608997 -0.9554723 0.1378551
v -0.3353877 -0.6372650 0.1202498
vn 0.5679845 -0.8227381 0.0222649
v -0.2881221 -0.6328343 0.1580934
vn -0.5253924 -0.7309278 0.4355542
v 0.0164577 -0.6132686 0.2047535
vn 0.4731563 -0.7485055 0.4646102
v 0.4363617 -0.5328878 0.2466806
vn 0.3138956 -0.7970983 0.5158525
v -0.6658627 0.1012642 0.3770768
vn -0.0416531 -0.9987068 0.0291508
v -0.5576261 -0.6392566 0.1357345
vn 0.1020673 -0.9931913 -0.0561551
v -0.5144119 -0.6396182 0.1352192
vn -0.5641773 -0.8240818 -0.0509238
v -0.3452415 -0.6173218 0.1498741
vn 0.7341502 -0.6703366 0.1080391
v -0.2790182 -0.6221066 0.1677309
vn 0.8045149 -0.5875649 -0.0867370
v -0.2569667 -0.5994276 0.1518308
vn -0.3654443 -0.9037473 0.2229155
v -0.0106095 -0.5955098 0.1974779
vn 0.2400282 -0.7655551 0.5969186
v 0.3388233 -0.5681885 0.2607360
vn -0.4244335 -0.8628158 0.2745999
v -0.6736834 -0.6309804 0.0947262
vn -0.0423005 -0.9977089 0.0527985
v -0.5222281 -0.6422803 0.1532104
vn -0.4876188 -0.7016237 0.5195692
v 0.0433266 -0.6054673 0.2393216
vn -0.3351161 -0.8401362 0.4264602
v 0.0643908 -0.6239623 0.2350740
vn -0.1543733 -0.9686428 0.1946794
v 0.0810455 -0.6283708 0.2325738
vn 0.3519526 -0.8332573 0.4263939
v 0.3759019 -0.5676177 0.2414607
vn -0.0037870 -0.9974428 0.0713687
v -0.0255627 -0.5899101 0.2429562
vn -0.2546214 -0.9149669 0.3130554
v 0.0311509 -0.5900903 0.2503759
vn -0.6015179 -0.6805902 0.4182980
v 0.0870233 -0.6076609 0.2753512
vn -0.2074842 -0.9782369 -0.0017088
v 0.1275817 -0.6275289 0.3057922
vn 0.5719952 -0.7967366 0.1950186
v 0.2155038 -0.6060913 0.3200037
vn 0.3832119 -0.7640329 0.5190399
v 0.2798582 -0.5857248 0.2632922
vn -0.4728147 -0.8811327 -0.0071809
v -0.8485491 0.1166583 0.3590922
vn 0.0301205 -0.9994069 0.0166887
v -0.1727628 -0.5949680 0.1957011
vn -0.6348473 -0.7710349 0.0497411
v 0.0975200 -0.6061457 0.2979762
vn 0.4188175 -0.6891193 0.5913599
v 0.4089014 -0.5250539 0.2807528
vn -0.3004338 -0.6511624 0.6969413
v -0.8153689 0.1366314 0.4496685
vn 0.0515762 -0.8276424 0.5588810
v -0.7134192 0.0890301 0.3791323
vn -0.4570044 -0.5959777 0.6602709
v -0.4953944 -0.3432720 0.3311892
vn -0.2343044 -0.9650180 0.1176511
v -0.5972322 -0.6354364 0.1633862
vn -0.3975346 -0.8755047 -0.2746957
v -0.3544594 -0.6230006 0.2226616
vn 0.0241763 -0.9978840 0.0603586
v -0.1443374 -0.5907180 0.2840147
vn -0.2880790 -0.9533824 0.0898468
v -0.7820469 0.0959516 0.3664967
vn -0.6509781 -0.7375367 -0.1796302
v -0.8683592 0.1365528 0.3175317
vn -0.4587640 -0.7494481 0.4773501
v -0.6733938 -0.2998728 0.3009284
vn -0.1302006 -0.9340802 0.3324785
v -0.7584126 0.0980405 0.4110415
vn -0.4295969 -0.6992038 0.5714548
v -0.7330290 0.0792922 0.3589418
vn -0.0169491 -0.9989709 0.0420716
v -0.5388719 -0.6343710 0.2578741
vn -0.2498528 -0.8091447 -0.5318444
v -0.3700676 -0.6217940 0.2356992
vn -0.2325564 -0.9695631 -0.0765828
v -0.3411013 -0.6338711 0.2198857
vn 0.0320127 -0.9992425 0.0221261
v -0.2494026 -0.5982442 0.1931705
vn -0.3636578 -0.9038020 0.2255990
v 0.0667678 -0.5872304 0.2856599
vn 0.1055524 -0.9917967 0.0720974
v 0.1493529 -0.6273680 0.3575510
vn 0.3928596 -0.9074070 0.1492441
v 0.1849219 -0.6197480 0.3542388
vn -0.3178005 -0.7920420 0.5212219
v -0.6154804 -0.3257869 0.3076976
vn 0.1942729 -0.6302716 0.7516754
v 0.3828790 -0.5298511 0.2899508
vn -0.7943209 -0.5887507 0.1497562
v -0.7762443 -0.2711213 0.1546344
vn -0.0895778 -0.6426775 0.7608820
v -0.5238371 -0.3134623 0.3570746
vn -0.6384698 -0.7550109 -0.1493818
v -0.7067921 0.4710448 -0.2779255
vn -0.1643658 -0.5278710 0.8332683
v -0.5703816 -0.2513112 0.3982723
vn -0.3036875 -0.8606886 -0.4086430
v -0.5754160 -0.3741975 -0.0229640
vn -0.5711927 -0.7954835 -0.2023487
v -0.6070391 -0.6298399 0.2272405
vn 0.0559212 -0.9971523 -0.0505979
v -0.4050243 -0.6388156 0.2604421
vn -0.6503334 -0.6143903 -0.4467561
v 0.0868220 -0.6004251 0.3277356
vn -0.1976247 -0.9335806 -0.2989513
v 0.0824519 -0.6270243 0.3505925
vn -0.6882173 -0.5598161 0.4614792
v -0.8681781 0.1472746 0.4134944
vn -0.3442330 -0.5111580 0.7875412
v -0.6336596 -0.2447488 0.3786569
vn -0.3197670 -0.9067199 -0.2749694
v -0.6249470 -0.3675950 0.0021802
vn -0.2050874 -0.9265698 -0.3152900
v 0.0507513 -0.5823691 0.3216490
vn 0.5971203 -0.7077354 0.3775685
v 0.1957697 -0.6062859 0.3801952
vn -0.4657398 -0.7830848 -0.4121464
v -0.6477836 -0.3524205 -0.0169122
vn -0.3409844 -0.9193311 -0.1963671
v -0.6233574 -0.3779562 0.0409352
vn -0.8440765 -0.5361285 -0.0100583
v -0.5531701 -0.4132523 0.0475406
vn -0.6135730 -0.6137392 0.4968425
v -0.7189016 -0.2640192 0.3038495
vn -0.0804543 -0.9965973 0.0179165
v -0.5995680 -0.6322914 0.3082313
vn -0.0191393 -0.9957960 0.0895770
v -0.4531232 -0.6313155 0.2949854
vn 0.0164354 -0.9980609 0.0600350
v -0.2012218 -0.5930629 0.2694177
vn 0.3236054 -0.8757190 0.3583237
v 0.1589272 -0.6198016 0.3990840
vn 0.4097238 -0.8484587 0.3350289
v -0.6678994 0.1189399 0.4381312
vn -0.2993357 -0.9350008 -0.1901882
v -0.6942375 0.4724129 -0.3348769
vn -0.5145510 -0.8196522 -0.2518086
v -0.6722653 -0.3545291 0.0345692
vn -0.8143737 -0.5638505 0.1373619
v -0.8204207 -0.2064490 0.1591463
vn -0.7558304 -0.6331981 0.1666750
v -0.8815665 0.1560514 0.2388406
vn -0.6398939 -0.7466614 0.1817485
v -0.8587414 0.1338430 0.2307981
vn 0.1824660 -0.7889891 0.5866877
v -0.6893193 0.1305746 0.4780044
vn -0.0598191 -0.5755775 0.8155563
v -0.5305223 -0.2848499 0.3753712
vn -0.7524241 -0.3598262 0.5517092
v -0.7464160 0.0716536 0.3358320
vn -0.3385800 -0.9358440 -0.0977733
v -0.5920542 -0.3938499 0.0782260
vn -0.7172945 -0.6798841 -0.1524674
v -0.6369488 -0.6256989 0.2843839
vn -0.0057000 -0.9995391 0.0298202
v -0.5596454 -0.6315529 0.3505988
vn 0.0158508 -0.9995935 0.0236974
v -0.5012372 -0.6310626 0.3348352
vn 0.2962013 -0.9477983 -0.1180816
v -0.3367631 -0.6286347 0.3342844
vn 0.4626429 -0.8857816 -0.0367751
v -0.2995442 -0.5950839 0.3131309
vn -0.1213900 -0.9089836 -0.3987648
v -0.0479634 -0.5837439 0.3548181
vn 0.1372704 -0.9401782 0.3118044
v 0.1181770 -0.6242259 0.4120340
vn -0.2150013 -0.6399084 0.7377614
v -0.7240777 0.1434807 0.4908811
vn -0.2867978 -0.5430045 0.7892358
v -0.7779341 0.1337264 0.4509249
vn -0.5838534 -0.7338648 0.3472142
v -0.7164340 -0.2915816 0.2635783
vn -0.7170745 -0.5551772 0.4214055
v -0.7637570 -0.2262941 0.2827556
vn -0.3826600 -0.9213405 0.0685794
v -0.6312588 -0.6280782 0.3262230
vn 0.2037967 -0.9639363 -0.1711540
v -0.3253729 -0.6322825 0.3568666
vn 0.0566850 -0.9983898 0.0021511
v 0.0476786 -0.6277320 0.4201695
vn 0.2054031 -0.5375470 0.8178343
v 0.1097013 -0.6142148 0.4316754
vn -0.2364194 -0.6290617 0.7405317
v -0.5855526 -0.2764178 0.3736848
vn -0.6246700 -0.7808815 0.0034022
v -0.8602080 0.1427079 0.2750017
vn -0.4477212 -0.8921577 -0.0600043
v -0.6626438 -0.3737122 0.1020670
vn -0.1215835 -0.3799097 0.9169984
v -0.7996073 0.1618599 0.4690524
vn -0.0107356 -0.9979537 0.0630342
v -0.4051955 -0.6310873 0.3209610
vn -0.1265700 -0.8910186 -0.4359655
v -0.1091440 -0.5821556 0.3755249
vn 0.0628203 -0.9585118 0.2780448
v -0.0273222 -0.6270500 0.4409478
vn -0.3175542 -0.9481294 0.0144958
v -0.6241448 -0.3892415 0.1262736
vn -0.2248046 -0.9742353 0.0181259
v -0.5663354 -0.4055086 0.1298299
vn 0.1627603 -0.9323703 -0.3227921
v -0.2254458 -0.5856329 0.3719402
vn 0.0572143 -0.9157705 -0.3976066
v -0.1755606 -0.5841559 0.3809271
vn -0.0118257 -0.9333642 -0.3587362
v -0.1592371 -0.6277514 0.4223213
vn 0.1772403 -0.5608094 0.8087513
v 0.0318124 -0.6178840 0.4449424
vn -0.4837491 -0.8704547 -0.0910794
v -0.8239565 0.1185240 0.2940554
vn -0.3835590 -0.9129508 -0.1392964
v -0.8279695 0.1118542 0.3309644
vn -0.6952066 -0.6851386 -0.2174235
v -0.7205215 -0.3196689 0.0453920
vn -0.5829061 -0.8069096 -0.0954857
v -0.6874838 -0.3576544 0.0850696
vn -0.2724903 -0.9434690 0.1887204
v -0.5911610 -0.3955225 0.1598949
vn 0.0186012 -0.9973661 0.0701073
v -0.4535239 -0.6295456 0.3841832
vn 0.0392152 -0.9835395 0.1763871
v -0.3940502 -0.6291490 0.3914611
vn 0.0953875 -0.9750924 -0.2002401
v -0.2544783 -0.6292477 0.4202796
vn 0.2391707 -0.4443441 0.8633399
v -0.0307780 -0.6140514 0.4628127
vn -0.4907415 -0.8601761 0.1388158
v -0.7728238 0.0910650 0.3298528
vn -0.2431418 -0.8605978 0.4474970
v -0.5772668 -0.3536540 0.2783191
vn -0.1905286 -0.5713347 0.7982954
v -0.4947492 -0.3063162 0.3615479
vn -0.2030468 -0.5181302 0.8308508
v -0.4845982 -0.2785582 0.3816822
vn -0.6627399 -0.7452059 0.0737840
v -0.7036978 -0.3417185 0.1470034
vn -0.4747908 -0.8729765 0.1117400
v -0.6623316 -0.3725117 0.1484354
vn -0.0839196 -0.7969878 0.5981371
v -0.3803501 -0.6216860 0.4107963
vn 0.0881910 -0.9482010 0.3051840
v -0.0786024 -0.6258609 0.4592289
vn -0.3459286 -0.6694558 0.6573906
v -0.6388341 -0.2856196 0.3437069
vn 0.3503510 -0.9024083 -0.2508254
v -0.6632149 0.4850733 -0.3871959
vn -0.5597439 -0.7575766 0.3358042
v -0.6933726 -0.3163591 0.2412981
vn -0.7036772 -0.7094541 -0.0389007
v -0.7261735 -0.3208641 0.0990346
vn -0.8558792 -0.3241451 0.4029898
v -0.6298045 -0.6167994 0.3845252
vn -0.6454115 -0.3385768 0.6846969
v -0.3567168 -0.6170025 0.4330471
vn 0.2602848 -0.5075499 0.8213678
v -0.0916288 -0.6164907 0.4779047
vn -0.3699842 -0.3322596 0.8675916
v -0.8234376 0.1674509 0.4653873
vn -0.2968538 -0.8642456 0.4061495
v -0.6125939 -0.3572796 0.2479480
vn -0.3615227 -0.9041932 0.2274553
v -0.6441770 -0.3745705 0.1749935
vn -0.2673498 -0.8930702 0.3618698
v -0.5623345 -0.3843974 0.2185438
vn -0.4302199 -0.8735673 0.2275766
v -0.6207708 -0.6260133 0.3809176
vn 0.0182545 -0.9914117 0.1294976
v -0.5164932 -0.6301950 0.4135985
vn 0.0352944 -0.9789982 0.2007905
v -0.1743192 -0.6272954 0.4762665
vn 0.3193388 -0.0507865 0.9462788
v -0.1106000 -0.6004118 0.4860401
vn -0.0825951 -0.8630450 0.4983285
v -0.7266599 0.1140358 0.4515411
vn -0.6980290 -0.6866210 -0.2032417
v -0.7460245 -0.2892573 0.0489229
vn -0.6878799 -0.7257944 0.0066194
v -0.7038063 -0.3418859 0.1168710
vn -0.7176078 -0.6559814 0.2339391
v -0.7542769 -0.2779588 0.2061317
vn -0.2618531 -0.9262977 0.2709346
v -0.5922630 -0.6289344 0.4059852
vn 0.0094673 -0.9232951 0.3839748
v -0.5259476 -0.6258709 0.4338246
vn 0.1130469 -0.9075536 0.4044341
v -0.4423290 -0.6239405 0.4207109
vn -0.2844307 -0.9108222 0.2991693
v -0.3270747 -0.6243095 0.4539649
vn -0.1563985 -0.9462074 0.2832510
v -0.2770473 -0.6251353 0.4886861
vn 0.0956222 -0.8962086 0.4332049
v -0.1479748 -0.6235592 0.4846681
vn 0.7950911 -0.5598819 -0.2331578
v -0.6311289 0.5430945 -0.4820783
vn 0.5276821 -0.8144424 -0.2413197
v -0.6425773 0.4734008 -0.3052925
vn 0.8704019 -0.4488684 -0.2022816
v -0.6003122 0.6200360 -0.5644453
vn 0.8456074 -0.4873992 -0.2176928
v -0.6117093 0.5095758 -0.3115032
vn 0.2483217 -0.8410046 -0.4806742
v -0.4230080 0.4639140 -0.0207205
vn 0.4534895 -0.8598353 -0.2345858
v -0.6351244 0.4434404 -0.1834378
vn 0.4344571 -0.7974163 -0.4187772
v -0.6449535 0.5205090 -0.4746456
vn 0.3918211 -0.7754749 -0.4950909
v -0.1013425 0.6471013 -0.2102301
vn 0.3255412 -0.5040227 -0.7999900
v -0.6065819 0.6209261 -0.5742322
vn -0.2308026 -0.6070788 -0.7603852
v -0.6807191 0.4016355 -0.0817781
vn 0.4905998 0.1681129 -0.8550146
v -0.5948443 0.3927828 -0.0606487
vn -0.3009111 -0.5340144 -0.7901146
v -0.1107165 0.7004994 -0.2595235
vn -0.1935257 -0.2840485 -0.9390763
v -0.6161201 0.6382797 -0.5810510
vn 0.1428073 -0.7580140 -0.6364126
v -0.2728051 0.5591134 -0.1063374
vn 0.2384711 -0.8992863 -0.3666276
v -0.1785708 0.5793737 -0.1079811
vn 0.6089683 -0.7638707 -0.2136802
v -0.6448284 0.5087100 -0.4376123
vn -0.0080677 -0.5950271 -0.8036652
v -0.4823730 0.4540001 -0.0179953
vn 0.2531331 -0.8614076 -0.4403416
v -0.3040390 0.5303351 -0.0742485
vn 0.0870104 -0.8106461 -0.5790355
v -0.6520495 0.5348995 -0.4987869
vn -0.1625648 -0.2496590 -0.9545906
v -0.1054399 0.7419406 -0.2827383
vn -0.5212969 -0.8004426 -0.2958738
v -0.6968674 0.4824895 -0.3796023
vn 0.7324392 -0.6554992 -0.1839936
v -0.6209508 0.4740069 -0.2503852
vn 0.8076059 -0.2293580 -0.5432935
v -0.6095994 0.4221739 -0.0724169
vn 0.6308151 0.0593991 -0.7736563
v -0.5127960 0.3980922 -0.0045832
vn 0.0638109 -0.7183560 -0.6927431
v -0.3796366 0.5056605 -0.0640025
vn 0.7289969 -0.6331096 -0.2602611
v -0.6264236 0.5061810 -0.3498231
vn 0.7373634 -0.6077299 -0.2948892
v -0.6225894 0.5664855 -0.5245228
vn 0.2827282 -0.7879190 -0.5470361
v -0.6397762 0.4102540 -0.0906485
vn 0.1758165 -0.9540002 -0.2428421
v -0.6549862 0.4476533 -0.2255744
vn 0.8355132 -0.5188076 -0.1809873
v -0.6257918 0.5254631 -0.3911932
vn 0.2785015 -0.9193681 -0.2778474
v -0.2345873 0.5523024 -0.0758988
vn -0.0018880 -0.8076459 -0.5896647
v -0.1520037 0.6126907 -0.1585137
vn -0.2658846 -0.9431990 -0.1992013
v -0.6853057 0.4282614 -0.1441276
vn -0.0972857 -0.5994219 -0.7944992
v -0.4286741 0.4968225 -0.0549691
vn 0.9311693 -0.3267322 -0.1617707
v -0.6080542 0.4563125 -0.1266308
vn 0.6925779 -0.6623521 -0.2857017
v -0.6163546 0.4306064 -0.1101681
vn 0.0220279 -0.9395801 -0.3416198
v -0.6594635 0.4269382 -0.1448593
vn 0.6251608 -0.5061011 -0.5941681
v -0.4859986 0.4216821 0.0146491
vn -0.0770790 -0.5308946 -0.8439252
v -0.2758675 0.6026496 -0.1429438
vn 0.3169930 -0.8975493 -0.3064650
v -0.6362242 0.4238628 -0.1216690
vn 0.5617546 0.2700868 -0.7819750
v -0.5431118 0.3673356 -0.0393218
vn 0.0636275 -0.9737099 -0.2187248
v -0.6657698 0.4590735 -0.2778424
vn 0.8909151 -0.1665708 -0.4225217
v -0.5893825 0.6793740 -0.5881641
vn -0.2936402 -0.6229876 -0.7250255
v -0.1343345 0.6585940 -0.2116912
vn 0.0340777 -0.9180140 -0.3950810
v -0.6710494 0.4975994 -0.4305758
vn -0.3354035 -0.9255216 0.1758243
v -0.5320967 -0.4102629 0.1642593
# 2503 vertices, 0 vertices normals

f 1069//1069 1647//1647 1578//1578
f 1058//1058 909//909 939//939
f 421//421 1176//1176 238//238
f 1055//1055 1101//1101 1042//1042
f 238//238 1059//1059 1126//1126
f 1254//1254 30//30 1261//1261
f 1065//1065 1071//1071 1//1
f 1037//1037 1130//1130 1120//1120
f 1570//1570 2381//2381 1585//1585
f 2434//2434 2502//2502 2473//2473
f 1632//1632 1654//1654 1646//1646
f 1144//1144 1166//1166 669//669
f 1202//1202 1440//1440 305//305
f 1071//1071 1090//1090 1//1
f 1555//1555 1570//1570 1584//1584
f 1184//1184 1174//1174 404//404
f 65//65 432//432 12//12
f 1032//1032 1085//1085 574//574
f 1789//1789 2207//2207 2223//2223
f 1154//1154 1118//1118 1184//1184
f 1141//1141 1086//1086 1154//1154
f 99//99 1117//1117 342//342
f 404//404 1174//1174 419//419
f 489//489 2000//2000 1998//1998
f 1118//1118 1174//1174 1184//1184
f 1196//1196 403//403 136//136
f 1495//1495 717//717 1490//1490
f 1804//1804 402//402 1207//1207
f 2272//2272 1398//1398 891//891
f 1100//1100 1002//1002 804//804
f 1596//1596 1595//1595 2381//2381
f 208//208 420//420 1207//1207
f 402//402 208//208 1207//1207
f 1455//1455 1935//1935 1925//1925
f 1176//1176 1059//1059 238//238
f 1150//1150 1040//1040 348//348
f 1957//1957 1537//1537 2051//2051
f 1124//1124 1189//1189 939//939
f 1804//1804 1207//1207 1823//1823
f 1381//1381 1300//1300 1109//1109
f 383//383 384//384 1182//1182
f 1085//1085 1086//1086 1141//1141
f 1040//1040 1046//1046 132//132
f 220//220 1495//1495 1188//1188
f 420//420 261//261 1207//1207
f 261//261 420//420 1065//1065
f 1055//1055 1133//1133 1101//1101
f 1054//1054 421//421 403//403
f 182//182 1109//1109 2//2
f 1181//1181 1207//1207 320//320
f 545//545 1570//1570 1561//1561
f 35//35 342//342 432//432
f 1024//1024 574//574 1141//1141
f 432//432 342//342 12//12
f 1489//1489 1081//1081 1547//1547
f 1181//1181 320//320 1805//1805
f 1516//1516 1683//1683 1507//1507
f 357//357 1117//1117 1047//1047
f 1561//1561 1570//1570 1555//1555
f 1090//1090 1196//1196 1206//1206
f 1047//1047 1203//1203 1051//1051
f 1165//1165 202//202 1121//1121
f 1099//1099 341//341 301//301
f 1174//1174 240//240 419//419
f 922//922 921//921 833//833
f 1121//1121 1080//1080 385//385
f 815//815 21//21 1183//1183
f 35//35 99//99 342//342
f 1083//1083 398//398 262//262
f 106//106 94//94 1317//1317
f 94//94 292//292 1317//1317
f 292//292 95//95 1317//1317
f 940//940 1039//1039 1033//1033
f 1300//1300 1306//1306 433//433
f 21//21 212//212 471//471
f 1120//1120 1131//1131 1037//1037
f 833//833 921//921 688//688
f 1117//1117 357//357 342//342
f 106//106 271//271 94//94
f 386//386 227//227 1375//1375
f 1130//1130 1044//1044 1053//1053
f 419//419 240//240 219//219
f 1255//1255 1244//1244 32//32
f 1557//1557 1081//1081 1489//1489
f 2062//2062 2120//2120 2109//2109
f 2034//2034 2110//2110 430//430
f 23//23 315//315 1111//1111
f 291//291 94//94 271//271
f 291//291 292//292 94//94
f 50//50 386//386 95//95
f 964//964 734//734 665//665
f 1616//1616 1585//1585 1611//1611
f 445//445 1084//1084 402//402
f 574//574 1085//1085 1141//1141
f 1654//1654 341//341 1653//1653
f 220//220 1188//1188 1640//1640
f 342//342 69//69 12//12
f 417//417 261//261 328//328
f 292//292 50//50 95//95
f 204//204 227//227 386//386
f 50//50 204//204 386//386
f 1276//1276 1471//1471 1311//1311
f 1206//1206 1196//1196 136//136
f 1033//1033 1055//1055 1042//1042
f 1037//1037 1044//1044 1130//1130
f 1180//1180 320//320 417//417
f 1121//1121 202//202 1080//1080
f 325//325 203//203 271//271
f 291//291 76//76 292//292
f 292//292 237//237 50//50
f 2159//2159 1696//1696 1767//1767
f 583//583 929//929 850//850
f 1584//1584 1585//1585 1616//1616
f 1495//1495 1490//1490 1188//1188
f 1557//1557 1489//1489 1660//1660
f 1078//1078 1069//1069 1494//1494
f 1972//1972 1992//1992 1971//1971
f 183//183 1226//1226 2000//2000
f 325//325 429//429 203//203
f 292//292 76//76 237//237
f 1152//1152 227//227 1143//1143
f 1488//1488 1412//1412 1489//1489
f 1638//1638 1646//1646 1653//1653
f 1947//1947 1869//1869 2468//2468
f 203//203 306//306 291//291
f 306//306 76//76 291//291
f 237//237 248//248 50//50
f 204//204 1143//1143 227//227
f 2395//2395 14//14 429//429
f 1502//1502 881//881 2500//2500
f 1//1 1090//1090 202//202
f 1652//1652 1653//1653 1099//1099
f 2117//2117 1863//1863 2496//2496
f 50//50 248//248 204//204
f 160//160 792//792 994//994
f 884//884 888//888 857//857
f 544//544 2117//2117 2496//2496
f 1090//1090 1206//1206 202//202
f 2463//2463 879//879 2492//2492
f 429//429 306//306 203//203
f 498//498 188//188 418//418
f 865//865 884//884 857//857
f 994//994 998//998 1014//1014
f 884//884 897//897 888//888
f 1795//1795 948//948 1802//1802
f 208//208 1035//1035 1071//1071
f 1065//1065 1//1 1066//1066
f 377//377 435//435 1377//1377
f 304//304 429//429 14//14
f 304//304 306//306 429//429
f 73//73 60//60 74//74
f 248//248 592//592 204//204
f 846//846 2264//2264 829//829
f 897//897 912//912 906//906
f 1004//1004 991//991 992//992
f 1422//1422 1421//1421 1233//1233
f 980//980 10//10 303//303
f 1058//1058 922//922 909//909
f 2436//2436 2449//2449 2418//2418
f 394//394 435//435 377//377
f 435//435 475//475 446//446
f 475//475 474//474 446//446
f 336//336 337//337 361//361
f 338//338 235//235 372//372
f 624//624 148//148 129//129
f 812//812 306//306 596//596
f 1726//1726 992//992 1019//1019
f 945//945 1514//1514 1511//1511
f 1069//1069 1627//1627 1628//1628
f 1812//1812 1823//1823 1181//1181
f 1165//1165 1121//1121 169//169
f 447//447 475//475 435//435
f 2487//2487 2458//2458 901//901
f 42//42 59//59 46//46
f 401//401 7//7 187//187
f 1010//1010 970//970 797//797
f 1513//1513 220//220 1640//1640
f 2474//2474 2491//2491 2462//2462
f 594//594 307//307 1014//1014
f 398//398 1513//1513 1640//1640
f 307//307 594//594 1026//1026
f 545//545 2381//2381 1570//1570
f 403//403 421//421 238//238
f 445//445 402//402 127//127
f 1611//1611 1631//1631 1616//1616
f 1805//1805 1180//1180 1148//1148
f 394//394 447//447 435//435
f 2341//2341 2413//2413 2376//2376
f 75//75 74//74 60//60
f 541//541 47//47 42//42
f 47//47 59//59 42//42
f 541//541 42//42 28//28
f 917//917 931//931 1103//1103
f 897//897 906//906 883//883
f 2484//2484 2068//2068 779//779
f 888//888 883//883 857//857
f 261//261 1065//1065 328//328
f 363//363 1307//1307 349//349
f 377//377 363//363 394//394
f 444//444 747//747 464//464
f 323//323 338//338 362//362
f 92//92 116//116 74//74
f 592//592 634//634 97//97
f 982//982 1027//1027 1004//1004
f 1020//1020 982//982 1004//1004
f 1084//1084 1054//1054 1035//1035
f 208//208 402//402 1084//1084
f 421//421 1119//1119 1176//1176
f 1207//1207 1181//1181 1823//1823
f 1179//1179 1187//1187 1160//1160
f 263//263 296//296 1343//1343
f 1298//1298 296//296 1307//1307
f 1307//1307 296//296 349//349
f 405//405 363//363 349//349
f 405//405 394//394 363//363
f 405//405 447//447 394//394
f 362//362 372//372 384//384
f 338//338 372//372 362//362
f 983//983 1004//1004 987//987
f 122//122 134//134 139//139
f 415//415 440//440 414//414
f 75//75 92//92 74//74
f 226//226 186//186 246//246
f 796//796 787//787 700//700
f 1119//1119 1059//1059 1176//1176
f 122//122 114//114 91//91
f 624//624 129//129 116//116
f 641//641 558//558 631//631
f 1311//1311 1318//1318 1487//1487
f 100//100 1162//1162 1170//1170
f 1653//1653 341//341 1099//1099
f 1316//1316 1983//1983 273//273
f 263//263 277//277 296//296
f 296//296 358//358 349//349
f 436//436 447//447 405//405
f 109//109 554//554 570//570
f 504//504 1385//1385 2501//2501
f 115//115 122//122 91//91
f 2068//2068 2460//2460 779//779
f 43//43 777//777 163//163
f 378//378 405//405 349//349
f 358//358 378//378 349//349
f 448//448 447//447 436//436
f 448//448 476//476 447//447
f 78//78 77//77 108//108
f 75//75 60//60 47//47
f 1764//1764 2481//2481 1795//1795
f 717//717 714//714 1512//1512
f 1490//1490 717//717 1501//1501
f 238//238 1126//1126 168//168
f 1878//1878 1866//1866 826//826
f 2025//2025 2360//2360 2367//2367
f 251//251 278//278 263//263
f 278//278 277//277 263//263
f 277//277 318//318 296//296
f 296//296 318//318 358//358
f 318//318 350//350 358//358
f 378//378 436//436 405//405
f 384//384 372//372 1182//1182
f 454//454 440//440 415//415
f 987//987 1004//1004 992//992
f 493//493 476//476 448//448
f 323//323 788//788 338//338
f 403//403 238//238 136//136
f 1565//1565 1503//1503 1474//1474
f 297//297 277//277 278//278
f 297//297 318//318 277//277
f 358//358 350//350 378//378
f 378//378 388//388 436//436
f 476//476 493//493 500//500
f 73//73 105//105 60//60
f 323//323 337//337 312//312
f 953//953 1573//1573 2358//2358
f 142//142 161//161 119//119
f 454//454 443//443 440//440
f 1862//1862 1871//1871 1405//1405
f 297//297 319//319 318//318
f 560//560 47//47 541//541
f 170//170 1323//1323 111//111
f 357//357 1047//1047 1050//1050
f 1119//1119 98//98 1059//1059
f 1838//1838 1877//1877 1900//1900
f 2359//2359 230//230 251//251
f 350//350 364//364 378//378
f 449//449 448//448 436//436
f 449//449 493//493 448//448
f 185//185 186//186 226//226
f 443//443 469//469 479//479
f 874//874 165//165 2480//2480
f 463//463 444//444 464//464
f 64//64 105//105 91//91
f 1182//1182 440//440 1129//1129
f 1958//1958 1651//1651 2502//2502
f 1238//1238 2034//2034 191//191
f 251//251 279//279 278//278
f 278//278 279//279 297//297
f 364//364 388//388 378//378
f 483//483 493//493 449//449
f 134//134 148//148 139//139
f 244//244 268//268 259//259
f 910//910 942//942 930//930
f 105//105 115//115 91//91
f 24//24 30//30 18//18
f 1132//1132 487//487 1059//1059
f 1869//1869 1947//1947 2021//2021
f 2497//2497 2494//2494 2463//2463
f 2359//2359 2385//2385 230//230
f 230//230 280//280 251//251
f 251//251 280//280 279//279
f 279//279 308//308 297//297
f 297//297 308//308 319//319
f 319//319 364//364 318//318
f 364//364 350//350 318//318
f 388//388 395//395 436//436
f 436//436 395//395 449//449
f 493//493 472//472 500//500
f 122//122 129//129 134//134
f 125//125 142//142 124//124
f 373//373 400//400 393//393
f 24//24 557//557 30//30
f 2264//2264 2278//2278 2251//2251
f 1261//1261 30//30 1269//1269
f 1730//1730 1862//1862 1877//1877
f 252//252 280//280 230//230
f 343//343 364//364 319//319
f 364//364 343//343 388//388
f 63//63 64//64 91//91
f 399//399 393//393 416//416
f 416//416 444//444 463//463
f 162//162 189//189 142//142
f 768//768 373//373 326//326
f 189//189 661//661 177//177
f 189//189 199//199 661//661
f 847//847 887//887 864//864
f 533//533 747//747 444//444
f 1744//1744 1022//1022 1418//1418
f 1170//1170 524//524 729//729
f 121//121 1342//1342 128//128
f 1236//1236 1244//1244 26//26
f 280//280 281//281 279//279
f 281//281 308//308 279//279
f 343//343 319//319 308//308
f 343//343 365//365 388//388
f 388//388 365//365 395//395
f 365//365 406//406 395//395
f 406//406 449//449 395//395
f 483//483 477//477 493//493
f 477//477 491//491 472//472
f 493//493 477//477 472//472
f 78//78 109//109 77//77
f 166//166 174//174 196//196
f 481//481 150//150 814//814
f 63//63 59//59 64//64
f 326//326 373//373 393//393
f 643//643 260//260 43//43
f 230//230 253//253 252//252
f 449//449 441//441 483//483
f 441//441 477//477 483//483
f 415//415 416//416 463//463
f 226//226 246//246 245//245
f 464//464 470//470 454//454
f 323//323 362//362 337//337
f 52//52 37//37 1283//1283
f 253//253 281//281 252//252
f 281//281 280//280 252//252
f 309//309 308//308 281//281
f 330//330 343//343 308//308
f 366//366 365//365 343//343
f 441//441 449//449 406//406
f 464//464 814//814 15//15
f 883//883 906//906 887//887
f 337//337 362//362 371//371
f 479//479 498//498 290//290
f 247//247 746//746 1003//1003
f 25//25 37//37 557//557
f 640//640 930//930 669//669
f 2486//2486 2499//2499 2459//2459
f 309//309 330//330 308//308
f 343//343 330//330 366//366
f 441//441 437//437 477//477
f 290//290 498//498 418//418
f 124//124 119//119 108//108
f 77//77 124//124 108//108
f 589//589 125//125 109//109
f 570//570 589//589 109//109
f 125//125 162//162 142//142
f 1045//1045 433//433 1034//1034
f 1207//1207 261//261 320//320
f 2004//2004 2474//2474 2495//2495
f 1215//1215 1228//1228 2285//2285
f 365//365 396//396 406//406
f 396//396 422//422 406//406
f 422//422 437//437 441//441
f 406//406 422//422 441//441
f 59//59 47//47 60//60
f 51//51 78//78 66//66
f 361//361 371//371 383//383
f 196//196 215//215 214//214
f 463//463 454//454 415//415
f 27//27 41//41 535//535
f 53//53 1283//1283 37//37
f 84//84 1299//1299 1283//1283
f 1805//1805 320//320 1180//1180
f 254//254 253//253 222//222
f 254//254 281//281 253//253
f 309//309 366//366 330//330
f 396//396 365//365 366//366
f 456//456 477//477 437//437
f 484//484 491//491 477//477
f 2480//2480 2485//2485 2493//2493
f 418//418 188//188 187//187
f 53//53 85//85 1283//1283
f 85//85 84//84 1283//1283
f 420//420 1071//1071 1065//1065
f 264//264 281//281 254//254
f 298//298 309//309 281//281
f 368//368 366//366 367//367
f 368//368 396//396 366//366
f 1639//1639 1564//1564 1139//1139
f 560//560 48//48 47//47
f 82//82 471//471 212//212
f 25//25 38//38 37//37
f 202//202 1206//1206 1080//1080
f 264//264 298//298 281//281
f 298//298 331//331 309//309
f 309//309 331//331 366//366
f 331//331 367//367 366//366
f 396//396 368//368 422//422
f 422//422 456//456 437//437
f 491//491 1192//1192 313//313
f 1699//1699 2064//2064 1710//1710
f 462//462 443//443 479//479
f 371//371 362//362 384//384
f 2502//2502 2476//2476 2464//2464
f 371//371 384//384 383//383
f 21//21 732//732 212//212
f 1571//1571 1629//1629 1627//1627
f 38//38 39//39 53//53
f 37//37 38//38 53//53
f 39//39 85//85 53//53
f 1173//1173 1184//1184 404//404
f 1006//1006 2142//2142 1674//1674
f 201//201 255//255 254//254
f 255//255 264//264 254//254
f 368//368 407//407 422//422
f 450//450 456//456 422//422
f 450//450 484//484 456//456
f 456//456 484//484 477//477
f 314//314 1192//1192 491//491
f 2027//2027 2501//2501 2489//2489
f 2475//2475 2471//2471 2488//2488
f 551//551 492//492 732//732
f 464//464 481//481 814//814
f 1081//1081 1494//1494 1547//1547
f 201//201 231//231 255//255
f 407//407 450//450 422//422
f 484//484 494//494 491//491
f 494//494 327//327 491//491
f 327//327 314//314 491//491
f 876//876 797//797 995//995
f 847//847 856//856 829//829
f 125//125 143//143 162//162
f 134//134 129//129 148//148
f 1564//1564 1571//1571 1627//1627
f 417//417 320//320 261//261
f 328//328 1065//1065 1066//1066
f 170//170 156//156 201//201
f 156//156 231//231 201//201
f 231//231 282//282 255//255
f 282//282 264//264 255//255
f 450//450 485//485 484//484
f 484//484 485//485 494//494
f 2463//2463 2486//2486 2479//2479
f 159//159 185//185 167//167
f 492//492 68//68 212//212
f 732//732 492//492 212//212
f 68//68 82//82 212//212
f 1311//1311 1471//1471 1296//1296
f 101//101 156//156 111//111
f 332//332 264//264 282//282
f 332//332 298//298 264//264
f 332//332 331//331 298//298
f 331//331 332//332 367//367
f 407//407 423//423 450//450
f 450//450 423//423 485//485
f 804//804 1002//1002 1443//1443
f 2484//2484 779//779 946//946
f 689//689 443//443 462//462
f 440//440 689//689 1129//1129
f 166//166 167//167 174//174
f 38//38 31//31 39//39
f 112//112 145//145 101//101
f 101//101 145//145 156//156
f 156//156 256//256 231//231
f 332//332 423//423 368//368
f 367//367 332//332 368//368
f 368//368 423//423 407//407
f 946//946 779//779 920//920
f 1432//1432 1261//1261 1449//1449
f 461//461 478//478 453//453
f 464//464 15//15 470//470
f 31//31 54//54 39//39
f 39//39 54//54 85//85
f 86//86 101//101 85//85
f 145//145 210//210 156//156
f 282//282 283//283 332//332
f 283//283 369//369 332//332
f 369//369 423//423 332//332
f 423//423 408//408 485//485
f 854//854 876//876 965//965
f 78//78 108//108 66//66
f 440//440 443//443 689//689
f 374//374 2465//2465 961//961
f 929//929 519//519 979//979
f 54//54 86//86 85//85
f 156//156 241//241 256//256
f 256//256 282//282 231//231
f 256//256 283//283 282//282
f 389//389 423//423 369//369
f 389//389 408//408 423//423
f 408//408 457//457 485//485
f 457//457 49//49 485//485
f 485//485 49//49 494//494
f 494//494 135//135 327//327
f 175//175 83//83 314//314
f 1167//1167 1140//1140 1483//1483
f 196//196 174//174 215//215
f 697//697 16//16 68//68
f 1038//1038 82//82 16//16
f 140//140 117//117 141//141
f 1654//1654 1653//1653 1646//1646
f 1234//1234 54//54 31//31
f 86//86 112//112 101//101
f 210//210 241//241 156//156
f 923//923 917//917 911//911
f 697//697 34//34 16//16
f 145//145 193//193 210//210
f 256//256 265//265 283//283
f 265//265 310//310 283//283
f 283//283 310//310 369//369
f 310//310 344//344 369//369
f 344//344 370//370 369//369
f 370//370 389//389 369//369
f 409//409 408//408 389//389
f 409//409 466//466 408//408
f 466//466 457//457 408//408
f 466//466 49//49 457//457
f 49//49 135//135 494//494
f 174//174 225//225 215//215
f 1014//1014 766//766 602//602
f 826//826 2220//2220 2215//2215
f 1078//1078 1494//1494 1081//1081
f 1273//1273 70//70 86//86
f 120//120 112//112 86//86
f 146//146 145//145 112//112
f 146//146 193//193 145//145
f 265//265 256//256 241//241
f 223//223 265//265 241//241
f 486//486 49//49 466//466
f 175//175 327//327 135//135
f 105//105 122//122 115//115
f 480//480 15//15 681//681
f 225//225 234//234 215//215
f 731//731 34//34 697//697
f 86//86 54//54 1273//1273
f 70//70 120//120 86//86
f 193//193 241//241 210//210
f 299//299 310//310 265//265
f 310//310 333//333 344//344
f 344//344 351//351 370//370
f 424//424 466//466 409//409
f 135//135 49//49 175//175
f 214//214 215//215 234//234
f 48//48 75//75 47//47
f 34//34 9//9 1038//1038
f 16//16 34//34 1038//1038
f 203//203 291//291 271//271
f 9//9 558//558 754//754
f 1195//1195 397//397 1120//1120
f 120//120 146//146 112//112
f 146//146 194//194 193//193
f 266//266 265//265 223//223
f 266//266 299//299 265//265
f 299//299 333//333 310//310
f 333//333 351//351 344//344
f 382//382 383//383 392//392
f 399//399 416//416 415//415
f 266//266 333//333 299//299
f 351//351 352//352 370//370
f 424//424 486//486 466//466
f 487//487 175//175 49//49
f 7//7 117//117 187//187
f 1182//1182 414//414 440//440
f 41//41 42//42 46//46
f 290//290 289//289 497//497
f 2502//2502 2464//2464 2473//2473
f 372//372 399//399 414//414
f 1570//1570 1585//1585 1584//1584
f 1066//1066 1//1 1165//1165
f 1//1 202//202 1165//1165
f 120//120 70//70 102//102
f 157//157 146//146 120//120
f 194//194 223//223 193//193
f 223//223 241//241 193//193
f 352//352 379//379 370//370
f 370//370 379//379 389//389
f 410//410 409//409 389//389
f 2478//2478 1409//1409 1958//1958
f 806//806 945//945 1002//1002
f 157//157 194//194 146//146
f 267//267 266//266 223//223
f 267//267 333//333 266//266
f 379//379 410//410 389//389
f 410//410 438//438 409//409
f 438//438 424//424 409//409
f 190//190 205//205 143//143
f 337//337 371//371 361//361
f 2215//2215 830//830 826//826
f 1631//1631 1646//1646 1638//1638
f 102//102 157//157 120//120
f 157//157 195//195 194//194
f 195//195 223//223 194//194
f 195//195 211//211 223//223
f 223//223 211//211 267//267
f 267//267 300//300 333//333
f 300//300 334//334 351//351
f 333//333 300//300 351//351
f 351//351 334//334 352//352
f 410//410 411//411 438//438
f 438//438 486//486 424//424
f 487//487 49//49 486//486
f 875//875 594//594 989//989
f 108//108 581//581 66//66
f 225//225 245//245 244//244
f 312//312 336//336 335//335
f 151//151 754//754 107//107
f 274//274 1386//1386 300//300
f 352//352 334//334 379//379
f 923//923 1729//1729 1096//1096
f 244//244 245//245 268//268
f 463//463 464//464 454//454
f 414//414 399//399 415//415
f 15//15 480//480 470//470
f 1647//1647 1069//1069 1078//1078
f 909//909 922//922 833//833
f 387//387 417//417 328//328
f 133//133 157//157 102//102
f 1314//1314 133//133 102//102
f 133//133 195//195 157//157
f 1148//1148 1179//1179 1160//1160
f 1046//1046 1167//1167 182//182
f 379//379 411//411 410//410
f 792//792 339//339 229//229
f 391//391 7//7 668//668
f 185//185 226//226 174//174
f 461//461 290//290 497//497
f 2027//2027 504//504 2501//2501
f 1196//1196 1054//1054 403//403
f 728//728 1019//1019 752//752
f 2459//2459 2483//2483 2461//2461
f 1291//1291 1264//1264 55//55
f 133//133 1356//1356 195//195
f 195//195 1356//1356 211//211
f 412//412 438//438 411//411
f 4//4 486//486 438//438
f 458//458 4//4 438//438
f 4//4 487//487 486//486
f 1720//1720 1572//1572 1771//1771
f 245//245 275//275 268//268
f 1869//1869 2021//2021 2059//2059
f 235//235 399//399 372//372
f 64//64 60//60 105//105
f 836//836 2492//2492 879//879
f 1315//1315 133//133 1314//1314
f 1331//1331 1382//1382 1356//1356
f 1310//1310 926//926 1128//1128
f 7//7 1121//1121 117//117
f 119//119 161//161 611//611
f 380//380 379//379 334//334
f 379//379 380//380 411//411
f 467//467 4//4 458//458
f 495//495 487//487 4//4
f 495//495 1126//1126 487//487
f 416//416 400//400 533//533
f 479//479 469//469 498//498
f 74//74 116//116 73//73
f 478//478 461//461 497//497
f 393//393 400//400 416//416
f 61//61 1291//1291 55//55
f 505//505 1999//1999 2474//2474
f 1999//1999 2491//2491 2474//2474
f 199//199 189//189 36//36
f 1164//1164 1165//1165 169//169
f 1179//1179 387//387 249//249
f 390//390 411//411 380//380
f 411//411 390//390 412//412
f 458//458 438//438 412//412
f 495//495 168//168 1126//1126
f 480//480 469//469 470//470
f 116//116 122//122 105//105
f 418//418 187//187 140//140
f 185//185 174//174 167//167
f 166//166 148//148 167//167
f 470//470 469//469 443//443
f 40//40 55//55 32//32
f 61//61 71//71 1291//1291
f 71//71 103//103 1291//1291
f 1184//1184 1173//1173 1154//1154
f 634//634 514//514 97//97
f 425//425 458//458 412//412
f 917//917 923//923 931//931
f 2472//2472 2489//2489 853//853
f 754//754 641//641 567//567
f 44//44 567//567 1163//1163
f 454//454 470//470 443//443
f 40//40 32//32 1249//1249
f 33//33 40//40 1249//1249
f 56//56 55//55 40//40
f 56//56 61//61 55//55
f 451//451 1265//1265 439//439
f 1180//1180 417//417 1179//1179
f 1099//1099 301//301 1077//1077
f 1189//1189 1058//1058 939//939
f 1059//1059 221//221 1132//1132
f 598//598 1074//1074 1075//1075
f 412//412 426//426 425//425
f 650//650 186//186 185//185
f 234//234 244//244 259//259
f 226//226 245//245 225//225
f 1033//1033 1042//1042 1030//1030
f 2492//2492 836//836 247//247
f 7//7 169//169 1121//1121
f 1462//1462 1322//1322 1482//1482
f 425//425 467//467 458//458
f 496//496 4//4 467//467
f 1751//1751 2468//2468 2480//2480
f 290//290 418//418 140//140
f 326//326 789//789 762//762
f 142//142 177//177 161//161
f 165//165 1751//1751 2480//2480
f 87//87 103//103 71//71
f 103//103 87//87 104//104
f 1180//1180 1179//1179 1148//1148
f 417//417 387//387 1179//1179
f 2081//2081 2060//2060 2031//2031
f 1154//1154 1173//1173 1141//1141
f 181//181 131//131 197//197
f 442//442 425//425 426//426
f 614//614 144//144 143//143
f 876//876 1010//1010 797//797
f 40//40 45//45 56//56
f 56//56 45//45 61//61
f 87//87 71//71 61//61
f 1563//1563 1437//1437 1590//1590
f 1121//1121 385//385 117//117
f 1148//1148 1160//1160 1137//1137
f 1449//1449 1459//1459 1439//1439
f 1028//1028 2462//2462 929//929
f 442//442 459//459 425//425
f 459//459 467//467 425//425
f 168//168 495//495 4//4
f 496//496 168//168 4//4
f 1763//1763 1403//1403 1444//1444
f 140//140 187//187 117//117
f 244//244 234//234 225//225
f 246//246 740//740 269//269
f 372//372 414//414 1182//1182
f 40//40 547//547 45//45
f 45//45 62//62 61//61
f 62//62 87//87 61//61
f 87//87 88//88 104//104
f 1084//1084 517//517 1054//1054
f 387//387 328//328 1064//1064
f 2467//2467 2497//2497 2485//2485
f 286//286 1363//1363 302//302
f 205//205 189//189 162//162
f 290//290 140//140 289//289
f 214//214 234//234 224//224
f 393//393 399//399 809//809
f 315//315 1131//1131 397//397
f 302//302 321//321 353//353
f 1164//1164 169//169 391//391
f 427//427 459//459 442//442
f 217//217 496//496 467//467
f 217//217 168//168 496//496
f 978//978 969//969 2074//2074
f 361//361 383//383 382//382
f 269//269 276//276 245//245
f 1440//1440 11//11 305//305
f 62//62 88//88 87//87
f 328//328 1066//1066 1064//1064
f 1066//1066 1165//1165 1164//1164
f 242//242 287//287 302//302
f 1363//1363 242//242 302//302
f 287//287 321//321 302//302
f 1179//1179 249//249 1187//1187
f 983//983 1020//1020 1004//1004
f 464//464 747//747 481//481
f 788//788 323//323 276//276
f 269//269 245//245 246//246
f 88//88 89//89 1325//1325
f 171//171 172//172 242//242
f 360//360 353//353 321//321
f 360//360 1354//1354 353//353
f 1057//1057 1064//1064 1164//1164
f 2184//2184 2188//2188 2183//2183
f 460//460 459//459 451//451
f 460//460 467//467 459//459
f 149//149 168//168 217//217
f 149//149 136//136 168//168
f 116//116 129//129 122//122
f 109//109 124//124 77//77
f 159//159 167//167 148//148
f 28//28 42//42 41//41
f 57//57 88//88 62//62
f 45//45 57//57 62//62
f 1336//1336 1325//1325 89//89
f 89//89 72//72 1336//1336
f 147//147 172//172 171//171
f 172//172 258//258 242//242
f 258//258 257//257 242//242
f 257//257 287//287 242//242
f 257//257 321//321 287//287
f 345//345 360//360 321//321
f 360//360 381//381 1354//1354
f 1069//1069 938//938 1655//1655
f 387//387 473//473 249//249
f 270//270 217//217 467//467
f 130//130 136//136 149//149
f 851//851 847//847 829//829
f 983//983 987//987 975//975
f 189//189 177//177 142//142
f 88//88 72//72 89//89
f 184//184 258//258 172//172
f 257//257 288//288 321//321
f 1265//1265 451//451 459//459
f 270//270 149//149 217//217
f 226//226 225//225 174//174
f 27//27 28//28 41//41
f 109//109 125//125 124//124
f 547//547 57//57 45//45
f 57//57 58//58 88//88
f 88//88 58//58 72//72
f 2476//2476 2484//2484 2458//2458
f 147//147 184//184 172//172
f 184//184 213//213 258//258
f 258//258 243//243 257//257
f 243//243 288//288 257//257
f 345//345 321//321 288//288
f 391//391 169//169 7//7
f 468//468 460//460 451//451
f 468//468 488//488 460//460
f 270//270 467//467 460//460
f 488//488 270//270 460//460
f 1206//1206 136//136 130//130
f 481//481 793//793 150//150
f 143//143 205//205 162//162
f 142//142 119//119 124//124
f 58//58 90//90 72//72
f 90//90 128//128 72//72
f 147//147 173//173 184//184
f 173//173 213//213 184//184
f 213//213 233//233 258//258
f 258//258 233//233 243//243
f 354//354 360//360 345//345
f 354//354 381//381 360//360
f 1026//1026 991//991 307//307
f 268//268 312//312 259//259
f 1206//1206 130//130 1080//1080
f 116//116 105//105 73//73
f 139//139 148//148 166//166
f 275//275 312//312 268//268
f 188//188 401//401 187//187
f 2479//2479 2459//2459 2461//2461
f 58//58 63//63 90//90
f 1064//1064 1066//1066 1164//1164
f 1064//1064 473//473 387//387
f 288//288 311//311 345//345
f 311//311 354//354 345//345
f 996//996 994//994 307//307
f 452//452 468//468 439//439
f 452//452 478//478 468//468
f 478//478 488//488 468//468
f 141//141 130//130 149//149
f 1564//1564 1639//1639 1563//1563
f 547//547 41//41 57//57
f 2081//2081 2107//2107 2060//2060
f 382//382 381//381 354//354
f 497//497 270//270 488//488
f 289//289 149//149 270//270
f 289//289 141//141 149//149
f 114//114 122//122 139//139
f 59//59 60//60 64//64
f 275//275 323//323 312//312
f 401//401 668//668 7//7
f 41//41 46//46 57//57
f 57//57 46//46 58//58
f 1459//1459 1345//1345 1269//1269
f 1342//1342 121//121 158//158
f 166//166 173//173 158//158
f 213//213 224//224 233//233
f 233//233 259//259 243//243
f 243//243 322//322 288//288
f 322//322 311//311 288//288
f 453//453 478//478 452//452
f 497//497 289//289 270//270
f 912//912 911//911 906//906
f 276//276 323//323 275//275
f 276//276 275//275 245//245
f 46//46 63//63 58//58
f 90//90 121//121 128//128
f 173//173 214//214 213//213
f 213//213 214//214 224//224
f 259//259 322//322 243//243
f 336//336 311//311 322//322
f 336//336 354//354 311//311
f 361//361 382//382 354//354
f 1043//1043 439//439 1290//1290
f 497//497 488//488 478//478
f 385//385 130//130 141//141
f 385//385 1080//1080 130//130
f 144//144 190//190 143//143
f 535//535 41//41 547//547
f 121//121 166//166 158//158
f 335//335 336//336 322//322
f 354//354 336//336 361//361
f 2004//2004 2481//2481 1764//1764
f 698//698 439//439 1043//1043
f 289//289 140//140 141//141
f 923//923 1096//1096 931//931
f 650//650 185//185 159//159
f 46//46 59//59 63//63
f 63//63 91//91 90//90
f 90//90 114//114 121//121
f 121//121 139//139 166//166
f 173//173 196//196 214//214
f 259//259 335//335 322//322
f 2478//2478 2502//2502 2434//2434
f 312//312 337//337 336//336
f 90//90 91//91 114//114
f 114//114 139//139 121//121
f 166//166 196//196 173//173
f 224//224 234//234 233//233
f 234//234 259//259 233//233
f 259//259 312//312 335//335
f 1124//1124 916//916 1189//1189
f 542//542 541//541 530//530
f 462//462 479//479 290//290
f 269//269 783//783 276//276
f 813//813 567//567 641//641
f 276//276 783//783 788//788
f 82//82 1038//1038 1333//1333
f 816//816 701//701 703//703
f 672//672 137//137 603//603
f 625//625 635//635 624//624
f 2457//2457 2439//2439 1973//1973
f 767//767 533//533 529//529
f 2468//2468 1869//1869 2480//2480
f 662//662 190//190 639//639
f 711//711 720//720 719//719
f 630//630 639//639 614//614
f 161//161 654//654 638//638
f 781//781 991//991 982//982
f 1227//1227 31//31 516//516
f 648//648 639//639 630//630
f 630//630 614//614 590//590
f 2098//2098 544//544 1899//1899
f 578//578 579//579 586//586
f 697//697 492//492 551//551
f 529//529 533//533 400//400
f 869//869 859//859 870//870
f 1732//1732 924//924 914//914
f 1004//1004 1027//1027 991//991
f 801//801 591//591 603//603
f 636//636 676//676 651//651
f 876//876 949//949 965//965
f 2207//2207 1789//1789 1859//1859
f 76//76 739//739 237//237
f 188//188 681//681 15//15
f 578//578 604//604 599//599
f 797//797 616//616 995//995
f 510//510 2035//2035 1365//1365
f 76//76 812//812 617//617
f 617//617 739//739 76//76
f 1468//1468 93//93 1765//1765
f 596//596 546//546 812//812
f 1457//1457 1305//1305 1477//1477
f 760//760 197//197 150//150
f 671//671 773//773 765//765
f 586//586 609//609 604//604
f 591//591 700//700 632//632
f 476//476 2312//2312 474//474
f 2084//2084 2027//2027 2489//2489
f 582//582 590//590 571//571
f 1555//1555 2449//2449 1996//1996
f 674//674 546//546 596//596
f 812//812 655//655 617//617
f 161//161 177//177 661//661
f 599//599 604//604 636//636
f 700//700 787//787 576//576
f 776//776 675//675 572//572
f 776//776 674//674 675//675
f 617//617 634//634 739//739
f 591//591 632//632 649//649
f 612//612 546//546 674//674
f 617//617 655//655 634//634
f 728//728 752//752 706//706
f 571//571 2311//2311 2305//2305
f 775//775 674//674 776//776
f 775//775 612//612 674//674
f 612//612 628//628 546//546
f 546//546 628//628 812//812
f 812//812 628//628 655//655
f 620//620 630//630 615//615
f 620//620 648//648 630//630
f 667//667 653//653 646//646
f 810//810 782//782 785//785
f 150//150 197//197 814//814
f 534//534 1517//1517 2000//2000
f 702//702 572//572 2378//2378
f 748//748 776//776 572//572
f 655//655 613//613 634//634
f 911//911 917//917 905//905
f 648//648 679//679 662//662
f 727//727 771//771 713//713
f 750//750 807//807 799//799
f 639//639 190//190 144//144
f 662//662 679//679 200//200
f 702//702 748//748 572//572
f 775//775 776//776 748//748
f 628//628 718//718 655//655
f 626//626 658//658 645//645
f 791//791 778//778 790//790
f 612//612 811//811 628//628
f 613//613 514//514 634//634
f 1380//1380 1756//1756 1673//1673
f 570//570 590//590 614//614
f 720//720 741//741 719//719
f 1074//1074 795//795 835//835
f 614//614 639//639 144//144
f 612//612 775//775 811//811
f 718//718 735//735 655//655
f 655//655 735//735 613//613
f 798//798 338//338 788//788
f 636//636 652//652 676//676
f 571//571 590//590 555//555
f 528//528 730//730 687//687
f 690//690 702//702 2312//2312
f 476//476 690//690 2312//2312
f 811//811 718//718 628//628
f 721//721 778//778 727//727
f 748//748 702//702 690//690
f 735//735 686//686 613//613
f 1517//1517 2002//2002 2127//2127
f 654//654 685//685 667//667
f 569//569 588//588 606//606
f 513//513 531//531 538//538
f 538//538 549//549 548//548
f 549//549 553//553 548//548
f 550//550 588//588 549//549
f 1903//1903 869//869 870//870
f 691//691 775//775 748//748
f 691//691 600//600 775//775
f 600//600 811//811 775//775
f 811//811 563//563 718//718
f 563//563 736//736 718//718
f 718//718 736//736 735//735
f 736//736 647//647 735//735
f 735//735 647//647 686//686
f 686//686 745//745 613//613
f 745//745 514//514 613//613
f 569//569 606//606 605//605
f 654//654 667//667 638//638
f 851//851 857//857 847//847
f 588//588 569//569 549//549
f 690//690 691//691 748//748
f 680//680 514//514 745//745
f 2127//2127 2002//2002 2094//2094
f 747//747 701//701 481//481
f 400//400 373//373 529//529
f 600//600 536//536 811//811
f 536//536 563//563 811//811
f 1306//1306 227//227 1152//1152
f 522//522 24//24 18//18
f 523//523 24//24 522//522
f 865//865 857//857 851//851
f 2031//2031 2060//2060 1540//1540
f 767//767 701//701 747//747
f 618//618 652//652 609//609
f 652//652 636//636 609//609
f 573//573 22//22 710//710
f 642//642 699//699 730//730
f 1522//1522 1518//1518 2476//2476
f 500//500 629//629 691//691
f 690//690 500//500 691//691
f 691//691 629//629 600//600
f 780//780 644//644 641//641
f 579//579 578//578 561//561
f 131//131 668//668 197//197
f 197//197 668//668 814//814
f 789//789 809//809 798//798
f 622//622 760//760 150//150
f 621//621 563//563 536//536
f 673//673 745//745 686//686
f 673//673 818//818 745//745
f 818//818 680//680 745//745
f 680//680 96//96 514//514
f 2495//2495 2462//2462 1028//1028
f 1028//1028 583//583 575//575
f 663//663 794//794 664//664
f 629//629 761//761 600//600
f 761//761 757//757 600//600
f 600//600 757//757 536//536
f 621//621 696//696 563//563
f 755//755 736//736 563//563
f 696//696 755//755 563//563
f 633//633 736//736 755//755
f 633//633 647//647 736//736
f 623//623 686//686 647//647
f 633//633 623//623 647//647
f 686//686 623//623 673//673
f 819//819 680//680 818//818
f 680//680 819//819 96//96
f 1729//1729 1677//1677 1096//1096
f 2482//2482 1899//1899 2471//2471
f 537//537 536//536 757//757
f 536//536 537//537 621//621
f 673//673 819//819 818//818
f 2428//2428 222//222 230//230
f 25//25 24//24 523//523
f 25//25 557//557 24//24
f 38//38 25//25 19//19
f 710//710 22//22 272//272
f 663//663 759//759 794//794
f 1120//1120 878//878 1195//1195
f 537//537 696//696 621//621
f 696//696 633//633 755//755
f 822//822 2215//2215 2220//2220
f 97//97 96//96 1053//1053
f 750//750 784//784 743//743
f 887//887 905//905 864//864
f 768//768 784//784 373//373
f 512//512 513//513 548//548
f 573//573 664//664 22//22
f 696//696 715//715 633//633
f 673//673 521//521 819//819
f 2454//2454 2453//2453 2445//2445
f 883//883 887//887 847//847
f 306//306 812//812 76//76
f 642//642 528//528 759//759
f 798//798 809//809 235//235
f 994//994 792//792 998//998
f 587//587 626//626 586//586
f 1900//1900 1918//1918 1937//1937
f 645//645 652//652 618//618
f 537//537 786//786 696//696
f 521//521 593//593 819//819
f 515//515 19//19 523//523
f 741//741 749//749 719//719
f 789//789 326//326 809//809
f 539//539 581//581 550//550
f 657//657 777//777 723//723
f 684//684 713//713 660//660
f 692//692 712//712 720//720
f 652//652 666//666 692//692
f 507//507 761//761 629//629
f 472//472 507//507 629//629
f 507//507 757//757 761//761
f 623//623 633//633 673//673
f 724//724 521//521 673//673
f 515//515 516//516 19//19
f 304//304 675//675 674//674
f 178//178 778//778 721//721
f 947//947 1447//1447 2358//2358
f 626//626 645//645 618//618
f 586//586 626//626 618//618
f 784//784 768//768 742//742
f 753//753 537//537 757//757
f 537//537 753//753 786//786
f 724//724 981//981 521//521
f 521//521 981//981 593//593
f 979//979 559//559 850//850
f 637//637 660//660 677//677
f 787//787 631//631 576//576
f 141//141 117//117 385//385
f 809//809 399//399 235//235
f 641//641 754//754 558//558
f 542//542 553//553 561//561
f 742//742 768//768 762//762
f 444//444 416//416 533//533
f 528//528 687//687 796//796
f 813//813 598//598 566//566
f 1490//1490 1501//1501 1557//1557
f 753//753 757//757 507//507
f 786//786 715//715 696//696
f 633//633 724//724 673//673
f 2090//2090 2062//2062 2109//2109
f 646//646 653//653 660//660
f 660//660 694//694 683//683
f 677//677 660//660 683//683
f 1872//1872 839//839 838//838
f 1224//1224 18//18 30//30
f 326//326 393//393 809//809
f 799//799 529//529 373//373
f 313//313 507//507 472//472
f 715//715 774//774 633//633
f 974//974 699//699 841//841
f 703//703 820//820 816//816
f 692//692 711//711 676//676
f 1014//1014 355//355 766//766
f 875//875 752//752 1019//1019
f 627//627 646//646 660//660
f 711//711 692//692 720//720
f 652//652 692//692 676//676
f 799//799 373//373 784//784
f 813//813 566//566 567//567
f 2462//2462 2482//2482 2475//2475
f 764//764 644//644 780//780
f 1479//1479 1924//1924 1916//1916
f 753//753 738//738 786//786
f 738//738 607//607 786//786
f 786//786 607//607 715//715
f 715//715 524//524 774//774
f 633//633 774//774 724//724
f 559//559 979//979 672//672
f 758//758 798//798 783//783
f 683//683 694//694 705//705
f 820//820 703//703 562//562
f 764//764 687//687 644//644
f 744//744 743//743 725//725
f 313//313 753//753 507//507
f 607//607 524//524 715//715
f 664//664 801//801 22//22
f 646//646 627//627 610//610
f 800//800 820//820 562//562
f 750//750 769//769 807//807
f 767//767 747//747 533//533
f 578//578 586//586 604//604
f 862//862 593//593 981//981
f 688//688 2382//2382 1083//1083
f 306//306 304//304 674//674
f 738//738 584//584 607//607
f 168//168 136//136 238//238
f 773//773 552//552 765//765
f 2473//2473 2464//2464 2458//2458
f 773//773 793//793 552//552
f 626//626 619//619 658//658
f 1007//1007 1139//1139 1013//1013
f 562//562 529//529 799//799
f 744//744 750//750 743//743
f 659//659 683//683 693//693
f 677//677 683//683 659//659
f 313//313 737//737 753//753
f 753//753 737//737 738//738
f 607//607 729//729 524//524
f 27//27 518//518 28//28
f 553//553 569//569 580//580
f 657//657 163//163 777//777
f 580//580 569//569 605//605
f 789//789 798//798 758//758
f 769//769 562//562 807//807
f 820//820 671//671 816//816
f 638//638 646//646 611//611
f 1074//1074 598//598 644//644
f 750//750 799//799 784//784
f 1931//1931 907//907 898//898
f 2483//2483 2487//2487 2461//2461
f 737//737 584//584 738//738
f 1439//1439 1438//1438 1431//1431
f 2098//2098 1213//1213 544//544
f 48//48 578//578 75//75
f 796//796 631//631 787//787
f 815//815 732//732 21//21
f 581//581 588//588 550//550
f 625//625 636//636 651//651
f 778//778 1011//1011 810//810
f 693//693 705//705 725//725
f 693//693 683//683 705//705
f 236//236 1921//1921 1966//1966
f 584//584 729//729 607//607
f 2237//2237 1866//1866 2227//2227
f 530//530 541//541 28//28
f 237//237 739//739 248//248
f 512//512 530//530 28//28
f 727//727 778//778 771//771
f 684//684 727//727 713//713
f 2237//2237 2220//2220 826//826
f 542//542 561//561 560//560
f 528//528 796//796 700//700
f 808//808 785//785 671//671
f 739//739 592//592 248//248
f 895//895 905//905 896//896
f 740//740 246//246 186//186
f 272//272 137//137 979//979
f 770//770 769//769 744//744
f 712//712 742//742 720//720
f 1213//1213 2026//2026 544//544
f 1888//1888 1235//1235 2438//2438
f 555//555 554//554 2311//2311
f 737//737 313//313 1192//1192
f 1585//1585 1612//1612 1611//1611
f 695//695 721//721 685//685
f 518//518 17//17 28//28
f 769//769 770//770 562//562
f 719//719 749//749 740//740
f 648//648 669//669 679//679
f 773//773 657//657 723//723
f 606//606 637//637 619//619
f 2072//2072 2062//2062 2042//2042
f 606//606 619//619 626//626
f 549//549 569//569 553//553
f 161//161 638//638 611//611
f 910//910 917//917 942//942
f 917//917 1103//1103 942//942
f 991//991 1026//1026 992//992
f 979//979 137//137 672//672
f 785//785 163//163 657//657
f 710//710 2488//2488 2472//2472
f 611//611 581//581 119//119
f 808//808 671//671 820//820
f 1820//1820 1900//1900 1870//1870
f 759//759 700//700 591//591
f 637//637 677//677 619//619
f 2494//2494 2490//2490 2463//2463
f 671//671 765//765 816//816
f 687//687 764//764 780//780
f 1019//1019 992//992 1026//1026
f 1726//1726 1719//1719 987//987
f 713//713 771//771 694//694
f 51//51 2355//2355 78//78
f 510//510 526//526 525//525
f 525//525 526//526 1249//1249
f 526//526 33//33 1249//1249
f 2311//2311 554//554 2335//2335
f 827//827 848//848 840//840
f 603//603 591//591 649//649
f 758//758 269//269 740//740
f 1595//1595 1612//1612 1586//1586
f 1694//1694 1048//1048 1699//1699
f 682//682 740//740 186//186
f 22//22 801//801 603//603
f 555//555 570//570 554//554
f 1053//1053 110//110 97//97
f 615//615 582//582 601//601
f 814//814 668//668 188//188
f 725//725 705//705 744//744
f 528//528 700//700 759//759
f 640//640 648//648 620//620
f 703//703 701//701 562//562
f 886//886 892//892 582//582
f 631//631 731//731 576//576
f 1087//1087 1835//1835 1747//1747
f 882//882 864//864 895//895
f 956//956 950//950 1103//1103
f 1502//1502 2500//2500 2470//2470
f 205//205 190//190 200//200
f 815//815 878//878 616//616
f 616//616 878//878 995//995
f 1183//1183 878//878 815//815
f 1601//1601 1827//1827 881//881
f 527//527 535//535 526//526
f 2184//2184 2183//2183 2175//2175
f 1142//1142 1125//1125 1133//1133
f 235//235 338//338 798//798
f 160//160 339//339 792//792
f 599//599 92//92 75//75
f 598//598 1116//1116 566//566
f 631//631 558//558 731//731
f 771//771 770//770 744//744
f 730//730 528//528 642//642
f 841//841 699//699 642//642
f 668//668 401//401 188//188
f 510//510 527//527 526//526
f 749//749 758//758 740//740
f 706//706 721//721 695//695
f 694//694 726//726 705//705
f 694//694 744//744 726//726
f 906//906 911//911 905//905
f 661//661 695//695 161//161
f 708//708 815//815 616//616
f 535//535 547//547 33//33
f 794//794 759//759 591//591
f 778//778 808//808 790//790
f 269//269 758//758 783//783
f 771//771 744//744 694//694
f 800//800 808//808 820//820
f 571//571 886//886 582//582
f 854//854 948//948 1010//1010
f 906//906 905//905 887//887
f 625//625 651//651 635//635
f 2000//2000 1226//1226 534//534
f 2140//2140 1504//1504 2016//2016
f 601//601 620//620 615//615
f 620//620 601//601 640//640
f 648//648 640//640 669//669
f 698//698 452//452 439//439
f 671//671 785//785 657//657
f 1561//1561 2356//2356 545//545
f 685//685 653//653 667//667
f 685//685 727//727 684//684
f 568//568 616//616 797//797
f 708//708 732//732 815//815
f 93//93 229//229 339//339
f 865//865 851//851 839//839
f 942//942 1103//1103 950//950
f 589//589 614//614 125//125
f 606//606 610//610 627//627
f 951//951 834//834 873//873
f 92//92 599//599 625//625
f 1878//1878 830//830 1902//1902
f 2482//2482 2098//2098 1899//1899
f 568//568 708//708 616//616
f 708//708 551//551 732//732
f 2434//2434 2487//2487 2483//2483
f 160//160 964//964 665//665
f 2316//2316 2391//2391 2309//2309
f 762//762 758//758 749//749
f 570//570 614//614 589//589
f 888//888 897//897 883//883
f 2000//2000 1517//1517 1388//1388
f 685//685 721//721 727//727
f 588//588 610//610 606//606
f 653//653 685//685 684//684
f 651//651 650//650 635//635
f 760//760 1151//1151 6//6
f 793//793 622//622 150//150
f 651//651 676//676 650//650
f 744//744 769//769 750//750
f 541//541 542//542 560//560
f 476//476 500//500 690//690
f 473//473 1064//1064 1057//1057
f 561//561 578//578 560//560
f 636//636 625//625 599//599
f 876//876 995//995 949//949
f 829//829 856//856 846//846
f 682//682 704//704 740//740
f 791//791 790//790 770//770
f 2466//2466 2500//2500 2460//2460
f 579//579 587//587 586//586
f 1352//1352 1208//1208 1095//1095
f 1684//1684 1479//1479 1916//1916
f 604//604 609//609 636//636
f 751//751 721//721 706//706
f 810//810 608//608 782//782
f 672//672 603//603 649//649
f 475//475 447//447 476//476
f 794//794 591//591 801//801
f 682//682 186//186 650//650
f 808//808 800//800 790//790
f 644//644 598//598 813//813
f 704//704 719//719 740//740
f 1011//1011 608//608 810//810
f 1192//1192 584//584 737//737
f 687//687 780//780 796//796
f 2337//2337 474//474 2312//2312
f 638//638 667//667 646//646
f 706//706 1186//1186 728//728
f 733//733 575//575 568//568
f 595//595 551//551 708//708
f 595//595 540//540 551//551
f 1308//1308 501//501 1852//1852
f 665//665 339//339 160//160
f 527//527 2447//2447 535//535
f 558//558 9//9 731//731
f 723//723 793//793 773//773
f 660//660 713//713 694//694
f 693//693 725//725 666//666
f 562//562 767//767 529//529
f 550//550 538//538 531//531
f 2267//2267 2287//2287 2233//2233
f 996//996 964//964 160//160
f 2068//2068 2470//2470 2466//2466
f 704//704 711//711 719//719
f 741//741 762//762 749//749
f 605//605 606//606 626//626
f 548//548 542//542 530//530
f 995//995 878//878 709//709
f 1898//1898 1684//1684 1916//1916
f 778//778 791//791 771//771
f 782//782 163//163 785//785
f 789//789 758//758 762//762
f 857//857 883//883 847//847
f 733//733 970//970 1028//1028
f 838//838 829//829 825//825
f 2447//2447 511//511 535//535
f 22//22 603//603 137//137
f 705//705 726//726 744//744
f 605//605 587//587 580//580
f 512//512 548//548 530//530
f 743//743 784//784 742//742
f 790//790 800//800 770//770
f 778//778 810//810 808//808
f 1014//1014 998//998 355//355
f 708//708 568//568 595//595
f 656//656 697//697 551//551
f 540//540 656//656 551//551
f 143//143 125//125 614//614
f 1000//1000 1020//1020 983//983
f 778//778 178//178 1011//1011
f 676//676 704//704 682//682
f 637//637 627//627 660//660
f 606//606 627//627 637//637
f 701//701 552//552 481//481
f 808//808 810//810 785//785
f 590//590 570//570 555//555
f 716//716 595//595 568//568
f 2355//2355 2335//2335 554//554
f 912//912 1729//1729 911//911
f 1076//1076 1456//1456 1546//1546
f 697//697 68//68 492//492
f 676//676 711//711 704//704
f 839//839 851//851 838//838
f 1028//1028 575//575 733//733
f 1020//1020 844//844 982//982
f 716//716 568//568 575//575
f 844//844 781//781 982//982
f 1238//1238 2156//2156 2034//2034
f 553//553 580//580 561//561
f 580//580 579//579 561//561
f 452//452 461//461 453//453
f 560//560 578//578 48//48
f 564//564 540//540 595//595
f 632//632 656//656 540//540
f 564//564 632//632 540//540
f 75//75 578//578 599//599
f 518//518 27//27 535//535
f 511//511 518//518 535//535
f 783//783 798//798 788//788
f 642//642 759//759 663//663
f 720//720 742//742 741//741
f 605//605 626//626 587//587
f 580//580 587//587 579//579
f 725//725 712//712 666//666
f 562//562 701//701 767//767
f 1729//1729 923//923 911//911
f 712//712 743//743 742//742
f 619//619 677//677 658//658
f 161//161 695//695 654//654
f 770//770 800//800 562//562
f 2084//2084 2489//2489 2472//2472
f 575//575 559//559 716//716
f 716//716 564//564 595//595
f 654//654 695//695 685//685
f 843//843 855//855 2064//2064
f 34//34 731//731 9//9
f 527//527 510//510 1973//1973
f 723//723 622//622 793//793
f 992//992 1726//1726 987//987
f 693//693 666//666 652//652
f 2472//2472 853//853 573//573
f 624//624 159//159 148//148
f 671//671 657//657 773//773
f 681//681 188//188 498//498
f 797//797 970//970 733//733
f 565//565 656//656 632//632
f 565//565 697//697 656//656
f 565//565 731//731 697//697
f 1949//1949 951//951 920//920
f 85//85 111//111 84//84
f 662//662 200//200 190//190
f 44//44 324//324 754//754
f 33//33 547//547 40//40
f 658//658 693//693 652//652
f 658//658 652//652 645//645
f 664//664 794//794 801//801
f 666//666 712//712 692//692
f 639//639 648//648 662//662
f 611//611 646//646 610//610
f 850//850 559//559 575//575
f 1447//1447 2490//2490 1106//1106
f 1972//1972 1955//1955 1935//1935
f 582//582 615//615 590//590
f 66//66 581//581 539//539
f 780//780 641//641 631//631
f 796//796 780//780 631//631
f 1049//1049 1192//1192 83//83
f 1348//1348 13//13 1519//1519
f 799//799 807//807 562//562
f 581//581 611//611 588//588
f 687//687 795//795 644//644
f 663//663 8//8 642//642
f 1936//1936 1972//1972 1935//1935
f 650//650 676//676 682//682
f 615//615 630//630 590//590
f 730//730 795//795 687//687
f 742//742 762//762 741//741
f 548//548 553//553 542//542
f 1048//1048 1692//1692 1074//1074
f 658//658 659//659 693//693
f 37//37 52//52 30//30
f 611//611 610//610 588//588
f 649//649 632//632 564//564
f 565//565 576//576 731//731
f 2138//2138 922//922 1058//1058
f 1204//1204 854//854 965//965
f 725//725 743//743 712//712
f 644//644 813//813 641//641
f 660//660 653//653 684//684
f 771//771 791//791 770//770
f 644//644 795//795 1074//1074
f 469//469 480//480 681//681
f 559//559 672//672 564//564
f 716//716 559//559 564//564
f 672//672 649//649 564//564
f 2161//2161 1378//1378 2171//2171
f 474//474 475//475 476//476
f 816//816 765//765 701//701
f 765//765 552//552 701//701
f 513//513 538//538 548//548
f 754//754 324//324 107//107
f 609//609 586//586 618//618
f 25//25 523//523 19//19
f 677//677 659//659 658//658
f 689//689 452//452 698//698
f 1334//1334 1115//1115 1353//1353
f 700//700 565//565 632//632
f 700//700 576//576 565//565
f 481//481 552//552 793//793
f 763//763 901//901 2458//2458
f 550//550 549//549 538//538
f 781//781 964//964 996//996
f 1596//1596 1634//1634 1595//1595
f 198//198 916//916 1124//1124
f 198//198 1124//1124 341//341
f 842//842 973//973 1025//1025
f 842//842 1025//1025 836//836
f 1009//1009 1024//1024 934//934
f 573//573 710//710 2472//2472
f 1100//1100 971//971 1002//1002
f 1501//1501 1081//1081 1557//1557
f 1225//1225 1219//1219 955//955
f 413//413 2138//2138 284//284
f 955//955 1630//1630 522//522
f 341//341 1124//1124 301//301
f 2333//2333 2376//2376 2350//2350
f 1107//1107 218//218 284//284
f 398//398 925//925 1513//1513
f 1513//1513 1442//1442 1495//1495
f 1935//1935 1455//1455 1744//1744
f 1723//1723 1935//1935 1744//1744
f 825//825 1872//1872 838//838
f 1495//1495 1442//1442 1496//1496
f 963//963 1024//1024 1009//1009
f 1511//1511 1514//1514 966//966
f 1775//1775 1729//1729 912//912
f 688//688 262//262 1067//1067
f 714//714 1007//1007 1512//1512
f 919//919 1732//1732 914//914
f 2319//2319 2331//2331 2304//2304
f 2400//2400 2407//2407 2391//2391
f 1674//1674 2164//2164 1780//1780
f 843//843 927//927 899//899
f 1660//1660 988//988 1188//1188
f 1067//1067 262//262 1640//1640
f 1381//1381 1109//1109 1483//1483
f 1437//1437 1381//1381 1483//1483
f 2495//2495 1010//1010 948//948
f 1514//1514 1289//1289 1313//1313
f 899//899 374//374 961//961
f 1438//1438 1430//1430 1422//1422
f 1634//1634 1095//1095 1632//1632
f 2487//2487 973//973 2461//2461
f 1003//1003 499//499 874//874
f 849//849 848//848 827//827
f 1430//1430 1462//1462 1453//1453
f 2496//2496 2084//2084 2471//2471
f 909//909 10//10 980//980
f 730//730 927//927 835//835
f 2031//2031 1540//1540 1536//1536
f 831//831 849//849 2178//2178
f 881//881 834//834 951//951
f 1841//1841 1722//1722 1803//1803
f 1005//1005 670//670 1020//1020
f 1021//1021 670//670 1005//1005
f 1869//1869 2059//2059 2467//2467
f 903//903 902//902 1939//1939
f 2476//2476 2502//2502 1651//1651
f 853//853 8//8 573//573
f 1850//1850 831//831 2178//2178
f 934//934 746//746 247//247
f 934//934 65//65 746//746
f 301//301 285//285 1077//1077
f 968//968 944//944 977//977
f 970//970 2495//2495 1028//1028
f 974//974 2465//2465 374//374
f 899//899 927//927 374//374
f 1882//1882 1898//1898 1916//1916
f 1613//1613 1634//1634 1596//1596
f 909//909 833//833 1396//1396
f 2492//2492 247//247 1003//1003
f 919//919 914//914 1931//1931
f 1459//1459 1299//1299 1458//1458
f 1634//1634 1632//1632 1633//1633
f 844//844 670//670 228//228
f 2494//2494 2497//2497 2467//2467
f 901//901 973//973 2487//2487
f 228//228 1772//1772 734//734
f 1701//1701 1709//1709 1666//1666
f 963//963 574//574 1024//1024
f 847//847 864//864 856//856
f 1730//1730 1736//1736 2239//2239
f 870//870 859//859 848//848
f 2074//2074 2111//2111 2103//2103
f 1140//1140 1590//1590 1483//1483
f 927//927 730//730 974//974
f 2103//2103 978//978 2074//2074
f 756//756 1745//1745 1718//1718
f 848//848 859//859 840//840
f 1296//1296 1482//1482 1320//1320
f 2331//2331 51//51 66//66
f 1067//1067 988//988 962//962
f 1396//1396 833//833 1445//1445
f 1001//1001 1005//1005 1000//1000
f 901//901 1009//1009 973//973
f 1099//1099 1077//1077 817//817
f 933//933 944//944 936//936
f 952//952 958//958 1828//1828
f 988//988 1660//1660 986//986
f 833//833 1067//1067 1445//1445
f 1067//1067 1640//1640 988//988
f 218//218 413//413 284//284
f 1843//1843 180//180 347//347
f 1846//1846 1708//1708 1798//1798
f 2469//2469 2477//2477 855//855
f 1006//1006 1021//1021 1005//1005
f 381//381 382//382 250//250
f 2369//2369 828//828 531//531
f 968//968 977//977 1001//1001
f 2460//2460 1949//1949 779//779
f 1194//1194 1441//1441 1115//1115
f 1001//1001 1000//1000 968//968
f 756//756 678//678 1745//1745
f 963//963 1009//1009 901//901
f 2471//2471 2084//2084 2472//2472
f 841//841 642//642 8//8
f 982//982 991//991 1027//1027
f 670//670 844//844 1020//1020
f 1289//1289 1514//1514 945//945
f 869//869 904//904 890//890
f 1161//1161 1115//1115 1639//1639
f 823//823 2178//2178 849//849
f 746//746 12//12 499//499
f 263//263 428//428 2366//2366
f 1685//1685 1075//1075 1692//1692
f 1002//1002 926//926 806//806
f 1799//1799 1755//1755 216//216
f 944//944 968//968 993//993
f 943//943 944//944 993//993
f 31//31 38//38 19//19
f 531//531 828//828 550//550
f 1501//1501 1078//1078 1081//1081
f 1921//1921 1149//1149 431//431
f 936//936 943//943 932//932
f 1660//1660 1489//1489 1412//1412
f 301//301 980//980 285//285
f 903//903 918//918 902//902
f 869//869 890//890 868//868
f 890//890 903//903 867//867
f 1003//1003 746//746 499//499
f 951//951 1949//1949 2500//2500
f 990//990 841//841 853//853
f 1595//1595 1634//1634 1611//1611
f 374//374 927//927 974//974
f 836//836 1025//1025 247//247
f 1653//1653 1652//1652 1638//1638
f 1303//1303 1545//1545 1142//1142
f 1616//1616 1631//1631 1638//1638
f 1629//1629 1546//1546 1628//1628
f 936//936 932//932 913//913
f 513//513 506//506 531//531
f 868//868 890//890 867//867
f 2330//2330 2369//2369 2353//2353
f 924//924 918//918 914//914
f 907//907 914//914 904//904
f 1258//1258 1421//1421 1267//1267
f 301//301 939//939 980//980
f 1472//1472 1482//1482 1296//1296
f 868//868 867//867 859//859
f 472//472 491//491 313//313
f 272//272 519//519 2488//2488
f 1471//1471 1472//1472 1296//1296
f 1025//1025 934//934 247//247
f 1634//1634 1633//1633 1611//1611
f 2176//2176 1847//1847 2177//2177
f 1310//1310 1289//1289 806//806
f 924//924 933//933 918//918
f 1969//1969 1968//1968 902//902
f 2107//2107 2128//2128 2118//2118
f 1428//1428 1436//1436 1287//1287
f 1139//1139 1564//1564 1617//1617
f 2378//2378 572//572 2384//2384
f 853//853 841//841 8//8
f 2501//2501 961//961 2465//2465
f 1221//1221 1240//1240 1408//1408
f 1069//1069 1578//1578 1627//1627
f 1006//1006 1005//1005 1001//1001
f 1617//1617 1564//1564 1578//1578
f 828//828 539//539 550//550
f 1791//1791 2168//2168 2160//2160
f 1829//1829 1718//1718 1739//1739
f 1968//1968 1939//1939 902//902
f 756//756 1718//1718 665//665
f 1998//1998 2000//2000 1388//1388
f 2451//2451 545//545 2356//2356
f 178//178 997//997 1011//1011
f 1275//1275 325//325 1270//1270
f 1709//1709 872//872 1666//1666
f 2176//2176 1959//1959 1847//1847
f 944//944 943//943 936//936
f 2424//2424 518//518 511//511
f 1445//1445 1067//1067 962//962
f 2007//2007 952//952 1828//1828
f 2052//2052 2061//2061 2081//2081
f 828//828 2303//2303 539//539
f 835//835 1699//1699 1048//1048
f 1709//1709 1706//1706 872//872
f 885//885 574//574 963//963
f 1318//1318 1296//1296 1320//1320
f 859//859 867//867 1902//1902
f 1452//1452 1448//1448 1421//1421
f 943//943 993//993 976//976
f 993//993 1000//1000 983//983
f 854//854 1010//1010 876//876
f 988//988 986//986 962//962
f 2031//2031 2052//2052 2081//2081
f 924//924 1732//1732 1828//1828
f 965//965 949//949 1060//1060
f 781//781 228//228 734//734
f 1718//1718 1765//1765 665//665
f 943//943 976//976 932//932
f 1680//1680 1794//1794 1783//1783
f 1448//1448 1471//1471 1276//1276
f 1276//1276 1267//1267 1421//1421
f 1931//1931 914//914 907//907
f 991//991 781//781 996//996
f 1276//1276 1421//1421 1448//1448
f 10//10 909//909 1396//1396
f 831//831 860//860 849//849
f 1523//1523 1762//1762 1774//1774
f 924//924 1828//1828 937//937
f 307//307 994//994 1014//1014
f 946//946 963//963 901//901
f 978//978 2103//2103 977//977
f 977//977 1006//1006 1001//1001
f 1007//1007 1161//1161 1639//1639
f 1639//1639 1294//1294 1437//1437
f 885//885 1032//1032 574//574
f 1294//1294 1381//1381 1437//1437
f 733//733 568//568 797//797
f 792//792 229//229 1112//1112
f 119//119 581//581 108//108
f 843//843 835//835 927//927
f 1889//1889 860//860 831//831
f 2211//2211 2216//2216 2204//2204
f 2400//2400 2431//2431 2422//2422
f 2103//2103 1006//1006 977//977
f 840//840 1902//1902 830//830
f 827//827 840//840 830//830
f 827//827 830//830 822//822
f 1003//1003 874//874 2492//2492
f 1432//1432 1439//1439 1431//1431
f 781//781 734//734 964//964
f 1937//1937 1936//1936 1723//1723
f 918//918 913//913 902//902
f 958//958 977//977 944//944
f 1850//1850 2178//2178 2177//2177
f 1005//1005 1020//1020 1000//1000
f 991//991 996//996 307//307
f 1396//1396 1445//1445 340//340
f 2179//2179 1763//1763 889//889
f 939//939 909//909 980//980
f 1828//1828 958//958 937//937
f 978//978 977//977 958//958
f 1590//1590 1571//1571 1563//1563
f 779//779 1949//1949 920//920
f 1551//1551 1362//1362 1573//1573
f 2103//2103 2142//2142 1006//1006
f 920//920 885//885 963//963
f 946//946 920//920 963//963
f 1584//1584 1616//1616 1583//1583
f 1453//1453 1472//1472 1452//1452
f 1647//1647 1617//1617 1578//1578
f 1578//1578 1564//1564 1627//1627
f 1628//1628 938//938 1069//1069
f 869//869 868//868 859//859
f 993//993 983//983 976//976
f 912//912 1762//1762 1775//1775
f 752//752 751//751 706//706
f 1628//1628 1546//1546 938//938
f 844//844 228//228 781//781
f 840//840 859//859 1902//1902
f 898//898 907//907 904//904
f 1025//1025 973//973 1009//1009
f 663//663 664//664 573//573
f 763//763 946//946 901//901
f 898//898 904//904 869//869
f 2172//2172 889//889 1763//1763
f 1128//1128 926//926 971//971
f 860//860 848//848 849//849
f 904//904 903//903 890//890
f 2486//2486 2459//2459 2479//2479
f 577//577 782//782 608//608
f 933//933 936//936 918//918
f 2177//2177 1847//1847 1851//1851
f 665//665 1765//1765 339//339
f 937//937 958//958 944//944
f 894//894 981//981 724//724
f 968//968 1000//1000 993//993
f 2192//2192 2195//2195 2205//2205
f 1652//1652 1099//1099 817//817
f 997//997 608//608 1011//1011
f 997//997 577//577 608//608
f 577//577 163//163 782//782
f 1112//1112 998//998 792//792
f 2177//2177 1851//1851 1850//1850
f 1257//1257 1421//1421 1258//1258
f 951//951 873//873 920//920
f 822//822 830//830 2215//2215
f 1899//1899 2496//2496 2471//2471
f 1773//1773 1668//1668 1558//1558
f 904//904 914//914 903//903
f 932//932 1671//1671 913//913
f 873//873 885//885 920//920
f 1013//1013 1617//1617 1647//1647
f 873//873 1032//1032 885//885
f 894//894 862//862 981//981
f 2469//2469 855//855 961//961
f 913//913 1671//1671 1969//1969
f 2477//2477 2064//2064 855//855
f 918//918 936//936 913//913
f 860//860 870//870 848//848
f 937//937 944//944 933//933
f 1501//1501 1013//1013 1647//1647
f 824//824 178//178 751//751
f 824//824 997//997 178//178
f 824//824 577//577 997//997
f 643//643 163//163 577//577
f 863//863 856//856 882//882
f 2128//2128 2153//2153 2134//2134
f 722//722 774//774 880//880
f 722//722 894//894 774//774
f 864//864 905//905 895//895
f 850//850 575//575 583//583
f 914//914 918//918 903//903
f 924//924 937//937 933//933
f 1501//1501 717//717 1013//1013
f 1587//1587 1324//1324 928//928
f 717//717 1512//1512 1013//1013
f 602//602 577//577 824//824
f 766//766 643//643 577//577
f 894//894 709//709 862//862
f 709//709 878//878 862//862
f 976//976 975//975 932//932
f 1324//1324 1596//1596 928//928
f 880//880 524//524 1060//1060
f 2434//2434 2459//2459 2499//2499
f 1324//1324 1613//1613 1596//1596
f 752//752 824//824 751//751
f 602//602 766//766 577//577
f 1014//1014 602//602 594//594
f 1387//1387 1226//1226 2152//2152
f 2153//2153 1387//1387 2152//2152
f 669//669 930//930 950//950
f 1710//1710 1694//1694 1699//1699
f 768//768 326//326 762//762
f 582//582 892//892 601//601
f 974//974 990//990 2465//2465
f 624//624 116//116 625//625
f 835//835 795//795 730//730
f 2458//2458 2484//2484 763//763
f 989//989 602//602 824//824
f 2064//2064 2477//2477 1710//1710
f 976//976 983//983 975//975
f 949//949 722//722 880//880
f 996//996 160//160 994//994
f 2305//2305 863//863 556//556
f 556//556 863//863 886//886
f 601//601 910//910 640//640
f 2264//2264 825//825 829//829
f 989//989 824//824 752//752
f 856//856 864//864 882//882
f 1595//1595 1586//1586 2381//2381
f 1627//1627 1629//1629 1628//1628
f 2174//2174 2180//2180 2173//2173
f 2128//2128 2134//2134 2118//2118
f 137//137 272//272 22//22
f 949//949 880//880 1060//1060
f 995//995 894//894 722//722
f 894//894 995//995 709//709
f 894//894 724//724 774//774
f 886//886 895//895 892//892
f 640//640 910//910 930//930
f 871//871 870//870 860//860
f 846//846 856//856 863//863
f 1026//1026 875//875 1019//1019
f 838//838 851//851 829//829
f 1024//1024 1171//1171 934//934
f 36//36 189//189 205//205
f 863//863 882//882 886//886
f 886//886 882//882 895//895
f 875//875 1026//1026 594//594
f 52//52 1459//1459 1269//1269
f 896//896 917//917 910//910
f 1025//1025 1009//1009 934//934
f 949//949 995//995 722//722
f 2152//2152 1226//1226 1636//1636
f 895//895 896//896 892//892
f 892//892 910//910 601//601
f 942//942 950//950 930//930
f 875//875 989//989 752//752
f 594//594 602//602 989//989
f 766//766 355//355 643//643
f 355//355 260//260 643//643
f 905//905 917//917 896//896
f 965//965 1060//1060 1162//1162
f 892//892 896//896 910//910
f 1101//1101 1052//1052 1042//1042
f 1029//1029 1031//1031 834//834
f 1101//1101 1133//1133 1118//1118
f 342//342 357//357 376//376
f 516//516 515//515 2454//2454
f 1656//1656 2494//2494 2467//2467
f 1056//1056 1303//1303 1133//1133
f 1120//1120 1130//1130 862//862
f 69//69 342//342 376//376
f 1055//1055 1056//1056 1133//1133
f 499//499 69//69 165//165
f 85//85 101//101 111//111
f 1031//1031 1032//1032 834//834
f 200//200 679//679 1166//1166
f 1031//1031 1042//1042 1032//1032
f 1171//1171 65//65 934//934
f 1822//1822 1204//1204 1177//1177
f 1096//1096 956//956 1103//1103
f 514//514 96//96 97//97
f 956//956 1145//1145 1144//1144
f 1185//1185 1166//1166 1144//1144
f 1145//1145 1185//1185 1144//1144
f 1185//1185 200//200 1166//1166
f 375//375 132//132 1041//1041
f 1153//1153 1202//1202 305//305
f 32//32 1244//1244 1249//1249
f 1096//1096 1087//1087 956//956
f 554//554 78//78 2355//2355
f 1191//1191 138//138 110//110
f 65//65 35//35 432//432
f 1087//1087 1110//1110 956//956
f 1110//1110 1146//1146 956//956
f 956//956 1146//1146 1145//1145
f 1146//1146 1156//1156 1145//1145
f 1145//1145 1156//1156 1185//1185
f 950//950 956//956 1144//1144
f 2481//2481 2495//2495 948//948
f 1156//1156 1193//1193 1185//1185
f 1050//1050 1047//1047 1051//1051
f 239//239 151//151 107//107
f 1185//1185 1193//1193 36//36
f 1747//1747 1110//1110 1087//1087
f 1134//1134 1146//1146 1110//1110
f 1146//1146 1157//1157 1156//1156
f 1156//1156 1157//1157 1193//1193
f 1041//1041 1045//1045 1034//1034
f 1397//1397 1134//1134 1110//1110
f 1157//1157 1146//1146 1134//1134
f 1157//1157 1175//1175 1193//1193
f 1193//1193 199//199 36//36
f 1090//1090 1035//1035 1196//1196
f 1456//1456 1150//1150 1051//1051
f 1175//1175 199//199 1193//1193
f 1186//1186 695//695 199//199
f 1186//1186 199//199 1175//1175
f 1175//1175 1157//1157 1134//1134
f 728//728 1186//1186 1175//1175
f 197//197 760//760 6//6
f 1130//1130 593//593 862//862
f 1167//1167 1109//1109 182//182
f 1194//1194 1115//1115 1161//1161
f 2140//2140 1928//1928 1504//1504
f 921//921 922//922 2138//2138
f 1147//1147 1134//1134 1397//1397
f 1719//1719 1147//1147 1397//1397
f 1147//1147 1175//1175 1134//1134
f 1175//1175 1147//1147 728//728
f 341//341 1654//1654 1208//1208
f 754//754 151//151 9//9
f 284//284 2138//2138 1058//1058
f 1188//1188 1557//1557 1660//1660
f 1191//1191 110//110 1053//1053
f 916//916 284//284 1189//1189
f 284//284 1058//1058 1189//1189
f 2094//2094 1465//1465 2127//2127
f 1726//1726 1019//1019 1147//1147
f 1147//1147 1019//1019 728//728
f 593//593 1130//1130 96//96
f 239//239 305//305 1038//1038
f 1036//1036 1131//1131 315//315
f 397//397 1131//1131 1120//1120
f 1053//1053 96//96 1130//1130
f 2467//2467 2485//2485 1869//1869
f 517//517 1089//1089 421//421
f 834//834 1827//1827 1029//1029
f 419//419 1047//1047 1117//1117
f 1034//1034 433//433 1306//1306
f 2239//2239 1862//1862 1730//1730
f 1453//1453 1462//1462 1472//1472
f 1408//1408 1422//1422 1399//1399
f 471//471 23//23 1111//1111
f 1205//1205 1150//1150 1456//1456
f 1205//1205 1040//1040 1150//1150
f 1131//1131 1036//1036 293//293
f 293//293 1068//1068 1044//1044
f 375//375 1041//1041 138//138
f 1205//1205 1140//1140 1046//1046
f 1040//1040 1205//1205 1046//1046
f 1140//1140 1167//1167 1046//1046
f 1104//1104 1049//1049 83//83
f 1052//1052 1085//1085 1032//1032
f 1044//1044 1068//1068 1191//1191
f 1167//1167 1483//1483 1109//1109
f 208//208 1084//1084 1035//1035
f 1040//1040 132//132 375//375
f 1834//1834 20//20 3//3
f 1050//1050 1051//1051 1070//1070
f 1133//1133 1125//1125 1174//1174
f 11//11 1440//1440 1401//1401
f 420//420 208//208 1071//1071
f 1135//1135 1079//1079 1094//1094
f 1086//1086 1101//1101 1118//1118
f 1029//1029 1030//1030 1031//1031
f 1200//1200 1061//1061 294//294
f 1191//1191 1068//1068 138//138
f 1171//1171 1141//1141 65//65
f 1141//1141 1172//1172 65//65
f 1172//1172 35//35 65//65
f 1172//1172 404//404 35//35
f 404//404 99//99 35//35
f 221//221 1104//1104 1063//1063
f 802//802 398//398 1083//1083
f 20//20 1089//1089 3//3
f 2064//2064 1699//1699 835//835
f 1042//1042 1052//1052 1032//1032
f 1433//1433 1261//1261 1432//1432
f 1323//1323 2338//2338 155//155
f 1076//1076 1205//1205 1456//1456
f 1088//1088 1402//1402 1056//1056
f 1150//1150 348//348 1070//1070
f 1200//1200 1089//1089 20//20
f 1097//1097 1162//1162 100//100
f 1032//1032 873//873 834//834
f 21//21 471//471 1111//1111
f 294//294 1097//1097 1104//1104
f 1072//1072 100//100 584//584
f 1151//1151 760//760 622//622
f 132//132 1045//1045 1041//1041
f 1050//1050 1070//1070 1135//1135
f 1088//1088 1039//1039 940//940
f 650//650 159//159 635//635
f 100//100 1170//1170 729//729
f 729//729 584//584 100//100
f 1103//1103 931//931 1096//1096
f 925//925 1443//1443 1513//1513
f 138//138 1102//1102 110//110
f 1034//1034 1306//1306 1152//1152
f 1071//1071 1035//1035 1090//1090
f 100//100 1072//1072 1097//1097
f 23//23 1158//1158 315//315
f 1068//1068 375//375 138//138
f 1586//1586 1612//1612 1585//1585
f 1819//1819 1030//1030 1029//1029
f 1041//1041 1034//1034 1102//1102
f 232//232 375//375 1068//1068
f 348//348 1079//1079 1070//1070
f 1061//1061 1097//1097 294//294
f 1513//1513 1443//1443 1442//1442
f 1200//1200 294//294 1119//1119
f 376//376 1050//1050 1062//1062
f 1094//1094 1036//1036 315//315
f 1200//1200 1119//1119 1089//1089
f 1111//1111 1183//1183 21//21
f 1044//1044 1191//1191 1053//1053
f 698//698 295//295 689//689
f 1079//1079 232//232 1036//1036
f 404//404 1117//1117 99//99
f 1495//1495 1496//1496 717//717
f 1119//1119 294//294 98//98
f 3//3 1089//1089 517//517
f 1132//1132 1063//1063 83//83
f 1132//1132 83//83 175//175
f 132//132 1046//1046 182//182
f 1111//1111 1195//1195 1183//1183
f 1131//1131 1044//1044 1037//1037
f 127//127 402//402 1804//1804
f 219//219 1272//1272 1047//1047
f 1697//1697 1135//1135 1094//1094
f 2140//2140 1854//1854 2117//2117
f 1111//1111 397//397 1195//1195
f 1177//1177 1162//1162 1097//1097
f 1061//1061 1177//1177 1097//1097
f 717//717 1509//1509 714//714
f 2//2 1300//1300 433//433
f 462//462 290//290 461//461
f 98//98 294//294 221//221
f 294//294 1104//1104 221//221
f 714//714 1161//1161 1007//1007
f 1073//1073 1152//1152 1143//1143
f 1697//1697 1094//1094 1360//1360
f 1223//1223 1423//1423 1218//1218
f 836//836 2479//2479 842//842
f 1097//1097 1072//1072 1049//1049
f 348//348 1040//1040 375//375
f 3//3 517//517 316//316
f 180//180 1061//1061 1201//1201
f 348//348 375//375 232//232
f 1432//1432 1431//1431 1415//1415
f 220//220 1513//1513 1495//1495
f 1104//1104 1097//1097 1049//1049
f 306//306 674//674 596//596
f 777//777 455//455 723//723
f 2170//2170 2151//2151 1641//1641
f 1047//1047 419//419 219//219
f 1102//1102 1034//1034 1073//1073
f 1073//1073 1034//1034 1152//1152
f 1035//1035 1054//1054 1196//1196
f 1177//1177 1204//1204 1162//1162
f 746//746 65//65 12//12
f 751//751 178//178 721//721
f 1054//1054 517//517 421//421
f 1051//1051 1150//1150 1070//1070
f 1102//1102 1073//1073 110//110
f 998//998 1136//1136 355//355
f 567//567 566//566 1163//1163
f 1111//1111 315//315 397//397
f 1048//1048 1074//1074 835//835
f 1158//1158 1094//1094 315//315
f 1374//1374 1107//1107 1252//1252
f 1112//1112 1136//1136 998//998
f 472//472 629//629 500//500
f 355//355 1136//1136 260//260
f 260//260 118//118 43//43
f 1104//1104 83//83 1063//1063
f 376//376 357//357 1050//1050
f 1463//1463 1142//1142 1545//1545
f 1036//1036 232//232 293//293
f 1030//1030 1042//1042 1031//1031
f 1079//1079 348//348 232//232
f 221//221 1063//1063 1132//1132
f 1094//1094 1079//1079 1036//1036
f 1076//1076 1629//1629 1205//1205
f 1136//1136 1197//1197 260//260
f 260//260 1197//1197 118//118
f 1204//1204 965//965 1162//1162
f 293//293 232//232 1068//1068
f 1590//1590 1205//1205 1629//1629
f 1205//1205 1590//1590 1140//1140
f 250//250 382//382 392//392
f 1296//1296 1318//1318 1311//1311
f 347//347 1201//1201 20//20
f 1201//1201 1200//1200 20//20
f 132//132 182//182 1045//1045
f 1101//1101 1086//1086 1052//1052
f 1033//1033 1039//1039 1055//1055
f 138//138 1041//1041 1102//1102
f 970//970 1010//1010 2495//2495
f 455//455 777//777 43//43
f 1992//1992 1948//1948 2023//2023
f 20//20 1834//1834 347//347
f 1072//1072 584//584 1049//1049
f 584//584 1192//1192 1049//1049
f 182//182 2//2 1045//1045
f 1163//1163 324//324 44//44
f 1360//1360 1094//1094 1158//1158
f 1450//1450 1360//1360 1158//1158
f 1091//1091 1112//1112 229//229
f 509//509 723//723 455//455
f 207//207 509//509 455//455
f 1251//1251 1257//1257 1266//1266
f 1488//1488 1489//1489 1547//1547
f 2157//2157 1541//1541 1875//1875
f 305//305 107//107 324//324
f 1045//1045 2//2 433//433
f 1070//1070 1079//1079 1135//1135
f 1136//1136 1168//1168 1197//1197
f 1197//1197 359//359 118//118
f 118//118 359//359 43//43
f 359//359 356//356 43//43
f 356//356 455//455 43//43
f 356//356 207//207 455//455
f 1240//1240 1422//1422 1408//1408
f 1163//1163 1153//1153 324//324
f 1201//1201 1061//1061 1200//1200
f 1052//1052 1086//1086 1085//1085
f 1024//1024 1141//1141 1171//1171
f 1112//1112 1105//1105 1136//1136
f 1050//1050 1135//1135 1062//1062
f 1105//1105 1168//1168 1136//1136
f 1168//1168 1178//1178 1197//1197
f 1197//1197 1178//1178 359//359
f 1173//1173 404//404 1172//1172
f 465//465 356//356 359//359
f 1174//1174 1125//1125 240//240
f 1240//1240 1431//1431 1422//1422
f 1098//1098 1113//1113 1105//1105
f 1112//1112 1098//1098 1105//1105
f 1105//1105 1178//1178 1168//1168
f 1178//1178 465//465 359//359
f 1091//1091 1098//1098 1112//1112
f 1133//1133 1174//1174 1118//1118
f 98//98 221//221 1059//1059
f 487//487 1132//1132 175//175
f 980//980 1017//1017 285//285
f 465//465 207//207 356//356
f 180//180 1201//1201 347//347
f 1060//1060 524//524 1170//1170
f 445//445 127//127 316//316
f 1431//1431 1438//1438 1422//1422
f 498//498 469//469 681//681
f 940//940 1807//1807 1759//1759
f 381//381 250//250 1290//1290
f 1113//1113 1122//1122 1105//1105
f 1105//1105 1122//1122 1178//1178
f 1151//1151 509//509 207//207
f 1236//1236 2035//2035 525//525
f 1131//1131 293//293 1044//1044
f 346//346 207//207 465//465
f 346//346 1151//1151 207//207
f 1822//1822 1796//1796 1204//1204
f 1143//1143 204//204 97//97
f 123//123 1128//1128 971//971
f 2153//2153 2152//2152 2134//2134
f 126//126 1151//1151 346//346
f 517//517 445//445 316//316
f 1450//1450 1158//1158 23//23
f 1458//1458 1462//1462 1430//1430
f 1129//1129 152//152 1182//1182
f 1122//1122 1159//1159 1178//1178
f 1178//1178 1198//1198 465//465
f 79//79 346//346 465//465
f 126//126 1155//1155 1151//1151
f 1151//1151 1155//1155 6//6
f 295//295 1129//1129 689//689
f 1073//1073 1143//1143 97//97
f 1098//1098 1123//1123 1113//1113
f 1113//1113 1123//1123 1122//1122
f 1123//1123 1169//1169 1122//1122
f 1178//1178 1159//1159 1198//1198
f 1198//1198 79//79 465//465
f 392//392 383//383 152//152
f 1822//1822 1061//1061 180//180
f 116//116 92//92 625//625
f 421//421 1089//1089 1119//1119
f 1129//1129 295//295 152//152
f 110//110 1073//1073 97//97
f 1173//1173 1172//1172 1141//1141
f 1122//1122 1169//1169 1159//1159
f 79//79 126//126 346//346
f 1155//1155 181//181 6//6
f 971//971 926//926 1002//1002
f 295//295 1043//1043 152//152
f 1039//1039 1088//1088 1056//1056
f 1428//1428 1266//1266 1436//1436
f 404//404 419//419 1117//1117
f 836//836 879//879 2479//2479
f 2464//2464 2476//2476 2458//2458
f 1198//1198 317//317 79//79
f 1124//1124 939//939 301//301
f 44//44 754//754 567//567
f 1039//1039 1056//1056 1055//1055
f 1439//1439 1459//1459 1458//1458
f 1660//1660 1412//1412 986//986
f 1169//1169 1160//1160 1159//1159
f 179//179 1155//1155 126//126
f 1155//1155 131//131 181//181
f 1061//1061 1822//1822 1177//1177
f 1153//1153 305//305 324//324
f 175//175 314//314 327//327
f 1160//1160 1187//1187 1159//1159
f 1159//1159 1187//1187 1198//1198
f 1198//1198 1187//1187 317//317
f 79//79 179//179 126//126
f 1043//1043 250//250 392//392
f 152//152 1043//1043 392//392
f 96//96 819//819 593//593
f 1123//1123 1127//1127 1169//1169
f 317//317 179//179 79//79
f 1057//1057 1155//1155 179//179
f 1155//1155 391//391 131//131
f 131//131 391//391 668//668
f 2381//2381 1586//1586 1585//1585
f 12//12 69//69 499//499
f 262//262 398//398 1640//1640
f 2107//2107 2118//2118 2060//2060
f 2130//2130 2094//2094 2002//2002
f 1187//1187 249//249 317//317
f 1155//1155 1057//1057 391//391
f 1290//1290 439//439 1265//1265
f 305//305 239//239 107//107
f 1127//1127 1160//1160 1169//1169
f 317//317 473//473 179//179
f 473//473 1057//1057 179//179
f 83//83 1192//1192 314//314
f 1043//1043 1290//1290 250//250
f 1807//1807 940//940 1030//1030
f 517//517 1084//1084 445//445
f 1057//1057 1164//1164 391//391
f 2492//2492 2480//2480 2493//2493
f 163//163 643//643 43//43
f 1056//1056 1545//1545 1303//1303
f 1069//1069 1655//1655 1023//1023
f 249//249 473//473 317//317
f 1162//1162 1060//1060 1170//1170
f 1086//1086 1118//1118 1154//1154
f 82//82 68//68 16//16
f 1989//1989 1990//1990 1536//1536
f 1633//1633 1632//1632 1611//1611
f 1487//1487 2372//2372 1305//1305
f 1494//1494 1069//1069 1023//1023
f 1137//1137 1160//1160 1127//1127
f 669//669 1166//1166 679//679
f 390//390 1285//1285 426//426
f 1955//1955 1972//1972 1971//1971
f 1219//1219 1223//1223 2437//2437
f 1254//1254 1261//1261 1223//1223
f 1319//1319 1545//1545 1056//1056
f 1320//1320 1328//1328 2443//2443
f 1261//1261 1433//1433 1223//1223
f 1219//1219 1254//1254 1223//1223
f 254//254 222//222 2428//2428
f 1237//1237 1290//1290 1265//1265
f 1284//1284 1273//1273 1263//1263
f 1277//1277 1291//1291 1301//1301
f 1314//1314 102//102 1301//1301
f 1280//1280 363//363 377//377
f 1313//1313 1353//1353 1514//1514
f 468//468 451//451 439//439
f 1918//1918 1964//1964 1956//1956
f 2026//2026 29//29 2140//2140
f 1354//1354 381//381 1279//1279
f 1224//1224 30//30 1254//1254
f 147//147 158//158 173//173
f 1247//1247 1253//1253 274//274
f 1271//1271 380//380 334//334
f 2043//2043 2072//2072 2042//2042
f 274//274 300//300 267//267
f 1356//1356 1392//1392 211//211
f 13//13 240//240 1142//1142
f 1382//1382 1330//1330 1392//1392
f 1312//1312 1323//1323 155//155
f 240//240 1125//1125 1142//1142
f 2358//2358 1573//1573 1362//1362
f 1236//1236 1249//1249 1244//1244
f 1272//1272 219//219 1348//1348
f 1271//1271 1274//1274 380//380
f 191//191 2034//2034 1982//1982
f 1992//1992 2052//2052 1990//1990
f 462//462 452//452 689//689
f 2262//2262 2286//2286 2261//2261
f 183//183 489//489 1642//1642
f 2485//2485 2480//2480 1869//1869
f 84//84 111//111 1323//1323
f 1190//1190 353//353 1354//1354
f 446//446 434//434 435//435
f 1336//1336 171//171 1341//1341
f 2021//2021 430//430 2059//2059
f 862//862 878//878 1120//1120
f 1263//1263 1273//1273 1248//1248
f 1966//1966 1921//1921 2144//2144
f 1312//1312 84//84 1323//1323
f 240//240 13//13 1348//1348
f 1359//1359 1274//1274 1271//1271
f 1392//1392 1330//1330 1247//1247
f 1520//1520 1333//1333 11//11
f 1368//1368 1253//1253 1247//1247
f 1279//1279 1285//1285 1190//1190
f 2465//2465 990//990 2489//2489
f 1272//1272 1519//1519 805//805
f 1369//1369 1272//1272 805//805
f 1317//1317 95//95 1344//1344
f 1242//1242 1248//1248 1234//1234
f 1368//1368 242//242 1363//1363
f 274//274 1262//1262 1386//1386
f 532//532 597//597 1886//1886
f 2117//2117 2026//2026 2140//2140
f 1392//1392 1247//1247 274//274
f 2162//2162 508//508 985//985
f 1964//1964 1469//1469 1965//1965
f 1315//1315 104//104 1331//1331
f 1392//1392 1356//1356 1382//1382
f 128//128 1342//1342 1336//1336
f 1285//1285 427//427 426//426
f 1219//1219 1224//1224 1254//1254
f 1320//1320 1322//1322 1321//1321
f 1320//1320 1321//1321 1328//1328
f 153//153 2443//2443 1328//1328
f 1321//1321 153//153 1328//1328
f 1235//1235 1244//1244 1243//1243
f 1225//1225 1224//1224 1219//1219
f 1359//1359 353//353 1190//1190
f 1312//1312 1473//1473 1458//1458
f 1336//1336 1342//1342 147//147
f 305//305 1333//1333 1038//1038
f 1336//1336 147//147 171//171
f 516//516 31//31 19//19
f 2479//2479 2461//2461 842//842
f 1237//1237 1265//1265 427//427
f 1263//1263 1278//1278 1284//1284
f 881//881 1827//1827 834//834
f 1237//1237 427//427 1285//1285
f 1299//1299 1312//1312 1458//1458
f 1190//1190 1285//1285 1274//1274
f 1363//1363 286//286 1253//1253
f 2330//2330 2303//2303 828//828
f 427//427 442//442 426//426
f 2493//2493 2463//2463 2492//2492
f 1285//1285 380//380 1274//1274
f 522//522 18//18 1225//1225
f 2471//2471 2472//2472 2488//2488
f 2338//2338 154//154 1321//1321
f 1423//1423 1415//1415 1218//1218
f 1225//1225 18//18 1224//1224
f 1253//1253 286//286 1262//1262
f 286//286 353//353 1359//1359
f 171//171 1368//1368 1383//1383
f 1273//1273 54//54 1234//1234
f 1973//1973 2447//2447 527//527
f 1322//1322 155//155 1321//1321
f 1203//1203 1369//1369 1413//1413
f 1307//1307 363//363 1298//1298
f 1364//1364 1375//1375 1329//1329
f 1329//1329 227//227 1306//1306
f 296//296 1298//1298 1343//1343
f 947//947 2499//2499 1447//1447
f 1203//1203 1047//1047 1272//1272
f 1098//1098 1748//1748 1123//1123
f 1519//1519 1272//1272 1348//1348
f 1277//1277 70//70 1273//1273
f 1282//1282 1337//1337 1361//1361
f 286//286 302//302 353//353
f 103//103 104//104 1315//1315
f 1377//1377 435//435 434//434
f 1449//1449 1261//1261 1345//1345
f 926//926 1310//1310 806//806
f 1263//1263 1248//1248 1242//1242
f 985//985 508//508 597//597
f 1415//1415 1222//1222 1218//1218
f 88//88 1325//1325 104//104
f 170//170 111//111 156//156
f 1384//1384 1282//1282 1361//1361
f 274//274 1253//1253 1262//1262
f 1371//1371 1317//1317 1344//1344
f 1371//1371 1366//1366 1337//1337
f 1345//1345 1459//1459 1449//1449
f 171//171 1383//1383 1341//1341
f 2438//2438 1235//1235 1227//1227
f 2134//2134 1582//1582 2118//2118
f 428//428 1260//1260 1379//1379
f 1336//1336 1341//1341 1325//1325
f 1235//1235 1242//1242 1227//1227
f 1228//1228 1687//1687 2284//2284
f 1854//1854 2140//2140 2016//2016
f 1866//1866 1887//1887 1873//1873
f 1343//1343 1298//1298 1370//1370
f 1384//1384 1361//1361 2440//2440
f 171//171 242//242 1368//1368
f 1344//1344 1309//1309 1366//1366
f 1371//1371 1344//1344 1366//1366
f 1280//1280 1377//1377 1293//1293
f 200//200 1185//1185 205//205
f 1330//1330 1383//1383 1368//1368
f 1255//1255 1264//1264 1263//1263
f 543//543 1367//1367 1876//1876
f 1343//1343 1370//1370 1260//1260
f 1293//1293 1326//1326 1370//1370
f 2440//2440 1361//1361 1302//1302
f 1282//1282 1384//1384 2406//2406
f 271//271 1337//1337 1282//1282
f 170//170 2338//2338 1323//1323
f 1528//1528 1503//1503 2470//2470
f 515//515 1347//1347 2453//2453
f 1997//1997 1705//1705 1998//1998
f 2285//2285 1228//1228 2284//2284
f 1229//1229 1250//1250 1228//1228
f 1330//1330 1368//1368 1247//1247
f 1919//1919 1619//1619 2045//2045
f 1344//1344 1364//1364 1335//1335
f 1222//1222 1240//1240 1221//1221
f 1212//1212 858//858 1741//1741
f 2388//2388 1222//1222 1221//1221
f 1528//1528 2470//2470 2068//2068
f 501//501 1308//1308 2171//2171
f 1295//1295 1311//1311 1487//1487
f 2116//2116 1619//1619 1655//1655
f 1220//1220 1229//1229 1228//1228
f 8//8 663//663 573//573
f 1343//1343 1260//1260 428//428
f 1337//1337 1366//1366 1361//1361
f 1298//1298 1280//1280 1293//1293
f 1269//1269 1345//1345 1261//1261
f 1279//1279 381//381 1290//1290
f 1230//1230 1229//1229 1220//1220
f 1230//1230 1245//1245 1229//1229
f 1245//1245 1250//1250 1229//1229
f 1227//1227 1234//1234 31//31
f 1302//1302 1361//1361 1350//1350
f 1245//1245 1266//1266 1428//1428
f 1992//1992 2023//2023 2052//2052
f 2482//2482 2471//2471 2475//2475
f 452//452 462//462 461//461
f 271//271 1282//1282 1275//1275
f 1991//1991 1989//1989 1934//1934
f 1366//1366 1309//1309 1350//1350
f 1344//1344 1335//1335 1309//1309
f 730//730 699//699 974//974
f 1374//1374 1252//1252 1208//1208
f 597//597 508//508 1912//1912
f 1363//1363 1253//1253 1368//1368
f 1386//1386 1271//1271 300//300
f 1211//1211 1218//1218 1222//1222
f 1376//1376 1377//1377 434//434
f 2399//2399 2437//2437 1211//1211
f 1284//1284 1291//1291 1277//1277
f 1230//1230 1251//1251 1245//1245
f 1251//1251 1266//1266 1245//1245
f 1317//1317 1371//1371 1337//1337
f 1288//1288 1286//1286 1095//1095
f 1095//1095 1286//1286 1352//1352
f 1241//1241 1208//1208 1352//1352
f 1241//1241 1374//1374 1208//1208
f 1284//1284 1278//1278 1291//1291
f 211//211 1392//1392 267//267
f 1344//1344 1375//1375 1364//1364
f 929//929 583//583 1028//1028
f 1361//1361 1366//1366 1350//1350
f 1115//1115 1294//1294 1639//1639
f 1291//1291 103//103 1301//1301
f 1220//1220 1231//1231 1230//1230
f 1231//1231 1251//1251 1230//1230
f 1234//1234 1248//1248 1273//1273
f 1255//1255 55//55 1264//1264
f 1360//1360 1450//1450 1702//1702
f 363//363 1280//1280 1298//1298
f 1369//1369 1203//1203 1272//1272
f 1415//1415 1240//1240 1222//1222
f 1216//1216 1231//1231 1220//1220
f 1243//1243 1263//1263 1235//1235
f 1375//1375 227//227 1329//1329
f 1264//1264 1278//1278 1263//1263
f 855//855 899//899 961//961
f 1286//1286 1241//1241 1352//1352
f 2081//2081 2128//2128 2107//2107
f 1223//1223 1433//1433 1423//1423
f 1473//1473 1312//1312 155//155
f 154//154 153//153 1321//1321
f 1377//1377 1376//1376 1293//1293
f 1392//1392 274//274 267//267
f 334//334 300//300 1271//1271
f 1955//1955 1991//1991 1934//1934
f 1613//1613 1327//1327 1288//1288
f 1327//1327 1286//1286 1288//1288
f 1349//1349 1374//1374 1241//1241
f 2370//2370 2025//2025 2367//2367
f 1315//1315 1331//1331 133//133
f 434//434 446//446 1256//1256
f 1232//1232 1251//1251 1231//1231
f 1243//1243 1244//1244 1255//1255
f 1286//1286 1304//1304 1241//1241
f 1349//1349 1107//1107 1374//1374
f 1359//1359 1271//1271 1386//1386
f 1227//1227 516//516 2431//2431
f 219//219 240//240 1348//1348
f 1270//1270 271//271 1275//1275
f 1255//1255 1263//1263 1243//1243
f 2026//2026 1926//1926 29//29
f 1683//1683 2157//2157 1212//1212
f 1326//1326 1293//1293 1376//1376
f 1255//1255 32//32 55//55
f 104//104 1325//1325 1341//1341
f 519//519 2462//2462 2475//2475
f 2154//2154 2161//2161 2137//2137
f 1376//1376 434//434 1246//1246
f 1246//1246 434//434 1256//1256
f 1257//1257 1251//1251 1232//1232
f 1262//1262 1359//1359 1386//1386
f 2195//2195 2192//2192 2186//2186
f 1308//1308 534//534 1226//1226
f 2026//2026 2117//2117 544//544
f 1327//1327 1613//1613 1324//1324
f 1327//1327 1326//1326 1286//1286
f 1286//1286 1326//1326 1304//1304
f 104//104 1341//1341 1331//1331
f 774//774 524//524 880//880
f 837//837 1517//1517 534//534
f 1127//1127 1123//1123 1567//1567
f 1279//1279 1237//1237 1285//1285
f 1297//1297 1381//1381 1294//1294
f 1217//1217 1232//1232 1216//1216
f 1142//1142 1519//1519 13//13
f 1436//1436 1267//1267 1287//1287
f 1324//1324 1372//1372 1327//1327
f 1304//1304 1246//1246 1241//1241
f 1246//1246 1349//1349 1241//1241
f 1246//1246 1373//1373 1349//1349
f 286//286 1359//1359 1262//1262
f 1382//1382 1383//1383 1330//1330
f 1284//1284 1277//1277 1273//1273
f 489//489 1998//1998 1799//1799
f 1675//1675 1116//1116 1075//1075
f 106//106 1317//1317 1337//1337
f 1311//1311 1295//1295 1281//1281
f 1292//1292 1364//1364 1329//1329
f 1335//1335 1364//1364 1292//1292
f 1334//1334 1294//1294 1115//1115
f 1334//1334 1297//1297 1294//1294
f 1300//1300 1381//1381 1297//1297
f 973//973 842//842 2461//2461
f 1217//1217 1239//1239 1232//1232
f 1232//1232 1239//1239 1257//1257
f 1258//1258 1267//1267 1436//1436
f 1359//1359 1190//1190 1274//1274
f 1862//1862 1405//1405 1877//1877
f 1372//1372 1339//1339 1327//1327
f 1339//1339 1326//1326 1327//1327
f 1373//1373 1351//1351 1349//1349
f 1276//1276 1311//1311 1281//1281
f 1256//1256 2386//2386 1351//1351
f 2//2 1109//1109 1300//1300
f 482//482 1731//1731 520//520
f 803//803 1604//1604 2022//2022
f 1223//1223 1218//1218 1211//1211
f 1341//1341 1383//1383 1382//1382
f 1298//1298 1293//1293 1370//1370
f 1190//1190 1354//1354 1279//1279
f 1324//1324 2398//2398 1372//1372
f 1714//1714 1700//1700 2173//2173
f 183//183 2000//2000 489//489
f 1701//1701 1666//1666 192//192
f 1227//1227 1242//1242 1234//1234
f 1332//1332 1289//1289 1310//1310
f 1517//1517 2005//2005 2130//2130
f 1331//1331 1341//1341 1382//1382
f 525//525 1249//1249 1236//1236
f 23//23 1268//1268 1450//1450
f 1264//1264 1291//1291 1278//1278
f 1281//1281 1287//1287 1267//1267
f 1295//1295 1305//1305 1287//1287
f 1281//1281 1295//1295 1287//1287
f 1487//1487 1305//1305 1295//1295
f 1605//1605 2097//2097 2058//2058
f 1326//1326 1376//1376 1304//1304
f 1304//1304 1376//1376 1246//1246
f 1316//1316 1919//1919 1984//1984
f 2500//2500 1949//1949 2460//2460
f 1332//1332 1313//1313 1289//1289
f 2189//2189 2181//2181 2177//2177
f 1335//1335 1334//1334 1353//1353
f 1292//1292 1297//1297 1334//1334
f 1428//1428 1250//1250 1245//1245
f 969//969 958//958 952//952
f 1217//1217 1233//1233 1239//1239
f 1233//1233 1257//1257 1239//1239
f 1876//1876 1367//1367 1338//1338
f 1379//1379 1260//1260 1372//1372
f 1372//1372 1260//1260 1339//1339
f 1128//1128 1302//1302 1310//1310
f 1310//1310 1302//1302 1332//1332
f 1335//1335 1353//1353 1313//1313
f 1292//1292 1334//1334 1335//1335
f 1297//1297 1329//1329 1300//1300
f 1279//1279 1290//1290 1237//1237
f 1301//1301 103//103 1314//1314
f 70//70 1301//1301 102//102
f 23//23 1333//1333 1268//1268
f 380//380 1285//1285 390//390
f 772//772 325//325 1275//1275
f 1314//1314 103//103 1315//1315
f 2473//2473 2458//2458 2487//2487
f 1276//1276 1281//1281 1267//1267
f 1344//1344 95//95 1375//1375
f 2053//2053 1771//1771 1572//1572
f 1246//1246 1256//1256 1373//1373
f 1373//1373 1256//1256 1351//1351
f 1340//1340 1302//1302 1128//1128
f 1350//1350 1313//1313 1332//1332
f 1329//1329 1297//1297 1292//1292
f 2434//2434 2473//2473 2487//2487
f 106//106 1337//1337 271//271
f 23//23 471//471 1333//1333
f 622//622 723//723 509//509
f 1388//1388 1517//1517 2127//2127
f 1991//1991 1990//1990 1989//1989
f 183//183 1636//1636 1226//1226
f 2133//2133 1605//1605 2151//2151
f 1260//1260 1370//1370 1339//1339
f 1339//1339 1370//1370 1326//1326
f 867//867 1894//1894 1902//1902
f 390//390 426//426 412//412
f 1235//1235 1263//1263 1242//1242
f 1399//1399 1422//1422 1233//1233
f 305//305 11//11 1333//1333
f 1300//1300 1329//1329 1306//1306
f 1302//1302 1350//1350 1332//1332
f 1350//1350 1309//1309 1313//1313
f 1309//1309 1335//1335 1313//1313
f 2470//2470 2102//2102 1502//1502
f 1787//1787 1531//1531 1599//1599
f 1724//1724 1725//1725 1691//1691
f 1827//1827 1601//1601 1927//1927
f 1678//1678 1358//1358 1476//1476
f 1823//1823 1812//1812 1846//1846
f 1805//1805 1824//1824 1708//1708
f 1746//1746 1676//1676 1797//1797
f 325//325 2395//2395 429//429
f 1835//1835 1677//1677 1826//1826
f 1507//1507 1790//1790 1722//1722
f 1526//1526 1672//1672 858//858
f 158//158 147//147 1342//1342
f 1462//1462 1473//1473 1322//1322
f 1474//1474 1414//1414 1565//1565
f 1761//1761 1900//1900 1877//1877
f 940//940 1759//1759 1008//1008
f 1565//1565 1015//1015 1008//1008
f 1924//1924 1533//1533 1933//1933
f 1878//1878 826//826 830//830
f 1565//1565 1414//1414 1015//1015
f 1402//1402 1088//1088 1008//1008
f 1538//1538 1532//1532 1651//1651
f 1015//1015 1552//1552 1008//1008
f 1538//1538 1591//1591 1474//1474
f 1532//1532 1538//1538 1474//1474
f 1474//1474 1591//1591 1414//1414
f 1484//1484 1402//1402 1008//1008
f 1552//1552 1484//1484 1008//1008
f 1414//1414 1460//1460 1015//1015
f 1015//1015 1460//1460 1552//1552
f 806//806 1289//1289 945//945
f 1597//1597 1538//1538 1659//1659
f 1484//1484 1319//1319 1402//1402
f 1056//1056 1402//1402 1319//1319
f 1538//1538 1597//1597 1591//1591
f 1591//1591 960//960 1414//1414
f 1414//1414 960//960 1460//1460
f 1925//1925 1466//1466 1455//1455
f 1552//1552 1400//1400 1484//1484
f 1484//1484 1400//1400 1319//1319
f 1400//1400 113//113 1319//1319
f 1597//1597 1580//1580 1591//1591
f 1460//1460 1400//1400 1552//1552
f 1514//1514 1441//1441 966//966
f 1597//1597 1659//1659 1409//1409
f 1657//1657 113//113 1400//1400
f 1460//1460 1657//1657 1400//1400
f 1288//1288 1095//1095 1634//1634
f 1551//1551 1597//1597 1409//1409
f 1580//1580 1598//1598 1591//1591
f 1591//1591 1598//1598 960//960
f 1536//1536 1990//1990 2031//2031
f 960//960 1657//1657 1460//1460
f 1809//1809 1746//1746 1797//1797
f 1423//1423 1433//1433 1432//1432
f 2478//2478 1362//1362 1409//1409
f 1463//1463 1545//1545 113//113
f 1657//1657 1463//1463 113//113
f 1457//1457 1287//1287 1305//1305
f 1682//1682 1716//1716 1746//1746
f 1434//1434 1761//1761 1885//1885
f 1013//1013 1139//1139 1617//1617
f 2379//2379 1362//1362 2478//2478
f 1420//1420 1597//1597 1551//1551
f 1420//1420 1580//1580 1597//1597
f 1664//1664 1808//1808 1712//1712
f 2256//2256 2250//2250 2231//2231
f 1362//1362 1551//1551 1409//1409
f 2196//2196 2214//2214 2213//2213
f 1691//1691 1725//1725 1777//1777
f 1626//1626 192//192 1666//1666
f 1534//1534 1574//1574 2058//2058
f 1574//1574 1600//1600 1605//1605
f 1600//1600 1606//1606 1605//1605
f 1606//1606 1641//1641 1605//1605
f 1573//1573 1420//1420 1551//1551
f 1657//1657 1485//1485 1463//1463
f 678//678 1806//1806 1742//1742
f 1534//1534 1553//1553 1574//1574
f 1574//1574 1575//1575 1600//1600
f 1810//1810 2170//2170 585//585
f 1623//1623 1641//1641 1606//1606
f 1407//1407 1657//1657 960//960
f 1598//1598 1407//1407 960//960
f 1485//1485 1142//1142 1463//1463
f 1716//1716 1581//1581 1676//1676
f 1738//1738 1743//1743 1733//1733
f 843//843 2064//2064 835//835
f 1539//1539 1575//1575 1574//1574
f 1553//1553 1539//1539 1574//1574
f 1575//1575 1592//1592 1600//1600
f 1592//1592 1624//1624 1606//1606
f 1600//1600 1592//1592 1606//1606
f 1642//1642 585//585 1641//1641
f 1623//1623 1642//1642 1641//1641
f 1485//1485 164//164 1142//1142
f 1738//1738 1516//1516 1743//1743
f 1809//1809 1720//1720 1798//1798
f 1533//1533 1535//1535 1534//1534
f 1592//1592 1607//1607 1624//1624
f 1624//1624 1623//1623 1606//1606
f 1163//1163 566//566 1116//1116
f 1407//1407 1485//1485 1657//1657
f 1432//1432 1449//1449 1439//1439
f 1100//1100 802//802 2382//2382
f 1743//1743 1516//1516 1722//1722
f 1746//1746 1716//1716 1676//1676
f 1535//1535 1539//1539 1534//1534
f 1534//1534 1539//1539 1553//1553
f 1642//1642 1623//1623 1624//1624
f 1095//1095 1208//1208 1654//1654
f 967//967 1407//1407 1598//1598
f 1580//1580 967//967 1598//1598
f 1809//1809 1797//1797 1720//1720
f 1924//1924 1524//1524 1535//1535
f 1533//1533 1924//1924 1535//1535
f 1539//1539 1576//1576 1575//1575
f 1642//1642 216//216 585//585
f 1407//1407 1529//1529 1485//1485
f 1485//1485 1529//1529 164//164
f 1472//1472 1462//1462 1482//1482
f 1415//1415 1431//1431 1240//1240
f 966//966 1194//1194 714//714
f 383//383 1182//1182 152//152
f 474//474 2337//2337 446//446
f 1743//1743 1841//1841 1757//1757
f 1486//1486 1524//1524 1924//1924
f 1535//1535 1525//1525 1539//1539
f 1575//1575 1576//1576 1592//1592
f 1420//1420 967//967 1580//1580
f 1288//1288 1634//1634 1613//1613
f 459//459 427//427 1265//1265
f 1404//1404 2179//2179 1393//1393
f 1404//1404 1403//1403 1800//1800
f 1404//1404 1410//1410 1403//1403
f 1410//1410 1749//1749 1403//1403
f 1349//1349 1351//1351 218//218
f 1486//1486 1498//1498 1524//1524
f 1535//1535 1524//1524 1525//1525
f 1607//1607 1636//1636 1624//1624
f 183//183 1642//1642 1624//1624
f 1636//1636 183//183 1624//1624
f 1107//1107 1349//1349 218//218
f 1351//1351 845//845 218//218
f 164//164 1519//1519 1142//1142
f 845//845 413//413 218//218
f 1525//1525 1576//1576 1539//1539
f 1576//1576 1582//1582 1592//1592
f 1592//1592 2134//2134 1607//1607
f 2134//2134 1636//1636 1607//1607
f 2147//2147 1491//1491 1401//1401
f 1407//1407 1589//1589 1529//1529
f 1529//1529 1519//1519 164//164
f 1693//1693 1763//1763 1444//1444
f 1924//1924 1479//1479 1486//1486
f 1592//1592 1582//1582 2134//2134
f 499//499 165//165 874//874
f 2176//2176 1857//1857 1959//1959
f 2327//2327 2368//2368 2326//2326
f 2358//2358 821//821 953//953
f 953//953 821//821 1573//1573
f 1824//1824 1704//1704 1464//1464
f 1731//1731 1358//1358 1678//1678
f 1394//1394 1410//1410 1404//1404
f 1394//1394 1418//1418 1410//1410
f 1466//1466 1479//1479 1839//1839
f 1486//1486 1479//1479 1498//1498
f 1498//1498 1525//1525 1524//1524
f 1576//1576 2080//2080 1582//1582
f 1785//1785 1684//1684 1898//1898
f 804//804 398//398 802//802
f 804//804 925//925 398//398
f 1447//1447 1562//1562 2358//2358
f 2358//2358 1562//1562 821//821
f 821//821 1620//1620 1573//1573
f 1620//1620 1420//1420 1573//1573
f 1420//1420 1556//1556 967//967
f 1393//1393 1394//1394 1404//1404
f 1525//1525 2080//2080 1576//1576
f 1621//1621 1420//1420 1620//1620
f 1621//1621 1556//1556 1420//1420
f 967//967 1589//1589 1407//1407
f 1505//1505 5//5 1357//1357
f 1266//1266 1258//1258 1436//1436
f 1393//1393 1395//1395 1394//1394
f 2176//2176 2175//2175 1848//1848
f 1455//1455 1466//1466 1839//1839
f 1525//1525 1540//1540 2080//2080
f 1582//1582 2080//2080 2118//2118
f 1100//1100 804//804 802//802
f 1556//1556 1589//1589 967//967
f 1589//1589 1082//1082 1529//1529
f 1093//1093 1685//1685 1357//1357
f 1504//1504 1093//1093 1357//1357
f 1425//1425 1418//1418 1394//1394
f 1475//1475 1479//1479 1466//1466
f 1479//1479 1506//1506 1498//1498
f 1789//1789 1784//1784 1730//1730
f 2501//2501 2465//2465 2489//2489
f 1438//1438 1458//1458 1430//1430
f 1462//1462 1458//1458 1473//1473
f 1454//1454 805//805 1529//1529
f 1082//1082 1454//1454 1529//1529
f 1529//1529 805//805 1519//1519
f 1425//1425 1394//1394 1395//1395
f 1425//1425 1744//1744 1418//1418
f 1479//1479 1475//1475 1506//1506
f 1540//1540 2060//2060 2080//2080
f 1556//1556 1082//1082 1589//1589
f 1443//1443 945//945 1511//1511
f 1506//1506 1536//1536 1498//1498
f 1498//1498 1536//1536 1525//1525
f 1525//1525 1536//1536 1540//1540
f 1670//1670 852//852 1672//1672
f 1998//1998 1388//1388 1389//1389
f 1511//1511 966//966 1509//1509
f 1509//1509 966//966 714//714
f 1442//1442 1443//1443 1496//1496
f 1562//1562 1635//1635 821//821
f 155//155 1322//1322 1473//1473
f 1439//1439 1458//1458 1438//1438
f 1426//1426 1425//1425 1395//1395
f 1475//1475 1499//1499 1506//1506
f 1735//1735 1588//1588 1776//1776
f 2422//2422 2454//2454 2421//2421
f 1423//1423 1432//1432 1415//1415
f 1559//1559 2101//2101 2073//2073
f 845//845 866//866 413//413
f 1429//1429 1620//1620 821//821
f 1620//1620 1429//1429 1621//1621
f 1228//1228 1250//1250 1687//1687
f 1002//1002 945//945 1443//1443
f 2382//2382 802//802 1083//1083
f 1859//1859 1411//1411 1395//1395
f 1411//1411 1426//1426 1395//1395
f 1426//1426 1744//1744 1425//1425
f 1590//1590 1437//1437 1483//1483
f 1480//1480 1475//1475 1466//1466
f 1480//1480 1499//1499 1475//1475
f 1510//1510 1733//1733 1743//1743
f 1663//1663 1696//1696 1658//1658
f 1430//1430 1453//1453 1452//1452
f 1452//1452 1472//1472 1471//1471
f 1452//1452 1471//1471 1448//1448
f 1430//1430 1452//1452 1421//1421
f 1430//1430 1421//1421 1422//1422
f 1429//1429 1082//1082 1556//1556
f 1621//1621 1429//1429 1556//1556
f 1351//1351 2386//2386 845//845
f 1126//1126 1059//1059 487//487
f 1639//1639 1437//1437 1563//1563
f 1504//1504 1928//1928 1093//1093
f 1499//1499 1536//1536 1506//1506
f 1588//1588 1770//1770 1727//1727
f 1110//1110 1747//1747 1397//1397
f 1776//1776 1588//1588 1531//1531
f 1322//1322 1320//1320 1482//1482
f 1590//1590 1629//1629 1571//1571
f 1730//1730 1877//1877 1838//1838
f 1429//1429 935//935 1082//1082
f 1082//1082 935//935 1454//1454
f 804//804 1443//1443 925//925
f 1139//1139 1007//1007 1639//1639
f 1925//1925 1480//1480 1466//1466
f 1934//1934 1989//1989 1480//1480
f 1499//1499 1989//1989 1536//1536
f 1727//1727 1526//1526 1531//1531
f 1593//1593 1614//1614 502//502
f 2455//2455 2431//2431 2400//2400
f 1755//1755 1680//1680 908//908
f 1563//1563 1571//1571 1564//1564
f 1647//1647 1078//1078 1501//1501
f 2490//2490 1635//1635 1106//1106
f 1496//1496 1511//1511 717//717
f 2454//2454 2431//2431 516//516
f 1478//1478 1153//1153 1093//1093
f 1870//1870 1426//1426 1411//1411
f 1426//1426 1723//1723 1744//1744
f 962//962 986//986 1412//1412
f 717//717 1511//1511 1509//1509
f 1825//1825 1704//1704 1824//1824
f 2225//2225 2234//2234 2253//2253
f 1490//1490 1557//1557 1188//1188
f 1635//1635 80//80 821//821
f 805//805 1454//1454 935//935
f 1186//1186 706//706 695//695
f 1194//1194 1161//1161 714//714
f 1512//1512 1007//1007 1013//1013
f 592//592 97//97 204//204
f 1258//1258 1266//1266 1257//1257
f 82//82 1333//1333 471//471
f 1694//1694 1710//1710 1505//1505
f 1643//1643 490//490 1661//1661
f 1661//1661 490//490 1114//1114
f 1518//1518 2068//2068 2484//2484
f 1750//1750 1808//1808 1664//1664
f 1656//1656 1635//1635 2490//2490
f 935//935 1521//1521 805//805
f 1546//1546 1629//1629 1076//1076
f 1301//1301 70//70 1277//1277
f 966//966 1441//1441 1194//1194
f 1148//1148 1825//1825 1824//1824
f 1614//1614 1609//1609 1643//1643
f 1114//1114 1092//1092 1921//1921
f 1770//1770 1739//1739 1670//1670
f 1631//1631 1632//1632 1646//1646
f 821//821 1016//1016 1429//1429
f 1429//1429 1016//1016 935//935
f 1632//1632 1095//1095 1654//1654
f 1083//1083 262//262 688//688
f 1724//1724 1686//1686 1725//1725
f 1644//1644 490//490 1643//1643
f 1092//1092 1149//1149 1921//1921
f 3//3 893//893 1832//1832
f 988//988 1640//1640 1188//1188
f 916//916 1107//1107 284//284
f 1656//1656 80//80 1635//1635
f 1016//1016 821//821 80//80
f 1016//1016 1521//1521 935//935
f 1478//1478 1202//1202 1153//1153
f 1401//1401 1928//1928 29//29
f 1440//1440 1478//1478 1928//1928
f 1849//1849 1700//1700 1865//1865
f 1595//1595 1611//1611 1612//1612
f 1208//1208 198//198 341//341
f 1464//1464 1704//1704 1746//1746
f 2143//2143 984//984 1721//1721
f 1848//1848 1849//1849 1868//1868
f 1662//1662 1114//1114 490//490
f 1669//1669 1787//1787 1682//1682
f 1656//1656 1618//1618 80//80
f 198//198 1208//1208 916//916
f 1440//1440 1928//1928 1401//1401
f 1521//1521 1369//1369 805//805
f 1252//1252 1107//1107 916//916
f 1745//1745 678//678 1672//1672
f 1703//1703 1779//1779 1721//1721
f 1750//1750 1465//1465 1808//1808
f 1609//1609 1644//1644 1643//1643
f 1092//1092 1114//1114 1662//1662
f 1826//1826 1523//1523 1793//1793
f 2262//2262 2261//2261 2224//2224
f 1696//1696 2166//2166 1767//1767
f 1016//1016 1648//1648 1521//1521
f 1208//1208 1252//1252 916//916
f 833//833 688//688 1067//1067
f 1794//1794 1803//1803 1558//1558
f 28//28 17//17 512//512
f 1750//1750 861//861 1566//1566
f 1594//1594 1644//1644 1609//1609
f 1644//1644 1645//1645 490//490
f 490//490 1645//1645 1662//1662
f 2229//2229 2262//2262 2224//2224
f 1602//1602 861//861 1760//1760
f 1530//1530 1777//1777 1760//1760
f 872//872 1706//1706 1673//1673
f 1696//1696 1668//1668 2166//2166
f 1708//1708 1809//1809 1798//1798
f 1581//1581 1716//1716 1814//1814
f 1709//1709 1794//1794 1680//1680
f 1233//1233 1421//1421 1257//1257
f 1724//1724 1476//1476 1686//1686
f 1469//1469 1481//1481 1965//1965
f 1965//1965 1481//1481 1492//1492
f 2073//2073 1549//1549 1559//1559
f 1594//1594 1615//1615 1644//1644
f 1799//1799 1706//1706 1755//1755
f 1725//1725 1686//1686 1837//1837
f 1720//1720 1797//1797 1572//1572
f 1618//1618 2467//2467 2022//2022
f 1618//1618 1579//1579 80//80
f 1648//1648 1016//1016 80//80
f 2134//2134 2152//2152 1636//1636
f 1611//1611 1632//1632 1631//1631
f 1761//1761 1434//1434 1470//1470
f 1559//1559 1577//1577 1594//1594
f 1603//1603 1615//1615 1594//1594
f 1615//1615 1645//1645 1644//1644
f 1637//1637 1662//1662 1645//1645
f 1662//1662 1199//1199 1092//1092
f 1199//1199 1149//1149 1092//1092
f 1451//1451 1108//1108 1149//1149
f 665//665 734//734 756//756
f 1865//1865 1700//1700 1714//1714
f 1709//1709 1841//1841 1794//1794
f 1618//1618 2022//2022 1579//1579
f 1648//1648 1413//1413 1369//1369
f 1521//1521 1648//1648 1369//1369
f 1520//1520 11//11 1401//1401
f 1446//1446 1470//1470 1434//1434
f 1798//1798 1691//1691 1754//1754
f 2063//2063 1544//1544 2073//2073
f 2073//2073 1544//1544 1549//1549
f 1594//1594 1577//1577 1603//1603
f 1615//1615 1637//1637 1645//1645
f 1637//1637 1199//1199 1662//1662
f 1427//1427 1149//1149 1199//1199
f 2167//2167 1108//1108 1451//1451
f 1997//1997 1673//1673 1705//1705
f 1706//1706 1799//1799 1705//1705
f 1841//1841 1709//1709 1757//1757
f 1604//1604 1579//1579 2022//2022
f 1579//1579 707//707 80//80
f 80//80 707//707 1648//1648
f 1520//1520 1401//1401 1491//1491
f 1649//1649 1520//1520 1491//1491
f 1435//1435 1434//1434 1885//1885
f 1470//1470 1469//1469 1461//1461
f 1481//1481 1508//1508 2024//2024
f 2370//2370 1544//1544 2063//2063
f 1549//1549 1568//1568 1559//1559
f 1559//1559 1568//1568 1577//1577
f 1603//1603 1610//1610 1615//1615
f 1615//1615 1610//1610 1637//1637
f 999//999 1199//1199 1637//1637
f 1451//1451 1149//1149 1427//1427
f 1137//1137 1825//1825 1148//1148
f 1706//1706 1705//1705 1673//1673
f 1138//1138 1604//1604 2116//2116
f 1138//1138 1579//1579 1604//1604
f 1413//1413 1648//1648 707//707
f 2360//2360 2024//2024 1508//1508
f 598//598 1075//1075 1116//1116
f 229//229 93//93 1468//1468
f 1839//1839 1479//1479 1684//1684
f 2216//2216 2229//2229 2224//2224
f 1610//1610 1625//1625 1637//1637
f 329//329 999//999 1637//1637
f 1199//1199 1017//1017 1427//1427
f 1017//1017 303//303 1427//1427
f 303//303 1451//1451 1427//1427
f 1792//1792 1754//1754 1777//1777
f 2309//2309 2391//2391 2301//2301
f 1655//1655 1138//1138 2116//2116
f 1138//1138 707//707 1579//1579
f 1649//1649 1491//1491 206//206
f 1406//1406 1885//1885 1398//1398
f 1406//1406 1419//1419 1885//1885
f 1419//1419 1435//1435 1885//1885
f 1434//1434 1435//1435 1446//1446
f 1470//1470 1481//1481 1469//1469
f 1577//1577 1583//1583 1603//1603
f 999//999 1017//1017 1199//1199
f 81//81 67//67 941//941
f 67//67 1650//1650 941//941
f 1259//1259 1815//1815 2164//2164
f 1619//1619 2116//2116 2045//2045
f 1424//1424 707//707 1138//1138
f 1702//1702 1649//1649 206//206
f 1687//1687 1406//1406 1398//1398
f 1477//1477 1481//1481 1470//1470
f 1568//1568 1569//1569 1577//1577
f 1577//1577 1569//1569 1583//1583
f 1603//1603 1583//1583 1610//1610
f 1625//1625 329//329 1637//1637
f 2167//2167 340//340 273//273
f 81//81 273//273 340//340
f 81//81 962//962 67//67
f 1547//1547 1619//1619 1488//1488
f 1830//1830 1739//1739 1770//1770
f 938//938 1424//1424 1138//1138
f 1424//1424 1413//1413 707//707
f 1527//1527 1649//1649 1702//1702
f 1527//1527 1520//1520 1649//1649
f 1527//1527 1268//1268 1520//1520
f 1250//1250 1406//1406 1687//1687
f 1441//1441 1353//1353 1115//1115
f 1203//1203 1413//1413 1051//1051
f 1250//1250 1419//1419 1406//1406
f 1477//1477 2372//2372 1481//1481
f 1481//1481 2372//2372 1508//1508
f 2449//2449 1560//1560 1568//1568
f 1549//1549 2449//2449 1568//1568
f 1568//1568 1560//1560 1569//1569
f 1569//1569 1584//1584 1583//1583
f 1652//1652 329//329 1625//1625
f 329//329 817//817 999//999
f 285//285 1017//1017 999//999
f 303//303 10//10 1451//1451
f 10//10 2167//2167 1451//1451
f 1412//1412 1650//1650 67//67
f 1412//1412 1488//1488 1650//1650
f 1547//1547 1023//1023 1619//1619
f 1023//1023 1655//1655 1619//1619
f 1655//1655 938//938 1138//1138
f 1456//1456 1413//1413 1424//1424
f 1457//1457 1470//1470 1446//1446
f 1457//1457 1477//1477 1470//1470
f 329//329 1652//1652 817//817
f 10//10 340//340 2167//2167
f 938//938 1546//1546 1424//1424
f 1546//1546 1456//1456 1424//1424
f 1259//1259 1548//1548 1779//1779
f 2052//2052 2031//2031 1990//1990
f 1440//1440 1202//1202 1478//1478
f 1428//1428 1419//1419 1250//1250
f 1428//1428 1435//1435 1419//1419
f 1428//1428 1446//1446 1435//1435
f 1934//1934 1935//1935 1955//1955
f 1560//1560 1584//1584 1569//1569
f 1610//1610 1638//1638 1625//1625
f 1638//1638 1652//1652 1625//1625
f 817//817 1077//1077 999//999
f 1077//1077 285//285 999//999
f 980//980 303//303 1017//1017
f 962//962 1412//1412 67//67
f 1494//1494 1023//1023 1547//1547
f 325//325 271//271 1270//1270
f 1443//1443 1511//1511 1496//1496
f 1450//1450 1268//1268 1527//1527
f 1514//1514 1353//1353 1441//1441
f 1287//1287 1446//1446 1428//1428
f 1446//1446 1287//1287 1457//1457
f 1305//1305 2372//2372 1477//1477
f 1992//1992 1990//1990 1991//1991
f 1992//1992 1991//1991 1971//1971
f 1971//1971 1991//1991 1955//1955
f 2449//2449 1549//1549 2418//2418
f 1583//1583 1616//1616 1610//1610
f 1610//1610 1616//1616 1638//1638
f 10//10 1396//1396 340//340
f 340//340 1445//1445 81//81
f 1445//1445 962//962 81//81
f 1790//1790 984//984 1753//1753
f 984//984 2148//2148 1753//1753
f 1588//1588 1713//1713 1770//1770
f 969//969 978//978 958//958
f 1741//1741 1779//1779 1703//1703
f 1758//1758 1846//1846 1754//1754
f 1827//1827 1819//1819 1029//1029
f 1818//1818 1530//1530 1712//1712
f 1750//1750 1566//1566 2127//2127
f 2459//2459 2434//2434 2483//2483
f 1798//1798 1720//1720 1771//1771
f 1794//1794 1841//1841 1803//1803
f 216//216 1755//1755 1810//1810
f 1098//1098 1735//1735 1748//1748
f 1735//1735 1497//1497 1748//1748
f 1502//1502 2102//2102 1601//1601
f 881//881 1502//1502 1601//1601
f 1455//1455 1839//1839 1744//1744
f 1706//1706 1709//1709 1680//1680
f 1212//1212 1741//1741 1703//1703
f 1788//1788 1969//1969 1671//1671
f 1075//1075 1074//1074 1692//1692
f 951//951 2500//2500 881//881
f 2490//2490 2486//2486 2463//2463
f 1748//1748 1497//1497 1781//1781
f 1721//1721 984//984 1840//1840
f 1815//1815 1259//1259 1741//1741
f 1626//1626 1756//1756 1837//1837
f 975//975 987//987 1542//1542
f 2230//2230 2236//2236 2235//2235
f 1772//1772 678//678 734//734
f 1542//1542 1671//1671 975//975
f 1806//1806 1772//1772 1780//1780
f 678//678 1772//1772 1806//1806
f 2218//2218 2225//2225 2268//2268
f 1828//1828 1732//1732 2007//2007
f 1526//1526 1688//1688 1531//1531
f 1752//1752 1526//1526 1554//1554
f 1844//1844 1818//1818 1712//1712
f 1823//1823 1846//1846 1804//1804
f 1781//1781 1669//1669 1704//1704
f 1721//1721 1779//1779 2143//2143
f 1770//1770 1670//1670 1526//1526
f 1497//1497 1669//1669 1781//1781
f 1098//1098 1713//1713 1735//1735
f 1742//1742 1815//1815 1741//1741
f 1526//1526 858//858 1875//1875
f 1599//1599 1531//1531 1688//1688
f 1803//1803 1790//1790 1558//1558
f 1703//1703 1721//1721 1683//1683
f 1832//1832 1766//1766 957//957
f 1542//1542 1679//1679 1671//1671
f 1679//1679 1788//1788 1671//1671
f 1927//1927 1819//1819 1827//1827
f 1718//1718 1745//1745 1739//1739
f 1684//1684 1022//1022 1839//1839
f 1459//1459 1283//1283 1299//1299
f 1022//1022 1410//1410 1418//1418
f 2368//2368 2393//2393 2326//2326
f 1669//1669 1497//1497 1776//1776
f 1875//1875 858//858 1212//1212
f 1739//1739 1745//1745 852//852
f 1964//1964 1918//1918 1461//1461
f 1356//1356 133//133 1331//1331
f 1765//1765 1829//1829 1468//1468
f 858//858 1742//1742 1741//1741
f 1006//1006 1674//1674 1021//1021
f 1723//1723 1936//1936 1935//1935
f 1468//1468 1713//1713 1098//1098
f 1724//1724 1678//1678 1476//1476
f 1680//1680 1783//1783 908//908
f 1731//1731 1543//1543 520//520
f 1683//1683 1721//1721 1840//1840
f 1467//1467 1679//1679 1542//1542
f 1812//1812 1708//1708 1846//1846
f 1679//1679 1975//1975 1788//1788
f 1713//1713 1830//1830 1770//1770
f 1803//1803 1722//1722 1790//1790
f 2301//2301 2391//2391 2349//2349
f 1713//1713 1588//1588 1735//1735
f 1836//1836 1530//1530 1818//1818
f 1837//1837 1756//1756 861//861
f 886//886 571//571 556//556
f 1181//1181 1805//1805 1812//1812
f 1706//1706 1680//1680 1755//1755
f 1677//1677 1729//1729 1775//1775
f 1776//1776 1787//1787 1669//1669
f 1526//1526 1670//1670 1672//1672
f 1727//1727 1770//1770 1526//1526
f 987//987 1467//1467 1542//1542
f 1567//1567 1704//1704 1137//1137
f 1693//1693 1865//1865 1714//1714
f 897//897 1762//1762 912//912
f 1135//1135 1697//1697 1062//1062
f 1697//1697 376//376 1062//1062
f 1543//1543 1731//1731 1678//1678
f 1793//1793 1679//1679 1467//1467
f 1777//1777 1602//1602 1760//1760
f 1846//1846 1798//1798 1754//1754
f 1835//1835 1096//1096 1677//1677
f 1033//1033 1030//1030 940//940
f 1450//1450 1527//1527 1702//1702
f 1717//1717 376//376 1697//1697
f 1711//1711 1717//1717 1697//1697
f 1717//1717 165//165 376//376
f 1840//1840 984//984 1790//1790
f 1669//1669 1746//1746 1704//1704
f 1669//1669 1682//1682 1746//1746
f 2301//2301 2349//2349 2308//2308
f 1882//1882 1444//1444 1898//1898
f 1820//1820 1789//1789 1730//1730
f 861//861 1380//1380 1566//1566
f 2301//2301 2308//2308 2266//2266
f 1771//1771 1543//1543 1691//1691
f 1958//1958 1659//1659 1651//1651
f 1697//1697 1360//1360 1711//1711
f 1711//1711 1737//1737 1717//1717
f 1717//1717 1737//1737 165//165
f 1790//1790 1753//1753 1558//1558
f 1668//1668 1696//1696 1663//1663
f 1360//1360 1702//1702 1711//1711
f 1702//1702 1707//1707 1711//1711
f 1707//1707 1737//1737 1711//1711
f 1737//1737 1751//1751 165//165
f 1444//1444 1782//1782 1693//1693
f 1716//1716 1787//1787 1599//1599
f 1744//1744 1839//1839 1022//1022
f 1898//1898 1444//1444 1785//1785
f 206//206 1707//1707 1702//1702
f 1764//1764 2468//2468 1751//1751
f 316//316 1844//1844 893//893
f 893//893 1844//1844 915//915
f 1845//1845 1804//1804 1758//1758
f 1380//1380 861//861 1756//1756
f 1780//1780 670//670 1021//1021
f 1714//1714 2172//2172 1763//1763
f 1783//1783 1558//1558 1663//1663
f 1750//1750 2127//2127 1465//1465
f 1798//1798 1771//1771 1691//1691
f 1691//1691 1543//1543 1724//1724
f 1872//1872 1910//1910 839//839
f 1737//1737 2044//2044 1751//1751
f 1751//1751 2044//2044 1764//1764
f 1757//1757 1701//1701 482//482
f 1725//1725 1602//1602 1777//1777
f 1836//1836 1845//1845 1530//1530
f 2102//2102 2470//2470 1503//1503
f 2496//2496 1899//1899 544//544
f 763//763 2484//2484 946//946
f 987//987 1719//1719 1467//1467
f 1845//1845 1758//1758 1792//1792
f 1725//1725 1837//1837 1602//1602
f 1872//1872 1866//1866 1873//1873
f 1712//1712 1530//1530 1760//1760
f 489//489 1799//1799 216//216
f 1760//1760 861//861 1750//1750
f 2068//2068 2466//2466 2460//2460
f 1696//1696 2159//2159 2168//2168
f 377//377 1377//1377 1280//1280
f 1797//1797 1676//1676 1572//1572
f 1581//1581 2053//2053 1572//1572
f 1676//1676 1581//1581 1572//1572
f 1764//1764 2498//2498 2468//2468
f 2468//2468 2498//2498 1994//1994
f 1861//1861 1695//1695 1860//1860
f 2481//2481 2004//2004 2495//2495
f 1826//1826 1677//1677 1523//1523
f 1670//1670 1739//1739 852//852
f 2234//2234 2269//2269 2253//2253
f 1724//1724 1543//1543 1678//1678
f 1658//1658 2168//2168 1791//1791
f 1397//1397 1747//1747 1719//1719
f 1696//1696 2168//2168 1658//1658
f 979//979 519//519 272//272
f 1774//1774 1975//1975 1679//1679
f 975//975 1671//1671 932//932
f 1787//1787 1716//1716 1682//1682
f 1835//1835 1826//1826 1747//1747
f 2501//2501 2469//2469 961//961
f 1810//1810 908//908 1791//1791
f 1982//1982 1768//1768 191//191
f 1137//1137 1704//1704 1825//1825
f 1804//1804 1846//1846 1758//1758
f 2004//2004 2044//2044 1737//1737
f 913//913 1969//1969 902//902
f 2498//2498 1795//1795 1801//1801
f 915//915 1844//1844 1712//1712
f 1689//1689 915//915 1712//1712
f 1740//1740 1752//1752 1541//1541
f 695//695 661//661 199//199
f 1865//1865 1693//1693 1782//1782
f 1824//1824 1464//1464 1809//1809
f 1829//1829 1765//1765 1718//1718
f 1816//1816 1768//1768 1982//1982
f 1816//1816 1622//1622 1768//1768
f 1622//1622 2165//2165 1681//1681
f 1768//1768 1622//1622 1681//1681
f 670//670 1772//1772 228//228
f 1283//1283 1459//1459 52//52
f 1785//1785 1444//1444 1749//1749
f 1675//1675 1075//1075 1685//1685
f 1567//1567 1781//1781 1704//1704
f 1858//1858 1857//1857 1848//1848
f 1526//1526 1752//1752 1688//1688
f 1791//1791 2160//2160 1810//1810
f 908//908 1658//1658 1791//1791
f 1813//1813 1773//1773 1558//1558
f 1845//1845 1792//1792 1530//1530
f 69//69 376//376 165//165
f 3//3 1832//1832 1834//1834
f 1722//1722 1516//1516 1507//1507
f 1801//1801 1821//1821 1994//1994
f 1833//1833 1982//1982 2046//2046
f 1821//1821 1833//1833 2046//2046
f 1833//1833 1816//1816 1982//1982
f 1022//1022 1785//1785 1749//1749
f 2160//2160 2170//2170 1810//1810
f 1147//1147 1719//1719 1726//1726
f 1683//1683 1840//1840 1507//1507
f 1467//1467 1719//1719 1793//1793
f 1795//1795 1802//1802 1801//1801
f 1802//1802 1811//1811 1801//1801
f 1801//1801 1811//1811 1821//1821
f 1690//1690 2165//2165 1622//1622
f 1934//1934 1480//1480 1925//1925
f 229//229 1468//1468 1091//1091
f 1780//1780 2164//2164 1742//1742
f 1672//1672 1742//1742 858//858
f 1833//1833 1417//1417 1816//1816
f 1417//1417 1622//1622 1816//1816
f 1831//1831 2165//2165 1690//1690
f 1668//1668 1663//1663 1558//1558
f 1719//1719 1747//1747 1826//1826
f 1760//1760 1750//1750 1664//1664
f 1817//1817 1690//1690 1622//1622
f 1530//1530 1792//1792 1777//1777
f 948//948 1796//1796 1802//1802
f 1796//1796 1811//1811 1802//1802
f 1515//1515 1817//1817 1622//1622
f 1695//1695 1861//1861 1831//1831
f 1783//1783 1663//1663 1658//1658
f 1749//1749 1410//1410 1022//1022
f 854//854 1796//1796 948//948
f 1811//1811 1842//1842 1833//1833
f 1821//1821 1811//1811 1833//1833
f 1833//1833 1842//1842 1417//1417
f 1622//1622 1417//1417 1515//1515
f 127//127 1804//1804 1845//1845
f 1686//1686 1626//1626 1837//1837
f 1608//1608 1690//1690 1817//1817
f 1523//1523 1775//1775 1762//1762
f 127//127 1845//1845 1836//1836
f 1812//1812 1805//1805 1708//1708
f 1523//1523 1677//1677 1775//1775
f 1780//1780 1772//1772 670//670
f 1758//1758 1754//1754 1792//1792
f 1204//1204 1796//1796 854//854
f 1822//1822 1842//1842 1811//1811
f 1608//1608 1831//1831 1690//1690
f 1822//1822 1811//1811 1796//1796
f 1842//1842 1416//1416 1417//1417
f 1417//1417 1416//1416 1515//1515
f 1515//1515 1608//1608 1817//1817
f 1728//1728 1831//1831 1608//1608
f 908//908 1783//1783 1658//1658
f 127//127 1836//1836 316//316
f 1805//1805 1148//1148 1824//1824
f 852//852 1745//1745 1672//1672
f 1478//1478 1093//1093 1928//1928
f 1822//1822 1843//1843 1842//1842
f 1843//1843 959//959 1842//1842
f 1842//1842 959//959 1416//1416
f 1728//1728 1695//1695 1831//1831
f 1728//1728 1860//1860 1695//1695
f 2346//2346 446//446 2337//2337
f 1602//1602 1837//1837 861//861
f 1087//1087 1096//1096 1835//1835
f 1708//1708 1824//1824 1809//1809
f 2004//2004 1737//1737 505//505
f 1567//1567 1748//1748 1781//1781
f 520//520 1543//1543 1883//1883
f 1760//1760 1664//1664 1712//1712
f 128//128 1336//1336 72//72
f 2053//2053 1883//1883 1543//1543
f 1822//1822 180//180 1843//1843
f 1786//1786 1608//1608 1515//1515
f 929//929 2462//2462 519//519
f 512//512 2402//2402 506//506
f 1212//1212 1703//1703 1683//1683
f 1830//1830 1829//1829 1739//1739
f 2053//2053 1543//1543 1771//1771
f 1416//1416 1769//1769 1515//1515
f 1769//1769 1786//1786 1515//1515
f 1786//1786 1728//1728 1608//1608
f 1712//1712 1808//1808 1689//1689
f 1794//1794 1558//1558 1783//1783
f 1497//1497 1735//1735 1776//1776
f 1127//1127 1567//1567 1137//1137
f 1123//1123 1748//1748 1567//1567
f 36//36 205//205 1185//1185
f 959//959 1734//1734 1416//1416
f 1738//1738 1733//1733 1541//1541
f 1774//1774 1762//1762 1974//1974
f 1752//1752 1554//1554 1541//1541
f 1752//1752 1740//1740 1688//1688
f 1526//1526 1875//1875 1554//1554
f 1468//1468 1829//1829 1830//1830
f 1755//1755 908//908 1810//1810
f 1716//1716 1599//1599 1814//1814
f 1806//1806 1780//1780 1742//1742
f 2308//2308 2349//2349 2340//2340
f 1832//1832 915//915 1689//1689
f 1713//1713 1468//1468 1830//1830
f 1814//1814 1599//1599 1346//1346
f 1832//1832 1689//1689 1766//1766
f 1022//1022 1684//1684 1785//1785
f 1093//1093 1153//1153 1116//1116
f 1672//1672 678//678 1742//1742
f 1675//1675 1685//1685 1093//1093
f 1841//1841 1743//1743 1722//1722
f 1814//1814 2053//2053 1581//1581
f 1464//1464 1746//1746 1809//1809
f 2485//2485 2497//2497 2493//2493
f 1416//1416 1734//1734 1769//1769
f 1665//1665 1728//1728 1786//1786
f 1665//1665 1951//1951 1728//1728
f 1951//1951 1860//1860 1728//1728
f 1951//1951 2094//2094 1860//1860
f 1844//1844 1836//1836 1818//1818
f 316//316 1836//1836 1844//1844
f 1776//1776 1531//1531 1787//1787
f 1719//1719 1826//1826 1793//1793
f 2147//2147 1401//1401 29//29
f 2111//2111 2121//2121 1548//1548
f 1741//1741 1259//1259 1779//1779
f 1843//1843 347//347 1834//1834
f 1843//1843 1734//1734 959//959
f 1766//1766 1769//1769 1734//1734
f 957//957 1766//1766 1734//1734
f 1766//1766 1786//1786 1769//1769
f 1766//1766 1689//1689 1786//1786
f 1689//1689 1665//1665 1786//1786
f 1754//1754 1691//1691 1777//1777
f 1507//1507 1840//1840 1790//1790
f 1761//1761 1470//1470 1461//1461
f 1523//1523 1679//1679 1793//1793
f 1091//1091 1468//1468 1098//1098
f 1820//1820 1730//1730 1838//1838
f 1843//1843 1834//1834 1734//1734
f 1808//1808 1951//1951 1665//1665
f 1588//1588 1727//1727 1531//1531
f 893//893 915//915 1832//1832
f 1523//1523 1774//1774 1679//1679
f 272//272 2488//2488 710//710
f 1093//1093 1116//1116 1675//1675
f 2340//2340 2349//2349 2348//2348
f 1832//1832 1734//1734 1834//1834
f 1832//1832 957//957 1734//1734
f 1951//1951 1808//1808 2094//2094
f 1685//1685 1692//1692 1505//1505
f 1043//1043 295//295 698//698
f 2143//2143 1779//1779 2121//2121
f 1689//1689 1808//1808 1665//1665
f 1693//1693 1714//1714 1763//1763
f 1738//1738 2157//2157 1516//1516
f 1114//1114 1921//1921 236//236
f 1268//1268 1333//1333 1520//1520
f 1149//1149 1108//1108 431//431
f 508//508 2144//2144 1912//1912
f 1957//1957 1108//1108 1537//1537
f 431//431 1108//1108 1957//1957
f 1018//1018 1108//1108 2167//2167
f 1338//1338 1957//1957 1681//1681
f 2163//2163 1957//1957 1338//1338
f 1983//1983 1390//1390 2093//2093
f 30//30 557//557 37//37
f 1714//1714 2173//2173 2172//2172
f 1983//1983 1984//1984 1390//1390
f 1984//1984 2065//2065 1390//1390
f 884//884 1762//1762 897//897
f 2065//2065 1984//1984 1214//1214
f 1950//1950 1974//1974 1762//1762
f 884//884 1950//1950 1762//1762
f 2012//2012 1698//1698 1861//1861
f 1214//1214 2116//2116 803//803
f 1950//1950 1938//1938 1974//1974
f 1938//1938 1967//1967 1974//1974
f 1900//1900 1761//1761 1461//1461
f 865//865 1929//1929 884//884
f 884//884 1929//1929 1950//1950
f 2062//2062 2071//2071 2042//2042
f 919//919 1985//1985 1732//1732
f 1593//1593 502//502 2146//2146
f 1995//1995 1213//1213 2098//2098
f 1522//1522 2476//2476 1651//1651
f 2174//2174 1849//1849 2175//2175
f 1480//1480 1989//1989 1499//1499
f 1929//1929 1938//1938 1950//1950
f 1605//1605 2058//2058 1574//1574
f 2097//2097 1605//1605 2133//2133
f 1912//1912 2014//2014 1886//1886
f 2092//2092 2082//2082 2083//2083
f 206//206 1930//1930 505//505
f 2101//2101 2100//2100 2092//2092
f 2073//2073 2101//2101 2092//2092
f 839//839 1910//1910 865//865
f 1910//1910 1901//1901 1929//1929
f 865//865 1910//1910 1929//1929
f 1967//1967 1788//1788 1975//1975
f 2073//2073 2092//2092 2063//2063
f 2101//2101 1593//1593 2100//2100
f 2015//2015 1876//1876 1698//1698
f 1853//1853 1884//1884 2014//2014
f 1831//1831 1698//1698 2165//2165
f 1316//1316 273//273 81//81
f 1901//1901 1920//1920 1929//1929
f 1929//1929 1920//1920 1938//1938
f 1920//1920 1968//1968 1967//1967
f 1938//1938 1920//1920 1967//1967
f 1849//1849 2174//2174 1700//1700
f 2173//2173 1700//1700 2174//2174
f 2062//2062 2072//2072 2091//2091
f 803//803 2467//2467 2059//2059
f 2239//2239 1736//1736 2240//2240
f 1505//1505 1357//1357 1685//1685
f 1358//1358 1686//1686 1476//1476
f 1967//1967 1968//1968 1788//1788
f 1968//1968 1969//1969 1788//1788
f 2065//2065 2110//2110 2156//2156
f 2065//2065 1214//1214 2110//2110
f 2110//2110 1214//1214 503//503
f 273//273 2093//2093 1018//1018
f 273//273 1983//1983 2093//2093
f 532//532 1886//1886 2155//2155
f 2034//2034 2021//2021 1947//1947
f 216//216 1810//1810 585//585
f 1912//1912 543//543 2014//2014
f 1390//1390 2051//2051 1537//1537
f 1872//1872 1873//1873 1910//1910
f 1984//1984 2045//2045 1214//1214
f 597//597 1912//1912 1886//1886
f 1593//1593 2146//2146 2100//2100
f 2071//2071 2062//2062 2090//2090
f 2034//2034 2046//2046 1982//1982
f 2034//2034 1947//1947 2046//2046
f 1214//1214 2045//2045 2116//2116
f 1873//1873 1887//1887 1910//1910
f 1887//1887 1901//1901 1910//1910
f 1562//1562 1447//1447 1106//1106
f 2163//2163 431//431 1957//1957
f 1948//1948 1972//1972 1936//1936
f 1972//1972 1948//1948 1992//1992
f 2014//2014 2015//2015 2013//2013
f 1853//1853 2014//2014 2013//2013
f 1550//1550 1884//1884 1853//1853
f 1947//1947 2468//2468 1994//1994
f 1355//1355 1550//1550 2154//2154
f 1355//1355 1884//1884 1550//1550
f 2081//2081 2108//2108 2128//2128
f 2024//2024 1965//1965 1492//1492
f 2024//2024 2032//2032 1965//1965
f 2116//2116 1604//1604 803//803
f 1901//1901 1911//1911 1920//1920
f 1939//1939 1968//1968 1920//1920
f 1911//1911 1939//1939 1920//1920
f 872//872 1626//1626 1666//1666
f 2062//2062 2091//2091 2120//2120
f 1819//1819 1927//1927 1759//1759
f 1021//1021 1674//1674 1780//1780
f 872//872 1673//1673 1756//1756
f 1550//1550 501//501 2171//2171
f 1378//1378 1550//1550 2171//2171
f 2146//2146 2162//2162 2145//2145
f 1358//1358 482//482 192//192
f 2109//2109 2120//2120 2119//2119
f 1866//1866 1872//1872 2227//2227
f 1391//1391 2012//2012 1860//1860
f 2136//2136 2137//2137 2161//2161
f 2162//2162 1661//1661 236//236
f 1887//1887 1894//1894 1901//1901
f 1901//1901 1894//1894 1911//1911
f 505//505 1707//1707 206//206
f 2120//2120 2137//2137 2136//2136
f 2142//2142 2164//2164 1674//1674
f 1860//1860 2012//2012 1861//1861
f 1894//1894 1939//1939 1911//1911
f 2080//2080 2060//2060 2118//2118
f 2162//2162 236//236 508//508
f 2164//2164 1815//1815 1742//1742
f 1018//1018 2093//2093 1537//1537
f 2154//2154 1378//1378 2161//2161
f 2041//2041 2098//2098 2491//2491
f 2043//2043 2042//2042 2032//2032
f 1108//1108 1018//1018 1537//1537
f 1465//1465 2094//2094 1808//1808
f 502//502 1643//1643 1661//1661
f 2467//2467 1618//1618 1656//1656
f 2119//2119 2136//2136 2135//2135
f 2119//2119 2108//2108 2071//2071
f 878//878 1183//1183 1195//1195
f 2101//2101 1594//1594 1593//1593
f 2033//2033 2370//2370 2063//2063
f 2482//2482 2491//2491 2098//2098
f 1282//1282 2406//2406 1275//1275
f 2003//2003 1948//1948 1956//1956
f 2043//2043 2032//2032 2024//2024
f 2025//2025 2043//2043 2024//2024
f 2154//2154 1550//1550 1378//1378
f 1795//1795 2498//2498 1764//1764
f 2142//2142 1548//1548 2164//2164
f 2431//2431 2454//2454 2422//2422
f 1981//1981 2011//2011 1993//1993
f 2349//2349 2391//2391 2362//2362
f 502//502 2162//2162 2146//2146
f 2025//2025 2024//2024 2360//2360
f 2129//2129 2120//2120 2091//2091
f 1732//1732 1985//1985 2007//2007
f 2171//2171 1308//1308 209//209
f 1930//1930 1995//1995 2041//2041
f 1390//1390 1238//1238 2051//2051
f 1866//1866 1878//1878 1887//1887
f 1878//1878 1894//1894 1887//1887
f 1965//1965 2032//2032 2011//2011
f 874//874 2480//2480 2492//2492
f 2071//2071 2108//2108 2069//2069
f 1358//1358 1731//1731 482//482
f 430//430 2021//2021 2034//2034
f 1965//1965 2003//2003 1964//1964
f 1855//1855 1889//1889 831//831
f 1668//1668 1773//1773 2150//2150
f 1390//1390 2156//2156 1238//1238
f 898//898 869//869 1903//1903
f 2391//2391 2407//2407 2362//2362
f 2121//2121 2111//2111 2074//2074
f 1548//1548 1259//1259 2164//2164
f 2099//2099 2129//2129 2091//2091
f 1550//1550 1853//1853 501//501
f 1853//1853 1852//1852 501//501
f 952//952 2017//2017 969//969
f 2085//2085 2121//2121 2074//2074
f 2130//2130 2006//2006 1391//1391
f 2144//2144 1367//1367 543//543
f 2100//2100 2146//2146 2099//2099
f 1545//1545 1319//1319 113//113
f 1903//1903 1922//1922 898//898
f 1922//1922 1931//1931 898//898
f 585//585 2170//2170 1641//1641
f 2007//2007 2017//2017 952//952
f 2017//2017 2074//2074 969//969
f 1558//1558 1753//1753 1813//1813
f 837//837 2005//2005 1517//1517
f 2005//2005 2006//2006 2130//2130
f 1532//1532 1474//1474 1528//1528
f 2003//2003 1981//1981 1948//1948
f 2070//2070 2071//2071 2069//2069
f 1922//1922 919//919 1931//1931
f 2017//2017 2085//2085 2074//2074
f 2085//2085 2104//2104 2121//2121
f 2100//2100 2099//2099 2082//2082
f 2156//2156 2110//2110 2034//2034
f 505//505 2474//2474 2004//2004
f 1903//1903 871//871 1922//1922
f 1922//1922 1952//1952 919//919
f 919//919 1952//1952 1985//1985
f 1985//1985 2001//2001 2007//2007
f 2001//2001 2036//2036 2017//2017
f 2007//2007 2001//2001 2017//2017
f 2017//2017 2036//2036 2085//2085
f 2036//2036 2047//2047 2085//2085
f 2047//2047 2075//2075 2085//2085
f 2075//2075 2104//2104 2085//2085
f 1948//1948 1993//1993 2023//2023
f 2400//2400 2422//2422 2407//2407
f 2011//2011 2070//2070 1993//1993
f 2033//2033 2043//2043 2025//2025
f 2012//2012 2015//2015 1698//1698
f 1876//1876 1338//1338 2165//2165
f 871//871 1940//1940 1922//1922
f 1985//1985 1976//1976 2001//2001
f 2121//2121 2104//2104 2143//2143
f 1051//1051 1413//1413 1456//1456
f 2358//2358 1362//1362 2379//2379
f 1859//1859 1789//1789 1870//1870
f 2090//2090 2109//2109 2071//2071
f 1405//1405 1398//1398 1885//1885
f 1886//1886 1884//1884 1355//1355
f 1922//1922 1960//1960 1952//1952
f 1952//1952 1960//1960 1985//1985
f 1960//1960 1976//1976 1985//1985
f 1956//1956 1948//1948 1936//1936
f 2135//2135 209//209 2128//2128
f 2157//2157 1875//1875 1212//1212
f 2160//2160 2168//2168 2169//2169
f 1900//1900 1461//1461 1918//1918
f 2001//2001 2018//2018 2036//2036
f 2075//2075 2086//2086 2104//2104
f 2111//2111 2142//2142 2103//2103
f 1937//1937 1956//1956 1936//1936
f 2023//2023 2070//2070 2061//2061
f 2135//2135 2128//2128 2108//2108
f 2042//2042 2071//2071 2011//2011
f 2138//2138 413//413 2383//2383
f 2033//2033 2072//2072 2043//2043
f 1922//1922 1940//1940 1960//1960
f 2070//2070 2069//2069 2061//2061
f 2069//2069 2108//2108 2061//2061
f 2108//2108 2119//2119 2135//2135
f 1855//1855 1904//1904 1889//1889
f 1889//1889 1904//1904 871//871
f 871//871 1904//1904 1940//1940
f 1976//1976 2018//2018 2001//2001
f 2036//2036 2018//2018 2047//2047
f 2122//2122 2143//2143 2104//2104
f 216//216 1642//1642 489//489
f 2148//2148 984//984 2143//2143
f 1975//1975 1974//1974 1967//1967
f 2157//2157 1683//1683 1516//1516
f 1614//1614 1593//1593 1594//1594
f 2269//2269 2270//2270 2276//2276
f 1926//1926 2147//2147 29//29
f 2082//2082 2091//2091 2072//2072
f 430//430 503//503 2059//2059
f 1904//1904 1905//1905 1940//1940
f 1940//1940 1961//1961 1960//1960
f 1961//1961 1976//1976 1960//1960
f 2087//2087 2086//2086 2075//2075
f 2065//2065 2156//2156 1390//1390
f 1820//1820 1838//1838 1900//1900
f 534//534 1308//1308 837//837
f 2167//2167 273//273 1018//1018
f 831//831 1850//1850 1855//1855
f 2019//2019 2037//2037 2018//2018
f 2018//2018 2037//2037 2047//2047
f 2037//2037 2075//2075 2047//2047
f 2086//2086 2095//2095 2104//2104
f 2095//2095 2122//2122 2104//2104
f 2122//2122 2148//2148 2143//2143
f 1926//1926 1213//1213 1995//1995
f 1405//1405 1885//1885 1761//1761
f 2006//2006 2013//2013 2012//2012
f 2211//2211 2233//2233 2216//2216
f 1855//1855 1890//1890 1904//1904
f 1904//1904 1895//1895 1905//1905
f 1905//1905 1932//1932 1940//1940
f 1961//1961 1977//1977 1976//1976
f 1976//1976 1986//1986 2018//2018
f 2484//2484 2476//2476 1518//1518
f 1870//1870 1411//1411 1859//1859
f 1548//1548 2142//2142 2111//2111
f 1904//1904 1890//1890 1895//1895
f 1895//1895 1932//1932 1905//1905
f 1940//1940 1932//1932 1961//1961
f 1976//1976 1977//1977 1986//1986
f 1986//1986 2008//2008 2018//2018
f 2018//2018 2008//2008 2019//2019
f 2087//2087 2075//2075 2037//2037
f 2087//2087 2095//2095 2086//2086
f 2094//2094 1391//1391 1860//1860
f 1852//1852 1853//1853 2006//2006
f 1853//1853 2013//2013 2006//2006
f 929//929 979//979 850//850
f 1855//1855 1874//1874 1890//1890
f 2008//2008 2028//2028 2019//2019
f 1993//1993 2070//2070 2023//2023
f 1705//1705 1799//1799 1998//1998
f 1491//1491 2147//2147 206//206
f 1851//1851 1856//1856 1855//1855
f 1895//1895 1890//1890 1874//1874
f 2038//2038 2019//2019 2028//2028
f 2038//2038 2048//2048 2037//2037
f 2019//2019 2038//2038 2037//2037
f 2048//2048 2067//2067 2087//2087
f 2037//2037 2048//2048 2087//2087
f 2087//2087 2067//2067 2095//2095
f 2095//2095 2149//2149 2122//2122
f 2149//2149 2148//2148 2122//2122
f 1308//1308 2005//2005 837//837
f 209//209 1308//1308 1387//1387
f 1601//1601 2102//2102 1927//1927
f 254//254 170//170 201//201
f 1800//1800 1403//1403 1763//1763
f 1510//1510 1346//1346 1740//1740
f 870//870 871//871 1903//1903
f 1919//1919 1650//1650 1619//1619
f 2148//2148 1667//1667 1753//1753
f 1932//1932 1923//1923 1961//1961
f 1977//1977 1953//1953 1986//1986
f 2067//2067 2112//2112 2095//2095
f 2112//2112 2149//2149 2095//2095
f 2148//2148 2149//2149 1667//1667
f 2422//2422 2421//2421 2407//2407
f 1926//1926 2026//2026 1213//1213
f 1912//1912 2144//2144 543//543
f 2128//2128 1387//1387 2153//2153
f 1733//1733 1510//1510 1740//1740
f 990//990 853//853 2489//2489
f 503//503 1214//1214 803//803
f 1921//1921 431//431 2163//2163
f 2146//2146 2145//2145 2129//2129
f 2144//2144 1921//1921 2163//2163
f 1855//1855 1856//1856 1874//1874
f 1895//1895 1923//1923 1932//1932
f 1923//1923 1941//1941 1961//1961
f 1961//1961 1941//1941 1977//1977
f 2048//2048 2076//2076 2067//2067
f 2076//2076 2113//2113 2067//2067
f 2067//2067 2113//2113 2112//2112
f 1723//1723 1900//1900 1937//1937
f 1870//1870 1900//1900 1723//1723
f 1367//1367 2163//2163 1338//1338
f 520//520 1346//1346 1510//1510
f 1698//1698 1831//1831 1861//1861
f 1984//1984 1919//1919 2045//2045
f 1895//1895 1891//1891 1923//1923
f 2008//2008 1986//1986 2028//2028
f 1948//1948 1981//1981 1993//1993
f 1883//1883 1346//1346 520//520
f 1883//1883 1814//1814 1346//1346
f 1930//1930 206//206 2147//2147
f 2499//2499 2486//2486 1447//1447
f 1891//1891 1906//1906 1923//1923
f 1923//1923 1953//1953 1941//1941
f 1953//1953 1977//1977 1941//1941
f 1953//1953 1987//1987 1986//1986
f 2113//2113 2123//2123 2112//2112
f 2123//2123 2149//2149 2112//2112
f 1387//1387 1308//1308 1226//1226
f 1599//1599 1688//1688 1346//1346
f 2093//2093 1390//1390 1537//1537
f 2003//2003 2011//2011 1981//1981
f 1987//1987 2028//2028 1986//1986
f 2038//2038 2049//2049 2048//2048
f 2048//2048 2049//2049 2076//2076
f 1813//1813 1667//1667 2149//2149
f 2123//2123 1813//1813 2149//2149
f 1461//1461 1469//1469 1964//1964
f 1757//1757 1510//1510 1743//1743
f 505//505 1930//1930 1999//1999
f 2223//2223 1784//1784 1789//1789
f 1532//1532 1522//1522 1651//1651
f 1906//1906 1913//1913 1923//1923
f 1913//1913 1943//1943 1923//1923
f 1943//1943 1942//1942 1923//1923
f 1923//1923 1942//1942 1953//1953
f 1942//1942 1987//1987 1953//1953
f 1308//1308 1852//1852 2005//2005
f 2053//2053 1814//1814 1883//1883
f 1733//1733 1740//1740 1541//1541
f 2154//2154 1886//1886 1355//1355
f 1503//1503 1528//1528 1474//1474
f 1874//1874 1879//1879 1895//1895
f 1895//1895 1879//1879 1891//1891
f 2076//2076 2124//2124 2113//2113
f 2113//2113 2124//2124 2123//2123
f 1896//1896 1891//1891 1879//1879
f 1891//1891 1896//1896 1906//1906
f 1942//1942 1962//1962 1987//1987
f 1962//1962 2009//2009 2028//2028
f 1987//1987 1962//1962 2028//2028
f 2009//2009 2038//2038 2028//2028
f 2109//2109 2119//2119 2071//2071
f 1918//1918 1956//1956 1937//1937
f 1851//1851 1864//1864 1856//1856
f 1896//1896 1897//1897 1906//1906
f 1906//1906 1897//1897 1913//1913
f 1943//1943 1962//1962 1942//1942
f 2049//2049 2077//2077 2076//2076
f 2124//2124 2125//2125 2123//2123
f 1930//1930 2147//2147 1926//1926
f 1902//1902 1894//1894 1878//1878
f 482//482 1510//1510 1757//1757
f 2129//2129 2137//2137 2120//2120
f 503//503 803//803 2059//2059
f 1847//1847 1857//1857 1851//1851
f 1851//1851 1857//1857 1864//1864
f 2039//2039 2038//2038 2009//2009
f 2038//2038 2039//2039 2049//2049
f 2076//2076 2077//2077 2124//2124
f 2150//2150 1813//1813 2123//2123
f 482//482 520//520 1510//1510
f 1994//1994 1821//1821 2046//2046
f 2044//2044 2004//2004 1764//1764
f 1864//1864 1867//1867 1856//1856
f 1867//1867 1874//1874 1856//1856
f 1897//1897 1944//1944 1913//1913
f 1943//1943 1944//1944 1962//1962
f 2124//2124 2126//2126 2125//2125
f 2150//2150 2123//2123 2125//2125
f 2099//2099 2146//2146 2129//2129
f 2041//2041 1995//1995 2098//2098
f 1605//1605 1641//1641 2151//2151
f 1847//1847 1959//1959 1857//1857
f 1874//1874 1867//1867 1879//1879
f 1913//1913 1944//1944 1943//1943
f 1944//1944 1963//1963 1962//1962
f 2077//2077 2096//2096 2124//2124
f 2096//2096 2126//2126 2124//2124
f 2126//2126 2150//2150 2125//2125
f 941//941 1650//1650 1919//1919
f 2135//2135 2136//2136 209//209
f 1884//1884 1886//1886 2014//2014
f 2049//2049 2029//2029 2077//2077
f 1388//1388 2127//2127 1389//1389
f 1389//1389 2127//2127 1566//1566
f 1930//1930 1926//1926 1995//1995
f 941//941 1919//1919 1316//1316
f 2110//2110 503//503 430//430
f 1867//1867 1880//1880 1879//1879
f 1879//1879 1880//1880 1896//1896
f 1897//1897 1907//1907 1944//1944
f 1963//1963 1978//1978 1962//1962
f 1962//1962 1978//1978 2009//2009
f 2039//2039 2029//2029 2049//2049
f 2077//2077 2078//2078 2096//2096
f 822//822 823//823 827//827
f 2166//2166 1668//1668 2150//2150
f 81//81 941//941 1316//1316
f 2204//2204 2216//2216 2203//2203
f 2011//2011 2071//2071 2070//2070
f 1880//1880 1892//1892 1896//1896
f 1892//1892 1907//1907 1897//1897
f 1896//1896 1892//1892 1897//1897
f 1907//1907 1914//1914 1944//1944
f 1978//1978 2010//2010 2009//2009
f 2010//2010 2039//2039 2009//2009
f 1688//1688 1740//1740 1346//1346
f 1789//1789 1820//1820 1870//1870
f 2130//2130 1391//1391 2094//2094
f 1944//1944 1945//1945 1963//1963
f 2029//2029 2078//2078 2077//2077
f 1767//1767 2150//2150 2126//2126
f 1767//1767 2166//2166 2150//2150
f 803//803 2022//2022 2467//2467
f 1503//1503 1927//1927 2102//2102
f 1914//1914 1954//1954 1944//1944
f 1944//1944 1954//1954 1945//1945
f 1963//1963 1970//1970 1978//1978
f 2078//2078 2105//2105 2096//2096
f 2105//2105 2126//2126 2096//2096
f 1965//1965 2011//2011 2003//2003
f 192//192 1626//1626 1358//1358
f 2101//2101 1559//1559 1594//1594
f 1930//1930 2041//2041 1999//1999
f 1698//1698 1876//1876 2165//2165
f 1398//1398 1871//1871 891//891
f 2165//2165 1338//1338 1681//1681
f 1970//1970 2010//2010 1978//1978
f 2010//2010 2030//2030 2029//2029
f 2039//2039 2010//2010 2029//2029
f 2030//2030 2055//2055 2078//2078
f 2029//2029 2030//2030 2078//2078
f 1849//1849 1848//1848 2175//2175
f 1871//1871 1862//1862 891//891
f 543//543 2015//2015 2014//2014
f 1857//1857 1858//1858 1864//1864
f 1864//1864 1858//1858 1867//1867
f 1963//1963 1945//1945 1970//1970
f 2055//2055 2088//2088 2078//2078
f 2078//2078 2088//2088 2105//2105
f 2105//2105 2131//2131 2126//2126
f 2126//2126 2131//2131 1767//1767
f 2063//2063 2083//2083 2033//2033
f 2161//2161 2171//2171 209//209
f 2032//2032 2042//2042 2011//2011
f 1813//1813 2150//2150 1773//1773
f 1914//1914 1908//1908 1954//1954
f 1970//1970 1979//1979 2010//2010
f 2088//2088 2131//2131 2105//2105
f 2015//2015 543//543 1876//1876
f 1694//1694 1692//1692 1048//1048
f 1395//1395 2207//2207 1859//1859
f 1395//1395 1393//1393 2207//2207
f 1730//1730 1784//1784 1736//1736
f 2500//2500 2466//2466 2470//2470
f 1709//1709 1701//1701 1757//1757
f 1945//1945 1979//1979 1970//1970
f 2030//2030 2050//2050 2055//2055
f 2350//2350 2317//2317 2286//2286
f 2154//2154 2155//2155 1886//1886
f 871//871 860//860 1889//1889
f 2161//2161 209//209 2136//2136
f 2497//2497 2463//2463 2493//2493
f 2190//2190 2204//2204 2203//2203
f 1800//1800 2179//2179 1404//1404
f 2477//2477 2469//2469 1385//1385
f 1385//1385 1715//1715 2477//2477
f 2128//2128 209//209 1387//1387
f 1858//1858 1868//1868 1867//1867
f 1867//1867 1881//1881 1880//1880
f 1893//1893 1892//1892 1880//1880
f 1881//1881 1893//1893 1880//1880
f 1893//1893 1907//1907 1892//1892
f 1907//1907 1908//1908 1914//1914
f 1954//1954 1979//1979 1945//1945
f 1979//1979 1980//1980 2010//2010
f 2131//2131 2159//2159 1767//1767
f 1765//1765 93//93 339//339
f 1761//1761 1877//1877 1405//1405
f 523//523 1347//1347 515//515
f 1541//1541 2157//2157 1738//1738
f 2144//2144 2163//2163 1367//1367
f 1380//1380 1389//1389 1566//1566
f 2317//2317 2392//2392 2316//2316
f 1994//1994 2498//2498 1801//1801
f 1867//1867 1868//1868 1881//1881
f 1980//1980 2050//2050 2030//2030
f 2010//2010 1980//1980 2030//2030
f 2050//2050 2089//2089 2055//2055
f 2055//2055 2089//2089 2088//2088
f 2088//2088 2114//2114 2131//2131
f 1538//1538 1651//1651 1659//1659
f 2145//2145 2155//2155 2129//2129
f 2140//2140 29//29 1928//1928
f 2370//2370 2033//2033 2025//2025
f 2252//2252 2239//2239 2240//2240
f 2239//2239 2252//2252 1862//1862
f 2392//2392 2391//2391 2316//2316
f 2469//2469 2501//2501 1385//1385
f 2477//2477 1715//1715 1710//1710
f 502//502 1614//1614 1643//1643
f 2438//2438 1227//1227 2431//2431
f 1915//1915 1907//1907 1893//1893
f 1915//1915 1908//1908 1907//1907
f 1954//1954 1908//1908 1979//1979
f 1908//1908 1988//1988 1979//1979
f 1979//1979 1988//1988 1980//1980
f 2114//2114 2159//2159 2131//2131
f 2155//2155 2154//2154 2129//2129
f 508//508 1966//1966 2144//2144
f 872//872 1756//1756 1626//1626
f 1710//1710 1715//1715 1505//1505
f 236//236 1966//1966 508//508
f 2272//2272 2284//2284 1398//1398
f 2325//2325 2355//2355 2319//2319
f 1548//1548 2121//2121 1779//1779
f 1532//1532 1528//1528 1522//1522
f 1980//1980 2056//2056 2050//2050
f 2050//2050 2056//2056 2089//2089
f 2013//2013 2015//2015 2012//2012
f 1964//1964 2003//2003 1956//1956
f 2006//2006 2012//2012 1391//1391
f 1565//1565 1927//1927 1503//1503
f 2244//2244 2243//2243 2226//2226
f 5//5 1715//1715 1385//1385
f 1858//1858 1848//1848 1868//1868
f 1915//1915 1946//1946 1908//1908
f 1946//1946 1988//1988 1908//1908
f 1980//1980 2020//2020 2056//2056
f 2115//2115 2159//2159 2114//2114
f 2092//2092 2083//2083 2063//2063
f 1398//1398 2284//2284 1687//1687
f 2162//2162 2155//2155 2145//2145
f 519//519 2475//2475 2488//2488
f 2158//2158 5//5 1385//1385
f 5//5 1505//1505 1715//1715
f 1692//1692 1694//1694 1505//1505
f 1988//1988 2020//2020 1980//1980
f 2115//2115 2169//2169 2159//2159
f 2169//2169 2168//2168 2159//2159
f 2083//2083 2082//2082 2072//2072
f 1316//1316 1984//1984 1983//1983
f 1488//1488 1619//1619 1650//1650
f 2083//2083 2072//2072 2033//2033
f 2361//2361 1210//1210 1233//1233
f 1933//1933 1946//1946 1915//1915
f 2056//2056 2079//2079 2089//2089
f 2088//2088 2115//2115 2114//2114
f 2099//2099 2091//2091 2082//2082
f 2162//2162 532//532 2155//2155
f 1852//1852 2006//2006 2005//2005
f 2023//2023 2061//2061 2052//2052
f 2176//2176 2184//2184 2175//2175
f 2162//2162 985//985 532//532
f 1909//1909 1893//1893 1881//1881
f 1909//1909 1915//1915 1893//1893
f 1988//1988 2040//2040 2020//2020
f 2040//2040 2056//2056 2020//2020
f 2089//2089 2079//2079 2088//2088
f 2088//2088 2079//2079 2115//2115
f 1782//1782 1444//1444 1882//1882
f 1216//1216 1215//1215 2320//2320
f 867//867 1939//1939 1894//1894
f 867//867 903//903 1939//1939
f 1372//1372 2398//2398 1379//1379
f 1863//1863 504//504 2027//2027
f 2158//2158 1385//1385 504//504
f 1868//1868 1782//1782 1881//1881
f 1909//1909 1933//1933 1915//1915
f 2040//2040 1988//1988 1946//1946
f 1481//1481 2024//2024 1492//1492
f 2120//2120 2136//2136 2119//2119
f 1522//1522 1528//1528 1518//1518
f 1871//1871 1398//1398 1405//1405
f 1221//1221 1408//1408 1399//1399
f 1357//1357 5//5 2158//2158
f 2179//2179 1800//1800 1763//1763
f 1868//1868 1865//1865 1782//1782
f 1882//1882 1881//1881 1782//1782
f 1882//1882 1909//1909 1881//1881
f 2040//2040 2057//2057 2056//2056
f 2106//2106 2079//2079 2056//2056
f 2057//2057 2106//2106 2056//2056
f 2106//2106 2132//2132 2079//2079
f 2132//2132 2115//2115 2079//2079
f 2115//2115 2132//2132 2169//2169
f 532//532 985//985 597//597
f 2092//2092 2100//2100 2082//2082
f 1210//1210 1221//1221 1399//1399
f 1399//1399 1233//1233 1210//1210
f 2130//2130 2002//2002 1517//1517
f 1849//1849 1865//1865 1868//1868
f 1933//1933 2040//2040 1946//1946
f 52//52 1269//1269 30//30
f 1667//1667 1813//1813 1753//1753
f 1997//1997 1380//1380 1673//1673
f 940//940 1008//1008 1088//1088
f 1947//1947 1994//1994 2046//2046
f 1882//1882 1916//1916 1909//1909
f 1924//1924 1933//1933 1909//1909
f 1533//1533 2040//2040 1933//1933
f 1533//1533 1534//1534 2040//2040
f 2058//2058 2040//2040 1534//1534
f 2058//2058 2057//2057 2040//2040
f 1238//1238 191//191 1768//1768
f 1997//1997 1389//1389 1380//1380
f 1875//1875 1541//1541 1554//1554
f 1854//1854 504//504 1863//1863
f 1854//1854 2158//2158 504//504
f 2396//2396 1275//1275 2406//2406
f 2426//2426 2443//2443 153//153
f 1916//1916 1924//1924 1909//1909
f 1925//1925 1935//1935 1934//1934
f 1870//1870 1723//1723 1426//1426
f 2058//2058 2097//2097 2057//2057
f 2097//2097 2106//2106 2057//2057
f 2132//2132 2151//2151 2169//2169
f 2151//2151 2160//2160 2169//2169
f 1106//1106 1635//1635 1562//1562
f 1957//1957 1768//1768 1681//1681
f 1957//1957 2051//2051 1768//1768
f 526//526 535//535 33//33
f 1614//1614 1594//1594 1609//1609
f 2233//2233 2229//2229 2216//2216
f 2496//2496 2027//2027 2084//2084
f 2496//2496 1863//1863 2027//2027
f 2117//2117 1854//1854 1863//1863
f 2016//2016 2158//2158 1854//1854
f 2016//2016 1504//1504 1357//1357
f 2158//2158 2016//2016 1357//1357
f 1114//1114 236//236 1661//1661
f 2129//2129 2154//2154 2137//2137
f 2133//2133 2106//2106 2097//2097
f 2491//2491 1999//1999 2041//2041
f 2051//2051 1238//1238 1768//1768
f 2061//2061 2108//2108 2081//2081
f 2189//2189 2195//2195 2186//2186
f 2348//2348 2349//2349 2362//2362
f 1701//1701 192//192 482//482
f 505//505 1737//1737 1707//1707
f 2133//2133 2132//2132 2106//2106
f 2132//2132 2133//2133 2151//2151
f 2151//2151 2170//2170 2160//2160
f 502//502 1661//1661 2162//2162
f 1998//1998 1389//1389 1997//1997
f 2297//2297 2352//2352 2329//2329
f 2352//2352 2364//2364 2329//2329
f 2394//2394 2414//2414 2364//2364
f 2352//2352 2394//2394 2364//2364
f 2402//2402 512//512 2415//2415
f 2255//2255 2254//2254 2243//2243
f 2446//2446 1365//1365 2456//2456
f 2271//2271 2282//2282 2298//2298
f 846//846 2283//2283 2264//2264
f 2293//2293 2310//2310 2318//2318
f 2254//2254 2295//2295 2294//2294
f 2283//2283 2290//2290 2278//2278
f 2270//2270 2294//2294 2293//2293
f 2423//2423 2455//2455 2400//2400
f 2281//2281 2287//2287 2267//2267
f 2190//2190 2191//2191 2204//2204
f 2271//2271 2263//2263 2282//2282
f 2334//2334 2329//2329 2364//2364
f 2424//2424 2432//2432 2409//2409
f 2282//2282 2263//2263 2298//2298
f 1409//1409 1659//1659 1958//1958
f 2263//2263 2302//2302 2298//2298
f 2297//2297 2329//2329 2296//2296
f 1256//1256 446//446 2346//2346
f 1958//1958 2502//2502 2478//2478
f 2437//2437 2399//2399 2444//2444
f 263//263 2366//2366 2359//2359
f 849//849 827//827 823//823
f 2311//2311 2325//2325 2290//2290
f 2499//2499 2379//2379 2434//2434
f 2446//2446 2456//2456 2423//2423
f 947//947 2358//2358 2379//2379
f 2499//2499 947//947 2379//2379
f 2205//2205 2195//2195 2212//2212
f 2245//2245 2237//2237 2227//2227
f 2245//2245 2256//2256 2237//2237
f 2256//2256 2263//2263 2271//2271
f 556//556 571//571 2305//2305
f 1528//1528 2068//2068 1518//1518
f 2424//2424 2439//2439 2432//2432
f 2302//2302 2352//2352 2297//2297
f 1866//1866 2237//2237 826//826
f 2248//2248 2242//2242 2211//2211
f 2334//2334 2364//2364 2363//2363
f 2235//2235 2244//2244 2226//2226
f 2255//2255 2295//2295 2254//2254
f 2329//2329 2324//2324 2296//2296
f 2439//2439 2447//2447 1973//1973
f 2329//2329 2334//2334 2324//2324
f 2409//2409 2432//2432 2414//2414
f 2293//2293 2318//2318 2276//2276
f 866//866 2425//2425 2416//2416
f 1487//1487 1493//1493 2372//2372
f 2237//2237 2231//2231 2230//2230
f 2415//2415 512//512 17//17
f 2035//2035 1236//1236 26//26
f 921//921 2138//2138 688//688
f 2491//2491 2482//2482 2462//2462
f 6//6 181//181 197//197
f 2481//2481 948//948 1795//1795
f 2138//2138 2383//2383 2382//2382
f 2377//2377 2394//2394 2352//2352
f 2377//2377 506//506 2394//2394
f 2394//2394 506//506 2402//2402
f 2401//2401 2402//2402 2415//2415
f 2394//2394 2402//2402 2401//2401
f 2318//2318 2326//2326 2276//2276
f 2439//2439 2457//2457 2432//2432
f 2298//2298 2302//2302 2297//2297
f 2244//2244 2249//2249 2243//2243
f 2404//2404 1100//1100 2382//2382
f 2238//2238 2245//2245 2227//2227
f 2245//2245 2257//2257 2256//2256
f 2257//2257 2263//2263 2256//2256
f 2324//2324 2334//2334 2328//2328
f 2257//2257 2289//2289 2263//2263
f 2289//2289 2302//2302 2263//2263
f 2236//2236 2231//2231 2250//2250
f 2138//2138 2382//2382 688//688
f 2383//2383 2404//2404 2382//2382
f 1100//1100 2404//2404 2343//2343
f 2353//2353 2352//2352 2302//2302
f 2353//2353 2377//2377 2352//2352
f 2237//2237 2230//2230 2220//2220
f 2335//2335 2355//2355 2325//2325
f 2308//2308 2340//2340 2315//2315
f 2253//2253 2269//2269 2276//2276
f 2311//2311 2335//2335 2325//2325
f 2439//2439 2424//2424 511//511
f 2268//2268 2267//2267 2248//2248
f 2383//2383 413//413 2404//2404
f 123//123 971//971 832//832
f 2234//2234 2243//2243 2269//2269
f 2225//2225 2213//2213 2234//2234
f 2219//2219 2213//2213 2225//2225
f 2195//2195 2196//2196 2212//2212
f 1544//1544 2418//2418 1549//1549
f 413//413 866//866 2404//2404
f 2404//2404 866//866 2416//2416
f 2416//2416 2417//2417 2404//2404
f 2404//2404 2417//2417 2343//2343
f 2415//2415 2409//2409 2401//2401
f 2196//2196 2219//2219 2212//2212
f 2268//2268 2248//2248 2218//2218
f 2206//2206 2214//2214 2197//2197
f 2417//2417 2332//2332 2343//2343
f 2343//2343 2332//2332 832//832
f 2330//2330 2302//2302 2289//2289
f 2330//2330 2353//2353 2302//2302
f 2453//2453 2454//2454 515//515
f 2218//2218 2248//2248 2217//2217
f 2218//2218 2217//2217 2205//2205
f 2276//2276 2281//2281 2268//2268
f 2178//2178 2197//2197 2177//2177
f 2197//2197 2189//2189 2177//2177
f 2332//2332 2066//2066 832//832
f 832//832 2066//2066 123//123
f 2231//2231 2236//2236 2230//2230
f 669//669 950//950 1144//1144
f 2217//2217 2211//2211 2199//2199
f 1216//1216 1209//1209 1217//1217
f 2066//2066 2365//2365 123//123
f 2230//2230 2226//2226 2214//2214
f 2290//2290 2325//2325 2304//2304
f 2325//2325 2319//2319 2304//2304
f 2217//2217 2248//2248 2211//2211
f 2191//2191 2192//2192 2199//2199
f 510//510 525//525 2035//2035
f 2417//2417 1917//1917 2332//2332
f 2332//2332 1917//1917 2066//2066
f 2408//2408 2413//2413 2341//2341
f 2248//2248 2267//2267 2242//2242
f 2326//2326 2333//2333 2281//2281
f 1340//1340 2365//2365 2066//2066
f 2440//2440 1302//1302 1340//1340
f 2226//2226 2230//2230 2235//2235
f 1153//1153 1163//1163 1116//1116
f 2431//2431 2455//2455 2438//2438
f 2416//2416 2425//2425 2417//2417
f 2495//2495 2474//2474 2462//2462
f 2290//2290 2304//2304 2277//2277
f 825//825 2227//2227 1872//1872
f 151//151 239//239 1038//1038
f 9//9 151//151 1038//1038
f 545//545 928//928 2381//2381
f 2440//2440 2406//2406 1384//1384
f 928//928 1596//1596 2381//2381
f 2186//2186 2188//2188 2185//2185
f 2456//2456 26//26 1888//1888
f 2287//2287 2333//2333 2262//2262
f 2425//2425 2342//2342 2417//2417
f 2342//2342 1917//1917 2417//2417
f 1917//1917 877//877 2066//2066
f 2336//2336 1340//1340 2066//2066
f 2336//2336 2440//2440 1340//1340
f 2328//2328 2351//2351 2327//2327
f 825//825 2238//2238 2227//2227
f 2351//2351 2368//2368 2327//2327
f 1222//1222 2388//2388 1211//1211
f 678//678 756//756 734//734
f 428//428 263//263 1343//1343
f 2188//2188 2191//2191 2190//2190
f 2341//2341 2376//2376 2333//2333
f 2066//2066 877//877 2336//2336
f 2290//2290 2277//2277 2278//2278
f 739//739 634//634 592//592
f 675//675 304//304 14//14
f 2384//2384 675//675 14//14
f 2199//2199 2211//2211 2204//2204
f 2191//2191 2199//2199 2204//2204
f 2322//2322 2318//2318 2310//2310
f 2287//2287 2262//2262 2233//2233
f 2185//2185 2188//2188 2184//2184
f 2386//2386 2425//2425 845//845
f 2384//2384 572//572 675//675
f 1128//1128 123//123 2365//2365
f 832//832 971//971 2343//2343
f 2188//2188 2186//2186 2191//2191
f 2185//2185 2184//2184 2176//2176
f 2345//2345 1917//1917 2342//2342
f 2345//2345 877//877 1917//1917
f 2336//2336 2406//2406 2440//2440
f 971//971 1100//1100 2343//2343
f 2299//2299 2289//2289 2257//2257
f 2299//2299 2303//2303 2289//2289
f 2249//2249 2255//2255 2243//2243
f 506//506 513//513 512//512
f 2437//2437 955//955 1219//1219
f 1587//1587 2398//2398 1324//1324
f 877//877 2396//2396 2336//2336
f 2336//2336 2396//2396 2406//2406
f 2463//2463 2479//2479 879//879
f 2376//2376 2412//2412 2350//2350
f 2281//2281 2267//2267 2268//2268
f 2303//2303 2330//2330 2289//2289
f 624//624 635//635 159//159
f 1996//1996 2356//2356 1561//1561
f 2449//2449 2436//2436 1996//1996
f 2356//2356 2054//2054 2451//2451
f 928//928 2398//2398 1587//1587
f 2333//2333 2350//2350 2262//2262
f 2035//2035 26//26 2456//2456
f 2346//2346 2342//2342 2425//2425
f 2346//2346 2345//2345 2342//2342
f 1544//1544 2380//2380 2418//2418
f 2412//2412 2392//2392 2350//2350
f 622//622 509//509 1151//1151
f 2436//2436 2054//2054 1996//1996
f 545//545 2451//2451 928//928
f 2326//2326 2341//2341 2333//2333
f 2346//2346 2425//2425 2386//2386
f 1365//1365 2035//2035 2456//2456
f 2369//2369 2377//2377 2353//2353
f 2369//2369 506//506 2377//2377
f 2451//2451 900//900 928//928
f 900//900 2398//2398 928//928
f 1235//1235 1888//1888 1244//1244
f 2337//2337 2345//2345 2346//2346
f 877//877 772//772 2396//2396
f 772//772 1275//1275 2396//2396
f 2432//2432 2446//2446 2414//2414
f 2294//2294 2295//2295 2310//2310
f 2369//2369 2330//2330 828//828
f 2418//2418 2419//2419 2436//2436
f 2450//2450 2429//2429 2436//2436
f 2436//2436 2429//2429 2054//2054
f 2490//2490 2494//2494 1656//1656
f 1321//1321 155//155 2338//2338
f 1256//1256 2346//2346 2386//2386
f 2448//2448 877//877 2345//2345
f 877//877 2448//2448 772//772
f 2446//2446 2423//2423 2414//2414
f 2351//2351 2334//2334 2363//2363
f 2243//2243 2254//2254 2269//2269
f 2380//2380 2419//2419 2418//2418
f 2419//2419 2450//2450 2436//2436
f 2283//2283 2278//2278 2264//2264
f 822//822 2197//2197 823//823
f 1008//1008 1759//1759 1565//1565
f 2448//2448 2345//2345 2337//2337
f 2270//2270 2293//2293 2276//2276
f 2323//2323 2324//2324 2328//2328
f 2429//2429 1012//1012 2054//2054
f 2226//2226 2243//2243 2213//2213
f 2395//2395 325//325 772//772
f 2370//2370 2367//2367 2380//2380
f 2054//2054 2435//2435 2451//2451
f 2435//2435 2397//2397 2451//2451
f 2451//2451 2397//2397 900//900
f 1774//1774 1974//1974 1975//1975
f 2305//2305 2290//2290 2283//2283
f 846//846 2305//2305 2283//2283
f 2320//2320 1215//1215 2285//2285
f 2139//2139 2448//2448 2337//2337
f 2448//2448 2395//2395 772//772
f 1232//1232 1231//1231 1216//1216
f 2272//2272 2285//2285 2284//2284
f 2367//2367 2371//2371 2380//2380
f 2371//2371 2405//2405 2380//2380
f 2380//2380 2405//2405 2419//2419
f 2419//2419 2429//2429 2450//2450
f 2429//2429 176//176 1012//1012
f 2397//2397 2373//2373 900//900
f 2373//2373 2398//2398 900//900
f 2373//2373 1379//1379 2398//2398
f 2372//2372 1500//1500 1508//1508
f 1133//1133 1303//1303 1142//1142
f 2252//2252 2273//2273 2272//2272
f 891//891 2252//2252 2272//2272
f 2419//2419 2405//2405 2429//2429
f 2405//2405 2430//2430 2429//2429
f 2429//2429 2430//2430 176//176
f 2189//2189 2186//2186 2181//2181
f 2212//2212 2219//2219 2218//2218
f 2312//2312 2139//2139 2337//2337
f 2139//2139 2384//2384 2448//2448
f 2448//2448 2384//2384 2395//2395
f 899//899 855//855 843//843
f 2272//2272 2273//2273 2285//2285
f 2331//2331 2303//2303 2299//2299
f 176//176 2435//2435 2054//2054
f 1012//1012 176//176 2054//2054
f 2177//2177 2185//2185 2176//2176
f 2218//2218 2219//2219 2225//2225
f 1216//1216 1220//1220 1215//1215
f 2378//2378 2139//2139 2312//2312
f 2384//2384 14//14 2395//2395
f 2324//2324 2295//2295 2255//2255
f 2240//2240 2273//2273 2252//2252
f 2371//2371 2387//2387 2405//2405
f 2410//2410 2430//2430 2405//2405
f 2430//2430 2442//2442 176//176
f 2435//2435 2344//2344 2397//2397
f 2397//2397 2344//2344 2373//2373
f 2456//2456 1888//1888 2455//2455
f 2242//2242 2267//2267 2233//2233
f 2233//2233 2262//2262 2229//2229
f 2378//2378 2384//2384 2139//2139
f 2323//2323 2310//2310 2295//2295
f 2323//2323 2322//2322 2310//2310
f 2240//2240 2274//2274 2273//2273
f 974//974 841//841 990//990
f 2490//2490 1447//1447 2486//2486
f 2387//2387 2410//2410 2405//2405
f 2442//2442 2141//2141 176//176
f 2344//2344 1778//1778 2373//2373
f 972//972 1379//1379 2373//2373
f 1778//1778 972//972 2373//2373
f 1379//1379 972//972 428//428
f 1211//1211 2437//2437 1223//1223
f 1228//1228 1215//1215 1220//1220
f 702//702 2378//2378 2312//2312
f 17//17 518//518 2415//2415
f 1888//1888 26//26 1244//1244
f 2324//2324 2323//2323 2295//2295
f 2305//2305 2311//2311 2290//2290
f 2307//2307 2285//2285 2273//2273
f 2274//2274 2307//2307 2273//2273
f 2307//2307 2320//2320 2285//2285
f 2369//2369 531//531 506//506
f 2435//2435 2258//2258 2344//2344
f 2296//2296 2324//2324 2288//2288
f 1233//1233 1217//1217 2361//2361
f 2360//2360 2371//2371 2367//2367
f 2410//2410 2442//2442 2430//2430
f 176//176 2141//2141 2258//2258
f 176//176 2258//2258 2435//2435
f 539//539 2331//2331 66//66
f 2350//2350 2392//2392 2317//2317
f 2268//2268 2225//2225 2253//2253
f 1508//1508 1500//1500 2371//2371
f 2360//2360 1508//1508 2371//2371
f 2371//2371 1500//1500 2387//2387
f 972//972 2366//2366 428//428
f 1626//1626 1686//1686 1358//1358
f 1759//1759 1807//1807 1819//1819
f 2277//2277 2257//2257 2245//2245
f 2277//2277 2299//2299 2257//2257
f 1784//1784 2228//2228 1736//1736
f 2265//2265 2240//2240 1736//1736
f 2228//2228 2265//2265 1736//1736
f 2265//2265 2274//2274 2240//2240
f 1209//1209 2320//2320 2307//2307
f 2320//2320 1209//1209 1216//1216
f 1555//1555 1584//1584 1560//1560
f 2387//2387 1500//1500 2372//2372
f 2410//2410 2420//2420 2442//2442
f 2433//2433 972//972 1778//1778
f 2433//2433 2366//2366 972//972
f 955//955 522//522 1225//1225
f 2339//2339 2307//2307 2274//2274
f 2372//2372 1493//1493 2387//2387
f 2411//2411 2420//2420 2410//2410
f 2420//2420 954//954 2442//2442
f 2442//2442 954//954 2141//2141
f 2344//2344 2433//2433 1778//1778
f 2205//2205 2212//2212 2218//2218
f 2328//2328 2334//2334 2351//2351
f 2394//2394 2401//2401 2414//2414
f 2250//2250 2256//2256 2271//2271
f 2339//2339 1209//1209 2307//2307
f 2328//2328 2322//2322 2323//2323
f 866//866 845//845 2425//2425
f 3//3 316//316 893//893
f 2387//2387 2411//2411 2410//2410
f 2441//2441 2141//2141 954//954
f 2141//2141 2441//2441 2258//2258
f 2354//2354 2433//2433 2344//2344
f 2254//2254 2294//2294 2270//2270
f 2269//2269 2254//2254 2270//2270
f 863//863 2305//2305 846//846
f 2441//2441 2354//2354 2258//2258
f 2258//2258 2354//2354 2344//2344
f 2319//2319 2355//2355 51//51
f 2223//2223 2228//2228 1784//1784
f 1493//1493 2411//2411 2387//2387
f 1560//1560 2449//2449 1555//1555
f 2288//2288 2324//2324 2255//2255
f 825//825 2251//2251 2238//2238
f 2251//2251 2245//2245 2238//2238
f 1299//1299 84//84 1312//1312
f 2246//2246 2265//2265 2228//2228
f 2313//2313 2274//2274 2265//2265
f 2313//2313 2339//2339 2274//2274
f 2251//2251 2277//2277 2245//2245
f 2319//2319 51//51 2331//2331
f 891//891 1862//1862 2252//2252
f 2443//2443 954//954 2420//2420
f 2443//2443 2441//2441 954//954
f 511//511 2447//2447 2439//2439
f 2242//2242 2233//2233 2211//2211
f 188//188 15//15 814//814
f 2443//2443 2426//2426 2441//2441
f 2426//2426 2354//2354 2441//2441
f 2306//2306 2403//2403 2433//2433
f 2433//2433 2403//2403 2366//2366
f 539//539 2303//2303 2331//2331
f 2246//2246 2228//2228 2223//2223
f 1030//1030 1819//1819 1807//1807
f 2354//2354 2306//2306 2433//2433
f 2413//2413 2412//2412 2376//2376
f 2438//2438 2455//2455 1888//1888
f 1848//1848 1857//1857 2176//2176
f 2207//2207 2208//2208 2223//2223
f 2208//2208 2246//2246 2223//2223
f 1209//1209 2339//2339 1217//1217
f 2339//2339 2361//2361 1217//1217
f 1221//1221 1210//1210 2388//2388
f 554//554 109//109 78//78
f 386//386 1375//1375 95//95
f 2327//2327 2326//2326 2318//2318
f 2179//2179 2182//2182 1393//1393
f 2182//2182 2208//2208 1393//1393
f 1393//1393 2208//2208 2207//2207
f 2361//2361 2399//2399 2388//2388
f 2388//2388 2399//2399 1211//1211
f 2306//2306 2354//2354 2426//2426
f 2403//2403 2359//2359 2366//2366
f 2214//2214 2226//2226 2213//2213
f 2268//2268 2253//2253 2276//2276
f 889//889 2200//2200 2179//2179
f 2200//2200 2182//2182 2179//2179
f 2200//2200 2221//2221 2182//2182
f 2221//2221 2208//2208 2182//2182
f 2314//2314 2265//2265 2246//2246
f 2314//2314 2313//2313 2265//2265
f 2339//2339 2374//2374 2361//2361
f 2478//2478 2434//2434 2379//2379
f 2205//2205 2217//2217 2199//2199
f 2208//2208 2259//2259 2246//2246
f 2259//2259 2275//2275 2246//2246
f 2314//2314 2321//2321 2313//2313
f 2313//2313 2347//2347 2339//2339
f 2347//2347 2374//2374 2339//2339
f 2374//2374 2399//2399 2361//2361
f 153//153 154//154 2426//2426
f 154//154 2306//2306 2426//2426
f 2385//2385 2359//2359 2403//2403
f 2221//2221 2259//2259 2208//2208
f 2306//2306 2357//2357 2403//2403
f 2357//2357 2385//2385 2403//2403
f 2237//2237 2256//2256 2231//2231
f 2172//2172 2180//2180 889//889
f 2180//2180 2200//2200 889//889
f 2200//2200 2201//2201 2221//2221
f 2246//2246 2291//2291 2314//2314
f 2374//2374 2444//2444 2399//2399
f 571//571 555//555 2311//2311
f 2192//2192 2205//2205 2199//2199
f 2173//2173 2180//2180 2172//2172
f 2279//2279 2246//2246 2275//2275
f 2279//2279 2291//2291 2246//2246
f 2292//2292 2314//2314 2291//2291
f 2321//2321 2362//2362 2313//2313
f 2362//2362 2347//2347 2313//2313
f 2347//2347 2389//2389 2374//2374
f 2444//2444 955//955 2437//2437
f 2292//2292 2291//2291 2279//2279
f 2452//2452 2444//2444 2374//2374
f 2054//2054 2356//2356 1996//1996
f 2338//2338 2306//2306 154//154
f 2186//2186 2192//2192 2191//2191
f 2193//2193 2201//2201 2200//2200
f 2259//2259 2221//2221 2201//2201
f 2247//2247 2259//2259 2201//2201
f 2452//2452 955//955 2444//2444
f 2278//2278 2277//2277 2251//2251
f 2338//2338 2357//2357 2306//2306
f 2181//2181 2186//2186 2185//2185
f 2276//2276 2326//2326 2281//2281
f 2432//2432 2457//2457 2446//2446
f 2198//2198 2201//2201 2193//2193
f 2198//2198 2232//2232 2201//2201
f 2232//2232 2247//2247 2201//2201
f 2389//2389 2452//2452 2374//2374
f 2452//2452 1630//1630 955//955
f 1403//1403 1749//1749 1444//1444
f 1555//1555 1996//1996 1561//1561
f 2357//2357 2427//2427 2385//2385
f 2385//2385 2428//2428 230//230
f 2409//2409 2415//2415 2424//2424
f 2304//2304 2331//2331 2299//2299
f 2193//2193 2200//2200 2180//2180
f 2445//2445 2452//2452 2389//2389
f 1565//1565 1759//1759 1927//1927
f 2380//2380 1544//1544 2370//2370
f 2338//2338 2427//2427 2357//2357
f 2427//2427 2428//2428 2385//2385
f 230//230 222//222 253//253
f 2202//2202 2198//2198 2193//2193
f 2202//2202 2209//2209 2198//2198
f 2209//2209 2241//2241 2198//2198
f 2241//2241 2232//2232 2198//2198
f 2266//2266 2275//2275 2259//2259
f 2365//2365 1340//1340 1128//1128
f 2415//2415 518//518 2424//2424
f 2338//2338 170//170 2427//2427
f 170//170 2428//2428 2427//2427
f 2181//2181 2185//2185 2177//2177
f 2196//2196 2195//2195 2189//2189
f 2183//2183 2193//2193 2180//2180
f 2453//2453 1630//1630 2452//2452
f 2197//2197 2214//2214 2189//2189
f 2401//2401 2409//2409 2414//2414
f 822//822 2220//2220 2197//2197
f 1210//1210 2361//2361 2388//2388
f 2187//2187 2193//2193 2183//2183
f 2187//2187 2202//2202 2193//2193
f 2266//2266 2279//2279 2275//2275
f 2279//2279 2300//2300 2292//2292
f 2375//2375 2347//2347 2362//2362
f 2375//2375 2390//2390 2347//2347
f 2390//2390 2389//2389 2347//2347
f 2453//2453 2452//2452 2445//2445
f 1347//1347 1630//1630 2453//2453
f 1630//1630 1347//1347 522//522
f 2220//2220 2206//2206 2197//2197
f 2262//2262 2350//2350 2286//2286
f 170//170 254//254 2428//2428
f 2457//2457 1973//1973 2446//2446
f 1973//1973 1365//1365 2446//2446
f 2174//2174 2183//2183 2180//2180
f 2194//2194 2202//2202 2187//2187
f 2222//2222 2241//2241 2209//2209
f 2222//2222 2260//2260 2241//2241
f 2266//2266 2259//2259 2247//2247
f 2390//2390 2445//2445 2389//2389
f 2264//2264 2251//2251 825//825
f 2363//2363 2368//2368 2351//2351
f 2326//2326 2393//2393 2341//2341
f 1855//1855 1850//1850 1851//1851
f 2210//2210 2209//2209 2202//2202
f 2210//2210 2222//2222 2209//2209
f 2261//2261 2260//2260 2222//2222
f 2280//2280 2279//2279 2266//2266
f 2280//2280 2300//2300 2279//2279
f 251//251 263//263 2359//2359
f 2277//2277 2304//2304 2299//2299
f 2220//2220 2230//2230 2206//2206
f 2202//2202 2194//2194 2210//2210
f 2213//2213 2243//2243 2234//2234
f 2328//2328 2327//2327 2322//2322
f 2294//2294 2310//2310 2293//2293
f 2214//2214 2196//2196 2189//2189
f 2196//2196 2213//2213 2219//2219
f 2224//2224 2222//2222 2210//2210
f 2421//2421 2390//2390 2375//2375
f 2206//2206 2230//2230 2214//2214
f 2194//2194 2203//2203 2210//2210
f 2224//2224 2261//2261 2222//2222
f 2421//2421 2445//2445 2390//2390
f 2322//2322 2327//2327 2318//2318
f 2393//2393 2408//2408 2341//2341
f 1365//1365 1973//1973 510//510
f 2216//2216 2210//2210 2203//2203
f 2216//2216 2224//2224 2210//2210
f 2266//2266 2308//2308 2280//2280
f 2280//2280 2308//2308 2300//2300
f 2407//2407 2421//2421 2375//2375
f 2175//2175 2183//2183 2174//2174
f 2194//2194 2190//2190 2203//2203
f 2454//2454 2445//2445 2421//2421
f 522//522 1347//1347 523//523
f 2456//2456 2455//2455 2423//2423
f 823//823 2197//2197 2178//2178
f 2281//2281 2333//2333 2287//2287
f 2188//2188 2187//2187 2183//2183
f 2188//2188 2190//2190 2194//2194
f 2187//2187 2188//2188 2194//2194
f 2308//2308 2315//2315 2300//2300
f 2407//2407 2375//2375 2362//2362
f 2443//2443 2420//2420 2503//2503
f 2420//2420 2411//2411 2503//2503
f 2411//2411 1493//1493 2503//2503
f 1493//1493 1487//1487 2503//2503
f 1487//1487 1318//1318 2503//2503
f 1318//1318 1320//1320 2503//2503
f 1320//1320 2443//2443 2503//2503
f 2286//2286 2317//2317 2316//2316
f 2247//2247 2232//2232 2241//2241
f 2247//2247 2241//2241 2260//2260
f 2266//2266 2247//2247 2260//2260
f 2301//2301 2266//2266 2260//2260
f 2286//2286 2316//2316 2309//2309
f 2261//2261 2286//2286 2309//2309
f 2301//2301 2260//2260 2261//2261
f 2261//2261 2309//2309 2301//2301
f 2400//2400 2391//2391 2392//2392
f 2400//2400 2392//2392 2412//2412
f 2423//2423 2400//2400 2412//2412
f 2414//2414 2423//2423 2412//2412
f 2368//2368 2363//2363 2364//2364
f 2414//2414 2412//2412 2413//2413
f 2414//2414 2413//2413 2408//2408
f 2393//2393 2368//2368 2364//2364
f 2393//2393 2364//2364 2414//2414
f 2393//2393 2414//2414 2408//2408
f 2271//2271 2298//2298 2297//2297
f 2250//2250 2271//2271 2297//2297
f 2236//2236 2250//2250 2297//2297
f 2288//2288 2255//2255 2249//2249
f 2288//2288 2249//2249 2244//2244
f 2296//2296 2288//2288 2244//2244
f 2296//2296 2244//2244 2235//2235
f 2297//2297 2296//2296 2235//2235
f 2236//2236 2297//2297 2235//2235
f 2314//2314 2292//2292 2300//2300
f 2314//2314 2300//2300 2315//2315
f 2314//2314 2315//2315 2340//2340
f 2348//2348 2362//2362 2321//2321
f 2348//2348 2321//2321 2314//2314
f 2348//2348 2314//2314 2340//2340
# 5002 faces, 0 coords texture

# End of File
