# https://github.com/mikedh/trimesh
v -0.22274065 -0.83382630 -2.14464188
v -0.24975801 -0.82939076 -2.14464188
v -0.20482230 -0.82939076 -2.14464188
v -0.22274065 -0.79774642 -2.14464188
v -0.22274065 -0.82939076 -2.14482045
v -0.44505763 -1.00612342 -2.07053614
v -0.00042391 -0.54452372 -2.07053614
v -0.49006271 -0.97760201 -2.07053614
v 0.07368159 -0.54844427 -2.07053614
v -0.37095189 -1.01432681 -2.07053614
v 0.14778733 -0.55168271 -2.07053614
v -0.29684639 -1.01240861 -2.07053614
v 0.22189283 -0.55914712 -2.07053614
v -0.46163416 -0.90349627 -2.07053614
v 0.29599857 -0.57276535 -2.07053614
v -0.51916325 -0.85925317 -2.07053614
v -0.55826688 -0.82939076 -2.07053614
v 0.55806398 -0.82939076 -2.07053614
v 0.55984640 -0.75528502 -2.07053614
v -0.22274065 -1.01281190 -2.07053614
v 0.52045441 -0.68117952 -2.07053614
v -0.14863515 -1.01291227 -2.07053614
v 0.44420981 -0.63111591 -2.07053614
v 0.40767908 -0.60707378 -2.07053614
v -0.07452941 -1.01282096 -2.07053614
v 0.37010407 -0.58323407 -2.07053614
v -0.00042391 -1.01293898 -2.07053614
v 0.51831532 -0.67915916 -2.07053614
v -0.56052363 -0.75528502 -2.07053614
v -0.52138495 -0.68117952 -2.07053614
v -0.51916325 -0.67899251 -2.07053614
v -0.44505763 -0.63140941 -2.07053614
v -0.40610087 -0.60707378 -2.07053614
v -0.37095189 -0.58632493 -2.07053614
v -0.29684639 -0.57384062 -2.07053614
v -0.22274065 -0.55788612 -2.07053614
v -0.14863515 -0.55164456 -2.07053614
v -0.07452941 -0.54840374 -2.07053614
v 0.07368159 -1.01248169 -2.07053614
v 0.14778733 -1.01259112 -2.07053614
v 0.22189283 -1.01234055 -2.07053614
v 0.29599857 -1.01182520 -2.07053614
v 0.37010407 -1.01405561 -2.07053614
v 0.44420981 -1.01094377 -2.07053614
v 0.49326015 -0.97760201 -2.07053614
v 0.45564961 -0.90349627 -2.07053614
v 0.51831532 -0.85654044 -2.07053614
v -0.44505763 -0.97760201 -2.10908604
v -0.00042391 -0.82939076 -2.14069390
v -0.37095189 -0.97760201 -2.12510490
v 0.07368159 -0.82939076 -2.14109373
v -0.29684639 -0.97760201 -2.12853980
v -0.00042391 -0.75528502 -2.14050460
v 0.07368159 -0.75528502 -2.14081740
v -0.44505763 -0.90349627 -2.08401155
v 0.14778733 -0.82939076 -2.14214659
v -0.51916325 -0.82939076 -2.09314370
v 0.14778733 -0.75528502 -2.14155531
v -0.44505763 -0.82939076 -2.12803817
v -0.00042391 -0.68117952 -2.13058925
v -0.37095189 -0.90349627 -2.12340260
v 0.07368159 -0.68117952 -2.13073826
v -0.29684639 -0.90349627 -2.13425994
v 0.14778733 -0.68117952 -2.13127398
v -0.37095189 -0.82939076 -2.13997722
v 0.22189283 -0.82939076 -2.14355850
v -0.29684639 -0.82939076 -2.14328599
v 0.22189283 -0.75528502 -2.14213443
v -0.22274065 -0.97760201 -2.13425326
v 0.29599857 -0.82939076 -2.14175463
v 0.29599857 -0.75528502 -2.14029646
v -0.14863515 -0.97760201 -2.13591838
v 0.22189283 -0.68117952 -2.13125300
v -0.07452941 -0.97760201 -2.13515663
v -0.00042391 -0.97760201 -2.13687444
v 0.29599857 -0.68117952 -2.12783098
v -0.00042391 -0.60707378 -2.09888005
v -0.22274065 -0.90349627 -2.14014339
v 0.07368159 -0.60707378 -2.09820414
v -0.14863515 -0.90349627 -2.14092731
v 0.14778733 -0.60707378 -2.09818983
v -0.14863515 -0.82939076 -2.14307690
v 0.22189283 -0.60707378 -2.09637237
v -0.07452941 -0.90349627 -2.14047050
v 0.29599857 -0.60707378 -2.09132957
v -0.00042391 -0.90349627 -2.14011288
v -0.07452941 -0.82939076 -2.14140964
v 0.37010407 -0.82939076 -2.13894582
v 0.37010407 -0.75528502 -2.13795066
v -0.51916325 -0.75528502 -2.09314156
v 0.44420981 -0.82939076 -2.12512851
v -0.44505763 -0.75528502 -2.12669134
v 0.44420981 -0.75528502 -2.12608743
v -0.51916325 -0.68117952 -2.07177854
v 0.37010407 -0.68117952 -2.12292624
v -0.44505763 -0.68117952 -2.10626698
v 0.44420981 -0.68117952 -2.10624695
v -0.37095189 -0.75528502 -2.13895679
v 0.51831532 -0.82939076 -2.09242845
v -0.29684639 -0.75528502 -2.14106488
v 0.51831532 -0.75528502 -2.09283614
v -0.37095189 -0.68117952 -2.12328911
v 0.51831532 -0.68117952 -2.07169628
v -0.29684639 -0.68117952 -2.12835956
v -0.37095189 -0.60707378 -2.08489060
v 0.37010407 -0.60707378 -2.08612132
v -0.29684639 -0.60707378 -2.09104872
v -0.22274065 -0.75528502 -2.14273477
v -0.14863515 -0.75528502 -2.14199352
v -0.22274065 -0.68117952 -2.13146901
v -0.14863515 -0.68117952 -2.13177252
v -0.07452941 -0.75528502 -2.14072371
v -0.07452941 -0.68117952 -2.13084245
v -0.22274065 -0.60707378 -2.09667897
v -0.14863515 -0.60707378 -2.09824038
v -0.07452941 -0.60707378 -2.09830379
v 0.07368159 -0.97760201 -2.13636899
v 0.14778733 -0.97760201 -2.13553381
v 0.22189283 -0.97760201 -2.13150811
v 0.29599857 -0.97760201 -2.12735415
v 0.07368159 -0.90349627 -2.14034486
v 0.14778733 -0.90349627 -2.13986468
v 0.22189283 -0.90349627 -2.13780308
v 0.29599857 -0.90349627 -2.13176346
v 0.37010407 -0.97760201 -2.12333298
v 0.44420981 -0.97760201 -2.10091305
v 0.37010407 -0.90349627 -2.12231660
v 0.44420981 -0.90349627 -2.07889581
v 0.43150449 -0.53296828 -1.99643052
v -0.66737437 -0.84581685 -1.99643052
v 0.44420981 -0.56053734 -1.99643052
v -0.69538009 -0.82939076 -1.99643052
v 0.39363027 -0.45886278 -1.99643052
v -0.59326887 -0.88076210 -1.99643052
v 0.29599857 -0.43047976 -1.99643052
v 0.51831532 -0.61030602 -1.99643052
v -0.69959915 -0.75528502 -1.99643052
v 0.37010407 -0.44700193 -1.99643052
v -0.66737437 -0.68892670 -1.99643052
v 0.50731087 -0.60707378 -1.99643052
v -0.66104531 -0.68117952 -1.99643052
v 0.59242105 -0.62714982 -1.99643052
v 0.59242105 -0.88016248 -1.99643052
v -0.59326887 -0.62791777 -1.99643052
v 0.66652656 -0.84641671 -1.99643052
v 0.69213128 -0.82939076 -1.99643052
v 0.69836235 -0.75528502 -1.99643052
v -0.44505763 -1.01340342 -1.99643052
v 0.66652656 -0.68733430 -1.99643052
v -0.51713109 -0.97760201 -1.99643052
v 0.66194940 -0.68117952 -1.99643052
v -0.37095189 -1.01758695 -1.99643052
v -0.29684639 -1.01465917 -1.99643052
v -0.51916325 -0.96023321 -1.99643052
v -0.43549764 -0.53296828 -1.99643052
v -0.52888632 -0.90349627 -1.99643052
v -0.39619482 -0.45886278 -1.99643052
v -0.37095189 -0.44734359 -1.99643052
v -0.22274065 -1.01362932 -1.99643052
v -0.29684639 -0.43117166 -1.99643052
v -0.14863515 -1.01321745 -1.99643052
v -0.07452941 -1.01283991 -1.99643052
v -0.22274065 -0.41932201 -1.99643052
v -0.00042391 -1.01279950 -1.99643052
v -0.14863515 -0.42001104 -1.99643052
v -0.51916325 -0.60960007 -1.99643052
v -0.07452941 -0.42423844 -1.99643052
v -0.51112711 -0.60707378 -1.99643052
v -0.00042391 -0.42598248 -1.99643052
v -0.44505763 -0.55396104 -1.99643052
v 0.07368159 -0.42459631 -1.99643052
v 0.14778733 -0.42120242 -1.99643052
v 0.07368159 -1.01279271 -1.99643052
v 0.22189283 -0.41970348 -1.99643052
v 0.14778733 -1.01302588 -1.99643052
v 0.22189283 -1.01383901 -1.99643052
v 0.29599857 -1.01497769 -1.99643052
v 0.37010407 -1.01774108 -1.99643052
v 0.44420981 -1.01485944 -1.99643052
v 0.51831532 -0.98997235 -1.99643052
v 0.56975913 -0.97760201 -1.99643052
v 0.54664016 -0.90349627 -1.99643052
v -0.66737437 -0.82939076 -2.00967431
v -0.00042391 -0.53296828 -2.06545043
v 0.29599857 -0.53296828 -2.04932404
v -0.59326887 -0.82939076 -2.04825735
v 0.07368159 -0.53296828 -2.06360173
v 0.37010407 -0.53296828 -2.03990197
v -0.66737437 -0.75528502 -2.01416254
v 0.14778733 -0.53296828 -2.06193566
v 0.29599857 -0.45886278 -2.01728249
v -0.59326887 -0.75528502 -2.05307841
v 0.37010407 -0.45886278 -2.00482321
v 0.22189283 -0.53296828 -2.05838084
v -0.59326887 -0.68117952 -2.03164172
v 0.59242105 -0.82939076 -2.04843807
v 0.59242105 -0.75528502 -2.05351305
v -0.51916325 -0.90349627 -2.00225496
v 0.59242105 -0.68117952 -2.03314710
v 0.44420981 -0.60707378 -2.03847861
v -0.44505763 -0.60707378 -2.03922391
v 0.66652656 -0.82939076 -2.00999403
v -0.37095189 -0.53296828 -2.03790116
v 0.66652656 -0.75528502 -2.01383185
v -0.29684639 -0.53296828 -2.04888558
v -0.22274065 -0.53296828 -2.05912137
v -0.14863515 -0.53296828 -2.06220341
v -0.37095189 -0.45886278 -2.00454617
v -0.07452941 -0.53296828 -2.06372666
v -0.29684639 -0.45886278 -2.01702785
v -0.22274065 -0.45886278 -2.02924919
v -0.14863515 -0.45886278 -2.03051591
v -0.07452941 -0.45886278 -2.02893782
v -0.00042391 -0.45886278 -2.02897334
v 0.07368159 -0.45886278 -2.02851915
v 0.14778733 -0.45886278 -2.02885294
v 0.22189283 -0.45886278 -2.02799749
v 0.51831532 -0.97760201 -2.03309870
v 0.51831532 -0.90349627 -2.01433277
v -0.74147999 -1.02382088 -1.92232490
v -0.78361940 -0.97760201 -1.92232490
v 0.59242105 -0.57611108 -1.92232490
v 0.37010407 -0.38893414 -1.92232490
v -0.66737437 -1.01446438 -1.92232490
v 0.53077245 -0.53296828 -1.92232490
v 0.33330345 -0.38475704 -1.92232490
v -0.59326887 -1.00806963 -1.92232490
v -0.78396809 -0.90349627 -1.92232490
v 0.44420981 -0.40052915 -1.92232490
v 0.59242105 -1.00945663 -1.92232490
v -0.78966320 -0.82939076 -1.92232490
v 0.66652656 -1.01167059 -1.92232490
v 0.52081418 -0.45886278 -1.92232490
v -0.78657734 -0.75528502 -1.92232490
v 0.74063230 -1.02213323 -1.92232490
v -0.77821910 -0.68117952 -1.92232490
v 0.51831532 -0.45518422 -1.92232490
v -0.74147999 -0.61060548 -1.92232490
v 0.78251743 -0.97760201 -1.92232490
v 0.29599857 -0.38074708 -1.92232490
v -0.73482931 -0.60707378 -1.92232490
v 0.78234887 -0.90349627 -1.92232490
v -0.66737437 -0.59188557 -1.92232490
v 0.78740287 -0.82939076 -1.92232490
v -0.59326887 -0.57669210 -1.92232490
v 0.78547764 -0.75528502 -1.92232490
v -0.51916325 -1.00954711 -1.92232490
v 0.77646041 -0.68117952 -1.92232490
v -0.44505763 -1.01296616 -1.92232490
v -0.37095189 -1.01254249 -1.92232490
v 0.74063230 -0.60994792 -1.92232490
v 0.73595953 -0.60707378 -1.92232490
v -0.29684639 -1.01145267 -1.92232490
v 0.66652656 -0.59025860 -1.92232490
v -0.22274065 -1.01067531 -1.92232490
v -0.14863515 -1.01027310 -1.92232490
v -0.07452941 -1.01034355 -1.92232490
v -0.53414559 -0.53296828 -1.92232490
v -0.00042391 -1.01027834 -1.92232490
v -0.52711797 -0.45886278 -1.92232490
v -0.51916325 -0.44849777 -1.92232490
v -0.44505763 -0.39967918 -1.92232490
v 0.07368159 -1.01033115 -1.92232490
v -0.37095189 -0.38902783 -1.92232490
v 0.14778733 -1.01043439 -1.92232490
v -0.33229017 -0.38475704 -1.92232490
v 0.22189283 -1.01106930 -1.92232490
v -0.29684639 -0.38092375 -1.92232490
v 0.29599857 -1.01169169 -1.92232490
v 0.37010407 -1.01270080 -1.92232490
v 0.44420981 -1.01352191 -1.92232490
v -0.22274065 -0.37479877 -1.92232490
v 0.51831532 -1.01100755 -1.92232490
v -0.14863515 -0.37528038 -1.92232490
v -0.07452941 -0.37865543 -1.92232490
v -0.00042391 -0.38078785 -1.92232490
v 0.07368159 -0.37867904 -1.92232490
v 0.14778733 -0.37557030 -1.92232490
v 0.22189283 -0.37501073 -1.92232490
v -0.74147999 -0.97760201 -1.95919538
v 0.44420981 -0.53296828 -1.98371863
v -0.66737437 -0.97760201 -1.96126926
v -0.59326887 -0.97760201 -1.97730124
v 0.51831532 -0.60707378 -1.99153531
v 0.44420981 -0.45886278 -1.96932590
v -0.74147999 -0.90349627 -1.95193005
v 0.59242105 -0.60707378 -1.96923792
v -0.74147999 -0.82939076 -1.97233760
v 0.51831532 -0.53296828 -1.92932487
v 0.29599857 -0.38475704 -1.92947650
v -0.66737437 -0.90349627 -1.95786750
v 0.59242105 -0.97760201 -1.99003673
v -0.59326887 -0.90349627 -1.98082149
v 0.51831532 -0.45886278 -1.92380643
v 0.66652656 -0.97760201 -1.96081495
v -0.74147999 -0.75528502 -1.97148156
v 0.74063230 -0.97760201 -1.95821738
v -0.74147999 -0.68117952 -1.95475483
v 0.59242105 -0.90349627 -1.98145998
v -0.66737437 -0.68117952 -1.99319136
v 0.66652656 -0.90349627 -1.95795345
v 0.74063230 -0.90349627 -1.94936073
v -0.66737437 -0.60707378 -1.94361150
v -0.59326887 -0.60707378 -1.96839416
v 0.74063230 -0.82939076 -1.96880937
v -0.51916325 -0.97760201 -1.99486339
v 0.74063230 -0.75528502 -1.97128606
v 0.66652656 -0.68117952 -1.99403536
v 0.74063230 -0.68117952 -1.95445538
v 0.66652656 -0.60707378 -1.94586933
v -0.51916325 -0.60707378 -1.99264240
v -0.51916325 -0.53296828 -1.93107367
v -0.44505763 -0.53296828 -1.98737454
v -0.51916325 -0.45886278 -1.92696738
v -0.44505763 -0.45886278 -1.97240329
v -0.29684639 -0.38475704 -1.92911744
v -0.22274065 -0.38475704 -1.94063807
v -0.14863515 -0.38475704 -1.93923163
v -0.07452941 -0.38475704 -1.93261337
v -0.00042391 -0.38475704 -1.92880166
v 0.07368159 -0.38475704 -1.93254972
v 0.14778733 -0.38475704 -1.93872595
v 0.22189283 -0.38475704 -1.94041991
v -0.74147999 -1.01806533 -1.84821939
v -0.79767227 -0.97760201 -1.84821939
v -0.00042391 -0.33946800 -1.84821939
v -0.66737437 -1.01823103 -1.84821939
v 0.59242105 -1.01216555 -1.84821939
v 0.07368159 -0.33807778 -1.84821939
v -0.59326887 -1.01304221 -1.84821939
v 0.66652656 -1.01581776 -1.84821939
v 0.14778733 -0.33619428 -1.84821939
v -0.81250715 -0.90349627 -1.84821939
v 0.74063230 -1.01624632 -1.84821939
v 0.22189283 -0.33628583 -1.84821939
v -0.81076300 -0.82939076 -1.84821939
v 0.29599857 -0.34110570 -1.84821939
v 0.79425526 -0.97760201 -1.84821939
v -0.80803573 -0.75528502 -1.84821939
v -0.80910099 -0.68117952 -1.84821939
v 0.80888224 -0.90349627 -1.84821939
v 0.59242105 -0.41084623 -1.84821939
v -0.80366182 -0.60707378 -1.84821939
v 0.54810452 -0.38475704 -1.84821939
v 0.80757785 -0.82939076 -1.84821939
v 0.80608892 -0.75528502 -1.84821939
v 0.80755353 -0.68117952 -1.84821939
v 0.80083656 -0.60707378 -1.84821939
v 0.37010407 -0.34598994 -1.84821939
v 0.74174953 -0.53296828 -1.84821939
v -0.74147999 -0.53511333 -1.84821939
v 0.44420981 -0.34979582 -1.84821939
v -0.73280728 -0.53296828 -1.84821939
v 0.51831532 -0.37045217 -1.84821939
v -0.66737437 -0.47391224 -1.84821939
v -0.66184509 -0.45886278 -1.84821939
v -0.51916325 -1.01147878 -1.84821939
v -0.59326887 -0.41008925 -1.84821939
v -0.44505763 -1.01046073 -1.84821939
v 0.66652656 -0.47454977 -1.84821939
v 0.65942025 -0.45886278 -1.84821939
v -0.37095189 -1.00991607 -1.84821939
v -0.54874635 -0.38475704 -1.84821939
v 0.74063230 -0.53181434 -1.84821939
v -0.29684639 -1.00995612 -1.84821939
v -0.51916325 -0.37052369 -1.84821939
v -0.22274065 -1.00982666 -1.84821939
v -0.44505763 -0.34929156 -1.84821939
v -0.14863515 -1.00951576 -1.84821939
v -0.37095189 -0.34542584 -1.84821939
v -0.07452941 -1.00945485 -1.84821939
v -0.29684639 -0.34114552 -1.84821939
v -0.00042391 -1.00951087 -1.84821939
v -0.22274065 -0.33597374 -1.84821939
v 0.07368159 -1.00946391 -1.84821939
v 0.14778733 -1.00966024 -1.84821939
v -0.14863515 -0.33591628 -1.84821939
v 0.22189283 -1.00986469 -1.84821939
v -0.07452941 -0.33782196 -1.84821939
v 0.29599857 -1.00992370 -1.84821939
v 0.37010407 -1.01006377 -1.84821939
v 0.44420981 -1.01050687 -1.84821939
v 0.51831532 -1.01130366 -1.84821939
v 0.59242105 -0.53296828 -1.89304256
v -0.74147999 -0.60707378 -1.91986513
v 0.37010407 -0.38475704 -1.91511500
v -0.66737437 -0.53296828 -1.85982084
v -0.59326887 -0.53296828 -1.89371681
v 0.44420981 -0.38475704 -1.90178967
v 0.74063230 -0.60707378 -1.92029858
v 0.59242105 -0.45886278 -1.88084090
v 0.66652656 -0.53296828 -1.86150050
v 0.51831532 -0.38475704 -1.86676192
v 0.74063230 -0.53296828 -1.84889317
v -0.59326887 -0.45886278 -1.88365531
v -0.51916325 -0.38475704 -1.86698985
v -0.44505763 -0.38475704 -1.90231729
v -0.37095189 -0.38475704 -1.91495574
v 0.59242105 -1.00646484 -1.77411366
v 0.66652656 -0.99262917 -1.77411366
v -0.00042391 -0.30020547 -1.77411366
v 0.74063230 -0.99528706 -1.77411366
v -0.74147999 -0.99819183 -1.77411366
v 0.78524327 -0.97760201 -1.77411366
v 0.07368159 -0.29945064 -1.77411366
v -0.79183400 -0.97760201 -1.77411366
v 0.81473780 -0.92323875 -1.77411366
v 0.81861401 -0.90349627 -1.77411366
v 0.14778733 -0.29822302 -1.77411366
v -0.66737437 -0.99700427 -1.77411366
v 0.81473780 -0.88916779 -1.77411366
v 0.81042910 -0.82939076 -1.77411366
v -0.59326887 -1.00772285 -1.77411366
v 0.22189283 -0.29838490 -1.77411366
v -0.81558561 -0.94052231 -1.77411366
v 0.81210113 -0.75528502 -1.77411366
v -0.82432258 -0.90349627 -1.77411366
v 0.29599857 -0.30058336 -1.77411366
v 0.81346202 -0.68117952 -1.77411366
v -0.81558561 -0.83094287 -1.77411366
v 0.37010407 -0.30263472 -1.77411366
v 0.81091452 -0.60707378 -1.77411366
v -0.80907297 -0.82939076 -1.77411366
v 0.44420981 -0.30336332 -1.77411366
v 0.78990650 -0.53296828 -1.77411366
v 0.51831532 -0.31647038 -1.77411366
v -0.81021762 -0.75528502 -1.77411366
v 0.49581885 -0.31065154 -1.77411366
v -0.78940058 -0.53296828 -1.77411366
v 0.59242105 -0.35398459 -1.77411366
v -0.75493777 -0.45886278 -1.77411366
v -0.81227624 -0.68117952 -1.77411366
v -0.74147999 -0.44137669 -1.77411366
v -0.80984926 -0.60707378 -1.77411366
v 0.66652656 -0.39216685 -1.77411366
v -0.66737437 -0.39143229 -1.77411366
v 0.65174961 -0.38475704 -1.77411366
v -0.65361452 -0.38475704 -1.77411366
v 0.74063230 -0.44116879 -1.77411366
v -0.51916325 -1.00990784 -1.77411366
v -0.44505763 -1.00962985 -1.77411366
v 0.75434685 -0.45886278 -1.77411366
v -0.59326887 -0.35388470 -1.77411366
v -0.37095189 -1.00959373 -1.77411366
v -0.51916325 -0.31645393 -1.77411366
v -0.29684639 -1.00971210 -1.77411366
v -0.49767089 -0.31065154 -1.77411366
v -0.44505763 -0.30269408 -1.77411366
v -0.22274065 -1.00970852 -1.77411366
v -0.14863515 -1.00961483 -1.77411366
v -0.37095189 -0.30206299 -1.77411366
v -0.29684639 -0.30042052 -1.77411366
v -0.07452941 -1.00960481 -1.77411366
v -0.00042391 -1.00949621 -1.77411366
v -0.22274065 -0.29814482 -1.77411366
v -0.14863515 -0.29829144 -1.77411366
v 0.07368159 -1.00957429 -1.77411366
v -0.07452941 -0.29937863 -1.77411366
v 0.14778733 -1.00959301 -1.77411366
v 0.22189283 -1.00971973 -1.77411366
v 0.29599857 -1.00970900 -1.77411366
v 0.37010407 -1.00960040 -1.77411366
v 0.44420981 -1.00961053 -1.77411366
v 0.51831532 -1.00970328 -1.77411366
v -0.00042391 -0.31065154 -1.79517066
v -0.81558561 -0.90349627 -1.81844282
v 0.07368159 -0.31065154 -1.79702139
v 0.14778733 -0.31065154 -1.79983926
v 0.81473780 -0.90349627 -1.79130793
v 0.22189283 -0.31065154 -1.79939008
v -0.74147999 -0.53296828 -1.84643817
v 0.29599857 -0.31065154 -1.79365468
v 0.59242105 -0.38475704 -1.81754482
v -0.74147999 -0.45886278 -1.79806697
v 0.37010407 -0.31065154 -1.78890395
v 0.44420981 -0.31065154 -1.78710818
v -0.66737437 -0.45886278 -1.84541965
v 0.66652656 -0.45886278 -1.84470606
v 0.74063230 -0.45886278 -1.79824626
v -0.59326887 -0.38475704 -1.81719017
v -0.44505763 -0.31065154 -1.78810763
v -0.37095189 -0.31065154 -1.78981781
v -0.29684639 -0.31065154 -1.79370117
v -0.22274065 -0.31065154 -1.79959977
v -0.14863515 -0.31065154 -1.79935682
v -0.07452941 -0.31065154 -1.79709291
v -0.88969123 -0.95676637 -1.70000815
v 0.29599857 -1.01134825 -1.70000815
v -0.29684639 -0.27731204 -1.70000815
v 0.37010407 -1.01114261 -1.70000815
v -0.89446473 -0.90349627 -1.70000815
v -0.22274065 -0.27490330 -1.70000815
v 0.44420981 -1.01079369 -1.70000815
v -0.89013410 -0.82939076 -1.70000815
v -0.14863515 -0.27378964 -1.70000815
v -0.81558561 -1.02853775 -1.70000815
v 0.51831532 -1.00968111 -1.70000815
v -0.88335955 -0.97760201 -1.70000815
v -0.07452941 -0.27433658 -1.70000815
v 0.59242105 -1.00115371 -1.70000815
v -0.74147999 -1.01698720 -1.70000815
v -0.00042391 -0.27483606 -1.70000815
v -0.71675491 -0.97760201 -1.70000815
v 0.66602945 -0.97760201 -1.70000815
v -0.59326887 -1.00026572 -1.70000815
v 0.74063230 -1.01960027 -1.70000815
v 0.07368159 -0.27410555 -1.70000815
v -0.65648770 -0.97760201 -1.70000815
v 0.68312931 -0.97760201 -1.70000815
v 0.14778733 -0.27332759 -1.70000815
v 0.81473780 -1.02708244 -1.70000815
v 0.22189283 -0.27480912 -1.70000815
v 0.88411379 -0.97760201 -1.70000815
v 0.29599857 -0.27739286 -1.70000815
v 0.66652656 -0.97732842 -1.70000815
v -0.66885400 -0.90349627 -1.70000815
v 0.88884354 -0.96431160 -1.70000815
v -0.66569948 -0.90349627 -1.70000815
v 0.37010407 -0.27809715 -1.70000815
v -0.66737437 -0.89617968 -1.70000815
v 0.89509225 -0.90349627 -1.70000815
v 0.44420981 -0.27760935 -1.70000815
v 0.88995743 -0.82939076 -1.70000815
v 0.59242105 -0.31455564 -1.70000815
v -0.88969123 -0.82602453 -1.70000815
v 0.58562875 -0.31065154 -1.70000815
v 0.88884354 -0.82010317 -1.70000815
v 0.51831532 -0.28343606 -1.70000815
v 0.86374617 -0.75528502 -1.70000815
v -0.85203254 -0.75528502 -1.70000815
v 0.81945872 -0.68117952 -1.70000815
v 0.81473780 -0.66588020 -1.70000815
v -0.81600451 -0.68117952 -1.70000815
v 0.74063230 -0.41874909 -1.70000815
v 0.80268598 -0.60707378 -1.70000815
v 0.70632458 -0.38475704 -1.70000815
v -0.81558561 -0.68008518 -1.70000815
v 0.79063940 -0.53296828 -1.70000815
v -0.79520428 -0.60707378 -1.70000815
v 0.76491475 -0.45886278 -1.70000815
v -0.78863645 -0.53296828 -1.70000815
v 0.66652656 -0.35825825 -1.70000815
v -0.51916325 -1.00949848 -1.70000815
v -0.44505763 -1.01087451 -1.70000815
v -0.76557767 -0.45886278 -1.70000815
v -0.37095189 -1.01113772 -1.70000815
v -0.74147999 -0.41783690 -1.70000815
v -0.29684639 -1.01130259 -1.70000815
v -0.70799196 -0.38475704 -1.70000815
v -0.66737437 -0.35736513 -1.70000815
v -0.22274065 -1.01140285 -1.70000815
v -0.14863515 -1.01140034 -1.70000815
v -0.59326887 -0.31441355 -1.70000815
v -0.07452941 -1.01137066 -1.70000815
v -0.00042391 -1.01133895 -1.70000815
v -0.58676767 -0.31065154 -1.70000815
v -0.51916325 -0.28375363 -1.70000815
v -0.44505763 -0.27779889 -1.70000815
v 0.07368159 -1.01143456 -1.70000815
v -0.37095189 -0.27850962 -1.70000815
v 0.14778733 -1.01139832 -1.70000815
v 0.22189283 -1.01141453 -1.70000815
v -0.88969123 -0.90349627 -1.70954323
v 0.66652656 -0.97760201 -1.70055985
v -0.88969123 -0.82939076 -1.70089519
v -0.81558561 -0.97760201 -1.74379885
v 0.81473780 -0.97760201 -1.74109876
v -0.66737437 -0.97760201 -1.71441770
v 0.51831532 -0.31065154 -1.76437366
v -0.81558561 -0.82939076 -1.75210083
v 0.88884354 -0.90349627 -1.71138334
v 0.66652656 -0.38475704 -1.76010871
v 0.81473780 -0.82939076 -1.76631665
v -0.66737437 -0.90349627 -1.70307422
v 0.88884354 -0.82939076 -1.70223284
v -0.81558561 -0.75528502 -1.73538280
v 0.81473780 -0.75528502 -1.76058745
v -0.81558561 -0.68117952 -1.70220995
v 0.81473780 -0.68117952 -1.73713970
v -0.66737437 -0.38475704 -1.76124501
v -0.51916325 -0.31065154 -1.76453495
v -0.88969123 -1.08138764 -1.62590241
v 0.29599857 -1.01404703 -1.62590241
v -0.89837480 -1.05170763 -1.62590241
v -0.29684639 -0.27295828 -1.62590241
v 0.37010407 -1.01382279 -1.62590241
v -0.89152980 -0.97760201 -1.62590241
v -0.22274065 -0.26825333 -1.62590241
v 0.44420981 -1.01333988 -1.62590241
v -0.88969123 -0.95345283 -1.62590241
v -0.14863515 -0.26356292 -1.62590241
v 0.51831532 -1.01179779 -1.62590241
v -0.81558561 -1.12433791 -1.62590241
v -0.07452941 -0.26261687 -1.62590241
v -0.74147999 -1.12415183 -1.62590241
v 0.59242105 -1.00881171 -1.62590241
v -0.67323375 -1.05170763 -1.62590241
v -0.00042391 -0.26301837 -1.62590241
v -0.66737437 -1.03495765 -1.62590241
v 0.74063230 -1.12306535 -1.62590241
v -0.59326887 -1.00718939 -1.62590241
v 0.67279267 -1.05170763 -1.62590241
v -0.88543272 -0.90349627 -1.62590241
v 0.66652656 -1.03209460 -1.62590241
v -0.87489486 -0.82939076 -1.62590241
v 0.07368159 -0.26244473 -1.62590241
v 0.81473780 -1.12470245 -1.62590241
v 0.14778733 -0.26311588 -1.62590241
v 0.88884354 -1.07981718 -1.62590241
v -0.88969123 -0.76053023 -1.62590241
v 0.22189283 -0.26810145 -1.62590241
v 0.88884354 -0.91034949 -1.62590241
v -0.89099944 -0.75528502 -1.62590241
v 0.88826680 -0.90349627 -1.62590241
v 0.29599857 -0.27287126 -1.62590241
v -0.89152241 -0.68117952 -1.62590241
v 0.87697649 -0.82939076 -1.62590241
v -0.88969123 -0.67648244 -1.62590241
v 0.89717579 -1.05170763 -1.62590241
v 0.37010407 -0.27350116 -1.62590241
v -0.81558561 -0.63192940 -1.62590241
v 0.89328074 -0.97760201 -1.62590241
v -0.74147999 -0.67614222 -1.62590241
v 0.44420981 -0.27036357 -1.62590241
v -0.74147999 -0.59523392 -1.62590241
v -0.77933443 -0.53296828 -1.62590241
v 0.51831532 -0.27095580 -1.62590241
v 0.88884354 -0.76870513 -1.62590241
v -0.71612680 -0.60707378 -1.62590241
v 0.59242105 -0.29511404 -1.62590241
v 0.81473780 -0.63108659 -1.62590241
v 0.75989676 -0.60707378 -1.62590241
v -0.51916325 -1.01153731 -1.62590241
v 0.74063230 -0.39782977 -1.62590241
v 0.88884354 -0.67937851 -1.62590241
v -0.44505763 -1.01327193 -1.62590241
v 0.73036075 -0.38475704 -1.62590241
v -0.37095189 -1.01377964 -1.62590241
v 0.77665830 -0.53296828 -1.62590241
v 0.76853848 -0.45886278 -1.62590241
v -0.29684639 -1.01400292 -1.62590241
v 0.66652656 -0.33563066 -1.62590241
v -0.22274065 -1.01412344 -1.62590241
v 0.62299657 -0.31065154 -1.62590241
v -0.14863515 -1.01420617 -1.62590241
v 0.89237452 -0.75528502 -1.62590241
v -0.07452941 -1.01424062 -1.62590241
v -0.00042391 -1.01425421 -1.62590241
v 0.88962221 -0.68117952 -1.62590241
v 0.07368159 -1.01424348 -1.62590241
v 0.14778733 -1.01422822 -1.62590241
v -0.77138472 -0.45886278 -1.62590241
v 0.22189283 -1.01416206 -1.62590241
v -0.74147999 -0.39642501 -1.62590241
v -0.73154497 -0.38475704 -1.62590241
v -0.66737437 -0.33539510 -1.62590241
v -0.62363589 -0.31065154 -1.62590241
v -0.59326887 -0.29553843 -1.62590241
v -0.51916325 -0.27138400 -1.62590241
v -0.44505763 -0.27029085 -1.62590241
v -0.37095189 -0.27368808 -1.62590241
v -0.88969123 -1.05170763 -1.65184903
v -0.88969123 -0.97760201 -1.69011712
v -0.88969123 -0.90349627 -1.63122213
v -0.88969123 -0.82939076 -1.64009428
v -0.81558561 -1.05170763 -1.68470144
v 0.74063230 -1.05170763 -1.67604089
v -0.74147999 -1.05170763 -1.67587805
v 0.66652656 -0.97760201 -1.69996452
v 0.59242105 -0.31065154 -1.68795848
v 0.81473780 -1.05170763 -1.68379021
v -0.66737437 -0.97760201 -1.69628310
v 0.88884354 -1.05170763 -1.64936185
v 0.88884354 -0.97760201 -1.69276428
v -0.66737437 -0.90349627 -1.69883084
v 0.88884354 -0.90349627 -1.62615132
v -0.88969123 -0.75528502 -1.66740894
v 0.88884354 -0.82939076 -1.63559091
v -0.88969123 -0.68117952 -1.63084483
v 0.88884354 -0.75528502 -1.67475605
v -0.74147999 -0.60707378 -1.64564753
v 0.88884354 -0.68117952 -1.62812757
v -0.59326887 -0.31065154 -1.68806267
v -0.88969123 -1.13702965 -1.55179691
v -0.89467049 -1.12581325 -1.55179691
v 0.66652656 -1.14178479 -1.55179691
v -0.74147999 -0.37591648 -1.55179691
v 0.66062284 -1.12581325 -1.55179691
v -0.66737437 -0.31773210 -1.55179691
v -0.81558561 -1.17643011 -1.55179691
v 0.74063230 -1.17868149 -1.55179691
v -0.74147999 -1.17883956 -1.55179691
v 0.81473780 -1.17637551 -1.55179691
v -0.65440869 -0.31065154 -1.55179691
v 0.88884354 -1.14135706 -1.55179691
v -0.66737437 -1.14241266 -1.55179691
v -0.59326887 -0.28333092 -1.55179691
v -0.66115391 -1.12581325 -1.55179691
v 0.89641643 -1.12581325 -1.55179691
v -0.51916325 -0.26197052 -1.55179691
v -0.00042391 -1.01726997 -1.55179691
v -0.88969123 -1.05209255 -1.55179691
v 0.07368159 -1.01725698 -1.55179691
v -0.44505763 -0.26317787 -1.55179691
v 0.14778733 -1.01721275 -1.55179691
v -0.37095189 -0.27027130 -1.55179691
v -0.29684639 -0.27156973 -1.55179691
v -0.22274065 -0.26623392 -1.55179691
v -0.88707936 -1.05170763 -1.55179691
v 0.22189283 -1.01712382 -1.55179691
v -0.14863515 -0.25821400 -1.55179691
v -0.85798919 -0.97760201 -1.55179691
v -0.07452941 -0.25395560 -1.55179691
v -0.66737437 -1.11234117 -1.55179691
v -0.00042391 -0.25349927 -1.55179691
v -0.69374025 -1.05170763 -1.55179691
v 0.29599857 -1.01701117 -1.55179691
v -0.66737437 -0.98743153 -1.55179691
v -0.59326887 -1.01047027 -1.55179691
v 0.07368159 -0.25386858 -1.55179691
v 0.37010407 -1.01672685 -1.55179691
v 0.14778733 -0.25812173 -1.55179691
v 0.44420981 -1.01615787 -1.55179691
v -0.84039724 -0.90349627 -1.55179691
v 0.22189283 -0.26624894 -1.55179691
v 0.51831532 -1.01511621 -1.55179691
v -0.83696175 -0.82939076 -1.55179691
v 0.29599857 -0.27159882 -1.55179691
v 0.59242105 -1.01080656 -1.55179691
v 0.37010407 -0.27041769 -1.55179691
v -0.85888493 -0.75528502 -1.55179691
v 0.66652656 -1.11361873 -1.55179691
v -0.88154435 -0.68117952 -1.55179691
v 0.69294572 -1.05170763 -1.55179691
v 0.44420981 -0.26338363 -1.55179691
v -0.88143599 -0.60707378 -1.55179691
v 0.66652656 -0.98700202 -1.55179691
v 0.51831532 -0.26190829 -1.55179691
v -0.81558561 -0.56169271 -1.55179691
v 0.59242105 -0.28294444 -1.55179691
v 0.88884354 -1.12173748 -1.55179691
v -0.78885424 -0.53296828 -1.55179691
v 0.88863850 -1.05170763 -1.55179691
v 0.86268330 -0.97760201 -1.55179691
v -0.51916325 -1.01485384 -1.55179691
v -0.44505763 -1.01605010 -1.55179691
v 0.78334808 -0.53296828 -1.55179691
v 0.77245975 -0.45886278 -1.55179691
v 0.74722362 -0.38475704 -1.55179691
v 0.66652656 -0.31728458 -1.55179691
v 0.65422177 -0.31065154 -1.55179691
v 0.74063230 -0.37582827 -1.55179691
v -0.37095189 -1.01665604 -1.55179691
v -0.29684639 -1.01694667 -1.55179691
v -0.22274065 -1.01710093 -1.55179691
v -0.14863515 -1.01721072 -1.55179691
v -0.07452941 -1.01725435 -1.55179691
v 0.84706402 -0.90349627 -1.55179691
v 0.83926725 -0.82939076 -1.55179691
v 0.85987663 -0.75528502 -1.55179691
v 0.88034320 -0.68117952 -1.55179691
v 0.87192750 -0.60707378 -1.55179691
v 0.81473780 -0.56423545 -1.55179691
v -0.77765143 -0.45886278 -1.55179691
v -0.74815190 -0.38475704 -1.55179691
v -0.88969123 -1.12581325 -1.57274008
v 0.66652656 -1.12581325 -1.57168889
v -0.74147999 -0.38475704 -1.58477604
v -0.81558561 -1.12581325 -1.62437820
v 0.74063230 -1.12581325 -1.62348711
v -0.74147999 -1.12581325 -1.62442374
v -0.66737437 -1.12581325 -1.57461119
v 0.81473780 -1.12581325 -1.62479365
v 0.88884354 -1.12581325 -1.58010149
v -0.88969123 -1.05170763 -1.55603504
v -0.88969123 -0.97760201 -1.62074411
v 0.74063230 -0.38475704 -1.58432531
v -0.88969123 -0.75528502 -1.61963129
v -0.88969123 -0.68117952 -1.62513542
v 0.88884354 -1.05170763 -1.55209780
v 0.88884354 -0.97760201 -1.61256361
v -0.81558561 -0.60707378 -1.59785819
v -0.74147999 -0.60707378 -1.58249247
v 0.88884354 -0.75528502 -1.61033392
v 0.88884354 -0.68117952 -1.62576258
v 0.81473780 -0.60707378 -1.59944296
v -0.88969123 -1.14977145 -1.47769129
v 0.74063230 -1.20271766 -1.47769129
v -0.89127111 -1.12581325 -1.47769129
v 0.71979332 -1.19991875 -1.47769129
v -0.74147999 -0.35227251 -1.47769129
v -0.81558561 -1.20281017 -1.47769129
v -0.82813132 -1.19991875 -1.47769129
v -0.68323708 -0.31065154 -1.47769129
v -0.74147999 -1.20341253 -1.47769129
v 0.66652656 -1.16881454 -1.47769129
v 0.65857244 -1.12581325 -1.47769129
v -0.71799386 -1.19991875 -1.47769129
v -0.66737437 -0.30299163 -1.47769129
v -0.66737437 -1.16735935 -1.47769129
v 0.81473780 -1.20249426 -1.47769129
v -0.66071510 -1.12581325 -1.47769129
v -0.59326887 -0.27300835 -1.47769129
v 0.82675576 -1.19991875 -1.47769129
v -0.88969123 -1.11343670 -1.47769129
v 0.88884354 -1.14981258 -1.47769129
v -0.51916325 -0.25215316 -1.47769129
v -0.86358094 -1.05170763 -1.47769129
v -0.82516253 -0.97760201 -1.47769129
v -0.44505763 -0.25354576 -1.47769129
v 0.89048696 -1.12581325 -1.47769129
v -0.66737437 -1.11167371 -1.47769129
v -0.37095189 -0.26317501 -1.47769129
v -0.70890617 -1.05170763 -1.47769129
v -0.00042391 -1.02030790 -1.47769129
v -0.29684639 -0.26822543 -1.47769129
v 0.07368159 -1.02029729 -1.47769129
v -0.66737437 -0.98288095 -1.47769129
v -0.22274065 -0.26452827 -1.47769129
v 0.14778733 -1.02024436 -1.47769129
v -0.59326887 -1.00985992 -1.47769129
v -0.14863515 -0.25535822 -1.47769129
v -0.82329416 -0.90349627 -1.47769129
v 0.22189283 -1.02016795 -1.47769129
v -0.07452941 -0.24741983 -1.47769129
v -0.81558561 -0.83016109 -1.47769129
v -0.00042391 -0.24442720 -1.47769129
v 0.29599857 -1.02003872 -1.47769129
v -0.81374431 -0.82939076 -1.47769129
v 0.37010407 -1.01978958 -1.47769129
v 0.07368159 -0.24738622 -1.47769129
v -0.88969123 -0.64505410 -1.47769129
v 0.44420981 -1.01914704 -1.47769129
v 0.14778733 -0.25532532 -1.47769129
v -0.89065468 -0.60707378 -1.47769129
v 0.51831532 -1.01805723 -1.47769129
v -0.88969123 -0.60263824 -1.47769129
v 0.22189283 -0.26446772 -1.47769129
v 0.59242105 -1.01126671 -1.47769129
v 0.29599857 -0.26823449 -1.47769129
v -0.81558561 -0.81873536 -1.47769129
v -0.83142090 -0.75528502 -1.47769129
v 0.37010407 -0.26344562 -1.47769129
v 0.66652656 -1.10225654 -1.47769129
v -0.86543405 -0.68117952 -1.47769129
v 0.70334792 -1.05170763 -1.47769129
v 0.44420981 -0.25397944 -1.47769129
v 0.66652656 -0.98421669 -1.47769129
v -0.81558561 -0.53924394 -1.47769129
v 0.51831532 -0.25254130 -1.47769129
v -0.79560363 -0.53296828 -1.47769129
v 0.88884354 -1.11272180 -1.47769129
v 0.59242105 -0.27290487 -1.47769129
v -0.51916325 -1.01707542 -1.47769129
v 0.86477971 -1.05170763 -1.47769129
v -0.44505763 -1.01889133 -1.47769129
v 0.83144236 -0.97760201 -1.47769129
v -0.37095189 -1.01957655 -1.47769129
v 0.77321267 -0.53296828 -1.47769129
v 0.82382751 -0.90349627 -1.47769129
v 0.77794719 -0.45886278 -1.47769129
v 0.76181555 -0.38475704 -1.47769129
v 0.74063230 -0.35231853 -1.47769129
v 0.68267989 -0.31065154 -1.47769129
v 0.66652656 -0.30270076 -1.47769129
v 0.81473780 -0.88972354 -1.47769129
v 0.80958486 -0.82939076 -1.47769129
v -0.29684639 -1.01993835 -1.47769129
v 0.81473780 -0.80590606 -1.47769129
v 0.83015656 -0.75528502 -1.47769129
v 0.86250186 -0.68117952 -1.47769129
v -0.22274065 -1.02016497 -1.47769129
v -0.14863515 -1.02020657 -1.47769129
v -0.07452941 -1.02030277 -1.47769129
v 0.88355827 -0.60707378 -1.47769129
v 0.81473780 -0.54568791 -1.47769129
v -0.78309023 -0.45886278 -1.47769129
v -0.76285100 -0.38475704 -1.47769129
v -0.66737437 -0.31065154 -1.51978683
v -0.81558561 -1.19991875 -1.48778033
v 0.74063230 -1.19991875 -1.48843515
v -0.74147999 -1.19991875 -1.49065185
v 0.81473780 -1.19991875 -1.48662734
v -0.81558561 -0.82939076 -1.49786687
v -0.88969123 -0.60707378 -1.51041830
v 0.66652656 -0.31065154 -1.52106881
v 0.81473780 -0.82939076 -1.49941659
v -0.81558561 -1.21219027 -1.40358567
v -0.85023355 -1.19991875 -1.40358567
v -0.74147999 -1.21149135 -1.40358567
v -0.59326887 -0.26406240 -1.40358567
v -0.88439369 -1.12581325 -1.40358567
v 0.74063230 -1.20989287 -1.40358567
v 0.68931890 -1.19991875 -1.40358567
v -0.68882239 -1.19991875 -1.40358567
v 0.66652656 -1.18006539 -1.40358567
v -0.66737437 -1.17665172 -1.40358567
v -0.51916325 -0.24342966 -1.40358567
v 0.65811920 -1.12581325 -1.40358567
v -0.66143751 -1.12581325 -1.40358567
v -0.44505763 -0.24471498 -1.40358567
v 0.81473780 -1.21236861 -1.40358567
v -0.85112166 -1.05170763 -1.40358567
v 0.85106063 -1.19991875 -1.40358567
v -0.37095189 -0.25485063 -1.40358567
v -0.81558561 -0.98486090 -1.40358567
v 0.88359809 -1.12581325 -1.40358567
v -0.81387293 -0.97760201 -1.40358567
v -0.29684639 -0.26278710 -1.40358567
v -0.66737437 -1.11700797 -1.40358567
v -0.00042391 -1.02214813 -1.40358567
v -0.70435286 -1.05170763 -1.40358567
v 0.07368159 -1.02211785 -1.40358567
v -0.22274065 -0.26180482 -1.40358567
v 0.14778733 -1.02202582 -1.40358567
v -0.14863515 -0.25304461 -1.40358567
v -0.07452941 -0.24320698 -1.40358567
v -0.00042391 -0.23807812 -1.40358567
v 0.07368159 -0.24329567 -1.40358567
v 0.22189283 -1.02197886 -1.40358567
v 0.14778733 -0.25298715 -1.40358567
v 0.22189283 -0.26178861 -1.40358567
v 0.29599857 -0.26305461 -1.40358567
v 0.29599857 -1.02186549 -1.40358567
v -0.66737437 -0.98381889 -1.40358567
v 0.37010407 -0.25511909 -1.40358567
v 0.37010407 -1.02153039 -1.40358567
v 0.44420981 -1.02087533 -1.40358567
v 0.44420981 -0.24485207 -1.40358567
v -0.59326887 -1.00965393 -1.40358567
v 0.51831532 -1.01981795 -1.40358567
v -0.81558561 -0.95052898 -1.40358567
v 0.51831532 -0.24315691 -1.40358567
v 0.59242105 -1.01371825 -1.40358567
v -0.84888685 -0.90349627 -1.40358567
v 0.59242105 -0.26390600 -1.40358567
v -0.83561993 -0.82939076 -1.40358567
v 0.66652656 -1.11205840 -1.40358567
v -0.82441914 -0.75528502 -1.40358567
v 0.69557118 -1.05170763 -1.40358567
v -0.85570109 -0.68117952 -1.40358567
v 0.66652656 -0.99022639 -1.40358567
v -0.88194430 -0.60707378 -1.40358567
v 0.78822351 -0.53296828 -1.40358567
v -0.81558561 -0.53812551 -1.40358567
v 0.78754973 -0.45886278 -1.40358567
v 0.85157299 -1.05170763 -1.40358567
v -0.79495120 -0.53296828 -1.40358567
v 0.77244997 -0.38475704 -1.40358567
v 0.81657982 -0.97760201 -1.40358567
v -0.51916325 -1.01861727 -1.40358567
v 0.84081769 -0.90349627 -1.40358567
v 0.74063230 -0.33597183 -1.40358567
v -0.44505763 -1.02023673 -1.40358567
v 0.82855177 -0.82939076 -1.40358567
v 0.70448971 -0.31065154 -1.40358567
v -0.37095189 -1.02127254 -1.40358567
v 0.66652656 -0.29281402 -1.40358567
v -0.29684639 -1.02181900 -1.40358567
v 0.82315278 -0.75528502 -1.40358567
v 0.85519028 -0.68117952 -1.40358567
v -0.22274065 -1.02195251 -1.40358567
v 0.88129783 -0.60707378 -1.40358567
v -0.14863515 -1.02202499 -1.40358567
v 0.81473780 -0.53817677 -1.40358567
v -0.07452941 -1.02213895 -1.40358567
v -0.78771162 -0.45886278 -1.40358567
v -0.77320552 -0.38475704 -1.40358567
v -0.74147999 -0.33475256 -1.40358567
v -0.70630813 -0.31065154 -1.40358567
v -0.66737437 -0.29284453 -1.40358567
v -0.88969123 -1.12581325 -1.46374202
v 0.88884354 -1.12581325 -1.46392703
v -0.81558561 -0.97760201 -1.41723347
v -0.81558561 -0.82939076 -1.44408512
v -0.88969123 -0.60707378 -1.45585477
v 0.81473780 -0.82939076 -1.46559358
v -0.81558561 -1.20069575 -1.32948005
v -0.81828332 -1.19991875 -1.32948005
v -0.74147999 -1.20182192 -1.32948005
v -0.59326887 -0.25764012 -1.32948005
v -0.88410330 -1.12581325 -1.32948005
v 0.74063230 -1.20005834 -1.32948005
v -0.72597933 -1.19991875 -1.32948005
v 0.73943806 -1.19991875 -1.32948005
v -0.66737437 -1.17630804 -1.32948005
v 0.66652656 -1.17228723 -1.32948005
v -0.65185285 -1.12581325 -1.32948005
v 0.65215945 -1.12581325 -1.32948005
v -0.51916325 -0.23686099 -1.32948005
v -0.85778260 -1.05170763 -1.32948005
v 0.81473780 -1.20135415 -1.32948005
v -0.44505763 -0.23929238 -1.32948005
v -0.81878245 -0.97760201 -1.32948005
v 0.81973839 -1.19991875 -1.32948005
v -0.66737437 -1.07651973 -1.32948005
v 0.88293290 -1.12581325 -1.32948005
v -0.69565892 -1.05170763 -1.32948005
v -0.37095189 -0.24947786 -1.32948005
v -0.66737437 -0.98093581 -1.32948005
v -0.29684639 -0.25798798 -1.32948005
v -0.59326887 -1.00535727 -1.32948005
v -0.00042391 -1.02037334 -1.32948005
v -0.22274065 -0.25776649 -1.32948005
v 0.07368159 -1.02031898 -1.32948005
v -0.81558561 -0.94895172 -1.32948005
v -0.14863515 -0.24915004 -1.32948005
v -0.81113696 -0.90349627 -1.32948005
v 0.14778733 -1.02025425 -1.32948005
v -0.07452941 -0.23914790 -1.32948005
v 0.22189283 -1.02022028 -1.32948005
v -0.80927694 -0.82939076 -1.32948005
v -0.05596209 -0.23654580 -1.32948005
v 0.29599857 -1.02006006 -1.32948005
v -0.81558561 -0.79830146 -1.32948005
v 0.37010407 -1.01972604 -1.32948005
v -0.00042391 -0.23329973 -1.32948005
v -0.82592666 -0.75528502 -1.32948005
v 0.44420981 -1.01900876 -1.32948005
v -0.85229850 -0.68117952 -1.32948005
v 0.51831532 -1.01796567 -1.32948005
v 0.07368159 -0.23924303 -1.32948005
v -0.86916006 -0.60707378 -1.32948005
v 0.05332637 -0.23654580 -1.32948005
v 0.59242105 -1.01007545 -1.32948005
v -0.82007992 -0.53296828 -1.32948005
v 0.14778733 -0.24907446 -1.32948005
v 0.66652656 -1.06994295 -1.32948005
v 0.22189283 -0.25774193 -1.32948005
v -0.51916325 -1.01599360 -1.32948005
v 0.69420576 -1.05170763 -1.32948005
v -0.44505763 -1.01832879 -1.32948005
v 0.66652656 -0.98016822 -1.32948005
v 0.29599857 -0.25823665 -1.32948005
v -0.37095189 -1.01942611 -1.32948005
v 0.85732722 -1.05170763 -1.32948005
v 0.37010407 -0.24972343 -1.32948005
v -0.29684639 -1.01996064 -1.32948005
v 0.44420981 -0.23950648 -1.32948005
v 0.82090640 -0.97760201 -1.32948005
v 0.51831532 -0.23722625 -1.32948005
v -0.22274065 -1.02017653 -1.32948005
v 0.81483698 -0.90349627 -1.32948005
v 0.59242105 -0.25763607 -1.32948005
v -0.14863515 -1.02026987 -1.32948005
v 0.81473780 -0.90344238 -1.32948005
v 0.80629206 -0.82939076 -1.32948005
v -0.07452941 -1.02032983 -1.32948005
v 0.81473780 -0.52596283 -1.32948005
v 0.81473780 -0.78925061 -1.32948005
v 0.80058098 -0.45886278 -1.32948005
v 0.82452202 -0.75528502 -1.32948005
v 0.81757712 -0.53296828 -1.32948005
v 0.85404634 -0.68117952 -1.32948005
v 0.77806163 -0.38475704 -1.32948005
v 0.86955643 -0.60707378 -1.32948005
v 0.74063230 -0.32824588 -1.32948005
v 0.71748757 -0.31065154 -1.32948005
v 0.66652656 -0.28587341 -1.32948005
v -0.81558561 -0.52378774 -1.32948005
v -0.79791009 -0.45886278 -1.32948005
v -0.77636456 -0.38475704 -1.32948005
v -0.74147999 -0.32973051 -1.32948005
v -0.71672082 -0.31065154 -1.32948005
v -0.66737437 -0.28615665 -1.32948005
v -0.81558561 -0.97760201 -1.36257696
v -0.00042391 -0.23654580 -1.38073933
v -0.81558561 -0.90349627 -1.33288598
v -0.81558561 -0.82939076 -1.34046268
v -0.81558561 -0.53296828 -1.35540509
v 0.81473780 -0.82939076 -1.35241163
v 0.81473780 -0.53296828 -1.35245001
v -0.81558561 -1.17451739 -1.25537443
v 0.66652656 -1.15049279 -1.25537443
v -0.87452102 -1.12581325 -1.25537443
v -0.74147999 -0.32376647 -1.25537443
v -0.74147999 -1.17377102 -1.25537443
v -0.72609162 -0.31065154 -1.25537443
v 0.65135837 -1.12581325 -1.25537443
v -0.66737437 -0.28058934 -1.25537443
v -0.66737437 -1.14913869 -1.25537443
v 0.74063230 -1.17397845 -1.25537443
v -0.65288413 -1.12581325 -1.25537443
v -0.59326887 -0.25250483 -1.25537443
v 0.81473780 -1.17485631 -1.25537443
v -0.86816394 -1.05170763 -1.25537443
v -0.84501362 -0.97760201 -1.25537443
v 0.87297177 -1.12581325 -1.25537443
v -0.66382706 -1.05170763 -1.25537443
v -0.00042391 -1.01705909 -1.25537443
v -0.59326887 -1.00588429 -1.25537443
v 0.07368159 -1.01709080 -1.25537443
v -0.82083929 -0.90349627 -1.25537443
v 0.14778733 -1.01701379 -1.25537443
v -0.82506371 -0.82939076 -1.25537443
v 0.22189283 -1.01691532 -1.25537443
v -0.84102714 -0.75528502 -1.25537443
v 0.29599857 -1.01685119 -1.25537443
v -0.54195487 -0.23654580 -1.25537443
v -0.86344075 -0.68117952 -1.25537443
v 0.37010407 -1.01655948 -1.25537443
v 0.44420981 -1.01572204 -1.25537443
v -0.85388398 -0.60707378 -1.25537443
v 0.51831532 -1.01367497 -1.25537443
v -0.82331145 -0.53296828 -1.25537443
v -0.37095189 -0.24561501 -1.25537443
v 0.59242105 -1.00727177 -1.25537443
v -0.43096757 -0.23654580 -1.25537443
v -0.51916325 -1.01180816 -1.25537443
v -0.29684639 -0.25415444 -1.25537443
v -0.44505763 -1.01516211 -1.25537443
v 0.66652656 -1.09498942 -1.25537443
v -0.22274065 -0.25367332 -1.25537443
v -0.37095189 -1.01626623 -1.25537443
v 0.66888189 -1.05170763 -1.25537443
v -0.14863515 -0.24465799 -1.25537443
v 0.66652656 -0.98233640 -1.25537443
v -0.29684639 -1.01671553 -1.25537443
v -0.09060025 -0.23654580 -1.25537443
v 0.86694551 -1.05170763 -1.25537443
v -0.22274065 -1.01686716 -1.25537443
v 0.84590673 -0.97760201 -1.25537443
v -0.14863515 -1.01701713 -1.25537443
v 0.82254720 -0.90349627 -1.25537443
v -0.51916325 -0.23230410 -1.25537443
v -0.07452941 -1.01706076 -1.25537443
v -0.44505763 -0.23477674 -1.25537443
v 0.82233262 -0.82939076 -1.25537443
v 0.83898926 -0.75528502 -1.25537443
v -0.07452941 -0.23450375 -1.25537443
v 0.85918999 -0.68117952 -1.25537443
v -0.00042391 -0.22881198 -1.25537443
v 0.85197234 -0.60707378 -1.25537443
v 0.82294202 -0.53296828 -1.25537443
v 0.14778733 -0.24450493 -1.25537443
v 0.08970714 -0.23654580 -1.25537443
v -0.81558561 -0.50468659 -1.25537443
v 0.22189283 -0.25370598 -1.25537443
v -0.80376399 -0.45886278 -1.25537443
v 0.29599857 -0.25430226 -1.25537443
v -0.77854240 -0.38475704 -1.25537443
v 0.37010407 -0.24571443 -1.25537443
v 0.43203926 -0.23654580 -1.25537443
v 0.59242105 -0.25233698 -1.25537443
v 0.54076529 -0.23654580 -1.25537443
v 0.07368159 -0.23453331 -1.25537443
v 0.44420981 -0.23501444 -1.25537443
v 0.51831532 -0.23239827 -1.25537443
v 0.81473780 -0.49773479 -1.25537443
v 0.80600834 -0.45886278 -1.25537443
v 0.78058457 -0.38475704 -1.25537443
v 0.74063230 -0.32217789 -1.25537443
v 0.72705436 -0.31065154 -1.25537443
v 0.66652656 -0.27995682 -1.25537443
v -0.81558561 -1.19991875 -1.32694328
v -0.74147999 -1.19991875 -1.32340479
v 0.74063230 -1.19991875 -1.32898402
v -0.51916325 -0.23654580 -1.32489920
v -0.66737437 -1.05170763 -1.26220334
v -0.44505763 -0.23654580 -1.28538072
v -0.81558561 -0.90349627 -1.26506102
v -0.81558561 -0.82939076 -1.28052688
v 0.81473780 -1.19991875 -1.32469249
v -0.07452941 -0.23654580 -1.28746760
v 0.07368159 -0.23654580 -1.28608954
v 0.44420981 -0.23654580 -1.28092563
v 0.81473780 -0.82939076 -1.27580369
v 0.51831532 -0.23654580 -1.31935036
v -0.81558561 -1.11867559 -1.18126881
v -0.87034142 -1.05170763 -1.18126881
v -0.74147999 -1.11503530 -1.18126881
v -0.86233234 -0.97760201 -1.18126881
v -0.74147999 -0.31730223 -1.18126881
v -0.00042391 -1.01378524 -1.18126881
v -0.73437452 -0.31065154 -1.18126881
v -0.66737437 -1.08022332 -1.18126881
v 0.07368159 -1.01375961 -1.18126881
v -0.66737437 -0.27537131 -1.18126881
v -0.64783466 -1.05170763 -1.18126881
v 0.14778733 -1.01368570 -1.18126881
v -0.59326887 -0.24773574 -1.18126881
v -0.59326887 -1.01325262 -1.18126881
v 0.22189283 -1.01362360 -1.18126881
v -0.85239339 -0.90349627 -1.18126881
v -0.56055140 -0.23654580 -1.18126881
v -0.85670769 -0.82939076 -1.18126881
v 0.29599857 -1.01358294 -1.18126881
v -0.37095189 -0.24152827 -1.18126881
v -0.85992622 -0.75528502 -1.18126881
v -0.40087485 -0.23654580 -1.18126881
v 0.37010407 -1.01339710 -1.18126881
v -0.86041343 -0.68117952 -1.18126881
v -0.29684639 -0.25037384 -1.18126881
v 0.44420981 -1.01275802 -1.18126881
v -0.83022988 -0.60707378 -1.18126881
v 0.51831532 -1.01048887 -1.18126881
v -0.82104170 -0.53296828 -1.18126881
v -0.22274065 -0.24996257 -1.18126881
v 0.59242105 -1.01449287 -1.18126881
v -0.14863515 -0.24051714 -1.18126881
v -0.51916325 -1.00932944 -1.18126881
v 0.66652656 -1.08298922 -1.18126881
v -0.44505763 -1.01195300 -1.18126881
v -0.12241721 -0.23654580 -1.18126881
v 0.64603853 -1.05170763 -1.18126881
v -0.37095189 -1.01304483 -1.18126881
v 0.74063230 -1.11797726 -1.18126881
v -0.51916325 -0.22788596 -1.18126881
v -0.29684639 -1.01346946 -1.18126881
v -0.44505763 -0.23050547 -1.18126881
v 0.81473780 -1.11967862 -1.18126881
v -0.22274065 -1.01361692 -1.18126881
v 0.86845803 -1.05170763 -1.18126881
v -0.14863515 -1.01369739 -1.18126881
v -0.07452941 -0.23011780 -1.18126881
v 0.86300755 -0.97760201 -1.18126881
v -0.07452941 -1.01374876 -1.18126881
v -0.00042391 -0.22428179 -1.18126881
v 0.85128832 -0.90349627 -1.18126881
v 0.85601234 -0.82939076 -1.18126881
v 0.14778733 -0.24039364 -1.18126881
v 0.12232852 -0.23654580 -1.18126881
v 0.85638595 -0.75528502 -1.18126881
v 0.22189283 -0.24999285 -1.18126881
v 0.84972215 -0.68117952 -1.18126881
v 0.29599857 -0.25053287 -1.18126881
v 0.82547021 -0.60707378 -1.18126881
v 0.37010407 -0.24162006 -1.18126881
v 0.40035796 -0.23654580 -1.18126881
v 0.82336760 -0.53296828 -1.18126881
v 0.59242105 -0.24730563 -1.18126881
v 0.56073809 -0.23654580 -1.18126881
v 0.07368159 -0.23005748 -1.18126881
v -0.81558561 -0.50492668 -1.18126881
v -0.80338097 -0.45886278 -1.18126881
v 0.44420981 -0.23051262 -1.18126881
v -0.77955472 -0.38475704 -1.18126881
v 0.51831532 -0.22770023 -1.18126881
v 0.81473780 -0.49008918 -1.18126881
v 0.80533814 -0.45886278 -1.18126881
v 0.78113365 -0.38475704 -1.18126881
v 0.74063230 -0.31459165 -1.18126881
v 0.73640847 -0.31065154 -1.18126881
v 0.66652656 -0.27445173 -1.18126881
v -0.81558561 -1.12581325 -1.18847191
v -0.74147999 -1.12581325 -1.19166386
v -0.66737437 -1.12581325 -1.22475672
v 0.66652656 -1.12581325 -1.22161937
v 0.74063230 -1.12581325 -1.18916905
v 0.81473780 -1.12581325 -1.18770766
v 0.66652656 -1.05170763 -1.18955457
v 0.29599857 -1.01053047 -1.10716319
v -0.81558561 -1.00309587 -1.10716319
v -0.14863515 -0.23661709 -1.10716319
v -0.83575976 -0.97760201 -1.10716319
v -0.14820647 -0.23654580 -1.10716319
v -0.74147999 -1.00743568 -1.10716319
v 0.37010407 -1.01040709 -1.10716319
v -0.57493162 -0.23654580 -1.10716319
v -0.66737437 -0.97882497 -1.10716319
v -0.51916325 -0.22365713 -1.10716319
v 0.44420981 -1.01013470 -1.10716319
v -0.59326887 -0.99920249 -1.10716319
v -0.44505763 -0.22601342 -1.10716319
v -0.85340047 -0.90349627 -1.10716319
v -0.37519681 -0.23654580 -1.10716319
v -0.85789406 -0.82939076 -1.10716319
v 0.51831532 -1.00908446 -1.10716319
v -0.07452941 -0.22578883 -1.10716319
v -0.84041846 -0.75528502 -1.10716319
v 0.59242105 -1.00093436 -1.10716319
v -0.82986438 -0.68117952 -1.10716319
v -0.00042391 -0.21983933 -1.10716319
v -0.83311641 -0.60707378 -1.10716319
v -0.83644211 -0.53296828 -1.10716319
v 0.66652656 -0.98064339 -1.10716319
v 0.22189283 -0.24614024 -1.10716319
v 0.14823461 -0.23654580 -1.10716319
v 0.74063230 -1.01272881 -1.10716319
v -0.51916325 -1.00810409 -1.10716319
v 0.29599857 -0.24676847 -1.10716319
v -0.44505763 -1.00955093 -1.10716319
v 0.81473780 -1.00727069 -1.10716319
v 0.37010407 -0.23747230 -1.10716319
v -0.37095189 -1.01014459 -1.10716319
v 0.83754468 -0.97760201 -1.10716319
v 0.37501764 -0.23654580 -1.10716319
v -0.29684639 -1.01041460 -1.10716319
v 0.85084677 -0.90349627 -1.10716319
v 0.59242105 -0.24278545 -1.10716319
v 0.57527184 -0.23654580 -1.10716319
v 0.85361409 -0.82939076 -1.10716319
v -0.22274065 -1.01054645 -1.10716319
v 0.07368159 -0.22579169 -1.10716319
v -0.14863515 -1.01061094 -1.10716319
v 0.14778733 -0.23646688 -1.10716319
v 0.83941293 -0.75528502 -1.10716319
v -0.07452941 -1.01068830 -1.10716319
v 0.83318830 -0.68117952 -1.10716319
v 0.44420981 -0.22618914 -1.10716319
v -0.00042391 -1.01067626 -1.10716319
v 0.84164357 -0.60707378 -1.10716319
v 0.51831532 -0.22333145 -1.10716319
v 0.84056234 -0.53296828 -1.10716319
v 0.07368159 -1.01065207 -1.10716319
v 0.81473780 -0.46356750 -1.10716319
v 0.14778733 -1.01062739 -1.10716319
v 0.81244540 -0.45886278 -1.10716319
v -0.81558561 -0.46875715 -1.10716319
v 0.22189283 -1.01057768 -1.10716319
v -0.81102896 -0.45886278 -1.10716319
v 0.78338528 -0.38475704 -1.10716319
v -0.78154719 -0.38475704 -1.10716319
v 0.66652656 -0.26931930 -1.10716319
v -0.74147999 -0.31200695 -1.10716319
v 0.74063230 -0.30899453 -1.10716319
v -0.74014080 -0.31065154 -1.10716319
v 0.74235654 -0.31065154 -1.10716319
v -0.66737437 -0.27052307 -1.10716319
v -0.59326887 -0.24332118 -1.10716319
v -0.37095189 -0.23734426 -1.10716319
v -0.29684639 -0.24650240 -1.10716319
v -0.22274065 -0.24623084 -1.10716319
v -0.81558561 -1.05170763 -1.13110268
v 0.66652656 -1.05170763 -1.15732145
v -0.74147999 -1.05170763 -1.13421571
v 0.14778733 -0.23654580 -1.10874140
v 0.74063230 -1.05170763 -1.13256884
v -0.66737437 -1.05170763 -1.15908372
v 0.81473780 -1.05170763 -1.13037765
v 0.74063230 -0.31065154 -1.13178825
v -0.74147999 -0.99003077 -1.03305757
v -0.76901424 -0.97760201 -1.03305757
v 0.29599857 -1.00937414 -1.03305757
v -0.66737437 -0.99100673 -1.03305757
v -0.59324205 -0.23654580 -1.03305757
v 0.37010407 -1.00932419 -1.03305757
v -0.59326887 -1.00347567 -1.03305757
v 0.44420981 -1.00927520 -1.03305757
v -0.80880010 -0.90349627 -1.03305757
v 0.51831532 -1.00900292 -1.03305757
v -0.81558561 -0.84838653 -1.03305757
v -0.51916325 -0.21806908 -1.03305757
v 0.59242105 -1.00263810 -1.03305757
v -0.81706929 -0.82939076 -1.03305757
v -0.44505763 -0.22076106 -1.03305757
v 0.66652656 -0.98753929 -1.03305757
v -0.37095189 -0.23224521 -1.03305757
v -0.82253277 -0.75528502 -1.03305757
v -0.34451509 -0.23654580 -1.03305757
v -0.83812225 -0.68117952 -1.03305757
v 0.74063230 -0.98649132 -1.03305757
v -0.85551918 -0.60707378 -1.03305757
v -0.16911006 -0.23654580 -1.03305757
v 0.75959802 -0.97760201 -1.03305757
v -0.14863515 -0.23319316 -1.03305757
v -0.86455584 -0.53296828 -1.03305757
v 0.79790282 -0.90349627 -1.03305757
v -0.07452941 -0.22217107 -1.03305757
v -0.51916325 -1.00870299 -1.03305757
v 0.80880451 -0.82939076 -1.03305757
v -0.00042391 -0.21607113 -1.03305757
v -0.44505763 -1.00896430 -1.03305757
v 0.81473780 -0.79872394 -1.03305757
v -0.37095189 -1.00910568 -1.03305757
v 0.82220936 -0.75528502 -1.03305757
v 0.22189283 -0.24251604 -1.03305757
v -0.29684639 -1.00923884 -1.03305757
v 0.84114385 -0.68117952 -1.03305757
v 0.16976738 -0.23654580 -1.03305757
v -0.22274065 -1.00930738 -1.03305757
v 0.29599857 -0.24239469 -1.03305757
v 0.34503961 -0.23654580 -1.03305757
v 0.07368159 -0.22215271 -1.03305757
v 0.14778733 -0.23300433 -1.03305757
v 0.37010407 -0.23238969 -1.03305757
v 0.44420981 -0.22098351 -1.03305757
v -0.14863515 -1.00934875 -1.03305757
v 0.51831532 -0.21793485 -1.03305757
v -0.07452941 -1.00938487 -1.03305757
v 0.85844064 -0.60707378 -1.03305757
v -0.00042391 -1.00935304 -1.03305757
v 0.59242105 -0.23604012 -1.03305757
v 0.86527944 -0.53296828 -1.03305757
v 0.84037232 -0.45886278 -1.03305757
v 0.07368159 -1.00937200 -1.03305757
v 0.81473780 -0.41448593 -1.03305757
v 0.79811907 -0.38475704 -1.03305757
v 0.14778733 -1.00940418 -1.03305757
v -0.83967268 -0.45886278 -1.03305757
v 0.22189283 -1.00939202 -1.03305757
v -0.81558561 -0.41646338 -1.03305757
v 0.66652656 -0.26241231 -1.03305757
v 0.59384155 -0.23654580 -1.03305757
v -0.79752004 -0.38475704 -1.03305757
v 0.74063230 -0.30108643 -1.03305757
v -0.75046015 -0.31065154 -1.03305757
v 0.75071430 -0.31065154 -1.03305757
v -0.74147999 -0.30214238 -1.03305757
v -0.66737437 -0.26313710 -1.03305757
v -0.59326887 -0.23655653 -1.03305757
v -0.29684639 -0.24217725 -1.03305757
v -0.22274065 -0.24268484 -1.03305757
v -0.14863515 -0.23654580 -1.10588765
v -0.81558561 -0.97760201 -1.09139192
v 0.81473780 -0.97760201 -1.09051430
v -0.37095189 -0.23654580 -1.09390008
v -0.81558561 -0.90349627 -1.05101943
v 0.81473780 -0.90349627 -1.06524515
v 0.81473780 -0.82939076 -1.05169010
v 0.37010407 -0.23654580 -1.09195924
v -0.81558561 -0.45886278 -1.09224403
v 0.59242105 -0.23654580 -1.03714526
v -0.74147999 -0.31065154 -1.09464443
v 0.81473780 -0.45886278 -1.09879541
v -0.74147999 -1.00483990 -0.95895195
v 0.59242105 -1.00959337 -0.95895195
v -0.00042391 -0.21450281 -0.95895195
v 0.66652656 -1.00871313 -0.95895195
v -0.78872311 -0.97760201 -0.95895195
v 0.74063230 -1.00235283 -0.95895195
v -0.66737437 -1.01031065 -0.95895195
v 0.78433156 -0.97760201 -0.95895195
v -0.59326887 -1.01008523 -0.95895195
v 0.07368159 -0.22085190 -0.95895195
v -0.81558561 -0.92793107 -0.95895195
v 0.81473780 -0.92116547 -0.95895195
v 0.81970310 -0.90349627 -0.95895195
v 0.83148503 -0.82939076 -0.95895195
v 0.84527469 -0.75528502 -0.95895195
v 0.86079907 -0.68117952 -0.95895195
v 0.87507820 -0.60707378 -0.95895195
v -0.82278872 -0.90349627 -0.95895195
v 0.88472509 -0.53296828 -0.95895195
v 0.14778733 -0.23129201 -0.95895195
v -0.83429480 -0.82939076 -0.95895195
v -0.88445091 -0.53296828 -0.95895195
v -0.87105262 -0.45886278 -0.95895195
v -0.83238399 -0.38475704 -0.95895195
v -0.84624600 -0.75528502 -0.95895195
v 0.19598126 -0.23654580 -0.95895195
v -0.86043656 -0.68117952 -0.95895195
v 0.27698874 -0.23654580 -0.95895195
v -0.81558561 -0.35791111 -0.95895195
v -0.87483346 -0.60707378 -0.95895195
v -0.78146720 -0.31065154 -0.95895195
v 0.29599857 -0.23467040 -0.95895195
v -0.74147999 -0.27561998 -0.95895195
v 0.37010407 -0.22452331 -0.95895195
v -0.66737437 -0.24274135 -0.95895195
v -0.51916325 -1.01042926 -0.95895195
v 0.44420981 -0.21486139 -0.95895195
v -0.44505763 -1.01049078 -0.95895195
v -0.64915395 -0.23654580 -0.95895195
v 0.51831532 -0.21133471 -0.95895195
v -0.37095189 -1.01047873 -0.95895195
v -0.59326887 -0.22150731 -0.95895195
v 0.59242105 -0.22107005 -0.95895195
v -0.29684639 -1.01052463 -0.95895195
v -0.22274065 -0.23811698 -0.95895195
v -0.22274065 -1.01055253 -0.95895195
v -0.27821922 -0.23654580 -0.95895195
v -0.14863515 -1.01053035 -0.95895195
v 0.87136364 -0.45886278 -0.95895195
v -0.19339204 -0.23654580 -0.95895195
v -0.07452941 -1.01054716 -0.95895195
v 0.83251429 -0.38475704 -0.95895195
v -0.51916325 -0.21144128 -0.95895195
v -0.00042391 -1.01056039 -0.95895195
v 0.66652656 -0.24238968 -0.95895195
v -0.44505763 -0.21455455 -0.95895195
v 0.64947152 -0.23654580 -0.95895195
v -0.37095189 -0.22427201 -0.95895195
v 0.74063230 -0.27481794 -0.95895195
v -0.29684639 -0.23469353 -0.95895195
v 0.07368159 -1.01056242 -0.95895195
v 0.81473780 -0.35677886 -0.95895195
v 0.14778733 -1.01060295 -0.95895195
v 0.78117776 -0.31065154 -0.95895195
v -0.14863515 -0.23146725 -0.95895195
v 0.22189283 -1.01059270 -0.95895195
v -0.07452941 -0.22088099 -0.95895195
v 0.29599857 -1.01063573 -0.95895195
v 0.37010407 -1.01067340 -0.95895195
v 0.22189283 -0.23791742 -0.95895195
v 0.44420981 -1.01069975 -0.95895195
v 0.51831532 -1.01049435 -0.95895195
v -0.81558561 -0.90349627 -0.97145486
v 0.81473780 -0.90349627 -0.96567798
v 0.29599857 -0.23654580 -0.97456968
v 0.81473780 -0.82939076 -0.99689591
v 0.81473780 -0.38475704 -0.99419808
v -0.81558561 -0.38475704 -0.99223113
v -0.59326887 -0.23654580 -1.03300190
v -0.29684639 -0.23654580 -0.97516906
v -0.74147999 -1.01145542 -0.88484633
v -0.00042391 -0.21515441 -0.88484633
v -0.79983592 -0.97760201 -0.88484633
v 0.59242105 -1.01323104 -0.88484633
v 0.07368159 -0.22093391 -0.88484633
v 0.66652656 -1.01487303 -0.88484633
v 0.14778733 -0.22804499 -0.88484633
v -0.66737437 -1.01547670 -0.88484633
v 0.74063230 -1.01030195 -0.88484633
v 0.22189283 -0.22966027 -0.88484633
v -0.59326887 -1.01335371 -0.88484633
v 0.79936147 -0.97760201 -0.88484633
v -0.81558561 -0.95608115 -0.88484633
v 0.29599857 -0.22443604 -0.88484633
v -0.83973646 -0.90349627 -0.88484633
v 0.81473780 -0.95683956 -0.88484633
v 0.37010407 -0.21615744 -0.88484633
v -0.85687184 -0.82939076 -0.88484633
v 0.83888197 -0.90349627 -0.88484633
v 0.44420981 -0.21129870 -0.88484633
v 0.85634565 -0.82939076 -0.88484633
v 0.51831532 -0.20963502 -0.88484633
v -0.88969123 -0.57050133 -0.88484633
v 0.59242105 -0.21038938 -0.88484633
v -0.88988316 -0.53296828 -0.88484633
v 0.86852527 -0.75528502 -0.88484633
v 0.88884354 -0.51000643 -0.88484633
v 0.87922549 -0.68117952 -0.88484633
v -0.86871421 -0.75528502 -0.88484633
v 0.88356042 -0.45886278 -0.88484633
v 0.88646483 -0.60707378 -0.88484633
v -0.87917674 -0.68117952 -0.88484633
v 0.86021137 -0.38475704 -0.88484633
v 0.88884354 -0.58362436 -0.88484633
v -0.88636827 -0.60707378 -0.88484633
v 0.74063230 -0.23815060 -0.88484633
v 0.73661804 -0.23654580 -0.88484633
v 0.88979530 -0.53296828 -0.88484633
v 0.82268453 -0.31065154 -0.88484633
v -0.51916325 -1.01262176 -0.88484633
v -0.88969123 -0.52544260 -0.88484633
v 0.81473780 -0.29953218 -0.88484633
v -0.44505763 -1.01246643 -0.88484633
v -0.88369274 -0.45886278 -0.88484633
v -0.37095189 -1.01237440 -0.88484633
v 0.66652656 -0.21783209 -0.88484633
v -0.86036539 -0.38475704 -0.88484633
v -0.29684639 -1.01233757 -0.88484633
v -0.82284212 -0.31065154 -0.88484633
v -0.22274065 -1.01232541 -0.88484633
v -0.81558561 -0.30069327 -0.88484633
v -0.14863515 -1.01229227 -0.88484633
v -0.74147999 -0.23879814 -0.88484633
v -0.07452941 -1.01231623 -0.88484633
v -0.73598838 -0.23654580 -0.88484633
v -0.00042391 -1.01231658 -0.88484633
v -0.66737437 -0.21780062 -0.88484633
v -0.59326887 -0.21015358 -0.88484633
v 0.07368159 -1.01233256 -0.88484633
v 0.14778733 -1.01236498 -0.88484633
v -0.51916325 -0.20936060 -0.88484633
v 0.22189283 -1.01236820 -0.88484633
v -0.44505763 -0.21090102 -0.88484633
v 0.29599857 -1.01241207 -0.88484633
v -0.37095189 -0.21593070 -0.88484633
v -0.29684639 -0.22449803 -0.88484633
v 0.37010407 -1.01250672 -0.88484633
v -0.22274065 -0.22977448 -0.88484633
v 0.44420981 -1.01256883 -0.88484633
v -0.14863515 -0.22822547 -0.88484633
v 0.51831532 -1.01269674 -0.88484633
v -0.07452941 -0.22094250 -0.88484633
v 0.22189283 -0.23654580 -0.94492316
v -0.88969123 -0.53296828 -0.89571762
v 0.88884354 -0.53296828 -0.91385412
v 0.66652656 -0.23654580 -0.94331670
v 0.81473780 -0.31065154 -0.90049171
v -0.81558561 -0.31065154 -0.89887643
v -0.66737437 -0.23654580 -0.94257891
v -0.22274065 -0.23654580 -0.94315970
v -0.74147999 -1.01353335 -0.81074071
v 0.87287235 -0.82939076 -0.81074071
v 0.88661695 -0.53296828 -0.81074071
v -0.80243325 -0.97760201 -0.81074071
v 0.88281441 -0.45886278 -0.81074071
v 0.88208270 -0.75528502 -0.81074071
v 0.86910915 -0.38475704 -0.81074071
v 0.88515258 -0.68117952 -0.81074071
v -0.66737437 -1.01796150 -0.81074071
v 0.84672618 -0.31065154 -0.81074071
v 0.88624477 -0.60707378 -0.81074071
v -0.59326887 -1.01555824 -0.81074071
v 0.81473780 -0.25242567 -0.81074071
v 0.79771566 -0.23654580 -0.81074071
v -0.81558561 -0.96151471 -0.81074071
v -0.84845877 -0.90349627 -0.81074071
v -0.87331736 -0.82939076 -0.81074071
v -0.88636017 -0.53296828 -0.81074071
v 0.59242105 -0.20869875 -0.81074071
v 0.66652656 -0.20754337 -0.81074071
v -0.88292515 -0.45886278 -0.81074071
v 0.74063230 -0.21277952 -0.81074071
v -0.86981392 -0.38475704 -0.81074071
v -0.88247359 -0.75528502 -0.81074071
v -0.84755790 -0.31065154 -0.81074071
v -0.81558561 -0.25337672 -0.81074071
v -0.88558495 -0.68117952 -0.81074071
v -0.79763496 -0.23654580 -0.81074071
v -0.88622677 -0.60707378 -0.81074071
v -0.74147999 -0.21286964 -0.81074071
v -0.66737437 -0.20716476 -0.81074071
v -0.51916325 -1.01461744 -0.81074071
v -0.59326887 -0.20836759 -0.81074071
v -0.44505763 -1.01428688 -0.81074071
v -0.37095189 -1.01413274 -0.81074071
v -0.51916325 -0.20979071 -0.81074071
v -0.29684639 -1.01405549 -0.81074071
v -0.44505763 -0.21033525 -0.81074071
v -0.37095189 -0.21141410 -0.81074071
v -0.22274065 -1.01402903 -0.81074071
v -0.14863515 -1.01397800 -0.81074071
v -0.29684639 -0.21511149 -0.81074071
v -0.07452941 -1.01398361 -0.81074071
v -0.22274065 -0.21874499 -0.81074071
v -0.00042391 -1.01397669 -0.81074071
v -0.14863515 -0.21945906 -0.81074071
v -0.07452941 -0.21723413 -0.81074071
v 0.07368159 -1.01398587 -0.81074071
v -0.00042391 -0.21410728 -0.81074071
v 0.14778733 -1.01399171 -0.81074071
v 0.22189283 -1.01404727 -0.81074071
v 0.07368159 -0.21696424 -0.81074071
v 0.29599857 -1.01412189 -0.81074071
v 0.14778733 -0.21935844 -0.81074071
v 0.22189283 -0.21879768 -0.81074071
v 0.37010407 -1.01420796 -0.81074071
v 0.29599857 -0.21531034 -0.81074071
v 0.44420981 -1.01434469 -0.81074071
v 0.37010407 -0.21164107 -0.81074071
v 0.51831532 -1.01465547 -0.81074071
v 0.44420981 -0.21047544 -0.81074071
v 0.59242105 -1.01544011 -0.81074071
v 0.51831532 -0.21000099 -0.81074071
v 0.66652656 -1.01768219 -0.81074071
v 0.74063230 -1.01359284 -0.81074071
v 0.80308986 -0.97760201 -0.81074071
v 0.81473780 -0.96314716 -0.81074071
v 0.84823012 -0.90349627 -0.81074071
v 0.88884354 -0.53296828 -0.83839142
v 0.74063230 -0.23654580 -0.88119626
v -0.88969123 -0.53296828 -0.85806358
v -0.74147999 -0.23654580 -0.87979281
v 0.87854242 -0.82939076 -0.73663509
v 0.88273287 -0.53296828 -0.73663509
v 0.88384008 -0.75528502 -0.73663509
v 0.87981176 -0.45886278 -0.73663509
v -0.74147999 -1.01474237 -0.73663509
v 0.86921644 -0.38475704 -0.73663509
v -0.80376363 -0.97760201 -0.73663509
v 0.88245726 -0.68117952 -0.73663509
v 0.85592771 -0.31065154 -0.73663509
v 0.88225389 -0.60707378 -0.73663509
v 0.83306384 -0.23654580 -0.73663509
v -0.66737437 -1.01941109 -0.73663509
v 0.59242105 -0.20374990 -0.73663509
v -0.59326887 -1.01689351 -0.73663509
v -0.88271904 -0.53296828 -0.73663509
v 0.66652656 -0.20164752 -0.73663509
v -0.87979269 -0.45886278 -0.73663509
v -0.81558561 -0.96333754 -0.73663509
v -0.87024927 -0.38475704 -0.73663509
v 0.74063230 -0.19868541 -0.73663509
v -0.85121036 -0.90349627 -0.73663509
v -0.85800028 -0.31065154 -0.73663509
v 0.81473780 -0.21862602 -0.73663509
v -0.87844348 -0.82939076 -0.73663509
v -0.83436847 -0.23654580 -0.73663509
v -0.88376141 -0.75528502 -0.73663509
v -0.81558561 -0.21938086 -0.73663509
v -0.74147999 -0.19922948 -0.73663509
v -0.88261294 -0.68117952 -0.73663509
v -0.66737437 -0.20144987 -0.73663509
v -0.88247514 -0.60707378 -0.73663509
v -0.59326887 -0.20372868 -0.73663509
v -0.51916325 -1.01590168 -0.73663509
v -0.51916325 -0.20498729 -0.73663509
v -0.44505763 -1.01545882 -0.73663509
v -0.37095189 -1.01528513 -0.73663509
v -0.44505763 -0.20538044 -0.73663509
v -0.29684639 -1.01522028 -0.73663509
v -0.37095189 -0.20505071 -0.73663509
v -0.22274065 -1.01519644 -0.73663509
v -0.29684639 -0.20551372 -0.73663509
v -0.14863515 -1.01514626 -0.73663509
v -0.22274065 -0.20668817 -0.73663509
v -0.07452941 -1.01513469 -0.73663509
v -0.14863515 -0.20687008 -0.73663509
v -0.00042391 -1.01517451 -0.73663509
v -0.07452941 -0.20684052 -0.73663509
v -0.00042391 -0.20627713 -0.73663509
v 0.07368159 -1.01516092 -0.73663509
v 0.14778733 -1.01516747 -0.73663509
v 0.07368159 -0.20657492 -0.73663509
v 0.22189283 -1.01520789 -0.73663509
v 0.14778733 -0.20690918 -0.73663509
v 0.29599857 -1.01527488 -0.73663509
v 0.22189283 -0.20705366 -0.73663509
v 0.37010407 -1.01532078 -0.73663509
v 0.29599857 -0.20631909 -0.73663509
v 0.44420981 -1.01549101 -0.73663509
v 0.37010407 -0.20590186 -0.73663509
v 0.51831532 -1.01590514 -0.73663509
v 0.44420981 -0.20584869 -0.73663509
v 0.59242105 -1.01676059 -0.73663509
v 0.51831532 -0.20497489 -0.73663509
v 0.66652656 -1.01906216 -0.73663509
v 0.74063230 -1.01486075 -0.73663509
v 0.80366564 -0.97760201 -0.73663509
v 0.81473780 -0.96393836 -0.73663509
v 0.85084128 -0.90349627 -0.73663509
v 0.81473780 -0.23654580 -0.78155410
v -0.81558561 -0.23654580 -0.77940750
v -0.00042391 -0.18759823 -0.66252947
v -0.74147999 -1.01551354 -0.66252947
v 0.07368159 -0.18777752 -0.66252947
v 0.87795234 -0.82939076 -0.66252947
v 0.14778733 -0.18734026 -0.66252947
v 0.88076472 -0.75528502 -0.66252947
v -0.80514717 -0.97760201 -0.66252947
v 0.87882257 -0.68117952 -0.66252947
v 0.22189283 -0.18782592 -0.66252947
v -0.66737437 -1.01979434 -0.66252947
v 0.29599857 -0.18765593 -0.66252947
v 0.87865424 -0.60707378 -0.66252947
v -0.59326887 -1.01735437 -0.66252947
v 0.87902522 -0.53296828 -0.66252947
v 0.37010407 -0.18752933 -0.66252947
v -0.81558561 -0.96448219 -0.66252947
v 0.44420981 -0.18752289 -0.66252947
v -0.85090184 -0.90349627 -0.66252947
v -0.88969123 -0.27898335 -0.66252947
v 0.51831532 -0.18741083 -0.66252947
v -0.87782633 -0.82939076 -0.66252947
v -0.89128292 -0.23654580 -0.66252947
v 0.59242105 -0.18752408 -0.66252947
v -0.88110697 -0.75528502 -0.66252947
v -0.87900627 -0.53296828 -0.66252947
v -0.87888384 -0.68117952 -0.66252947
v 0.87659335 -0.45886278 -0.66252947
v -0.87667906 -0.45886278 -0.66252947
v -0.87865686 -0.60707378 -0.66252947
v 0.86711502 -0.38475704 -0.66252947
v -0.86822355 -0.38475704 -0.66252947
v -0.86520958 -0.31065154 -0.66252947
v -0.51916325 -1.01624084 -0.66252947
v 0.86062956 -0.31065154 -0.66252947
v -0.44505763 -1.01576591 -0.66252947
v 0.87695765 -0.23654580 -0.66252947
v -0.88969123 -0.23611140 -0.66252947
v -0.37095189 -1.01561356 -0.66252947
v -0.29684639 -1.01565361 -0.66252947
v 0.66652656 -0.18438077 -0.66252947
v -0.81558561 -0.19465399 -0.66252947
v 0.74063230 -0.17942381 -0.66252947
v -0.74147999 -0.17936778 -0.66252947
v -0.66737437 -0.18418074 -0.66252947
v -0.59326887 -0.18727326 -0.66252947
v 0.81473780 -0.19366121 -0.66252947
v -0.51916325 -0.18724322 -0.66252947
v -0.22274065 -1.01565206 -0.66252947
v -0.44505763 -0.18688297 -0.66252947
v -0.37095189 -0.18718910 -0.66252947
v -0.29684639 -0.18744540 -0.66252947
v -0.14863515 -1.01559854 -0.66252947
v -0.07452941 -1.01560521 -0.66252947
v -0.22274065 -0.18745351 -0.66252947
v -0.00042391 -1.01569974 -0.66252947
v -0.14863515 -0.18689108 -0.66252947
v -0.07452941 -0.18683481 -0.66252947
v 0.07368159 -1.01562738 -0.66252947
v 0.14778733 -1.01561689 -0.66252947
v 0.22189283 -1.01566303 -0.66252947
v 0.29599857 -1.01568329 -0.66252947
v 0.37010407 -1.01562893 -0.66252947
v 0.44420981 -1.01577544 -0.66252947
v 0.51831532 -1.01627457 -0.66252947
v 0.59242105 -1.01731205 -0.66252947
v 0.66652656 -1.01984823 -0.66252947
v 0.74063230 -1.01547623 -0.66252947
v 0.80322409 -0.97760201 -0.66252947
v 0.81473780 -0.96317983 -0.66252947
v 0.85056376 -0.90349627 -0.66252947
v -0.88969123 -0.23654580 -0.66266346
v -0.74147999 -1.01544952 -0.58842397
v 0.87722993 -0.82939076 -0.58842397
v -0.80580473 -0.97760201 -0.58842397
v 0.87846088 -0.75528502 -0.58842397
v -0.00042391 -0.15386009 -0.58842397
v -0.66737437 -1.01951468 -0.58842397
v 0.87502193 -0.68117952 -0.58842397
v 0.07368159 -0.15401864 -0.58842397
v -0.59326887 -1.01733875 -0.58842397
v 0.87514162 -0.60707378 -0.58842397
v 0.14778733 -0.15386939 -0.58842397
v -0.81558561 -0.96515059 -0.58842397
v 0.87535167 -0.53296828 -0.58842397
v -0.85088050 -0.90349627 -0.58842397
v 0.22189283 -0.15380883 -0.58842397
v -0.87734389 -0.82939076 -0.58842397
v 0.29599857 -0.15367913 -0.58842397
v -0.87908399 -0.75528502 -0.58842397
v 0.37010407 -0.15358710 -0.58842397
v -0.87557805 -0.68117952 -0.58842397
v -0.87522531 -0.60707378 -0.58842397
v 0.44420981 -0.15340757 -0.58842397
v -0.87514925 -0.53296828 -0.58842397
v 0.51831532 -0.15434933 -0.58842397
v -0.87349045 -0.45886278 -0.58842397
v 0.59242105 -0.15555310 -0.58842397
v -0.51916325 -1.01632464 -0.58842397
v 0.87308979 -0.45886278 -0.58842397
v 0.86502957 -0.38475704 -0.58842397
v 0.85897398 -0.31065154 -0.58842397
v 0.86265135 -0.23654580 -0.58842397
v -0.44505763 -1.01584518 -0.58842397
v 0.66652656 -0.15195799 -0.58842397
v -0.37095189 -1.01577270 -0.58842397
v -0.86602247 -0.38475704 -0.58842397
v 0.74063230 -0.14974427 -0.58842397
v -0.29684639 -1.01594210 -0.58842397
v 0.81473780 -0.19120646 -0.58842397
v -0.86045313 -0.31065154 -0.58842397
v 0.77136517 -0.16244030 -0.58842397
v -0.22274065 -1.01594770 -0.58842397
v -0.86211085 -0.23654580 -0.58842397
v -0.14863515 -1.01587868 -0.58842397
v -0.07452941 -1.01599276 -0.58842397
v -0.00042391 -1.01617467 -0.58842397
v -0.81558561 -0.19561768 -0.58842397
v -0.77087235 -0.16244030 -0.58842397
v 0.07368159 -1.01600432 -0.58842397
v -0.74147999 -0.14929461 -0.58842397
v 0.14778733 -1.01590502 -0.58842397
v -0.66737437 -0.15261936 -0.58842397
v 0.22189283 -1.01594996 -0.58842397
v -0.59326887 -0.15605593 -0.58842397
v 0.29599857 -1.01595771 -0.58842397
v 0.37010407 -1.01580191 -0.58842397
v -0.51916325 -0.15436149 -0.58842397
v 0.44420981 -1.01583147 -0.58842397
v -0.44505763 -0.15334916 -0.58842397
v 0.51831532 -1.01634765 -0.58842397
v -0.37095189 -0.15372086 -0.58842397
v 0.59242105 -1.01745343 -0.58842397
v -0.29684639 -0.15369940 -0.58842397
v 0.66652656 -1.02025330 -0.58842397
v -0.22274065 -0.15355825 -0.58842397
v 0.74063230 -1.01644278 -0.58842397
v -0.14863515 -0.15346456 -0.58842397
v 0.80392051 -0.97760201 -0.58842397
v -0.07452941 -0.15353537 -0.58842397
v 0.81473780 -0.96361077 -0.58842397
v 0.84976459 -0.90349627 -0.58842397
v -0.00042391 -0.16244030 -0.60526538
v 0.07368159 -0.16244030 -0.60501647
v 0.14778733 -0.16244030 -0.60566354
v 0.22189283 -0.16244030 -0.60548115
v -0.88969123 -0.23654580 -0.59858954
v 0.29599857 -0.16244030 -0.60558307
v 0.37010407 -0.16244030 -0.60563004
v -0.74147999 -0.16244030 -0.61841226
v 0.44420981 -0.16244030 -0.60592175
v -0.66737437 -0.16244030 -0.60798442
v 0.51831532 -0.16244030 -0.60424399
v 0.59242105 -0.16244030 -0.60181677
v -0.59326887 -0.16244030 -0.60143638
v -0.51916325 -0.16244030 -0.60450721
v -0.44505763 -0.16244030 -0.60638988
v 0.66652656 -0.16244030 -0.60853720
v 0.74063230 -0.16244030 -0.61636591
v -0.37095189 -0.16244030 -0.60545790
v -0.29684639 -0.16244030 -0.60554028
v -0.22274065 -0.16244030 -0.60605276
v -0.14863515 -0.16244030 -0.60655367
v -0.07452941 -0.16244030 -0.60636878
v -0.74147999 -1.01565063 -0.51431835
v 0.87698293 -0.82939076 -0.51431835
v -0.00042391 -0.11791539 -0.51431835
v 0.87768769 -0.75528502 -0.51431835
v 0.07368159 -0.11790466 -0.51431835
v 0.87232304 -0.68117952 -0.51431835
v -0.80604815 -0.97760201 -0.51431835
v 0.14778733 -0.11792469 -0.51431835
v 0.87146568 -0.60707378 -0.51431835
v -0.66737437 -1.01974881 -0.51431835
v 0.22189283 -0.11782384 -0.51431835
v -0.59326887 -1.01748121 -0.51431835
v 0.87158132 -0.53296828 -0.51431835
v 0.29599857 -0.11784267 -0.51431835
v -0.81558561 -0.96521997 -0.51431835
v -0.85113597 -0.90349627 -0.51431835
v 0.37010407 -0.11765790 -0.51431835
v -0.87744880 -0.82939076 -0.51431835
v 0.44420981 -0.11731458 -0.51431835
v -0.87165689 -0.53296828 -0.51431835
v -0.86995745 -0.45886278 -0.51431835
v 0.51831532 -0.11876988 -0.51431835
v -0.87853646 -0.75528502 -0.51431835
v -0.86342704 -0.38475704 -0.51431835
v -0.87295496 -0.68117952 -0.51431835
v 0.59242105 -0.12139320 -0.51431835
v -0.85249507 -0.31065154 -0.51431835
v -0.87166059 -0.60707378 -0.51431835
v 0.86940074 -0.45886278 -0.51431835
v -0.83224666 -0.23654580 -0.51431835
v 0.86282039 -0.38475704 -0.51431835
v -0.51916325 -1.01641107 -0.51431835
v 0.85260630 -0.31065154 -0.51431835
v -0.44505763 -1.01598001 -0.51431835
v -0.81558561 -0.20578647 -0.51431835
v 0.83383679 -0.23654580 -0.51431835
v -0.37095189 -1.01602650 -0.51431835
v -0.78992510 -0.16244030 -0.51431835
v -0.29684639 -1.01623189 -0.51431835
v 0.66652656 -0.11653185 -0.51431835
v -0.74147999 -0.11979675 -0.51431835
v 0.74063230 -0.11669159 -0.51431835
v -0.66737437 -0.11730552 -0.51431835
v 0.81473780 -0.20224595 -0.51431835
v -0.22274065 -1.01621759 -0.51431835
v 0.79107213 -0.16244030 -0.51431835
v -0.59326887 -0.12171745 -0.51431835
v -0.14863515 -1.01619518 -0.51431835
v -0.07452941 -1.01643765 -0.51431835
v -0.51916325 -0.11891913 -0.51431835
v -0.00042391 -1.01670563 -0.51431835
v -0.44505763 -0.11754990 -0.51431835
v -0.37095189 -0.11779237 -0.51431835
v 0.07368159 -1.01645732 -0.51431835
v -0.29684639 -0.11784744 -0.51431835
v 0.14778733 -1.01621878 -0.51431835
v -0.22274065 -0.11789179 -0.51431835
v 0.22189283 -1.01624489 -0.51431835
v 0.29599857 -1.01626337 -0.51431835
v -0.14863515 -0.11793566 -0.51431835
v 0.37010407 -1.01605535 -0.51431835
v -0.07452941 -0.11794162 -0.51431835
v 0.44420981 -1.01594675 -0.51431835
v 0.51831532 -1.01641655 -0.51431835
v 0.59242105 -1.01747310 -0.51431835
v 0.66652656 -1.02054393 -0.51431835
v 0.74063230 -1.01727939 -0.51431835
v 0.80526018 -0.97760201 -0.51431835
v 0.81473780 -0.96500981 -0.51431835
v 0.84950423 -0.90349627 -0.51431835
v 0.87698674 -0.82939076 -0.44021273
v -0.00042391 -0.08282328 -0.44021273
v 0.87789369 -0.75528502 -0.44021273
v -0.74147999 -1.01623201 -0.44021273
v 0.07368159 -0.08267808 -0.44021273
v -0.80798006 -0.97760201 -0.44021273
v 0.14778733 -0.08264518 -0.44021273
v 0.87094402 -0.68117952 -0.44021273
v -0.66737437 -1.01995468 -0.44021273
v 0.22189283 -0.08255219 -0.44021273
v 0.86801076 -0.60707378 -0.44021273
v -0.59326887 -1.01753342 -0.44021273
v 0.29599857 -0.08267546 -0.44021273
v 0.86776614 -0.53296828 -0.44021273
v -0.81558561 -0.96738112 -0.44021273
v -0.85057557 -0.90349627 -0.44021273
v 0.59242105 -0.08871555 -0.44021273
v 0.58182716 -0.08833456 -0.44021273
v -0.87757206 -0.82939076 -0.44021273
v -0.86793768 -0.53296828 -0.44021273
v 0.37010407 -0.08269835 -0.44021273
v -0.86619461 -0.45886278 -0.44021273
v 0.44420981 -0.08199525 -0.44021273
v -0.87852335 -0.75528502 -0.44021273
v -0.85994387 -0.38475704 -0.44021273
v 0.51831532 -0.08354974 -0.44021273
v -0.87115073 -0.68117952 -0.44021273
v -0.84847474 -0.31065154 -0.44021273
v 0.86582160 -0.45886278 -0.44021273
v -0.82829106 -0.23654580 -0.44021273
v -0.86812878 -0.60707378 -0.44021273
v 0.85949659 -0.38475704 -0.44021273
v -0.81558561 -0.21203494 -0.44021273
v 0.84887075 -0.31065154 -0.44021273
v -0.51916325 -1.01636255 -0.44021273
v -0.78810287 -0.16244030 -0.44021273
v 0.82860947 -0.23654580 -0.44021273
v -0.44505763 -1.01609433 -0.44021273
v -0.74147999 -0.09214425 -0.44021273
v -0.37095189 -1.01632774 -0.44021273
v -0.71168089 -0.08833456 -0.44021273
v -0.29684639 -1.01653469 -0.44021273
v 0.60103846 -0.08833456 -0.44021273
v -0.59326887 -0.08881116 -0.44021273
v 0.74063230 -0.09100509 -0.44021273
v -0.60862708 -0.08833456 -0.44021273
v 0.72199273 -0.08833456 -0.44021273
v -0.22274065 -1.01651073 -0.44021273
v 0.81473780 -0.21044111 -0.44021273
v 0.78821874 -0.16244030 -0.44021273
v -0.66737437 -0.08663964 -0.44021273
v -0.14863515 -1.01656628 -0.44021273
v 0.66652656 -0.08554721 -0.44021273
v -0.07452941 -1.01695371 -0.44021273
v -0.58246744 -0.08833456 -0.44021273
v -0.00042391 -1.01725662 -0.44021273
v -0.51916325 -0.08378148 -0.44021273
v -0.44505763 -0.08229756 -0.44021273
v 0.07368159 -1.01695287 -0.44021273
v 0.14778733 -1.01659024 -0.44021273
v -0.37095189 -0.08255172 -0.44021273
v 0.22189283 -1.01654088 -0.44021273
v -0.29684639 -0.08271194 -0.44021273
v 0.29599857 -1.01657045 -0.44021273
v -0.22274065 -0.08268881 -0.44021273
v 0.37010407 -1.01635551 -0.44021273
v -0.14863515 -0.08269572 -0.44021273
v 0.44420981 -1.01613724 -0.44021273
v -0.07452941 -0.08282948 -0.44021273
v 0.51831532 -1.01644027 -0.44021273
v 0.59242105 -1.01749599 -0.44021273
v 0.66652656 -1.02056527 -0.44021273
v 0.74063230 -1.01749706 -0.44021273
v 0.80633259 -0.97760201 -0.44021273
v 0.81473780 -0.96648455 -0.44021273
v 0.84960175 -0.90349627 -0.44021273
v -0.00042391 -0.08833456 -0.45140195
v 0.07368159 -0.08833456 -0.45162773
v 0.14778733 -0.08833456 -0.45178378
v 0.22189283 -0.08833456 -0.45205486
v -0.66737437 -0.08833456 -0.44381821
v 0.29599857 -0.08833456 -0.45189941
v -0.51916325 -0.08833456 -0.44931674
v 0.37010407 -0.08833456 -0.45193243
v 0.44420981 -0.08833456 -0.45301914
v -0.44505763 -0.08833456 -0.45246935
v 0.51831532 -0.08833456 -0.44969141
v -0.37095189 -0.08833456 -0.45207405
v -0.29684639 -0.08833456 -0.45176983
v -0.22274065 -0.08833456 -0.45173597
v 0.66652656 -0.08833456 -0.44611919
v -0.14863515 -0.08833456 -0.45172155
v -0.07452941 -0.08833456 -0.45145774
v 0.29599857 -0.04737806 -0.36610699
v -0.74147999 -1.01651299 -0.36610699
v 0.37010407 -0.04719067 -0.36610699
v -0.80875289 -0.97760201 -0.36610699
v 0.87689900 -0.82939076 -0.36610699
v 0.44420981 -0.04670668 -0.36610699
v 0.87828827 -0.75528502 -0.36610699
v -0.66737437 -1.01995969 -0.36610699
v 0.51831532 -0.04835844 -0.36610699
v 0.87028909 -0.68117952 -0.36610699
v -0.59326887 -1.01746023 -0.36610699
v 0.59242105 -0.05329680 -0.36610699
v 0.86496425 -0.60707378 -0.36610699
v -0.81558561 -0.96830690 -0.36610699
v -0.85015559 -0.90349627 -0.36610699
v 0.86362433 -0.53296828 -0.36610699
v 0.86198950 -0.45886278 -0.36610699
v -0.87722349 -0.82939076 -0.36610699
v 0.85568690 -0.38475704 -0.36610699
v -0.86391687 -0.53296828 -0.36610699
v -0.87858534 -0.75528502 -0.36610699
v 0.84623694 -0.31065154 -0.36610699
v -0.86217844 -0.45886278 -0.36610699
v 0.82683277 -0.23654580 -0.36610699
v -0.87068725 -0.68117952 -0.36610699
v -0.85607266 -0.38475704 -0.36610699
v -0.86522698 -0.60707378 -0.36610699
v -0.84602106 -0.31065154 -0.36610699
v 0.81473780 -0.21272683 -0.36610699
v -0.82696366 -0.23654580 -0.36610699
v 0.78665757 -0.16244030 -0.36610699
v -0.51916325 -1.01646602 -0.36610699
v 0.75792885 -0.08833456 -0.36610699
v -0.81558561 -0.21364737 -0.36610699
v -0.44505763 -1.01632249 -0.36610699
v -0.78712153 -0.16244030 -0.36610699
v 0.66652656 -0.05215168 -0.36610699
v -0.37095189 -1.01664019 -0.36610699
v 0.74063230 -0.06671619 -0.36610699
v -0.75643325 -0.08833456 -0.36610699
v -0.29684639 -1.01682866 -0.36610699
v -0.74147999 -0.06971741 -0.36610699
v -0.22274065 -1.01682031 -0.36610699
v -0.66737437 -0.05359864 -0.36610699
v -0.14863515 -1.01701689 -0.36610699
v -0.59326887 -0.05411005 -0.36610699
v -0.07452941 -1.01749849 -0.36610699
v -0.51916325 -0.04850841 -0.36610699
v -0.00042391 -1.01781642 -0.36610699
v -0.44505763 -0.04693985 -0.36610699
v -0.37095189 -0.04728889 -0.36610699
v 0.07368159 -1.01751828 -0.36610699
v -0.29684639 -0.04745936 -0.36610699
v 0.14778733 -1.01703191 -0.36610699
v -0.22274065 -0.04766107 -0.36610699
v 0.22189283 -1.01685071 -0.36610699
v 0.29599857 -1.01688445 -0.36610699
v -0.14863515 -0.04779363 -0.36610699
v 0.37010407 -1.01671350 -0.36610699
v -0.07452941 -0.04788041 -0.36610699
v 0.44420981 -1.01641202 -0.36610699
v -0.00042391 -0.04786968 -0.36610699
v 0.51831532 -1.01652360 -0.36610699
v 0.59242105 -1.01755559 -0.36610699
v 0.07368159 -0.04768682 -0.36610699
v 0.14778733 -0.04758596 -0.36610699
v 0.66652656 -1.02021837 -0.36610699
v 0.74063230 -1.01698697 -0.36610699
v 0.22189283 -0.04748368 -0.36610699
v 0.80704260 -0.97760201 -0.36610699
v 0.81473780 -0.96759713 -0.36610699
v 0.84940696 -0.90349627 -0.36610699
v 0.59242105 -0.08833456 -0.43939936
v -0.74147999 -0.08833456 -0.43085849
v 0.74063230 -0.08833456 -0.43425620
v -0.59326887 -0.08833456 -0.43917692
v -0.74147999 -1.01712990 -0.29200149
v 0.87666225 -0.82939076 -0.29200149
v -0.80996418 -0.97760201 -0.29200149
v 0.87818027 -0.75528502 -0.29200149
v 0.29599857 -0.01256275 -0.29200149
v -0.66737437 -1.01993442 -0.29200149
v 0.87019682 -0.68117952 -0.29200149
v -0.59326887 -1.01739419 -0.29200149
v 0.86349297 -0.60707378 -0.29200149
v -0.81558561 -0.97020340 -0.29200149
v 0.86014462 -0.53296828 -0.29200149
v -0.85135353 -0.90349627 -0.29200149
v 0.37010407 -0.01220679 -0.29200149
v -0.87705684 -0.82939076 -0.29200149
v 0.44420981 -0.01176190 -0.29200149
v -0.86046660 -0.53296828 -0.29200149
v -0.87850606 -0.75528502 -0.29200149
v -0.85838926 -0.45886278 -0.29200149
v 0.59242105 -0.01881027 -0.29200149
v -0.87067270 -0.68117952 -0.29200149
v -0.85240340 -0.38475704 -0.29200149
v 0.53029323 -0.01422906 -0.29200149
v -0.86369514 -0.60707378 -0.29200149
v -0.84361219 -0.31065154 -0.29200149
v 0.51831532 -0.01337361 -0.29200149
v -0.82596803 -0.23654580 -0.29200149
v -0.51916325 -1.01666343 -0.29200149
v 0.85809183 -0.45886278 -0.29200149
v -0.44505763 -1.01667023 -0.29200149
v 0.85198307 -0.38475704 -0.29200149
v 0.84362507 -0.31065154 -0.29200149
v 0.82600665 -0.23654580 -0.29200149
v 0.81473780 -0.21419406 -0.29200149
v 0.78515649 -0.16244030 -0.29200149
v -0.81558561 -0.21527052 -0.29200149
v -0.37095189 -1.01695609 -0.29200149
v 0.75690222 -0.08833456 -0.29200149
v -0.78615117 -0.16244030 -0.29200149
v -0.29684639 -1.01712239 -0.29200149
v 0.66652656 -0.02161694 -0.29200149
v -0.75736248 -0.08833456 -0.29200149
v 0.74063230 -0.05550671 -0.29200149
v -0.22274065 -1.01718557 -0.29200149
v -0.74147999 -0.05715609 -0.29200149
v -0.14863515 -1.01751423 -0.29200149
v -0.66737437 -0.02240801 -0.29200149
v -0.07452941 -1.01804078 -0.29200149
v -0.59326887 -0.01952171 -0.29200149
v -0.00042391 -1.01835275 -0.29200149
v -0.53101707 -0.01422906 -0.29200149
v 0.07368159 -1.01804137 -0.29200149
v -0.51916325 -0.01324964 -0.29200149
v 0.14778733 -1.01753187 -0.29200149
v -0.44505763 -0.01177430 -0.29200149
v 0.22189283 -1.01722097 -0.29200149
v -0.37095189 -0.01218462 -0.29200149
v 0.29599857 -1.01718771 -0.29200149
v -0.29684639 -0.01239085 -0.29200149
v 0.37010407 -1.01704311 -0.29200149
v -0.22274065 -0.01250243 -0.29200149
v 0.44420981 -1.01675642 -0.29200149
v -0.14863515 -0.01266479 -0.29200149
v 0.51831532 -1.01671278 -0.29200149
v -0.07452941 -0.01273799 -0.29200149
v 0.59242105 -1.01759124 -0.29200149
v -0.00042391 -0.01262689 -0.29200149
v 0.66652656 -1.02018166 -0.29200149
v 0.74063230 -1.01719165 -0.29200149
v 0.07368159 -0.01257944 -0.29200149
v 0.80973387 -0.97760201 -0.29200149
v 0.14778733 -0.01252127 -0.29200149
v 0.81473780 -0.97112858 -0.29200149
v 0.22189283 -0.01263762 -0.29200149
v 0.85043693 -0.90349627 -0.29200149
v 0.29599857 -0.01422906 -0.29533720
v 0.37010407 -0.01422906 -0.29605126
v 0.44420981 -0.01422906 -0.29696536
v 0.51831532 -0.01422906 -0.29367352
v -0.51916325 -0.01422906 -0.29390359
v -0.44505763 -0.01422906 -0.29682517
v -0.37095189 -0.01422906 -0.29603720
v -0.29684639 -0.01422906 -0.29567599
v -0.22274065 -0.01422906 -0.29544711
v -0.14863515 -0.01422906 -0.29514122
v -0.07452941 -0.01422906 -0.29501629
v -0.00042391 -0.01422906 -0.29522634
v 0.07368159 -0.01422906 -0.29534912
v 0.14778733 -0.01422906 -0.29542875
v 0.22189283 -0.01422906 -0.29517937
v -0.74147999 -1.01791668 -0.21789575
v 0.29599857 0.02226996 -0.21789575
v -0.81180620 -0.97760201 -0.21789575
v 0.87678170 -0.82939076 -0.21789575
v 0.37010407 0.02249622 -0.21789575
v -0.66737437 -1.02014351 -0.21789575
v 0.87812448 -0.75528502 -0.21789575
v 0.44420981 0.02319932 -0.21789575
v 0.87026596 -0.68117952 -0.21789575
v -0.59326887 -1.01731563 -0.21789575
v 0.86293435 -0.60707378 -0.21789575
v 0.51831532 0.02258205 -0.21789575
v -0.81558561 -0.97279620 -0.21789575
v 0.85752702 -0.53296828 -0.21789575
v 0.59242105 0.01805592 -0.21789575
v -0.85270107 -0.90349627 -0.21789575
v -0.87705731 -0.82939076 -0.21789575
v 0.85438204 -0.45886278 -0.21789575
v -0.85779655 -0.53296828 -0.21789575
v 0.84831858 -0.38475704 -0.21789575
v -0.85471380 -0.45886278 -0.21789575
v -0.87857604 -0.75528502 -0.21789575
v -0.84886563 -0.38475704 -0.21789575
v -0.87065899 -0.68117952 -0.21789575
v 0.84053731 -0.31065154 -0.21789575
v -0.84098816 -0.31065154 -0.21789575
v -0.86306477 -0.60707378 -0.21789575
v 0.82489920 -0.23654580 -0.21789575
v -0.82595539 -0.23654580 -0.21789575
v -0.51916325 -1.01679623 -0.21789575
v 0.81473780 -0.21654558 -0.21789575
v -0.81558561 -0.21499491 -0.21789575
v -0.44505763 -1.01696563 -0.21789575
v 0.78368688 -0.16244030 -0.21789575
v -0.78559315 -0.16244030 -0.21789575
v -0.37095189 -1.01725709 -0.21789575
v 0.75644994 -0.08833456 -0.21789575
v -0.75656116 -0.08833456 -0.21789575
v -0.29684639 -1.01743853 -0.21789575
v 0.74063230 -0.03719306 -0.21789575
v -0.74147999 -0.03917480 -0.21789575
v 0.72824693 -0.01422906 -0.21789575
v -0.22274065 -1.01762593 -0.21789575
v -0.72771049 -0.01422906 -0.21789575
v 0.66652656 0.01479125 -0.21789575
v -0.14863515 -1.01804197 -0.21789575
v -0.66737437 0.01231527 -0.21789575
v -0.59326887 0.01660967 -0.21789575
v -0.07452941 -1.01856720 -0.21789575
v -0.00042391 -1.01886272 -0.21789575
v -0.51916325 0.02247477 -0.21789575
v -0.44505763 0.02332449 -0.21789575
v 0.07368159 -1.01858258 -0.21789575
v -0.37095189 0.02279520 -0.21789575
v 0.14778733 -1.01806438 -0.21789575
v -0.29684639 0.02232504 -0.21789575
v 0.22189283 -1.01765466 -0.21789575
v 0.29599857 -1.01748800 -0.21789575
v -0.22274065 0.02216959 -0.21789575
v -0.14863515 0.02219176 -0.21789575
v 0.37010407 -1.01732028 -0.21789575
v -0.07452941 0.02225041 -0.21789575
v 0.44420981 -1.01698267 -0.21789575
v -0.00042391 0.02227306 -0.21789575
v 0.51831532 -1.01694584 -0.21789575
v 0.59242105 -1.01761019 -0.21789575
v 0.07368159 0.02223063 -0.21789575
v 0.66652656 -1.02030516 -0.21789575
v 0.14778733 0.02221060 -0.21789575
v 0.74063230 -1.01748121 -0.21789575
v 0.22189283 0.02218652 -0.21789575
v 0.81165051 -0.97760201 -0.21789575
v 0.81473780 -0.97371364 -0.21789575
v 0.85198164 -0.90349627 -0.21789575
v 0.59242105 -0.01422906 -0.28244829
v -0.66737437 -0.01422906 -0.27497697
v 0.66652656 -0.01422906 -0.27686763
v -0.59326887 -0.01422906 -0.28089690
v 0.87720871 -0.82939076 -0.14379025
v -0.74147999 -1.01815903 -0.14379025
v 0.29599857 0.05889535 -0.14379025
v 0.87823725 -0.75528502 -0.14379025
v -0.81372964 -0.97760201 -0.14379025
v 0.37010407 0.05929208 -0.14379025
v 0.87006879 -0.68117952 -0.14379025
v 0.40565014 0.05987668 -0.14379025
v -0.66737437 -1.02011621 -0.14379025
v 0.86280537 -0.60707378 -0.14379025
v -0.59326887 -1.01740026 -0.14379025
v 0.85645890 -0.53296828 -0.14379025
v 0.51831532 0.05932546 -0.14379025
v 0.48485255 0.05987668 -0.14379025
v -0.81558561 -0.97530508 -0.14379025
v -0.85405898 -0.90349627 -0.14379025
v 0.59242105 0.05463815 -0.14379025
v -0.85651600 -0.53296828 -0.14379025
v -0.87743461 -0.82939076 -0.14379025
v -0.85143375 -0.45886278 -0.14379025
v 0.85123801 -0.45886278 -0.14379025
v -0.84501922 -0.38475704 -0.14379025
v 0.84481788 -0.38475704 -0.14379025
v -0.87852275 -0.75528502 -0.14379025
v -0.83760059 -0.31065154 -0.14379025
v 0.83726668 -0.31065154 -0.14379025
v -0.82459807 -0.23654580 -0.14379025
v 0.82336044 -0.23654580 -0.14379025
v -0.87069941 -0.68117952 -0.14379025
v -0.81558561 -0.21731615 -0.14379025
v 0.81473780 -0.21859193 -0.14379025
v -0.86312449 -0.60707378 -0.14379025
v -0.78443992 -0.16244030 -0.14379025
v 0.78342962 -0.16244030 -0.14379025
v -0.75577712 -0.08833456 -0.14379025
v -0.51916325 -1.01707232 -0.14379025
v 0.75542212 -0.08833456 -0.14379025
v -0.44505763 -1.01727009 -0.14379025
v -0.74147999 -0.03315115 -0.14379025
v 0.74063230 -0.03323388 -0.14379025
v -0.73600268 -0.01422906 -0.14379025
v -0.37095189 -1.01756465 -0.14379025
v -0.66737437 0.04590273 -0.14379025
v 0.73523140 -0.01422906 -0.14379025
v -0.29684639 -1.01780403 -0.14379025
v -0.59326887 0.05482459 -0.14379025
v 0.66652656 0.04956412 -0.14379025
v -0.22274065 -1.01812959 -0.14379025
v -0.51916325 0.05952215 -0.14379025
v -0.14863515 -1.01859128 -0.14379025
v -0.49352252 0.05987668 -0.14379025
v -0.07452941 -1.01913786 -0.14379025
v 0.44420981 0.06011748 -0.14379025
v -0.37095189 0.05945516 -0.14379025
v -0.00042391 -1.01943600 -0.14379025
v -0.40114391 0.05987668 -0.14379025
v -0.29684639 0.05900455 -0.14379025
v 0.07368159 -1.01914215 -0.14379025
v -0.22274065 0.05852413 -0.14379025
v 0.14778733 -1.01861763 -0.14379025
v -0.14863515 0.05845571 -0.14379025
v 0.22189283 -1.01815748 -0.14379025
v -0.07452941 0.05854082 -0.14379025
v 0.29599857 -1.01785040 -0.14379025
v -0.00042391 0.05887055 -0.14379025
v 0.37010407 -1.01760876 -0.14379025
v 0.44420981 -1.01732039 -0.14379025
v -0.44505763 0.06013989 -0.14379025
v 0.51831532 -1.01739025 -0.14379025
v 0.59242105 -1.01786053 -0.14379025
v 0.07368159 0.05893207 -0.14379025
v 0.66652656 -1.02017641 -0.14379025
v 0.14778733 0.05871272 -0.14379025
v 0.74063230 -1.01812577 -0.14379025
v 0.81369567 -0.97760201 -0.14379025
v 0.81473780 -0.97629559 -0.14379025
v 0.85294127 -0.90349627 -0.14379025
v 0.22189283 0.05872464 -0.14379025
v 0.44420981 0.05987668 -0.14422846
v -0.44505763 0.05987668 -0.14427233
v -0.81558561 -0.97851646 -0.06968451
v 0.87793350 -0.82939076 -0.06968451
v -0.81646597 -0.97760201 -0.06968451
v 0.85601139 -0.53296828 -0.06968451
v 0.87862730 -0.75528502 -0.06968451
v -0.74147999 -1.01835167 -0.06968451
v 0.84903407 -0.45886278 -0.06968451
v 0.87031913 -0.68117952 -0.06968451
v 0.84156513 -0.38475704 -0.06968451
v -0.66737437 -1.02013755 -0.06968451
v 0.86301970 -0.60707378 -0.06968451
v 0.83415437 -0.31065154 -0.06968451
v -0.59326887 -1.01776195 -0.06968451
v 0.82173395 -0.23654580 -0.06968451
v -0.85564029 -0.90349627 -0.06968451
v -0.87805200 -0.82939076 -0.06968451
v -0.87873960 -0.75528502 -0.06968451
v -0.87081206 -0.68117952 -0.06968451
v -0.85629737 -0.53296828 -0.06968451
v -0.86344934 -0.60707378 -0.06968451
v -0.84907746 -0.45886278 -0.06968451
v -0.51916325 -1.01736915 -0.06968451
v 0.81473780 -0.22084379 -0.06968451
v -0.44505763 -1.01754665 -0.06968451
v 0.78302741 -0.16244030 -0.06968451
v -0.84184945 -0.38475704 -0.06968451
v -0.37095189 -1.01784301 -0.06968451
v 0.75284696 -0.08833456 -0.06968451
v -0.83445275 -0.31065154 -0.06968451
v -0.29684639 -1.01813924 -0.06968451
v 0.74063230 -0.04901719 -0.06968451
v -0.82236159 -0.23654580 -0.06968451
v 0.73152256 -0.01422906 -0.06968451
v 0.70183063 0.05987668 -0.06968451
v -0.22274065 -1.01855779 -0.06968451
v -0.81558561 -0.22082353 -0.06968451
v -0.14863515 -1.01907468 -0.06968451
v -0.78449214 -0.16244030 -0.06968451
v -0.00042391 0.10209322 -0.06968451
v -0.07452941 -1.01961017 -0.06968451
v -0.75367737 -0.08833456 -0.06968451
v -0.00042391 -1.01991498 -0.06968451
v 0.07368159 0.10202551 -0.06968451
v -0.74147999 -0.04916644 -0.06968451
v 0.14778733 0.10158682 -0.06968451
v -0.73196900 -0.01422906 -0.06968451
v 0.07368159 -1.01961756 -0.06968451
v 0.22189283 0.10189748 -0.06968451
v -0.69840395 0.05987668 -0.06968451
v 0.14778733 -1.01908231 -0.06968451
v 0.29599857 0.10213566 -0.06968451
v 0.22189283 -1.01858413 -0.06968451
v -0.66737437 0.08426833 -0.06968451
v 0.29599857 -1.01816881 -0.06968451
v -0.59326887 0.09843755 -0.06968451
v 0.37010407 0.10288620 -0.06968451
v 0.37010407 -1.01787972 -0.06968451
v 0.44420981 0.10417366 -0.06968451
v -0.51916325 0.10399604 -0.06968451
v 0.44420981 -1.01763427 -0.06968451
v 0.51831532 0.10421324 -0.06968451
v -0.44505763 0.10392404 -0.06968451
v 0.51831532 -1.01757812 -0.06968451
v 0.59242105 0.09860635 -0.06968451
v -0.37095189 0.10212970 -0.06968451
v 0.59242105 -1.01785541 -0.06968451
v -0.29684639 0.10190964 -0.06968451
v 0.66652656 0.08694220 -0.06968451
v 0.66652656 -1.01984894 -0.06968451
v -0.22274065 0.10174608 -0.06968451
v 0.74063230 -1.01838505 -0.06968451
v -0.14863515 0.10107684 -0.06968451
v 0.81473780 -0.97874618 -0.06968451
v -0.07452941 0.10133791 -0.06968451
v 0.81580210 -0.97760201 -0.06968451
v 0.85474563 -0.90349627 -0.06968451
v -0.81558561 -0.97760201 -0.09913945
v 0.51831532 0.05987668 -0.14288568
v 0.59242105 0.05987668 -0.13457346
v -0.66737437 0.05987668 -0.11694407
v 0.66652656 0.05987668 -0.12444353
v -0.59326887 0.05987668 -0.13495564
v -0.00042391 0.05987668 -0.14210701
v -0.51916325 0.05987668 -0.14320683
v 0.07368159 0.05987668 -0.14222836
v -0.37095189 0.05987668 -0.14308715
v 0.14778733 0.05987668 -0.14183807
v -0.29684639 0.05987668 -0.14232945
v 0.22189283 0.05987668 -0.14185357
v 0.81473780 -0.97760201 -0.10971522
v 0.29599857 0.05987668 -0.14212751
v -0.22274065 0.05987668 -0.14149976
v 0.37010407 0.05987668 -0.14281464
v -0.14863515 0.05987668 -0.14137864
v -0.07452941 0.05987668 -0.14151478
v -0.81558561 -0.97853863 0.00442100
v 0.87819004 -0.82939076 0.00442100
v 0.85574651 -0.53296828 0.00442100
v -0.81648111 -0.97760201 0.00442100
v 0.87866044 -0.75528502 0.00442100
v 0.84835529 -0.45886278 0.00442100
v -0.74147999 -1.01830518 0.00442100
v 0.87037802 -0.68117952 0.00442100
v 0.84051800 -0.38475704 0.00442100
v -0.66737437 -1.02052474 0.00442100
v 0.86300492 -0.60707378 0.00442100
v -0.59326887 -1.01826644 0.00442100
v 0.83307266 -0.31065154 0.00442100
v -0.85621166 -0.90349627 0.00442100
v 0.82104206 -0.23654580 0.00442100
v -0.85618150 -0.53296828 0.00442100
v -0.87820494 -0.82939076 0.00442100
v -0.84862840 -0.45886278 0.00442100
v 0.81473780 -0.22187304 0.00442100
v -0.87845993 -0.75528502 0.00442100
v -0.84112418 -0.38475704 0.00442100
v -0.87058270 -0.68117952 0.00442100
v 0.78299308 -0.16244030 0.00442100
v -0.83379912 -0.31065154 0.00442100
v -0.86336529 -0.60707378 0.00442100
v -0.82140744 -0.23654580 0.00442100
v 0.75195503 -0.08833456 0.00442100
v -0.51916325 -1.01756346 0.00442100
v -0.81558561 -0.22282743 0.00442100
v -0.44505763 -1.01761782 0.00442100
v -0.37095189 -1.01775491 0.00442100
v 0.74063230 -0.05448222 0.00442100
v -0.29684639 -1.01797473 0.00442100
v 0.72953725 -0.01422906 0.00442100
v -0.78410554 -0.16244030 0.00442100
v -0.22274065 -1.01841354 0.00442100
v 0.70846820 0.05987668 0.00442100
v -0.14863515 -1.01895750 0.00442100
v -0.75212431 -0.08833456 0.00442100
v -0.07452941 -1.01941979 0.00442100
v -0.00042391 0.13187170 0.00442100
v -0.74147999 -0.05679369 0.00442100
v -0.00042391 -1.01966178 0.00442100
v 0.07368159 0.13184333 0.00442100
v -0.72919369 -0.01422906 0.00442100
v 0.14778733 0.13184118 0.00442100
v 0.07368159 -1.01942253 0.00442100
v -0.70597994 0.05987668 0.00442100
v 0.22189283 0.13203311 0.00442100
v 0.14778733 -1.01894462 0.00442100
v 0.29599857 0.13203812 0.00442100
v 0.22189283 -1.01842213 0.00442100
v -0.66737437 0.10821080 0.00442100
v 0.37010407 0.13226008 0.00442100
v -0.59326887 0.12780738 0.00442100
v 0.29599857 -1.01797438 0.00442100
v 0.44420981 0.13323951 0.00442100
v -0.51916325 0.13304853 0.00442100
v 0.51831532 0.13340378 0.00442100
v 0.37010407 -1.01775050 0.00442100
v -0.44505763 0.13332820 0.00442100
v 0.59242105 0.12803793 0.00442100
v 0.44420981 -1.01764941 0.00442100
v -0.37095189 0.13248253 0.00442100
v 0.51831532 -1.01765466 0.00442100
v -0.29684639 0.13219094 0.00442100
v 0.66652656 0.10946250 0.00442100
v 0.59242105 -1.01778293 0.00442100
v -0.22274065 0.13196778 0.00442100
v -0.14863515 0.13192487 0.00442100
v 0.66652656 -1.01989996 0.00442100
v -0.07452941 0.13212609 0.00442100
v 0.74063230 -1.01900411 0.00442100
v 0.81473780 -0.98040390 0.00442100
v 0.81732464 -0.97760201 0.00442100
v 0.85538197 -0.90349627 0.00442100
v -0.81558561 -0.97846496 0.07852650
v 0.85605645 -0.53296828 0.07852650
v 0.87822533 -0.82939076 0.07852650
v 0.84867239 -0.45886278 0.07852650
v -0.81640649 -0.97760201 0.07852650
v 0.87878585 -0.75528502 0.07852650
v 0.84037995 -0.38475704 0.07852650
v -0.74147999 -1.01847994 0.07852650
v 0.87059808 -0.68117952 0.07852650
v 0.83296967 -0.31065154 0.07852650
v -0.66737437 -1.02057648 0.07852650
v 0.82129860 -0.23654580 0.07852650
v 0.81473780 -0.22122836 0.07852650
v 0.78277922 -0.16244030 0.07852650
v 0.75072026 -0.08833456 0.07852650
v 0.74063230 -0.05983400 0.07852650
v 0.72693872 -0.01422906 0.07852650
v 0.70589161 0.05987668 0.07852650
v -0.59326887 -1.01838994 0.07852650
v -0.00042391 0.14228296 0.07852650
v 0.07368159 0.14248133 0.07852650
v -0.85637629 -0.90349627 0.07852650
v 0.14778733 0.14259863 0.07852650
v -0.87814808 -0.82939076 0.07852650
v 0.86305475 -0.60707378 0.07852650
v 0.22189283 0.14271235 0.07852650
v -0.87825334 -0.75528502 0.07852650
v 0.29599857 0.14282036 0.07852650
v -0.87065935 -0.68117952 0.07852650
v -0.86348093 -0.60707378 0.07852650
v 0.37010407 0.14295435 0.07852650
v -0.85626614 -0.53296828 0.07852650
v 0.44420981 0.14371204 0.07852650
v -0.84877968 -0.45886278 0.07852650
v -0.51916325 -1.01763713 0.07852650
v -0.84128416 -0.38475704 0.07852650
v 0.51831532 0.14380002 0.07852650
v -0.44505763 -1.01727796 0.07852650
v 0.59242105 0.13922453 0.07852650
v -0.83381617 -0.31065154 0.07852650
v -0.37095189 -1.01712394 0.07852650
v -0.82177532 -0.23654580 0.07852650
v -0.29684639 -1.01724148 0.07852650
v 0.66652656 0.11676669 0.07852650
v 0.61887717 0.13398218 0.07852650
v -0.81558561 -0.22182107 0.07852650
v -0.22274065 -1.01761854 0.07852650
v -0.78430116 -0.16244030 0.07852650
v -0.14863515 -1.01798046 0.07852650
v -0.75115550 -0.08833456 0.07852650
v -0.07452941 -1.01814842 0.07852650
v -0.00042391 -1.01816547 0.07852650
v -0.74147999 -0.06178045 0.07852650
v -0.72649741 -0.01422906 0.07852650
v -0.70437813 0.05987668 0.07852650
v 0.07368159 -1.01810539 0.07852650
v 0.14778733 -1.01795840 0.07852650
v -0.66737437 0.11609149 0.07852650
v 0.22189283 -1.01762187 0.07852650
v -0.61885154 0.13398218 0.07852650
v 0.29599857 -1.01720464 0.07852650
v -0.59326887 0.13881278 0.07852650
v 0.37010407 -1.01705885 0.07852650
v -0.51916325 0.14337611 0.07852650
v 0.44420981 -1.01724648 0.07852650
v -0.44505763 0.14371419 0.07852650
v 0.51831532 -1.01749897 0.07852650
v -0.37095189 0.14321303 0.07852650
v 0.59242105 -1.01804221 0.07852650
v -0.29684639 0.14270616 0.07852650
v 0.66652656 -1.01999974 0.07852650
v -0.22274065 0.14271021 0.07852650
v 0.74063230 -1.01836491 0.07852650
v -0.14863515 0.14279771 0.07852650
v 0.81473780 -0.98062336 0.07852650
v -0.07452941 0.14240026 0.07852650
v 0.81760788 -0.97760201 0.07852650
v 0.85579157 -0.90349627 0.07852650
v -0.00042391 0.13398218 0.01637745
v 0.07368159 0.13398218 0.01633358
v 0.14778733 0.13398218 0.01626754
v -0.59326887 0.13398218 0.04271960
v 0.22189283 0.13398218 0.01521897
v 0.29599857 0.13398218 0.01508880
v -0.51916325 0.13398218 0.00995064
v -0.44505763 0.13398218 0.00813460
v 0.37010407 0.13398218 0.01399398
v 0.44420981 0.13398218 0.00864100
v -0.37095189 0.13398218 0.01264524
v -0.29684639 0.13398218 0.01441264
v 0.51831532 0.13398218 0.00784159
v -0.22274065 0.13398218 0.01541615
v 0.59242105 0.13398218 0.04093027
v -0.14863515 0.13398218 0.01545024
v -0.07452941 0.13398218 0.01491976
v 0.85588312 -0.53296828 0.15263224
v 0.84864950 -0.45886278 0.15263224
v 0.87816286 -0.82939076 0.15263224
v 0.84077787 -0.38475704 0.15263224
v 0.87851620 -0.75528502 0.15263224
v -0.81558561 -0.97915173 0.15263224
v 0.87043262 -0.68117952 0.15263224
v 0.83333683 -0.31065154 0.15263224
v -0.81705344 -0.97760201 0.15263224
v 0.86310077 -0.60707378 0.15263224
v 0.82172179 -0.23654580 0.15263224
v -0.74147999 -1.01862359 0.15263224
v -0.66737437 -1.02043116 0.15263224
v 0.81473780 -0.22017574 0.15263224
v 0.78289437 -0.16244030 0.15263224
v -0.85624647 -0.53296828 0.15263224
v -0.59326887 -1.01826799 0.15263224
v 0.74957323 -0.08833456 0.15263224
v -0.84890103 -0.45886278 0.15263224
v -0.85622239 -0.90349627 0.15263224
v 0.74063230 -0.06419802 0.15263224
v -0.84128857 -0.38475704 0.15263224
v 0.72440886 -0.01422906 0.15263224
v -0.87812698 -0.82939076 0.15263224
v -0.83374894 -0.31065154 0.15263224
v 0.70211053 0.05987668 0.15263224
v -0.87838769 -0.75528502 0.15263224
v -0.82207620 -0.23654580 0.15263224
v -0.87063706 -0.68117952 0.15263224
v -0.00042391 0.14979577 0.15263224
v -0.86351371 -0.60707378 0.15263224
v -0.51916325 -1.01729202 0.15263224
v -0.44505763 -1.01663148 0.15263224
v -0.37095189 -1.01635730 0.15263224
v -0.29684639 -1.01635957 0.15263224
v -0.22274065 -1.01650059 0.15263224
v -0.14863515 -1.01653361 0.15263224
v 0.07368159 0.14968634 0.15263224
v -0.07452941 -1.01651525 0.15263224
v 0.14778733 0.14977360 0.15263224
v -0.00042391 -1.01648378 0.15263224
v 0.22189283 0.14984989 0.15263224
v 0.29599857 0.14993548 0.15263224
v 0.07368159 -1.01649237 0.15263224
v -0.81558561 -0.22092915 0.15263224
v 0.14778733 -1.01650918 0.15263224
v 0.37010407 0.15029979 0.15263224
v 0.22189283 -1.01648545 0.15263224
v -0.78428471 -0.16244030 0.15263224
v 0.29599857 -1.01633441 0.15263224
v 0.44420981 0.15128064 0.15263224
v -0.75039327 -0.08833456 0.15263224
v 0.51831532 0.15139794 0.15263224
v 0.37010407 -1.01634538 0.15263224
v 0.59242105 0.14630532 0.15263224
v -0.74147999 -0.06471252 0.15263224
v 0.44420981 -1.01660895 0.15263224
v -0.72484326 -0.01422906 0.15263224
v 0.51831532 -1.01697004 0.15263224
v 0.66652656 0.12127471 0.15263224
v -0.70177889 0.05987668 0.15263224
v 0.59242105 -1.01765227 0.15263224
v 0.64135051 0.13398218 0.15263224
v 0.66652656 -1.01967001 0.15263224
v -0.66737437 0.11891937 0.15263224
v 0.74063230 -1.01769459 0.15263224
v -0.63883650 0.13398218 0.15263224
v 0.81473780 -0.98086572 0.15263224
v -0.59326887 0.14592028 0.15263224
v 0.81791878 -0.97760201 0.15263224
v 0.85629153 -0.90349627 0.15263224
v -0.51916325 0.15125585 0.15263224
v -0.44505763 0.15115523 0.15263224
v -0.37095189 0.15025902 0.15263224
v -0.29684639 0.14994454 0.15263224
v -0.22274065 0.14972544 0.15263224
v -0.14863515 0.14976430 0.15263224
v -0.07452941 0.14970708 0.15263224
v -0.81558561 -0.97911084 0.22673774
v 0.87802601 -0.82939076 0.22673774
v 0.81473780 -0.22096133 0.22673774
v 0.87790084 -0.75528502 0.22673774
v 0.78230238 -0.16244030 0.22673774
v -0.81697917 -0.97760201 0.22673774
v 0.86995912 -0.68117952 0.22673774
v 0.82155013 -0.23654580 0.22673774
v 0.74879670 -0.08833456 0.22673774
v 0.74063230 -0.06606197 0.22673774
v 0.72376466 -0.01422906 0.22673774
v -0.74147999 -1.01906252 0.22673774
v 0.70132184 0.05987668 0.22673774
v 0.86255527 -0.60707378 0.22673774
v -0.66737437 -1.02062118 0.22673774
v -0.00042391 0.15067387 0.22673774
v 0.07368159 0.15084505 0.22673774
v -0.59326887 -1.01798332 0.22673774
v 0.85519910 -0.53296828 0.22673774
v 0.14778733 0.15086079 0.22673774
v -0.85604513 -0.90349627 0.22673774
v 0.22189283 0.15094781 0.22673774
v -0.87797391 -0.82939076 0.22673774
v 0.29599857 0.15116072 0.22673774
v -0.85557604 -0.53296828 0.22673774
v -0.84857905 -0.45886278 0.22673774
v 0.37010407 0.15147448 0.22673774
v -0.87809765 -0.75528502 0.22673774
v -0.84134662 -0.38475704 0.22673774
v 0.44420981 0.15233922 0.22673774
v -0.87037289 -0.68117952 0.22673774
v -0.83359993 -0.31065154 0.22673774
v 0.51831532 0.15290785 0.22673774
v -0.82203603 -0.23654580 0.22673774
v 0.59242105 0.14738464 0.22673774
v -0.86305332 -0.60707378 0.22673774
v -0.81558561 -0.22154403 0.22673774
v 0.66652656 0.12142515 0.22673774
v -0.78299475 -0.16244030 0.22673774
v -0.51916325 -1.01705980 0.22673774
v 0.64328146 0.13398218 0.22673774
v -0.74911690 -0.08833456 0.22673774
v -0.44505763 -1.01647341 0.22673774
v -0.74147999 -0.06809330 0.22673774
v -0.37095189 -1.01618040 0.22673774
v -0.72371948 -0.01422906 0.22673774
v -0.29684639 -1.01602173 0.22673774
v -0.70132875 0.05987668 0.22673774
v -0.22274065 -1.01591575 0.22673774
v -0.66737437 0.11999989 0.22673774
v -0.14863515 -1.01584947 0.22673774
v -0.64225125 0.13398218 0.22673774
v -0.07452941 -1.01580584 0.22673774
v -0.59326887 0.14736843 0.22673774
v -0.00042391 -1.01578414 0.22673774
v -0.51916325 0.15260077 0.22673774
v -0.44505763 0.15237880 0.22673774
v 0.07368159 -1.01579845 0.22673774
v -0.37095189 0.15160799 0.22673774
v 0.14778733 -1.01583099 0.22673774
v -0.29684639 0.15107417 0.22673774
v 0.22189283 -1.01591551 0.22673774
v -0.22274065 0.15090895 0.22673774
v 0.29599857 -1.01600409 0.22673774
v -0.14863515 0.15081668 0.22673774
v 0.37010407 -1.01615477 0.22673774
v -0.07452941 0.15077114 0.22673774
v 0.44420981 -1.01642144 0.22673774
v 0.51831532 -1.01679540 0.22673774
v 0.84806561 -0.45886278 0.22673774
v 0.59242105 -1.01762486 0.22673774
v 0.84062886 -0.38475704 0.22673774
v 0.66652656 -1.01969028 0.22673774
v 0.83363795 -0.31065154 0.22673774
v 0.74063230 -1.01789510 0.22673774
v 0.81473780 -0.98176372 0.22673774
v 0.81881142 -0.97760201 0.22673774
v 0.85637617 -0.90349627 0.22673774
v -0.81558561 -0.97953582 0.30084348
v 0.87777305 -0.82939076 0.30084348
v -0.81736994 -0.97760201 0.30084348
v 0.81473780 -0.21970510 0.30084348
v 0.87696505 -0.75528502 0.30084348
v -0.74147999 -1.01975012 0.30084348
v 0.78231454 -0.16244030 0.30084348
v 0.86889482 -0.68117952 0.30084348
v -0.66737437 -1.02158892 0.30084348
v 0.82220030 -0.23654580 0.30084348
v 0.86129761 -0.60707378 0.30084348
v -0.59326887 -1.01857376 0.30084348
v 0.74884987 -0.08833456 0.30084348
v 0.85398102 -0.53296828 0.30084348
v -0.85678005 -0.90349627 0.30084348
v 0.74063230 -0.06494045 0.30084348
v 0.72523689 -0.01422906 0.30084348
v -0.87777460 -0.82939076 0.30084348
v 0.70479465 0.05987668 0.30084348
v -0.85459030 -0.53296828 0.30084348
v -0.87699890 -0.75528502 0.30084348
v -0.84761429 -0.45886278 0.30084348
v -0.00042391 0.14364100 0.30084348
v -0.86925340 -0.68117952 0.30084348
v 0.07368159 0.14374804 0.30084348
v -0.84082878 -0.38475704 0.30084348
v 0.14778733 0.14379263 0.30084348
v -0.86172521 -0.60707378 0.30084348
v -0.83358896 -0.31065154 0.30084348
v 0.22189283 0.14388037 0.30084348
v -0.82104063 -0.23654580 0.30084348
v -0.51916325 -1.01738203 0.30084348
v 0.29599857 0.14405513 0.30084348
v -0.81558561 -0.22424221 0.30084348
v -0.44505763 -1.01703799 0.30084348
v -0.78190958 -0.16244030 0.30084348
v 0.37010407 0.14431429 0.30084348
v -0.37095189 -1.01675379 0.30084348
v -0.74886942 -0.08833456 0.30084348
v 0.44420981 0.14525557 0.30084348
v -0.29684639 -1.01655006 0.30084348
v -0.74147999 -0.06782985 0.30084348
v 0.51831532 0.14592934 0.30084348
v -0.72446442 -0.01422906 0.30084348
v -0.22274065 -1.01641178 0.30084348
v -0.70228779 0.05987668 0.30084348
v -0.66737437 0.11576152 0.30084348
v -0.62522423 0.13398218 0.30084348
v -0.59326887 0.14093113 0.30084348
v -0.51916325 0.14572001 0.30084348
v -0.44505763 0.14545655 0.30084348
v -0.14863515 -1.01634026 0.30084348
v -0.37095189 0.14455271 0.30084348
v -0.07452941 -1.01629913 0.30084348
v -0.29684639 0.14402914 0.30084348
v 0.59242105 0.14074588 0.30084348
v -0.22274065 0.14396119 0.30084348
v -0.00042391 -1.01629114 0.30084348
v -0.14863515 0.14377570 0.30084348
v -0.07452941 0.14368653 0.30084348
v 0.66652656 0.11713266 0.30084348
v 0.07368159 -1.01630116 0.30084348
v 0.62424326 0.13398218 0.30084348
v 0.14778733 -1.01632380 0.30084348
v 0.84698892 -0.45886278 0.30084348
v 0.22189283 -1.01640022 0.30084348
v 0.84029841 -0.38475704 0.30084348
v 0.29599857 -1.01651549 0.30084348
v 0.83379745 -0.31065154 0.30084348
v 0.37010407 -1.01667798 0.30084348
v 0.44420981 -1.01690888 0.30084348
v 0.51831532 -1.01728368 0.30084348
v 0.59242105 -1.01827693 0.30084348
v 0.66652656 -1.02060819 0.30084348
v 0.74063230 -1.01912367 0.30084348
v 0.81473780 -0.98341751 0.30084348
v 0.82036781 -0.97760201 0.30084348
v 0.85695577 -0.90349627 0.30084348
v -0.81558561 -0.98061669 0.37494898
v 0.87753367 -0.82939076 0.37494898
v -0.81837964 -0.97760201 0.37494898
v 0.85260344 -0.53296828 0.37494898
v 0.87579966 -0.75528502 0.37494898
v 0.84603930 -0.45886278 0.37494898
v -0.74147999 -1.02014434 0.37494898
v 0.86758614 -0.68117952 0.37494898
v 0.84001112 -0.38475704 0.37494898
v -0.66737437 -1.02197838 0.37494898
v 0.86000824 -0.60707378 0.37494898
v -0.59326887 -1.01935804 0.37494898
v 0.83386445 -0.31065154 0.37494898
v 0.82252336 -0.23654580 0.37494898
v -0.85724306 -0.90349627 0.37494898
v -0.87763870 -0.82939076 0.37494898
v -0.85312986 -0.53296828 0.37494898
v 0.81473780 -0.21887517 0.37494898
v -0.84627032 -0.45886278 0.37494898
v 0.78233886 -0.16244030 0.37494898
v -0.84029257 -0.38475704 0.37494898
v -0.87590349 -0.75528502 0.37494898
v 0.74900413 -0.08833456 0.37494898
v -0.86789310 -0.68117952 0.37494898
v -0.83381975 -0.31065154 0.37494898
v -0.86037374 -0.60707378 0.37494898
v 0.74063230 -0.06458998 0.37494898
v -0.82177365 -0.23654580 0.37494898
v 0.72551060 -0.01422906 0.37494898
v -0.51916325 -1.01811767 0.37494898
v 0.70489430 0.05987668 0.37494898
v -0.81558561 -0.22255158 0.37494898
v -0.44505763 -1.01768911 0.37494898
v -0.78232265 -0.16244030 0.37494898
v -0.37095189 -1.01745450 0.37494898
v -0.00042391 0.13508654 0.37494898
v -0.74936461 -0.08833456 0.37494898
v 0.07368159 0.13518476 0.37494898
v -0.29684639 -1.01728022 0.37494898
v -0.74147999 -0.06682611 0.37494898
v 0.14778733 0.13528371 0.37494898
v -0.22274065 -1.01715910 0.37494898
v 0.22189283 0.13527751 0.37494898
v -0.72495353 -0.01422906 0.37494898
v -0.14863515 -1.01709521 0.37494898
v 0.29599857 0.13553667 0.37494898
v -0.70322847 0.05987668 0.37494898
v -0.07452941 -1.01706219 0.37494898
v 0.37010407 0.13591099 0.37494898
v -0.00042391 -1.01704431 0.37494898
v -0.66737437 0.11004281 0.37494898
v 0.44420981 0.13671494 0.37494898
v -0.59326887 0.13294530 0.37494898
v 0.59242105 0.13248324 0.37494898
v 0.07368159 -1.01706076 0.37494898
v 0.57691455 0.13398218 0.37494898
v -0.58179891 0.13398218 0.37494898
v 0.14778733 -1.01707995 0.37494898
v 0.51831532 0.13745165 0.37494898
v -0.51916325 0.13737512 0.37494898
v 0.22189283 -1.01714325 0.37494898
v -0.44505763 0.13651967 0.37494898
v 0.29599857 -1.01724124 0.37494898
v -0.37095189 0.13575721 0.37494898
v 0.66652656 0.11055803 0.37494898
v 0.37010407 -1.01737690 0.37494898
v -0.29684639 0.13544154 0.37494898
v 0.44420981 -1.01760936 0.37494898
v 0.51831532 -1.01798773 0.37494898
v -0.22274065 0.13537621 0.37494898
v 0.59242105 -1.01894569 0.37494898
v -0.14863515 0.13521314 0.37494898
v -0.07452941 0.13508058 0.37494898
v 0.66652656 -1.02138162 0.37494898
v 0.74063230 -1.02002871 0.37494898
v 0.81473780 -0.98336458 0.37494898
v 0.82027149 -0.97760201 0.37494898
v 0.85727286 -0.90349627 0.37494898
v 0.59242105 0.13398218 0.36060143
v -0.59326887 0.13398218 0.36492014
v 0.87755084 -0.82939076 0.44905472
v -0.81558561 -0.98199272 0.44905472
v 0.85139918 -0.53296828 0.44905472
v 0.87470055 -0.75528502 0.44905472
v -0.81955278 -0.97760201 0.44905472
v 0.84488964 -0.45886278 0.44905472
v 0.86598516 -0.68117952 0.44905472
v -0.74147999 -1.02077603 0.44905472
v 0.83943248 -0.38475704 0.44905472
v 0.85859084 -0.60707378 0.44905472
v 0.83368301 -0.31065154 0.44905472
v -0.66737437 -1.02215385 0.44905472
v 0.82275486 -0.23654580 0.44905472
v -0.85163152 -0.53296828 0.44905472
v -0.59326887 -1.01984692 0.44905472
v -0.84510589 -0.45886278 0.44905472
v -0.83985770 -0.38475704 0.44905472
v 0.81473780 -0.21826029 0.44905472
v -0.85734129 -0.90349627 0.44905472
v 0.78246498 -0.16244030 0.44905472
v -0.87757194 -0.82939076 0.44905472
v 0.74929857 -0.08833456 0.44905472
v -0.83384204 -0.31065154 0.44905472
v 0.74063230 -0.06377172 0.44905472
v -0.82237267 -0.23654580 0.44905472
v 0.72581291 -0.01422906 0.44905472
v 0.70278335 0.05987668 0.44905472
v -0.81558561 -0.22143579 0.44905472
v -0.87501740 -0.75528502 0.44905472
v -0.78210127 -0.16244030 0.44905472
v -0.86622643 -0.68117952 0.44905472
v -0.74938750 -0.08833456 0.44905472
v -0.00042391 0.12686419 0.44905472
v -0.85870290 -0.60707378 0.44905472
v 0.07368159 0.12684631 0.44905472
v -0.74147999 -0.06599665 0.44905472
v 0.14778733 0.12694240 0.44905472
v -0.51916325 -1.01880014 0.44905472
v -0.72600770 -0.01422906 0.44905472
v 0.22189283 0.12700677 0.44905472
v -0.44505763 -1.01837230 0.44905472
v -0.70332026 0.05987668 0.44905472
v 0.29599857 0.12717843 0.44905472
v -0.37095189 -1.01816618 0.44905472
v -0.29684639 -1.01799202 0.44905472
v 0.37010407 0.12749171 0.44905472
v -0.66737437 0.10373616 0.44905472
v 0.44420981 0.12821937 0.44905472
v -0.22274065 -1.01788568 0.44905472
v -0.59326887 0.12572408 0.44905472
v -0.14863515 -1.01782930 0.44905472
v 0.51831532 0.12905550 0.44905472
v -0.07452941 -1.01780498 0.44905472
v -0.51916325 0.12930775 0.44905472
v 0.59242105 0.12567735 0.44905472
v -0.44505763 0.12813926 0.44905472
v -0.00042391 -1.01778626 0.44905472
v -0.37095189 0.12748957 0.44905472
v 0.07368159 -1.01778114 0.44905472
v 0.14778733 -1.01781750 0.44905472
v 0.22189283 -1.01786566 0.44905472
v 0.29599857 -1.01795614 0.44905472
v 0.37010407 -1.01809430 0.44905472
v -0.29684639 0.12722421 0.44905472
v 0.44420981 -1.01832962 0.44905472
v -0.22274065 0.12701344 0.44905472
v 0.51831532 -1.01870513 0.44905472
v 0.59242105 -1.01968718 0.44905472
v -0.14863515 0.12693000 0.44905472
v -0.07452941 0.12689567 0.44905472
v 0.66652656 -1.02177918 0.44905472
v 0.74063230 -1.02032375 0.44905472
v 0.81473780 -0.98348796 0.44905472
v 0.82035875 -0.97760201 0.44905472
v 0.85785723 -0.90349627 0.44905472
v 0.66652656 0.10435772 0.44905472
v -0.00042391 0.13398218 0.38483763
v 0.07368159 0.13398218 0.38551950
v 0.14778733 0.13398218 0.38636827
v 0.22189283 0.13398218 0.38639832
v 0.29599857 0.13398218 0.38855553
v -0.51916325 0.13398218 0.40503836
v -0.44505763 0.13398218 0.39655876
v 0.37010407 0.13398218 0.39160919
v -0.37095189 0.13398218 0.39044428
v 0.44420981 0.13398218 0.39823294
v -0.29684639 0.13398218 0.38787055
v 0.51831532 0.13398218 0.40447187
v -0.22274065 0.13398218 0.38700891
v -0.14863515 0.13398218 0.38579345
v -0.07452941 0.13398218 0.38481688
v 0.87758279 -0.82939076 0.52316022
v 0.85019135 -0.53296828 0.52316022
v 0.87387943 -0.75528502 0.52316022
v -0.81558561 -0.98288572 0.52316022
v 0.84372425 -0.45886278 0.52316022
v 0.86432743 -0.68117952 0.52316022
v -0.82038343 -0.97760201 0.52316022
v 0.83865857 -0.38475704 0.52316022
v -0.74147999 -1.02099359 0.52316022
v 0.83282447 -0.31065154 0.52316022
v 0.85703564 -0.60707378 0.52316022
v 0.82172012 -0.23654580 0.52316022
v -0.66737437 -1.02254140 0.52316022
v -0.59326887 -1.02028275 0.52316022
v 0.81473780 -0.21991634 0.52316022
v -0.85018468 -0.53296828 0.52316022
v -0.85770154 -0.90349627 0.52316022
v -0.84412670 -0.45886278 0.52316022
v 0.78295970 -0.16244030 0.52316022
v -0.87754834 -0.82939076 0.52316022
v 0.75011086 -0.08833456 0.52316022
v -0.83888519 -0.38475704 0.52316022
v 0.74063230 -0.06248164 0.52316022
v -0.87438905 -0.75528502 0.52316022
v -0.83328784 -0.31065154 0.52316022
v 0.72610927 -0.01422906 0.52316022
v -0.86498570 -0.68117952 0.52316022
v -0.82199097 -0.23654580 0.52316022
v 0.70223832 0.05987668 0.52316022
v -0.85749829 -0.60707378 0.52316022
v -0.81558561 -0.22235608 0.52316022
v -0.78185248 -0.16244030 0.52316022
v -0.00042391 0.11819696 0.52316022
v -0.51916325 -1.01949513 0.52316022
v 0.07368159 0.11829162 0.52316022
v -0.74979210 -0.08833456 0.52316022
v -0.44505763 -1.01911497 0.52316022
v 0.14778733 0.11830997 0.52316022
v -0.74147999 -0.06377053 0.52316022
v -0.37095189 -1.01884711 0.52316022
v 0.22189283 0.11838102 0.52316022
v -0.29684639 -1.01869249 0.52316022
v 0.29599857 0.11857390 0.52316022
v -0.72731447 -0.01422906 0.52316022
v 0.37010407 0.11886501 0.52316022
v -0.22274065 -1.01860237 0.52316022
v -0.70348477 0.05987668 0.52316022
v 0.44420981 0.11938572 0.52316022
v -0.14863515 -1.01855421 0.52316022
v -0.07452941 -1.01851952 0.52316022
v 0.51831532 0.12049413 0.52316022
v -0.00042391 -1.01850355 0.52316022
v 0.59242105 0.11839128 0.52316022
v -0.66737437 0.09768558 0.52316022
v 0.07368159 -1.01851344 0.52316022
v 0.66652656 0.09893847 0.52316022
v -0.59326887 0.11798263 0.52316022
v 0.14778733 -1.01853132 0.52316022
v 0.22189283 -1.01858485 0.52316022
v -0.51916325 0.12063861 0.52316022
v 0.29599857 -1.01866972 0.52316022
v -0.44505763 0.11943388 0.52316022
v -0.37095189 0.11884689 0.52316022
v 0.37010407 -1.01880169 0.52316022
v -0.29684639 0.11854506 0.52316022
v 0.44420981 -1.01903319 0.52316022
v -0.22274065 0.11846828 0.52316022
v 0.51831532 -1.01938188 0.52316022
v -0.14863515 0.11830950 0.52316022
v 0.59242105 -1.02019930 0.52316022
v -0.07452941 0.11824965 0.52316022
v 0.66652656 -1.02221358 0.52316022
v 0.74063230 -1.02109134 0.52316022
v 0.81473780 -0.98405421 0.52316022
v 0.82069159 -0.97760201 0.52316022
v 0.85789299 -0.90349627 0.52316022
v 0.87712526 -0.82939076 0.59726596
v -0.81558561 -0.98263597 0.59726596
v 0.84863186 -0.53296828 0.59726596
v 0.87330461 -0.75528502 0.59726596
v 0.84261990 -0.45886278 0.59726596
v 0.83748960 -0.38475704 0.59726596
v 0.83239269 -0.31065154 0.59726596
v 0.82124591 -0.23654580 0.59726596
v 0.86305523 -0.68117952 0.59726596
v 0.81473780 -0.22092175 0.59726596
v 0.78308868 -0.16244030 0.59726596
v 0.85537577 -0.60707378 0.59726596
v 0.75052547 -0.08833456 0.59726596
v 0.74063230 -0.06046391 0.59726596
v 0.72749162 -0.01422906 0.59726596
v -0.84894609 -0.53296828 0.59726596
v 0.70282912 0.05987668 0.59726596
v -0.84257483 -0.45886278 0.59726596
v -0.83742774 -0.38475704 0.59726596
v -0.82021010 -0.97760201 0.59726596
v -0.00042391 0.10989642 0.59726596
v -0.83287203 -0.31065154 0.59726596
v 0.07368159 0.10984397 0.59726596
v -0.82183003 -0.23654580 0.59726596
v 0.14778733 0.10989285 0.59726596
v -0.74147999 -1.02137268 0.59726596
v -0.81558561 -0.22222328 0.59726596
v 0.22189283 0.10991788 0.59726596
v -0.66737437 -1.02322435 0.59726596
v -0.78270435 -0.16244030 0.59726596
v -0.59326887 -1.02110457 0.59726596
v 0.29599857 0.11006165 0.59726596
v -0.85747969 -0.90349627 0.59726596
v -0.75010681 -0.08833456 0.59726596
v 0.37010407 0.11026764 0.59726596
v -0.74147999 -0.06270289 0.59726596
v 0.44420981 0.11078525 0.59726596
v -0.87706447 -0.82939076 0.59726596
v -0.72817552 -0.01422906 0.59726596
v 0.51831532 0.11206675 0.59726596
v -0.70469975 0.05987668 0.59726596
v 0.59242105 0.11068058 0.59726596
v -0.87404299 -0.75528502 0.59726596
v -0.86411858 -0.68117952 0.59726596
v -0.66737437 0.09380293 0.59726596
v 0.66652656 0.09331751 0.59726596
v -0.85601616 -0.60707378 0.59726596
v -0.59326887 0.11076927 0.59726596
v -0.51916325 -1.02019238 0.59726596
v -0.51916325 0.11220098 0.59726596
v -0.44505763 -1.01976216 0.59726596
v -0.44505763 0.11085677 0.59726596
v -0.37095189 -1.01951349 0.59726596
v -0.37095189 0.11036634 0.59726596
v -0.29684639 -1.01938796 0.59726596
v -0.29684639 0.11010122 0.59726596
v -0.22274065 -1.01931727 0.59726596
v -0.22274065 0.10990644 0.59726596
v -0.14863515 -1.01926959 0.59726596
v -0.14863515 0.10988259 0.59726596
v -0.07452941 -1.01925373 0.59726596
v -0.07452941 0.10987020 0.59726596
v -0.00042391 -1.01922548 0.59726596
v 0.07368159 -1.01925385 0.59726596
v 0.14778733 -1.01924694 0.59726596
v 0.22189283 -1.01930392 0.59726596
v 0.29599857 -1.01935983 0.59726596
v 0.37010407 -1.01948833 0.59726596
v 0.44420981 -1.01969194 0.59726596
v 0.51831532 -1.02001882 0.59726596
v 0.59242105 -1.02076340 0.59726596
v 0.66652656 -1.02299428 0.59726596
v 0.74063230 -1.02188241 0.59726596
v 0.81473780 -0.98426747 0.59726596
v 0.82086635 -0.97760201 0.59726596
v 0.85764766 -0.90349627 0.59726596
v -0.81558561 -0.98183310 0.67137146
v 0.81473780 -0.21962547 0.67137146
v 0.87578201 -0.82939076 0.67137146
v -0.81943560 -0.97760201 0.67137146
v 0.78352618 -0.16244030 0.67137146
v 0.87226772 -0.75528502 0.67137146
v -0.74147999 -1.02136993 0.67137146
v 0.82170582 -0.23654580 0.67137146
v 0.86170125 -0.68117952 0.67137146
v -0.66737437 -1.02329743 0.67137146
v 0.85363245 -0.60707378 0.67137146
v 0.75089955 -0.08833456 0.67137146
v 0.84703541 -0.53296828 0.67137146
v 0.74063230 -0.05632901 0.67137146
v -0.59326887 -1.02145922 0.67137146
v 0.72979283 -0.01422906 0.67137146
v 0.70409846 0.05987668 0.67137146
v -0.85673749 -0.90349627 0.67137146
v -0.84730256 -0.53296828 0.67137146
v -0.87605989 -0.82939076 0.67137146
v -0.00042391 0.10121226 0.67137146
v -0.84136510 -0.45886278 0.67137146
v 0.07368159 0.10118341 0.67137146
v -0.83638632 -0.38475704 0.67137146
v 0.14778733 0.10130000 0.67137146
v -0.87276542 -0.75528502 0.67137146
v -0.83187580 -0.31065154 0.67137146
v 0.22189283 0.10130405 0.67137146
v -0.86225140 -0.68117952 0.67137146
v -0.82185543 -0.23654580 0.67137146
v 0.29599857 0.10149980 0.67137146
v -0.85412526 -0.60707378 0.67137146
v 0.37010407 0.10168052 0.67137146
v -0.51916325 -1.02081454 0.67137146
v 0.44420981 0.10213685 0.67137146
v -0.81558561 -0.22206473 0.67137146
v -0.44505763 -1.02036965 0.67137146
v 0.51831532 0.10352063 0.67137146
v -0.78280377 -0.16244030 0.67137146
v -0.37095189 -1.02017546 0.67137146
v -0.75035799 -0.08833456 0.67137146
v -0.29684639 -1.02008748 0.67137146
v -0.74147999 -0.06063247 0.67137146
v -0.72908401 -0.01422906 0.67137146
v -0.70264280 0.05987668 0.67137146
v -0.22274065 -1.02002084 0.67137146
v -0.66737437 0.08843780 0.67137146
v -0.14863515 -1.01998711 0.67137146
v -0.59326887 0.10296702 0.67137146
v -0.07452941 -1.01997149 0.67137146
v 0.59242105 0.10266232 0.67137146
v -0.00042391 -1.01995480 0.67137146
v -0.51916325 0.10333991 0.67137146
v 0.66652656 0.08796191 0.67137146
v -0.44505763 0.10214400 0.67137146
v 0.07368159 -1.01995122 0.67137146
v -0.37095189 0.10165906 0.67137146
v 0.14778733 -1.01997399 0.67137146
v -0.29684639 0.10150981 0.67137146
v 0.22189283 -1.02000713 0.67137146
v 0.29599857 -1.02006936 0.67137146
v -0.22274065 0.10129690 0.67137146
v -0.14863515 0.10122991 0.67137146
v 0.37010407 -1.02017438 0.67137146
v -0.07452941 0.10118389 0.67137146
v 0.44420981 -1.02031410 0.67137146
v 0.51831532 -1.02054226 0.67137146
v 0.84120750 -0.45886278 0.67137146
v 0.59242105 -1.02121842 0.67137146
v 0.83600736 -0.38475704 0.67137146
v 0.83140111 -0.31065154 0.67137146
v 0.66652656 -1.02336526 0.67137146
v 0.74063230 -1.02161980 0.67137146
v 0.81473780 -0.98282909 0.67137146
v 0.81951666 -0.97760201 0.67137146
v 0.85663795 -0.90349627 0.67137146
v 0.87287641 -0.82939076 0.74547720
v 0.81473780 -0.22180629 0.74547720
v 0.86972761 -0.75528502 0.74547720
v 0.78363657 -0.16244030 0.74547720
v 0.85961723 -0.68117952 0.74547720
v 0.82074142 -0.23654580 0.74547720
v 0.85148931 -0.60707378 0.74547720
v 0.75207496 -0.08833456 0.74547720
v 0.84525967 -0.53296828 0.74547720
v -0.81558561 -0.97789478 0.74547720
v 0.74063230 -0.05023074 0.74547720
v -0.81583881 -0.97760201 0.74547720
v 0.73174691 -0.01422906 0.74547720
v -0.84565067 -0.53296828 0.74547720
v -0.74147999 -1.01939678 0.74547720
v -0.84038508 -0.45886278 0.74547720
v 0.70191669 0.05987668 0.74547720
v -0.83507895 -0.38475704 0.74547720
v -0.66737437 -1.02314448 0.74547720
v -0.83108711 -0.31065154 0.74547720
v -0.59326887 -1.02176166 0.74547720
v -0.82121038 -0.23654580 0.74547720
v -0.00042391 0.09314609 0.74547720
v -0.85234511 -0.90349627 0.74547720
v 0.07368159 0.09315467 0.74547720
v -0.81558561 -0.22353816 0.74547720
v -0.87342656 -0.82939076 0.74547720
v 0.14778733 0.09326220 0.74547720
v -0.78287947 -0.16244030 0.74547720
v 0.22189283 0.09324789 0.74547720
v -0.87086523 -0.75528502 0.74547720
v -0.75150788 -0.08833456 0.74547720
v -0.86071169 -0.68117952 0.74547720
v 0.29599857 0.09336591 0.74547720
v -0.74147999 -0.05625629 0.74547720
v -0.85208082 -0.60707378 0.74547720
v 0.37010407 0.09359527 0.74547720
v -0.73023069 -0.01422906 0.74547720
v 0.44420981 0.09402680 0.74547720
v -0.69951296 0.05987668 0.74547720
v -0.51916325 -1.02121830 0.74547720
v 0.51831532 0.09542155 0.74547720
v -0.44505763 -1.02096093 0.74547720
v 0.59242105 0.09547591 0.74547720
v -0.66737437 0.08284831 0.74547720
v -0.37095189 -1.02083850 0.74547720
v -0.59326887 0.09526014 0.74547720
v -0.29684639 -1.02080107 0.74547720
v 0.66652656 0.08303523 0.74547720
v -0.51916325 0.09509921 0.74547720
v -0.22274065 -1.02075839 0.74547720
v -0.44505763 0.09408617 0.74547720
v -0.14863515 -1.02074301 0.74547720
v -0.37095189 0.09356928 0.74547720
v -0.07452941 -1.02071524 0.74547720
v -0.29684639 0.09343958 0.74547720
v -0.00042391 -1.02070630 0.74547720
v -0.22274065 0.09326553 0.74547720
v -0.14863515 0.09310293 0.74547720
v 0.07368159 -1.02070332 0.74547720
v -0.07452941 0.09311676 0.74547720
v 0.14778733 -1.02070975 0.74547720
v 0.22189283 -1.02072167 0.74547720
v 0.29599857 -1.02075708 0.74547720
v 0.83983970 -0.45886278 0.74547720
v 0.83472753 -0.38475704 0.74547720
v 0.37010407 -1.02082241 0.74547720
v 0.44420981 -1.02092087 0.74547720
v 0.83043504 -0.31065154 0.74547720
v 0.51831532 -1.02105260 0.74547720
v 0.59242105 -1.02129161 0.74547720
v 0.66652656 -1.02253008 0.74547720
v 0.74063230 -1.02010083 0.74547720
v 0.81473780 -0.98006320 0.74547720
v 0.81689334 -0.97760201 0.74547720
v 0.85321999 -0.90349627 0.74547720
v 0.29599857 -1.02140164 0.81958270
v -0.74147999 -1.00529194 0.81958270
v 0.37010407 -1.02139533 0.81958270
v 0.44420981 -1.02137446 0.81958270
v -0.68952394 0.05987668 0.81958270
v 0.51831532 -1.02140844 0.81958270
v -0.66737437 0.07347989 0.81958270
v 0.59242105 -1.02089262 0.81958270
v -0.59326887 0.08493447 0.81958270
v 0.66652656 -1.01564407 0.81958270
v -0.51916325 0.08433461 0.81958270
v 0.74063230 -1.00637805 0.81958270
v -0.44505763 0.08315754 0.81958270
v 0.80616903 -0.97760201 0.81958270
v -0.37095189 0.08277917 0.81958270
v 0.81473780 -0.97010553 0.81958270
v -0.29684639 0.08266497 0.81958270
v 0.84684825 -0.90349627 0.81958270
v -0.22274065 0.08251238 0.81958270
v 0.85996079 -0.82939076 0.81958270
v -0.14863515 0.08241487 0.81958270
v -0.07452941 0.08241582 0.81958270
v 0.86152172 -0.75528502 0.81958270
v -0.00042391 0.08244658 0.81958270
v 0.85354900 -0.68117952 0.81958270
v 0.84767914 -0.60707378 0.81958270
v 0.84299970 -0.53296828 0.81958270
v -0.79783344 -0.97760201 0.81958270
v 0.83824897 -0.45886278 0.81958270
v -0.66737437 -1.01731586 0.81958270
v -0.84330738 -0.53296828 0.81958270
v 0.83357596 -0.38475704 0.81958270
v -0.83849323 -0.45886278 0.81958270
v -0.59326887 -1.02131224 0.81958270
v 0.82972860 -0.31065154 0.81958270
v -0.83387911 -0.38475704 0.81958270
v -0.81558561 -0.95998240 0.81958270
v 0.82066107 -0.23654580 0.81958270
v -0.84303069 -0.90349627 0.81958270
v -0.82998073 -0.31065154 0.81958270
v -0.82113814 -0.23654580 0.81958270
v -0.86036134 -0.82939076 0.81958270
v 0.81473780 -0.22225976 0.81958270
v 0.78356647 -0.16244030 0.81958270
v -0.81558561 -0.22316813 0.81958270
v -0.86371899 -0.75528502 0.81958270
v 0.75339198 -0.08833456 0.81958270
v -0.78383541 -0.16244030 0.81958270
v -0.85570896 -0.68117952 0.81958270
v -0.75347900 -0.08833456 0.81958270
v 0.74063230 -0.04297018 0.81958270
v 0.73331976 -0.01422906 0.81958270
v -0.84870470 -0.60707378 0.81958270
v -0.74147999 -0.04549456 0.81958270
v 0.69092846 0.05987668 0.81958270
v -0.73340976 -0.01422906 0.81958270
v -0.51916325 -1.02143097 0.81958270
v 0.07368159 0.08244586 0.81958270
v -0.44505763 -1.02139807 0.81958270
v 0.14778733 0.08258390 0.81958270
v -0.37095189 -1.02137613 0.81958270
v 0.22189283 0.08253908 0.81958270
v -0.29684639 -1.02137887 0.81958270
v 0.29599857 0.08264852 0.81958270
v -0.22274065 -1.02137649 0.81958270
v 0.37010407 0.08285737 0.81958270
v -0.14863515 -1.02137816 0.81958270
v 0.44420981 0.08326626 0.81958270
v -0.07452941 -1.02135301 0.81958270
v 0.51831532 0.08447146 0.81958270
v -0.00042391 -1.02133083 0.81958270
v 0.59242105 0.08523369 0.81958270
v 0.66652656 0.07429862 0.81958270
v 0.07368159 -1.02137351 0.81958270
v 0.14778733 -1.02134252 0.81958270
v 0.22189283 -1.02136612 0.81958270
v -0.81558561 -0.97760201 0.74579239
v 0.81473780 -0.97760201 0.75409484
v 0.29599857 -1.02125478 0.89368844
v -0.64005625 0.05987668 0.89368844
v -0.59326887 0.06616879 0.89368844
v -0.81558561 -0.99665105 0.89368844
v -0.51916325 0.06570864 0.89368844
v 0.37010407 -1.02126944 0.89368844
v -0.44505763 0.06455326 0.89368844
v -0.84187710 -0.97760201 0.89368844
v -0.37095189 0.06433415 0.89368844
v 0.44420981 -1.02112615 0.89368844
v -0.74147999 -0.99604738 0.89368844
v -0.29684639 0.06427002 0.89368844
v 0.51831532 -1.02053857 0.89368844
v -0.66737437 -1.01525235 0.89368844
v 0.59242105 -1.01989377 0.89368844
v -0.59326887 -1.01992273 0.89368844
v -0.22274065 0.06406760 0.89368844
v -0.14863515 0.06408429 0.89368844
v -0.86606467 -0.90349627 0.89368844
v 0.66652656 -1.01468050 0.89368844
v -0.86048448 -0.82939076 0.89368844
v 0.74063230 -0.98684311 0.89368844
v -0.07452941 0.06397390 0.89368844
v -0.86450243 -0.75528502 0.89368844
v -0.00042391 0.06400061 0.89368844
v 0.81473780 -0.98892415 0.89368844
v -0.84677207 -0.68117952 0.89368844
v 0.83318639 -0.97760201 0.89368844
v -0.84008563 -0.60707378 0.89368844
v 0.83883595 -0.53296828 0.89368844
v 0.86353159 -0.90349627 0.89368844
v 0.83613157 -0.45886278 0.89368844
v -0.83945644 -0.53296828 0.89368844
v 0.86105323 -0.82939076 0.89368844
v 0.83234596 -0.38475704 0.89368844
v -0.51916325 -1.02041090 0.89368844
v 0.85912013 -0.75528502 0.89368844
v 0.82922626 -0.31065154 0.89368844
v -0.44505763 -1.02108848 0.89368844
v -0.37095189 -1.02120614 0.89368844
v 0.84174657 -0.68117952 0.89368844
v -0.29684639 -1.02123260 0.89368844
v 0.82140851 -0.23654580 0.89368844
v -0.22274065 -1.02125168 0.89368844
v 0.83936834 -0.60707378 0.89368844
v -0.14863515 -1.02126110 0.89368844
v 0.81473780 -0.22047663 0.89368844
v 0.78398252 -0.16244030 0.89368844
v -0.83664703 -0.45886278 0.89368844
v -0.07452941 -1.02123499 0.89368844
v -0.83268118 -0.38475704 0.89368844
v 0.75470042 -0.08833456 0.89368844
v -0.00042391 -1.02117980 0.89368844
v -0.82913291 -0.31065154 0.89368844
v 0.74063230 -0.03197455 0.89368844
v -0.82095706 -0.23654580 0.89368844
v 0.73572516 -0.01422906 0.89368844
v 0.66652656 0.05524707 0.89368844
v 0.07368159 -1.02126038 0.89368844
v 0.64641857 0.05987668 0.89368844
v -0.81558561 -0.22340941 0.89368844
v 0.14778733 -1.02125466 0.89368844
v -0.78431749 -0.16244030 0.89368844
v 0.22189283 -1.02123499 0.89368844
v -0.75537133 -0.08833456 0.89368844
v 0.07368159 0.06394744 0.89368844
v -0.74147999 -0.03300929 0.89368844
v 0.14778733 0.06396508 0.89368844
v -0.73623419 -0.01422906 0.89368844
v 0.22189283 0.06398129 0.89368844
v -0.66737437 0.05330515 0.89368844
v 0.29599857 0.06420827 0.89368844
v 0.37010407 0.06432843 0.89368844
v 0.44420981 0.06470418 0.89368844
v 0.51831532 0.06551552 0.89368844
v 0.59242105 0.06654859 0.89368844
v -0.81558561 -0.97760201 0.86894846
v -0.66737437 0.05987668 0.87229037
v 0.81473780 -0.97760201 0.86880541
v 0.66652656 0.05987668 0.87839818
v -0.82042265 -0.23654580 0.96779394
v -0.00042391 -1.02003074 0.96779394
v -0.81558561 -0.22437072 0.96779394
v -0.81558561 -1.10667253 0.96779394
v 0.07368159 -1.02015340 0.96779394
v -0.78493679 -0.16244030 0.96779394
v -0.88513684 -1.05170763 0.96779394
v -0.75735414 -0.08833456 0.96779394
v -0.74147999 -1.10344315 0.96779394
v 0.14778733 -1.02028596 0.96779394
v -0.74147999 -0.03283429 0.96779394
v -0.88724339 -0.97760201 0.96779394
v 0.22189283 -1.02026057 0.96779394
v -0.73347759 -0.01422906 0.96779394
v 0.29599857 -1.02026176 0.96779394
v -0.66737437 -1.06825721 0.96779394
v -0.66737437 0.03058338 0.96779394
v -0.65214348 -1.05170763 0.96779394
v 0.37010407 -1.02027476 0.96779394
v -0.59326887 0.04389048 0.96779394
v -0.59326887 -1.02176666 0.96779394
v 0.44420981 -1.01995254 0.96779394
v -0.87726557 -0.90349627 0.96779394
v -0.51916325 0.04414940 0.96779394
v 0.51831532 -1.01849627 0.96779394
v -0.86953783 -0.82939076 0.96779394
v -0.44505763 0.04313254 0.96779394
v 0.59242105 -1.02197194 0.96779394
v -0.37095189 0.04270148 0.96779394
v -0.88008535 -0.75528502 0.96779394
v 0.66652656 -1.07140601 0.96779394
v -0.85562336 -0.68117952 0.96779394
v 0.64832664 -1.05170763 0.96779394
v -0.29684639 0.04252887 0.96779394
v -0.82029629 -0.60707378 0.96779394
v 0.74063230 -1.10336637 0.96779394
v -0.22274065 0.04246998 0.96779394
v -0.83020484 -0.53296828 0.96779394
v -0.14863515 0.04246712 0.96779394
v 0.81473780 -1.10603869 0.96779394
v 0.88308549 -1.05170763 0.96779394
v -0.51916325 -1.01823676 0.96779394
v -0.07452941 0.04243088 0.96779394
v -0.44505763 -1.01988697 0.96779394
v 0.88429260 -0.97760201 0.96779394
v -0.00042391 0.04244876 0.96779394
v -0.37095189 -1.02017045 0.96779394
v 0.87625551 -0.90349627 0.96779394
v -0.29684639 -1.02019680 0.96779394
v 0.87327266 -0.82939076 0.96779394
v 0.07368159 0.04244447 0.96779394
v -0.22274065 -1.02023137 0.96779394
v 0.88567090 -0.75528502 0.96779394
v 0.14778733 0.04249239 0.96779394
v -0.14863515 -1.02025306 0.96779394
v 0.86755538 -0.68117952 0.96779394
v 0.22189283 0.04260921 0.96779394
v -0.07452941 -1.02015114 0.96779394
v 0.82305408 -0.60707378 0.96779394
v 0.29599857 0.04265404 0.96779394
v 0.82986689 -0.53296828 0.96779394
v 0.37010407 0.04264760 0.96779394
v 0.44420981 0.04288292 0.96779394
v -0.83377802 -0.45886278 0.96779394
v 0.51831532 0.04379034 0.96779394
v -0.83189166 -0.38475704 0.96779394
v 0.59242105 0.04471135 0.96779394
v -0.82906687 -0.31065154 0.96779394
v 0.83269095 -0.45886278 0.96779394
v 0.83120728 -0.38475704 0.96779394
v 0.82889819 -0.31065154 0.96779394
v 0.82075047 -0.23654580 0.96779394
v 0.81473780 -0.22191048 0.96779394
v 0.78378892 -0.16244030 0.96779394
v 0.75602746 -0.08833456 0.96779394
v 0.74063230 -0.03100038 0.96779394
v 0.73429465 -0.01422906 0.96779394
v 0.66652656 0.03491187 0.96779394
v -0.00042391 0.05987668 0.90781903
v -0.81558561 -1.05170763 0.92981672
v 0.07368159 0.05987668 0.90775824
v 0.14778733 0.05987668 0.90774679
v -0.59326887 0.05987668 0.91387296
v 0.22189283 0.05987668 0.90769291
v 0.29599857 0.05987668 0.90823770
v 0.37010407 0.05987668 0.90862751
v 0.44420981 0.05987668 0.90982890
v 0.51831532 0.05987668 0.91243958
v 0.59242105 0.05987668 0.91576481
v 0.66652656 -1.05170763 0.94762778
v -0.51916325 0.05987668 0.91341949
v -0.44505763 0.05987668 0.90977597
v 0.74063230 -1.05170763 0.93347740
v -0.37095189 0.05987668 0.90880203
v -0.29684639 0.05987668 0.90848804
v 0.81473780 -1.05170763 0.93155146
v -0.22274065 0.05987668 0.90792656
v -0.74147999 -1.05170763 0.93304825
v -0.14863515 0.05987668 0.90792871
v -0.07452941 0.05987668 0.90765643
v -0.66737437 -1.05170763 0.95021987
v -0.81558561 -1.16950667 1.04189968
v 0.66652656 -1.14421225 1.04189968
v -0.88535178 -1.12581325 1.04189968
v -0.82135606 -0.23654580 1.04189968
v 0.65518403 -1.12581325 1.04189968
v -0.81558561 -0.22159457 1.04189968
v 0.74063230 -1.17012441 1.04189968
v -0.74147999 -1.17166686 1.04189968
v -0.78624332 -0.16244030 1.04189968
v -0.76011872 -0.08833456 1.04189968
v 0.81473780 -1.16953945 1.04189968
v -0.66737437 -1.14636064 1.04189968
v -0.74147999 -0.04397273 1.04189968
v -0.65548515 -1.12581325 1.04189968
v 0.88824320 -1.12581325 1.04189968
v -0.71561217 -0.01422906 1.04189968
v -0.66737437 0.00913763 1.04189968
v -0.88492966 -1.05170763 1.04189968
v -0.00042391 -1.01865458 1.04189968
v -0.59326887 0.02224231 1.04189968
v -0.85925794 -0.97760201 1.04189968
v 0.07368159 -1.01880610 1.04189968
v -0.51916325 0.02260160 1.04189968
v -0.66101491 -1.05170763 1.04189968
v 0.14778733 -1.01906645 1.04189968
v -0.59326887 -1.01562226 1.04189968
v -0.44505763 0.02163386 1.04189968
v 0.22189283 -1.01911283 1.04189968
v -0.84525263 -0.90349627 1.04189968
v -0.37095189 0.02129436 1.04189968
v 0.29599857 -1.01908708 1.04189968
v -0.84076130 -0.82939076 1.04189968
v -0.29684639 0.02118969 1.04189968
v 0.37010407 -1.01910448 1.04189968
v -0.86117887 -0.75528502 1.04189968
v 0.44420981 -1.01871824 1.04189968
v -0.87389660 -0.68117952 1.04189968
v -0.22274065 0.02110648 1.04189968
v 0.51831532 -1.01674354 1.04189968
v -0.14863515 0.02111125 1.04189968
v -0.85675144 -0.60707378 1.04189968
v 0.59242105 -1.01582098 1.04189968
v -0.07452941 0.02110648 1.04189968
v -0.82291460 -0.53296828 1.04189968
v -0.00042391 0.02113271 1.04189968
v -0.51916325 -1.01647604 1.04189968
v 0.65776253 -1.05170763 1.04189968
v -0.44505763 -1.01858413 1.04189968
v 0.07368159 0.02113414 1.04189968
v 0.88581967 -1.05170763 1.04189968
v -0.37095189 -1.01896286 1.04189968
v 0.14778733 0.02110219 1.04189968
v -0.29684639 -1.01902711 1.04189968
v 0.85958171 -0.97760201 1.04189968
v 0.22189283 0.02111530 1.04189968
v 0.84591269 -0.90349627 1.04189968
v 0.29599857 0.02112436 1.04189968
v -0.22274065 -1.01909757 1.04189968
v 0.84343028 -0.82939076 1.04189968
v -0.14863515 -1.01902652 1.04189968
v 0.37010407 0.02124095 1.04189968
v 0.44420981 0.02157044 1.04189968
v -0.07452941 -1.01880860 1.04189968
v 0.86329722 -0.75528502 1.04189968
v 0.51831532 0.02243304 1.04189968
v 0.59242105 0.02307677 1.04189968
v 0.87779808 -0.68117952 1.04189968
v 0.82138157 -0.53296828 1.04189968
v 0.85853863 -0.60707378 1.04189968
v 0.82715917 -0.45886278 1.04189968
v 0.82986903 -0.38475704 1.04189968
v 0.82848120 -0.31065154 1.04189968
v -0.82924187 -0.45886278 1.04189968
v 0.82074618 -0.23654580 1.04189968
v -0.83126318 -0.38475704 1.04189968
v 0.81473780 -0.22118282 1.04189968
v -0.82912898 -0.31065154 1.04189968
v 0.78546667 -0.16244030 1.04189968
v 0.76017666 -0.08833456 1.04189968
v 0.74063230 -0.03779244 1.04189968
v 0.72353363 -0.01422906 1.04189968
v 0.66652656 0.01471043 1.04189968
v -0.81558561 -1.12581325 0.98563552
v 0.66652656 -1.12581325 1.01871538
v -0.74147999 -1.12581325 0.98668957
v 0.74063230 -1.12581325 0.98773885
v -0.66737437 -1.12581325 1.01763868
v 0.81473780 -1.12581325 0.98588872
v -0.82160783 -0.23654580 1.11600518
v -0.88969123 -1.14867771 1.11600518
v -0.81558561 -0.22111034 1.11600518
v 0.82649231 -0.38475704 1.11600518
v -0.78699195 -0.16244030 1.11600518
v 0.82761478 -0.31065154 1.11600518
v -0.76053309 -0.08833456 1.11600518
v 0.82051039 -0.23654580 1.11600518
v -0.89168143 -1.12581325 1.11600518
v -0.74147999 -0.05579853 1.11600518
v 0.81473780 -0.22146630 1.11600518
v -0.67473090 -0.01422906 1.11600518
v 0.78697491 -0.16244030 1.11600518
v -0.81558561 -1.20401525 1.11600518
v -0.66737437 -0.01170135 1.11600518
v -0.83284891 -1.19991875 1.11600518
v 0.76136351 -0.08833456 1.11600518
v 0.74063230 -1.20349669 1.11600518
v -0.59326887 0.00069237 1.11600518
v -0.74147999 -1.20468271 1.11600518
v 0.71177578 -1.19991875 1.11600518
v 0.74063230 -0.05061173 1.11600518
v 0.66652656 -1.17863262 1.11600518
v -0.51916325 0.00072932 1.11600518
v -0.70706081 -1.19991875 1.11600518
v 0.68974352 -0.01422906 1.11600518
v 0.65335512 -1.12581325 1.11600518
v -0.66737437 -1.18010271 1.11600518
v -0.44505763 -0.00012517 1.11600518
v -0.65510738 -1.12581325 1.11600518
v -0.37095189 -0.00026870 1.11600518
v 0.59242105 0.00132418 1.11600518
v 0.81473780 -1.20356059 1.11600518
v -0.88969123 -1.10693705 1.11600518
v 0.66652656 -0.00645113 1.11600518
v -0.29684639 -0.00036454 1.11600518
v 0.83128238 -1.19991875 1.11600518
v 0.88884354 -1.15230584 1.11600518
v -0.22274065 -0.00026894 1.11600518
v -0.86878967 -1.05170763 1.11600518
v -0.14863515 -0.00035930 1.11600518
v 0.89145231 -1.12581325 1.11600518
v -0.83310032 -0.97760201 1.11600518
v -0.07452941 -0.00033808 1.11600518
v -0.00042391 -0.00047660 1.11600518
v -0.66737437 -1.10693991 1.11600518
v -0.00042391 -1.01740646 1.11600518
v -0.70165122 -1.05170763 1.11600518
v 0.07368159 -1.01756108 1.11600518
v -0.66737437 -0.99169970 1.11600518
v 0.07368159 -0.00051975 1.11600518
v 0.14778733 -1.01784706 1.11600518
v 0.14778733 -0.00044155 1.11600518
v -0.59326887 -1.00921059 1.11600518
v 0.22189283 -1.01802576 1.11600518
v 0.22189283 -0.00043344 1.11600518
v -0.81558561 -0.90581572 1.11600518
v 0.29599857 -1.01803815 1.11600518
v 0.29599857 -0.00040412 1.11600518
v -0.81510079 -0.90349627 1.11600518
v 0.37010407 -1.01805270 1.11600518
v 0.37010407 -0.00022864 1.11600518
v 0.44420981 -1.01772308 1.11600518
v -0.81342602 -0.82939076 1.11600518
v 0.44420981 0.00007010 1.11600518
v 0.51831532 -1.01634753 1.11600518
v 0.51831532 0.00073075 1.11600518
v 0.59242105 -1.00989354 1.11600518
v -0.81558561 -0.82028675 1.11600518
v -0.83394444 -0.75528502 1.11600518
v 0.83366895 -0.53296828 1.11600518
v -0.85972595 -0.68117952 1.11600518
v 0.82130075 -0.45886278 1.11600518
v -0.88490272 -0.60707378 1.11600518
v 0.66652656 -1.09908760 1.11600518
v -0.83896244 -0.53296828 1.11600518
v 0.69527698 -1.05170763 1.11600518
v 0.66652656 -0.99504066 1.11600518
v -0.51916325 -1.01582110 1.11600518
v -0.44505763 -1.01742840 1.11600518
v 0.88884354 -1.10411513 1.11600518
v 0.86858249 -1.05170763 1.11600518
v -0.37095189 -1.01783884 1.11600518
v 0.83359885 -0.97760201 1.11600518
v -0.29684639 -1.01792550 1.11600518
v 0.81491089 -0.90349627 1.11600518
v -0.22274065 -1.01794457 1.11600518
v 0.81552291 -0.82939076 1.11600518
v -0.14863515 -1.01780987 1.11600518
v -0.07452941 -1.01755714 1.11600518
v 0.83354354 -0.75528502 1.11600518
v 0.85989618 -0.68117952 1.11600518
v 0.88500810 -0.60707378 1.11600518
v -0.82683349 -0.45886278 1.11600518
v -0.82915688 -0.38475704 1.11600518
v -0.82850516 -0.31065154 1.11600518
v -0.88969123 -1.12581325 1.06767011
v 0.74063230 -1.19991875 1.10676861
v -0.81558561 -1.19991875 1.10553312
v -0.74147999 -1.19991875 1.10370064
v 0.81473780 -1.19991875 1.10651326
v 0.88884354 -1.12581325 1.04636955
v -0.66737437 -1.05170763 1.05395031
v -0.81558561 -0.90349627 1.11286116
v -0.81558561 -0.82939076 1.10678387
v 0.66652656 -1.05170763 1.05883861
v -0.81942630 -0.23654580 1.19011068
v -0.81558561 -0.22591662 1.19011068
v 0.82060456 -0.38475704 1.19011068
v 0.66652656 -1.20179832 1.19011068
v -0.78815866 -0.16244030 1.19011068
v 0.82491779 -0.31065154 1.19011068
v -0.81558561 -1.21977699 1.19011068
v 0.66449189 -1.19991875 1.19011068
v 0.82056212 -0.23654580 1.19011068
v 0.81473780 -0.22096610 1.19011068
v -0.75615978 -0.08833456 1.19011068
v 0.78795862 -0.16244030 1.19011068
v 0.75836539 -0.08833456 1.19011068
v 0.59242105 -0.02034783 1.19011068
v 0.66652656 -0.02771258 1.19011068
v 0.74063230 -0.06515622 1.19011068
v -0.74147999 -0.07039595 1.19011068
v -0.87125409 -1.19991875 1.19011068
v -0.66737437 -0.03270364 1.19011068
v -0.74147999 -1.21949041 1.19011068
v -0.59326887 -0.02108049 1.19011068
v -0.88440478 -1.12581325 1.19011068
v -0.66737437 -1.20028234 1.19011068
v -0.51916325 -0.02095819 1.19011068
v -0.66701710 -1.19991875 1.19011068
v -0.44505763 -0.02162910 1.19011068
v 0.74063230 -1.21822190 1.19011068
v -0.66326988 -1.12581325 1.19011068
v 0.65608025 -1.12581325 1.19011068
v -0.37095189 -0.02192497 1.19011068
v 0.81473780 -1.21872306 1.19011068
v -0.84768891 -1.05170763 1.19011068
v -0.29684639 -0.02189565 1.19011068
v 0.86830068 -1.19991875 1.19011068
v -0.81672215 -0.97760201 1.19011068
v 0.88315797 -1.12581325 1.19011068
v -0.66737437 -1.12189448 1.19011068
v -0.22274065 -0.02194762 1.19011068
v -0.70835185 -1.05170763 1.19011068
v -0.14863515 -0.02193069 1.19011068
v -0.66737437 -0.98894393 1.19011068
v -0.00042391 -1.01561308 1.19011068
v -0.07452941 -0.02196884 1.19011068
v 0.07368159 -1.01578903 1.19011068
v -0.00042391 -0.02197814 1.19011068
v -0.59326887 -1.00754523 1.19011068
v 0.14778733 -1.01608360 1.19011068
v -0.84378505 -0.90349627 1.19011068
v 0.22189283 -1.01635122 1.19011068
v -0.82955730 -0.82939076 1.19011068
v 0.29599857 -1.01643193 1.19011068
v 0.07368159 -0.02198505 1.19011068
v 0.14778733 -0.02195048 1.19011068
v -0.82055449 -0.75528502 1.19011068
v 0.37010407 -1.01652551 1.19011068
v -0.85290098 -0.68117952 1.19011068
v 0.44420981 -1.01624310 1.19011068
v 0.22189283 -0.02193856 1.19011068
v 0.51831532 -1.01536894 1.19011068
v -0.88346732 -0.60707378 1.19011068
v 0.29599857 -0.02182436 1.19011068
v 0.59242105 -1.00986421 1.19011068
v -0.84781086 -0.53296828 1.19011068
v 0.37010407 -0.02187443 1.19011068
v 0.66652656 -1.11040282 1.19011068
v 0.44420981 -0.02167082 1.19011068
v 0.51831532 -0.02106380 1.19011068
v -0.51916325 -1.01499200 1.19011068
v -0.44505763 -1.01608479 1.19011068
v -0.37095189 -1.01624930 1.19011068
v -0.29684639 -1.01627910 1.19011068
v 0.81473780 -0.49784422 1.19011068
v -0.22274065 -1.01619554 1.19011068
v 0.80850148 -0.45886278 1.19011068
v -0.14863515 -1.01604736 1.19011068
v 0.84278417 -0.53296828 1.19011068
v -0.07452941 -1.01584697 1.19011068
v 0.81473780 -0.40877676 1.19011068
v 0.69473124 -1.05170763 1.19011068
v 0.66652656 -0.99240613 1.19011068
v 0.84843445 -1.05170763 1.19011068
v 0.81684017 -0.97760201 1.19011068
v 0.84083247 -0.90349627 1.19011068
v 0.83059263 -0.82939076 1.19011068
v 0.81966805 -0.75528502 1.19011068
v 0.85413027 -0.68117952 1.19011068
v 0.88566065 -0.60707378 1.19011068
v -0.82300150 -0.45886278 1.19011068
v -0.82368541 -0.38475704 1.19011068
v -0.82510042 -0.31065154 1.19011068
v 0.66652656 -1.19991875 1.17365098
v -0.88969123 -1.12581325 1.12998319
v -0.66737437 -0.01422906 1.12450814
v 0.88884354 -1.12581325 1.13448071
v -0.59326887 -0.01422906 1.16672826
v -0.66737437 -1.19991875 1.18618798
v 0.59242105 -0.01422906 1.16918445
v 0.66652656 -0.01422906 1.14272165
v -0.51916325 -0.01422906 1.16723013
v -0.44505763 -0.01422906 1.16499138
v -0.37095189 -0.01422906 1.16421843
v -0.81558561 -0.90349627 1.15015054
v -0.29684639 -0.01422906 1.16395307
v -0.81558561 -0.82939076 1.11851048
v -0.22274065 -0.01422906 1.16387796
v -0.14863515 -0.01422906 1.16381669
v -0.07452941 -0.01422906 1.16399002
v -0.00042391 -0.01422906 1.16397929
v 0.07368159 -0.01422906 1.16392422
v 0.14778733 -0.01422906 1.16385102
v 0.22189283 -0.01422906 1.16373324
v 0.29599857 -0.01422906 1.16412902
v 0.37010407 -0.01422906 1.16415358
v 0.44420981 -0.01422906 1.16488290
v 0.51831532 -0.01422906 1.16695786
v 0.81473780 -0.45886278 1.15339303
v -0.88969123 -1.16936517 1.26421642
v -0.81965840 -0.23654580 1.26421642
v -0.89028275 -1.12581325 1.26421642
v 0.81473780 -0.22059059 1.26421642
v -0.81558561 -0.22406054 1.26421642
v 0.78989577 -0.16244030 1.26421642
v -0.81558561 -1.21775937 1.26421642
v -0.86914349 -1.19991875 1.26421642
v 0.74063230 -1.21614707 1.26421642
v -0.74147999 -1.21735132 1.26421642
v -0.79000306 -0.16244030 1.26421642
v -0.66737437 -1.20003366 1.26421642
v 0.66959739 -1.19991875 1.26421642
v -0.74147999 -0.08863735 1.26421642
v 0.82011867 -0.23654580 1.26421642
v -0.74107862 -0.08833456 1.26421642
v -0.66725504 -1.19991875 1.26421642
v 0.66652656 -1.19624281 1.26421642
v -0.66737437 -0.05425930 1.26421642
v -0.66136825 -1.12581325 1.26421642
v 0.65639472 -1.12581325 1.26421642
v 0.74703455 -0.08833456 1.26421642
v -0.59326887 -0.04268432 1.26421642
v 0.81473780 -1.21747899 1.26421642
v 0.59242105 -0.04188561 1.26421642
v -0.88969123 -1.12377453 1.26421642
v 0.66652656 -0.04900932 1.26421642
v -0.51916325 -0.04265690 1.26421642
v 0.86776757 -1.19991875 1.26421642
v -0.44505763 -0.04333401 1.26421642
v 0.88810444 -1.12581325 1.26421642
v -0.85582173 -1.05170763 1.26421642
v -0.37095189 -0.04354334 1.26421642
v 0.74063230 -0.08196497 1.26421642
v -0.81571805 -0.97760201 1.26421642
v -0.29684639 -0.04358697 1.26421642
v -0.00042391 -1.01097202 1.26421642
v -0.66737437 -1.11925840 1.26421642
v 0.07368159 -1.01135981 1.26421642
v -0.70736337 -1.05170763 1.26421642
v -0.22274065 -0.04366469 1.26421642
v 0.14778733 -1.01180077 1.26421642
v -0.14863515 -0.04366803 1.26421642
v -0.66737437 -0.98634732 1.26421642
v 0.22189283 -1.01206923 1.26421642
v -0.59326887 -1.00377977 1.26421642
v -0.07452941 -0.04366589 1.26421642
v 0.29599857 -1.01225460 1.26421642
v -0.00042391 -0.04357147 1.26421642
v -0.83476150 -0.90349627 1.26421642
v 0.37010407 -1.01264954 1.26421642
v -0.82130408 -0.82939076 1.26421642
v 0.44420981 -1.01268542 1.26421642
v 0.07368159 -0.04371977 1.26421642
v 0.51831532 -1.01209712 1.26421642
v -0.82040370 -0.75528502 1.26421642
v 0.14778733 -0.04367781 1.26421642
v 0.59242105 -1.00626898 1.26421642
v -0.84920573 -0.68117952 1.26421642
v 0.22189283 -0.04368424 1.26421642
v -0.87990797 -0.60707378 1.26421642
v 0.29599857 -0.04360318 1.26421642
v 0.66652656 -1.10879886 1.26421642
v -0.83576679 -0.53296828 1.26421642
v 0.37010407 -0.04352355 1.26421642
v 0.69561410 -1.05170763 1.26421642
v 0.44420981 -0.04327631 1.26421642
v -0.51916325 -1.01145542 1.26421642
v 0.66652656 -0.98933017 1.26421642
v 0.51831532 -0.04264641 1.26421642
v 0.85458589 -1.05170763 1.26421642
v -0.44505763 -1.01250827 1.26421642
v 0.81535888 -0.97760201 1.26421642
v 0.84595394 -0.53296828 1.26421642
v -0.37095189 -1.01246500 1.26421642
v 0.81500506 -0.45886278 1.26421642
v 0.83118796 -0.90349627 1.26421642
v -0.29684639 -1.01214039 1.26421642
v 0.81905770 -0.38475704 1.26421642
v 0.81950998 -0.82939076 1.26421642
v -0.22274065 -1.01196647 1.26421642
v 0.82307529 -0.31065154 1.26421642
v 0.82191420 -0.75528502 1.26421642
v -0.14863515 -1.01181686 1.26421642
v 0.84993315 -0.68117952 1.26421642
v -0.07452941 -1.01143432 1.26421642
v 0.88272524 -0.60707378 1.26421642
v -0.81558561 -0.48503566 1.26421642
v -0.81432414 -0.45886278 1.26421642
v -0.81558561 -0.42495799 1.26421642
v -0.82003438 -0.38475704 1.26421642
v -0.82287312 -0.31065154 1.26421642
v -0.88969123 -1.12581325 1.26118994
v 0.66652656 -1.19991875 1.25707865
v -0.74147999 -0.08833456 1.26323318
v 0.81473780 -0.45886278 1.26340222
v -0.81558561 -0.45886278 1.25244880
v -0.88969123 -1.15446687 1.33832192
v 0.66652656 -1.17694736 1.33832192
v -0.89427364 -1.12581325 1.33832192
v -0.82143760 -0.23654580 1.33832192
v 0.74063230 -0.10141015 1.33832192
v 0.64996147 -1.12581325 1.33832192
v -0.81558561 -0.21870518 1.33832192
v 0.71818304 -0.08833456 1.33832192
v -0.81558561 -1.19939446 1.33832192
v 0.74063230 -1.19881630 1.33832192
v -0.78865600 -0.16244030 1.33832192
v -0.74147999 -1.19825530 1.33832192
v 0.81473780 -0.22002840 1.33832192
v -0.74147999 -0.11021972 1.33832192
v 0.81473780 -1.19912100 1.33832192
v 0.78926826 -0.16244030 1.33832192
v -0.66737437 -1.17587316 1.33832192
v 0.88884354 -1.15287244 1.33832192
v -0.70161331 -0.08833456 1.33832192
v 0.82007527 -0.23654580 1.33832192
v -0.65110540 -1.12581325 1.33832192
v -0.66737437 -0.07487321 1.33832192
v 0.89278531 -1.12581325 1.33832192
v 0.59242105 -0.06322932 1.33832192
v -0.59326887 -0.06352544 1.33832192
v 0.66652656 -0.06998968 1.33832192
v -0.00042391 -1.00359511 1.33832192
v 0.07368159 -1.00445867 1.33832192
v 0.14778733 -1.00545824 1.33832192
v 0.22189283 -1.00578403 1.33832192
v 0.29599857 -1.00602674 1.33832192
v 0.37010407 -1.00663912 1.33832192
v 0.44420981 -1.00729692 1.33832192
v 0.51831532 -1.00656199 1.33832192
v 0.59242105 -1.00109708 1.33832192
v 0.66652656 -1.06439412 1.33832192
v -0.51916325 -0.06381750 1.33832192
v 0.68982959 -1.05170763 1.33832192
v -0.44505763 -0.06438017 1.33832192
v 0.66652656 -0.98774838 1.33832192
v -0.37095189 -0.06457877 1.33832192
v 0.88884354 -1.09781539 1.33832192
v -0.29684639 -0.06467605 1.33832192
v 0.86752725 -1.05170763 1.33832192
v 0.84468079 -0.97760201 1.33832192
v -0.22274065 -0.06479263 1.33832192
v 0.82678318 -0.90349627 1.33832192
v -0.14863515 -0.06476331 1.33832192
v 0.82264209 -0.82939076 1.33832192
v -0.07452941 -0.06472254 1.33832192
v -0.00042391 -0.06472945 1.33832192
v 0.84119844 -0.75528502 1.33832192
v 0.86745024 -0.68117952 1.33832192
v 0.07368159 -0.06471777 1.33832192
v 0.88163805 -0.60707378 1.33832192
v 0.14778733 -0.06477952 1.33832192
v 0.82717562 -0.53296828 1.33832192
v 0.22189283 -0.06471896 1.33832192
v 0.29599857 -0.06471300 1.33832192
v -0.82633591 -0.53296828 1.33832192
v 0.37010407 -0.06468129 1.33832192
v -0.81667328 -0.45886278 1.33832192
v 0.44420981 -0.06451392 1.33832192
v -0.82060301 -0.38475704 1.33832192
v 0.51831532 -0.06390357 1.33832192
v -0.82398283 -0.31065154 1.33832192
v 0.82037401 -0.45886278 1.33832192
v 0.82109165 -0.38475704 1.33832192
v 0.82334757 -0.31065154 1.33832192
v -0.88969123 -1.09508705 1.33832192
v -0.86831176 -1.05170763 1.33832192
v -0.84092748 -0.97760201 1.33832192
v -0.66737437 -1.06818569 1.33832192
v -0.69319522 -1.05170763 1.33832192
v -0.66737437 -0.98573709 1.33832192
v -0.59326887 -0.99912024 1.33832192
v -0.82350791 -0.90349627 1.33832192
v -0.82030010 -0.82939076 1.33832192
v -0.84069049 -0.75528502 1.33832192
v -0.87078297 -0.68117952 1.33832192
v -0.88292432 -0.60707378 1.33832192
v -0.51916325 -1.00575078 1.33832192
v -0.44505763 -1.00703931 1.33832192
v -0.37095189 -1.00659144 1.33832192
v -0.29684639 -1.00592208 1.33832192
v -0.22274065 -1.00576997 1.33832192
v -0.14863515 -1.00545168 1.33832192
v -0.07452941 -1.00448430 1.33832192
v -0.81558561 -1.19991875 1.33675575
v 0.74063230 -1.19991875 1.33481288
v 0.74063230 -0.08833456 1.29035878
v -0.74147999 -1.19991875 1.33313203
v 0.81473780 -1.19991875 1.33602762
v -0.66737437 -1.19991875 1.26493382
v 0.88884354 -1.12581325 1.26764965
v -0.81558561 -0.45886278 1.27100372
v -0.82152736 -0.38475704 1.41242766
v -0.81558561 -1.15929127 1.41242766
v -0.82558489 -0.31065154 1.41242766
v -0.87939966 -1.12581325 1.41242766
v 0.81473780 -0.21946168 1.41242766
v 0.66652656 -1.13807678 1.41242766
v -0.82305586 -0.23654580 1.41242766
v 0.65799832 -1.12581325 1.41242766
v 0.78338838 -0.16244030 1.41242766
v 0.74063230 -1.16028619 1.41242766
v -0.81558561 -0.21641374 1.41242766
v -0.78192282 -0.16244030 1.41242766
v 0.82063556 -0.23654580 1.41242766
v -0.74147999 -0.12885213 1.41242766
v 0.81473780 -1.15888798 1.41242766
v 0.74063230 -0.12196851 1.41242766
v -0.66737437 -0.09605479 1.41242766
v 0.87949157 -1.12581325 1.41242766
v -0.62737036 -0.08833456 1.41242766
v 0.64116168 -0.08833456 1.41242766
v -0.00042391 -0.99593496 1.41242766
v -0.59326887 -0.08467245 1.41242766
v 0.59242105 -0.08475947 1.41242766
v 0.07368159 -0.99701655 1.41242766
v -0.51916325 -0.08546734 1.41242766
v 0.14778733 -0.99856675 1.41242766
v -0.74147999 -1.16051674 1.41242766
v -0.44505763 -0.08598065 1.41242766
v 0.22189283 -0.99933088 1.41242766
v -0.66737437 -1.13766730 1.41242766
v -0.37095189 -0.08621001 1.41242766
v 0.29599857 -0.99966323 1.41242766
v -0.29684639 -0.08630300 1.41242766
v -0.65904808 -1.12581325 1.41242766
v 0.37010407 -1.00042331 1.41242766
v -0.22274065 -0.08630252 1.41242766
v 0.44420981 -1.00138557 1.41242766
v -0.88961124 -1.05170763 1.41242766
v 0.51831532 -1.00058353 1.41242766
v -0.14863515 -0.08619905 1.41242766
v -0.87265897 -0.97760201 1.41242766
v -0.65811872 -1.05170763 1.41242766
v 0.59242105 -1.00146890 1.41242766
v 0.65620041 -1.05170763 1.41242766
v 0.88884354 -1.10014546 1.41242766
v -0.59326887 -1.00111461 1.41242766
v 0.88884354 -1.03154063 1.41242766
v 0.87534690 -0.97760201 1.41242766
v -0.85169792 -0.90349627 1.41242766
v -0.85668826 -0.82939076 1.41242766
v 0.85561252 -0.90349627 1.41242766
v 0.85835195 -0.82939076 1.41242766
v -0.86661935 -0.75528502 1.41242766
v 0.89175773 -1.05170763 1.41242766
v -0.88694143 -0.68117952 1.41242766
v -0.84467149 -0.60707378 1.41242766
v 0.86460018 -0.75528502 1.41242766
v -0.74147999 -0.61633348 1.41242766
v 0.88417435 -0.68117952 1.41242766
v -0.76057243 -0.60707378 1.41242766
v 0.84132314 -0.60707378 1.41242766
v -0.81558561 -0.55174851 1.41242766
v 0.81869626 -0.53296828 1.41242766
v -0.74147999 -0.58531022 1.41242766
v -0.81403089 -0.53296828 1.41242766
v -0.07452941 -0.08611131 1.41242766
v -0.72369862 -0.60707378 1.41242766
v -0.81558561 -0.47433400 1.41242766
v -0.00042391 -0.08626580 1.41242766
v -0.81860626 -0.45886278 1.41242766
v -0.51916325 -1.00024831 1.41242766
v -0.44505763 -1.00116169 1.41242766
v 0.07368159 -0.08619523 1.41242766
v 0.14778733 -0.08614039 1.41242766
v -0.37095189 -1.00038183 1.41242766
v -0.29684639 -0.99963868 1.41242766
v 0.22189283 -0.08598399 1.41242766
v 0.29599857 -0.08618379 1.41242766
v -0.22274065 -0.99934280 1.41242766
v -0.14863515 -0.99854589 1.41242766
v 0.37010407 -0.08607960 1.41242766
v 0.44420981 -0.08603954 1.41242766
v -0.07452941 -0.99704504 1.41242766
v 0.51831532 -0.08561230 1.41242766
v 0.82089067 -0.45886278 1.41242766
v 0.82185888 -0.38475704 1.41242766
v 0.82421160 -0.31065154 1.41242766
v 0.66652656 -0.09185457 1.41242766
v -0.88969123 -1.12581325 1.38137722
v 0.66652656 -0.08833456 1.40063453
v 0.88884354 -1.12581325 1.38167739
v -0.66737437 -0.08833456 1.38426948
v -0.66737437 -1.05170763 1.38432455
v 0.66652656 -1.05170763 1.38010764
v -0.74147999 -0.60707378 1.40209508
v 0.88884354 -1.05170763 1.40067673
v -0.81558561 -0.53296828 1.40413046
v -0.82183301 -0.38475704 1.48653316
v -0.00042391 -0.98866057 1.48653316
v -0.82617557 -0.31065154 1.48653316
v -0.81558561 -1.08831823 1.48653316
v 0.07368159 -0.98978531 1.48653316
v -0.82268667 -0.23654580 1.48653316
v -0.87157094 -1.05170763 1.48653316
v 0.81473780 -0.22010207 1.48653316
v 0.14778733 -0.99152064 1.48653316
v -0.74147999 -1.08694613 1.48653316
v -0.81558561 -0.22061634 1.48653316
v 0.22189283 -0.99290287 1.48653316
v -0.88907397 -0.97760201 1.48653316
v 0.29599857 -0.99362576 1.48653316
v -0.76439357 -0.16244030 1.48653316
v 0.76961184 -0.16244030 1.48653316
v -0.66949046 -1.05170763 1.48653316
v -0.74147999 -0.14716482 1.48653316
v 0.37010407 -0.99448824 1.48653316
v -0.66737437 -1.04991472 1.48653316
v -0.66737437 -0.11617470 1.48653316
v 0.82133293 -0.23654580 1.48653316
v -0.59326887 -1.00096953 1.48653316
v 0.44420981 -0.99550545 1.48653316
v -0.59326887 -0.10607171 1.48653316
v -0.88304329 -0.90349627 1.48653316
v 0.51831532 -0.99551022 1.48653316
v 0.74063230 -0.14172888 1.48653316
v -0.51916325 -0.10674024 1.48653316
v -0.88600492 -0.82939076 1.48653316
v -0.44505763 -0.10729861 1.48653316
v 0.59242105 -1.00052631 1.48653316
v -0.37095189 -0.10749078 1.48653316
v -0.88762677 -0.75528502 1.48653316
v -0.29684639 -0.10747886 1.48653316
v -0.85819757 -0.68117952 1.48653316
v 0.74063230 -1.08754456 1.48653316
v -0.22274065 -0.10738373 1.48653316
v 0.66936803 -1.05170763 1.48653316
v -0.14863515 -0.10743141 1.48653316
v 0.66652656 -1.04931772 1.48653316
v -0.81558561 -0.62755585 1.48653316
v -0.07452941 -0.10746717 1.48653316
v -0.79974532 -0.60707378 1.48653316
v 0.81473780 -1.08967602 1.48653316
v -0.80966341 -0.53296828 1.48653316
v -0.00042391 -0.10747313 1.48653316
v 0.87607718 -1.05170763 1.48653316
v 0.88884354 -1.01393998 1.48653316
v -0.51916325 -0.99554408 1.48653316
v 0.07368159 -0.10738730 1.48653316
v -0.44505763 -0.99548781 1.48653316
v 0.14778733 -0.10739899 1.48653316
v 0.88884354 -0.91905713 1.48653316
v -0.37095189 -0.99441445 1.48653316
v 0.22189283 -0.10739732 1.48653316
v 0.88277316 -0.90349627 1.48653316
v 0.29599857 -0.10738873 1.48653316
v -0.29684639 -0.99357426 1.48653316
v 0.88546443 -0.82939076 1.48653316
v 0.37010407 -0.10731530 1.48653316
v -0.22274065 -0.99294031 1.48653316
v 0.44420981 -0.10718536 1.48653316
v 0.89169884 -0.97760201 1.48653316
v -0.14863515 -0.99138176 1.48653316
v 0.51831532 -0.10673952 1.48653316
v -0.07452941 -0.98969221 1.48653316
v 0.59242105 -0.10599256 1.48653316
v 0.88734031 -0.75528502 1.48653316
v 0.81282711 -0.53296828 1.48653316
v 0.85901546 -0.68117952 1.48653316
v 0.81473780 -0.50651884 1.48653316
v 0.81473780 -0.62694693 1.48653316
v 0.81792188 -0.45886278 1.48653316
v 0.79691768 -0.60707378 1.48653316
v 0.82150340 -0.38475704 1.48653316
v 0.82481790 -0.31065154 1.48653316
v -0.81558561 -0.46970749 1.48653316
v 0.66652656 -0.11312008 1.48653316
v -0.81667781 -0.45886278 1.48653316
v -0.81558561 -1.12581325 1.45365429
v 0.66652656 -1.12581325 1.42675591
v 0.59242105 -0.08833456 1.42432046
v -0.74147999 -1.12581325 1.45313621
v -0.59326887 -0.08833456 1.42448378
v 0.74063230 -1.12581325 1.45327330
v -0.66737437 -1.12581325 1.42596531
v 0.81473780 -1.12581325 1.45356750
v -0.51916325 -0.08833456 1.42176199
v -0.44505763 -0.08833456 1.42015696
v -0.66737437 -1.05170763 1.48286891
v -0.37095189 -0.08833456 1.41955280
v -0.29684639 -0.08833456 1.41926813
v -0.81558561 -0.60707378 1.44836211
v 0.66652656 -1.05170763 1.48208380
v -0.74147999 -0.60707378 1.44526291
v -0.22274065 -0.08833456 1.41923761
v -0.14863515 -0.08833456 1.41952395
v 0.88884354 -1.05170763 1.46373844
v -0.07452941 -0.08833456 1.41982937
v -0.00042391 -0.08833456 1.41943097
v 0.88884354 -0.97760201 1.43735433
v 0.07368159 -0.08833456 1.41965771
v 0.14778733 -0.08833456 1.41977310
v 0.81473780 -0.60707378 1.44780946
v 0.22189283 -0.08833456 1.42027450
v 0.29599857 -0.08833456 1.41970682
v 0.81473780 -0.53296828 1.46349502
v 0.37010407 -0.08833456 1.41996527
v 0.44420981 -0.08833456 1.41998124
v 0.51831532 -0.08833456 1.42146063
v 0.29599857 -0.98735297 1.56063890
v -0.66737437 -0.98108244 1.56063890
v 0.37010407 -0.98846745 1.56063890
v -0.68047392 -0.97760201 1.56063890
v 0.44420981 -0.98967028 1.56063890
v -0.59326887 -0.99186754 1.56063890
v -0.59326887 -0.12755656 1.56063890
v 0.74063230 -0.16270995 1.56063890
v 0.51831532 -0.99061644 1.56063890
v -0.74147999 -0.95016050 1.56063890
v 0.81473780 -0.23381424 1.56063890
v 0.59242105 -0.99195647 1.56063890
v -0.51916325 -0.12805152 1.56063890
v -0.79452527 -0.90349627 1.56063890
v 0.81610489 -0.23654580 1.56063890
v -0.80513871 -0.82939076 1.56063890
v 0.66652656 -0.98315489 1.56063890
v -0.44505763 -0.12865281 1.56063890
v 0.68677115 -0.97760201 1.56063890
v -0.37095189 -0.12883782 1.56063890
v 0.74063230 -0.94824135 1.56063890
v -0.29684639 -0.12880707 1.56063890
v -0.78171182 -0.75528502 1.56063890
v 0.79467082 -0.90349627 1.56063890
v -0.79265213 -0.68117952 1.56063890
v -0.22274065 -0.12885642 1.56063890
v 0.80076790 -0.82939076 1.56063890
v -0.14863515 -0.12879038 1.56063890
v -0.80822480 -0.60707378 1.56063890
v 0.75853467 -0.75528502 1.56063890
v -0.07452941 -0.12880206 1.56063890
v 0.80091023 -0.68117952 1.56063890
v -0.00042391 -0.12867308 1.56063890
v -0.80295956 -0.53296828 1.56063890
v 0.81151867 -0.60707378 1.56063890
v 0.80500984 -0.53296828 1.56063890
v -0.51916325 -0.99093211 1.56063890
v 0.07368159 -0.12870789 1.56063890
v -0.44505763 -0.98977292 1.56063890
v 0.14778733 -0.12865138 1.56063890
v -0.80292094 -0.45886278 1.56063890
v 0.22189283 -0.12870812 1.56063890
v -0.37095189 -0.98855472 1.56063890
v -0.81419730 -0.38475704 1.56063890
v 0.29599857 -0.12864280 1.56063890
v -0.29684639 -0.98731017 1.56063890
v -0.81558561 -0.37896848 1.56063890
v 0.37010407 -0.12869740 1.56063890
v -0.82407367 -0.31065154 1.56063890
v -0.22274065 -0.98600864 1.56063890
v 0.44420981 -0.12862897 1.56063890
v -0.81693566 -0.23654580 1.56063890
v 0.51831532 -0.12798715 1.56063890
v -0.14863515 -0.98433781 1.56063890
v 0.59242105 -0.12705851 1.56063890
v -0.81558561 -0.23419142 1.56063890
v -0.07452941 -0.98262310 1.56063890
v -0.74147999 -0.16760612 1.56063890
v -0.00042391 -0.98145664 1.56063890
v 0.80388427 -0.45886278 1.56063890
v -0.73109102 -0.16244030 1.56063890
v 0.07368159 -0.98256969 1.56063890
v 0.81406832 -0.38475704 1.56063890
v 0.14778733 -0.98433876 1.56063890
v -0.66737437 -0.13712645 1.56063890
v 0.81473780 -0.38179326 1.56063890
v 0.22189283 -0.98609924 1.56063890
v 0.82286429 -0.31065154 1.56063890
v 0.74011326 -0.16244030 1.56063890
v 0.66652656 -0.13426709 1.56063890
v 0.74063230 -0.16244030 1.55971384
v -0.81558561 -1.05170763 1.51057053
v -0.74147999 -1.05170763 1.51077247
v 0.74063230 -1.05170763 1.51098156
v -0.81558561 -0.97760201 1.54193354
v 0.74063230 -0.97760201 1.54861283
v -0.74147999 -0.97760201 1.54777145
v 0.81473780 -1.05170763 1.51226950
v 0.81473780 -0.97760201 1.54354024
v -0.81558561 -0.90349627 1.55480981
v 0.88884354 -0.97760201 1.49775743
v -0.81558561 -0.82939076 1.55813980
v 0.81473780 -0.45886278 1.50776672
v 0.81473780 -0.90349627 1.55624890
v 0.81473780 -0.38475704 1.55628777
v -0.81558561 -0.75528502 1.55313134
v 0.81473780 -0.82939076 1.55736756
v -0.81558561 -0.68117952 1.52981734
v 0.81473780 -0.75528502 1.55158067
v 0.81473780 -0.68117952 1.53851891
v -0.81558561 -0.45886278 1.49462271
v -0.81558561 -0.38475704 1.55144000
v -0.74147999 -0.16244030 1.54167318
v -0.66737437 -0.98081422 1.63474464
v -0.00042391 -0.97460699 1.63474464
v 0.80011487 -0.23654580 1.63474464
v -0.68152142 -0.97760201 1.63474464
v -0.59326887 -0.14887571 1.63474464
v 0.07368159 -0.97528505 1.63474464
v -0.59326887 -0.98554122 1.63474464
v -0.51916325 -0.14965129 1.63474464
v 0.14778733 -0.97682607 1.63474464
v 0.74063230 -0.18368125 1.63474464
v -0.44505763 -0.15026784 1.63474464
v -0.74147999 -0.94724214 1.63474464
v -0.76930797 -0.90349627 1.63474464
v -0.37095189 -0.15043020 1.63474464
v 0.17923832 -0.97760201 1.63474464
v -0.79103243 -0.82939076 1.63474464
v -0.29684639 -0.15052915 1.63474464
v 0.29599857 -0.98028517 1.63474464
v -0.22274065 -0.15057015 1.63474464
v -0.80751157 -0.75528502 1.63474464
v 0.37010407 -0.98135316 1.63474464
v -0.14863515 -0.15044379 1.63474464
v -0.81126940 -0.68117952 1.63474464
v 0.44420981 -0.98235273 1.63474464
v -0.07452941 -0.15036726 1.63474464
v -0.00042391 -0.15031815 1.63474464
v -0.81485987 -0.60707378 1.63474464
v 0.07368159 -0.15026259 1.63474464
v 0.51831532 -0.98400617 1.63474464
v 0.14778733 -0.15031147 1.63474464
v -0.80470908 -0.53296828 1.63474464
v 0.59242105 -0.98553157 1.63474464
v 0.22189283 -0.15034175 1.63474464
v 0.29599857 -0.15038657 1.63474464
v -0.51916325 -0.98414969 1.63474464
v 0.66652656 -0.98110199 1.63474464
v -0.44505763 -0.98242664 1.63474464
v 0.37010407 -0.15034389 1.63474464
v 0.68097091 -0.97760201 1.63474464
v 0.44420981 -0.15020823 1.63474464
v -0.37095189 -0.98132539 1.63474464
v 0.51831532 -0.14968133 1.63474464
v 0.74063230 -0.94517195 1.63474464
v 0.59242105 -0.14847946 1.63474464
v -0.29684639 -0.98017383 1.63474464
v 0.76625013 -0.90349627 1.63474464
v 0.78811264 -0.82939076 1.63474464
v 0.80584192 -0.53296828 1.63474464
v -0.22274065 -0.97855246 1.63474464
v 0.78681254 -0.45886278 1.63474464
v -0.18092060 -0.97760201 1.63474464
v 0.79077816 -0.38475704 1.63474464
v 0.80607057 -0.75528502 1.63474464
v -0.14863515 -0.97688305 1.63474464
v 0.80650330 -0.31065154 1.63474464
v 0.81261420 -0.68117952 1.63474464
v -0.07452941 -0.97540796 1.63474464
v 0.68877149 -0.16244030 1.63474464
v 0.81473780 -0.60726595 1.63474464
v 0.66652656 -0.15558386 1.63474464
v 0.81629348 -0.60707378 1.63474464
v 0.22189283 -0.97869253 1.63474464
v 0.81473780 -0.58711052 1.63474464
v -0.78597653 -0.45886278 1.63474464
v -0.79077125 -0.38475704 1.63474464
v -0.80745113 -0.31065154 1.63474464
v -0.80036759 -0.23654580 1.63474464
v -0.74147999 -0.18661737 1.63474464
v -0.68083215 -0.16244030 1.63474464
v -0.66737437 -0.15809536 1.63474464
v -0.00042391 -0.97760201 1.60150099
v 0.07368159 -0.97760201 1.61072087
v 0.81473780 -0.23654580 1.57031512
v 0.14778733 -0.97760201 1.62713790
v -0.14863515 -0.97760201 1.62757397
v -0.07452941 -0.97760201 1.61192393
v 0.81473780 -0.31065154 1.60459113
v 0.81473780 -0.60707378 1.60865974
v -0.81558561 -0.31065154 1.60463190
v -0.81558561 -0.23654580 1.56942368
v 0.61283708 -0.97760201 1.70884991
v -0.00042391 -0.17188907 1.70884991
v 0.07368159 -0.17174983 1.70884991
v 0.14778733 -0.17182970 1.70884991
v 0.22189283 -0.17177105 1.70884991
v 0.66652656 -0.97686708 1.70884991
v 0.29599857 -0.17172670 1.70884991
v 0.37010407 -0.17157865 1.70884991
v 0.44420981 -0.17137861 1.70884991
v 0.74063230 -0.94280052 1.70884991
v 0.51831532 -0.17087436 1.70884991
v 0.76866889 -0.90349627 1.70884991
v 0.59242105 -0.16964221 1.70884991
v 0.79765677 -0.82939076 1.70884991
v -0.59326887 -0.97794855 1.70884991
v 0.81382775 -0.53296828 1.70884991
v 0.81473780 -0.76316905 1.70884991
v 0.78441954 -0.45886278 1.70884991
v -0.62970567 -0.97760201 1.70884991
v 0.81613541 -0.75528502 1.70884991
v 0.76694751 -0.38475704 1.70884991
v 0.81931496 -0.68117952 1.70884991
v -0.74147999 -0.94250691 1.70884991
v 0.77845168 -0.31065154 1.70884991
v -0.76952791 -0.90349627 1.70884991
v 0.77352858 -0.23654580 1.70884991
v 0.81920910 -0.60707378 1.70884991
v -0.79846382 -0.82939076 1.70884991
v 0.81473780 -0.54055715 1.70884991
v 0.66652656 -0.17517042 1.70884991
v -0.66737437 -0.97633004 1.70884991
v 0.74063230 -0.20156336 1.70884991
v -0.81343758 -0.53296828 1.70884991
v -0.81558561 -0.75998545 1.70884991
v -0.78342390 -0.45886278 1.70884991
v -0.81639373 -0.75528502 1.70884991
v -0.76681268 -0.38475704 1.70884991
v -0.81942511 -0.68117952 1.70884991
v -0.77863514 -0.31065154 1.70884991
v -0.81930161 -0.60707378 1.70884991
v -0.77309072 -0.23654580 1.70884991
v -0.81558561 -0.55061412 1.70884991
v -0.74147999 -0.20399499 1.70884991
v -0.66737437 -0.17644167 1.70884991
v -0.57675731 -0.97760201 1.70884991
v -0.59326887 -0.17010093 1.70884991
v -0.51916325 -0.97541249 1.70884991
v -0.44505763 -0.97406697 1.70884991
v -0.51916325 -0.17130351 1.70884991
v -0.44505763 -0.17194796 1.70884991
v -0.37095189 -0.97350574 1.70884991
v -0.29684639 -0.97262776 1.70884991
v -0.37095189 -0.17200994 1.70884991
v -0.29684639 -0.17202973 1.70884991
v -0.22274065 -0.97092938 1.70884991
v -0.14863515 -0.96945190 1.70884991
v -0.22274065 -0.17204332 1.70884991
v -0.07452941 -0.96847332 1.70884991
v -0.14863515 -0.17224622 1.70884991
v -0.00042391 -0.96821284 1.70884991
v -0.07452941 -0.17217064 1.70884991
v 0.07368159 -0.96838319 1.70884991
v 0.14778733 -0.96937311 1.70884991
v 0.22189283 -0.97103453 1.70884991
v 0.29599857 -0.97263110 1.70884991
v 0.59242105 -0.97763753 1.70884991
v 0.59062529 -0.97760201 1.70884991
v 0.37010407 -0.97356212 1.70884991
v 0.44420981 -0.97405577 1.70884991
v 0.51831532 -0.97539759 1.70884991
v -0.66737437 -0.97760201 1.69374657
v -0.00042391 -0.16244030 1.67417288
v 0.66652656 -0.97760201 1.69940281
v 0.07368159 -0.16244030 1.67473745
v 0.14778733 -0.16244030 1.67466736
v -0.81558561 -0.75528502 1.70143414
v 0.81473780 -0.75528502 1.69635248
v -0.81558561 -0.68117952 1.66820383
v 0.22189283 -0.16244030 1.67489100
v 0.81473780 -0.68117952 1.65375090
v -0.81558561 -0.60707378 1.64422274
v 0.29599857 -0.16244030 1.67482567
v -0.51916325 -0.97760201 1.69047499
v 0.37010407 -0.16244030 1.67502499
v -0.44505763 -0.97760201 1.67742872
v 0.44420981 -0.16244030 1.67537498
v -0.37095189 -0.97760201 1.66949654
v -0.66737437 -0.16244030 1.64945316
v 0.51831532 -0.16244030 1.67704391
v -0.29684639 -0.97760201 1.65966892
v -0.59326887 -0.16244030 1.67964125
v 0.59242105 -0.16244030 1.68121386
v -0.51916325 -0.16244030 1.67577744
v -0.22274065 -0.97760201 1.64353180
v -0.44505763 -0.16244030 1.67351627
v 0.66652656 -0.16244030 1.65674496
v -0.37095189 -0.16244030 1.67338991
v -0.29684639 -0.16244030 1.67348576
v 0.22189283 -0.97760201 1.64485693
v 0.29599857 -0.97760201 1.66029978
v -0.22274065 -0.16244030 1.67349148
v -0.14863515 -0.16244030 1.67318153
v 0.37010407 -0.97760201 1.67034912
v -0.07452941 -0.16244030 1.67345285
v 0.44420981 -0.97760201 1.67703676
v 0.51831532 -0.97760201 1.69014072
v -0.74147999 -0.92632115 1.78295565
v 0.59242105 -0.96974921 1.78295565
v -0.00042391 -0.18346739 1.78295565
v -0.76001716 -0.90349627 1.78295565
v 0.66652656 -0.96711504 1.78295565
v 0.07368159 -0.18362808 1.78295565
v -0.79645836 -0.82939076 1.78295565
v 0.14778733 -0.18366385 1.78295565
v 0.74063230 -0.92716300 1.78295565
v -0.66737437 -0.96751726 1.78295565
v 0.22189283 -0.18355131 1.78295565
v -0.59326887 -0.97011650 1.78295565
v 0.76008105 -0.90349627 1.78295565
v 0.29599857 -0.18359852 1.78295565
v 0.79630947 -0.82939076 1.78295565
v 0.37010407 -0.18342948 1.78295565
v -0.81558561 -0.76359940 1.78295565
v 0.44420981 -0.18305779 1.78295565
v -0.81744206 -0.75528502 1.78295565
v 0.81473780 -0.76750326 1.78295565
v 0.51831532 -0.18223381 1.78295565
v -0.82262731 -0.68117952 1.78295565
v 0.81744528 -0.75528502 1.78295565
v -0.82168710 -0.60707378 1.78295565
v 0.82199621 -0.68117952 1.78295565
v 0.59242105 -0.18064260 1.78295565
v -0.81946921 -0.53296828 1.78295565
v 0.82119656 -0.60707378 1.78295565
v 0.81473780 -0.51356459 1.78295565
v -0.51916325 -0.96722269 1.78295565
v 0.81902480 -0.53296828 1.78295565
v 0.79559350 -0.45886278 1.78295565
v -0.44505763 -0.96624935 1.78295565
v 0.75786614 -0.38475704 1.78295565
v -0.37095189 -0.96623814 1.78295565
v 0.75083542 -0.31065154 1.78295565
v -0.29684639 -0.96515846 1.78295565
v -0.81558561 -0.51511979 1.78295565
v 0.75194979 -0.23654580 1.78295565
v -0.79594851 -0.45886278 1.78295565
v -0.22274065 -0.96384156 1.78295565
v -0.75899673 -0.38475704 1.78295565
v 0.66652656 -0.18350935 1.78295565
v -0.14863515 -0.96300006 1.78295565
v 0.74063230 -0.21871495 1.78295565
v -0.07452941 -0.96237266 1.78295565
v -0.75072145 -0.31065154 1.78295565
v -0.00042391 -0.96222556 1.78295565
v -0.75076318 -0.23654580 1.78295565
v -0.74147999 -0.22188950 1.78295565
v 0.07368159 -0.96239972 1.78295565
v 0.14778733 -0.96270859 1.78295565
v -0.66737437 -0.18515491 1.78295565
v 0.22189283 -0.96375632 1.78295565
v -0.59326887 -0.18124580 1.78295565
v 0.29599857 -0.96521413 1.78295565
v 0.37010407 -0.96603668 1.78295565
v -0.51916325 -0.18283129 1.78295565
v 0.44420981 -0.96630597 1.78295565
v -0.44505763 -0.18355322 1.78295565
v 0.51831532 -0.96725714 1.78295565
v -0.37095189 -0.18365026 1.78295565
v -0.29684639 -0.18364334 1.78295565
v -0.22274065 -0.18360353 1.78295565
v -0.14863515 -0.18372631 1.78295565
v -0.07452941 -0.18375063 1.78295565
v 0.59242105 -0.97760201 1.70914936
v -0.59326887 -0.97760201 1.71180677
v 0.81473780 -0.53296828 1.72002125
v -0.81558561 -0.53296828 1.73200321
v 0.79092121 -0.82939076 1.85706139
v 0.74063230 -0.32941890 1.85706139
v 0.81473780 -0.76478291 1.85706139
v -0.74147999 -0.90984344 1.85706139
v 0.73491120 -0.31065154 1.85706139
v 0.81749630 -0.75528502 1.85706139
v -0.74693930 -0.90349627 1.85706139
v 0.72587037 -0.23654580 1.85706139
v -0.79086089 -0.82939076 1.85706139
v 0.82436633 -0.68117952 1.85706139
v 0.76792336 -0.38475704 1.85706139
v -0.66737437 -0.95873785 1.85706139
v 0.82382941 -0.60707378 1.85706139
v -0.59326887 -0.96328747 1.85706139
v 0.59242105 -0.17662573 1.85706139
v 0.82305837 -0.53296828 1.85706139
v 0.66652656 -0.18109584 1.85706139
v -0.81558561 -0.76131916 1.85706139
v -0.81733131 -0.75528502 1.85706139
v -0.82349539 -0.53296828 1.85706139
v -0.82479334 -0.68117952 1.85706139
v -0.81558561 -0.48475313 1.85706139
v -0.82397270 -0.60707378 1.85706139
v -0.80870628 -0.45886278 1.85706139
v -0.76798153 -0.38475704 1.85706139
v -0.51916325 -0.96053708 1.85706139
v -0.44505763 -0.95949948 1.85706139
v -0.74147999 -0.33103371 1.85706139
v -0.37095189 -0.95930278 1.85706139
v -0.73518169 -0.31065154 1.85706139
v -0.29684639 -0.95841587 1.85706139
v -0.72526765 -0.23654580 1.85706139
v -0.22274065 -0.95747161 1.85706139
v -0.66737437 -0.18488050 1.85706139
v -0.14863515 -0.95731640 1.85706139
v -0.07452941 -0.95699453 1.85706139
v -0.59326887 -0.17747331 1.85706139
v -0.00042391 -0.95688009 1.85706139
v -0.51916325 -0.17904091 1.85706139
v 0.07368159 -0.95714021 1.85706139
v -0.44505763 -0.18002295 1.85706139
v 0.14778733 -0.95726883 1.85706139
v -0.37095189 -0.18012285 1.85706139
v 0.22189283 -0.95761275 1.85706139
v -0.29684639 -0.18034649 1.85706139
v 0.29599857 -0.95836067 1.85706139
v -0.22274065 -0.18037105 1.85706139
v 0.37010407 -0.95918584 1.85706139
v -0.14863515 -0.18042970 1.85706139
v 0.44420981 -0.95966935 1.85706139
v -0.07452941 -0.18040037 1.85706139
v 0.51831532 -0.96029341 1.85706139
v -0.00042391 -0.18011403 1.85706139
v 0.07368159 -0.18033147 1.85706139
v 0.14778733 -0.18022919 1.85706139
v 0.22189283 -0.18016076 1.85706139
v 0.29599857 -0.18024302 1.85706139
v 0.37010407 -0.17995691 1.85706139
v 0.44420981 -0.17936301 1.85706139
v 0.51831532 -0.17864943 1.85706139
v 0.59242105 -0.96260548 1.85706139
v 0.81473780 -0.48242545 1.85706139
v 0.80846834 -0.45886278 1.85706139
v 0.66652656 -0.95791936 1.85706139
v 0.74063230 -0.91142333 1.85706139
v 0.74768376 -0.90349627 1.85706139
v 0.74063230 -0.31065154 1.81803703
v 0.74063230 -0.23654580 1.81406593
v -0.74147999 -0.31065154 1.81353092
v -0.74147999 -0.23654580 1.80870724
v -0.74147999 -0.89018703 1.93116713
v 0.77895212 -0.82939076 1.93116713
v -0.77938962 -0.82939076 1.93116713
v 0.74063230 -0.31581807 1.93116713
v 0.81327152 -0.75528502 1.93116713
v -0.66737437 -0.94619942 1.93116713
v 0.73781276 -0.31065154 1.93116713
v -0.73124886 -0.90349627 1.93116713
v 0.81473780 -0.74928808 1.93116713
v -0.59326887 -0.95152438 1.93116713
v 0.71051288 -0.23654580 1.93116713
v 0.82562828 -0.68117952 1.93116713
v 0.78586125 -0.38475704 1.93116713
v -0.81378317 -0.75528502 1.93116713
v 0.82534266 -0.60707378 1.93116713
v -0.81558561 -0.74773741 1.93116713
v 0.59242105 -0.16733932 1.93116713
v 0.82544017 -0.53296828 1.93116713
v 0.66652656 -0.18110728 1.93116713
v -0.82600141 -0.68117952 1.93116713
v -0.82567239 -0.60707378 1.93116713
v -0.82591832 -0.53296828 1.93116713
v -0.81950998 -0.45886278 1.93116713
v -0.81558561 -0.44713235 1.93116713
v -0.51916325 -0.94927013 1.93116713
v -0.78628111 -0.38475704 1.93116713
v -0.44505763 -0.94820142 1.93116713
v -0.74147999 -0.31374526 1.93116713
v -0.37095189 -0.94815862 1.93116713
v -0.29684639 -0.94762337 1.93116713
v -0.73984468 -0.31065154 1.93116713
v -0.71177745 -0.23654580 1.93116713
v -0.22274065 -0.94691885 1.93116713
v -0.14863515 -0.94712746 1.93116713
v -0.66737437 -0.18393946 1.93116713
v -0.07452941 -0.94708097 1.93116713
v -0.59326887 -0.16872525 1.93116713
v -0.00042391 -0.94673264 1.93116713
v -0.51916325 -0.17008328 1.93116713
v 0.07368159 -0.94713056 1.93116713
v 0.14778733 -0.94753838 1.93116713
v 0.22189283 -0.94755948 1.93116713
v -0.44505763 -0.17088556 1.93116713
v 0.29599857 -0.94763255 1.93116713
v 0.37010407 -0.94787991 1.93116713
v -0.37095189 -0.17088342 1.93116713
v 0.44420981 -0.94842446 1.93116713
v -0.29684639 -0.17109609 1.93116713
v 0.51831532 -0.94929504 1.93116713
v 0.59242105 -0.95060027 1.93116713
v -0.22274065 -0.17142320 1.93116713
v -0.14863515 -0.17146325 1.93116713
v 0.66652656 -0.94483399 1.93116713
v -0.07452941 -0.17094636 1.93116713
v 0.73070121 -0.90349627 1.93116713
v -0.00042391 -0.17077589 1.93116713
v 0.74063230 -0.89090157 1.93116713
v 0.07368159 -0.17090678 1.93116713
v 0.14778733 -0.17076206 1.93116713
v 0.22189283 -0.17070317 1.93116713
v 0.29599857 -0.17088580 1.93116713
v 0.37010407 -0.17091990 1.93116713
v 0.44420981 -0.17064476 1.93116713
v 0.51831532 -0.16973090 1.93116713
v 0.81926346 -0.45886278 1.93116713
v 0.81473780 -0.44523191 1.93116713
v -0.74147999 -0.90349627 1.88717079
v 0.81473780 -0.75528502 1.91318178
v -0.81558561 -0.75528502 1.90404701
v -0.81558561 -0.45886278 1.87700129
v 0.74063230 -0.90349627 1.89259100
v 0.81473780 -0.45886278 1.87440252
v -0.74147999 -0.83468628 2.00527239
v -0.74505067 -0.82939076 2.00527239
v -0.59326887 -0.91008091 2.00527239
v 0.29599857 -0.90665114 2.00527239
v -0.59326887 -0.16911125 2.00527239
v 0.37010407 -0.90630221 2.00527239
v -0.66525865 -0.90349627 2.00527239
v -0.51916325 -0.17024779 2.00527239
v 0.44420981 -0.90677261 2.00527239
v -0.66737437 -0.90311265 2.00527239
v -0.44505763 -0.17046189 2.00527239
v 0.51831532 -0.90753520 2.00527239
v -0.37095189 -0.17052269 2.00527239
v -0.78571737 -0.75528502 2.00527239
v -0.29684639 -0.17089033 2.00527239
v 0.59242105 -0.90973008 2.00527239
v -0.80011523 -0.68117952 2.00527239
v -0.22274065 -0.17082095 2.00527239
v -0.14863515 -0.17088366 2.00527239
v -0.79976153 -0.60707378 2.00527239
v 0.65920353 -0.90349627 2.00527239
v -0.07452941 -0.17017698 2.00527239
v -0.80052006 -0.53296828 2.00527239
v 0.66652656 -0.90205169 2.00527239
v -0.00042391 -0.17052817 2.00527239
v 0.74063230 -0.83512974 2.00527239
v -0.51916325 -0.90773118 2.00527239
v 0.74446821 -0.82939076 2.00527239
v 0.07368159 -0.17068553 2.00527239
v -0.44505763 -0.90728855 2.00527239
v 0.14778733 -0.17001963 2.00527239
v -0.37095189 -0.90751731 2.00527239
v 0.78504682 -0.75528502 2.00527239
v 0.22189283 -0.16917562 2.00527239
v -0.29684639 -0.90711927 2.00527239
v 0.29599857 -0.17009377 2.00527239
v 0.79889512 -0.68117952 2.00527239
v -0.22274065 -0.90676904 2.00527239
v 0.37010407 -0.17140174 2.00527239
v -0.14863515 -0.90780020 2.00527239
v 0.44420981 -0.17013669 2.00527239
v 0.79908490 -0.60707378 2.00527239
v -0.07452941 -0.90725935 2.00527239
v 0.51831532 -0.16966605 2.00527239
v 0.80046034 -0.53296828 2.00527239
v -0.00042391 -0.90673828 2.00527239
v 0.59242105 -0.16723728 2.00527239
v -0.80143785 -0.45886278 2.00527239
v 0.80081534 -0.45886278 2.00527239
v 0.07368159 -0.90742707 2.00527239
v 0.78009272 -0.38475704 2.00527239
v -0.77953291 -0.38475704 2.00527239
v 0.14778733 -0.90756226 2.00527239
v 0.74063230 -0.31224561 2.00527239
v 0.73971748 -0.31065154 2.00527239
v -0.74147999 -0.31329775 2.00527239
v 0.22189283 -0.90716910 2.00527239
v 0.70377874 -0.23654580 2.00527239
v -0.74005270 -0.31065154 2.00527239
v -0.70382130 -0.23654580 2.00527239
v 0.66652656 -0.18801379 2.00527239
v -0.66737437 -0.19051909 2.00527239
v -0.66737437 -0.90349627 2.00484896
v -0.81558561 -0.68117952 1.97205257
v 0.66652656 -0.90349627 2.00365019
v -0.81558561 -0.60707378 1.97234344
v -0.81558561 -0.53296828 1.97419977
v 0.81473780 -0.53296828 1.97603512
v 0.81473780 -0.68117952 1.97252846
v 0.81473780 -0.45886278 1.96643639
v 0.81473780 -0.60707378 1.97339153
v -0.81558561 -0.45886278 1.96425867
v -0.59326887 -0.82990670 2.07937813
v -0.51916325 -0.32469320 2.07937813
v -0.00042391 -0.82690144 2.07937813
v -0.60177422 -0.82939076 2.07937813
v -0.58463585 -0.31065154 2.07937813
v 0.07368159 -0.82639384 2.07937813
v -0.44505763 -0.32961178 2.07937813
v -0.66737437 -0.81766152 2.07937813
v -0.72157407 -0.75528502 2.07937813
v -0.59326887 -0.30116558 2.07937813
v -0.72833848 -0.68117952 2.07937813
v 0.14778733 -0.82594275 2.07937813
v -0.37095189 -0.33509660 2.07937813
v -0.71169484 -0.60707378 2.07937813
v 0.22189283 -0.82573700 2.07937813
v -0.29684639 -0.33397913 2.07937813
v -0.69730651 -0.53296828 2.07937813
v 0.29599857 -0.82549071 2.07937813
v -0.22274065 -0.33485293 2.07937813
v -0.58873630 -0.82939076 2.07937813
v 0.37010407 -0.82563186 2.07937813
v -0.14863515 -0.33656168 2.07937813
v 0.44420981 -0.82576180 2.07937813
v -0.51916325 -0.82732534 2.07937813
v -0.07452941 -0.34056640 2.07937813
v -0.44505763 -0.82669139 2.07937813
v 0.51831532 -0.82697225 2.07937813
v -0.00042391 -0.34130073 2.07937813
v -0.37095189 -0.82623839 2.07937813
v 0.59242105 -0.82899737 2.07937813
v -0.29684639 -0.82626748 2.07937813
v 0.66652656 -0.81730795 2.07937813
v -0.22274065 -0.82582283 2.07937813
v 0.07368159 -0.34085155 2.07937813
v 0.72092509 -0.75528502 2.07937813
v -0.14863515 -0.82625222 2.07937813
v 0.14778733 -0.33733511 2.07937813
v 0.72694087 -0.68117952 2.07937813
v -0.07452941 -0.82666755 2.07937813
v 0.22189283 -0.33206797 2.07937813
v 0.71087670 -0.60707378 2.07937813
v 0.29599857 -0.33248496 2.07937813
v 0.69793415 -0.53296828 2.07937813
v 0.37010407 -0.33426571 2.07937813
v 0.44420981 -0.33274770 2.07937813
v -0.68606889 -0.45886278 2.07937813
v 0.51831532 -0.32730269 2.07937813
v -0.66737437 -0.39182830 2.07937813
v 0.58690238 -0.31065154 2.07937813
v -0.66334343 -0.38475704 2.07937813
v 0.59242105 -0.30331659 2.07937813
v -0.60745192 -0.31065154 2.07937813
v 0.68752766 -0.45886278 2.07937813
v 0.66652656 -0.38728881 2.07937813
v 0.66493225 -0.38475704 2.07937813
v 0.60302687 -0.31065154 2.07937813
v -0.74147999 -0.82939076 2.00971031
v -0.59326887 -0.90349627 2.01232052
v -0.51916325 -0.31065154 2.07817459
v 0.29599857 -0.90349627 2.00860023
v -0.66737437 -0.82939076 2.06935883
v -0.44505763 -0.31065154 2.07779837
v 0.37010407 -0.90349627 2.00822639
v -0.59326887 -0.23654580 2.07197857
v -0.74147999 -0.75528502 2.05820227
v 0.44420981 -0.90349627 2.00873899
v -0.51916325 -0.23654580 2.06991911
v -0.74147999 -0.68117952 2.06643724
v -0.44505763 -0.23654580 2.06927824
v 0.29599857 -0.82939076 2.07582998
v 0.37010407 -0.82939076 2.07596731
v -0.37095189 -0.31065154 2.07725906
v 0.44420981 -0.82939076 2.07611179
v -0.29684639 -0.31065154 2.07736158
v -0.74147999 -0.60707378 2.05720615
v 0.51831532 -0.90349627 2.00951529
v -0.37095189 -0.23654580 2.06926203
v -0.74147999 -0.53296828 2.05390310
v 0.59242105 -0.90349627 2.01196146
v -0.29684639 -0.23654580 2.06883144
v 0.51831532 -0.82939076 2.07717752
v 0.59242105 -0.82939076 2.07901955
v -0.22274065 -0.31065154 2.07728291
v -0.51916325 -0.90349627 2.00983715
v -0.00042391 -0.82939076 2.07709360
v -0.44505763 -0.90349627 2.00939894
v 0.07368159 -0.82939076 2.07661390
v -0.14863515 -0.31065154 2.07722616
v -0.51916325 -0.82939076 2.07745600
v 0.14778733 -0.82939076 2.07622337
v -0.22274065 -0.23654580 2.06915236
v 0.22189283 -0.82939076 2.07604361
v -0.14863515 -0.23654580 2.06936455
v -0.44505763 -0.82939076 2.07689381
v -0.07452941 -0.31065154 2.07660723
v -0.37095189 -0.90349627 2.00962448
v -0.00042391 -0.31065154 2.07640171
v -0.29684639 -0.90349627 2.00916004
v -0.07452941 -0.23654580 2.06850290
v -0.37095189 -0.82939076 2.07649565
v 0.66652656 -0.82939076 2.06900978
v -0.00042391 -0.23654580 2.06739473
v -0.29684639 -0.82939076 2.07653809
v 0.74063230 -0.82939076 2.01008081
v -0.22274065 -0.90349627 2.00876188
v 0.74063230 -0.75528502 2.05864048
v -0.14863515 -0.90349627 2.01002550
v 0.74063230 -0.68117952 2.06572294
v -0.22274065 -0.82939076 2.07612419
v -0.14863515 -0.82939076 2.07654381
v 0.07368159 -0.31065154 2.07647610
v 0.74063230 -0.60707378 2.05714178
v 0.14778733 -0.31065154 2.07698822
v 0.74063230 -0.53296828 2.05467510
v -0.07452941 -0.90349627 2.00946188
v 0.07368159 -0.23654580 2.06725121
v -0.00042391 -0.90349627 2.00884247
v 0.14778733 -0.23654580 2.06831837
v -0.07452941 -0.82939076 2.07691669
v 0.22189283 -0.31065154 2.07769346
v -0.74147999 -0.45886278 2.05338001
v 0.29599857 -0.31065154 2.07758141
v -0.74147999 -0.38475704 2.04572678
v 0.22189283 -0.23654580 2.07024956
v -0.66737437 -0.38475704 2.07867432
v 0.29599857 -0.23654580 2.06984901
v 0.07368159 -0.90349627 2.00959444
v 0.14778733 -0.90349627 2.00970888
v 0.37010407 -0.31065154 2.07727766
v -0.66737437 -0.31065154 2.07189703
v 0.44420981 -0.31065154 2.07750368
v 0.22189283 -0.90349627 2.00919724
v 0.37010407 -0.23654580 2.06835604
v -0.66737437 -0.23654580 2.05481958
v 0.44420981 -0.23654580 2.06948757
v 0.51831532 -0.31065154 2.07799053
v 0.51831532 -0.23654580 2.07017899
v 0.59242105 -0.23654580 2.07257986
v 0.74063230 -0.45886278 2.05423307
v 0.66652656 -0.38475704 2.07910585
v 0.74063230 -0.38475704 2.04685831
v 0.66652656 -0.31065154 2.07162905
v 0.66652656 -0.23654580 2.05620384
v -0.00042391 -0.75528502 2.13469458
v -0.59326887 -0.82939076 2.07983494
v 0.07368159 -0.75528502 2.13453579
v -0.14863515 -0.38475704 2.08392191
v 0.14778733 -0.75528502 2.13367319
v -0.07452941 -0.38475704 2.08391285
v -0.00042391 -0.68117952 2.14325857
v -0.66737437 -0.75528502 2.12169886
v -0.00042391 -0.38475704 2.08392429
v 0.07368159 -0.68117952 2.14340258
v -0.59326887 -0.75528502 2.13790989
v 0.14778733 -0.68117952 2.14293861
v -0.66737437 -0.68117952 2.12879562
v 0.22189283 -0.75528502 2.13384533
v -0.59326887 -0.68117952 2.14663172
v -0.00042391 -0.53296828 2.10241032
v 0.29599857 -0.75528502 2.13369656
v -0.66737437 -0.60707378 2.10640621
v 0.22189283 -0.68117952 2.14314747
v 0.07368159 -0.53296828 2.10244846
v -0.59326887 -0.60707378 2.12198591
v 0.29599857 -0.68117952 2.14305496
v -0.00042391 -0.45886278 2.09316111
v -0.66737437 -0.53296828 2.09333563
v -0.00042391 -0.60707378 2.11855268
v 0.07368159 -0.45886278 2.09318686
v -0.59326887 -0.53296828 2.10560322
v 0.07368159 -0.60707378 2.11869621
v 0.14778733 -0.53296828 2.10260010
v 0.14778733 -0.60707378 2.11893559
v 0.14778733 -0.45886278 2.09326792
v 0.07368159 -0.38475704 2.08392286
v 0.22189283 -0.60707378 2.11884499
v -0.51916325 -0.75528502 2.13585281
v 0.14778733 -0.38475704 2.08404016
v 0.29599857 -0.60707378 2.11898661
v -0.44505763 -0.75528502 2.13474607
v 0.22189283 -0.53296828 2.10277033
v 0.22189283 -0.45886278 2.09334040
v 0.29599857 -0.53296828 2.10287237
v 0.29599857 -0.45886278 2.09334707
v 0.22189283 -0.38475704 2.08411169
v 0.29599857 -0.38475704 2.08425522
v 0.37010407 -0.75528502 2.13405991
v 0.44420981 -0.75528502 2.13358116
v 0.37010407 -0.68117952 2.14333677
v 0.37010407 -0.53296828 2.10274696
v 0.37010407 -0.45886278 2.09343481
v 0.44420981 -0.68117952 2.14300966
v 0.44420981 -0.53296828 2.10321474
v 0.51831532 -0.75528502 2.13566589
v 0.44420981 -0.45886278 2.09371138
v 0.37010407 -0.38475704 2.08427095
v 0.44420981 -0.38475704 2.08434343
v 0.59242105 -0.75528502 2.13699627
v 0.51831532 -0.53296828 2.10394573
v 0.51831532 -0.68117952 2.14513159
v 0.51831532 -0.45886278 2.09433270
v 0.59242105 -0.68117952 2.14657211
v -0.51916325 -0.68117952 2.14503860
v 0.37010407 -0.60707378 2.11894274
v 0.59242105 -0.53296828 2.10526991
v 0.44420981 -0.60707378 2.11942101
v 0.59242105 -0.45886278 2.09572124
v -0.44505763 -0.68117952 2.14401627
v 0.51831532 -0.60707378 2.12045288
v 0.51831532 -0.38475704 2.08495951
v 0.59242105 -0.60707378 2.12207460
v 0.59242105 -0.38475704 2.08692551
v -0.37095189 -0.75528502 2.13452053
v -0.29684639 -0.75528502 2.13439751
v -0.37095189 -0.68117952 2.14361048
v 0.66652656 -0.75528502 2.12152052
v -0.29684639 -0.68117952 2.14348125
v 0.59242105 -0.31065154 2.07986879
v 0.66652656 -0.68117952 2.12861872
v -0.51916325 -0.60707378 2.12092400
v -0.44505763 -0.60707378 2.11972141
v 0.66652656 -0.53296828 2.09389305
v 0.66652656 -0.60707378 2.10664988
v -0.51916325 -0.53296828 2.10441732
v 0.66652656 -0.45886278 2.08721352
v -0.44505763 -0.53296828 2.10330009
v -0.37095189 -0.60707378 2.11893511
v -0.66737437 -0.45886278 2.08642292
v -0.29684639 -0.60707378 2.11896324
v -0.59326887 -0.45886278 2.09576511
v -0.37095189 -0.53296828 2.10279799
v -0.59326887 -0.38475704 2.08676147
v -0.29684639 -0.53296828 2.10274935
v -0.59326887 -0.31065154 2.08008814
v -0.22274065 -0.75528502 2.13397121
v -0.14863515 -0.75528502 2.13379431
v -0.51916325 -0.45886278 2.09443474
v -0.22274065 -0.68117952 2.14344549
v -0.44505763 -0.45886278 2.09375429
v -0.14863515 -0.68117952 2.14329290
v -0.51916325 -0.38475704 2.08524656
v -0.44505763 -0.38475704 2.08446789
v -0.07452941 -0.75528502 2.13391018
v -0.37095189 -0.45886278 2.09345341
v -0.07452941 -0.68117952 2.14272642
v -0.29684639 -0.45886278 2.09348297
v -0.22274065 -0.60707378 2.11916256
v -0.37095189 -0.38475704 2.08422804
v -0.14863515 -0.60707378 2.11927223
v -0.29684639 -0.38475704 2.08428192
v -0.22274065 -0.53296828 2.10269880
v -0.14863515 -0.53296828 2.10283995
v -0.07452941 -0.60707378 2.11879444
v -0.22274065 -0.45886278 2.09332228
v -0.07452941 -0.53296828 2.10251617
v -0.14863515 -0.45886278 2.09328556
v -0.22274065 -0.38475704 2.08425808
v -0.07452941 -0.45886278 2.09318352
f 2 5 1
f 1 5 3
f 4 5 2
f 3 5 4
f 8 48 6
f 48 50 10
f 10 6 48
f 50 52 12
f 12 10 50
f 55 48 8
f 8 14 55
f 17 57 16
f 14 59 55
f 14 16 59
f 16 57 59
f 61 48 55
f 50 48 61
f 63 50 61
f 52 50 63
f 61 55 59
f 59 65 61
f 63 61 65
f 65 67 63
f 52 69 20
f 20 12 52
f 69 72 22
f 22 20 69
f 72 74 25
f 25 22 72
f 74 75 27
f 27 25 74
f 78 52 63
f 69 52 78
f 72 69 78
f 78 80 72
f 67 2 63
f 2 78 63
f 2 1 78
f 3 78 1
f 3 80 78
f 3 82 80
f 74 72 80
f 80 84 74
f 75 74 84
f 84 86 75
f 87 80 82
f 84 80 87
f 49 84 87
f 86 84 49
f 29 57 17
f 90 57 29
f 59 57 90
f 90 92 59
f 30 90 29
f 94 90 30
f 96 90 94
f 92 90 96
f 98 59 92
f 65 59 98
f 67 65 98
f 98 100 67
f 102 92 96
f 98 92 102
f 104 98 102
f 100 98 104
f 31 94 30
f 96 94 31
f 31 32 96
f 32 33 96
f 33 102 96
f 33 105 102
f 107 102 105
f 104 102 107
f 34 105 33
f 35 105 34
f 107 105 35
f 100 2 67
f 100 4 2
f 100 108 4
f 108 109 4
f 109 3 4
f 109 82 3
f 110 100 104
f 108 100 110
f 109 108 110
f 110 111 109
f 87 82 109
f 109 112 87
f 49 87 112
f 112 53 49
f 112 109 111
f 111 113 112
f 60 112 113
f 53 112 60
f 114 104 107
f 110 104 114
f 115 110 114
f 111 110 115
f 36 107 35
f 114 107 36
f 37 114 36
f 115 114 37
f 113 111 115
f 115 116 113
f 77 113 116
f 60 113 77
f 38 115 37
f 116 115 38
f 7 116 38
f 77 116 7
f 27 117 39
f 75 117 27
f 117 118 40
f 40 39 117
f 118 119 41
f 41 40 118
f 119 120 42
f 42 41 119
f 117 75 86
f 86 121 117
f 118 117 121
f 121 122 118
f 51 86 49
f 121 86 51
f 56 121 51
f 122 121 56
f 119 118 122
f 122 123 119
f 124 119 123
f 120 119 124
f 123 122 56
f 56 66 123
f 124 123 66
f 66 70 124
f 120 125 43
f 43 42 120
f 125 126 44
f 44 43 125
f 44 126 45
f 127 120 124
f 125 120 127
f 128 125 127
f 126 125 128
f 127 124 70
f 70 88 127
f 128 127 88
f 88 91 128
f 45 128 46
f 126 128 45
f 47 91 99
f 47 46 91
f 46 128 91
f 47 99 18
f 221 280 220
f 220 282 224
f 280 282 220
f 282 283 227
f 227 224 282
f 286 280 221
f 221 228 286
f 288 286 228
f 228 231 288
f 291 280 286
f 282 280 291
f 293 282 291
f 283 282 293
f 288 132 286
f 132 291 286
f 132 130 291
f 291 130 134
f 134 293 291
f 234 288 231
f 296 288 234
f 298 296 234
f 234 236 298
f 132 288 296
f 296 137 132
f 298 137 296
f 298 139 137
f 298 300 139
f 141 139 300
f 238 298 236
f 238 241 298
f 241 303 298
f 303 300 298
f 303 141 300
f 303 144 141
f 303 304 144
f 243 303 241
f 304 303 243
f 243 245 304
f 283 306 247
f 247 227 283
f 249 247 148
f 247 150 148
f 247 306 150
f 148 152 250
f 250 249 148
f 152 153 253
f 253 250 152
f 293 154 283
f 154 306 283
f 293 156 154
f 154 150 306
f 134 156 293
f 153 159 255
f 255 253 153
f 159 161 256
f 256 255 159
f 161 162 257
f 257 256 161
f 257 164 259
f 162 164 257
f 166 144 304
f 304 311 166
f 168 166 311
f 245 311 304
f 245 258 311
f 258 312 311
f 312 168 311
f 312 170 168
f 312 313 170
f 155 170 313
f 259 173 263
f 164 173 259
f 173 175 265
f 265 263 173
f 175 176 267
f 267 265 175
f 176 177 269
f 269 267 176
f 177 178 270
f 270 269 177
f 178 179 271
f 271 270 178
f 179 180 273
f 273 271 179
f 230 181 292
f 230 273 181
f 273 180 181
f 299 181 182
f 292 181 299
f 299 182 143
f 325 220 324
f 221 220 325
f 220 224 327
f 327 324 220
f 224 227 330
f 330 327 224
f 333 221 325
f 228 221 333
f 231 228 333
f 333 336 231
f 234 231 336
f 336 339 234
f 236 234 339
f 339 340 236
f 340 343 236
f 343 238 236
f 343 385 238
f 351 385 343
f 241 238 385
f 351 353 385
f 353 241 385
f 353 243 241
f 353 387 243
f 388 243 387
f 245 243 388
f 330 247 357
f 227 247 330
f 247 249 359
f 359 357 247
f 359 250 362
f 249 250 359
f 250 253 365
f 365 362 250
f 253 255 367
f 367 365 253
f 255 256 369
f 369 367 255
f 256 257 371
f 371 369 256
f 257 259 373
f 373 371 257
f 258 245 388
f 259 263 375
f 375 373 259
f 375 265 376
f 263 265 375
f 265 267 378
f 378 376 265
f 267 269 380
f 380 378 267
f 269 270 381
f 381 380 269
f 270 271 382
f 382 381 270
f 271 273 383
f 383 382 271
f 273 230 328
f 328 383 273
f 325 324 403
f 403 406 325
f 403 327 410
f 324 327 403
f 410 330 413
f 327 330 410
f 417 466 415
f 406 415 325
f 415 466 325
f 466 333 325
f 420 466 417
f 420 336 466
f 336 333 466
f 420 423 336
f 339 336 423
f 423 427 339
f 432 339 427
f 340 339 432
f 343 340 432
f 432 434 343
f 434 429 343
f 429 351 343
f 429 471 351
f 353 351 471
f 413 357 440
f 330 357 413
f 357 359 441
f 441 440 357
f 359 362 444
f 444 441 359
f 444 365 446
f 362 365 444
f 365 367 449
f 449 446 365
f 367 369 450
f 450 449 367
f 369 371 453
f 453 450 369
f 453 373 454
f 371 373 453
f 454 375 457
f 373 375 454
f 375 376 459
f 459 457 375
f 376 378 460
f 460 459 376
f 378 380 461
f 461 460 378
f 380 381 462
f 462 461 380
f 381 382 463
f 463 462 381
f 382 383 464
f 464 463 382
f 464 328 399
f 383 328 464
f 491 563 487
f 494 563 491
f 565 563 494
f 498 566 496
f 501 406 403
f 501 566 406
f 501 496 566
f 503 410 568
f 503 403 410
f 503 501 403
f 505 568 413
f 568 410 413
f 505 508 568
f 498 487 566
f 487 415 566
f 487 563 415
f 563 417 415
f 415 406 566
f 565 570 563
f 570 417 563
f 570 420 417
f 423 420 570
f 503 574 516
f 568 574 503
f 518 568 508
f 574 568 518
f 520 574 518
f 525 565 494
f 525 570 565
f 525 530 570
f 530 576 570
f 570 427 423
f 570 576 427
f 533 576 530
f 578 576 533
f 432 576 578
f 427 576 432
f 537 578 533
f 537 539 578
f 539 434 578
f 434 432 578
f 429 434 539
f 539 541 429
f 505 440 543
f 413 440 505
f 543 441 544
f 440 441 543
f 544 444 546
f 441 444 544
f 546 446 548
f 444 446 546
f 548 449 551
f 446 449 548
f 449 450 552
f 552 551 449
f 450 453 554
f 554 552 450
f 453 454 555
f 555 554 453
f 555 457 559
f 454 457 555
f 559 459 561
f 457 459 559
f 459 460 562
f 562 561 459
f 562 461 488
f 460 461 562
f 584 662 582
f 587 662 584
f 663 662 587
f 590 663 587
f 664 491 487
f 491 664 665
f 665 494 491
f 582 666 593
f 662 666 582
f 666 668 595
f 595 593 666
f 663 498 662
f 498 496 662
f 496 666 662
f 668 496 501
f 666 496 668
f 595 668 597
f 599 503 672
f 599 501 503
f 599 668 501
f 599 597 668
f 601 508 505
f 601 599 508
f 599 672 508
f 590 664 663
f 664 487 663
f 487 498 663
f 590 603 664
f 605 664 603
f 665 664 605
f 672 503 516
f 516 675 672
f 508 672 675
f 675 518 508
f 520 518 675
f 613 677 610
f 525 494 665
f 679 677 613
f 613 616 679
f 618 679 616
f 605 610 665
f 610 677 665
f 677 525 665
f 677 530 525
f 533 677 679
f 530 677 533
f 618 621 679
f 621 537 679
f 537 533 679
f 621 539 537
f 621 681 539
f 621 623 681
f 625 626 681
f 626 541 681
f 541 539 681
f 629 681 623
f 625 681 629
f 505 543 633
f 633 601 505
f 633 544 636
f 543 544 633
f 636 546 638
f 544 546 636
f 638 548 641
f 546 548 638
f 641 551 643
f 548 551 641
f 643 552 645
f 551 552 643
f 552 554 647
f 647 645 552
f 554 555 648
f 648 647 554
f 555 559 650
f 650 648 555
f 650 561 651
f 559 561 650
f 651 562 653
f 561 562 651
f 653 488 583
f 562 488 653
f 685 766 684
f 684 769 690
f 766 769 684
f 690 771 692
f 769 771 690
f 692 772 696
f 771 772 692
f 696 772 698
f 702 766 685
f 775 584 582
f 584 775 776
f 776 587 584
f 590 587 776
f 702 582 766
f 582 769 766
f 582 593 769
f 702 775 582
f 702 709 775
f 771 593 595
f 769 593 771
f 776 775 709
f 709 712 776
f 716 772 597
f 772 595 597
f 772 771 595
f 716 714 772
f 698 772 714
f 716 599 718
f 597 599 716
f 599 601 719
f 719 718 599
f 712 590 776
f 712 724 590
f 724 603 590
f 605 603 724
f 724 727 605
f 613 610 778
f 613 778 779
f 779 616 613
f 618 616 779
f 727 731 605
f 731 778 605
f 778 610 605
f 733 778 731
f 779 778 733
f 733 618 779
f 733 736 618
f 736 782 618
f 782 621 618
f 623 621 782
f 782 783 623
f 739 782 736
f 739 626 782
f 626 625 782
f 625 783 782
f 739 742 626
f 629 623 783
f 625 629 783
f 719 633 745
f 601 633 719
f 633 636 746
f 746 745 633
f 746 638 753
f 636 638 746
f 753 641 754
f 638 641 753
f 754 643 755
f 641 643 754
f 755 645 756
f 643 645 755
f 645 647 757
f 757 756 645
f 757 648 701
f 647 648 757
f 789 684 787
f 685 684 789
f 793 880 792
f 880 882 795
f 795 792 880
f 793 690 880
f 793 787 690
f 787 684 690
f 880 690 692
f 692 882 880
f 795 882 798
f 800 692 696
f 800 798 692
f 798 882 692
f 800 698 802
f 696 698 800
f 702 685 789
f 789 805 702
f 808 702 805
f 709 702 808
f 809 709 808
f 712 709 809
f 812 716 814
f 714 716 812
f 802 714 812
f 698 714 802
f 814 718 818
f 716 718 814
f 818 719 821
f 718 719 818
f 724 712 809
f 809 823 724
f 823 884 724
f 884 727 724
f 823 826 884
f 829 884 826
f 835 885 832
f 837 885 835
f 841 842 884
f 842 731 884
f 731 727 884
f 841 884 829
f 845 731 842
f 733 731 845
f 845 832 733
f 832 885 733
f 885 736 733
f 837 849 885
f 849 739 885
f 739 736 885
f 742 739 849
f 849 851 742
f 821 745 854
f 719 745 821
f 854 746 856
f 745 746 854
f 856 753 858
f 746 753 856
f 858 754 868
f 753 754 858
f 868 755 872
f 754 755 868
f 755 756 873
f 873 872 755
f 873 757 874
f 756 757 873
f 757 701 815
f 815 874 757
f 789 787 972
f 889 792 888
f 793 792 889
f 888 795 890
f 792 795 888
f 889 787 793
f 889 892 787
f 892 972 787
f 890 798 895
f 795 798 890
f 798 800 897
f 897 895 798
f 897 802 900
f 800 802 897
f 805 789 972
f 892 903 972
f 903 808 972
f 808 805 972
f 903 974 808
f 974 809 808
f 903 906 974
f 908 974 906
f 910 814 912
f 812 814 910
f 802 812 910
f 910 900 802
f 814 818 925
f 925 912 814
f 818 821 930
f 930 925 818
f 932 809 974
f 932 823 809
f 932 935 823
f 932 974 908
f 935 975 823
f 975 826 823
f 935 937 975
f 829 826 975
f 835 832 976
f 837 835 976
f 937 939 975
f 939 842 975
f 842 841 975
f 841 829 975
f 845 842 939
f 939 941 845
f 941 832 845
f 941 943 832
f 943 976 832
f 943 945 976
f 945 849 976
f 849 837 976
f 948 849 945
f 851 849 948
f 930 854 951
f 821 854 930
f 854 856 954
f 954 951 854
f 954 858 957
f 856 858 954
f 957 868 959
f 858 868 957
f 868 872 962
f 962 959 868
f 962 873 964
f 872 873 962
f 964 874 966
f 873 874 964
f 874 815 911
f 911 966 874
f 889 888 978
f 978 979 889
f 978 890 980
f 888 890 978
f 982 889 979
f 892 889 982
f 890 895 984
f 984 980 890
f 984 897 986
f 895 897 984
f 986 900 988
f 897 900 986
f 903 892 982
f 982 991 903
f 991 1066 903
f 1066 906 903
f 991 994 1066
f 908 906 1066
f 910 912 998
f 998 996 910
f 988 910 996
f 900 910 988
f 912 925 1000
f 1000 998 912
f 925 930 1002
f 1002 1000 925
f 1006 1066 994
f 1068 935 932
f 1006 932 1066
f 932 908 1066
f 1006 1068 932
f 1006 1008 1068
f 935 1068 1069
f 1069 937 935
f 1069 1068 1008
f 1008 1012 1069
f 1015 937 1069
f 1015 939 937
f 1015 1018 939
f 1015 1069 1012
f 941 939 1018
f 1018 1020 941
f 943 941 1020
f 1020 1023 943
f 1023 1070 943
f 1070 945 943
f 1023 1026 1070
f 948 945 1070
f 1002 951 1030
f 930 951 1002
f 1030 954 1032
f 951 954 1030
f 1032 957 1035
f 954 957 1032
f 957 959 1038
f 1038 1035 957
f 1038 962 1042
f 959 962 1038
f 1042 964 1045
f 962 964 1042
f 964 966 1048
f 1048 1045 964
f 966 911 1003
f 1003 1048 966
f 979 978 1155
f 978 980 1156
f 1156 1155 978
f 1073 979 1155
f 1073 982 979
f 1073 1075 982
f 1155 1156 1077
f 1077 1073 1155
f 1156 980 984
f 1081 1077 986
f 1077 984 986
f 1077 1156 984
f 986 988 1083
f 1083 1081 986
f 991 982 1075
f 1075 1086 991
f 994 991 1086
f 1086 1087 994
f 1159 996 998
f 1089 1083 1159
f 1083 996 1159
f 1083 988 996
f 1159 998 1000
f 1091 1000 1002
f 1091 1159 1000
f 1091 1089 1159
f 1087 1006 994
f 1087 1161 1006
f 1087 1093 1161
f 1008 1006 1161
f 1162 1161 1093
f 1093 1095 1162
f 1008 1161 1162
f 1162 1012 1008
f 1095 1097 1162
f 1097 1015 1162
f 1097 1018 1015
f 1015 1012 1162
f 1020 1018 1097
f 1097 1100 1020
f 1023 1020 1100
f 1100 1103 1023
f 1026 1023 1103
f 1103 1105 1026
f 1002 1030 1109
f 1109 1091 1002
f 1109 1032 1111
f 1030 1032 1109
f 1111 1035 1114
f 1032 1035 1111
f 1035 1038 1118
f 1118 1114 1035
f 1038 1042 1121
f 1121 1118 1038
f 1121 1045 1123
f 1042 1045 1121
f 1045 1048 1126
f 1126 1123 1045
f 1048 1003 1090
f 1090 1126 1048
f 1075 1073 1245
f 1245 1077 1246
f 1073 1077 1245
f 1246 1081 1247
f 1077 1081 1246
f 1247 1081 1083
f 1169 1170 1245
f 1170 1075 1245
f 1170 1086 1075
f 1169 1246 1171
f 1245 1246 1169
f 1087 1086 1170
f 1170 1172 1087
f 1171 1247 1176
f 1246 1247 1171
f 1179 1176 1089
f 1176 1247 1089
f 1247 1083 1089
f 1089 1091 1182
f 1182 1179 1089
f 1093 1087 1172
f 1172 1184 1093
f 1186 1093 1184
f 1095 1093 1186
f 1097 1095 1186
f 1186 1189 1097
f 1100 1097 1189
f 1189 1192 1100
f 1195 1100 1192
f 1103 1100 1195
f 1105 1103 1195
f 1195 1197 1105
f 1091 1109 1201
f 1201 1182 1091
f 1109 1111 1203
f 1203 1201 1109
f 1111 1114 1206
f 1206 1203 1111
f 1114 1118 1209
f 1209 1206 1114
f 1118 1121 1212
f 1212 1209 1118
f 1121 1123 1214
f 1214 1212 1121
f 1123 1126 1217
f 1217 1214 1123
f 1126 1090 1174
f 1174 1217 1126
f 1256 1254 1404
f 1343 1259 1336
f 1261 1259 1343
f 1346 1261 1343
f 1264 1261 1346
f 1346 1407 1264
f 1407 1266 1264
f 1346 1348 1407
f 1350 1407 1348
f 1356 1404 1354
f 1356 1359 1404
f 1359 1256 1404
f 1359 1269 1256
f 1362 1269 1359
f 1273 1269 1362
f 1277 1278 1370
f 1370 1367 1277
f 1281 1277 1367
f 1367 1372 1281
f 1372 1373 1281
f 1373 1411 1281
f 1411 1284 1281
f 1287 1284 1411
f 1413 1290 1291
f 1374 1273 1362
f 1294 1273 1374
f 1375 1294 1374
f 1296 1294 1375
f 1370 1296 1375
f 1278 1296 1370
f 1376 1411 1373
f 1376 1300 1411
f 1300 1287 1411
f 1376 1377 1300
f 1379 1300 1377
f 1303 1300 1379
f 1379 1291 1303
f 1379 1413 1291
f 1379 1383 1413
f 1415 1306 1308
f 1385 1304 1415
f 1304 1306 1415
f 1385 1384 1304
f 1388 1387 1312
f 1387 1415 1312
f 1415 1308 1312
f 1385 1415 1387
f 1394 1393 1413
f 1393 1290 1413
f 1393 1314 1290
f 1316 1314 1393
f 1393 1396 1316
f 1388 1318 1398
f 1312 1318 1388
f 1398 1316 1396
f 1318 1316 1398
f 1394 1413 1383
f 1498 1416 1496
f 1420 1416 1498
f 1416 1422 1503
f 1503 1496 1416
f 1503 1424 1506
f 1422 1424 1503
f 1510 1426 1508
f 1433 1426 1510
f 1426 1420 1498
f 1498 1508 1426
f 1513 1433 1510
f 1436 1433 1513
f 1520 1569 1518
f 1440 1436 1513
f 1513 1524 1440
f 1442 1440 1524
f 1524 1527 1442
f 1445 1442 1527
f 1527 1530 1445
f 1530 1518 1445
f 1518 1437 1445
f 1518 1569 1437
f 1506 1451 1535
f 1424 1451 1506
f 1535 1453 1538
f 1451 1453 1535
f 1538 1456 1540
f 1453 1456 1538
f 1456 1459 1543
f 1543 1540 1456
f 1459 1461 1545
f 1545 1543 1459
f 1461 1463 1547
f 1547 1545 1461
f 1463 1466 1549
f 1549 1547 1463
f 1549 1469 1551
f 1466 1469 1549
f 1469 1476 1554
f 1554 1551 1469
f 1476 1478 1555
f 1555 1554 1476
f 1478 1481 1557
f 1557 1555 1478
f 1481 1483 1559
f 1559 1557 1481
f 1559 1484 1562
f 1483 1484 1559
f 1562 1486 1564
f 1484 1486 1562
f 1486 1487 1566
f 1566 1564 1486
f 1487 1417 1499
f 1499 1566 1487
f 1579 1496 1576
f 1498 1496 1579
f 1576 1503 1584
f 1496 1503 1576
f 1584 1506 1587
f 1503 1506 1584
f 1591 1508 1590
f 1510 1508 1591
f 1508 1498 1579
f 1579 1590 1508
f 1592 1510 1591
f 1513 1510 1592
f 1520 1518 1646
f 1524 1513 1592
f 1592 1599 1524
f 1527 1524 1599
f 1599 1602 1527
f 1530 1527 1602
f 1602 1604 1530
f 1604 1518 1530
f 1604 1646 1518
f 1604 1593 1646
f 1587 1535 1607
f 1506 1535 1587
f 1607 1538 1609
f 1535 1538 1607
f 1609 1540 1610
f 1538 1540 1609
f 1610 1543 1612
f 1540 1543 1610
f 1543 1545 1615
f 1615 1612 1543
f 1615 1547 1616
f 1545 1547 1615
f 1547 1549 1618
f 1618 1616 1547
f 1618 1551 1620
f 1549 1551 1618
f 1551 1554 1623
f 1623 1620 1551
f 1554 1555 1625
f 1625 1623 1554
f 1625 1557 1626
f 1555 1557 1625
f 1626 1559 1628
f 1557 1559 1626
f 1559 1562 1631
f 1631 1628 1559
f 1631 1564 1633
f 1562 1564 1631
f 1633 1566 1635
f 1564 1566 1633
f 1635 1499 1637
f 1566 1499 1635
f 1637 1501 1639
f 1499 1501 1637
f 1501 1504 1640
f 1640 1639 1501
f 1640 1507 1641
f 1504 1507 1640
f 1507 1511 1642
f 1642 1641 1507
f 1642 1514 1643
f 1511 1514 1642
f 1643 1516 1577
f 1514 1516 1643
f 1577 1581 1650
f 1650 1648 1577
f 1581 1583 1655
f 1655 1650 1581
f 1583 1586 1657
f 1657 1655 1583
f 1657 1578 1649
f 1586 1578 1657
f 1596 1593 1662
f 1662 1664 1596
f 1598 1596 1664
f 1664 1666 1598
f 1600 1598 1666
f 1666 1669 1600
f 1669 1717 1600
f 1717 1601 1600
f 1669 1672 1717
f 1603 1601 1717
f 1674 1717 1672
f 1674 1675 1717
f 1675 1605 1717
f 1605 1603 1717
f 1606 1605 1675
f 1675 1677 1606
f 1679 1606 1677
f 1608 1606 1679
f 1611 1608 1679
f 1679 1681 1611
f 1613 1611 1681
f 1681 1684 1613
f 1614 1613 1684
f 1684 1686 1614
f 1617 1614 1686
f 1686 1688 1617
f 1619 1617 1688
f 1688 1690 1619
f 1621 1619 1690
f 1690 1692 1621
f 1622 1621 1692
f 1692 1694 1622
f 1624 1622 1694
f 1694 1695 1624
f 1627 1624 1695
f 1695 1698 1627
f 1629 1627 1698
f 1698 1700 1629
f 1630 1629 1700
f 1700 1702 1630
f 1632 1630 1702
f 1702 1704 1632
f 1634 1632 1704
f 1704 1706 1634
f 1636 1634 1706
f 1706 1708 1636
f 1710 1636 1708
f 1638 1636 1710
f 1594 1638 1710
f 1710 1660 1594
f 1724 1652 1719
f 1654 1652 1724
f 1652 1659 1727
f 1727 1719 1652
f 1659 1661 1730
f 1730 1727 1659
f 1735 1665 1733
f 1668 1665 1735
f 1665 1654 1724
f 1724 1733 1665
f 1671 1668 1735
f 1735 1738 1671
f 1673 1671 1738
f 1738 1741 1673
f 1743 1673 1741
f 1676 1673 1743
f 1746 1676 1743
f 1678 1676 1746
f 1742 1678 1746
f 1662 1678 1742
f 1730 1680 1750
f 1661 1680 1730
f 1750 1682 1752
f 1680 1682 1750
f 1682 1683 1755
f 1755 1752 1682
f 1683 1685 1756
f 1756 1755 1683
f 1685 1687 1765
f 1765 1756 1685
f 1687 1689 1769
f 1769 1765 1687
f 1769 1691 1770
f 1689 1691 1769
f 1770 1693 1772
f 1691 1693 1770
f 1772 1696 1775
f 1693 1696 1772
f 1696 1697 1776
f 1776 1775 1696
f 1776 1699 1777
f 1697 1699 1776
f 1699 1701 1778
f 1778 1777 1699
f 1778 1703 1779
f 1701 1703 1778
f 1703 1705 1780
f 1780 1779 1703
f 1780 1707 1781
f 1705 1707 1780
f 1781 1709 1782
f 1707 1709 1781
f 1782 1711 1783
f 1709 1711 1782
f 1783 1712 1784
f 1711 1712 1783
f 1712 1713 1785
f 1785 1784 1712
f 1785 1714 1786
f 1713 1714 1785
f 1714 1715 1787
f 1787 1786 1714
f 1715 1648 1721
f 1721 1787 1715
f 1791 1719 1789
f 1724 1719 1791
f 1719 1727 1794
f 1794 1789 1719
f 1727 1730 1797
f 1797 1794 1727
f 1802 1733 1800
f 1735 1733 1802
f 1733 1724 1791
f 1791 1800 1733
f 1738 1735 1802
f 1802 1804 1738
f 1741 1738 1804
f 1804 1806 1741
f 1808 1741 1806
f 1743 1741 1808
f 1809 1743 1808
f 1746 1743 1809
f 1742 1746 1809
f 1809 1811 1742
f 1730 1750 1815
f 1815 1797 1730
f 1815 1752 1820
f 1750 1752 1815
f 1752 1755 1822
f 1822 1820 1752
f 1822 1756 1825
f 1755 1756 1822
f 1756 1765 1829
f 1829 1825 1756
f 1829 1769 1831
f 1765 1769 1829
f 1831 1770 1832
f 1769 1770 1831
f 1832 1772 1833
f 1770 1772 1832
f 1833 1775 1836
f 1772 1775 1833
f 1836 1776 1838
f 1775 1776 1836
f 1776 1777 1840
f 1840 1838 1776
f 1777 1778 1842
f 1842 1840 1777
f 1842 1779 1843
f 1778 1779 1842
f 1779 1780 1845
f 1845 1843 1779
f 1845 1781 1847
f 1780 1781 1845
f 1847 1782 1849
f 1781 1782 1847
f 1849 1783 1851
f 1782 1783 1849
f 1783 1784 1853
f 1853 1851 1783
f 1853 1785 1855
f 1784 1785 1853
f 1785 1786 1857
f 1857 1855 1785
f 1786 1787 1858
f 1858 1857 1786
f 1858 1721 1790
f 1787 1721 1858
f 1887 1789 1881
f 1791 1789 1887
f 1881 1794 1890
f 1789 1794 1881
f 1890 1797 1892
f 1794 1797 1890
f 1896 1800 1895
f 1802 1800 1896
f 1800 1791 1887
f 1887 1895 1800
f 1804 1802 1896
f 1896 1898 1804
f 1806 1804 1898
f 1898 1903 1806
f 1905 1806 1903
f 1808 1806 1905
f 1908 1808 1905
f 1809 1808 1908
f 1811 1809 1908
f 1908 1900 1811
f 1892 1815 1912
f 1797 1815 1892
f 1815 1820 1914
f 1914 1912 1815
f 1820 1822 1917
f 1917 1914 1820
f 1917 1825 1919
f 1822 1825 1917
f 1825 1829 1925
f 1925 1919 1825
f 1829 1831 1928
f 1928 1925 1829
f 1928 1832 1929
f 1831 1832 1928
f 1929 1833 1931
f 1832 1833 1929
f 1931 1836 1934
f 1833 1836 1931
f 1934 1838 1936
f 1836 1838 1934
f 1838 1840 1938
f 1938 1936 1838
f 1840 1842 1939
f 1939 1938 1840
f 1939 1843 1941
f 1842 1843 1939
f 1941 1845 1943
f 1843 1845 1941
f 1845 1847 1944
f 1944 1943 1845
f 1847 1849 1945
f 1945 1944 1847
f 1945 1851 1946
f 1849 1851 1945
f 1851 1853 1947
f 1947 1946 1851
f 1947 1855 1948
f 1853 1855 1947
f 1855 1857 1949
f 1949 1948 1855
f 1949 1858 1950
f 1857 1858 1949
f 1950 1790 1882
f 1858 1790 1950
f 2028 1883 2027
f 1885 1883 2028
f 2029 1885 2028
f 1888 1885 2029
f 2030 1888 2029
f 1891 1888 2030
f 2032 1891 2030
f 1894 1891 2032
f 1955 2027 1952
f 2028 2027 1955
f 2029 2028 1955
f 1955 1957 2029
f 2030 2029 1957
f 1957 1960 2030
f 1963 2030 1960
f 2032 2030 1963
f 1897 1894 2032
f 2032 2034 1897
f 2035 1897 2034
f 1899 1897 2035
f 2037 1899 2035
f 1902 1899 2037
f 1968 1902 2037
f 1968 1906 1902
f 1968 1967 1906
f 2034 2032 1963
f 1963 1971 2034
f 1973 2034 1971
f 2035 2034 1973
f 2037 2035 1973
f 1973 1976 2037
f 1968 2037 1976
f 1893 1909 1979
f 1979 1964 1893
f 1909 1911 1982
f 1982 1979 1909
f 1982 1913 1984
f 1911 1913 1982
f 1984 1916 1987
f 1913 1916 1984
f 1967 1993 1906
f 1993 1920 1906
f 1993 2041 1920
f 1997 1920 2041
f 1997 1922 1920
f 1997 1995 1922
f 1999 1926 2000
f 1924 1926 1999
f 1916 1924 1999
f 1999 1987 1916
f 2000 1922 1995
f 1926 1922 2000
f 2003 2041 1993
f 1997 2041 2003
f 2195 2044 2194
f 2046 2044 2195
f 2049 2046 2195
f 2195 2196 2049
f 2195 2194 2124
f 2124 2132 2195
f 2196 2195 2132
f 2132 2134 2196
f 2052 2049 2196
f 2196 2197 2052
f 2141 2052 2197
f 2141 2055 2052
f 2141 2138 2055
f 2197 2196 2134
f 2134 2144 2197
f 2141 2197 2144
f 2130 2060 2147
f 2059 2060 2130
f 2060 2062 2149
f 2149 2147 2060
f 2062 2065 2150
f 2150 2149 2062
f 2065 2067 2151
f 2151 2150 2065
f 2152 2074 2153
f 2072 2074 2152
f 2067 2072 2152
f 2152 2151 2067
f 2074 2076 2156
f 2156 2153 2074
f 2159 2055 2138
f 2080 2055 2159
f 2161 2080 2159
f 2082 2080 2161
f 2156 2082 2161
f 2076 2082 2156
f 2211 2120 2209
f 2122 2120 2211
f 2120 2125 2214
f 2214 2209 2120
f 2214 2127 2218
f 2125 2127 2214
f 2224 2129 2221
f 2131 2129 2224
f 2129 2122 2211
f 2211 2221 2129
f 2133 2131 2224
f 2224 2225 2133
f 2230 2133 2225
f 2136 2133 2230
f 2232 2136 2230
f 2139 2136 2232
f 2235 2139 2232
f 2142 2139 2235
f 2227 2142 2235
f 2135 2142 2227
f 2127 2146 2238
f 2238 2218 2127
f 2238 2148 2241
f 2146 2148 2238
f 2241 2155 2244
f 2148 2155 2241
f 2244 2158 2247
f 2155 2158 2244
f 2247 2162 2251
f 2158 2162 2247
f 2251 2164 2254
f 2162 2164 2251
f 2164 2166 2257
f 2257 2254 2164
f 2166 2168 2258
f 2258 2257 2166
f 2168 2170 2261
f 2261 2258 2168
f 2261 2172 2263
f 2170 2172 2261
f 2263 2174 2265
f 2172 2174 2263
f 2265 2176 2266
f 2174 2176 2265
f 2266 2178 2269
f 2176 2178 2266
f 2269 2180 2271
f 2178 2180 2269
f 2180 2182 2273
f 2273 2271 2180
f 2182 2184 2274
f 2274 2273 2182
f 2274 2186 2276
f 2184 2186 2274
f 2186 2187 2278
f 2278 2276 2186
f 2278 2189 2280
f 2187 2189 2278
f 2189 2191 2281
f 2281 2280 2189
f 2281 2193 2282
f 2191 2193 2281
f 2193 2121 2212
f 2212 2282 2193
f 2368 2371 2466
f 2466 2463 2368
f 2371 2374 2469
f 2469 2466 2371
f 2469 2377 2472
f 2374 2377 2469
f 2472 2370 2464
f 2377 2370 2472
f 2479 2385 2477
f 2387 2385 2479
f 2482 2387 2479
f 2392 2387 2482
f 2395 2392 2482
f 2482 2485 2395
f 2487 2395 2485
f 2398 2395 2487
f 2402 2398 2487
f 2487 2490 2402
f 2496 2402 2490
f 2404 2402 2496
f 2500 2404 2496
f 2407 2404 2500
f 2410 2407 2500
f 2500 2503 2410
f 2506 2410 2503
f 2412 2410 2506
f 2415 2412 2506
f 2506 2509 2415
f 2514 2415 2509
f 2419 2415 2514
f 2516 2419 2514
f 2421 2419 2516
f 2425 2421 2516
f 2516 2519 2425
f 2522 2425 2519
f 2428 2425 2522
f 2431 2428 2522
f 2522 2525 2431
f 2527 2431 2525
f 2433 2431 2527
f 2530 2433 2527
f 2436 2433 2530
f 2438 2436 2530
f 2530 2531 2438
f 2440 2438 2531
f 2531 2533 2440
f 2405 2440 2533
f 2533 2502 2405
f 2465 2462 2538
f 2538 2542 2465
f 2538 2468 2545
f 2462 2468 2538
f 2468 2471 2548
f 2548 2545 2468
f 2471 2473 2556
f 2556 2548 2471
f 2559 2465 2542
f 2475 2465 2559
f 2478 2475 2559
f 2559 2561 2478
f 2481 2478 2561
f 2561 2564 2481
f 2483 2481 2564
f 2564 2566 2483
f 2486 2483 2566
f 2566 2567 2486
f 2569 2486 2567
f 2477 2486 2569
f 2556 2489 2572
f 2473 2489 2556
f 2572 2491 2575
f 2489 2491 2572
f 2575 2492 2578
f 2491 2492 2575
f 2492 2494 2580
f 2580 2578 2492
f 2494 2497 2584
f 2584 2580 2494
f 2497 2499 2586
f 2586 2584 2497
f 2499 2501 2588
f 2588 2586 2499
f 2501 2504 2589
f 2589 2588 2501
f 2504 2508 2593
f 2593 2589 2504
f 2508 2511 2594
f 2594 2593 2508
f 2511 2513 2596
f 2596 2594 2511
f 2513 2517 2598
f 2598 2596 2513
f 2517 2521 2600
f 2600 2598 2517
f 2600 2524 2602
f 2521 2524 2600
f 2602 2526 2604
f 2524 2526 2602
f 2604 2529 2606
f 2526 2529 2604
f 2529 2532 2608
f 2608 2606 2529
f 2608 2534 2610
f 2532 2534 2608
f 2534 2535 2612
f 2612 2610 2534
f 2612 2536 2614
f 2535 2536 2612
f 2614 2537 2615
f 2536 2537 2614
f 2537 2463 2540
f 2540 2615 2537
f 2641 2538 2638
f 2542 2538 2641
f 2538 2545 2644
f 2644 2638 2538
f 2545 2548 2645
f 2645 2644 2545
f 2548 2556 2649
f 2649 2645 2548
f 2559 2542 2641
f 2641 2652 2559
f 2656 2559 2652
f 2561 2559 2656
f 2659 2561 2656
f 2564 2561 2659
f 2661 2564 2659
f 2566 2564 2661
f 2567 2566 2661
f 2661 2663 2567
f 2648 2567 2663
f 2569 2567 2648
f 2649 2572 2664
f 2556 2572 2649
f 2664 2575 2665
f 2572 2575 2664
f 2665 2578 2666
f 2575 2578 2665
f 2578 2580 2667
f 2667 2666 2578
f 2580 2584 2668
f 2668 2667 2580
f 2584 2586 2669
f 2669 2668 2584
f 2586 2588 2671
f 2671 2669 2586
f 2588 2589 2673
f 2673 2671 2588
f 2589 2593 2676
f 2676 2673 2589
f 2593 2594 2678
f 2678 2676 2593
f 2594 2596 2680
f 2680 2678 2594
f 2596 2598 2682
f 2682 2680 2596
f 2598 2600 2686
f 2686 2682 2598
f 2686 2602 2689
f 2600 2602 2686
f 2689 2604 2691
f 2602 2604 2689
f 2691 2606 2694
f 2604 2606 2691
f 2694 2608 2696
f 2606 2608 2694
f 2696 2610 2698
f 2608 2610 2696
f 2610 2612 2700
f 2700 2698 2610
f 2700 2614 2702
f 2612 2614 2700
f 2702 2615 2703
f 2614 2615 2702
f 2615 2540 2635
f 2635 2703 2615
f 2641 2638 2711
f 2711 2716 2641
f 2711 2644 2722
f 2638 2644 2711
f 2644 2645 2725
f 2725 2722 2644
f 2725 2649 2728
f 2645 2649 2725
f 2652 2641 2716
f 2716 2731 2652
f 2733 2652 2731
f 2656 2652 2733
f 2659 2656 2733
f 2733 2738 2659
f 2661 2659 2738
f 2738 2741 2661
f 2746 2661 2741
f 2663 2661 2746
f 2735 2663 2746
f 2648 2663 2735
f 2649 2664 2750
f 2750 2728 2649
f 2664 2665 2753
f 2753 2750 2664
f 2753 2666 2755
f 2665 2666 2753
f 2755 2667 2757
f 2666 2667 2755
f 2667 2668 2759
f 2759 2757 2667
f 2759 2669 2761
f 2668 2669 2759
f 2761 2671 2763
f 2669 2671 2761
f 2671 2673 2765
f 2765 2763 2671
f 2765 2676 2768
f 2673 2676 2765
f 2768 2678 2770
f 2676 2678 2768
f 2770 2680 2772
f 2678 2680 2770
f 2680 2682 2774
f 2774 2772 2680
f 2774 2686 2776
f 2682 2686 2774
f 2686 2689 2778
f 2778 2776 2686
f 2778 2691 2779
f 2689 2691 2778
f 2779 2694 2781
f 2691 2694 2779
f 2781 2696 2783
f 2694 2696 2781
f 2696 2698 2785
f 2785 2783 2696
f 2698 2700 2786
f 2786 2785 2698
f 2786 2702 2787
f 2700 2702 2786
f 2702 2703 2788
f 2788 2787 2702
f 2703 2635 2712
f 2712 2788 2703
f 3044 2948 3041
f 2951 2948 3044
f 2948 2954 3046
f 3046 3041 2948
f 3046 2958 3050
f 2954 2958 3046
f 2958 2961 3051
f 3051 3050 2958
f 2965 2951 3044
f 3044 3054 2965
f 2967 2965 3054
f 3054 3057 2967
f 3061 2967 3057
f 2975 2967 3061
f 3064 2975 3061
f 2977 2975 3064
f 2980 2977 3064
f 3064 3067 2980
f 3053 2980 3067
f 2960 2980 3053
f 2961 2984 3071
f 3071 3051 2961
f 2984 2987 3074
f 3074 3071 2984
f 3074 2990 3077
f 2987 2990 3074
f 2990 2991 3079
f 3079 3077 2990
f 2991 2995 3083
f 3083 3079 2991
f 3083 2997 3086
f 2995 2997 3083
f 3086 2999 3087
f 2997 2999 3086
f 2999 3003 3089
f 3089 3087 2999
f 3089 3005 3092
f 3003 3005 3089
f 3005 3006 3095
f 3095 3092 3005
f 3095 3007 3096
f 3006 3007 3095
f 3007 3008 3098
f 3098 3096 3007
f 3008 3009 3101
f 3101 3098 3008
f 3009 3011 3103
f 3103 3101 3009
f 3011 3013 3105
f 3105 3103 3011
f 3013 3014 3107
f 3107 3105 3013
f 3014 3017 3109
f 3109 3107 3014
f 3017 3018 3110
f 3110 3109 3017
f 3110 3019 3111
f 3018 3019 3110
f 3111 3020 3112
f 3019 3020 3111
f 3020 3021 3113
f 3113 3112 3020
f 3021 2947 3038
f 3038 3113 3021
f 3044 3041 3115
f 3115 3133 3044
f 3115 3046 3139
f 3041 3046 3115
f 3139 3050 3142
f 3046 3050 3139
f 3050 3051 3144
f 3144 3142 3050
f 3054 3044 3133
f 3133 3146 3054
f 3057 3054 3146
f 3146 3151 3057
f 3061 3057 3151
f 3151 3156 3061
f 3157 3061 3156
f 3064 3061 3157
f 3160 3064 3157
f 3067 3064 3160
f 3053 3067 3160
f 3160 3129 3053
f 3144 3071 3162
f 3051 3071 3144
f 3162 3074 3164
f 3071 3074 3162
f 3074 3077 3166
f 3166 3164 3074
f 3077 3079 3168
f 3168 3166 3077
f 3079 3083 3170
f 3170 3168 3079
f 3083 3086 3172
f 3172 3170 3083
f 3086 3087 3174
f 3174 3172 3086
f 3087 3089 3176
f 3176 3174 3087
f 3176 3092 3177
f 3089 3092 3176
f 3092 3095 3178
f 3178 3177 3092
f 3095 3096 3179
f 3179 3178 3095
f 3096 3098 3180
f 3180 3179 3096
f 3098 3101 3181
f 3181 3180 3098
f 3101 3103 3182
f 3182 3181 3101
f 3103 3105 3183
f 3183 3182 3103
f 3105 3107 3184
f 3184 3183 3105
f 3184 3109 3185
f 3107 3109 3184
f 3109 3110 3186
f 3186 3185 3109
f 3186 3111 3187
f 3110 3111 3186
f 3187 3112 3188
f 3111 3112 3187
f 3112 3113 3189
f 3189 3188 3112
f 3113 3038 3114
f 3114 3189 3113
f 3193 3190 3275
f 3275 3277 3193
f 3275 3196 3280
f 3190 3196 3275
f 3280 3199 3284
f 3196 3199 3280
f 3199 3204 3286
f 3286 3284 3199
f 3207 3193 3277
f 3277 3289 3207
f 3292 3207 3289
f 3209 3207 3292
f 3215 3209 3292
f 3292 3296 3215
f 3218 3215 3296
f 3296 3298 3218
f 3301 3218 3298
f 3221 3218 3301
f 3208 3221 3301
f 3301 3279 3208
f 3204 3223 3306
f 3306 3286 3204
f 3223 3226 3308
f 3308 3306 3223
f 3226 3229 3311
f 3311 3308 3226
f 3229 3231 3313
f 3313 3311 3229
f 3231 3235 3316
f 3316 3313 3231
f 3235 3237 3318
f 3318 3316 3235
f 3318 3239 3320
f 3237 3239 3318
f 3239 3241 3322
f 3322 3320 3239
f 3241 3245 3325
f 3325 3322 3241
f 3325 3247 3327
f 3245 3247 3325
f 3247 3249 3328
f 3328 3327 3247
f 3249 3250 3329
f 3329 3328 3249
f 3250 3253 3332
f 3332 3329 3250
f 3253 3255 3333
f 3333 3332 3253
f 3255 3256 3335
f 3335 3333 3255
f 3256 3258 3336
f 3336 3335 3256
f 3258 3261 3337
f 3337 3336 3258
f 3337 3262 3338
f 3261 3262 3337
f 3338 3263 3339
f 3262 3263 3338
f 3263 3264 3340
f 3340 3339 3263
f 3264 3265 3341
f 3341 3340 3264
f 3341 3192 3266
f 3265 3192 3341
f 3427 3496 3423
f 3430 3369 3343
f 3430 3496 3369
f 3430 3423 3496
f 3430 3371 3433
f 3343 3371 3430
f 3433 3375 3435
f 3371 3375 3433
f 3427 3438 3496
f 3438 3380 3496
f 3380 3378 3496
f 3378 3369 3496
f 3383 3380 3438
f 3438 3440 3383
f 3443 3383 3440
f 3387 3383 3443
f 3446 3387 3443
f 3390 3387 3446
f 3394 3390 3446
f 3446 3448 3394
f 3372 3394 3448
f 3448 3452 3372
f 3435 3398 3455
f 3375 3398 3435
f 3455 3400 3458
f 3398 3400 3455
f 3458 3402 3459
f 3400 3402 3458
f 3459 3404 3461
f 3402 3404 3459
f 3404 3406 3463
f 3463 3461 3404
f 3406 3408 3465
f 3465 3463 3406
f 3408 3410 3469
f 3469 3465 3408
f 3469 3412 3472
f 3410 3412 3469
f 3472 3415 3478
f 3412 3415 3472
f 3415 3416 3481
f 3481 3478 3415
f 3416 3417 3483
f 3483 3481 3416
f 3417 3342 3420
f 3420 3483 3417
f 3506 3579 3503
f 3579 3597 3508
f 3508 3503 3579
f 3506 3511 3579
f 3511 3427 3579
f 3427 3423 3579
f 3597 3423 3430
f 3579 3423 3597
f 3508 3600 3515
f 3597 3600 3508
f 3515 3600 3517
f 3597 3430 3433
f 3433 3600 3597
f 3520 3517 3435
f 3517 3600 3435
f 3600 3433 3435
f 3438 3427 3511
f 3511 3522 3438
f 3525 3438 3522
f 3440 3438 3525
f 3529 3440 3525
f 3443 3440 3529
f 3531 3443 3529
f 3446 3443 3531
f 3534 3446 3531
f 3448 3446 3534
f 3537 3448 3534
f 3452 3448 3537
f 3520 3455 3541
f 3435 3455 3520
f 3541 3458 3543
f 3455 3458 3541
f 3543 3459 3546
f 3458 3459 3543
f 3459 3461 3548
f 3548 3546 3459
f 3548 3463 3551
f 3461 3463 3548
f 3551 3465 3554
f 3463 3465 3551
f 3554 3469 3557
f 3465 3469 3554
f 3557 3472 3501
f 3469 3472 3557
f 3603 3683 3601
f 3601 3685 3608
f 3683 3685 3601
f 3685 3687 3612
f 3612 3608 3685
f 3612 3687 3614
f 3603 3503 3683
f 3603 3506 3503
f 3603 3618 3506
f 3685 3503 3508
f 3683 3503 3685
f 3621 3506 3618
f 3511 3506 3621
f 3687 3508 3515
f 3685 3508 3687
f 3624 3515 3517
f 3624 3687 3515
f 3624 3614 3687
f 3624 3520 3626
f 3517 3520 3624
f 3629 3511 3621
f 3522 3511 3629
f 3525 3522 3629
f 3629 3632 3525
f 3635 3525 3632
f 3529 3525 3635
f 3531 3529 3635
f 3635 3637 3531
f 3534 3531 3637
f 3637 3641 3534
f 3644 3534 3641
f 3537 3534 3644
f 3520 3541 3646
f 3646 3626 3520
f 3646 3543 3648
f 3541 3543 3646
f 3648 3546 3651
f 3543 3546 3648
f 3651 3548 3653
f 3546 3548 3651
f 3653 3551 3658
f 3548 3551 3653
f 3658 3554 3660
f 3551 3554 3658
f 3660 3557 3663
f 3554 3557 3660
f 3663 3501 3619
f 3557 3501 3663
f 3671 3672 3694
f 3694 3692 3671
f 3672 3674 3696
f 3696 3694 3672
f 3676 3678 3701
f 3701 3699 3676
f 3674 3676 3699
f 3699 3696 3674
f 3701 3679 3705
f 3678 3679 3701
f 3710 3681 3714
f 3680 3681 3710
f 3682 3666 3720
f 3720 3723 3682
f 3681 3682 3723
f 3723 3714 3681
f 3679 3680 3710
f 3710 3705 3679
f 3697 3690 3886
f 3812 3702 3801
f 3704 3702 3812
f 3702 3708 3814
f 3814 3801 3702
f 3812 3690 3704
f 3812 3816 3690
f 3816 3886 3690
f 3817 3814 3890
f 3814 3713 3890
f 3814 3708 3713
f 3817 3890 3819
f 3890 3713 3716
f 3822 3716 3718
f 3822 3890 3716
f 3822 3819 3890
f 3722 3697 3886
f 3816 3722 3886
f 3816 3826 3722
f 3826 3728 3722
f 3731 3728 3826
f 3826 3829 3731
f 3831 3736 3833
f 3734 3736 3831
f 3718 3734 3831
f 3831 3822 3718
f 3833 3738 3835
f 3736 3738 3833
f 3835 3742 3840
f 3738 3742 3835
f 3829 3896 3731
f 3896 3745 3731
f 3829 3842 3896
f 3748 3745 3896
f 3844 3896 3842
f 3898 3896 3844
f 3748 3896 3898
f 3898 3752 3748
f 3844 3757 3898
f 3844 3848 3757
f 3848 3758 3757
f 3757 3752 3898
f 3850 3758 3848
f 3760 3758 3850
f 3854 3760 3850
f 3762 3760 3854
f 3764 3762 3854
f 3854 3857 3764
f 3840 3767 3862
f 3742 3767 3840
f 3767 3768 3863
f 3863 3862 3767
f 3768 3771 3864
f 3864 3863 3768
f 3771 3773 3865
f 3865 3864 3771
f 3865 3775 3867
f 3773 3775 3865
f 3867 3777 3869
f 3775 3777 3867
f 3777 3778 3871
f 3871 3869 3777
f 3871 3735 3836
f 3778 3735 3871
f 3923 3919 4097
f 3931 3928 4009
f 4009 4013 3931
f 4017 4009 4097
f 4009 3923 4097
f 4009 3928 3923
f 3919 3934 4100
f 4100 4097 3919
f 4100 3934 3939
f 4097 4100 4022
f 4022 4017 4097
f 4025 3939 4102
f 3939 3941 4102
f 4025 4100 3939
f 4025 4022 4100
f 4025 4102 4030
f 4034 3949 4035
f 3947 3949 4034
f 4035 3952 4036
f 3949 3952 4035
f 4036 3955 4037
f 3952 3955 4036
f 4037 3958 4038
f 3955 3958 4037
f 4038 3961 4039
f 3958 3961 4038
f 4039 3963 4040
f 3961 3963 4039
f 4040 3965 4041
f 3963 3965 4040
f 3965 3968 4042
f 4042 4041 3965
f 4043 3931 4013
f 3973 3931 4043
f 3976 3973 4043
f 4043 4045 3976
f 3968 3979 4047
f 4047 4042 3968
f 3979 3976 4045
f 4045 4047 3979
f 4051 4049 3981
f 4049 4102 3981
f 4102 3941 3981
f 3981 3983 4052
f 4052 4051 3981
f 4052 3987 4054
f 3983 3987 4052
f 3987 3990 4056
f 4056 4054 3987
f 4030 4102 4049
f 4056 3993 4059
f 3990 3993 4056
f 3993 3995 4060
f 4060 4059 3993
f 3995 3997 4062
f 4062 4060 3995
f 4062 3984 4064
f 3997 3984 4062
f 4067 3998 3974
f 4067 4069 3998
f 4069 4103 3998
f 3999 3998 4103
f 4069 4000 4103
f 4069 4071 4000
f 4071 4001 4000
f 4000 3999 4103
f 4073 4001 4071
f 4002 4001 4073
f 3912 4002 4073
f 4073 4011 3912
f 4010 4008 4192
f 4105 4008 4016
f 4105 4192 4008
f 4105 4107 4192
f 4105 4019 4130
f 4016 4019 4105
f 4130 4024 4133
f 4019 4024 4130
f 4024 4028 4137
f 4137 4133 4024
f 4077 4010 4192
f 4107 4141 4192
f 4141 4077 4192
f 4141 4078 4077
f 4079 4078 4141
f 4141 4144 4079
f 4196 4080 4081
f 4145 4137 4196
f 4137 4028 4196
f 4028 4080 4196
f 4196 4081 4082
f 4149 4196 4083
f 4196 4082 4083
f 4149 4145 4196
f 4152 4079 4144
f 4084 4079 4152
f 4153 4084 4152
f 4085 4084 4153
f 4086 4085 4153
f 4153 4156 4086
f 4087 4086 4156
f 4156 4158 4087
f 4159 4087 4158
f 4088 4087 4159
f 4161 4198 4163
f 4159 4067 4088
f 4159 4165 4067
f 4165 4200 4067
f 4167 4163 4198
f 4167 4168 4163
f 4168 4165 4163
f 4168 4200 4165
f 4170 4198 4161
f 4167 4198 4170
f 4083 4089 4174
f 4174 4149 4083
f 4089 4090 4175
f 4175 4174 4089
f 4175 4091 4178
f 4090 4091 4175
f 4178 4092 4179
f 4091 4092 4178
f 4179 4093 4182
f 4092 4093 4179
f 4182 4094 4183
f 4093 4094 4182
f 4183 4095 4186
f 4094 4095 4183
f 4186 4034 4124
f 4095 4034 4186
f 4107 4105 4281
f 4105 4130 4284
f 4284 4281 4105
f 4284 4133 4287
f 4130 4133 4284
f 4287 4133 4137
f 4204 4207 4281
f 4207 4107 4281
f 4207 4141 4107
f 4204 4284 4210
f 4281 4284 4204
f 4213 4141 4207
f 4144 4141 4213
f 4217 4210 4291
f 4210 4287 4291
f 4210 4284 4287
f 4291 4137 4145
f 4287 4137 4291
f 4217 4291 4220
f 4223 4145 4149
f 4223 4291 4145
f 4223 4220 4291
f 4152 4144 4213
f 4213 4226 4152
f 4153 4152 4226
f 4226 4230 4153
f 4156 4153 4230
f 4230 4234 4156
f 4236 4156 4234
f 4158 4156 4236
f 4236 4159 4158
f 4236 4294 4159
f 4236 4242 4294
f 4242 4244 4294
f 4244 4163 4294
f 4244 4296 4163
f 4296 4161 4163
f 4165 4159 4294
f 4244 4167 4296
f 4244 4168 4167
f 4244 4246 4168
f 4163 4165 4294
f 4170 4161 4296
f 4167 4170 4296
f 4223 4174 4250
f 4149 4174 4223
f 4174 4175 4252
f 4252 4250 4174
f 4252 4178 4255
f 4175 4178 4252
f 4255 4179 4259
f 4178 4179 4255
f 4259 4182 4262
f 4179 4182 4259
f 4262 4183 4265
f 4182 4183 4262
f 4265 4186 4267
f 4183 4186 4265
f 4186 4124 4202
f 4202 4267 4186
f 4207 4204 4383
f 4204 4210 4384
f 4384 4383 4204
f 4213 4383 4386
f 4207 4383 4213
f 4386 4384 4388
f 4383 4384 4386
f 4384 4210 4217
f 4313 4315 4220
f 4315 4217 4220
f 4315 4384 4217
f 4315 4388 4384
f 4220 4223 4317
f 4317 4313 4220
f 4226 4386 4391
f 4213 4386 4226
f 4321 4386 4388
f 4321 4325 4386
f 4325 4391 4386
f 4230 4391 4393
f 4226 4391 4230
f 4393 4391 4325
f 4325 4327 4393
f 4321 4388 4315
f 4230 4393 4397
f 4397 4234 4230
f 4334 4393 4327
f 4397 4393 4334
f 4234 4397 4399
f 4399 4236 4234
f 4399 4397 4334
f 4334 4336 4399
f 4242 4236 4399
f 4336 4340 4399
f 4340 4242 4399
f 4340 4244 4242
f 4246 4244 4340
f 4340 4345 4246
f 4223 4250 4348
f 4348 4317 4223
f 4348 4252 4350
f 4250 4252 4348
f 4350 4255 4354
f 4252 4255 4350
f 4354 4259 4357
f 4255 4259 4354
f 4357 4262 4361
f 4259 4262 4357
f 4361 4265 4365
f 4262 4265 4361
f 4365 4267 4368
f 4265 4267 4365
f 4368 4202 4370
f 4267 4202 4368
f 4202 4205 4373
f 4373 4370 4202
f 4373 4209 4375
f 4205 4209 4373
f 4375 4212 4378
f 4209 4212 4375
f 4378 4214 4312
f 4212 4214 4378
f 4414 4322 4319
f 4414 4477 4322
f 4414 4407 4477
f 4477 4326 4322
f 4408 4405 4555
f 4499 4503 4411
f 4503 4405 4411
f 4503 4555 4405
f 4417 4416 4507
f 4507 4509 4417
f 4512 4417 4509
f 4420 4417 4512
f 4515 4507 4555
f 4507 4408 4555
f 4507 4416 4408
f 4515 4555 4503
f 4520 4560 4518
f 4512 4560 4420
f 4560 4424 4420
f 4512 4518 4560
f 4562 4560 4520
f 4520 4522 4562
f 4424 4560 4562
f 4562 4427 4424
f 4565 4562 4522
f 4522 4524 4565
f 4427 4562 4565
f 4565 4431 4427
f 4526 4565 4524
f 4526 4435 4565
f 4435 4431 4565
f 4526 4517 4435
f 4529 4411 4567
f 4411 4439 4567
f 4529 4499 4411
f 4439 4441 4569
f 4569 4567 4439
f 4441 4445 4571
f 4571 4569 4441
f 4445 4449 4574
f 4574 4571 4445
f 4529 4567 4531
f 4567 4569 4532
f 4532 4531 4567
f 4569 4571 4535
f 4535 4532 4569
f 4571 4574 4536
f 4536 4535 4571
f 4574 4453 4578
f 4449 4453 4574
f 4578 4453 4455
f 4536 4578 4539
f 4574 4578 4536
f 4540 4455 4458
f 4540 4539 4455
f 4539 4578 4455
f 4458 4461 4542
f 4542 4540 4458
f 4461 4406 4544
f 4544 4542 4461
f 4419 4466 4583
f 4583 4422 4584
f 4466 4422 4583
f 4406 4410 4546
f 4546 4544 4406
f 4410 4413 4547
f 4547 4546 4410
f 4548 4547 4583
f 4547 4413 4583
f 4413 4419 4583
f 4548 4584 4549
f 4583 4584 4548
f 4422 4425 4587
f 4587 4584 4422
f 4425 4428 4589
f 4589 4587 4425
f 4428 4433 4590
f 4590 4589 4428
f 4550 4551 4436
f 4551 4590 4436
f 4590 4433 4436
f 4584 4587 4552
f 4552 4549 4584
f 4587 4589 4553
f 4553 4552 4587
f 4589 4590 4554
f 4554 4553 4589
f 4554 4590 4551
f 4485 4440 4557
f 4485 4436 4440
f 4485 4550 4436
f 4557 4440 4443
f 4594 4591 4664
f 4664 4667 4594
f 4669 4594 4667
f 4597 4594 4669
f 4664 4600 4672
f 4591 4600 4664
f 4672 4602 4674
f 4600 4602 4672
f 4609 4607 4678
f 4678 4679 4609
f 4678 4597 4669
f 4607 4597 4678
f 4681 4609 4679
f 4612 4609 4681
f 4614 4612 4681
f 4681 4683 4614
f 4617 4614 4683
f 4683 4680 4617
f 4602 4620 4686
f 4686 4674 4602
f 4686 4623 4687
f 4620 4623 4686
f 4687 4625 4689
f 4623 4625 4687
f 4625 4627 4691
f 4691 4689 4625
f 4627 4631 4693
f 4693 4691 4627
f 4631 4634 4695
f 4695 4693 4631
f 4634 4636 4696
f 4696 4695 4634
f 4636 4638 4698
f 4698 4696 4636
f 4698 4641 4700
f 4638 4641 4698
f 4641 4642 4702
f 4702 4700 4641
f 4642 4644 4704
f 4704 4702 4642
f 4644 4646 4706
f 4706 4704 4644
f 4706 4647 4708
f 4646 4647 4706
f 4708 4649 4710
f 4647 4649 4708
f 4649 4651 4712
f 4712 4710 4649
f 4651 4592 4721
f 4721 4712 4651
f 4721 4595 4724
f 4592 4595 4721
f 4724 4599 4725
f 4595 4599 4724
f 4599 4603 4726
f 4726 4725 4599
f 4726 4605 4661
f 4603 4605 4726
f 4667 4664 4797
f 4731 4733 4797
f 4733 4669 4797
f 4669 4667 4797
f 4736 4797 4672
f 4797 4664 4672
f 4736 4738 4797
f 4736 4674 4740
f 4672 4674 4736
f 4731 4797 4738
f 4679 4678 4799
f 4733 4799 4669
f 4799 4678 4669
f 4733 4744 4799
f 4746 4750 4799
f 4750 4681 4799
f 4681 4679 4799
f 4746 4799 4744
f 4683 4681 4750
f 4750 4751 4683
f 4680 4683 4751
f 4751 4752 4680
f 4674 4686 4755
f 4755 4740 4674
f 4755 4687 4757
f 4686 4687 4755
f 4687 4689 4759
f 4759 4757 4687
f 4689 4691 4760
f 4760 4759 4689
f 4691 4693 4763
f 4763 4760 4691
f 4763 4695 4764
f 4693 4695 4763
f 4695 4696 4766
f 4766 4764 4695
f 4766 4698 4768
f 4696 4698 4766
f 4768 4700 4770
f 4698 4700 4768
f 4770 4702 4771
f 4700 4702 4770
f 4702 4704 4772
f 4772 4771 4702
f 4704 4706 4774
f 4774 4772 4704
f 4706 4708 4775
f 4775 4774 4706
f 4775 4710 4777
f 4708 4710 4775
f 4777 4712 4779
f 4710 4712 4777
f 4712 4721 4780
f 4780 4779 4712
f 4780 4724 4783
f 4721 4724 4780
f 4785 4783 4801
f 4783 4724 4801
f 4724 4725 4801
f 4785 4801 4787
f 4801 4725 4726
f 4732 4801 4661
f 4801 4726 4661
f 4732 4787 4801
f 4733 4731 4803
f 4803 4804 4733
f 4738 4736 4865
f 4805 4736 4740
f 4805 4809 4736
f 4809 4865 4736
f 4812 4803 4865
f 4803 4731 4865
f 4731 4738 4865
f 4812 4865 4809
f 4816 4733 4804
f 4744 4733 4816
f 4750 4746 4866
f 4816 4746 4744
f 4816 4866 4746
f 4816 4819 4866
f 4751 4866 4868
f 4750 4866 4751
f 4822 4866 4819
f 4868 4866 4822
f 4752 4868 4869
f 4751 4868 4752
f 4869 4868 4822
f 4822 4825 4869
f 4805 4755 4829
f 4740 4755 4805
f 4755 4757 4832
f 4832 4829 4755
f 4832 4759 4834
f 4757 4759 4832
f 4759 4760 4837
f 4837 4834 4759
f 4760 4763 4840
f 4840 4837 4760
f 4840 4764 4842
f 4763 4764 4840
f 4842 4766 4845
f 4764 4766 4842
f 4845 4768 4848
f 4766 4768 4845
f 4848 4770 4852
f 4768 4770 4848
f 4770 4771 4855
f 4855 4852 4770
f 4855 4772 4859
f 4771 4772 4855
f 4859 4774 4806
f 4772 4774 4859
f 4804 4803 4931
f 4809 4805 4932
f 4931 4812 4935
f 4803 4812 4931
f 4875 4878 4932
f 4878 4935 4932
f 4935 4809 4932
f 4935 4812 4809
f 4816 4931 4939
f 4804 4931 4816
f 4819 4939 4942
f 4816 4939 4819
f 4882 4939 4935
f 4939 4931 4935
f 4882 4883 4939
f 4882 4935 4878
f 4942 4939 4883
f 4883 4885 4942
f 4819 4942 4949
f 4949 4822 4819
f 4822 4949 4952
f 4952 4825 4822
f 4888 4942 4885
f 4949 4942 4888
f 4891 4949 4888
f 4952 4949 4891
f 4805 4829 4958
f 4958 4932 4805
f 4829 4832 4960
f 4960 4958 4829
f 4894 4958 4963
f 4894 4932 4958
f 4894 4875 4932
f 4963 4960 4968
f 4958 4960 4963
f 4832 4834 4970
f 4970 4960 4832
f 4970 4837 4972
f 4834 4837 4970
f 4968 4970 4974
f 4960 4970 4968
f 4970 4972 4977
f 4977 4974 4970
f 4972 4840 4979
f 4837 4840 4972
f 4979 4842 4981
f 4840 4842 4979
f 4977 4979 4983
f 4972 4979 4977
f 4979 4981 4984
f 4984 4983 4979
f 4842 4845 4989
f 4989 4981 4842
f 4989 4848 4991
f 4845 4848 4989
f 4981 4989 4993
f 4993 4984 4981
f 4989 4991 4959
f 4959 4993 4989
f 4894 4963 4898
f 4898 4968 4900
f 4963 4968 4898
f 4900 4974 4903
f 4968 4974 4900
f 4974 4977 4905
f 4905 4903 4974
f 4977 4983 4907
f 4907 4905 4977
f 4983 4984 4910
f 4910 4907 4983
f 4910 4993 4913
f 4984 4993 4910
f 4913 4959 4877
f 4993 4959 4913
f 4848 4852 5001
f 5001 4991 4848
f 4852 4855 5002
f 5002 5001 4852
f 4991 5001 4961
f 4961 4959 4991
f 4961 5002 4964
f 5001 5002 4961
f 5002 4859 5006
f 4855 4859 5002
f 5006 4806 4934
f 4859 4806 5006
f 5002 5006 4966
f 4966 4964 5002
f 5006 4934 4944
f 4944 4966 5006
f 4878 4875 5019
f 4883 4882 5025
f 5028 4878 5019
f 5028 5025 4878
f 5025 4882 4878
f 4885 5025 5030
f 4883 5025 4885
f 5030 5028 5032
f 5025 5028 5030
f 4885 5030 5035
f 5035 4888 4885
f 5030 5032 5038
f 5038 5035 5030
f 4888 5035 5041
f 5041 4891 4888
f 5035 5038 5044
f 5044 5041 5035
f 5019 4875 4894
f 5051 4894 4898
f 5051 5028 4894
f 5028 5019 4894
f 5051 4900 5054
f 4898 4900 5051
f 5028 5051 5077
f 5077 5032 5028
f 5051 5054 5082
f 5082 5077 5051
f 4900 4903 5087
f 5087 5054 4900
f 5087 4905 5088
f 4903 4905 5087
f 5082 5087 5089
f 5054 5087 5082
f 5089 5088 5091
f 5087 5088 5089
f 5032 5077 5094
f 5094 5038 5032
f 5094 5082 5095
f 5077 5082 5094
f 5044 5094 5098
f 5038 5094 5044
f 5094 5095 5100
f 5100 5098 5094
f 5095 5089 5101
f 5082 5089 5095
f 5089 5091 5103
f 5103 5101 5089
f 5095 5101 5105
f 5105 5100 5095
f 5101 5103 5107
f 5107 5105 5101
f 5088 4907 5109
f 4905 4907 5088
f 4907 4910 5110
f 5110 5109 4907
f 5088 5109 5112
f 5112 5091 5088
f 5109 5110 5114
f 5114 5112 5109
f 4910 4913 5117
f 5117 5110 4910
f 5117 4877 5018
f 4913 4877 5117
f 5114 5117 5119
f 5110 5117 5114
f 5117 5018 5024
f 5024 5119 5117
f 5103 5112 5121
f 5091 5112 5103
f 5112 5114 5123
f 5123 5121 5112
f 5103 5121 5125
f 5125 5107 5103
f 5125 5123 5126
f 5121 5123 5125
f 5114 5119 5127
f 5127 5123 5114
f 5119 5024 5042
f 5042 5127 5119
f 5123 5127 5129
f 5129 5126 5123
f 5127 5042 5033
f 5033 5129 5127
f 2949 2952 3042
f 3042 3039 2949
f 2952 2955 3045
f 3045 3042 2952
f 3045 2957 3047
f 2955 2957 3045
f 3047 2959 3049
f 2957 2959 3047
f 3052 2966 3056
f 2964 2966 3052
f 2959 2964 3052
f 3052 3049 2959
f 2966 2968 3058
f 3058 3056 2966
f 2970 2972 3063
f 3063 3060 2970
f 3063 2973 3066
f 2972 2973 3063
f 3058 2970 3060
f 2968 2970 3058
f 3072 2979 3070
f 2981 2979 3072
f 2983 2981 3072
f 3072 3075 2983
f 3078 2983 3075
f 2986 2983 3078
f 3080 2986 3078
f 2989 2986 3080
f 2992 2989 3080
f 3080 3082 2992
f 2994 2992 3082
f 3082 3085 2994
f 3088 2994 3085
f 2998 2994 3088
f 3001 2998 3088
f 3088 3090 3001
f 3022 3001 3090
f 3090 3093 3022
f 2973 3022 3093
f 3093 3066 2973
f 3691 3689 3795
f 3795 3796 3691
f 3799 3691 3796
f 3693 3691 3799
f 3805 3693 3799
f 3695 3693 3805
f 3698 3695 3805
f 3805 3811 3698
f 3811 3813 3698
f 3813 3887 3698
f 3887 3700 3698
f 3889 3887 3813
f 3813 3815 3889
f 3703 3700 3887
f 3707 3887 3889
f 3703 3887 3707
f 3893 3889 3815
f 3815 3818 3893
f 3820 3893 3818
f 3894 3893 3820
f 3712 3889 3893
f 3707 3889 3712
f 3712 3893 3894
f 3894 3717 3712
f 3824 3894 3820
f 3895 3894 3824
f 3897 3895 3824
f 3824 3827 3897
f 3717 3894 3895
f 3895 3719 3717
f 3719 3895 3897
f 3897 3724 3719
f 3832 3897 3827
f 3899 3897 3832
f 3900 3899 3832
f 3832 3834 3900
f 3724 3897 3899
f 3899 3727 3724
f 3727 3899 3900
f 3900 3729 3727
f 3901 3900 3834
f 3834 3837 3901
f 3902 3901 3837
f 3837 3839 3902
f 3732 3900 3901
f 3729 3900 3732
f 3732 3901 3902
f 3902 3733 3732
f 3903 3902 3839
f 3839 3846 3903
f 3847 3903 3846
f 3904 3903 3847
f 3733 3902 3903
f 3903 3739 3733
f 3739 3903 3904
f 3904 3741 3739
f 3905 3904 3847
f 3847 3852 3905
f 3906 3905 3852
f 3852 3855 3906
f 3741 3904 3905
f 3905 3744 3741
f 3747 3905 3906
f 3744 3905 3747
f 3858 3906 3855
f 3907 3906 3858
f 3908 3907 3858
f 3858 3860 3908
f 3750 3906 3907
f 3747 3906 3750
f 3753 3907 3908
f 3750 3907 3753
f 3909 3908 3860
f 3860 3861 3909
f 3808 3909 3861
f 3891 3909 3808
f 3755 3908 3909
f 3753 3908 3755
f 3720 3909 3891
f 3755 3909 3720
f 3866 3910 3868
f 3866 3759 3910
f 3759 3761 3910
f 3866 3870 3759
f 3868 3910 3872
f 3797 3872 3692
f 3872 3910 3692
f 3910 3761 3692
f 688 767 686
f 767 770 691
f 691 686 767
f 691 773 693
f 770 773 691
f 693 774 695
f 773 774 693
f 695 774 699
f 648 650 703
f 703 701 648
f 703 651 705
f 650 651 703
f 705 653 710
f 651 653 705
f 653 583 717
f 717 710 653
f 717 586 721
f 583 586 717
f 721 589 723
f 586 589 721
f 589 592 726
f 726 723 589
f 726 596 729
f 592 596 726
f 732 767 688
f 732 734 767
f 734 602 767
f 602 600 767
f 600 770 767
f 729 604 737
f 596 604 729
f 737 602 734
f 604 602 737
f 770 600 607
f 607 773 770
f 743 741 780
f 741 609 780
f 741 774 609
f 774 607 609
f 774 773 607
f 780 781 744
f 744 743 780
f 758 612 614
f 758 781 612
f 758 744 781
f 614 617 759
f 759 758 614
f 699 774 741
f 780 609 619
f 780 619 622
f 622 781 780
f 781 622 612
f 760 617 784
f 617 628 784
f 760 759 617
f 760 785 761
f 784 785 760
f 786 631 632
f 762 631 786
f 762 635 631
f 762 761 635
f 761 785 635
f 747 763 639
f 763 786 639
f 786 632 639
f 762 786 763
f 784 628 646
f 784 646 649
f 649 785 784
f 785 649 635
f 764 626 742
f 652 626 764
f 764 768 652
f 768 654 652
f 764 765 768
f 655 654 768
f 687 768 765
f 790 881 788
f 797 686 796
f 688 686 797
f 790 691 881
f 790 796 691
f 796 686 691
f 881 883 801
f 801 788 881
f 801 883 804
f 883 691 693
f 881 691 883
f 806 693 695
f 806 804 693
f 804 883 693
f 806 699 811
f 695 699 806
f 701 703 817
f 817 815 701
f 703 705 820
f 820 817 703
f 705 710 824
f 824 820 705
f 824 717 828
f 710 717 824
f 717 721 830
f 830 828 717
f 830 723 833
f 721 723 830
f 833 726 836
f 723 726 833
f 836 729 839
f 726 729 836
f 844 688 797
f 732 688 844
f 734 732 844
f 844 846 734
f 839 737 848
f 729 737 839
f 848 734 846
f 737 734 848
f 741 743 855
f 855 852 741
f 855 744 857
f 743 744 855
f 744 758 860
f 860 857 744
f 866 887 867
f 866 758 887
f 758 759 887
f 866 860 758
f 811 741 852
f 699 741 811
f 867 887 869
f 870 869 760
f 869 887 760
f 887 759 760
f 870 761 871
f 760 761 870
f 871 762 875
f 761 762 871
f 763 747 859
f 859 876 763
f 875 763 876
f 762 763 875
f 877 742 851
f 764 742 877
f 765 764 877
f 877 878 765
f 791 765 878
f 687 765 791
f 4319 4322 4382
f 4322 4216 4382
f 4322 4208 4216
f 4222 4208 4322
f 4322 4326 4222
f 4382 4216 4228
f 4806 4775 4808
f 4774 4775 4806
f 4775 4777 4811
f 4811 4808 4775
f 4777 4779 4814
f 4814 4811 4777
f 4814 4780 4818
f 4779 4780 4814
f 4823 4783 4867
f 4823 4780 4783
f 4823 4818 4780
f 4867 4783 4785
f 4823 4867 4826
f 4828 4867 4787
f 4867 4785 4787
f 4828 4826 4867
f 4787 4732 4830
f 4830 4828 4787
f 4830 4735 4835
f 4732 4735 4830
f 4839 4835 4871
f 4835 4739 4871
f 4835 4735 4739
f 4871 4739 4742
f 4871 4873 4844
f 4844 4839 4871
f 4873 4742 4745
f 4871 4742 4873
f 4844 4870 4847
f 4873 4870 4844
f 4870 4745 4748
f 4873 4745 4870
f 4752 4869 4874
f 4874 4753 4752
f 4874 4869 4825
f 4825 4850 4874
f 4754 4753 4874
f 4850 4854 4874
f 4854 4756 4874
f 4756 4754 4874
f 4758 4756 4854
f 4854 4858 4758
f 4761 4758 4858
f 4858 4861 4761
f 4862 4761 4861
f 4762 4761 4862
f 4765 4762 4862
f 4862 4864 4765
f 4807 4765 4864
f 4767 4765 4807
f 3606 3500 3604
f 3502 3500 3606
f 3505 3502 3606
f 3606 3609 3505
f 3507 3505 3609
f 3609 3610 3507
f 3510 3507 3610
f 3610 3613 3510
f 3616 3510 3613
f 3513 3510 3616
f 3516 3513 3616
f 3616 3617 3516
f 3519 3516 3617
f 3617 3620 3519
f 3623 3519 3620
f 3523 3519 3623
f 3526 3523 3623
f 3623 3627 3526
f 3528 3526 3627
f 3627 3630 3528
f 3533 3528 3630
f 3630 3633 3533
f 3638 3533 3633
f 3536 3533 3638
f 3640 3536 3638
f 3538 3536 3640
f 3542 3538 3640
f 3640 3643 3542
f 3545 3542 3643
f 3643 3645 3545
f 3550 3545 3645
f 3645 3649 3550
f 3553 3550 3649
f 3649 3652 3553
f 3556 3553 3652
f 3652 3655 3556
f 3559 3556 3655
f 3655 3657 3559
f 3661 3559 3657
f 3561 3559 3661
f 3662 3561 3661
f 3562 3561 3662
f 3564 3562 3662
f 3662 3665 3564
f 3566 3564 3665
f 3665 3666 3566
f 3668 3568 3670
f 3560 3568 3668
f 3670 3569 3671
f 3568 3569 3670
f 3569 3570 3672
f 3672 3671 3569
f 3570 3571 3674
f 3674 3672 3570
f 3572 3573 3678
f 3678 3676 3572
f 3674 3572 3676
f 3571 3572 3674
f 3573 3574 3679
f 3679 3678 3573
f 3680 3576 3681
f 3575 3576 3680
f 3577 3566 3666
f 3666 3682 3577
f 3576 3577 3682
f 3682 3681 3576
f 3574 3575 3680
f 3680 3679 3574
f 277 276 326
f 326 329 277
f 278 277 329
f 329 332 278
f 279 278 332
f 332 335 279
f 240 279 335
f 335 337 240
f 386 223 226
f 229 223 386
f 386 389 229
f 391 225 233
f 384 225 391
f 237 229 389
f 389 393 237
f 344 391 393
f 391 237 393
f 391 233 237
f 344 342 391
f 337 226 240
f 337 349 226
f 349 386 226
f 389 386 349
f 349 352 389
f 393 389 352
f 352 354 393
f 344 393 354
f 361 360 391
f 360 384 391
f 360 392 384
f 364 392 360
f 394 392 364
f 361 391 342
f 350 394 364
f 2713 2715 2795
f 2795 2792 2713
f 2798 2713 2792
f 2718 2713 2798
f 2715 2719 2801
f 2801 2795 2715
f 2720 2721 2805
f 2805 2804 2720
f 2721 2723 2807
f 2807 2805 2721
f 2801 2720 2804
f 2719 2720 2801
f 2727 2726 2811
f 2811 2813 2727
f 2815 2727 2813
f 2730 2727 2815
f 2732 2730 2815
f 2815 2818 2732
f 2734 2732 2818
f 2818 2821 2734
f 2737 2734 2821
f 2821 2825 2737
f 2828 2737 2825
f 2740 2737 2828
f 2831 2740 2828
f 2743 2740 2831
f 2745 2743 2831
f 2831 2844 2745
f 2849 2751 2851
f 2748 2751 2849
f 2723 2748 2849
f 2849 2807 2723
f 2751 2745 2844
f 2844 2851 2751
f 3114 3117 3195
f 3195 3192 3114
f 3195 3122 3198
f 3117 3122 3195
f 3198 3125 3200
f 3122 3125 3198
f 3125 3116 3202
f 3202 3200 3125
f 3131 3129 3208
f 3208 3211 3131
f 3132 3131 3211
f 3211 3213 3132
f 3135 3132 3213
f 3213 3216 3135
f 3137 3135 3216
f 3216 3219 3137
f 3225 3137 3219
f 3140 3137 3225
f 3143 3140 3225
f 3225 3228 3143
f 3147 3143 3228
f 3228 3230 3147
f 3232 3147 3230
f 3149 3147 3232
f 3152 3149 3232
f 3232 3233 3152
f 3234 3152 3233
f 3154 3152 3234
f 3158 3154 3234
f 3234 3236 3158
f 3161 3158 3236
f 3236 3238 3161
f 3163 3161 3238
f 3238 3242 3163
f 3165 3163 3242
f 3242 3244 3165
f 3167 3165 3244
f 3244 3246 3167
f 3169 3167 3246
f 3246 3248 3169
f 3251 3169 3248
f 3171 3169 3251
f 3252 3171 3251
f 3173 3171 3252
f 3254 3173 3252
f 3175 3173 3254
f 3134 3175 3254
f 3254 3210 3134
f 3116 3118 3257
f 3257 3202 3116
f 3257 3119 3259
f 3118 3119 3257
f 3119 3120 3260
f 3260 3259 3119
f 3120 3121 3197
f 3197 3260 3120
f 4012 4098 4015
f 3914 3916 4023
f 4023 4020 3914
f 4027 3914 4020
f 3925 3914 4027
f 4012 4023 4098
f 4023 3916 4098
f 3916 3932 4098
f 3937 3935 4031
f 4031 4033 3937
f 4033 4098 3937
f 4098 3944 3937
f 4033 4015 4098
f 4098 3932 3944
f 51 49 53
f 53 54 51
f 56 51 54
f 54 58 56
f 54 53 60
f 60 62 54
f 58 54 62
f 62 64 58
f 66 56 58
f 58 68 66
f 71 66 68
f 70 66 71
f 68 58 64
f 64 73 68
f 76 68 73
f 71 68 76
f 79 60 77
f 62 60 79
f 64 62 79
f 79 81 64
f 9 77 7
f 79 77 9
f 11 79 9
f 81 79 11
f 83 64 81
f 73 64 83
f 85 73 83
f 76 73 85
f 13 81 11
f 83 81 13
f 15 83 13
f 85 83 15
f 88 70 71
f 71 89 88
f 91 88 89
f 89 93 91
f 95 71 76
f 89 71 95
f 97 89 95
f 93 89 97
f 101 91 93
f 99 91 101
f 18 101 19
f 99 101 18
f 103 93 97
f 101 93 103
f 19 103 21
f 101 103 19
f 106 76 85
f 95 76 106
f 24 95 106
f 24 97 95
f 24 23 97
f 26 85 15
f 106 85 26
f 24 106 26
f 103 97 23
f 23 28 103
f 21 103 28
f 807 803 891
f 891 898 807
f 810 807 898
f 898 901 810
f 905 810 901
f 813 810 905
f 909 813 905
f 816 813 909
f 819 816 909
f 909 914 819
f 822 819 914
f 914 916 822
f 917 822 916
f 825 822 917
f 918 825 917
f 827 825 918
f 919 827 918
f 831 827 919
f 921 831 919
f 834 831 921
f 838 834 921
f 921 922 838
f 840 838 922
f 922 923 840
f 926 840 923
f 843 840 926
f 929 843 926
f 847 843 929
f 933 847 929
f 850 847 933
f 936 850 933
f 853 850 936
f 859 861 946
f 946 944 859
f 861 862 949
f 949 946 861
f 863 864 956
f 956 953 863
f 865 853 936
f 936 958 865
f 956 865 958
f 864 865 956
f 949 863 953
f 862 863 949
f 687 689 768
f 689 656 768
f 656 655 768
f 657 656 689
f 689 694 657
f 697 657 694
f 658 657 697
f 659 658 697
f 697 700 659
f 704 659 700
f 660 659 704
f 706 660 704
f 661 660 706
f 707 661 706
f 585 661 707
f 708 585 707
f 588 585 708
f 711 588 708
f 591 588 711
f 713 591 711
f 594 591 713
f 715 594 713
f 598 594 715
f 606 598 715
f 715 720 606
f 722 606 720
f 608 606 722
f 725 608 722
f 611 608 725
f 728 611 725
f 615 611 728
f 730 615 728
f 620 615 730
f 735 620 730
f 624 620 735
f 738 624 735
f 627 624 738
f 630 627 738
f 738 740 630
f 777 634 637
f 747 640 748
f 639 640 747
f 749 748 777
f 748 640 777
f 640 634 777
f 642 644 751
f 751 750 642
f 750 777 642
f 777 637 642
f 750 752 777
f 751 630 740
f 644 630 751
f 749 777 752
f 2121 2050 2123
f 2048 2050 2121
f 2050 2053 2126
f 2126 2123 2050
f 2126 2056 2128
f 2053 2056 2126
f 2128 2059 2130
f 2056 2059 2128
f 2137 2063 2135
f 2066 2063 2137
f 2069 2066 2137
f 2137 2140 2069
f 2071 2069 2140
f 2140 2143 2071
f 2073 2071 2143
f 2143 2145 2073
f 2077 2073 2145
f 2145 2154 2077
f 2157 2077 2154
f 2079 2077 2157
f 2083 2079 2157
f 2157 2160 2083
f 2163 2083 2160
f 2085 2083 2163
f 2165 2085 2163
f 2087 2085 2165
f 2167 2087 2165
f 2089 2087 2167
f 2167 2169 2089
f 2169 2198 2089
f 2198 2091 2089
f 2093 2091 2198
f 2198 2199 2093
f 2171 2198 2169
f 2199 2198 2171
f 2171 2173 2199
f 2200 2093 2199
f 2094 2093 2200
f 2096 2094 2200
f 2200 2201 2096
f 2175 2199 2173
f 2200 2199 2175
f 2177 2200 2175
f 2201 2200 2177
f 2098 2096 2201
f 2201 2202 2098
f 2203 2098 2202
f 2101 2098 2203
f 2202 2201 2177
f 2177 2179 2202
f 2181 2202 2179
f 2203 2202 2181
f 2103 2101 2203
f 2203 2204 2103
f 2205 2103 2204
f 2105 2103 2205
f 2183 2203 2181
f 2204 2203 2183
f 2185 2204 2183
f 2205 2204 2185
f 2108 2105 2205
f 2205 2206 2108
f 2109 2108 2206
f 2206 2207 2109
f 2206 2205 2185
f 2185 2188 2206
f 2190 2206 2188
f 2207 2206 2190
f 2208 2109 2207
f 2112 2109 2208
f 2044 2112 2208
f 2208 2194 2044
f 2208 2207 2190
f 2190 2192 2208
f 2194 2208 2192
f 2192 2124 2194
f 4769 4767 4807
f 4807 4810 4769
f 4773 4769 4810
f 4810 4813 4773
f 4815 4773 4813
f 4776 4773 4815
f 4817 4776 4815
f 4778 4776 4817
f 4781 4778 4817
f 4817 4820 4781
f 4821 4781 4820
f 4782 4781 4821
f 4824 4782 4821
f 4784 4782 4824
f 4827 4784 4824
f 4786 4784 4827
f 4831 4786 4827
f 4788 4786 4831
f 4833 4788 4831
f 4789 4788 4833
f 4836 4789 4833
f 4790 4789 4836
f 4838 4790 4836
f 4791 4790 4838
f 4841 4791 4838
f 4792 4791 4841
f 4843 4792 4841
f 4793 4792 4843
f 4794 4793 4843
f 4843 4846 4794
f 4849 4794 4846
f 4747 4794 4849
f 4870 4872 4851
f 4851 4847 4870
f 4870 4748 4795
f 4795 4872 4870
f 4853 4872 4743
f 4872 4796 4743
f 4853 4851 4872
f 4872 4795 4796
f 4734 4737 4857
f 4857 4856 4734
f 4857 4741 4860
f 4737 4741 4857
f 4853 4734 4856
f 4743 4734 4853
f 4863 4747 4849
f 4749 4747 4863
f 4741 4749 4863
f 4863 4860 4741
f 2132 2124 2210
f 2210 2213 2132
f 2216 2132 2213
f 2134 2132 2216
f 2283 2138 2141
f 2144 2134 2216
f 2216 2220 2144
f 2220 2141 2144
f 2220 2223 2141
f 2223 2283 2141
f 2222 2147 2226
f 2130 2147 2222
f 2147 2149 2228
f 2228 2226 2147
f 2149 2150 2233
f 2233 2228 2149
f 2150 2151 2236
f 2236 2233 2150
f 2239 2153 2242
f 2152 2153 2239
f 2151 2152 2239
f 2239 2236 2151
f 2153 2156 2245
f 2245 2242 2153
f 2159 2138 2283
f 2283 2285 2159
f 2250 2161 2285
f 2161 2159 2285
f 2250 2248 2161
f 2253 2283 2223
f 2285 2283 2253
f 2250 2285 2253
f 2245 2161 2248
f 2156 2161 2245
f 3039 3042 3118
f 3118 3116 3039
f 3118 3045 3119
f 3042 3045 3118
f 3045 3047 3120
f 3120 3119 3045
f 3120 3049 3121
f 3047 3049 3120
f 3123 3056 3124
f 3052 3056 3123
f 3049 3052 3123
f 3123 3121 3049
f 3056 3058 3126
f 3126 3124 3056
f 3060 3063 3128
f 3128 3127 3060
f 3128 3066 3130
f 3063 3066 3128
f 3126 3060 3127
f 3058 3060 3126
f 3072 3070 3134
f 3134 3136 3072
f 3138 3072 3136
f 3075 3072 3138
f 3078 3075 3138
f 3138 3141 3078
f 3080 3078 3141
f 3141 3145 3080
f 3082 3080 3145
f 3145 3148 3082
f 3085 3082 3148
f 3148 3150 3085
f 3153 3085 3150
f 3088 3085 3153
f 3090 3088 3153
f 3153 3155 3090
f 3093 3090 3155
f 3155 3159 3093
f 3066 3093 3159
f 3159 3130 3066
f 329 326 465
f 465 467 329
f 332 329 467
f 467 468 332
f 467 465 401
f 401 405 467
f 468 467 405
f 405 409 468
f 470 332 468
f 335 332 470
f 337 335 470
f 470 472 337
f 470 468 409
f 409 414 470
f 472 470 414
f 414 418 472
f 473 342 344
f 349 337 472
f 472 475 349
f 352 349 475
f 475 476 352
f 475 472 418
f 418 421 475
f 476 475 421
f 421 424 476
f 428 352 476
f 428 354 352
f 428 426 354
f 426 344 354
f 426 430 344
f 430 473 344
f 428 476 424
f 478 360 361
f 479 360 478
f 364 360 479
f 437 342 473
f 437 361 342
f 437 435 361
f 435 478 361
f 439 478 435
f 479 478 439
f 442 425 479
f 425 364 479
f 425 350 364
f 442 479 439
f 437 473 430
f 4203 4104 4201
f 4106 4104 4203
f 4206 4106 4203
f 4110 4106 4206
f 4114 4110 4206
f 4206 4211 4114
f 4215 4114 4211
f 4115 4114 4215
f 4117 4115 4215
f 4215 4218 4117
f 4120 4117 4218
f 4218 4221 4120
f 4221 4122 4120
f 4221 4225 4122
f 4225 4285 4122
f 4125 4122 4285
f 4289 4285 4225
f 4225 4229 4289
f 4231 4289 4229
f 4290 4289 4231
f 4233 4290 4231
f 4292 4290 4233
f 4293 4292 4233
f 4233 4235 4293
f 4125 4285 4289
f 4289 4128 4125
f 4128 4289 4290
f 4290 4131 4128
f 4131 4290 4292
f 4292 4134 4131
f 4134 4292 4293
f 4293 4136 4134
f 4238 4293 4235
f 4297 4293 4238
f 4298 4297 4238
f 4238 4240 4298
f 4300 4298 4240
f 4240 4243 4300
f 4301 4300 4243
f 4243 4247 4301
f 4136 4293 4297
f 4297 4139 4136
f 4143 4297 4298
f 4139 4297 4143
f 4169 4298 4300
f 4143 4298 4169
f 4169 4300 4301
f 4301 4172 4169
f 4251 4301 4247
f 4303 4301 4251
f 4304 4303 4251
f 4251 4253 4304
f 4306 4304 4253
f 4253 4256 4306
f 4307 4306 4256
f 4256 4258 4307
f 4176 4301 4303
f 4172 4301 4176
f 4177 4303 4304
f 4176 4303 4177
f 4180 4304 4306
f 4177 4304 4180
f 4180 4306 4307
f 4307 4181 4180
f 4261 4307 4258
f 4309 4307 4261
f 4263 4309 4261
f 4310 4309 4263
f 4266 4310 4263
f 4311 4310 4266
f 4283 4311 4266
f 4266 4268 4283
f 4184 4307 4309
f 4181 4307 4184
f 4185 4309 4310
f 4184 4309 4185
f 4187 4310 4311
f 4185 4310 4187
f 4126 4311 4283
f 4187 4311 4126
f 4270 4308 4272
f 4274 4272 4188
f 4272 4308 4188
f 4308 4166 4188
f 4274 4189 4276
f 4188 4189 4274
f 4276 4190 4277
f 4189 4190 4276
f 4190 4116 4222
f 4222 4277 4190
f 4268 4123 4283
f 4268 4279 4123
f 4279 4191 4123
f 4119 4191 4279
f 4279 4228 4119
f 132 183 130
f 183 186 134
f 134 130 183
f 189 183 132
f 132 137 189
f 192 183 189
f 186 183 192
f 139 189 137
f 139 195 189
f 195 192 189
f 139 141 195
f 144 195 141
f 150 6 148
f 8 6 150
f 6 10 152
f 152 148 6
f 152 12 153
f 10 12 152
f 156 198 154
f 150 154 8
f 154 198 8
f 198 14 8
f 156 16 198
f 156 134 16
f 134 17 16
f 134 186 17
f 16 14 198
f 153 20 159
f 12 20 153
f 159 22 161
f 20 22 159
f 161 25 162
f 22 25 161
f 25 27 164
f 164 162 25
f 17 186 192
f 192 29 17
f 30 192 195
f 29 192 30
f 144 166 195
f 166 31 195
f 31 30 195
f 166 168 31
f 168 32 31
f 168 201 32
f 170 201 168
f 33 32 201
f 170 203 201
f 203 33 201
f 203 34 33
f 170 155 203
f 205 34 203
f 35 34 205
f 206 35 205
f 36 35 206
f 207 36 206
f 37 36 207
f 209 37 207
f 38 37 209
f 184 38 209
f 7 38 184
f 27 39 173
f 173 164 27
f 173 40 175
f 39 40 173
f 175 41 176
f 40 41 175
f 176 42 177
f 41 42 176
f 177 43 178
f 42 43 177
f 43 44 179
f 179 178 43
f 180 179 218
f 179 45 218
f 179 44 45
f 180 218 181
f 219 45 46
f 218 45 219
f 218 219 182
f 182 181 218
f 219 46 47
f 143 18 196
f 143 182 18
f 182 47 18
f 182 219 47
f 588 489 585
f 492 489 588
f 591 492 588
f 495 492 591
f 594 495 591
f 499 495 594
f 502 499 594
f 594 598 502
f 507 502 598
f 598 606 507
f 510 507 606
f 606 608 510
f 611 510 608
f 512 510 611
f 615 512 611
f 514 512 615
f 519 514 615
f 615 620 519
f 624 519 620
f 522 519 624
f 670 524 526
f 528 522 624
f 624 627 528
f 627 670 528
f 670 526 528
f 627 630 670
f 534 536 637
f 637 634 534
f 538 540 640
f 640 639 538
f 640 534 634
f 540 534 640
f 644 542 670
f 542 524 670
f 644 642 542
f 637 542 642
f 536 542 637
f 644 670 630
f 2287 2290 2371
f 2371 2368 2287
f 2371 2293 2374
f 2290 2293 2371
f 2374 2296 2377
f 2293 2296 2374
f 2377 2298 2370
f 2296 2298 2377
f 2387 2304 2385
f 2306 2304 2387
f 2392 2306 2387
f 2308 2306 2392
f 2311 2308 2392
f 2392 2395 2311
f 2313 2311 2395
f 2395 2398 2313
f 2316 2313 2398
f 2398 2402 2316
f 2404 2316 2402
f 2319 2316 2404
f 2407 2319 2404
f 2321 2319 2407
f 2325 2321 2407
f 2407 2410 2325
f 2412 2325 2410
f 2327 2325 2412
f 2412 2415 2327
f 2415 2446 2327
f 2446 2329 2327
f 2448 2329 2446
f 2332 2329 2448
f 2450 2332 2448
f 2335 2332 2450
f 2337 2335 2450
f 2452 2340 2342
f 2454 2340 2452
f 2343 2340 2454
f 2458 2343 2454
f 2345 2343 2458
f 2460 2345 2458
f 2347 2345 2460
f 2349 2347 2460
f 2460 2461 2349
f 2449 2349 2461
f 2351 2349 2449
f 2419 2446 2415
f 2421 2446 2419
f 2448 2446 2421
f 2425 2448 2421
f 2450 2448 2425
f 2425 2337 2450
f 2425 2428 2337
f 2428 2354 2337
f 2428 2342 2354
f 2428 2431 2342
f 2431 2452 2342
f 2454 2452 2431
f 2431 2433 2454
f 2458 2454 2433
f 2433 2436 2458
f 2438 2458 2436
f 2460 2458 2438
f 2440 2460 2438
f 2461 2460 2440
f 2405 2461 2440
f 2449 2461 2405
f 2451 2351 2449
f 2357 2351 2451
f 2453 2357 2451
f 2359 2357 2453
f 2364 2359 2453
f 2453 2455 2364
f 2289 2364 2455
f 2455 2457 2289
f 2459 2289 2457
f 2292 2289 2459
f 2294 2292 2459
f 4229 4225 4318
f 4318 4324 4229
f 4329 4229 4324
f 4231 4229 4329
f 4233 4231 4329
f 4329 4331 4233
f 4333 4233 4331
f 4235 4233 4333
f 4238 4235 4333
f 4333 4337 4238
f 4339 4238 4337
f 4240 4238 4339
f 4342 4240 4339
f 4243 4240 4342
f 4344 4243 4342
f 4247 4243 4344
f 4251 4247 4344
f 4344 4349 4251
f 4351 4251 4349
f 4253 4251 4351
f 4353 4253 4351
f 4256 4253 4353
f 4356 4256 4353
f 4258 4256 4356
f 4261 4258 4356
f 4356 4359 4261
f 4263 4261 4359
f 4359 4362 4263
f 4364 4263 4362
f 4266 4263 4364
f 4366 4266 4364
f 4268 4266 4366
f 4371 4347 4394
f 4347 4272 4394
f 4347 4270 4272
f 4394 4272 4274
f 4371 4396 4374
f 4394 4396 4371
f 4396 4274 4276
f 4394 4274 4396
f 4374 4396 4377
f 4379 4396 4277
f 4396 4276 4277
f 4379 4377 4396
f 4379 4222 4326
f 4277 4222 4379
f 4319 4382 4380
f 4381 4268 4366
f 4279 4268 4381
f 4381 4380 4279
f 4380 4382 4279
f 4382 4228 4279
f 488 462 490
f 461 462 488
f 490 463 493
f 462 463 490
f 493 464 497
f 463 464 493
f 497 399 500
f 464 399 497
f 504 500 564
f 500 400 564
f 500 399 400
f 506 509 402
f 509 400 402
f 509 564 400
f 511 506 567
f 506 404 567
f 506 402 404
f 511 567 513
f 504 564 515
f 515 564 509
f 567 404 407
f 517 567 571
f 567 407 571
f 407 408 571
f 517 513 567
f 573 411 412
f 573 571 411
f 571 408 411
f 573 575 571
f 517 571 521
f 521 575 523
f 571 575 521
f 577 412 416
f 573 412 577
f 529 573 577
f 529 527 573
f 527 575 573
f 579 416 419
f 577 416 579
f 529 579 531
f 577 579 529
f 535 579 422
f 579 419 422
f 535 532 579
f 531 579 532
f 422 425 538
f 538 535 422
f 523 575 527
f 431 429 541
f 541 545 431
f 547 431 545
f 433 431 547
f 547 549 433
f 549 580 433
f 580 436 433
f 438 436 580
f 550 580 549
f 550 438 580
f 550 443 438
f 550 553 443
f 553 556 443
f 556 581 443
f 581 445 443
f 447 445 581
f 557 581 556
f 557 447 581
f 557 558 447
f 558 448 447
f 560 448 558
f 451 448 560
f 452 451 560
f 560 489 452
f 1078 1076 1173
f 1173 1175 1078
f 1178 1078 1175
f 1080 1078 1178
f 1084 1080 1178
f 1178 1181 1084
f 1099 1084 1181
f 1181 1185 1099
f 1106 1108 1190
f 1190 1188 1106
f 1193 1106 1188
f 1110 1106 1193
f 1113 1110 1193
f 1193 1198 1113
f 1200 1113 1198
f 1116 1113 1200
f 1119 1116 1200
f 1200 1204 1119
f 1208 1099 1185
f 1125 1099 1208
f 1210 1125 1208
f 1127 1125 1210
f 1190 1127 1210
f 1108 1127 1190
f 1215 1119 1204
f 1130 1119 1215
f 1218 1130 1215
f 1132 1130 1218
f 1135 1136 1222
f 1222 1221 1135
f 1224 1135 1221
f 1138 1135 1224
f 1140 1138 1224
f 1224 1226 1140
f 1228 1140 1226
f 1142 1140 1228
f 1143 1142 1228
f 1228 1229 1143
f 1144 1145 1232
f 1232 1231 1144
f 1233 1132 1218
f 1146 1132 1233
f 1222 1146 1233
f 1136 1146 1222
f 1236 1143 1229
f 1147 1143 1236
f 1238 1147 1236
f 1148 1147 1238
f 1232 1148 1238
f 1145 1148 1232
f 1149 1150 1240
f 1240 1239 1149
f 1230 1149 1239
f 1134 1149 1230
f 1150 1151 1241
f 1241 1240 1150
f 1152 1153 1243
f 1243 1242 1152
f 1154 1144 1231
f 1231 1244 1154
f 1243 1154 1244
f 1153 1154 1243
f 1241 1152 1242
f 1151 1152 1241
f 1344 1347 1419
f 1419 1417 1344
f 1419 1352 1421
f 1347 1352 1419
f 1421 1355 1423
f 1352 1355 1421
f 1427 1358 1489
f 1427 1423 1358
f 1423 1355 1358
f 1427 1489 1428
f 1489 1358 1361
f 1361 1491 1489
f 1489 1491 1429
f 1429 1428 1489
f 1491 1361 1364
f 1430 1364 1366
f 1430 1491 1364
f 1430 1429 1491
f 1366 1369 1431
f 1431 1430 1366
f 1369 1381 1432
f 1432 1431 1369
f 1432 1384 1434
f 1381 1384 1432
f 1390 1357 1437
f 1437 1438 1390
f 1438 1493 1390
f 1493 1392 1390
f 1438 1439 1493
f 1395 1392 1493
f 1444 1493 1439
f 1444 1446 1493
f 1446 1395 1493
f 1446 1397 1395
f 1448 1397 1446
f 1399 1397 1448
f 1400 1399 1448
f 1448 1450 1400
f 1450 1454 1400
f 1454 1401 1400
f 1454 1494 1401
f 1457 1494 1454
f 1336 1401 1494
f 1495 1402 1350
f 1462 1403 1495
f 1403 1402 1495
f 1462 1460 1403
f 1354 1403 1460
f 1460 1465 1354
f 1457 1343 1494
f 1343 1336 1494
f 1457 1468 1343
f 1471 1343 1468
f 1346 1343 1471
f 1348 1346 1471
f 1471 1473 1348
f 1473 1350 1348
f 1473 1495 1350
f 1473 1475 1495
f 1462 1495 1475
f 1480 1354 1465
f 1356 1354 1480
f 1359 1356 1480
f 1480 1482 1359
f 1418 1359 1482
f 1362 1359 1418
f 1367 1370 1441
f 1441 1485 1367
f 1485 1443 1367
f 1443 1490 1367
f 1490 1372 1367
f 1373 1372 1490
f 1648 1650 1723
f 1723 1721 1648
f 1723 1655 1725
f 1650 1655 1723
f 1655 1657 1729
f 1729 1725 1655
f 1657 1649 1731
f 1731 1729 1657
f 1739 1788 1736
f 1664 1662 1742
f 1742 1745 1664
f 1666 1664 1745
f 1745 1748 1666
f 1669 1666 1748
f 1748 1749 1669
f 1749 1736 1669
f 1736 1672 1669
f 1736 1788 1672
f 1754 1788 1739
f 1754 1672 1788
f 1754 1758 1672
f 1758 1674 1672
f 1675 1674 1758
f 1758 1760 1675
f 1761 1675 1760
f 1677 1675 1761
f 1762 1677 1761
f 1679 1677 1762
f 1681 1679 1762
f 1762 1764 1681
f 1684 1681 1764
f 1764 1766 1684
f 1686 1684 1766
f 1766 1767 1686
f 1688 1686 1767
f 1767 1768 1688
f 1690 1688 1768
f 1768 1771 1690
f 1773 1690 1771
f 1692 1690 1773
f 1774 1692 1773
f 1694 1692 1774
f 1718 1694 1774
f 1695 1694 1718
f 2212 2215 2290
f 2290 2287 2212
f 2290 2217 2293
f 2215 2217 2290
f 2217 2219 2296
f 2296 2293 2217
f 2296 2222 2298
f 2219 2222 2296
f 2306 2227 2304
f 2229 2227 2306
f 2308 2229 2306
f 2231 2229 2308
f 2234 2231 2308
f 2308 2311 2234
f 2237 2234 2311
f 2311 2313 2237
f 2240 2237 2313
f 2313 2316 2240
f 2319 2240 2316
f 2243 2240 2319
f 2246 2243 2319
f 2319 2321 2246
f 2325 2246 2321
f 2249 2246 2325
f 2252 2249 2325
f 2325 2327 2252
f 2329 2252 2327
f 2255 2252 2329
f 2332 2255 2329
f 2256 2255 2332
f 2259 2256 2332
f 2332 2335 2259
f 2335 2260 2259
f 2335 2337 2260
f 2337 2366 2260
f 2342 2260 2366
f 2342 2262 2260
f 2342 2340 2262
f 2264 2262 2340
f 2340 2343 2264
f 2345 2264 2343
f 2267 2264 2345
f 2347 2267 2345
f 2268 2267 2347
f 2349 2268 2347
f 2270 2268 2349
f 2351 2270 2349
f 2272 2270 2351
f 2354 2366 2337
f 2342 2366 2354
f 2357 2272 2351
f 2275 2272 2357
f 2359 2275 2357
f 2277 2275 2359
f 2364 2277 2359
f 2279 2277 2364
f 2289 2279 2364
f 2210 2279 2289
f 3915 3795 3912
f 3796 3795 3915
f 3799 3796 3915
f 3915 3921 3799
f 3921 3805 3799
f 3921 4005 3805
f 3921 3924 4005
f 3926 4005 3924
f 3811 3805 4005
f 3926 3929 4005
f 3929 3811 4005
f 3929 3813 3811
f 3815 3813 3929
f 3929 3933 3815
f 3818 3815 3933
f 3933 3938 3818
f 3940 3818 3938
f 3820 3818 3940
f 3824 3820 3940
f 3940 3943 3824
f 3827 3824 3943
f 3943 3946 3827
f 3951 3827 3946
f 3832 3827 3951
f 3834 3832 3951
f 3951 3953 3834
f 3837 3834 3953
f 3953 3957 3837
f 3959 3837 3957
f 3839 3837 3959
f 3964 3839 3959
f 3846 3839 3964
f 3847 3846 3964
f 3964 3967 3847
f 3970 3847 3967
f 3852 3847 3970
f 3855 3852 3970
f 3970 3972 3855
f 3975 3855 3972
f 3858 3855 3975
f 3977 3858 3975
f 3860 3858 3977
f 3980 3860 3977
f 3861 3860 3980
f 3935 3861 3980
f 3808 3861 3935
f 4006 3866 3868
f 3986 3984 4006
f 3984 3866 4006
f 3984 3870 3866
f 4006 3868 3872
f 3989 3872 3797
f 3989 4006 3872
f 3989 3986 4006
f 3797 3800 3992
f 3992 3989 3797
f 3800 3803 3925
f 3925 3992 3800
f 4408 4313 4405
f 4315 4313 4408
f 4313 4317 4411
f 4411 4405 4313
f 4325 4321 4416
f 4416 4417 4325
f 4420 4325 4417
f 4327 4325 4420
f 4416 4315 4408
f 4321 4315 4416
f 4334 4327 4420
f 4420 4424 4334
f 4336 4334 4424
f 4424 4427 4336
f 4340 4336 4427
f 4427 4431 4340
f 4435 4340 4431
f 4345 4340 4435
f 4411 4348 4439
f 4317 4348 4411
f 4439 4350 4441
f 4348 4350 4439
f 4350 4354 4445
f 4445 4441 4350
f 4354 4357 4449
f 4449 4445 4354
f 4449 4361 4453
f 4357 4361 4449
f 4455 4365 4479
f 4455 4361 4365
f 4455 4453 4361
f 4365 4368 4480
f 4480 4479 4365
f 4368 4370 4475
f 4475 4480 4368
f 4455 4479 4458
f 4479 4480 4461
f 4461 4458 4479
f 4480 4475 4406
f 4406 4461 4480
f 4370 4373 4476
f 4476 4475 4370
f 4373 4375 4478
f 4478 4476 4373
f 4466 4419 4378
f 4419 4375 4378
f 4419 4478 4375
f 4466 4312 4422
f 4378 4312 4466
f 4503 4499 4658
f 4509 4507 4591
f 4591 4594 4509
f 4597 4509 4594
f 4512 4509 4597
f 4591 4515 4600
f 4507 4515 4591
f 4602 4503 4658
f 4602 4600 4503
f 4600 4515 4503
f 4609 4518 4607
f 4520 4518 4609
f 4518 4512 4597
f 4597 4607 4518
f 4612 4520 4609
f 4522 4520 4612
f 4614 4522 4612
f 4524 4522 4614
f 4614 4526 4524
f 4614 4660 4526
f 4614 4617 4660
f 4517 4526 4660
f 4658 4499 4529
f 4620 4529 4531
f 4620 4602 4529
f 4602 4658 4529
f 4531 4532 4623
f 4623 4620 4531
f 4532 4535 4625
f 4625 4623 4532
f 4625 4536 4627
f 4535 4536 4625
f 4536 4539 4631
f 4631 4627 4536
f 4539 4540 4634
f 4634 4631 4539
f 4540 4542 4636
f 4636 4634 4540
f 4542 4544 4638
f 4638 4636 4542
f 4638 4546 4641
f 4544 4546 4638
f 4546 4547 4642
f 4642 4641 4546
f 4547 4548 4644
f 4644 4642 4547
f 4548 4549 4646
f 4646 4644 4548
f 4551 4550 4657
f 4549 4552 4647
f 4647 4646 4549
f 4552 4553 4649
f 4649 4647 4552
f 4553 4554 4651
f 4651 4649 4553
f 4592 4551 4657
f 4592 4651 4551
f 4651 4554 4551
f 4657 4550 4485
f 187 7 184
f 9 7 187
f 190 9 187
f 11 9 190
f 194 11 190
f 13 11 194
f 185 13 194
f 15 13 185
f 196 18 19
f 19 197 196
f 199 19 21
f 197 19 199
f 200 23 24
f 188 15 185
f 26 15 188
f 129 131 188
f 131 200 188
f 200 24 188
f 24 26 188
f 140 23 200
f 140 28 23
f 140 136 28
f 136 199 28
f 199 21 28
f 136 142 199
f 140 200 131
f 196 202 145
f 145 143 196
f 145 202 146
f 204 196 197
f 202 196 204
f 202 204 147
f 147 146 202
f 151 149 199
f 149 204 199
f 204 197 199
f 147 204 149
f 151 199 142
f 208 203 155
f 155 157 208
f 210 203 208
f 205 203 210
f 158 208 157
f 210 208 158
f 158 160 210
f 211 205 210
f 206 205 211
f 207 206 211
f 211 212 207
f 211 210 160
f 160 163 211
f 212 211 163
f 163 165 212
f 213 207 212
f 209 207 213
f 184 209 213
f 213 214 184
f 167 212 165
f 213 212 167
f 169 213 167
f 214 213 169
f 187 184 214
f 214 215 187
f 190 187 215
f 215 216 190
f 171 214 169
f 215 214 171
f 172 215 171
f 216 215 172
f 194 190 216
f 216 217 194
f 191 194 217
f 185 194 191
f 174 216 172
f 217 216 174
f 191 217 174
f 174 135 191
f 2116 1967 1968
f 2046 1963 2044
f 1971 1963 2046
f 1973 1971 2046
f 2046 2049 1973
f 2052 1973 2049
f 1976 1973 2052
f 2052 1968 1976
f 2052 2055 1968
f 2055 2116 1968
f 1964 1979 2060
f 2060 2059 1964
f 1979 1982 2062
f 2062 2060 1979
f 1982 1984 2065
f 2065 2062 1982
f 1984 1987 2067
f 2067 2065 1984
f 1993 1967 2116
f 2118 1995 1997
f 2072 2000 2074
f 1999 2000 2072
f 1987 1999 2072
f 2072 2067 1987
f 2076 2000 2118
f 2000 1995 2118
f 2076 2074 2000
f 2055 1993 2116
f 2055 2080 1993
f 2080 2003 1993
f 2080 1997 2003
f 2080 2082 1997
f 2082 2118 1997
f 2076 2118 2082
f 2465 2367 2462
f 2369 2367 2465
f 2367 2372 2468
f 2468 2462 2367
f 2468 2376 2471
f 2372 2376 2468
f 2376 2379 2473
f 2473 2471 2376
f 2475 2369 2465
f 2381 2369 2475
f 2382 2381 2475
f 2475 2478 2382
f 2383 2382 2478
f 2478 2481 2383
f 2384 2383 2481
f 2481 2483 2384
f 2386 2384 2483
f 2483 2486 2386
f 2477 2386 2486
f 2385 2386 2477
f 2473 2388 2489
f 2379 2388 2473
f 2388 2390 2491
f 2491 2489 2388
f 2390 2393 2492
f 2492 2491 2390
f 2393 2396 2494
f 2494 2492 2393
f 2494 2401 2497
f 2396 2401 2494
f 2497 2403 2499
f 2401 2403 2497
f 2403 2406 2501
f 2501 2499 2403
f 2406 2408 2504
f 2504 2501 2406
f 2408 2413 2508
f 2508 2504 2408
f 2413 2416 2511
f 2511 2508 2413
f 2511 2418 2513
f 2416 2418 2511
f 2513 2420 2517
f 2418 2420 2513
f 2420 2423 2521
f 2521 2517 2420
f 2423 2426 2524
f 2524 2521 2423
f 2426 2429 2526
f 2526 2524 2426
f 2429 2432 2529
f 2529 2526 2429
f 2529 2435 2532
f 2432 2435 2529
f 2435 2437 2534
f 2534 2532 2435
f 2437 2439 2535
f 2535 2534 2437
f 2535 2441 2536
f 2439 2441 2535
f 2441 2442 2537
f 2537 2536 2441
f 2442 2368 2463
f 2463 2537 2442
f 2790 2714 2793
f 2712 2714 2790
f 2793 2717 2796
f 2714 2717 2793
f 2796 2724 2799
f 2717 2724 2796
f 2724 2729 2802
f 2802 2799 2724
f 2736 2735 2808
f 2808 2810 2736
f 2739 2736 2810
f 2810 2814 2739
f 2742 2739 2814
f 2814 2817 2742
f 2819 2742 2817
f 2744 2742 2819
f 2747 2744 2819
f 2819 2822 2747
f 2824 2747 2822
f 2749 2747 2824
f 2752 2749 2824
f 2824 2827 2752
f 2830 2752 2827
f 2754 2752 2830
f 2756 2754 2830
f 2830 2832 2756
f 2758 2756 2832
f 2832 2834 2758
f 2760 2758 2834
f 2834 2835 2760
f 2836 2760 2835
f 2762 2760 2836
f 2764 2762 2836
f 2836 2837 2764
f 2766 2764 2837
f 2837 2838 2766
f 2839 2766 2838
f 2767 2766 2839
f 2841 2767 2839
f 2769 2767 2841
f 2771 2769 2841
f 2841 2843 2771
f 2773 2771 2843
f 2843 2845 2773
f 2847 2773 2845
f 2775 2773 2847
f 2848 2775 2847
f 2777 2775 2848
f 2726 2777 2848
f 2848 2811 2726
f 2729 2780 2853
f 2853 2802 2729
f 2780 2782 2855
f 2855 2853 2780
f 2782 2784 2857
f 2857 2855 2782
f 2784 2718 2798
f 2798 2857 2784
f 2802 2853 2872
f 2872 2870 2802
f 2853 2855 2875
f 2875 2872 2853
f 2855 2857 2879
f 2879 2875 2855
f 2857 2798 2880
f 2880 2879 2857
f 2792 2795 2886
f 2886 2884 2792
f 2880 2792 2884
f 2798 2792 2880
f 2795 2801 2889
f 2889 2886 2795
f 2804 2805 2895
f 2895 2893 2804
f 2895 2807 2897
f 2805 2807 2895
f 2889 2804 2893
f 2801 2804 2889
f 2813 2811 2902
f 2902 2904 2813
f 2907 2813 2904
f 2815 2813 2907
f 2818 2815 2907
f 2907 2909 2818
f 2912 2818 2909
f 2821 2818 2912
f 2915 2821 2912
f 2825 2821 2915
f 2828 2825 2915
f 2915 2918 2828
f 2920 2945 2922
f 2925 2828 2918
f 2831 2828 2925
f 2925 2922 2831
f 2922 2945 2831
f 2945 2844 2831
f 2920 2931 2945
f 2931 2851 2945
f 2931 2849 2851
f 2807 2849 2931
f 2931 2897 2807
f 2945 2851 2844
f 2947 2871 2950
f 2868 2871 2947
f 2950 2874 2953
f 2871 2874 2950
f 2874 2877 2956
f 2956 2953 2874
f 2877 2870 2949
f 2949 2956 2877
f 2885 2883 2960
f 2960 2962 2885
f 2887 2885 2962
f 2962 2963 2887
f 2891 2887 2963
f 2963 2969 2891
f 2894 2891 2969
f 2969 2971 2894
f 2974 2894 2971
f 2898 2894 2974
f 2900 2898 2974
f 2974 2976 2900
f 2903 2900 2976
f 2976 2978 2903
f 2982 2903 2978
f 2906 2903 2982
f 2910 2906 2982
f 2982 2985 2910
f 2988 2910 2985
f 2913 2910 2988
f 2917 2913 2988
f 2988 2993 2917
f 2919 2917 2993
f 2993 2996 2919
f 2996 2923 2919
f 2996 3028 2923
f 2996 3000 3028
f 3002 3028 3000
f 3029 3028 3002
f 2926 2923 3028
f 2926 3028 3029
f 3029 2928 2926
f 3031 3029 3002
f 3002 3004 3031
f 3033 3031 3004
f 3004 3010 3033
f 2928 3029 3031
f 3031 2930 2928
f 2930 3031 3033
f 3033 2933 2930
f 3012 3033 3010
f 3035 3033 3012
f 3036 3035 3012
f 3012 3015 3036
f 2933 3033 3035
f 3035 2936 2933
f 2936 3035 3036
f 3036 2938 2936
f 3037 3036 3015
f 3015 3016 3037
f 2979 3037 3016
f 3023 3037 2979
f 2938 3036 3037
f 3037 2939 2938
f 2902 3037 3023
f 2939 3037 2902
f 3192 3195 3268
f 3268 3266 3192
f 3195 3198 3270
f 3270 3268 3195
f 3270 3200 3272
f 3198 3200 3270
f 3200 3202 3274
f 3274 3272 3200
f 3211 3208 3279
f 3279 3281 3211
f 3283 3211 3281
f 3213 3211 3283
f 3216 3213 3283
f 3283 3285 3216
f 3219 3216 3285
f 3285 3287 3219
f 3225 3219 3287
f 3287 3291 3225
f 3294 3225 3291
f 3228 3225 3294
f 3230 3228 3294
f 3294 3297 3230
f 3300 3230 3297
f 3232 3230 3300
f 3233 3232 3300
f 3300 3303 3233
f 3305 3233 3303
f 3234 3233 3305
f 3236 3234 3305
f 3305 3310 3236
f 3238 3236 3310
f 3310 3312 3238
f 3242 3238 3312
f 3312 3315 3242
f 3244 3242 3315
f 3315 3317 3244
f 3319 3244 3317
f 3246 3244 3319
f 3248 3246 3319
f 3319 3321 3248
f 3251 3248 3321
f 3321 3323 3251
f 3324 3251 3323
f 3252 3251 3324
f 3254 3252 3324
f 3324 3326 3254
f 3210 3254 3326
f 3326 3288 3210
f 3202 3257 3330
f 3330 3274 3202
f 3257 3259 3331
f 3331 3330 3257
f 3259 3260 3334
f 3334 3331 3259
f 3260 3197 3271
f 3271 3334 3260
f 3444 3578 3580
f 3580 3485 3444
f 3485 3580 3581
f 3581 3487 3485
f 3487 3581 3583
f 3583 3489 3487
f 3491 3583 3584
f 3489 3583 3491
f 3492 3584 3585
f 3491 3584 3492
f 3493 3585 3586
f 3492 3585 3493
f 3494 3586 3587
f 3493 3586 3494
f 3495 3587 3588
f 3494 3587 3495
f 3588 3479 3495
f 3913 4003 3911
f 3812 3801 3917
f 3917 3918 3812
f 3917 3814 3920
f 3801 3814 3917
f 3918 3911 3812
f 3911 3816 3812
f 3911 4003 3816
f 3814 3817 3922
f 3922 3920 3814
f 3817 3819 3927
f 3927 3922 3817
f 3927 3822 3930
f 3819 3822 3927
f 3936 4003 3913
f 3936 3942 4003
f 3942 3816 4003
f 3942 3826 3816
f 3945 3826 3942
f 3829 3826 3945
f 3831 3833 3950
f 3950 3948 3831
f 3930 3831 3948
f 3822 3831 3930
f 3950 3835 3954
f 3833 3835 3950
f 3835 3840 3956
f 3956 3954 3835
f 3842 3829 3945
f 3945 3960 3842
f 3844 3842 3960
f 3960 3962 3844
f 3848 3844 3962
f 3962 3966 3848
f 3850 3848 3966
f 3966 3969 3850
f 3971 3850 3969
f 3854 3850 3971
f 3974 3854 3971
f 3857 3854 3974
f 3956 3862 3978
f 3840 3862 3956
f 3862 3863 3982
f 3982 3978 3862
f 3863 3864 3985
f 3985 3982 3863
f 3985 3865 3988
f 3864 3865 3985
f 3988 3867 3991
f 3865 3867 3988
f 3991 3869 3994
f 3867 3869 3991
f 3994 3871 3996
f 3869 3871 3994
f 3996 3836 3947
f 3871 3836 3996
f 4014 3912 4011
f 3915 3912 4014
f 3921 3915 4014
f 4014 4018 3921
f 3924 3921 4018
f 4018 4021 3924
f 4026 3924 4021
f 3926 3924 4026
f 3929 3926 4026
f 4026 4029 3929
f 3933 3929 4029
f 4029 4032 3933
f 4044 3933 4032
f 3938 3933 4044
f 3940 3938 4044
f 4044 4046 3940
f 3943 3940 4046
f 4046 4048 3943
f 4050 3943 4048
f 3946 3943 4050
f 4053 3946 4050
f 3951 3946 4053
f 4055 3951 4053
f 3953 3951 4055
f 3957 3953 4055
f 4055 4057 3957
f 3959 3957 4057
f 4057 4058 3959
f 3964 3959 4058
f 4058 4061 3964
f 4063 3964 4061
f 3967 3964 4063
f 4065 3967 4063
f 3970 3967 4065
f 3972 3970 4065
f 4065 4066 3972
f 3975 3972 4066
f 4066 4068 3975
f 3977 3975 4068
f 4068 4070 3977
f 3980 3977 4070
f 4070 4072 3980
f 3935 3980 4072
f 4072 4031 3935
f 3984 3986 4074
f 4074 4064 3984
f 3986 3989 4075
f 4075 4074 3986
f 3989 3992 4076
f 4076 4075 3989
f 4076 3925 4027
f 3992 3925 4076
f 4111 4109 4282
f 4282 4113 4286
f 4109 4113 4282
f 4113 4118 4288
f 4288 4286 4113
f 4288 4118 4121
f 4202 4127 4205
f 4124 4127 4202
f 4205 4129 4209
f 4127 4129 4205
f 4209 4132 4212
f 4129 4132 4209
f 4212 4135 4214
f 4132 4135 4212
f 4214 4138 4219
f 4135 4138 4214
f 4219 4140 4224
f 4138 4140 4219
f 4140 4142 4227
f 4227 4224 4140
f 4227 4146 4232
f 4142 4146 4227
f 4147 4282 4295
f 4111 4282 4147
f 4237 4282 4286
f 4237 4295 4282
f 4237 4239 4295
f 4241 4232 4295
f 4232 4147 4295
f 4232 4146 4147
f 4241 4295 4239
f 4237 4288 4245
f 4286 4288 4237
f 4248 4245 4299
f 4245 4148 4299
f 4245 4288 4148
f 4288 4121 4148
f 4249 4150 4302
f 4150 4151 4302
f 4249 4299 4150
f 4249 4248 4299
f 4257 4254 4154
f 4254 4302 4154
f 4302 4151 4154
f 4154 4155 4260
f 4260 4257 4154
f 4299 4148 4157
f 4249 4302 4264
f 4299 4157 4150
f 4264 4302 4254
f 4155 4160 4269
f 4269 4260 4155
f 4269 4162 4271
f 4160 4162 4269
f 4273 4305 4275
f 4273 4271 4305
f 4271 4164 4305
f 4271 4162 4164
f 4275 4308 4270
f 4305 4308 4275
f 4308 4164 4166
f 4305 4164 4308
f 4173 4171 4278
f 4278 4280 4173
f 4278 4168 4246
f 4171 4168 4278
f 4201 4173 4280
f 4104 4173 4201
f 4558 4556 4486
f 4486 4487 4558
f 4488 4558 4487
f 4559 4558 4488
f 4432 4556 4558
f 4430 4556 4432
f 4432 4558 4559
f 4559 4434 4432
f 4563 4559 4488
f 4488 4489 4563
f 4491 4563 4489
f 4566 4563 4491
f 4437 4559 4563
f 4434 4559 4437
f 4437 4563 4566
f 4566 4438 4437
f 4492 4566 4491
f 4568 4566 4492
f 4493 4568 4492
f 4570 4568 4493
f 4442 4566 4568
f 4438 4566 4442
f 4444 4568 4570
f 4442 4568 4444
f 4495 4570 4493
f 4573 4570 4495
f 4497 4573 4495
f 4576 4573 4497
f 4446 4570 4573
f 4444 4570 4446
f 4448 4573 4576
f 4446 4573 4448
f 4500 4454 4502
f 4452 4454 4500
f 4502 4456 4505
f 4454 4456 4502
f 4456 4459 4508
f 4508 4505 4456
f 4459 4407 4510
f 4510 4508 4459
f 4580 4576 4497
f 4497 4514 4580
f 4514 4516 4580
f 4516 4462 4580
f 4516 4414 4462
f 4448 4576 4580
f 4580 4464 4448
f 4580 4462 4464
f 4407 4414 4516
f 4516 4510 4407
f 4595 4485 4490
f 4595 4592 4485
f 4592 4657 4485
f 4595 4494 4599
f 4490 4494 4595
f 4494 4496 4603
f 4603 4599 4494
f 4603 4498 4605
f 4496 4498 4603
f 4498 4501 4610
f 4610 4605 4498
f 4610 4504 4613
f 4501 4504 4610
f 4613 4506 4615
f 4504 4506 4613
f 4615 4511 4618
f 4506 4511 4615
f 4659 4513 4500
f 4621 4618 4659
f 4618 4511 4659
f 4511 4513 4659
f 4628 4660 4617
f 4628 4630 4660
f 4630 4519 4660
f 4519 4517 4660
f 4632 4519 4630
f 4521 4519 4632
f 4523 4521 4632
f 4632 4637 4523
f 4525 4523 4637
f 4637 4639 4525
f 4527 4525 4639
f 4639 4640 4527
f 4643 4527 4640
f 4528 4527 4643
f 4530 4528 4643
f 4643 4645 4530
f 4648 4530 4645
f 4533 4530 4648
f 4650 4533 4648
f 4534 4533 4650
f 4652 4534 4650
f 4537 4534 4652
f 4538 4537 4652
f 4652 4653 4538
f 4654 4538 4653
f 4541 4538 4654
f 4543 4541 4654
f 4654 4655 4543
f 4545 4543 4655
f 4655 4656 4545
f 4486 4545 4656
f 4656 4593 4486
f 384 222 225
f 328 232 331
f 230 232 328
f 232 235 334
f 334 331 232
f 334 239 338
f 235 239 334
f 338 242 341
f 239 242 338
f 242 244 345
f 345 341 242
f 244 246 346
f 346 345 244
f 246 248 347
f 347 346 246
f 390 251 252
f 392 222 384
f 254 222 392
f 392 394 254
f 394 252 254
f 394 390 252
f 348 251 390
f 348 248 251
f 348 347 248
f 390 394 350
f 350 348 390
f 355 387 353
f 355 388 387
f 355 395 388
f 355 356 395
f 358 395 356
f 260 388 395
f 258 388 260
f 358 363 395
f 363 261 395
f 261 260 395
f 363 396 261
f 262 261 396
f 396 397 262
f 264 262 397
f 397 398 264
f 266 264 398
f 366 396 363
f 397 396 366
f 366 368 397
f 398 397 368
f 368 370 398
f 370 266 398
f 370 372 266
f 372 268 266
f 272 268 372
f 372 374 272
f 274 272 374
f 374 377 274
f 275 274 377
f 377 379 275
f 276 275 379
f 379 326 276
f 1255 1253 1405
f 1332 1333 1257
f 1333 1405 1257
f 1405 1253 1257
f 1257 1260 1335
f 1335 1332 1257
f 1260 1263 1338
f 1338 1335 1260
f 1265 1405 1408
f 1255 1405 1265
f 1340 1405 1333
f 1408 1405 1340
f 1342 1267 1408
f 1267 1265 1408
f 1342 1345 1267
f 1342 1408 1340
f 1270 1267 1345
f 1345 1349 1270
f 1351 1270 1349
f 1272 1270 1351
f 1353 1272 1351
f 1274 1272 1353
f 1357 1274 1353
f 1275 1274 1357
f 1263 1280 1360
f 1360 1338 1263
f 1280 1282 1363
f 1363 1360 1280
f 1282 1285 1365
f 1365 1363 1282
f 1285 1288 1368
f 1368 1365 1285
f 1288 1293 1371
f 1371 1368 1288
f 1293 1295 1378
f 1378 1371 1293
f 1295 1298 1380
f 1380 1378 1295
f 1298 1301 1382
f 1382 1380 1298
f 1382 1305 1386
f 1301 1305 1382
f 1305 1307 1389
f 1389 1386 1305
f 1307 1310 1391
f 1391 1389 1307
f 1310 1252 1334
f 1334 1391 1310
f 1499 1419 1501
f 1417 1419 1499
f 1419 1421 1504
f 1504 1501 1419
f 1504 1423 1507
f 1421 1423 1504
f 1423 1427 1511
f 1511 1507 1423
f 1511 1428 1514
f 1427 1428 1511
f 1514 1429 1516
f 1428 1429 1514
f 1429 1430 1521
f 1521 1516 1429
f 1430 1431 1523
f 1523 1521 1430
f 1431 1432 1526
f 1526 1523 1431
f 1529 1432 1570
f 1432 1434 1570
f 1529 1526 1432
f 1529 1570 1533
f 1536 1569 1520
f 1536 1539 1569
f 1539 1438 1569
f 1438 1437 1569
f 1439 1438 1539
f 1539 1542 1439
f 1542 1444 1439
f 1542 1573 1444
f 1542 1544 1573
f 1446 1444 1573
f 1546 1573 1544
f 1546 1548 1573
f 1548 1448 1573
f 1448 1446 1573
f 1548 1574 1448
f 1574 1450 1448
f 1548 1550 1574
f 1454 1450 1574
f 1552 1574 1550
f 1552 1553 1574
f 1553 1454 1574
f 1553 1457 1454
f 1575 1460 1462
f 1465 1460 1575
f 1468 1457 1553
f 1553 1556 1468
f 1471 1468 1556
f 1556 1558 1471
f 1473 1471 1558
f 1558 1560 1473
f 1475 1473 1560
f 1560 1561 1475
f 1561 1462 1475
f 1561 1575 1462
f 1561 1563 1575
f 1563 1465 1575
f 1563 1565 1465
f 1565 1480 1465
f 1482 1480 1565
f 1565 1567 1482
f 1418 1482 1567
f 1567 1497 1418
f 1568 1485 1441
f 1443 1485 1568
f 1580 1522 1525
f 1580 1644 1522
f 1580 1578 1644
f 1525 1528 1582
f 1582 1580 1525
f 1645 1531 1532
f 1528 1534 1585
f 1585 1582 1528
f 1589 1537 1645
f 1537 1531 1645
f 1589 1588 1537
f 1585 1537 1588
f 1534 1537 1585
f 1644 1533 1522
f 1541 1519 1594
f 1594 1595 1541
f 1595 1597 1541
f 1597 1532 1541
f 1597 1645 1532
f 1589 1645 1597
f 1578 1580 1651
f 1651 1649 1578
f 1580 1582 1653
f 1653 1651 1580
f 1582 1585 1656
f 1656 1653 1582
f 1716 1588 1589
f 1658 1656 1716
f 1656 1585 1716
f 1585 1588 1716
f 1663 1594 1660
f 1595 1594 1663
f 1597 1595 1663
f 1663 1667 1597
f 1667 1716 1597
f 1716 1589 1597
f 1667 1670 1716
f 1658 1716 1670
f 1796 1793 1883
f 1883 1885 1796
f 1799 1796 1885
f 1885 1888 1799
f 1891 1799 1888
f 1803 1799 1891
f 1805 1803 1891
f 1891 1894 1805
f 1897 1805 1894
f 1807 1805 1897
f 1899 1807 1897
f 1810 1807 1899
f 1902 1810 1899
f 1812 1810 1902
f 1906 1812 1902
f 1814 1812 1906
f 1801 1816 1909
f 1909 1893 1801
f 1816 1817 1911
f 1911 1909 1816
f 1911 1818 1913
f 1817 1818 1911
f 1913 1819 1916
f 1818 1819 1913
f 1920 1814 1906
f 1821 1814 1920
f 1824 1821 1920
f 1920 1922 1824
f 1826 1828 1926
f 1926 1924 1826
f 1819 1826 1924
f 1924 1916 1819
f 1926 1824 1922
f 1828 1824 1926
f 1956 1881 1954
f 1887 1881 1956
f 1881 1890 1959
f 1959 1954 1881
f 1959 1892 1962
f 1890 1892 1959
f 1966 1895 1965
f 1896 1895 1966
f 1895 1887 1956
f 1956 1965 1895
f 1969 1896 1966
f 1898 1896 1969
f 1903 1898 1969
f 1969 1974 1903
f 1977 1903 1974
f 1905 1903 1977
f 1981 1905 1977
f 1908 1905 1981
f 1970 1908 1981
f 1900 1908 1970
f 1962 1912 1985
f 1892 1912 1962
f 1912 1914 1988
f 1988 1985 1912
f 1988 1917 1990
f 1914 1917 1988
f 1917 1919 1992
f 1992 1990 1917
f 1992 1925 1998
f 1919 1925 1992
f 1998 1928 2002
f 1925 1928 1998
f 2002 1929 2004
f 1928 1929 2002
f 2004 1931 2006
f 1929 1931 2004
f 2006 1934 2009
f 1931 1934 2006
f 2009 1936 2010
f 1934 1936 2009
f 2010 1938 2012
f 1936 1938 2010
f 1938 1939 2014
f 2014 2012 1938
f 2014 1941 2016
f 1939 1941 2014
f 2016 1943 2018
f 1941 1943 2016
f 1943 1944 2020
f 2020 2018 1943
f 1944 1945 2021
f 2021 2020 1944
f 1945 1946 2022
f 2022 2021 1945
f 1946 1947 2023
f 2023 2022 1946
f 2023 1948 2024
f 1947 1948 2023
f 1948 1949 2025
f 2025 2024 1948
f 2025 1950 2026
f 1949 1950 2025
f 1950 1882 1951
f 1951 2026 1950
f 2047 1954 2045
f 1956 1954 2047
f 1954 1959 2051
f 2051 2045 1954
f 2051 1962 2054
f 1959 1962 2051
f 2058 1965 2057
f 1966 1965 2058
f 1965 1956 2047
f 2047 2057 1965
f 2061 1966 2058
f 1969 1966 2061
f 2064 1969 2061
f 1974 1969 2064
f 2068 1974 2064
f 1977 1974 2068
f 2070 1977 2068
f 1981 1977 2070
f 2063 1981 2070
f 1970 1981 2063
f 1962 1985 2075
f 2075 2054 1962
f 1985 1988 2078
f 2078 2075 1985
f 2078 1990 2081
f 1988 1990 2078
f 1990 1992 2084
f 2084 2081 1990
f 1992 1998 2086
f 2086 2084 1992
f 2086 2002 2088
f 1998 2002 2086
f 2088 2004 2090
f 2002 2004 2088
f 2090 2006 2092
f 2004 2006 2090
f 2006 2009 2095
f 2095 2092 2006
f 2095 2010 2097
f 2009 2010 2095
f 2097 2012 2099
f 2010 2012 2097
f 2012 2014 2100
f 2100 2099 2012
f 2014 2016 2102
f 2102 2100 2014
f 2102 2018 2104
f 2016 2018 2102
f 2018 2020 2106
f 2106 2104 2018
f 2020 2021 2107
f 2107 2106 2020
f 2021 2022 2110
f 2110 2107 2021
f 2110 2023 2111
f 2022 2023 2110
f 2111 2024 2113
f 2023 2024 2111
f 2024 2025 2114
f 2114 2113 2024
f 2114 2026 2115
f 2025 2026 2114
f 2115 1951 2048
f 2026 1951 2115
f 3123 3124 3194
f 3194 3191 3123
f 3197 3123 3191
f 3121 3123 3197
f 3194 3126 3201
f 3124 3126 3194
f 3127 3128 3205
f 3205 3203 3127
f 3205 3130 3206
f 3128 3130 3205
f 3201 3127 3203
f 3126 3127 3201
f 3136 3134 3210
f 3210 3212 3136
f 3214 3136 3212
f 3138 3136 3214
f 3141 3138 3214
f 3214 3217 3141
f 3220 3141 3217
f 3145 3141 3220
f 3148 3145 3220
f 3220 3222 3148
f 3150 3148 3222
f 3222 3224 3150
f 3227 3150 3224
f 3153 3150 3227
f 3155 3153 3227
f 3227 3240 3155
f 3159 3155 3240
f 3240 3243 3159
f 3130 3159 3243
f 3243 3206 3130
f 3802 3885 3798
f 3821 3709 3706
f 3821 3885 3709
f 3821 3798 3885
f 3802 3823 3885
f 3823 3711 3885
f 3823 3715 3711
f 3711 3709 3885
f 3821 3721 3825
f 3706 3721 3821
f 3825 3725 3828
f 3721 3725 3825
f 3830 3828 3888
f 3828 3726 3888
f 3828 3725 3726
f 3888 3726 3730
f 3836 3737 3838
f 3735 3737 3836
f 3838 3740 3841
f 3737 3740 3838
f 3841 3743 3843
f 3740 3743 3841
f 3843 3746 3845
f 3743 3746 3843
f 3845 3749 3849
f 3746 3749 3845
f 3749 3751 3851
f 3851 3849 3749
f 3751 3754 3853
f 3853 3851 3751
f 3754 3756 3856
f 3856 3853 3754
f 3763 3715 3823
f 3823 3859 3763
f 3873 3763 3859
f 3765 3763 3873
f 3856 3766 3874
f 3756 3766 3856
f 3874 3765 3873
f 3766 3765 3874
f 3875 3769 3770
f 3875 3888 3769
f 3875 3830 3888
f 3770 3772 3876
f 3876 3875 3770
f 3876 3774 3877
f 3772 3774 3876
f 3877 3776 3878
f 3774 3776 3877
f 3888 3730 3769
f 3776 3779 3879
f 3879 3878 3776
f 3879 3780 3880
f 3779 3780 3879
f 3880 3781 3881
f 3780 3781 3880
f 3781 3759 3870
f 3870 3881 3781
f 3882 3764 3857
f 3782 3764 3882
f 3783 3782 3882
f 3882 3883 3783
f 3884 3783 3883
f 3784 3783 3884
f 3689 3784 3884
f 3884 3795 3689
f 3804 3806 3916
f 3916 3914 3804
f 3925 3804 3914
f 3803 3804 3925
f 3916 3807 3932
f 3806 3807 3916
f 3809 3808 3935
f 3935 3937 3809
f 3810 3809 3937
f 3937 3944 3810
f 3807 3810 3944
f 3944 3932 3807
f 4662 4727 4665
f 4665 4728 4668
f 4727 4728 4665
f 4662 4624 4727
f 4624 4626 4727
f 4662 4671 4624
f 4727 4626 4629
f 4629 4728 4727
f 4677 4616 4675
f 4633 4616 4677
f 4677 4728 4633
f 4728 4635 4633
f 4677 4668 4728
f 4728 4629 4635
f 4735 4732 4798
f 4732 4661 4798
f 4661 4663 4798
f 4798 4663 4666
f 4735 4798 4739
f 4742 4798 4670
f 4798 4666 4670
f 4742 4739 4798
f 4670 4673 4745
f 4745 4742 4670
f 4673 4676 4748
f 4748 4745 4673
f 4752 4682 4680
f 4752 4800 4682
f 4752 4753 4800
f 4684 4682 4800
f 4754 4800 4753
f 4754 4756 4800
f 4756 4685 4800
f 4685 4684 4800
f 4758 4685 4756
f 4688 4685 4758
f 4690 4688 4758
f 4758 4761 4690
f 4762 4690 4761
f 4692 4690 4762
f 4694 4692 4762
f 4762 4765 4694
f 4767 4694 4765
f 4697 4694 4767
f 4699 4697 4767
f 4767 4769 4699
f 4701 4699 4769
f 4769 4773 4701
f 4703 4701 4773
f 4773 4776 4703
f 4705 4703 4776
f 4776 4778 4705
f 4781 4705 4778
f 4707 4705 4781
f 4709 4707 4781
f 4781 4782 4709
f 4784 4709 4782
f 4711 4709 4784
f 4713 4711 4784
f 4784 4786 4713
f 4714 4713 4786
f 4786 4788 4714
f 4789 4714 4788
f 4715 4714 4789
f 4716 4715 4789
f 4789 4790 4716
f 4791 4716 4790
f 4717 4716 4791
f 4718 4717 4791
f 4791 4792 4718
f 4719 4718 4792
f 4792 4793 4719
f 4794 4719 4793
f 4720 4719 4794
f 4747 4720 4794
f 4675 4720 4747
f 4802 4722 4723
f 4795 4748 4802
f 4748 4722 4802
f 4748 4676 4722
f 4743 4802 4671
f 4802 4723 4671
f 4743 4796 4802
f 4795 4802 4796
f 4876 4933 4879
f 4881 4933 4876
f 4936 4933 4881
f 4884 4941 4938
f 4884 4879 4941
f 4879 4933 4941
f 4941 4936 4943
f 4933 4936 4941
f 4946 4936 4881
f 4881 4887 4946
f 4948 4946 4887
f 4887 4890 4948
f 4936 4946 4951
f 4951 4943 4936
f 4951 4948 4954
f 4946 4948 4951
f 4957 4948 4890
f 4890 4893 4957
f 4896 4957 4893
f 4962 4957 4896
f 4954 4957 4965
f 4948 4957 4954
f 4965 4962 4967
f 4957 4962 4965
f 4969 4962 4896
f 4896 4899 4969
f 4971 4969 4899
f 4899 4902 4971
f 4967 4969 4973
f 4962 4969 4967
f 4973 4971 4976
f 4969 4971 4973
f 4807 4938 4941
f 4941 4810 4807
f 4810 4941 4943
f 4943 4813 4810
f 4813 4943 4951
f 4951 4815 4813
f 4815 4951 4954
f 4954 4817 4815
f 4820 4954 4965
f 4817 4954 4820
f 4821 4965 4967
f 4820 4965 4821
f 4821 4967 4973
f 4973 4824 4821
f 4824 4973 4976
f 4976 4827 4824
f 4985 4971 4902
f 4902 4908 4985
f 4987 4985 4908
f 4908 4911 4987
f 4976 4985 4990
f 4971 4985 4976
f 4990 4987 4992
f 4985 4987 4990
f 4994 4987 4911
f 4911 4914 4994
f 4996 4994 4914
f 4914 4916 4996
f 4992 4994 4998
f 4987 4994 4992
f 4998 4996 5000
f 4994 4996 4998
f 5003 4996 4916
f 4916 4918 5003
f 5005 5003 4918
f 4918 4919 5005
f 5000 5003 5007
f 4996 5003 5000
f 5007 5005 5009
f 5003 5005 5007
f 5010 5005 4919
f 4919 4921 5010
f 4923 5010 4921
f 5009 5010 5011
f 5005 5010 5009
f 4923 4925 5010
f 4925 5011 5010
f 4925 5012 5011
f 4827 4976 4990
f 4990 4831 4827
f 4833 4990 4992
f 4831 4990 4833
f 4836 4992 4998
f 4833 4992 4836
f 4836 4998 5000
f 5000 4838 4836
f 4838 5000 5007
f 5007 4841 4838
f 4843 5007 5009
f 4841 5007 4843
f 4846 5009 5011
f 4843 5009 4846
f 4849 5011 5012
f 4846 5011 4849
f 4917 5013 4927
f 4988 5013 4917
f 4928 5014 4929
f 4928 5015 5014
f 4928 4927 5015
f 4927 5013 5015
f 4988 4847 4851
f 4851 5013 4988
f 5013 4851 4853
f 4853 5015 5013
f 4929 5016 4930
f 5014 5016 4929
f 4857 5016 4856
f 5016 5015 4856
f 5016 5014 5015
f 4925 4930 5012
f 4930 5017 5012
f 4930 5016 5017
f 5016 4857 4860
f 4860 5017 5016
f 5015 4853 4856
f 4849 5012 5017
f 5017 4863 4849
f 5017 4860 4863
f 4877 4880 5020
f 5020 5018 4877
f 5020 4886 5022
f 4880 4886 5020
f 5018 5020 5027
f 5027 5024 5018
f 5020 5022 5029
f 5029 5027 5020
f 5022 4889 5031
f 4886 4889 5022
f 4889 4892 5034
f 5034 5031 4889
f 5029 5031 5036
f 5022 5031 5029
f 5031 5034 5039
f 5039 5036 5031
f 5024 5027 5045
f 5045 5042 5024
f 5027 5029 5047
f 5047 5045 5027
f 5042 5045 5037
f 5037 5033 5042
f 5045 5047 5046
f 5046 5037 5045
f 5029 5036 5050
f 5050 5047 5029
f 5050 5039 5053
f 5036 5039 5050
f 5046 5050 5055
f 5047 5050 5046
f 5050 5053 5057
f 5057 5055 5050
f 5034 4895 5061
f 4892 4895 5034
f 5061 4897 5062
f 4895 4897 5061
f 5034 5061 5063
f 5063 5039 5034
f 5061 5062 5066
f 5066 5063 5061
f 5062 4901 5068
f 4897 4901 5062
f 4901 4904 5072
f 5072 5068 4901
f 5066 5068 5074
f 5062 5068 5066
f 5074 5072 5076
f 5068 5072 5074
f 5039 5063 5078
f 5078 5053 5039
f 5078 5066 5080
f 5063 5066 5078
f 5057 5078 5064
f 5053 5078 5057
f 5078 5080 5067
f 5067 5064 5078
f 5066 5074 5083
f 5083 5080 5066
f 5083 5076 5085
f 5074 5076 5083
f 5080 5083 5073
f 5073 5067 5080
f 5083 5085 5079
f 5079 5073 5083
f 5072 4906 5090
f 4904 4906 5072
f 5090 4906 4909
f 5076 5090 5093
f 5072 5090 5076
f 5093 4909 4912
f 5090 4909 5093
f 5076 5093 5097
f 5097 5085 5076
f 5093 4912 4915
f 4915 5097 5093
f 5085 5097 5096
f 5096 5079 5085
f 5097 4915 4917
f 4917 5096 5097
f 4891 5041 5102
f 5102 4920 4891
f 5041 5044 5104
f 5104 5102 5041
f 4922 4920 5102
f 5106 4922 5104
f 4922 5102 5104
f 5106 4924 4922
f 4924 5106 5108
f 5108 4926 4924
f 4884 4926 5108
f 5104 5098 5111
f 5044 5098 5104
f 5098 5100 5113
f 5113 5111 5098
f 5106 5111 5115
f 5104 5111 5106
f 5115 5113 5116
f 5111 5113 5115
f 5100 5105 5118
f 5118 5113 5100
f 5105 5107 5120
f 5120 5118 5105
f 5113 5118 5122
f 5122 5116 5113
f 5122 5120 5124
f 5118 5120 5122
f 4879 5106 4876
f 5106 5115 4876
f 4879 5108 5106
f 4876 5115 5116
f 5116 4881 4876
f 5108 4879 4884
f 4881 5116 5122
f 5122 4887 4881
f 4890 5122 5124
f 4887 5122 4890
f 5120 5125 5128
f 5107 5125 5120
f 5125 5126 5130
f 5130 5128 5125
f 5120 5128 5131
f 5131 5124 5120
f 5131 5130 5021
f 5128 5130 5131
f 5126 5129 5132
f 5132 5130 5126
f 5129 5033 5040
f 5040 5132 5129
f 5130 5132 5023
f 5023 5021 5130
f 5023 5040 5026
f 5132 5040 5023
f 4890 5124 5131
f 5131 4893 4890
f 4893 5131 5021
f 5021 4896 4893
f 894 788 893
f 790 788 894
f 899 796 896
f 797 796 899
f 796 790 894
f 894 896 796
f 893 801 902
f 788 801 893
f 902 804 904
f 801 804 902
f 907 806 973
f 907 904 806
f 904 804 806
f 973 806 811
f 911 817 913
f 815 817 911
f 913 820 915
f 817 820 913
f 820 824 920
f 920 915 820
f 824 828 924
f 924 920 824
f 924 830 927
f 828 830 924
f 927 833 928
f 830 833 927
f 833 836 931
f 931 928 833
f 836 839 934
f 934 931 836
f 844 797 899
f 899 938 844
f 940 844 938
f 846 844 940
f 839 848 942
f 942 934 839
f 848 846 940
f 940 942 848
f 947 852 855
f 947 973 852
f 947 907 973
f 947 857 950
f 855 857 947
f 950 860 952
f 857 860 950
f 977 866 867
f 955 866 977
f 955 952 866
f 952 860 866
f 973 811 852
f 977 867 869
f 960 869 870
f 960 955 869
f 955 977 869
f 870 871 961
f 961 960 870
f 961 875 963
f 871 875 961
f 876 859 944
f 944 965 876
f 963 876 965
f 875 876 963
f 877 851 948
f 948 967 877
f 878 877 967
f 967 968 878
f 969 878 968
f 791 878 969
f 794 791 969
f 969 970 794
f 971 794 970
f 799 794 971
f 803 799 971
f 971 891 803
f 894 893 983
f 983 985 894
f 899 896 987
f 987 989 899
f 987 894 985
f 896 894 987
f 893 902 992
f 992 983 893
f 902 904 995
f 995 992 902
f 995 907 997
f 904 907 995
f 1003 913 1005
f 911 913 1003
f 913 915 1009
f 1009 1005 913
f 915 920 1011
f 1011 1009 915
f 1011 924 1014
f 920 924 1011
f 924 927 1016
f 1016 1014 924
f 1016 928 1019
f 927 928 1016
f 928 931 1021
f 1021 1019 928
f 1021 934 1025
f 931 934 1021
f 1028 899 989
f 938 899 1028
f 940 938 1028
f 1028 1031 940
f 1025 942 1033
f 934 942 1025
f 1033 940 1031
f 942 940 1033
f 907 947 1036
f 1036 997 907
f 1036 950 1040
f 947 950 1036
f 950 952 1043
f 1043 1040 950
f 1046 1071 1047
f 1046 952 1071
f 952 955 1071
f 1046 1043 952
f 1047 1071 1050
f 1052 1050 960
f 1050 1071 960
f 1071 955 960
f 960 961 1054
f 1054 1052 960
f 961 963 1056
f 1056 1054 961
f 1072 965 944
f 1053 1056 1072
f 1056 963 1072
f 963 965 1072
f 1060 1070 1026
f 1060 1061 1070
f 1061 967 1070
f 967 948 1070
f 1062 967 1061
f 968 967 1062
f 1063 968 1062
f 969 968 1063
f 970 969 1063
f 1063 1064 970
f 1065 970 1064
f 971 970 1065
f 891 971 1065
f 1065 981 891
f 1252 1258 1337
f 1337 1334 1252
f 1258 1262 1339
f 1339 1337 1258
f 1262 1268 1341
f 1341 1339 1262
f 1268 1271 1344
f 1344 1341 1268
f 1271 1276 1347
f 1347 1344 1271
f 1276 1279 1352
f 1352 1347 1276
f 1355 1279 1406
f 1279 1283 1406
f 1355 1352 1279
f 1406 1283 1286
f 1355 1409 1358
f 1406 1409 1355
f 1409 1286 1289
f 1406 1286 1409
f 1358 1410 1361
f 1409 1410 1358
f 1410 1289 1292
f 1409 1289 1410
f 1361 1410 1364
f 1366 1364 1297
f 1364 1410 1297
f 1410 1292 1297
f 1366 1299 1369
f 1297 1299 1366
f 1369 1302 1381
f 1299 1302 1369
f 1381 1304 1384
f 1302 1304 1381
f 1357 1390 1275
f 1390 1412 1275
f 1412 1309 1275
f 1311 1309 1412
f 1392 1412 1390
f 1392 1313 1412
f 1313 1311 1412
f 1392 1395 1313
f 1395 1397 1313
f 1397 1414 1313
f 1414 1315 1313
f 1399 1414 1397
f 1317 1315 1414
f 1399 1400 1414
f 1400 1319 1414
f 1319 1317 1414
f 1320 1319 1400
f 1400 1401 1320
f 1259 1320 1401
f 1401 1336 1259
f 1407 1321 1266
f 1350 1322 1407
f 1322 1321 1407
f 1350 1402 1322
f 1403 1322 1402
f 1323 1322 1403
f 1403 1354 1323
f 1354 1404 1323
f 1404 1254 1323
f 1420 1332 1416
f 1333 1332 1420
f 1416 1335 1422
f 1332 1335 1416
f 1335 1338 1424
f 1424 1422 1335
f 1433 1488 1426
f 1420 1340 1333
f 1420 1426 1340
f 1426 1488 1340
f 1433 1436 1488
f 1436 1342 1488
f 1436 1345 1342
f 1342 1340 1488
f 1440 1345 1436
f 1349 1345 1440
f 1351 1349 1440
f 1440 1442 1351
f 1353 1351 1442
f 1442 1445 1353
f 1437 1353 1445
f 1357 1353 1437
f 1338 1360 1451
f 1451 1424 1338
f 1360 1363 1453
f 1453 1451 1360
f 1363 1365 1456
f 1456 1453 1363
f 1365 1368 1459
f 1459 1456 1365
f 1368 1371 1461
f 1461 1459 1368
f 1371 1378 1463
f 1463 1461 1371
f 1378 1380 1466
f 1466 1463 1378
f 1380 1382 1469
f 1469 1466 1380
f 1469 1386 1476
f 1382 1386 1469
f 1476 1389 1478
f 1386 1389 1476
f 1389 1391 1481
f 1481 1478 1389
f 1481 1334 1483
f 1391 1334 1481
f 1334 1337 1484
f 1484 1483 1334
f 1337 1339 1486
f 1486 1484 1337
f 1339 1341 1487
f 1487 1486 1339
f 1341 1344 1417
f 1417 1487 1341
f 1516 1521 1581
f 1581 1577 1516
f 1521 1523 1583
f 1583 1581 1521
f 1523 1526 1586
f 1586 1583 1523
f 1578 1586 1644
f 1586 1529 1644
f 1586 1526 1529
f 1644 1529 1533
f 1536 1520 1646
f 1593 1596 1646
f 1596 1539 1646
f 1539 1536 1646
f 1542 1539 1596
f 1596 1598 1542
f 1544 1542 1598
f 1598 1600 1544
f 1601 1544 1600
f 1546 1544 1601
f 1601 1603 1546
f 1603 1647 1546
f 1647 1548 1546
f 1550 1548 1647
f 1605 1647 1603
f 1605 1550 1647
f 1605 1552 1550
f 1605 1606 1552
f 1553 1552 1606
f 1606 1608 1553
f 1611 1553 1608
f 1556 1553 1611
f 1558 1556 1611
f 1611 1613 1558
f 1560 1558 1613
f 1613 1614 1560
f 1561 1560 1614
f 1614 1617 1561
f 1563 1561 1617
f 1617 1619 1563
f 1565 1563 1619
f 1619 1621 1565
f 1567 1565 1621
f 1621 1622 1567
f 1497 1567 1622
f 1622 1624 1497
f 1500 1497 1624
f 1624 1627 1500
f 1502 1500 1627
f 1627 1629 1502
f 1505 1502 1629
f 1629 1630 1505
f 1509 1505 1630
f 1630 1632 1509
f 1512 1509 1632
f 1632 1634 1512
f 1515 1512 1634
f 1634 1636 1515
f 1517 1515 1636
f 1636 1638 1517
f 1594 1517 1638
f 1519 1517 1594
f 1698 1695 1718
f 1718 1720 1698
f 1722 1698 1720
f 1700 1698 1722
f 1726 1700 1722
f 1702 1700 1726
f 1704 1702 1726
f 1726 1728 1704
f 1706 1704 1728
f 1728 1732 1706
f 1708 1706 1732
f 1732 1734 1708
f 1710 1708 1734
f 1734 1737 1710
f 1660 1710 1737
f 1737 1740 1660
f 1649 1651 1744
f 1744 1731 1649
f 1651 1653 1747
f 1747 1744 1651
f 1653 1656 1751
f 1751 1747 1653
f 1656 1658 1753
f 1753 1751 1656
f 1757 1660 1740
f 1663 1660 1757
f 1759 1663 1757
f 1667 1663 1759
f 1670 1667 1759
f 1759 1763 1670
f 1753 1670 1763
f 1658 1670 1753
f 1721 1723 1792
f 1792 1790 1721
f 1792 1725 1795
f 1723 1725 1792
f 1725 1729 1798
f 1798 1795 1725
f 1729 1731 1801
f 1801 1798 1729
f 1863 1739 1736
f 1745 1742 1811
f 1811 1813 1745
f 1748 1745 1813
f 1813 1823 1748
f 1827 1748 1823
f 1749 1748 1827
f 1827 1736 1749
f 1827 1863 1736
f 1827 1830 1863
f 1863 1754 1739
f 1830 1754 1863
f 1830 1758 1754
f 1830 1834 1758
f 1834 1835 1758
f 1835 1866 1758
f 1866 1760 1758
f 1837 1866 1835
f 1761 1760 1866
f 1866 1868 1761
f 1762 1761 1868
f 1868 1871 1762
f 1868 1866 1837
f 1837 1839 1868
f 1841 1868 1839
f 1871 1868 1841
f 1872 1762 1871
f 1764 1762 1872
f 1873 1764 1872
f 1766 1764 1873
f 1844 1871 1841
f 1872 1871 1844
f 1846 1872 1844
f 1873 1872 1846
f 1876 1766 1873
f 1767 1766 1876
f 1768 1767 1876
f 1876 1877 1768
f 1876 1873 1846
f 1846 1848 1876
f 1877 1876 1848
f 1848 1850 1877
f 1878 1768 1877
f 1771 1768 1878
f 1773 1771 1878
f 1878 1879 1773
f 1878 1877 1850
f 1850 1852 1878
f 1879 1878 1852
f 1852 1854 1879
f 1880 1773 1879
f 1774 1773 1880
f 1718 1774 1880
f 1880 1859 1718
f 1880 1879 1854
f 1854 1856 1880
f 1859 1880 1856
f 1856 1793 1859
f 3420 3344 3425
f 3342 3344 3420
f 3425 3345 3429
f 3344 3345 3425
f 3429 3347 3432
f 3345 3347 3429
f 3432 3349 3434
f 3347 3349 3432
f 3349 3351 3439
f 3439 3434 3349
f 3439 3353 3441
f 3351 3353 3439
f 3445 3441 3498
f 3441 3353 3498
f 3353 3355 3498
f 3445 3498 3447
f 3498 3355 3357
f 3450 3498 3359
f 3498 3357 3359
f 3450 3447 3498
f 3359 3361 3453
f 3453 3450 3359
f 3453 3364 3456
f 3361 3364 3453
f 3456 3366 3460
f 3364 3366 3456
f 3366 3367 3464
f 3464 3460 3366
f 3367 3368 3449
f 3449 3464 3367
f 3374 3372 3452
f 3452 3468 3374
f 3377 3374 3468
f 3468 3470 3377
f 3381 3377 3470
f 3470 3473 3381
f 3382 3381 3473
f 3473 3475 3382
f 3386 3382 3475
f 3475 3480 3386
f 3389 3386 3480
f 3480 3482 3389
f 3391 3389 3482
f 3482 3484 3391
f 3486 3391 3484
f 3395 3391 3486
f 3397 3395 3486
f 3486 3488 3397
f 3488 3346 3397
f 3488 3497 3346
f 3488 3490 3497
f 3421 3497 3490
f 3480 3475 3500
f 3500 3502 3480
f 3505 3480 3502
f 3482 3480 3505
f 3484 3482 3505
f 3505 3507 3484
f 3510 3484 3507
f 3486 3484 3510
f 3513 3486 3510
f 3488 3486 3513
f 3490 3488 3513
f 3513 3516 3490
f 3516 3421 3490
f 3516 3519 3421
f 3519 3582 3421
f 3523 3582 3519
f 3590 3582 3523
f 3591 3590 3523
f 3523 3526 3591
f 3528 3591 3526
f 3593 3591 3528
f 3533 3593 3528
f 3594 3593 3533
f 3596 3594 3533
f 3533 3536 3596
f 3598 3596 3536
f 3536 3538 3598
f 3599 3598 3538
f 3538 3542 3599
f 3578 3599 3542
f 3542 3545 3578
f 3422 3421 3582
f 3422 3582 3590
f 3590 3424 3422
f 3424 3590 3591
f 3591 3426 3424
f 3426 3591 3593
f 3593 3428 3426
f 3428 3593 3594
f 3594 3431 3428
f 3431 3594 3596
f 3596 3436 3431
f 3437 3596 3598
f 3436 3596 3437
f 3437 3598 3599
f 3599 3442 3437
f 3444 3599 3578
f 3442 3599 3444
f 3580 3578 3545
f 3545 3550 3580
f 3553 3580 3550
f 3581 3580 3553
f 3556 3581 3553
f 3583 3581 3556
f 3584 3583 3556
f 3556 3559 3584
f 3585 3584 3559
f 3559 3561 3585
f 3586 3585 3561
f 3561 3562 3586
f 3564 3586 3562
f 3587 3586 3564
f 3588 3587 3564
f 3564 3566 3588
f 3560 3451 3568
f 3449 3451 3560
f 3451 3454 3569
f 3569 3568 3451
f 3454 3457 3570
f 3570 3569 3454
f 3570 3462 3571
f 3457 3462 3570
f 3572 3467 3573
f 3466 3467 3572
f 3462 3466 3572
f 3572 3571 3462
f 3467 3471 3574
f 3574 3573 3467
f 3474 3476 3576
f 3576 3575 3474
f 3566 3577 3588
f 3577 3479 3588
f 3577 3477 3479
f 3476 3477 3577
f 3577 3576 3476
f 3574 3474 3575
f 3471 3474 3574
f 3709 3786 3706
f 3715 3602 3711
f 3605 3602 3715
f 3709 3607 3786
f 3709 3602 3607
f 3709 3711 3602
f 3786 3789 3721
f 3721 3706 3786
f 3721 3789 3725
f 3789 3607 3611
f 3786 3607 3789
f 3726 3611 3790
f 3611 3615 3790
f 3726 3725 3611
f 3725 3789 3611
f 3726 3790 3730
f 3619 3622 3737
f 3737 3735 3619
f 3737 3625 3740
f 3622 3625 3737
f 3740 3628 3743
f 3625 3628 3740
f 3628 3631 3746
f 3746 3743 3628
f 3631 3634 3749
f 3749 3746 3631
f 3634 3636 3751
f 3751 3749 3634
f 3636 3639 3754
f 3754 3751 3636
f 3754 3642 3756
f 3639 3642 3754
f 3715 3763 3605
f 3763 3794 3605
f 3794 3647 3605
f 3765 3794 3763
f 3766 3756 3794
f 3756 3642 3794
f 3642 3647 3794
f 3766 3794 3765
f 3770 3769 3650
f 3769 3790 3650
f 3790 3615 3650
f 3770 3654 3772
f 3650 3654 3770
f 3772 3656 3774
f 3654 3656 3772
f 3656 3659 3776
f 3776 3774 3656
f 3730 3790 3769
f 3659 3664 3779
f 3779 3776 3659
f 3779 3667 3780
f 3664 3667 3779
f 3780 3669 3781
f 3667 3669 3780
f 3781 3668 3759
f 3669 3668 3781
f 3782 3644 3764
f 3673 3644 3782
f 3783 3673 3782
f 3675 3673 3783
f 3677 3675 3783
f 3783 3784 3677
f 3604 3677 3784
f 3784 3689 3604
f 3802 3798 4004
f 3919 3798 3821
f 3919 4004 3798
f 3919 3923 4004
f 3928 3931 4004
f 3931 3823 4004
f 3823 3802 4004
f 3928 4004 3923
f 3919 3825 3934
f 3821 3825 3919
f 3825 3828 3939
f 3939 3934 3825
f 3939 3830 3941
f 3828 3830 3939
f 3947 3838 3949
f 3836 3838 3947
f 3949 3841 3952
f 3838 3841 3949
f 3841 3843 3955
f 3955 3952 3841
f 3955 3845 3958
f 3843 3845 3955
f 3958 3849 3961
f 3845 3849 3958
f 3849 3851 3963
f 3963 3961 3849
f 3851 3853 3965
f 3965 3963 3851
f 3965 3856 3968
f 3853 3856 3965
f 3973 3823 3931
f 3859 3823 3973
f 3873 3859 3973
f 3973 3976 3873
f 3856 3874 3979
f 3979 3968 3856
f 3979 3873 3976
f 3874 3873 3979
f 3830 3875 3981
f 3981 3941 3830
f 3981 3876 3983
f 3875 3876 3981
f 3876 3877 3987
f 3987 3983 3876
f 3987 3878 3990
f 3877 3878 3987
f 3878 3879 3993
f 3993 3990 3878
f 3879 3880 3995
f 3995 3993 3879
f 3995 3881 3997
f 3880 3881 3995
f 3881 3870 3984
f 3984 3997 3881
f 3974 3998 3857
f 3998 3882 3857
f 3998 4007 3882
f 3999 4007 3998
f 4000 3882 4007
f 4000 3883 3882
f 4000 4001 3883
f 4000 4007 3999
f 4002 3883 4001
f 3884 3883 4002
f 3795 3884 4002
f 4002 3912 3795
f 4412 4318 4409
f 4324 4318 4412
f 4415 4324 4412
f 4329 4324 4415
f 4331 4329 4415
f 4415 4418 4331
f 4421 4331 4418
f 4333 4331 4421
f 4337 4333 4421
f 4421 4423 4337
f 4426 4337 4423
f 4339 4337 4426
f 4429 4339 4426
f 4342 4339 4429
f 4344 4342 4429
f 4429 4430 4344
f 4432 4344 4430
f 4349 4344 4432
f 4351 4349 4432
f 4432 4434 4351
f 4353 4351 4434
f 4434 4437 4353
f 4356 4353 4437
f 4437 4438 4356
f 4359 4356 4438
f 4438 4442 4359
f 4444 4359 4442
f 4362 4359 4444
f 4364 4362 4444
f 4444 4446 4364
f 4448 4364 4446
f 4366 4364 4448
f 4452 4371 4454
f 4347 4371 4452
f 4371 4374 4456
f 4456 4454 4371
f 4459 4456 4481
f 4456 4377 4481
f 4456 4374 4377
f 4481 4377 4379
f 4481 4477 4407
f 4407 4459 4481
f 4481 4379 4326
f 4326 4477 4481
f 4414 4380 4462
f 4319 4380 4414
f 4381 4366 4448
f 4448 4464 4381
f 4380 4381 4464
f 4464 4462 4380
f 791 879 687
f 879 689 687
f 791 794 879
f 694 689 879
f 799 879 794
f 799 803 879
f 803 697 879
f 697 694 879
f 700 697 803
f 803 807 700
f 810 700 807
f 704 700 810
f 813 704 810
f 706 704 813
f 816 706 813
f 707 706 816
f 708 707 816
f 816 819 708
f 822 708 819
f 711 708 822
f 825 711 822
f 713 711 825
f 827 713 825
f 715 713 827
f 831 715 827
f 720 715 831
f 834 720 831
f 722 720 834
f 838 722 834
f 725 722 838
f 728 725 838
f 838 840 728
f 843 728 840
f 730 728 843
f 847 730 843
f 735 730 847
f 738 735 847
f 847 850 738
f 740 738 850
f 850 853 740
f 747 748 861
f 861 859 747
f 748 749 862
f 862 861 748
f 886 750 751
f 864 863 886
f 863 752 886
f 752 750 886
f 853 886 740
f 886 751 740
f 853 865 886
f 864 886 865
f 862 752 863
f 749 752 862
f 990 891 981
f 898 891 990
f 993 898 990
f 901 898 993
f 999 901 993
f 905 901 999
f 1001 905 999
f 909 905 1001
f 914 909 1001
f 1001 1004 914
f 916 914 1004
f 1004 1007 916
f 1010 916 1007
f 917 916 1010
f 1010 1013 917
f 1013 1067 917
f 1067 918 917
f 1017 1067 1013
f 1024 919 1067
f 919 918 1067
f 1024 1022 919
f 1027 919 1022
f 921 919 1027
f 922 921 1027
f 1027 1029 922
f 923 922 1029
f 1029 1034 923
f 1037 923 1034
f 926 923 1037
f 929 926 1037
f 1037 1039 929
f 1041 929 1039
f 933 929 1041
f 936 933 1041
f 1041 1044 936
f 1024 1067 1017
f 1051 1072 946
f 1072 944 946
f 1051 1049 1072
f 1053 1072 1049
f 1051 949 1055
f 946 949 1051
f 953 956 1058
f 1058 1057 953
f 958 936 1044
f 1044 1059 958
f 1058 958 1059
f 956 958 1058
f 1055 953 1057
f 949 953 1055
f 1079 1074 1248
f 1248 1082 1249
f 1074 1082 1248
f 1249 1085 1250
f 1082 1085 1249
f 1250 1085 1088
f 1090 1092 1177
f 1177 1174 1090
f 1177 1094 1180
f 1092 1094 1177
f 1094 1096 1183
f 1183 1180 1094
f 1096 1098 1187
f 1187 1183 1096
f 1098 1101 1191
f 1191 1187 1098
f 1101 1102 1194
f 1194 1191 1101
f 1194 1104 1196
f 1102 1104 1194
f 1104 1107 1199
f 1199 1196 1104
f 1205 1251 1202
f 1112 1079 1248
f 1207 1248 1249
f 1207 1202 1248
f 1202 1251 1248
f 1251 1112 1248
f 1251 1115 1112
f 1205 1117 1251
f 1205 1107 1117
f 1205 1199 1107
f 1117 1115 1251
f 1207 1250 1211
f 1249 1250 1207
f 1213 1088 1120
f 1213 1250 1088
f 1213 1211 1250
f 1120 1122 1216
f 1216 1213 1120
f 1122 1124 1219
f 1219 1216 1122
f 1219 1128 1220
f 1124 1128 1219
f 1128 1129 1223
f 1223 1220 1128
f 1129 1131 1225
f 1225 1223 1129
f 1225 1133 1227
f 1131 1133 1225
f 1133 1134 1230
f 1230 1227 1133
f 1137 1105 1197
f 1197 1234 1137
f 1235 1137 1234
f 1139 1137 1235
f 1141 1139 1235
f 1235 1237 1141
f 1173 1141 1237
f 1076 1141 1173
f 1204 1200 1254
f 1254 1256 1204
f 1261 1185 1259
f 1208 1185 1261
f 1210 1208 1261
f 1261 1264 1210
f 1266 1210 1264
f 1190 1210 1266
f 1269 1204 1256
f 1215 1204 1269
f 1273 1215 1269
f 1218 1215 1273
f 1327 1221 1222
f 1278 1277 1327
f 1277 1224 1327
f 1224 1221 1327
f 1281 1224 1277
f 1226 1224 1281
f 1284 1226 1281
f 1228 1226 1284
f 1229 1228 1284
f 1284 1287 1229
f 1231 1232 1291
f 1291 1290 1231
f 1294 1218 1273
f 1233 1218 1294
f 1294 1222 1233
f 1294 1327 1222
f 1294 1296 1327
f 1278 1327 1296
f 1300 1229 1287
f 1236 1229 1300
f 1303 1236 1300
f 1238 1236 1303
f 1291 1238 1303
f 1232 1238 1291
f 1239 1240 1308
f 1308 1306 1239
f 1304 1239 1306
f 1230 1239 1304
f 1308 1241 1312
f 1240 1241 1308
f 1331 1242 1243
f 1244 1231 1290
f 1290 1314 1244
f 1314 1331 1244
f 1331 1243 1244
f 1314 1316 1331
f 1318 1312 1331
f 1312 1241 1331
f 1241 1242 1331
f 1318 1331 1316
f 1425 1362 1418
f 1374 1362 1425
f 1375 1374 1425
f 1425 1435 1375
f 1441 1375 1435
f 1370 1375 1441
f 1447 1490 1443
f 1447 1449 1490
f 1449 1373 1490
f 1449 1376 1373
f 1377 1376 1449
f 1449 1452 1377
f 1455 1377 1452
f 1379 1377 1455
f 1383 1379 1455
f 1455 1458 1383
f 1384 1385 1464
f 1464 1434 1384
f 1492 1387 1388
f 1467 1464 1492
f 1464 1385 1492
f 1385 1387 1492
f 1393 1394 1472
f 1472 1470 1393
f 1396 1393 1470
f 1470 1474 1396
f 1479 1492 1398
f 1492 1388 1398
f 1479 1477 1492
f 1467 1492 1477
f 1479 1396 1474
f 1398 1396 1479
f 1472 1383 1458
f 1394 1383 1472
f 2292 2210 2289
f 2213 2210 2292
f 2292 2294 2213
f 2294 2216 2213
f 2294 2365 2216
f 2300 2216 2365
f 2300 2220 2216
f 2300 2299 2220
f 2303 2220 2299
f 2223 2220 2303
f 2298 2226 2307
f 2222 2226 2298
f 2307 2228 2309
f 2226 2228 2307
f 2228 2233 2312
f 2312 2309 2228
f 2233 2236 2314
f 2314 2312 2233
f 2317 2242 2320
f 2239 2242 2317
f 2236 2239 2317
f 2317 2314 2236
f 2320 2245 2323
f 2242 2245 2320
f 2248 2250 2330
f 2330 2326 2248
f 2333 2223 2303
f 2253 2223 2333
f 2330 2253 2333
f 2250 2253 2330
f 2323 2248 2326
f 2245 2248 2323
f 2339 2365 2294
f 2300 2365 2339
f 2369 2443 2367
f 2372 2443 2288
f 2443 2291 2288
f 2372 2367 2443
f 2288 2295 2376
f 2376 2372 2288
f 2295 2297 2379
f 2379 2376 2295
f 2369 2381 2443
f 2381 2302 2443
f 2302 2301 2443
f 2301 2291 2443
f 2305 2302 2381
f 2381 2382 2305
f 2310 2305 2382
f 2382 2383 2310
f 2384 2310 2383
f 2315 2310 2384
f 2318 2315 2384
f 2384 2386 2318
f 2385 2318 2386
f 2304 2318 2385
f 2379 2322 2388
f 2297 2322 2379
f 2322 2324 2390
f 2390 2388 2322
f 2390 2328 2393
f 2324 2328 2390
f 2393 2331 2396
f 2328 2331 2393
f 2396 2334 2401
f 2331 2334 2396
f 2401 2336 2403
f 2334 2336 2401
f 2336 2338 2406
f 2406 2403 2336
f 2406 2341 2408
f 2338 2341 2406
f 2408 2344 2413
f 2341 2344 2408
f 2413 2346 2416
f 2344 2346 2413
f 2416 2348 2418
f 2346 2348 2416
f 2418 2350 2420
f 2348 2350 2418
f 2420 2352 2423
f 2350 2352 2420
f 2352 2353 2426
f 2426 2423 2352
f 2353 2355 2429
f 2429 2426 2353
f 2355 2356 2432
f 2432 2429 2355
f 2356 2358 2435
f 2435 2432 2356
f 2358 2360 2437
f 2437 2435 2358
f 2439 2437 2456
f 2437 2360 2456
f 2360 2361 2456
f 2439 2456 2441
f 2456 2361 2362
f 2442 2456 2363
f 2456 2362 2363
f 2442 2441 2456
f 2363 2287 2368
f 2368 2442 2363
f 2540 2466 2543
f 2463 2466 2540
f 2466 2469 2546
f 2546 2543 2466
f 2546 2472 2562
f 2469 2472 2546
f 2472 2464 2539
f 2539 2562 2472
f 2479 2477 2569
f 2569 2571 2479
f 2482 2479 2571
f 2571 2573 2482
f 2577 2482 2573
f 2485 2482 2577
f 2487 2485 2577
f 2577 2579 2487
f 2583 2487 2579
f 2490 2487 2583
f 2496 2490 2583
f 2583 2585 2496
f 2587 2496 2585
f 2500 2496 2587
f 2503 2500 2587
f 2587 2590 2503
f 2591 2503 2590
f 2506 2503 2591
f 2509 2506 2591
f 2591 2592 2509
f 2595 2509 2592
f 2514 2509 2595
f 2595 2597 2514
f 2597 2619 2514
f 2619 2516 2514
f 2599 2619 2597
f 2622 2516 2619
f 2519 2516 2622
f 2623 2519 2622
f 2522 2519 2623
f 2601 2619 2599
f 2622 2619 2601
f 2603 2622 2601
f 2623 2622 2603
f 2525 2522 2623
f 2623 2626 2525
f 2627 2525 2626
f 2527 2525 2627
f 2626 2623 2603
f 2603 2605 2626
f 2607 2626 2605
f 2627 2626 2607
f 2530 2527 2627
f 2627 2629 2530
f 2531 2530 2629
f 2629 2631 2531
f 2629 2627 2607
f 2607 2609 2629
f 2611 2629 2609
f 2631 2629 2611
f 2533 2531 2631
f 2631 2632 2533
f 2616 2533 2632
f 2502 2533 2616
f 2613 2631 2611
f 2632 2631 2613
f 2616 2632 2613
f 2613 2557 2616
f 2713 2647 2715
f 2646 2647 2713
f 2643 2646 2713
f 2713 2718 2643
f 2715 2650 2719
f 2647 2650 2715
f 2720 2655 2721
f 2653 2655 2720
f 2721 2658 2723
f 2655 2658 2721
f 2650 2653 2720
f 2720 2719 2650
f 2727 2662 2726
f 2670 2662 2727
f 2672 2670 2727
f 2727 2730 2672
f 2732 2672 2730
f 2674 2672 2732
f 2734 2674 2732
f 2675 2674 2734
f 2679 2675 2734
f 2734 2737 2679
f 2683 2679 2737
f 2737 2740 2683
f 2743 2683 2740
f 2685 2683 2743
f 2745 2685 2743
f 2687 2685 2745
f 2692 2695 2751
f 2751 2748 2692
f 2658 2692 2748
f 2748 2723 2658
f 2751 2687 2745
f 2695 2687 2751
f 3605 3684 3602
f 3602 3686 3607
f 3684 3686 3602
f 3686 3688 3611
f 3611 3607 3686
f 3611 3688 3615
f 3619 3504 3622
f 3501 3504 3619
f 3622 3509 3625
f 3504 3509 3622
f 3625 3512 3628
f 3509 3512 3625
f 3628 3514 3631
f 3512 3514 3628
f 3514 3518 3634
f 3634 3631 3514
f 3634 3521 3636
f 3518 3521 3634
f 3636 3524 3639
f 3521 3524 3636
f 3524 3527 3642
f 3642 3639 3524
f 3605 3647 3684
f 3647 3530 3684
f 3647 3532 3530
f 3684 3530 3535
f 3535 3686 3684
f 3642 3532 3647
f 3527 3532 3642
f 3686 3535 3539
f 3539 3688 3686
f 3650 3615 3540
f 3615 3688 3540
f 3688 3539 3540
f 3650 3544 3654
f 3540 3544 3650
f 3654 3547 3656
f 3544 3547 3654
f 3547 3549 3659
f 3659 3656 3547
f 3659 3552 3664
f 3549 3552 3659
f 3552 3555 3667
f 3667 3664 3552
f 3555 3558 3669
f 3669 3667 3555
f 3669 3560 3668
f 3558 3560 3669
f 3673 3537 3644
f 3563 3537 3673
f 3675 3563 3673
f 3565 3563 3675
f 3567 3565 3675
f 3675 3677 3567
f 3500 3567 3677
f 3677 3604 3500
f 3691 3604 3689
f 3606 3604 3691
f 3609 3606 3691
f 3691 3693 3609
f 3695 3609 3693
f 3610 3609 3695
f 3613 3610 3695
f 3695 3698 3613
f 3700 3613 3698
f 3616 3613 3700
f 3617 3616 3700
f 3700 3703 3617
f 3620 3617 3703
f 3703 3707 3620
f 3623 3620 3707
f 3707 3712 3623
f 3627 3623 3712
f 3712 3717 3627
f 3630 3627 3717
f 3717 3719 3630
f 3633 3630 3719
f 3719 3724 3633
f 3727 3633 3724
f 3638 3633 3727
f 3729 3638 3727
f 3640 3638 3729
f 3643 3640 3729
f 3729 3732 3643
f 3733 3643 3732
f 3645 3643 3733
f 3739 3645 3733
f 3649 3645 3739
f 3741 3649 3739
f 3652 3649 3741
f 3655 3652 3741
f 3741 3744 3655
f 3747 3655 3744
f 3657 3655 3747
f 3750 3657 3747
f 3661 3657 3750
f 3662 3661 3750
f 3750 3753 3662
f 3665 3662 3753
f 3753 3755 3665
f 3666 3665 3755
f 3755 3720 3666
f 3759 3670 3761
f 3668 3670 3759
f 3761 3671 3692
f 3670 3671 3761
f 4013 4009 4109
f 4109 4111 4013
f 4109 4017 4113
f 4009 4017 4109
f 4113 4022 4118
f 4017 4022 4113
f 4121 4118 4194
f 4118 4025 4194
f 4118 4022 4025
f 4194 4025 4030
f 4124 4035 4127
f 4034 4035 4124
f 4127 4036 4129
f 4035 4036 4127
f 4129 4037 4132
f 4036 4037 4129
f 4132 4038 4135
f 4037 4038 4132
f 4135 4039 4138
f 4038 4039 4135
f 4138 4040 4140
f 4039 4040 4138
f 4140 4041 4142
f 4040 4041 4140
f 4041 4042 4146
f 4146 4142 4041
f 4111 4197 4013
f 4197 4043 4013
f 4111 4147 4197
f 4045 4043 4197
f 4147 4146 4197
f 4146 4042 4197
f 4042 4047 4197
f 4047 4045 4197
f 4148 4049 4199
f 4049 4051 4199
f 4148 4194 4049
f 4148 4121 4194
f 4151 4150 4052
f 4150 4051 4052
f 4150 4199 4051
f 4151 4054 4154
f 4052 4054 4151
f 4054 4056 4155
f 4155 4154 4054
f 4148 4199 4157
f 4194 4030 4049
f 4157 4199 4150
f 4056 4059 4160
f 4160 4155 4056
f 4059 4060 4162
f 4162 4160 4059
f 4162 4062 4164
f 4060 4062 4162
f 4062 4064 4166
f 4166 4164 4062
f 4171 4067 4200
f 4171 4069 4067
f 4171 4173 4069
f 4171 4200 4168
f 4071 4069 4173
f 4173 4104 4071
f 4208 4112 4216
f 4108 4112 4208
f 4116 4108 4208
f 4208 4222 4116
f 4112 4119 4228
f 4228 4216 4112
f 4283 4123 4126
f 4596 4486 4593
f 4487 4486 4596
f 4488 4487 4596
f 4596 4598 4488
f 4601 4488 4598
f 4489 4488 4601
f 4491 4489 4601
f 4601 4604 4491
f 4606 4491 4604
f 4492 4491 4606
f 4608 4492 4606
f 4493 4492 4608
f 4611 4493 4608
f 4495 4493 4611
f 4616 4495 4611
f 4497 4495 4616
f 4622 4619 4502
f 4619 4659 4502
f 4659 4500 4502
f 4621 4659 4619
f 4622 4505 4624
f 4502 4505 4622
f 4505 4508 4626
f 4626 4624 4505
f 4508 4510 4629
f 4629 4626 4508
f 4514 4497 4616
f 4616 4633 4514
f 4635 4514 4633
f 4516 4514 4635
f 4510 4516 4635
f 4635 4629 4510
f 4662 4665 4737
f 4737 4734 4662
f 4737 4668 4741
f 4665 4668 4737
f 4743 4662 4734
f 4671 4662 4743
f 4749 4675 4747
f 4677 4675 4749
f 4668 4677 4749
f 4749 4741 4668
f 4896 5021 5023
f 5023 4899 4896
f 4899 5023 5026
f 5026 4902 4899
f 5033 5037 5043
f 5043 5040 5033
f 5037 5046 5048
f 5048 5043 5037
f 5040 5043 5049
f 5049 5026 5040
f 5049 5048 5052
f 5043 5048 5049
f 5046 5055 5056
f 5056 5048 5046
f 5055 5057 5058
f 5058 5056 5055
f 5048 5056 5059
f 5059 5052 5048
f 5059 5058 5060
f 5056 5058 5059
f 4908 5026 5049
f 4902 5026 4908
f 4911 5049 5052
f 4908 5049 4911
f 4914 5052 5059
f 4911 5052 4914
f 4914 5059 5060
f 5060 4916 4914
f 5057 5064 5065
f 5065 5058 5057
f 5064 5067 5069
f 5069 5065 5064
f 5058 5065 5070
f 5070 5060 5058
f 5065 5069 5071
f 5071 5070 5065
f 5067 5073 5075
f 5075 5069 5067
f 5075 5079 5081
f 5073 5079 5075
f 5069 5075 5084
f 5084 5071 5069
f 5084 5081 5086
f 5075 5081 5084
f 4916 5060 5070
f 5070 4918 4916
f 4919 5070 5071
f 4918 5070 4919
f 4921 5071 5084
f 4919 5071 4921
f 5092 4923 5086
f 4923 4921 5086
f 4921 5084 5086
f 4925 4923 5092
f 5079 5096 5099
f 5099 5081 5079
f 5096 4917 4927
f 4927 5099 5096
f 4929 5086 4928
f 5086 5081 4928
f 5081 5099 4928
f 5099 4927 4928
f 5086 4929 4930
f 4930 5092 5086
f 5092 4930 4925
f 285 129 133
f 281 129 285
f 226 135 290
f 226 138 135
f 226 223 138
f 223 133 138
f 223 229 133
f 229 285 133
f 289 281 285
f 285 294 289
f 225 294 233
f 289 294 225
f 294 285 229
f 229 237 294
f 233 294 237
f 226 290 240
f 399 331 400
f 328 331 399
f 400 334 402
f 331 334 400
f 334 338 404
f 404 402 334
f 407 338 469
f 338 341 469
f 407 404 338
f 407 469 408
f 412 411 345
f 411 469 345
f 469 341 345
f 408 469 411
f 412 346 416
f 345 346 412
f 346 347 419
f 419 416 346
f 347 348 422
f 422 419 347
f 348 350 425
f 425 422 348
f 431 471 429
f 474 471 431
f 433 474 431
f 474 353 471
f 474 355 353
f 474 477 355
f 356 355 477
f 436 474 433
f 477 474 436
f 436 356 477
f 436 438 356
f 438 358 356
f 438 480 358
f 443 480 438
f 363 358 480
f 443 363 480
f 443 445 363
f 445 366 363
f 445 447 366
f 447 368 366
f 447 481 368
f 448 481 447
f 370 368 481
f 481 482 370
f 372 370 482
f 482 483 372
f 482 481 448
f 448 451 482
f 483 482 451
f 451 452 483
f 374 372 483
f 483 484 374
f 485 374 484
f 377 374 485
f 484 483 452
f 452 455 484
f 456 484 455
f 485 484 456
f 379 377 485
f 485 486 379
f 326 379 486
f 486 465 326
f 486 485 456
f 456 458 486
f 465 486 458
f 458 401 465
f 583 490 586
f 488 490 583
f 586 493 589
f 490 493 586
f 589 497 592
f 493 497 589
f 497 500 596
f 596 592 497
f 602 667 600
f 604 504 669
f 604 596 504
f 596 500 504
f 602 604 667
f 604 506 667
f 604 509 506
f 604 669 509
f 667 671 607
f 607 600 667
f 607 673 609
f 671 673 607
f 667 506 511
f 511 671 667
f 513 673 511
f 673 671 511
f 513 674 673
f 669 504 515
f 515 509 669
f 614 612 676
f 612 674 676
f 674 517 676
f 674 513 517
f 676 678 617
f 617 614 676
f 609 673 619
f 673 674 622
f 622 619 673
f 622 674 612
f 676 517 521
f 676 521 523
f 523 678 676
f 628 527 680
f 527 529 680
f 628 678 527
f 628 617 678
f 682 529 531
f 680 529 682
f 631 535 632
f 532 535 631
f 631 531 532
f 631 682 531
f 631 635 682
f 632 538 639
f 535 538 632
f 628 680 646
f 678 523 527
f 680 682 649
f 649 646 680
f 649 682 635
f 545 541 626
f 626 652 545
f 654 545 652
f 547 545 654
f 549 547 654
f 654 655 549
f 656 549 655
f 550 549 656
f 656 657 550
f 657 683 550
f 683 553 550
f 658 683 657
f 556 553 683
f 658 659 683
f 659 557 683
f 557 556 683
f 558 557 659
f 659 660 558
f 661 558 660
f 560 558 661
f 489 560 661
f 661 585 489
f 1951 1884 1953
f 1882 1884 1951
f 1953 1886 1958
f 1884 1886 1953
f 1958 1889 1961
f 1886 1889 1958
f 1961 1893 1964
f 1889 1893 1961
f 1972 1900 1970
f 1901 1900 1972
f 1904 1901 1972
f 1972 1975 1904
f 1978 1904 1975
f 1907 1904 1978
f 1910 1907 1978
f 1978 1980 1910
f 1915 1910 1980
f 1980 1983 1915
f 1986 1915 1983
f 1918 1915 1986
f 1989 1918 1986
f 1921 1918 1989
f 1989 1991 1921
f 1991 1923 1921
f 1991 2031 1923
f 1996 1923 2031
f 1996 1927 1923
f 1996 1994 1927
f 2001 2031 1991
f 1996 2031 2001
f 1994 2005 1927
f 2005 1930 1927
f 2005 2033 1930
f 2036 1930 2033
f 1932 1930 2036
f 1933 1932 2036
f 2036 2038 1933
f 2039 1933 2038
f 1935 1933 2039
f 2007 2033 2005
f 2036 2033 2007
f 2007 2008 2036
f 2011 2036 2008
f 2038 2036 2011
f 2013 2038 2011
f 2039 2038 2013
f 1937 1935 2039
f 2039 2040 1937
f 1940 1937 2040
f 2040 2042 1940
f 2043 1940 2042
f 1942 1940 2043
f 1883 1942 2043
f 2043 2027 1883
f 2040 2039 2013
f 2013 2015 2040
f 2017 2040 2015
f 2042 2040 2017
f 2019 2042 2017
f 2043 2042 2019
f 2027 2043 2019
f 2019 1952 2027
f 2291 2209 2288
f 2211 2209 2291
f 2209 2214 2295
f 2295 2288 2209
f 2214 2218 2297
f 2297 2295 2214
f 2302 2221 2301
f 2224 2221 2302
f 2221 2211 2291
f 2291 2301 2221
f 2225 2224 2302
f 2302 2305 2225
f 2230 2225 2305
f 2305 2310 2230
f 2232 2230 2310
f 2310 2315 2232
f 2235 2232 2315
f 2315 2318 2235
f 2304 2235 2318
f 2227 2235 2304
f 2218 2238 2322
f 2322 2297 2218
f 2322 2241 2324
f 2238 2241 2322
f 2324 2244 2328
f 2241 2244 2324
f 2328 2247 2331
f 2244 2247 2328
f 2331 2251 2334
f 2247 2251 2331
f 2334 2254 2336
f 2251 2254 2334
f 2336 2257 2338
f 2254 2257 2336
f 2338 2258 2341
f 2257 2258 2338
f 2341 2261 2344
f 2258 2261 2341
f 2344 2263 2346
f 2261 2263 2344
f 2346 2265 2348
f 2263 2265 2346
f 2348 2266 2350
f 2265 2266 2348
f 2350 2269 2352
f 2266 2269 2350
f 2269 2271 2353
f 2353 2352 2269
f 2353 2273 2355
f 2271 2273 2353
f 2273 2274 2356
f 2356 2355 2273
f 2274 2276 2358
f 2358 2356 2274
f 2276 2278 2360
f 2360 2358 2276
f 2360 2280 2361
f 2278 2280 2360
f 2280 2281 2362
f 2362 2361 2280
f 2362 2282 2363
f 2281 2282 2362
f 2282 2212 2287
f 2287 2363 2282
f 2444 2299 2300
f 2445 2299 2444
f 2303 2299 2445
f 2370 2307 2373
f 2298 2307 2370
f 2373 2309 2375
f 2307 2309 2373
f 2309 2312 2378
f 2378 2375 2309
f 2312 2314 2380
f 2380 2378 2312
f 2389 2320 2391
f 2317 2320 2389
f 2314 2317 2389
f 2389 2380 2314
f 2391 2323 2394
f 2320 2323 2391
f 2397 2330 2399
f 2326 2330 2397
f 2447 2303 2445
f 2333 2303 2447
f 2400 2330 2447
f 2330 2333 2447
f 2400 2399 2330
f 2323 2326 2397
f 2397 2394 2323
f 2451 2449 2405
f 2405 2409 2451
f 2411 2451 2409
f 2453 2451 2411
f 2414 2453 2411
f 2455 2453 2414
f 2417 2455 2414
f 2457 2455 2417
f 2422 2457 2417
f 2459 2457 2422
f 2422 2294 2459
f 2422 2424 2294
f 2424 2339 2294
f 2424 2300 2339
f 2424 2427 2300
f 2427 2444 2300
f 2430 2444 2427
f 2445 2444 2430
f 2434 2445 2430
f 2447 2445 2434
f 2400 2447 2434
f 2464 2373 2467
f 2370 2373 2464
f 2467 2375 2470
f 2373 2375 2467
f 2470 2378 2474
f 2375 2378 2470
f 2378 2380 2476
f 2476 2474 2378
f 2480 2391 2484
f 2389 2391 2480
f 2380 2389 2480
f 2480 2476 2380
f 2484 2394 2488
f 2391 2394 2484
f 2493 2399 2495
f 2397 2399 2493
f 2399 2400 2498
f 2498 2495 2399
f 2394 2397 2493
f 2493 2488 2394
f 2409 2405 2502
f 2502 2505 2409
f 2411 2409 2505
f 2505 2507 2411
f 2414 2411 2507
f 2507 2510 2414
f 2417 2414 2510
f 2510 2512 2417
f 2422 2417 2512
f 2512 2515 2422
f 2424 2422 2515
f 2515 2518 2424
f 2520 2424 2518
f 2427 2424 2520
f 2430 2427 2520
f 2520 2523 2430
f 2528 2430 2523
f 2434 2430 2528
f 2498 2434 2528
f 2400 2434 2498
f 2868 2793 2871
f 2790 2793 2868
f 2871 2796 2874
f 2793 2796 2871
f 2796 2799 2877
f 2877 2874 2796
f 2877 2802 2870
f 2799 2802 2877
f 2810 2808 2883
f 2883 2885 2810
f 2814 2810 2885
f 2885 2887 2814
f 2817 2814 2887
f 2887 2891 2817
f 2819 2817 2891
f 2891 2894 2819
f 2898 2819 2894
f 2822 2819 2898
f 2824 2822 2898
f 2898 2900 2824
f 2827 2824 2900
f 2900 2903 2827
f 2906 2827 2903
f 2830 2827 2906
f 2832 2830 2906
f 2906 2910 2832
f 2834 2832 2910
f 2910 2913 2834
f 2835 2834 2913
f 2913 2917 2835
f 2917 2836 2835
f 2917 2946 2836
f 2917 2919 2946
f 2837 2836 2946
f 2923 2946 2919
f 2923 2838 2946
f 2838 2837 2946
f 2923 2926 2838
f 2928 2838 2926
f 2839 2838 2928
f 2841 2839 2928
f 2928 2930 2841
f 2843 2841 2930
f 2930 2933 2843
f 2936 2843 2933
f 2845 2843 2936
f 2847 2845 2936
f 2936 2938 2847
f 2939 2847 2938
f 2848 2847 2939
f 2811 2848 2939
f 2939 2902 2811
f 2870 2872 2952
f 2952 2949 2870
f 2872 2875 2955
f 2955 2952 2872
f 2875 2879 2957
f 2957 2955 2875
f 2879 2880 2959
f 2959 2957 2879
f 2884 2886 2966
f 2966 2964 2884
f 2959 2884 2964
f 2880 2884 2959
f 2886 2889 2968
f 2968 2966 2886
f 2893 2895 2972
f 2972 2970 2893
f 2972 2897 2973
f 2895 2897 2972
f 2968 2893 2970
f 2889 2893 2968
f 3024 3023 2979
f 2979 2981 3024
f 3025 3024 2981
f 2981 2983 3025
f 2904 3023 3024
f 2902 3023 2904
f 2907 3024 3025
f 2904 3024 2907
f 2986 3025 2983
f 3026 3025 2986
f 3027 3026 2986
f 2986 2989 3027
f 2909 3025 3026
f 2907 3025 2909
f 2912 3026 3027
f 2909 3026 2912
f 3030 3027 2989
f 2989 2992 3030
f 3032 3030 2992
f 2992 2994 3032
f 2915 3027 3030
f 2912 3027 2915
f 2918 3030 3032
f 2915 3030 2918
f 2998 3032 2994
f 3034 3032 2998
f 2998 3001 3034
f 3001 2922 3034
f 3001 2920 2922
f 2925 3032 3034
f 2918 3032 2925
f 3034 2922 2925
f 2931 2920 3001
f 3001 3022 2931
f 2897 2931 3022
f 3022 2973 2897
f 3038 2950 3040
f 2947 2950 3038
f 3040 2953 3043
f 2950 2953 3040
f 2953 2956 3048
f 3048 3043 2953
f 2956 2949 3039
f 3039 3048 2956
f 2962 2960 3053
f 3053 3055 2962
f 2963 2962 3055
f 3055 3059 2963
f 2969 2963 3059
f 3059 3062 2969
f 2971 2969 3062
f 3062 3065 2971
f 2974 2971 3065
f 3065 3068 2974
f 3069 2974 3068
f 2976 2974 3069
f 2978 2976 3069
f 3069 3073 2978
f 3076 2978 3073
f 2982 2978 3076
f 2985 2982 3076
f 3076 3081 2985
f 3084 2985 3081
f 2988 2985 3084
f 2993 2988 3084
f 3084 3091 2993
f 2996 2993 3091
f 3091 3094 2996
f 3000 2996 3094
f 3094 3097 3000
f 3099 3000 3097
f 3002 3000 3099
f 3004 3002 3099
f 3099 3100 3004
f 3102 3004 3100
f 3010 3004 3102
f 3012 3010 3102
f 3102 3104 3012
f 3106 3012 3104
f 3015 3012 3106
f 3108 3015 3106
f 3016 3015 3108
f 2979 3016 3108
f 3108 3070 2979
f 3114 3040 3117
f 3038 3040 3114
f 3117 3043 3122
f 3040 3043 3117
f 3122 3048 3125
f 3043 3048 3122
f 3048 3039 3116
f 3116 3125 3048
f 3131 3053 3129
f 3055 3053 3131
f 3059 3055 3131
f 3131 3132 3059
f 3062 3059 3132
f 3132 3135 3062
f 3065 3062 3135
f 3135 3137 3065
f 3140 3065 3137
f 3068 3065 3140
f 3069 3068 3140
f 3140 3143 3069
f 3147 3069 3143
f 3073 3069 3147
f 3149 3073 3147
f 3076 3073 3149
f 3081 3076 3149
f 3149 3152 3081
f 3084 3081 3152
f 3152 3154 3084
f 3091 3084 3154
f 3154 3158 3091
f 3094 3091 3158
f 3158 3161 3094
f 3097 3094 3161
f 3161 3163 3097
f 3165 3097 3163
f 3099 3097 3165
f 3100 3099 3165
f 3165 3167 3100
f 3102 3100 3167
f 3167 3169 3102
f 3171 3102 3169
f 3104 3102 3171
f 3106 3104 3171
f 3171 3173 3106
f 3108 3106 3173
f 3173 3175 3108
f 3070 3108 3175
f 3175 3134 3070
f 3133 3115 3190
f 3190 3193 3133
f 3190 3139 3196
f 3115 3139 3190
f 3196 3142 3199
f 3139 3142 3196
f 3142 3144 3204
f 3204 3199 3142
f 3207 3133 3193
f 3146 3133 3207
f 3151 3146 3207
f 3207 3209 3151
f 3215 3151 3209
f 3156 3151 3215
f 3218 3156 3215
f 3157 3156 3218
f 3221 3157 3218
f 3160 3157 3221
f 3129 3160 3221
f 3221 3208 3129
f 3144 3162 3223
f 3223 3204 3144
f 3223 3164 3226
f 3162 3164 3223
f 3164 3166 3229
f 3229 3226 3164
f 3166 3168 3231
f 3231 3229 3166
f 3168 3170 3235
f 3235 3231 3168
f 3170 3172 3237
f 3237 3235 3170
f 3172 3174 3239
f 3239 3237 3172
f 3174 3176 3241
f 3241 3239 3174
f 3176 3177 3245
f 3245 3241 3176
f 3177 3178 3247
f 3247 3245 3177
f 3178 3179 3249
f 3249 3247 3178
f 3249 3180 3250
f 3179 3180 3249
f 3180 3181 3253
f 3253 3250 3180
f 3181 3182 3255
f 3255 3253 3181
f 3182 3183 3256
f 3256 3255 3182
f 3183 3184 3258
f 3258 3256 3183
f 3184 3185 3261
f 3261 3258 3184
f 3261 3186 3262
f 3185 3186 3261
f 3262 3187 3263
f 3186 3187 3262
f 3187 3188 3264
f 3264 3263 3187
f 3264 3189 3265
f 3188 3189 3264
f 3189 3114 3192
f 3192 3265 3189
f 3329 3332 3344
f 3344 3342 3329
f 3332 3333 3345
f 3345 3344 3332
f 3333 3335 3347
f 3347 3345 3333
f 3347 3336 3349
f 3335 3336 3347
f 3349 3337 3351
f 3336 3337 3349
f 3351 3338 3353
f 3337 3338 3351
f 3355 3353 3419
f 3353 3338 3419
f 3338 3339 3419
f 3419 3339 3340
f 3355 3419 3357
f 3359 3419 3341
f 3419 3340 3341
f 3359 3357 3419
f 3341 3266 3361
f 3361 3359 3341
f 3266 3268 3364
f 3364 3361 3266
f 3268 3270 3366
f 3366 3364 3268
f 3270 3272 3367
f 3367 3366 3270
f 3272 3274 3368
f 3368 3367 3272
f 3281 3279 3372
f 3372 3374 3281
f 3283 3281 3374
f 3374 3377 3283
f 3285 3283 3377
f 3377 3381 3285
f 3287 3285 3381
f 3381 3382 3287
f 3386 3287 3382
f 3291 3287 3386
f 3294 3291 3386
f 3386 3389 3294
f 3297 3294 3389
f 3389 3391 3297
f 3395 3297 3391
f 3300 3297 3395
f 3303 3300 3395
f 3395 3397 3303
f 3346 3303 3397
f 3305 3303 3346
f 3797 3694 3800
f 3692 3694 3797
f 3694 3696 3803
f 3803 3800 3694
f 3699 3701 3806
f 3806 3804 3699
f 3803 3699 3804
f 3696 3699 3803
f 3806 3705 3807
f 3701 3705 3806
f 3892 3891 3808
f 3808 3809 3892
f 3809 3810 3892
f 3810 3710 3892
f 3710 3714 3892
f 3720 3891 3892
f 3892 3723 3720
f 3892 3714 3723
f 3705 3710 3810
f 3810 3807 3705
f 3913 3911 4008
f 4008 4010 3913
f 3918 3917 4096
f 4096 3920 4099
f 3917 3920 4096
f 4016 4008 4096
f 4008 3918 4096
f 4008 3911 3918
f 4096 4099 4019
f 4019 4016 4096
f 3920 3922 4101
f 4101 4099 3920
f 4101 3922 3927
f 4019 4101 4024
f 4099 4101 4019
f 4028 4024 3930
f 4024 4101 3930
f 4101 3927 3930
f 4077 3913 4010
f 3936 3913 4077
f 3942 3936 4077
f 4077 4078 3942
f 3945 3942 4078
f 4078 4079 3945
f 3948 3950 4081
f 4081 4080 3948
f 4028 3948 4080
f 3930 3948 4028
f 3950 3954 4082
f 4082 4081 3950
f 3954 3956 4083
f 4083 4082 3954
f 3960 3945 4079
f 4079 4084 3960
f 3962 3960 4084
f 4084 4085 3962
f 4086 3962 4085
f 3966 3962 4086
f 4087 3966 4086
f 3969 3966 4087
f 3971 3969 4087
f 4087 4088 3971
f 4067 3971 4088
f 3974 3971 4067
f 3956 3978 4089
f 4089 4083 3956
f 4089 3982 4090
f 3978 3982 4089
f 4090 3985 4091
f 3982 3985 4090
f 4091 3988 4092
f 3985 3988 4091
f 3988 3991 4093
f 4093 4092 3988
f 4093 3994 4094
f 3991 3994 4093
f 4094 3996 4095
f 3994 3996 4094
f 4095 3947 4034
f 3996 3947 4095
f 4106 4071 4104
f 4073 4071 4106
f 4011 4073 4106
f 4106 4110 4011
f 4114 4011 4110
f 4014 4011 4114
f 4115 4014 4114
f 4018 4014 4115
f 4021 4018 4115
f 4115 4117 4021
f 4117 4026 4021
f 4117 4195 4026
f 4117 4120 4195
f 4122 4195 4120
f 4029 4026 4195
f 4122 4032 4195
f 4032 4029 4195
f 4122 4125 4032
f 4128 4032 4125
f 4044 4032 4128
f 4046 4044 4128
f 4128 4131 4046
f 4134 4046 4131
f 4048 4046 4134
f 4050 4048 4134
f 4134 4136 4050
f 4053 4050 4136
f 4136 4139 4053
f 4143 4053 4139
f 4055 4053 4143
f 4169 4055 4143
f 4057 4055 4169
f 4172 4057 4169
f 4058 4057 4172
f 4176 4058 4172
f 4061 4058 4176
f 4177 4061 4176
f 4063 4061 4177
f 4180 4063 4177
f 4065 4063 4180
f 4181 4065 4180
f 4066 4065 4181
f 4184 4066 4181
f 4068 4066 4184
f 4070 4068 4184
f 4184 4185 4070
f 4072 4070 4185
f 4185 4187 4072
f 4126 4072 4187
f 4031 4072 4126
f 4064 4074 4188
f 4188 4166 4064
f 4188 4075 4189
f 4074 4075 4188
f 4189 4076 4190
f 4075 4076 4189
f 4190 4027 4116
f 4076 4027 4190
f 4191 4193 4123
f 4191 4119 4193
f 4119 4015 4193
f 4119 4012 4015
f 281 131 129
f 284 136 140
f 142 136 284
f 284 287 142
f 281 289 131
f 289 140 131
f 289 284 140
f 225 284 289
f 225 222 284
f 222 287 284
f 292 295 232
f 232 230 292
f 232 297 235
f 295 297 232
f 235 297 239
f 295 292 299
f 299 301 295
f 302 295 301
f 297 295 302
f 301 143 145
f 299 143 301
f 146 301 145
f 146 302 301
f 146 305 302
f 297 302 242
f 242 239 297
f 302 305 244
f 244 242 302
f 305 146 147
f 147 307 305
f 308 149 151
f 308 309 149
f 309 147 149
f 309 307 147
f 305 307 246
f 246 244 305
f 307 309 248
f 248 246 307
f 287 310 142
f 310 151 142
f 310 308 151
f 252 309 310
f 309 308 310
f 252 251 309
f 310 287 222
f 222 254 310
f 252 310 254
f 248 309 251
f 314 312 258
f 258 260 314
f 313 312 314
f 314 315 313
f 261 314 260
f 315 314 261
f 261 262 315
f 157 313 315
f 155 313 157
f 262 157 315
f 262 264 157
f 264 158 157
f 264 266 158
f 266 160 158
f 266 316 160
f 268 316 266
f 163 160 316
f 316 317 163
f 318 163 317
f 165 163 318
f 167 165 318
f 318 319 167
f 320 167 319
f 169 167 320
f 317 316 268
f 268 272 317
f 318 317 272
f 272 274 318
f 319 318 274
f 274 275 319
f 320 319 275
f 275 276 320
f 321 169 320
f 171 169 321
f 322 171 321
f 172 171 322
f 174 172 322
f 322 323 174
f 135 174 323
f 323 290 135
f 321 320 276
f 276 277 321
f 322 321 277
f 277 278 322
f 323 322 278
f 278 279 323
f 290 323 279
f 279 240 290
f 492 452 489
f 455 452 492
f 495 455 492
f 456 455 495
f 458 456 495
f 495 499 458
f 401 458 499
f 499 502 401
f 405 401 502
f 502 507 405
f 409 405 507
f 507 510 409
f 512 409 510
f 414 409 512
f 514 414 512
f 418 414 514
f 421 418 514
f 514 519 421
f 424 421 519
f 519 522 424
f 569 426 428
f 526 430 569
f 430 426 569
f 526 524 430
f 522 428 424
f 522 528 428
f 528 569 428
f 526 569 528
f 572 435 437
f 536 439 572
f 439 435 572
f 536 534 439
f 425 442 540
f 540 538 425
f 540 439 534
f 442 439 540
f 524 542 430
f 542 437 430
f 542 572 437
f 536 572 542
f 1064 1063 1076
f 1076 1078 1064
f 1080 1064 1078
f 1065 1064 1080
f 981 1065 1080
f 1080 1084 981
f 1084 1099 981
f 1099 1158 981
f 1158 990 981
f 1160 990 1158
f 993 990 1160
f 1108 1106 1160
f 1106 999 1160
f 999 993 1160
f 1110 999 1106
f 1001 999 1110
f 1113 1001 1110
f 1004 1001 1113
f 1116 1004 1113
f 1007 1004 1116
f 1116 1010 1007
f 1116 1164 1010
f 1116 1119 1164
f 1013 1010 1164
f 1125 1158 1099
f 1127 1158 1125
f 1160 1158 1127
f 1108 1160 1127
f 1130 1164 1119
f 1130 1132 1164
f 1132 1013 1164
f 1132 1017 1013
f 1165 1022 1024
f 1136 1135 1165
f 1135 1027 1165
f 1027 1022 1165
f 1138 1027 1135
f 1029 1027 1138
f 1140 1029 1138
f 1034 1029 1140
f 1142 1034 1140
f 1037 1034 1142
f 1142 1166 1037
f 1166 1039 1037
f 1142 1143 1166
f 1168 1039 1166
f 1041 1039 1168
f 1145 1044 1168
f 1044 1041 1168
f 1145 1144 1044
f 1132 1024 1017
f 1132 1165 1024
f 1132 1146 1165
f 1136 1165 1146
f 1147 1166 1143
f 1148 1166 1147
f 1168 1166 1148
f 1145 1168 1148
f 1049 1051 1150
f 1150 1149 1049
f 1134 1049 1149
f 1053 1049 1134
f 1150 1055 1151
f 1051 1055 1150
f 1057 1058 1153
f 1153 1152 1057
f 1059 1044 1144
f 1144 1154 1059
f 1153 1059 1154
f 1058 1059 1153
f 1151 1057 1152
f 1055 1057 1151
f 1187 1191 1258
f 1258 1252 1187
f 1191 1194 1262
f 1262 1258 1191
f 1194 1196 1268
f 1268 1262 1194
f 1268 1199 1271
f 1196 1199 1268
f 1205 1202 1325
f 1202 1207 1328
f 1328 1325 1202
f 1276 1271 1325
f 1271 1199 1325
f 1199 1205 1325
f 1325 1328 1279
f 1279 1276 1325
f 1328 1211 1330
f 1207 1211 1328
f 1330 1211 1213
f 1279 1330 1283
f 1328 1330 1279
f 1286 1283 1216
f 1283 1330 1216
f 1330 1213 1216
f 1286 1219 1289
f 1216 1219 1286
f 1219 1220 1292
f 1292 1289 1219
f 1292 1223 1297
f 1220 1223 1292
f 1223 1225 1299
f 1299 1297 1223
f 1225 1227 1302
f 1302 1299 1225
f 1227 1230 1304
f 1304 1302 1227
f 1309 1197 1275
f 1234 1197 1309
f 1235 1234 1309
f 1309 1311 1235
f 1313 1235 1311
f 1237 1235 1313
f 1315 1237 1313
f 1173 1237 1315
f 1175 1173 1315
f 1315 1317 1175
f 1319 1175 1317
f 1178 1175 1319
f 1181 1178 1319
f 1319 1320 1181
f 1185 1181 1320
f 1320 1259 1185
f 1188 1190 1266
f 1266 1321 1188
f 1322 1188 1321
f 1193 1188 1322
f 1198 1193 1322
f 1322 1323 1198
f 1254 1198 1323
f 1200 1198 1254
f 1425 1418 1497
f 1497 1500 1425
f 1435 1425 1500
f 1500 1502 1435
f 1502 1441 1435
f 1502 1505 1441
f 1505 1568 1441
f 1505 1443 1568
f 1505 1509 1443
f 1509 1447 1443
f 1449 1447 1509
f 1509 1512 1449
f 1452 1449 1512
f 1512 1515 1452
f 1455 1452 1515
f 1515 1517 1455
f 1458 1455 1517
f 1517 1519 1458
f 1525 1522 1464
f 1522 1570 1464
f 1570 1434 1464
f 1464 1467 1528
f 1528 1525 1464
f 1571 1470 1472
f 1532 1531 1571
f 1531 1474 1571
f 1474 1470 1571
f 1572 1477 1479
f 1534 1528 1572
f 1528 1477 1572
f 1528 1467 1477
f 1531 1537 1474
f 1537 1572 1474
f 1572 1479 1474
f 1534 1572 1537
f 1533 1570 1522
f 1519 1472 1458
f 1519 1571 1472
f 1519 1541 1571
f 1532 1571 1541
f 1654 1576 1652
f 1579 1576 1654
f 1652 1584 1659
f 1576 1584 1652
f 1659 1587 1661
f 1584 1587 1659
f 1668 1590 1665
f 1591 1590 1668
f 1590 1579 1654
f 1654 1665 1590
f 1671 1591 1668
f 1592 1591 1671
f 1599 1592 1671
f 1671 1673 1599
f 1602 1599 1673
f 1673 1676 1602
f 1604 1602 1676
f 1676 1678 1604
f 1662 1604 1678
f 1593 1604 1662
f 1661 1607 1680
f 1587 1607 1661
f 1680 1609 1682
f 1607 1609 1680
f 1682 1610 1683
f 1609 1610 1682
f 1683 1612 1685
f 1610 1612 1683
f 1685 1615 1687
f 1612 1615 1685
f 1687 1616 1689
f 1615 1616 1687
f 1689 1618 1691
f 1616 1618 1689
f 1691 1620 1693
f 1618 1620 1691
f 1620 1623 1696
f 1696 1693 1620
f 1623 1625 1697
f 1697 1696 1623
f 1625 1626 1699
f 1699 1697 1625
f 1626 1628 1701
f 1701 1699 1626
f 1628 1631 1703
f 1703 1701 1628
f 1703 1633 1705
f 1631 1633 1703
f 1705 1635 1707
f 1633 1635 1705
f 1707 1637 1709
f 1635 1637 1707
f 1709 1639 1711
f 1637 1639 1709
f 1711 1640 1712
f 1639 1640 1711
f 1712 1641 1713
f 1640 1641 1712
f 1641 1642 1714
f 1714 1713 1641
f 1714 1643 1715
f 1642 1643 1714
f 1715 1577 1648
f 1643 1577 1715
f 2048 1953 2050
f 1951 1953 2048
f 2050 1958 2053
f 1953 1958 2050
f 2053 1961 2056
f 1958 1961 2053
f 2056 1964 2059
f 1961 1964 2056
f 1972 1970 2063
f 2063 2066 1972
f 1975 1972 2066
f 2066 2069 1975
f 1978 1975 2069
f 2069 2071 1978
f 1980 1978 2071
f 2071 2073 1980
f 1983 1980 2073
f 2073 2077 1983
f 2079 1983 2077
f 1986 1983 2079
f 2079 2117 1986
f 2117 1989 1986
f 2079 2083 2117
f 1991 1989 2117
f 2119 1994 1996
f 2085 2117 2083
f 2085 1991 2117
f 2085 2087 1991
f 2087 2001 1991
f 2087 1996 2001
f 2087 2089 1996
f 2089 2119 1996
f 2005 1994 2119
f 2089 2005 2119
f 2089 2091 2005
f 2091 2007 2005
f 2093 2007 2091
f 2008 2007 2093
f 2094 2008 2093
f 2011 2008 2094
f 2096 2011 2094
f 2013 2011 2096
f 2098 2013 2096
f 2015 2013 2098
f 2101 2015 2098
f 2017 2015 2101
f 2019 2017 2101
f 2101 2103 2019
f 1952 2019 2103
f 2103 2105 1952
f 2108 1952 2105
f 1955 1952 2108
f 2109 1955 2108
f 1957 1955 2109
f 2112 1957 2109
f 1960 1957 2112
f 1963 1960 2112
f 2112 2044 1963
f 2951 2867 2948
f 2869 2867 2951
f 2867 2873 2954
f 2954 2948 2867
f 2873 2876 2958
f 2958 2954 2873
f 2876 2878 2961
f 2961 2958 2876
f 2881 2869 2951
f 2951 2965 2881
f 2882 2881 2965
f 2965 2967 2882
f 2975 2882 2967
f 2888 2882 2975
f 2977 2888 2975
f 2890 2888 2977
f 2980 2890 2977
f 2892 2890 2980
f 2883 2892 2980
f 2980 2960 2883
f 2878 2896 2984
f 2984 2961 2878
f 2984 2899 2987
f 2896 2899 2984
f 2899 2901 2990
f 2990 2987 2899
f 2901 2905 2991
f 2991 2990 2901
f 2905 2908 2995
f 2995 2991 2905
f 2908 2911 2997
f 2997 2995 2908
f 2911 2914 2999
f 2999 2997 2911
f 2914 2916 3003
f 3003 2999 2914
f 2916 2921 3005
f 3005 3003 2916
f 3005 2924 3006
f 2921 2924 3005
f 2924 2927 3007
f 3007 3006 2924
f 2927 2929 3008
f 3008 3007 2927
f 3008 2932 3009
f 2929 2932 3008
f 2932 2934 3011
f 3011 3009 2932
f 2934 2935 3013
f 3013 3011 2934
f 3013 2937 3014
f 2935 2937 3013
f 2937 2940 3017
f 3017 3014 2937
f 3017 2941 3018
f 2940 2941 3017
f 3018 2942 3019
f 2941 2942 3018
f 3019 2943 3020
f 2942 2943 3019
f 3020 2944 3021
f 2943 2944 3020
f 2944 2868 2947
f 2947 3021 2944
f 3348 3346 3497
f 3421 3350 3497
f 3350 3348 3497
f 3421 3422 3350
f 3352 3350 3422
f 3422 3424 3352
f 3354 3352 3424
f 3424 3426 3354
f 3356 3354 3426
f 3426 3428 3356
f 3358 3356 3428
f 3428 3431 3358
f 3436 3358 3431
f 3360 3358 3436
f 3362 3360 3436
f 3436 3437 3362
f 3442 3362 3437
f 3363 3362 3442
f 3365 3363 3442
f 3442 3444 3365
f 3368 3370 3451
f 3451 3449 3368
f 3370 3373 3454
f 3454 3451 3370
f 3373 3376 3457
f 3457 3454 3373
f 3376 3379 3462
f 3462 3457 3376
f 3384 3385 3467
f 3467 3466 3384
f 3462 3384 3466
f 3379 3384 3462
f 3385 3388 3471
f 3471 3467 3385
f 3392 3393 3476
f 3476 3474 3392
f 3477 3499 3479
f 3477 3476 3499
f 3476 3396 3499
f 3476 3393 3396
f 3471 3392 3474
f 3388 3392 3471
f 3485 3365 3444
f 3399 3365 3485
f 3401 3399 3485
f 3485 3487 3401
f 3489 3401 3487
f 3403 3401 3489
f 3491 3403 3489
f 3405 3403 3491
f 3407 3405 3491
f 3491 3492 3407
f 3409 3407 3492
f 3492 3493 3409
f 3411 3409 3493
f 3493 3494 3411
f 3495 3411 3494
f 3413 3411 3495
f 3495 3479 3413
f 3479 3414 3413
f 3479 3499 3414
f 3499 3396 3414
f 4108 4023 4112
f 4020 4023 4108
f 4116 4020 4108
f 4027 4020 4116
f 4023 4012 4119
f 4119 4112 4023
f 4126 4123 4031
f 4123 4033 4031
f 4123 4193 4033
f 4193 4015 4033
f 4312 4219 4314
f 4214 4219 4312
f 4314 4224 4316
f 4219 4224 4314
f 4316 4227 4320
f 4224 4227 4316
f 4227 4232 4323
f 4323 4320 4227
f 4239 4237 4385
f 4232 4241 4328
f 4328 4323 4232
f 4330 4385 4387
f 4330 4239 4385
f 4330 4241 4239
f 4330 4328 4241
f 4237 4245 4389
f 4389 4385 4237
f 4389 4245 4248
f 4387 4389 4390
f 4385 4389 4387
f 4392 4390 4249
f 4390 4389 4249
f 4389 4248 4249
f 4330 4387 4332
f 4335 4390 4395
f 4335 4332 4390
f 4332 4387 4390
f 4257 4395 4254
f 4395 4390 4254
f 4390 4392 4254
f 4335 4398 4338
f 4395 4398 4335
f 4398 4257 4260
f 4395 4257 4398
f 4392 4249 4264
f 4392 4264 4254
f 4338 4400 4341
f 4398 4400 4338
f 4398 4260 4269
f 4269 4400 4398
f 4400 4401 4343
f 4343 4341 4400
f 4400 4269 4271
f 4271 4401 4400
f 4346 4273 4275
f 4346 4401 4273
f 4346 4343 4401
f 4401 4271 4273
f 4275 4270 4347
f 4347 4346 4275
f 4280 4278 4402
f 4345 4278 4246
f 4345 4352 4278
f 4352 4402 4278
f 4201 4402 4403
f 4280 4402 4201
f 4355 4402 4352
f 4403 4402 4355
f 4358 4360 4403
f 4360 4203 4403
f 4203 4201 4403
f 4358 4403 4355
f 4363 4203 4360
f 4206 4203 4363
f 4211 4206 4363
f 4363 4367 4211
f 4367 4404 4211
f 4404 4215 4211
f 4367 4369 4404
f 4218 4215 4404
f 4372 4404 4369
f 4372 4376 4404
f 4376 4221 4404
f 4221 4218 4404
f 4225 4221 4376
f 4376 4318 4225
f 193 185 191
f 188 185 193
f 188 193 133
f 133 129 188
f 193 191 135
f 135 138 193
f 133 193 138
f 1170 1169 1324
f 1324 1171 1326
f 1169 1171 1324
f 1253 1172 1324
f 1172 1170 1324
f 1253 1255 1172
f 1324 1326 1257
f 1257 1253 1324
f 1171 1176 1329
f 1329 1326 1171
f 1329 1176 1179
f 1326 1329 1260
f 1260 1257 1326
f 1263 1329 1182
f 1329 1179 1182
f 1263 1260 1329
f 1265 1172 1255
f 1184 1172 1265
f 1267 1184 1265
f 1186 1184 1267
f 1270 1186 1267
f 1189 1186 1270
f 1272 1189 1270
f 1192 1189 1272
f 1195 1192 1272
f 1272 1274 1195
f 1197 1195 1274
f 1274 1275 1197
f 1263 1201 1280
f 1182 1201 1263
f 1201 1203 1282
f 1282 1280 1201
f 1203 1206 1285
f 1285 1282 1203
f 1206 1209 1288
f 1288 1285 1206
f 1209 1212 1293
f 1293 1288 1209
f 1212 1214 1295
f 1295 1293 1212
f 1295 1217 1298
f 1214 1217 1295
f 1217 1174 1301
f 1301 1298 1217
f 1174 1177 1305
f 1305 1301 1174
f 1177 1180 1307
f 1307 1305 1177
f 1180 1183 1310
f 1310 1307 1180
f 1183 1187 1252
f 1252 1310 1183
f 1720 1718 1859
f 1859 1860 1720
f 1722 1720 1860
f 1860 1861 1722
f 1796 1859 1793
f 1860 1859 1796
f 1861 1860 1796
f 1796 1799 1861
f 1726 1722 1861
f 1861 1862 1726
f 1728 1726 1862
f 1862 1864 1728
f 1862 1861 1799
f 1799 1803 1862
f 1805 1862 1803
f 1864 1862 1805
f 1732 1728 1864
f 1864 1865 1732
f 1867 1732 1865
f 1734 1732 1867
f 1807 1864 1805
f 1865 1864 1807
f 1810 1865 1807
f 1867 1865 1810
f 1869 1734 1867
f 1737 1734 1869
f 1870 1737 1869
f 1740 1737 1870
f 1812 1867 1810
f 1869 1867 1812
f 1870 1869 1812
f 1812 1814 1870
f 1731 1744 1816
f 1816 1801 1731
f 1744 1747 1817
f 1817 1816 1744
f 1747 1751 1818
f 1818 1817 1747
f 1751 1753 1819
f 1819 1818 1751
f 1757 1740 1870
f 1870 1874 1757
f 1759 1757 1874
f 1874 1875 1759
f 1821 1870 1814
f 1874 1870 1821
f 1875 1874 1821
f 1821 1824 1875
f 1828 1763 1875
f 1763 1759 1875
f 1828 1826 1763
f 1753 1763 1826
f 1826 1819 1753
f 1828 1875 1824
f 2122 2045 2120
f 2047 2045 2122
f 2045 2051 2125
f 2125 2120 2045
f 2125 2054 2127
f 2051 2054 2125
f 2131 2057 2129
f 2058 2057 2131
f 2057 2047 2122
f 2122 2129 2057
f 2061 2058 2131
f 2131 2133 2061
f 2136 2061 2133
f 2064 2061 2136
f 2068 2064 2136
f 2136 2139 2068
f 2142 2068 2139
f 2070 2068 2142
f 2135 2070 2142
f 2063 2070 2135
f 2054 2075 2146
f 2146 2127 2054
f 2075 2078 2148
f 2148 2146 2075
f 2078 2081 2155
f 2155 2148 2078
f 2081 2084 2158
f 2158 2155 2081
f 2158 2086 2162
f 2084 2086 2158
f 2162 2088 2164
f 2086 2088 2162
f 2164 2090 2166
f 2088 2090 2164
f 2090 2092 2168
f 2168 2166 2090
f 2168 2095 2170
f 2092 2095 2168
f 2170 2097 2172
f 2095 2097 2170
f 2172 2099 2174
f 2097 2099 2172
f 2099 2100 2176
f 2176 2174 2099
f 2100 2102 2178
f 2178 2176 2100
f 2102 2104 2180
f 2180 2178 2102
f 2104 2106 2182
f 2182 2180 2104
f 2106 2107 2184
f 2184 2182 2106
f 2107 2110 2186
f 2186 2184 2107
f 2110 2111 2187
f 2187 2186 2110
f 2187 2113 2189
f 2111 2113 2187
f 2113 2114 2191
f 2191 2189 2113
f 2191 2115 2193
f 2114 2115 2191
f 2115 2048 2121
f 2121 2193 2115
f 2121 2123 2215
f 2215 2212 2121
f 2123 2126 2217
f 2217 2215 2123
f 2217 2128 2219
f 2126 2128 2217
f 2219 2130 2222
f 2128 2130 2219
f 2229 2135 2227
f 2137 2135 2229
f 2140 2137 2229
f 2229 2231 2140
f 2143 2140 2231
f 2231 2234 2143
f 2145 2143 2234
f 2234 2237 2145
f 2240 2145 2237
f 2154 2145 2240
f 2243 2154 2240
f 2157 2154 2243
f 2246 2157 2243
f 2160 2157 2246
f 2249 2160 2246
f 2163 2160 2249
f 2249 2252 2163
f 2252 2284 2163
f 2284 2165 2163
f 2167 2165 2284
f 2284 2286 2167
f 2255 2284 2252
f 2256 2284 2255
f 2286 2284 2256
f 2169 2167 2286
f 2256 2169 2286
f 2256 2259 2169
f 2259 2171 2169
f 2173 2171 2259
f 2259 2260 2173
f 2262 2173 2260
f 2175 2173 2262
f 2264 2175 2262
f 2177 2175 2264
f 2267 2177 2264
f 2179 2177 2267
f 2181 2179 2267
f 2267 2268 2181
f 2183 2181 2268
f 2268 2270 2183
f 2185 2183 2270
f 2270 2272 2185
f 2188 2185 2272
f 2272 2275 2188
f 2190 2188 2275
f 2275 2277 2190
f 2192 2190 2277
f 2277 2279 2192
f 2210 2192 2279
f 2124 2192 2210
f 2464 2467 2541
f 2541 2539 2464
f 2541 2470 2544
f 2467 2470 2541
f 2470 2474 2547
f 2547 2544 2470
f 2474 2476 2549
f 2549 2547 2474
f 2480 2484 2551
f 2551 2550 2480
f 2549 2480 2550
f 2476 2480 2549
f 2551 2488 2552
f 2484 2488 2551
f 2553 2495 2554
f 2493 2495 2553
f 2495 2498 2555
f 2555 2554 2495
f 2488 2493 2553
f 2553 2552 2488
f 2505 2502 2616
f 2616 2617 2505
f 2618 2505 2617
f 2507 2505 2618
f 2558 2616 2557
f 2617 2616 2558
f 2560 2617 2558
f 2618 2617 2560
f 2510 2507 2618
f 2618 2620 2510
f 2621 2510 2620
f 2512 2510 2621
f 2620 2618 2560
f 2560 2563 2620
f 2565 2620 2563
f 2621 2620 2565
f 2515 2512 2621
f 2621 2624 2515
f 2518 2515 2624
f 2624 2625 2518
f 2624 2621 2565
f 2565 2568 2624
f 2570 2624 2568
f 2625 2624 2570
f 2520 2518 2625
f 2625 2628 2520
f 2630 2520 2628
f 2523 2520 2630
f 2628 2625 2570
f 2570 2574 2628
f 2630 2628 2574
f 2574 2576 2630
f 2582 2528 2630
f 2528 2523 2630
f 2582 2581 2528
f 2555 2528 2581
f 2498 2528 2555
f 2582 2630 2576
f 2540 2543 2637
f 2637 2635 2540
f 2543 2546 2639
f 2639 2637 2543
f 2546 2562 2642
f 2642 2639 2546
f 2642 2539 2633
f 2562 2539 2642
f 2571 2569 2648
f 2648 2651 2571
f 2654 2571 2651
f 2573 2571 2654
f 2657 2573 2654
f 2577 2573 2657
f 2579 2577 2657
f 2657 2660 2579
f 2677 2579 2660
f 2583 2579 2677
f 2585 2583 2677
f 2677 2681 2585
f 2684 2585 2681
f 2587 2585 2684
f 2590 2587 2684
f 2684 2688 2590
f 2690 2590 2688
f 2591 2590 2690
f 2693 2591 2690
f 2592 2591 2693
f 2697 2592 2693
f 2595 2592 2697
f 2597 2595 2697
f 2697 2699 2597
f 2701 2597 2699
f 2599 2597 2701
f 2704 2599 2701
f 2601 2599 2704
f 2603 2601 2704
f 2704 2705 2603
f 2706 2603 2705
f 2605 2603 2706
f 2607 2605 2706
f 2706 2707 2607
f 2708 2607 2707
f 2609 2607 2708
f 2611 2609 2708
f 2708 2709 2611
f 2613 2611 2709
f 2709 2710 2613
f 2557 2613 2710
f 2710 2662 2557
f 2635 2637 2714
f 2714 2712 2635
f 2637 2639 2717
f 2717 2714 2637
f 2717 2642 2724
f 2639 2642 2717
f 2724 2633 2729
f 2642 2633 2724
f 2651 2648 2735
f 2735 2736 2651
f 2654 2651 2736
f 2736 2739 2654
f 2742 2654 2739
f 2657 2654 2742
f 2660 2657 2742
f 2742 2744 2660
f 2677 2660 2744
f 2744 2747 2677
f 2749 2677 2747
f 2681 2677 2749
f 2684 2681 2749
f 2749 2752 2684
f 2688 2684 2752
f 2752 2754 2688
f 2756 2688 2754
f 2690 2688 2756
f 2693 2690 2756
f 2756 2758 2693
f 2760 2693 2758
f 2697 2693 2760
f 2699 2697 2760
f 2760 2762 2699
f 2764 2699 2762
f 2701 2699 2764
f 2704 2701 2764
f 2764 2766 2704
f 2767 2704 2766
f 2705 2704 2767
f 2706 2705 2767
f 2767 2769 2706
f 2771 2706 2769
f 2707 2706 2771
f 2708 2707 2771
f 2771 2773 2708
f 2775 2708 2773
f 2709 2708 2775
f 2710 2709 2775
f 2775 2777 2710
f 2726 2710 2777
f 2662 2710 2726
f 2633 2634 2780
f 2780 2729 2633
f 2634 2636 2782
f 2782 2780 2634
f 2636 2640 2784
f 2784 2782 2636
f 2784 2643 2718
f 2640 2643 2784
f 2791 2711 2789
f 2716 2711 2791
f 2789 2722 2794
f 2711 2722 2789
f 2794 2725 2797
f 2722 2725 2794
f 2797 2728 2800
f 2725 2728 2797
f 2803 2716 2791
f 2731 2716 2803
f 2733 2731 2803
f 2803 2806 2733
f 2809 2733 2806
f 2738 2733 2809
f 2812 2738 2809
f 2741 2738 2812
f 2816 2741 2812
f 2746 2741 2816
f 2735 2746 2816
f 2816 2808 2735
f 2800 2750 2820
f 2728 2750 2800
f 2750 2753 2823
f 2823 2820 2750
f 2753 2755 2826
f 2826 2823 2753
f 2826 2757 2829
f 2755 2757 2826
f 2829 2759 2833
f 2757 2759 2829
f 2759 2761 2840
f 2840 2833 2759
f 2761 2763 2842
f 2842 2840 2761
f 2763 2765 2846
f 2846 2842 2763
f 2765 2768 2850
f 2850 2846 2765
f 2768 2770 2852
f 2852 2850 2768
f 2770 2772 2854
f 2854 2852 2770
f 2854 2774 2856
f 2772 2774 2854
f 2856 2776 2858
f 2774 2776 2856
f 2776 2778 2859
f 2859 2858 2776
f 2859 2779 2860
f 2778 2779 2859
f 2860 2781 2861
f 2779 2781 2860
f 2861 2783 2862
f 2781 2783 2861
f 2783 2785 2863
f 2863 2862 2783
f 2785 2786 2864
f 2864 2863 2785
f 2864 2787 2865
f 2786 2787 2864
f 2787 2788 2866
f 2866 2865 2787
f 2788 2712 2790
f 2790 2866 2788
f 2869 2789 2867
f 2791 2789 2869
f 2789 2794 2873
f 2873 2867 2789
f 2794 2797 2876
f 2876 2873 2794
f 2797 2800 2878
f 2878 2876 2797
f 2803 2791 2869
f 2869 2881 2803
f 2806 2803 2881
f 2881 2882 2806
f 2888 2806 2882
f 2809 2806 2888
f 2890 2809 2888
f 2812 2809 2890
f 2816 2812 2890
f 2890 2892 2816
f 2883 2816 2892
f 2808 2816 2883
f 2878 2820 2896
f 2800 2820 2878
f 2896 2823 2899
f 2820 2823 2896
f 2823 2826 2901
f 2901 2899 2823
f 2826 2829 2905
f 2905 2901 2826
f 2829 2833 2908
f 2908 2905 2829
f 2833 2840 2911
f 2911 2908 2833
f 2840 2842 2914
f 2914 2911 2840
f 2914 2846 2916
f 2842 2846 2914
f 2846 2850 2921
f 2921 2916 2846
f 2850 2852 2924
f 2924 2921 2850
f 2852 2854 2927
f 2927 2924 2852
f 2854 2856 2929
f 2929 2927 2854
f 2856 2858 2932
f 2932 2929 2856
f 2858 2859 2934
f 2934 2932 2858
f 2934 2860 2935
f 2859 2860 2934
f 2860 2861 2937
f 2937 2935 2860
f 2937 2862 2940
f 2861 2862 2937
f 2862 2863 2941
f 2941 2940 2862
f 2941 2864 2942
f 2863 2864 2941
f 2864 2865 2943
f 2943 2942 2864
f 2943 2866 2944
f 2865 2866 2943
f 2866 2790 2868
f 2868 2944 2866
f 3277 3275 3418
f 3343 3369 3280
f 3369 3418 3280
f 3418 3275 3280
f 3343 3284 3371
f 3280 3284 3343
f 3371 3286 3375
f 3284 3286 3371
f 3378 3289 3418
f 3289 3277 3418
f 3378 3380 3289
f 3378 3418 3369
f 3292 3289 3380
f 3380 3383 3292
f 3387 3292 3383
f 3296 3292 3387
f 3298 3296 3387
f 3387 3390 3298
f 3301 3298 3390
f 3390 3394 3301
f 3279 3301 3394
f 3394 3372 3279
f 3286 3306 3398
f 3398 3375 3286
f 3306 3308 3400
f 3400 3398 3306
f 3308 3311 3402
f 3402 3400 3308
f 3311 3313 3404
f 3404 3402 3311
f 3313 3316 3406
f 3406 3404 3313
f 3406 3318 3408
f 3316 3318 3406
f 3318 3320 3410
f 3410 3408 3318
f 3320 3322 3412
f 3412 3410 3320
f 3412 3325 3415
f 3322 3325 3412
f 3415 3327 3416
f 3325 3327 3415
f 3416 3328 3417
f 3327 3328 3416
f 3328 3329 3342
f 3342 3417 3328
f 3501 3478 3504
f 3472 3478 3501
f 3504 3481 3509
f 3478 3481 3504
f 3481 3483 3512
f 3512 3509 3481
f 3483 3420 3514
f 3514 3512 3483
f 3420 3425 3518
f 3518 3514 3420
f 3518 3429 3521
f 3425 3429 3518
f 3521 3432 3524
f 3429 3432 3521
f 3524 3434 3527
f 3432 3434 3524
f 3532 3589 3530
f 3530 3592 3535
f 3589 3592 3530
f 3532 3434 3589
f 3434 3439 3589
f 3532 3527 3434
f 3592 3439 3441
f 3589 3439 3592
f 3592 3595 3539
f 3539 3535 3592
f 3539 3595 3540
f 3592 3441 3445
f 3445 3595 3592
f 3544 3595 3447
f 3595 3445 3447
f 3544 3540 3595
f 3447 3450 3547
f 3547 3544 3447
f 3547 3453 3549
f 3450 3453 3547
f 3549 3456 3552
f 3453 3456 3549
f 3552 3460 3555
f 3456 3460 3552
f 3555 3464 3558
f 3460 3464 3555
f 3558 3449 3560
f 3464 3449 3558
f 3563 3452 3537
f 3468 3452 3563
f 3470 3468 3563
f 3563 3565 3470
f 3473 3470 3565
f 3565 3567 3473
f 3500 3473 3567
f 3475 3473 3500
f 3697 3785 3690
f 3704 3787 3702
f 3787 3788 3708
f 3708 3702 3787
f 3704 3601 3787
f 3704 3690 3601
f 3690 3785 3601
f 3785 3603 3601
f 3787 3601 3608
f 3608 3788 3787
f 3708 3788 3713
f 3716 3713 3612
f 3713 3608 3612
f 3713 3788 3608
f 3716 3614 3718
f 3612 3614 3716
f 3722 3785 3697
f 3722 3618 3785
f 3618 3603 3785
f 3722 3728 3618
f 3731 3618 3728
f 3621 3618 3731
f 3734 3791 3736
f 3734 3614 3791
f 3614 3624 3791
f 3734 3718 3614
f 3736 3791 3738
f 3742 3791 3626
f 3791 3624 3626
f 3742 3738 3791
f 3731 3629 3621
f 3731 3792 3629
f 3731 3745 3792
f 3748 3792 3745
f 3629 3792 3793
f 3793 3632 3629
f 3752 3792 3748
f 3793 3792 3752
f 3757 3758 3793
f 3758 3632 3793
f 3758 3635 3632
f 3757 3793 3752
f 3760 3635 3758
f 3637 3635 3760
f 3762 3637 3760
f 3641 3637 3762
f 3764 3641 3762
f 3644 3641 3764
f 3742 3646 3767
f 3626 3646 3742
f 3646 3648 3768
f 3768 3767 3646
f 3768 3651 3771
f 3648 3651 3768
f 3771 3653 3773
f 3651 3653 3771
f 3653 3658 3775
f 3775 3773 3653
f 3775 3660 3777
f 3658 3660 3775
f 3777 3663 3778
f 3660 3663 3777
f 3663 3619 3735
f 3735 3778 3663
f 4475 4476 4410
f 4410 4406 4475
f 4476 4478 4413
f 4413 4410 4476
f 4413 4478 4419
f 4312 4314 4425
f 4425 4422 4312
f 4314 4316 4428
f 4428 4425 4314
f 4428 4320 4433
f 4316 4320 4428
f 4433 4323 4436
f 4320 4323 4433
f 4323 4328 4440
f 4440 4436 4323
f 4328 4330 4443
f 4443 4440 4328
f 4443 4332 4447
f 4330 4332 4443
f 4332 4335 4450
f 4450 4447 4332
f 4450 4338 4451
f 4335 4338 4450
f 4338 4341 4457
f 4457 4451 4338
f 4341 4343 4460
f 4460 4457 4341
f 4463 4460 4482
f 4460 4343 4482
f 4343 4346 4482
f 4463 4482 4465
f 4452 4467 4347
f 4467 4482 4347
f 4482 4346 4347
f 4465 4482 4467
f 4468 4345 4435
f 4352 4345 4468
f 4355 4352 4468
f 4468 4469 4355
f 4360 4358 4483
f 4469 4358 4355
f 4469 4483 4358
f 4469 4470 4483
f 4360 4483 4484
f 4484 4363 4360
f 4484 4483 4470
f 4470 4471 4484
f 4367 4363 4484
f 4471 4472 4484
f 4472 4369 4484
f 4369 4367 4484
f 4473 4369 4472
f 4372 4369 4473
f 4376 4372 4473
f 4473 4474 4376
f 4318 4376 4474
f 4474 4409 4318
f 4485 4557 4490
f 4494 4443 4447
f 4494 4557 4443
f 4494 4490 4557
f 4447 4450 4496
f 4496 4494 4447
f 4496 4451 4498
f 4450 4451 4496
f 4501 4498 4561
f 4498 4451 4561
f 4451 4457 4561
f 4501 4561 4504
f 4561 4457 4460
f 4460 4564 4561
f 4561 4564 4506
f 4506 4504 4561
f 4564 4460 4463
f 4511 4463 4465
f 4511 4564 4463
f 4511 4506 4564
f 4467 4452 4500
f 4500 4513 4467
f 4511 4467 4513
f 4465 4467 4511
f 4519 4435 4517
f 4468 4435 4519
f 4521 4468 4519
f 4469 4468 4521
f 4470 4469 4521
f 4521 4523 4470
f 4471 4470 4523
f 4523 4525 4471
f 4472 4471 4525
f 4525 4527 4472
f 4527 4528 4472
f 4528 4572 4472
f 4572 4473 4472
f 4575 4572 4528
f 4528 4530 4575
f 4474 4473 4572
f 4409 4572 4575
f 4474 4572 4409
f 4533 4575 4530
f 4577 4575 4533
f 4534 4577 4533
f 4579 4577 4534
f 4409 4575 4577
f 4577 4412 4409
f 4412 4577 4579
f 4579 4415 4412
f 4537 4579 4534
f 4581 4579 4537
f 4582 4581 4537
f 4537 4538 4582
f 4415 4579 4581
f 4581 4418 4415
f 4421 4581 4582
f 4418 4581 4421
f 4541 4582 4538
f 4585 4582 4541
f 4543 4585 4541
f 4586 4585 4543
f 4421 4582 4585
f 4585 4423 4421
f 4423 4585 4586
f 4586 4426 4423
f 4588 4586 4543
f 4543 4545 4588
f 4486 4588 4545
f 4556 4588 4486
f 4429 4586 4588
f 4426 4586 4429
f 4430 4588 4556
f 4429 4588 4430
f 4661 4610 4663
f 4605 4610 4661
f 4610 4613 4666
f 4666 4663 4610
f 4666 4615 4670
f 4613 4615 4666
f 4615 4618 4673
f 4673 4670 4615
f 4618 4621 4676
f 4676 4673 4618
f 4682 4617 4680
f 4628 4617 4682
f 4630 4628 4682
f 4682 4684 4630
f 4685 4630 4684
f 4632 4630 4685
f 4685 4688 4632
f 4688 4729 4632
f 4729 4637 4632
f 4637 4729 4730
f 4730 4639 4637
f 4690 4729 4688
f 4692 4729 4690
f 4730 4729 4692
f 4640 4639 4730
f 4692 4694 4730
f 4694 4643 4730
f 4643 4640 4730
f 4697 4643 4694
f 4645 4643 4697
f 4648 4645 4697
f 4697 4699 4648
f 4701 4648 4699
f 4650 4648 4701
f 4703 4650 4701
f 4652 4650 4703
f 4705 4652 4703
f 4653 4652 4705
f 4654 4653 4705
f 4705 4707 4654
f 4655 4654 4707
f 4707 4709 4655
f 4711 4655 4709
f 4656 4655 4711
f 4713 4656 4711
f 4593 4656 4713
f 4714 4593 4713
f 4596 4593 4714
f 4715 4596 4714
f 4598 4596 4715
f 4601 4598 4715
f 4715 4716 4601
f 4717 4601 4716
f 4604 4601 4717
f 4718 4604 4717
f 4606 4604 4718
f 4719 4606 4718
f 4608 4606 4719
f 4611 4608 4719
f 4719 4720 4611
f 4675 4611 4720
f 4616 4611 4675
f 4619 4622 4723
f 4723 4722 4619
f 4676 4619 4722
f 4621 4619 4676
f 4723 4624 4671
f 4622 4624 4723
f 4934 4808 4937
f 4806 4808 4934
f 4937 4811 4940
f 4808 4811 4937
f 4934 4937 4945
f 4945 4944 4934
f 4937 4940 4947
f 4947 4945 4937
f 4811 4814 4950
f 4950 4940 4811
f 4950 4818 4953
f 4814 4818 4950
f 4947 4950 4955
f 4940 4950 4947
f 4950 4953 4956
f 4956 4955 4950
f 4959 4961 4880
f 4880 4877 4959
f 4880 4964 4886
f 4961 4964 4880
f 4886 4966 4889
f 4964 4966 4886
f 4889 4944 4892
f 4966 4944 4889
f 4944 4945 4895
f 4895 4892 4944
f 4945 4947 4897
f 4897 4895 4945
f 4897 4955 4901
f 4947 4955 4897
f 4901 4956 4904
f 4955 4956 4901
f 4953 4818 4823
f 4975 4823 4826
f 4975 4953 4823
f 4975 4956 4953
f 4975 4828 4978
f 4826 4828 4975
f 4978 4828 4830
f 4904 4975 4906
f 4956 4975 4904
f 4909 4906 4980
f 4906 4978 4980
f 4906 4975 4978
f 4980 4982 4912
f 4912 4909 4980
f 4980 4830 4835
f 4978 4830 4980
f 4982 4835 4839
f 4980 4835 4982
f 4912 4986 4915
f 4982 4986 4912
f 4915 4988 4917
f 4986 4988 4915
f 4982 4839 4844
f 4844 4986 4982
f 4986 4844 4847
f 4847 4988 4986
f 4850 4952 4995
f 4825 4952 4850
f 4850 4995 4997
f 4997 4854 4850
f 4920 4952 4891
f 4995 4952 4920
f 4920 4997 4995
f 4920 4922 4997
f 4922 4999 4997
f 4924 4999 4922
f 4858 4854 4997
f 5004 4997 4999
f 5004 4858 4997
f 5004 4861 4858
f 4926 4999 4924
f 5004 4999 4926
f 4861 5004 5008
f 5008 4862 4861
f 4926 5008 5004
f 4926 4938 5008
f 4926 4884 4938
f 4864 4862 5008
f 4807 5008 4938
f 4864 5008 4807
f 985 983 1157
f 989 987 1074
f 1074 1079 989
f 1082 985 1157
f 1082 987 985
f 1082 1074 987
f 983 992 1163
f 1163 1157 983
f 1163 992 995
f 1157 1163 1085
f 1085 1082 1157
f 1088 1085 997
f 1085 995 997
f 1085 1163 995
f 1003 1005 1092
f 1092 1090 1003
f 1092 1009 1094
f 1005 1009 1092
f 1094 1011 1096
f 1009 1011 1094
f 1011 1014 1098
f 1098 1096 1011
f 1014 1016 1101
f 1101 1098 1014
f 1101 1019 1102
f 1016 1019 1101
f 1102 1021 1104
f 1019 1021 1102
f 1021 1025 1107
f 1107 1104 1021
f 1028 989 1079
f 1079 1112 1028
f 1115 1028 1112
f 1031 1028 1115
f 1025 1033 1117
f 1117 1107 1025
f 1033 1031 1115
f 1115 1117 1033
f 997 1036 1120
f 1120 1088 997
f 1036 1040 1122
f 1122 1120 1036
f 1122 1043 1124
f 1040 1043 1122
f 1167 1046 1047
f 1128 1124 1167
f 1124 1046 1167
f 1124 1043 1046
f 1167 1047 1050
f 1129 1050 1052
f 1129 1167 1050
f 1129 1128 1167
f 1052 1054 1131
f 1131 1129 1052
f 1054 1056 1133
f 1133 1131 1054
f 1056 1053 1134
f 1134 1133 1056
f 1137 1026 1105
f 1060 1026 1137
f 1061 1060 1137
f 1137 1139 1061
f 1141 1061 1139
f 1062 1061 1141
f 1076 1062 1141
f 1063 1062 1076
f 2539 2541 2634
f 2634 2633 2539
f 2541 2544 2636
f 2636 2634 2541
f 2636 2547 2640
f 2544 2547 2636
f 2547 2549 2643
f 2643 2640 2547
f 2550 2551 2647
f 2647 2646 2550
f 2643 2550 2646
f 2549 2550 2643
f 2647 2552 2650
f 2551 2552 2647
f 2653 2554 2655
f 2553 2554 2653
f 2655 2555 2658
f 2554 2555 2655
f 2552 2553 2653
f 2653 2650 2552
f 2558 2557 2662
f 2662 2670 2558
f 2560 2558 2670
f 2670 2672 2560
f 2563 2560 2672
f 2672 2674 2563
f 2565 2563 2674
f 2674 2675 2565
f 2679 2565 2675
f 2568 2565 2679
f 2683 2568 2679
f 2570 2568 2683
f 2685 2570 2683
f 2574 2570 2685
f 2687 2574 2685
f 2576 2574 2687
f 2581 2582 2695
f 2695 2692 2581
f 2658 2581 2692
f 2555 2581 2658
f 2695 2576 2687
f 2582 2576 2695
f 3267 3194 3269
f 3191 3194 3267
f 3197 3191 3267
f 3267 3271 3197
f 3194 3201 3273
f 3273 3269 3194
f 3203 3205 3278
f 3278 3276 3203
f 3278 3206 3282
f 3205 3206 3278
f 3273 3203 3276
f 3201 3203 3273
f 3212 3210 3288
f 3288 3290 3212
f 3214 3212 3290
f 3290 3293 3214
f 3217 3214 3293
f 3293 3295 3217
f 3220 3217 3295
f 3295 3299 3220
f 3302 3220 3299
f 3222 3220 3302
f 3224 3222 3302
f 3302 3304 3224
f 3307 3224 3304
f 3227 3224 3307
f 3240 3227 3307
f 3307 3309 3240
f 3243 3240 3309
f 3309 3314 3243
f 3206 3243 3314
f 3314 3282 3206
f 1790 1792 1884
f 1884 1882 1790
f 1884 1795 1886
f 1792 1795 1884
f 1886 1798 1889
f 1795 1798 1886
f 1798 1801 1893
f 1893 1889 1798
f 1901 1811 1900
f 1813 1811 1901
f 1823 1813 1901
f 1901 1904 1823
f 1907 1823 1904
f 1827 1823 1907
f 1910 1827 1907
f 1830 1827 1910
f 1834 1830 1910
f 1910 1915 1834
f 1835 1834 1915
f 1915 1918 1835
f 1921 1835 1918
f 1837 1835 1921
f 1839 1837 1921
f 1921 1923 1839
f 1927 1839 1923
f 1841 1839 1927
f 1930 1841 1927
f 1844 1841 1930
f 1932 1844 1930
f 1846 1844 1932
f 1848 1846 1932
f 1932 1933 1848
f 1935 1848 1933
f 1850 1848 1935
f 1852 1850 1935
f 1935 1937 1852
f 1854 1852 1937
f 1937 1940 1854
f 1856 1854 1940
f 1940 1942 1856
f 1793 1856 1942
f 1942 1883 1793
f 3310 3305 3346
f 3346 3348 3310
f 3312 3310 3348
f 3348 3350 3312
f 3352 3312 3350
f 3315 3312 3352
f 3354 3315 3352
f 3317 3315 3354
f 3319 3317 3354
f 3354 3356 3319
f 3321 3319 3356
f 3356 3358 3321
f 3323 3321 3358
f 3358 3360 3323
f 3324 3323 3360
f 3360 3362 3324
f 3326 3324 3362
f 3362 3363 3326
f 3288 3326 3363
f 3363 3365 3288
f 3274 3330 3370
f 3370 3368 3274
f 3330 3331 3373
f 3373 3370 3330
f 3331 3334 3376
f 3376 3373 3331
f 3334 3271 3379
f 3379 3376 3334
f 3384 3269 3385
f 3267 3269 3384
f 3271 3267 3384
f 3384 3379 3271
f 3269 3273 3388
f 3388 3385 3269
f 3276 3278 3393
f 3393 3392 3276
f 3393 3282 3396
f 3278 3282 3393
f 3388 3276 3392
f 3273 3276 3388
f 3290 3288 3365
f 3365 3399 3290
f 3401 3290 3399
f 3293 3290 3401
f 3403 3293 3401
f 3295 3293 3403
f 3299 3295 3403
f 3403 3405 3299
f 3302 3299 3405
f 3405 3407 3302
f 3304 3302 3407
f 3407 3409 3304
f 3307 3304 3409
f 3409 3411 3307
f 3413 3307 3411
f 3309 3307 3413
f 3314 3309 3413
f 3413 3414 3314
f 3282 3314 3414
f 3414 3396 3282
f 516 574 520
f 520 675 516

