# https://github.com/mikedh/trimesh
v 9413.70312500 1775.76855469 -1957.32128906
v 9285.56250000 1902.79394531 -1957.32128906
v 79.65625000 2056.58203125 -1957.32128906
v -3140.67187500 536.83593750 -1957.32128906
v 307.31640625 2006.52148438 -1957.32128906
v -3107.57910156 548.07128906 -1957.32128906
v 5543.48828125 1900.20800781 -1957.32128906
v -1741.62109375 1859.23828125 -1957.32128906
v -3040.18750000 764.49511719 -1957.32128906
v 534.97558594 1936.17675781 -1957.32128906
v -2879.91992188 820.45117188 -1957.32128906
v 762.63476562 2058.42578125 -1957.32128906
v -2652.25976562 875.94140625 -1957.32128906
v -3107.57910156 521.73730469 -1957.32128906
v -2652.25976562 406.76757812 -1957.32128906
v -1513.96093750 1865.41113281 -1957.32128906
v 990.29492188 2023.33300781 -1957.32128906
v -2424.59960938 376.19042969 -1957.32128906
v 5569.07031250 1902.79394531 -1957.32128906
v -2879.91992188 451.81152344 -1957.32128906
v 3722.21093750 275.81445312 -1957.32128906
v 1217.95507812 1991.72851562 -1957.32128906
v 6785.09765625 992.15527344 -1957.32128906
v -2196.94042969 351.89941406 -1957.32128906
v -1286.30175781 1873.54589844 -1957.32128906
v 1445.61425781 2079.93847656 -1957.32128906
v 6909.44531250 1062.87207031 -1957.32128906
v -1969.28125000 333.67578125 -1957.32128906
v 3949.87109375 276.16601562 -1957.32128906
v 1673.27343750 1979.50878906 -1957.32128906
v -1058.64257812 1873.81542969 -1957.32128906
v 1900.93359375 2003.65039062 -1957.32128906
v 4177.53125000 281.48730469 -1957.32128906
v 9641.36328125 1770.82812500 -1957.32128906
v 3266.89062500 1888.96289062 -1957.32128906
v 3144.53515625 1902.79394531 -1957.32128906
v 9666.05859375 1902.79394531 -1957.32128906
v 3494.55078125 1886.97558594 -1957.32128906
v -830.98242188 1885.36718750 -1957.32128906
v 3722.21093750 1884.81542969 -1957.32128906
v 9413.70312500 2035.40234375 -1957.32128906
v 2128.59375000 2064.58105469 -1957.32128906
v -603.32226562 1890.14843750 -1957.32128906
v -375.66308594 1884.87500000 -1957.32128906
v 4405.18945312 290.69628906 -1957.32128906
v -257.95214844 1902.79394531 -1957.32128906
v -148.00390625 1933.45703125 -1957.32128906
v 4632.84960938 301.23925781 -1957.32128906
v -1741.62109375 321.27343750 -1957.32128906
v 4793.60742188 309.17675781 -1957.32128906
v 4860.50976562 312.78808594 -1957.32128906
v 5088.16796875 324.51367188 -1957.32128906
v -2424.59960938 927.86035156 -1957.32128906
v 9641.36328125 1957.43359375 -1957.32128906
v 5315.82812500 342.32324219 -1957.32128906
v -2196.94042969 981.96582031 -1957.32128906
v 5543.48828125 367.31445312 -1957.32128906
v 7137.10546875 1141.47265625 -1957.32128906
v 79.65625000 247.88281250 -1957.32128906
v -2151.77441406 992.15527344 -1957.32128906
v 307.31640625 250.98339844 -1957.32128906
v 5771.14843750 397.22265625 -1957.32128906
v 2356.25390625 1960.08691406 -1957.32128906
v 5998.80859375 431.28417969 -1957.32128906
v 6226.46679688 472.27636719 -1957.32128906
v 534.97558594 252.39843750 -1957.32128906
v 762.63476562 254.63183594 -1957.32128906
v 6454.12695312 533.06640625 -1957.32128906
v 6465.55273438 536.83593750 -1957.32128906
v 6681.78710938 678.81933594 -1957.32128906
v 6763.75976562 764.49511719 -1957.32128906
v 3949.87109375 1887.38378906 -1957.32128906
v 4177.53125000 1893.45898438 -1957.32128906
v 4405.18945312 1893.61621094 -1957.32128906
v 4632.84960938 1889.97949219 -1957.32128906
v 4860.50976562 1901.92675781 -1957.32128906
v 5088.16796875 1895.92382812 -1957.32128906
v 5315.82812500 1892.88183594 -1957.32128906
v 7340.42382812 1219.81542969 -1957.32128906
v 7364.76562500 1238.13769531 -1957.32128906
v 6681.78710938 1902.09570312 -1957.32128906
v 6638.15820312 1902.79394531 -1957.32128906
v 6909.44531250 1902.16699219 -1957.32128906
v 6922.05273438 1902.79394531 -1957.32128906
v -1513.96093750 309.10156250 -1957.32128906
v 5771.14843750 1923.74609375 -1957.32128906
v -1515.39062500 309.17675781 -1957.32128906
v 5998.80859375 1929.61132812 -1957.32128906
v -1286.30175781 295.51367188 -1957.32128906
v 990.29492188 257.73632812 -1957.32128906
v 6226.46679688 1918.16308594 -1957.32128906
v -1058.64257812 285.14355469 -1957.32128906
v -830.98242188 275.80566406 -1957.32128906
v 6454.12695312 1908.49316406 -1957.32128906
v 1217.95507812 260.94238281 -1957.32128906
v 7137.10546875 1917.83886719 -1957.32128906
v -603.32226562 265.83593750 -1957.32128906
v 1445.61425781 263.77050781 -1957.32128906
v -375.66308594 254.87109375 -1957.32128906
v 7364.76562500 1925.70605469 -1957.32128906
v 1673.27343750 267.25195312 -1957.32128906
v 1900.93359375 268.84960938 -1957.32128906
v 7430.95507812 1447.47460938 -1957.32128906
v 2128.59375000 269.33496094 -1957.32128906
v 7482.10351562 1675.13378906 -1957.32128906
v 2356.25390625 271.62597656 -1957.32128906
v 7423.53906250 1902.79394531 -1957.32128906
v -148.00390625 246.92578125 -1957.32128906
v -2652.25976562 1434.40917969 -1957.32128906
v -2683.26464844 1447.47460938 -1957.32128906
v -2732.08007812 1675.13378906 -1957.32128906
v -2652.25976562 1696.88281250 -1957.32128906
v -2196.94042969 1050.35742188 -1957.32128906
v -2221.23144531 1219.81542969 -1957.32128906
v -2424.59960938 1351.87402344 -1957.32128906
v -2424.59960938 1756.55957031 -1957.32128906
v -2196.94042969 1793.10644531 -1957.32128906
v -1969.28125000 1845.93554688 -1957.32128906
v 2583.91210938 273.25390625 -1957.32128906
v 2811.57226562 273.30175781 -1957.32128906
v 2583.91210938 2023.61132812 -1957.32128906
v 3039.23242188 275.22363281 -1957.32128906
v 2811.57226562 2041.45410156 -1957.32128906
v 3266.89062500 275.42675781 -1957.32128906
v 3494.55078125 275.14648438 -1957.32128906
v 3039.23242188 1924.01855469 -1957.32128906
v 3722.21093750 309.17675781 -1990.58300781
v 2811.57226562 536.83593750 -2105.86035156
v -3107.57910156 536.83593750 -1961.01953125
v -1741.62109375 1447.47460938 -2003.75390625
v 3039.23242188 536.83593750 -2104.04394531
v 3949.87109375 309.17675781 -1988.64941406
v 9413.70312500 1902.79394531 -2010.98730469
v 5543.48828125 992.15527344 -2013.52539062
v 2811.57226562 764.49511719 -2093.38281250
v -2879.91992188 536.83593750 -1983.40039062
v 9641.36328125 1902.79394531 -1980.16113281
v 5771.14843750 992.15527344 -2010.26855469
v 3039.23242188 764.49511719 -2090.66699219
v -2879.91992188 764.49511719 -1973.17187500
v 5543.48828125 1219.81542969 -2057.20507812
v 4177.53125000 309.17675781 -1982.57031250
v 3722.21093750 536.83593750 -2100.16308594
v 3949.87109375 536.83593750 -2097.58007812
v -1513.96093750 1447.47460938 -2013.90722656
v -2652.25976562 536.83593750 -2004.80859375
v 3266.89062500 536.83593750 -2102.76464844
v 4177.53125000 536.83593750 -2091.70019531
v 4405.18945312 309.17675781 -1974.01269531
v 3266.89062500 764.49511719 -2085.70800781
v 4632.84960938 309.17675781 -1964.50292969
v 2811.57226562 992.15527344 -2029.60839844
v 4405.18945312 536.83593750 -2081.63671875
v 5771.14843750 1219.81542969 -2050.42285156
v 3039.23242188 992.15527344 -2029.61523438
v 4632.84960938 536.83593750 -2071.51757812
v -1741.62109375 1675.13378906 -2025.84863281
v 3266.89062500 992.15527344 -2023.24511719
v -1513.96093750 1675.13378906 -2035.13476562
v 3722.21093750 764.49511719 -2081.41992188
v 3494.55078125 536.83593750 -2101.87695312
v 5998.80859375 992.15527344 -2005.46875000
v -1286.30175781 1447.47460938 -2024.23535156
v 3494.55078125 764.49511719 -2081.75976562
v 5998.80859375 1219.81542969 -2045.42285156
v 3494.55078125 992.15527344 -2018.75488281
v 3949.87109375 764.49511719 -2080.50585938
v 5543.48828125 1447.47460938 -2101.20410156
v -1286.30175781 1675.13378906 -2045.65820312
v 4177.53125000 764.49511719 -2076.99511719
v 5771.14843750 1447.47460938 -2098.56738281
v 3722.21093750 992.15527344 -2020.90722656
v 5998.80859375 1447.47460938 -2097.13671875
v -2652.25976562 764.49511719 -1993.42187500
v 3949.87109375 992.15527344 -2024.54394531
v 79.65625000 992.15527344 -2053.82519531
v -1058.64257812 1447.47460938 -2031.89648438
v 6226.46679688 992.15527344 -2001.05761719
v 4177.53125000 992.15527344 -2022.41210938
v 307.31640625 992.15527344 -2050.72851562
v 6226.46679688 1219.81542969 -2041.21777344
v 79.65625000 1219.81542969 -2047.29882812
v 4405.18945312 764.49511719 -2070.49121094
v -2424.59960938 536.83593750 -2024.38378906
v 6454.12695312 992.15527344 -1989.30175781
v 4632.84960938 764.49511719 -2061.75488281
v 307.31640625 1219.81542969 -2047.62011719
v -1058.64257812 1675.13378906 -2053.65820312
v 4405.18945312 992.15527344 -2022.83691406
v 6454.12695312 1219.81542969 -2033.41113281
v 534.97558594 992.15527344 -2052.21777344
v -830.98242188 1447.47460938 -2042.77343750
v 534.97558594 1219.81542969 -2050.37207031
v -2196.94042969 536.83593750 -2043.35351562
v 4632.84960938 992.15527344 -2022.34863281
v 79.65625000 1447.47460938 -2067.69824219
v 6226.46679688 1447.47460938 -2095.30859375
v -1969.28125000 536.83593750 -2059.93457031
v 4860.50976562 536.83593750 -2062.35937500
v 307.31640625 1447.47460938 -2069.72656250
v -830.98242188 1675.13378906 -2060.84472656
v 6454.12695312 1447.47460938 -2094.11425781
v 5088.16796875 536.83593750 -2053.19531250
v 534.97558594 1447.47460938 -2071.49707031
v -1741.62109375 536.83593750 -2071.20507812
v 5315.82812500 536.83593750 -2042.08789062
v 762.63476562 992.15527344 -2053.58105469
v -2424.59960938 764.49511719 -2014.03808594
v 5543.48828125 1675.13378906 -2107.08398438
v -830.98242188 992.15527344 -2022.14746094
v 762.63476562 1219.81542969 -2055.63183594
v 5771.14843750 1675.13378906 -2110.62207031
v 5998.80859375 1675.13378906 -2112.64355469
v 5543.48828125 536.83593750 -2030.42382812
v 4860.50976562 764.49511719 -2053.40039062
v -603.32226562 992.15527344 -2032.69531250
v -830.98242188 1219.81542969 -2013.25878906
v -603.32226562 1219.81542969 -2023.69531250
v 5088.16796875 764.49511719 -2045.28906250
v 4860.50976562 992.15527344 -2020.27441406
v -375.66308594 992.15527344 -2043.67871094
v -375.66308594 1219.81542969 -2037.29199219
v 5088.16796875 992.15527344 -2020.07910156
v -603.32226562 1447.47460938 -2054.31835938
v 5315.82812500 764.49511719 -2036.98242188
v -375.66308594 1447.47460938 -2066.20507812
v 990.29492188 992.15527344 -2049.92187500
v 5543.48828125 764.49511719 -2031.91992188
v 5771.14843750 1902.79394531 -1986.94335938
v -148.00390625 992.15527344 -2052.08398438
v 5315.82812500 992.15527344 -2017.10253906
v 5998.80859375 1902.79394531 -1994.36816406
v -148.00390625 1219.81542969 -2044.71582031
v 990.29492188 1219.81542969 -2053.06640625
v 5771.14843750 536.83593750 -2018.36523438
v 6226.46679688 1675.13378906 -2109.73046875
v 5998.80859375 536.83593750 -2004.55078125
v 762.63476562 1447.47460938 -2071.43945312
v -2196.94042969 764.49511719 -2034.76074219
v 6454.12695312 1675.13378906 -2106.26269531
v 990.29492188 1447.47460938 -2072.15527344
v 6226.46679688 1902.79394531 -1978.42968750
v 6226.46679688 536.83593750 -1986.49511719
v 6454.12695312 1902.79394531 -1964.90917969
v -1969.28125000 764.49511719 -2052.41113281
v 6454.12695312 536.83593750 -1959.02441406
v 6681.78710938 992.15527344 -1967.35253906
v 79.65625000 1675.13378906 -2112.07714844
v -1741.62109375 764.49511719 -2063.48242188
v 6681.78710938 1219.81542969 -2020.95800781
v 5771.14843750 764.49511719 -2026.94433594
v -148.00390625 1447.47460938 -2069.15625000
v -1969.28125000 992.15527344 -1970.70800781
v 6909.44531250 1219.81542969 -2001.95410156
v 5998.80859375 764.49511719 -2020.13671875
v 307.31640625 1675.13378906 -2105.20019531
v 6681.78710938 1447.47460938 -2095.30957031
v 6226.46679688 764.49511719 -2010.10937500
v 534.97558594 1675.13378906 -2096.70605469
v 6909.44531250 1447.47460938 -2095.84863281
v -603.32226562 1675.13378906 -2072.66113281
v 6454.12695312 764.49511719 -1991.62304688
v 79.65625000 1902.79394531 -2141.41699219
v -375.66308594 1675.13378906 -2083.73437500
v 307.31640625 1902.79394531 -2090.02246094
v 7137.10546875 1219.81542969 -1988.58984375
v -1741.62109375 992.15527344 -1983.91796875
v 534.97558594 1902.79394531 -2007.49414062
v 6681.78710938 764.49511719 -1968.33886719
v -148.00390625 1675.13378906 -2094.98632812
v 7137.10546875 1447.47460938 -2098.73730469
v 762.63476562 1675.13378906 -2111.96679688
v -148.00390625 1902.79394531 -1996.24804688
v 990.29492188 1675.13378906 -2107.80859375
v 7364.76562500 1447.47460938 -2036.46484375
v 762.63476562 1902.79394531 -2141.74316406
v 3722.21093750 1219.81542969 -2039.86035156
v -1513.96093750 309.17675781 -1957.39160156
v 6681.78710938 1675.13378906 -2108.71972656
v 3949.87109375 1219.81542969 -2042.65527344
v 6909.44531250 1675.13378906 -2117.06152344
v 4177.53125000 1219.81542969 -2044.84863281
v 79.65625000 309.17675781 -2018.21679688
v -1286.30175781 309.17675781 -1970.42968750
v 307.31640625 309.17675781 -2015.63867188
v 7137.10546875 1675.13378906 -2124.86425781
v 3722.21093750 1447.47460938 -2076.07812500
v 534.97558594 309.17675781 -2013.40722656
v -1513.96093750 536.83593750 -2080.05761719
v 990.29492188 1902.79394531 -2106.17382812
v 79.65625000 536.83593750 -2131.69238281
v -1286.30175781 536.83593750 -2088.51562500
v 7364.76562500 1675.13378906 -2080.41796875
v 307.31640625 536.83593750 -2129.52050781
v -1058.64257812 309.17675781 -1979.89648438
v 1217.95507812 992.15527344 -2040.53808594
v 3949.87109375 1447.47460938 -2074.23046875
v 1217.95507812 1219.81542969 -2044.73144531
v 7137.10546875 1902.79394531 -1978.01855469
v 4177.53125000 1447.47460938 -2075.71484375
v 1445.61425781 992.15527344 -2035.94628906
v 534.97558594 536.83593750 -2128.36425781
v 1445.61425781 1219.81542969 -2042.00683594
v 4405.18945312 1219.81542969 -2048.12695312
v 7364.76562500 1902.79394531 -1982.85253906
v 762.63476562 309.17675781 -2011.17675781
v 1217.95507812 1447.47460938 -2072.78320312
v 4632.84960938 1219.81542969 -2052.94042969
v -830.98242188 309.17675781 -1988.40625000
v 990.29492188 309.17675781 -2009.47851562
v 4405.18945312 1447.47460938 -2081.06250000
v 762.63476562 536.83593750 -2126.23730469
v 4632.84960938 1447.47460938 -2088.83984375
v 1445.61425781 1447.47460938 -2070.37988281
v 990.29492188 536.83593750 -2123.10742188
v -1058.64257812 536.83593750 -2094.69921875
v 1673.27343750 992.15527344 -2035.45410156
v 1673.27343750 1219.81542969 -2042.62597656
v 1900.93359375 992.15527344 -2033.17089844
v 79.65625000 764.49511719 -2126.33789062
v 307.31640625 764.49511719 -2123.18359375
v 534.97558594 764.49511719 -2122.65039062
v 1900.93359375 1219.81542969 -2044.96484375
v 762.63476562 764.49511719 -2120.43457031
v 990.29492188 764.49511719 -2117.27148438
v 1673.27343750 1447.47460938 -2068.89062500
v 1900.93359375 1447.47460938 -2069.47851562
v 1217.95507812 309.17675781 -2006.41015625
v 3722.21093750 1675.13378906 -2092.68750000
v 1217.95507812 1675.13378906 -2103.00000000
v 1445.61425781 309.17675781 -2002.93945312
v 3949.87109375 1675.13378906 -2092.87304688
v 1445.61425781 1675.13378906 -2110.94335938
v 1217.95507812 536.83593750 -2121.14843750
v 4177.53125000 1675.13378906 -2094.04882812
v 1217.95507812 1902.79394531 -2062.42968750
v 1445.61425781 1902.79394531 -2145.60058594
v 4405.18945312 1675.13378906 -2098.21386719
v 1673.27343750 1675.13378906 -2098.22363281
v 1445.61425781 536.83593750 -2119.01464844
v 1900.93359375 1675.13378906 -2102.78710938
v 4632.84960938 1675.13378906 -2103.64355469
v 1673.27343750 309.17675781 -1999.48339844
v 1673.27343750 1902.79394531 -2056.25976562
v 1900.93359375 309.17675781 -1997.48242188
v 4860.50976562 1219.81542969 -2057.49511719
v 1673.27343750 536.83593750 -2115.47070312
v 1900.93359375 1902.79394531 -2085.08593750
v 5088.16796875 1219.81542969 -2065.47460938
v 1900.93359375 536.83593750 -2113.27734375
v 4860.50976562 1447.47460938 -2096.00390625
v 1217.95507812 764.49511719 -2113.04296875
v 5088.16796875 1447.47460938 -2101.08886719
v 1445.61425781 764.49511719 -2109.80371094
v 5315.82812500 1219.81542969 -2066.46875000
v 1673.27343750 764.49511719 -2105.66503906
v 2128.59375000 992.15527344 -2031.00976562
v 5315.82812500 1447.47460938 -2104.55859375
v 2128.59375000 1219.81542969 -2042.50488281
v 1900.93359375 764.49511719 -2102.52929688
v 4860.50976562 1675.13378906 -2107.49804688
v 2356.25390625 992.15527344 -2032.09472656
v 2356.25390625 1219.81542969 -2040.71484375
v 5088.16796875 1675.13378906 -2106.00781250
v 2128.59375000 309.17675781 -1996.01171875
v 2128.59375000 1447.47460938 -2068.00390625
v 5315.82812500 1675.13378906 -2104.48828125
v 2356.25390625 309.17675781 -1994.52636719
v 2356.25390625 1447.47460938 -2068.15136719
v 2128.59375000 536.83593750 -2112.23828125
v 2356.25390625 536.83593750 -2110.02441406
v 2583.91210938 309.17675781 -1993.78906250
v 2583.91210938 992.15527344 -2028.83496094
v 2583.91210938 1219.81542969 -2040.40234375
v 2811.57226562 309.17675781 -1992.85742188
v 2811.57226562 1219.81542969 -2040.48339844
v 2583.91210938 536.83593750 -2106.89062500
v 2583.91210938 1447.47460938 -2068.94628906
v 2811.57226562 1447.47460938 -2069.86914062
v 2128.59375000 764.49511719 -2102.13671875
v 2128.59375000 1675.13378906 -2111.02050781
v 2356.25390625 764.49511719 -2100.00390625
v 2356.25390625 1675.13378906 -2093.80566406
v 2583.91210938 764.49511719 -2096.31152344
v 2128.59375000 1902.79394531 -2148.41015625
v 2356.25390625 1902.79394531 -2033.86035156
v 3039.23242188 309.17675781 -1989.97558594
v -830.98242188 536.83593750 -2102.95898438
v 3266.89062500 309.17675781 -1990.31445312
v 2583.91210938 1675.13378906 -2105.23535156
v -1513.96093750 764.49511719 -2072.21679688
v 2811.57226562 1675.13378906 -2111.83691406
v -1286.30175781 764.49511719 -2080.71679688
v 2583.91210938 1902.79394531 -2104.21289062
v 3494.55078125 309.17675781 -1991.71484375
v -1513.96093750 992.15527344 -1991.69433594
v 2811.57226562 1902.79394531 -2123.88085938
v -1286.30175781 992.15527344 -2001.35253906
v 3039.23242188 1219.81542969 -2042.16699219
v -1058.64257812 764.49511719 -2088.91308594
v 3266.89062500 1219.81542969 -2044.02734375
v -830.98242188 764.49511719 -2098.38378906
v 3039.23242188 1447.47460938 -2074.38769531
v -1058.64257812 992.15527344 -2011.79101562
v 3266.89062500 1447.47460938 -2078.37304688
v 3494.55078125 1219.81542969 -2039.89062500
v -603.32226562 309.17675781 -1998.32617188
v 3494.55078125 1447.47460938 -2076.55078125
v -375.66308594 309.17675781 -2008.65332031
v -603.32226562 536.83593750 -2112.12695312
v 3039.23242188 1675.13378906 -2096.46093750
v -375.66308594 536.83593750 -2123.01757812
v 3266.89062500 1675.13378906 -2091.47167969
v -148.00390625 309.17675781 -2017.53417969
v 3039.23242188 1902.79394531 -1982.40820312
v -148.00390625 536.83593750 -2131.54199219
v 3494.55078125 1675.13378906 -2091.57128906
v -603.32226562 764.49511719 -2107.88281250
v -375.66308594 764.49511719 -2118.47167969
v -148.00390625 764.49511719 -2126.46875000
v -2652.25976562 1447.47460938 -1959.04296875
v -2652.25976562 1675.13378906 -1966.49511719
v -2196.94042969 1219.81542969 -1959.22851562
v -2424.59960938 1447.47460938 -1969.89843750
v -2196.94042969 1447.47460938 -1983.65039062
v -1969.28125000 1219.81542969 -1974.91796875
v -1741.62109375 1219.81542969 -1983.12011719
v -1969.28125000 1447.47460938 -1996.79589844
v -2424.59960938 1675.13378906 -1986.16308594
v -2196.94042969 1675.13378906 -1999.06835938
v -1969.28125000 1675.13378906 -2016.34375000
v -1513.96093750 1219.81542969 -1986.40234375
v -1286.30175781 1219.81542969 -1993.78125000
v -1058.64257812 1219.81542969 -2002.79394531
v -4972.90820312 536.83593750 -1729.66113281
v -2128.70507812 1902.79394531 -1729.66113281
v -3562.89843750 210.73925781 -1729.66113281
v -4928.85644531 506.19042969 -1729.66113281
v 1900.93359375 136.37500000 -1729.66113281
v -3335.23828125 198.46289062 -1729.66113281
v 7845.50000000 536.83593750 -1729.66113281
v 2128.59375000 136.34472656 -1729.66113281
v -3107.57910156 187.60937500 -1729.66113281
v -1969.28125000 1918.74511719 -1729.66113281
v 8047.74414062 613.89062500 -1729.66113281
v 10096.68164062 1743.09472656 -1729.66113281
v 2356.25390625 137.41699219 -1729.66113281
v -5047.08007812 764.49511719 -1729.66113281
v 8275.40429688 713.03417969 -1729.66113281
v -1741.62109375 1924.33105469 -1729.66113281
v 2583.91210938 138.82031250 -1729.66113281
v -4701.19726562 396.48828125 -1729.66113281
v 2811.57226562 139.67578125 -1729.66113281
v -2879.91992188 176.84277344 -1729.66113281
v 8384.28125000 764.49511719 -1729.66113281
v -1513.96093750 1921.90722656 -1729.66113281
v -2652.25976562 166.91308594 -1729.66113281
v -4473.53710938 326.56347656 -1729.66113281
v 3039.23242188 140.55078125 -1729.66113281
v 10267.73828125 1902.79394531 -1729.66113281
v 8503.06445312 829.56347656 -1729.66113281
v -1286.30175781 1920.78222656 -1729.66113281
v 3266.89062500 141.75878906 -1729.66113281
v -4928.85644531 929.18164062 -1729.66113281
v 8696.92773438 992.15527344 -1729.66113281
v -2424.59960938 158.60546875 -1729.66113281
v -1058.64257812 1918.70312500 -1729.66113281
v 1900.93359375 1960.19726562 -1729.66113281
v 3494.55078125 141.94140625 -1729.66113281
v 9272.21875000 1902.79394531 -1729.66113281
v 3722.21093750 142.18945312 -1729.66113281
v -4912.56347656 992.15527344 -1729.66113281
v -830.98242188 1919.05468750 -1729.66113281
v 2128.59375000 1977.21679688 -1729.66113281
v 9413.70312500 2067.75097656 -1729.66113281
v -4245.87695312 278.59960938 -1729.66113281
v -2196.94042969 149.33984375 -1729.66113281
v -4407.79394531 309.17675781 -1729.66113281
v -1969.28125000 141.75292969 -1729.66113281
v 9641.36328125 1997.42871094 -1729.66113281
v -1741.62109375 136.97753906 -1729.66113281
v 3722.21093750 1915.18847656 -1729.66113281
v 2356.25390625 1955.73535156 -1729.66113281
v 9663.47851562 1902.79394531 -1729.66113281
v -4018.21777344 246.21679688 -1729.66113281
v 9871.83789062 1902.79394531 -1729.66113281
v -1513.96093750 132.80664062 -1729.66113281
v 3949.87109375 1919.91601562 -1729.66113281
v -3790.55859375 226.31640625 -1729.66113281
v 10096.68164062 2080.97070312 -1729.66113281
v -603.32226562 1914.23437500 -1729.66113281
v -1286.30175781 130.02441406 -1729.66113281
v 79.65625000 1997.34179688 -1729.66113281
v 4177.53125000 1915.01269531 -1729.66113281
v -5384.17578125 1330.46386719 -1729.66113281
v 2583.91210938 2037.06347656 -1729.66113281
v -5536.95996094 1447.47460938 -1729.66113281
v 307.31640625 1968.43261719 -1729.66113281
v 4405.18945312 1912.88476562 -1729.66113281
v 7592.42578125 1326.50097656 -1729.66113281
v 2811.57226562 2019.20312500 -1729.66113281
v 534.97558594 1930.53613281 -1729.66113281
v 4632.84960938 1917.13281250 -1729.66113281
v -1058.64257812 128.20898438 -1729.66113281
v 3039.23242188 2046.03125000 -1729.66113281
v 762.63476562 1965.57714844 -1729.66113281
v -830.98242188 126.97656250 -1729.66113281
v 4860.50976562 1919.58984375 -1729.66113281
v 3266.89062500 1999.93066406 -1729.66113281
v -5384.17578125 1592.66796875 -1729.66113281
v 5088.16796875 1922.83300781 -1729.66113281
v -603.32226562 123.97363281 -1729.66113281
v 990.29492188 1942.05664062 -1729.66113281
v 3494.55078125 1916.82324219 -1729.66113281
v 5315.82812500 1922.89648438 -1729.66113281
v -4928.85644531 1070.97167969 -1729.66113281
v 1217.95507812 1946.57910156 -1729.66113281
v 3949.87109375 142.28906250 -1729.66113281
v -375.66308594 120.76757812 -1729.66113281
v 5543.48828125 1924.01855469 -1729.66113281
v -5094.76953125 1219.81542969 -1729.66113281
v 4177.53125000 143.73242188 -1729.66113281
v 7502.79101562 1447.47460938 -1729.66113281
v -148.00390625 117.93945312 -1729.66113281
v -5156.51562500 1239.36816406 -1729.66113281
v 1445.61425781 1998.29687500 -1729.66113281
v 5771.14843750 1930.91210938 -1729.66113281
v 79.65625000 119.51269531 -1729.66113281
v 4405.18945312 146.87500000 -1729.66113281
v 1673.27343750 1942.19726562 -1729.66113281
v 7820.08593750 1280.01171875 -1729.66113281
v 5998.80859375 1932.45117188 -1729.66113281
v -5156.51562500 1666.35742188 -1729.66113281
v 4632.84960938 149.92675781 -1729.66113281
v -3562.89843750 1789.51074219 -1729.66113281
v -3335.23828125 1810.63183594 -1729.66113281
v 4860.50976562 153.01269531 -1729.66113281
v 8047.74414062 1276.57714844 -1729.66113281
v -3107.57910156 1831.85351562 -1729.66113281
v 5088.16796875 156.31152344 -1729.66113281
v -5117.37890625 1675.13378906 -1729.66113281
v 8275.40429688 1255.32226562 -1729.66113281
v -4928.85644531 1693.15332031 -1729.66113281
v 6226.46679688 1930.29980469 -1729.66113281
v 7530.44726562 1675.13378906 -1729.66113281
v -2879.91992188 1848.54199219 -1729.66113281
v -4701.19726562 1706.49804688 -1729.66113281
v 6454.12695312 1928.67089844 -1729.66113281
v 5315.82812500 164.62402344 -1729.66113281
v -4473.53710938 1719.85937500 -1729.66113281
v -2652.25976562 1860.00683594 -1729.66113281
v 6681.78710938 1925.42480469 -1729.66113281
v 5543.48828125 178.44726562 -1729.66113281
v -4245.87695312 1733.10253906 -1729.66113281
v -2424.59960938 1872.51953125 -1729.66113281
v 6909.44531250 1929.88867188 -1729.66113281
v -2196.94042969 1895.17773438 -1729.66113281
v 5771.14843750 192.18457031 -1729.66113281
v 7137.10546875 1937.18652344 -1729.66113281
v 5998.80859375 207.49707031 -1729.66113281
v 7364.76562500 1935.20703125 -1729.66113281
v -375.66308594 1956.11425781 -1729.66113281
v -4018.21777344 1747.02539062 -1729.66113281
v -148.00390625 2010.33007812 -1729.66113281
v 6226.46679688 224.79101562 -1729.66113281
v 7364.76562500 400.03027344 -1729.66113281
v 6454.12695312 246.56933594 -1729.66113281
v -3790.55859375 1769.07714844 -1729.66113281
v 7592.42578125 462.62695312 -1729.66113281
v 7820.08593750 529.33105469 -1729.66113281
v 307.31640625 121.39453125 -1729.66113281
v 534.97558594 123.21484375 -1729.66113281
v 6681.78710938 274.67578125 -1729.66113281
v 762.63476562 125.20507812 -1729.66113281
v 6909.44531250 306.95117188 -1729.66113281
v 990.29492188 127.58886719 -1729.66113281
v 6922.79882812 309.17675781 -1729.66113281
v 1217.95507812 129.96386719 -1729.66113281
v 7137.10546875 350.29589844 -1729.66113281
v 1445.61425781 132.42578125 -1729.66113281
v 1673.27343750 135.45996094 -1729.66113281
v 7457.81640625 1902.79394531 -1729.66113281
v 8582.62695312 1219.81542969 -1729.66113281
v 8503.06445312 1234.64941406 -1729.66113281
v 9413.70312500 1737.34277344 -1729.66113281
v 9641.36328125 1703.15039062 -1729.66113281
v -4928.85644531 536.83593750 -1736.83984375
v -1969.28125000 1902.79394531 -1836.39746094
v 3266.89062500 1902.79394531 -1930.97656250
v 3722.21093750 1902.79394531 -1867.50976562
v 10096.68164062 1902.79394531 -1840.27539062
v -4928.85644531 764.49511719 -1747.82519531
v -3562.89843750 309.17675781 -1822.42187500
v 7820.08593750 536.83593750 -1734.93164062
v -1741.62109375 1902.79394531 -1857.60253906
v -4701.19726562 536.83593750 -1772.31347656
v 3494.55078125 1902.79394531 -1868.65527344
v -4701.19726562 764.49511719 -1781.84179688
v 3949.87109375 1902.79394531 -1888.18945312
v -3335.23828125 309.17675781 -1841.64941406
v 7820.08593750 764.49511719 -1820.17480469
v -1513.96093750 1902.79394531 -1855.79980469
v 8047.74414062 764.49511719 -1786.55175781
v 4177.53125000 1902.79394531 -1888.15820312
v 4860.50976562 309.17675781 -1954.17578125
v -4473.53710938 536.83593750 -1806.45117188
v -1286.30175781 1902.79394531 -1870.27343750
v -3107.57910156 309.17675781 -1859.90039062
v 5088.16796875 309.17675781 -1944.64453125
v 4405.18945312 1902.79394531 -1884.44628906
v -4473.53710938 764.49511719 -1815.91503906
v 8275.40429688 764.49511719 -1749.40527344
v -3562.89843750 536.83593750 -1916.07031250
v -1058.64257812 1902.79394531 -1861.46191406
v 7820.08593750 992.15527344 -1844.04492188
v 4632.84960938 1902.79394531 -1890.61132812
v 5315.82812500 309.17675781 -1930.70507812
v -830.98242188 1902.79394531 -1888.83984375
v -4701.19726562 992.15527344 -1762.31152344
v 8047.74414062 992.15527344 -1816.08886719
v -3335.23828125 536.83593750 -1937.76562500
v 5543.48828125 309.17675781 -1911.70507812
v 4860.50976562 1902.79394531 -1951.40820312
v 8275.40429688 992.15527344 -1788.17871094
v -603.32226562 1902.79394531 -1882.29882812
v -4473.53710938 992.15527344 -1793.10253906
v -2879.91992188 309.17675781 -1876.36914062
v 5088.16796875 1902.79394531 -1923.95605469
v -375.66308594 1902.79394531 -1915.45605469
v 8503.06445312 992.15527344 -1759.28515625
v 5771.14843750 309.17675781 -1889.28222656
v 5315.82812500 1902.79394531 -1911.65234375
v -4245.87695312 309.17675781 -1754.64746094
v -2652.25976562 309.17675781 -1892.71875000
v 5543.48828125 1902.79394531 -1943.06347656
v 5998.80859375 309.17675781 -1863.84667969
v 7364.76562500 992.15527344 -1904.01562500
v -3562.89843750 764.49511719 -1913.68066406
v 7592.42578125 992.15527344 -1875.60839844
v -3335.23828125 764.49511719 -1932.78710938
v 6226.46679688 309.17675781 -1837.12011719
v -4018.21777344 309.17675781 -1784.48535156
v 7364.76562500 1219.81542969 -1951.90917969
v -3107.57910156 764.49511719 -1951.08203125
v 6454.12695312 309.17675781 -1805.19921875
v -4245.87695312 536.83593750 -1841.29394531
v -3562.89843750 992.15527344 -1877.77539062
v 7592.42578125 1219.81542969 -1843.61035156
v 6909.44531250 992.15527344 -1946.22070312
v -3335.23828125 992.15527344 -1890.16210938
v 6681.78710938 309.17675781 -1769.36523438
v 7820.08593750 1219.81542969 -1793.84472656
v 6909.44531250 309.17675781 -1732.12500000
v -3107.57910156 992.15527344 -1905.13769531
v 7137.10546875 992.15527344 -1922.35644531
v 6681.78710938 536.83593750 -1924.99902344
v -4018.21777344 536.83593750 -1871.29003906
v 8047.74414062 1219.81542969 -1779.53125000
v -2879.91992188 992.15527344 -1916.57421875
v 6681.78710938 1902.79394531 -1953.58007812
v 8275.40429688 1219.81542969 -1754.79003906
v -2652.25976562 992.15527344 -1926.80175781
v -3790.55859375 309.17675781 -1804.79882812
v 6909.44531250 1902.79394531 -1954.19824219
v 6909.44531250 536.83593750 -1891.28906250
v -3790.55859375 536.83593750 -1896.05175781
v 8503.06445312 1219.81542969 -1738.71484375
v -2424.59960938 309.17675781 -1908.02636719
v 7137.10546875 536.83593750 -1853.49707031
v -4245.87695312 764.49511719 -1848.94238281
v -2196.94042969 309.17675781 -1922.98925781
v 7364.76562500 536.83593750 -1815.98437500
v -4018.21777344 764.49511719 -1875.64257812
v -4245.87695312 992.15527344 -1821.97949219
v -1969.28125000 309.17675781 -1936.59375000
v 7592.42578125 536.83593750 -1777.31640625
v -1741.62109375 309.17675781 -1946.82910156
v -4018.21777344 992.15527344 -1847.91406250
v 6909.44531250 764.49511719 -1938.67089844
v -3790.55859375 764.49511719 -1895.41406250
v -2424.59960938 992.15527344 -1938.55664062
v 7137.10546875 764.49511719 -1910.38964844
v -3790.55859375 992.15527344 -1865.42285156
v 7364.76562500 764.49511719 -1882.21289062
v 7592.42578125 764.49511719 -1853.49902344
v -2196.94042969 992.15527344 -1954.08593750
v -5384.17578125 1447.47460938 -1743.70410156
v -4928.85644531 1219.81542969 -1748.93750000
v -5156.51562500 1447.47460938 -1765.31152344
v -3562.89843750 1219.81542969 -1886.33203125
v -4928.85644531 1447.47460938 -1788.27832031
v -3335.23828125 1219.81542969 -1897.57324219
v -4701.19726562 1219.81542969 -1774.45703125
v -3107.57910156 1219.81542969 -1910.63085938
v -4473.53710938 1219.81542969 -1801.89062500
v -3562.89843750 1447.47460938 -1912.52832031
v -4701.19726562 1447.47460938 -1809.80468750
v -3335.23828125 1447.47460938 -1923.77539062
v -4473.53710938 1447.47460938 -1836.54394531
v -3107.57910156 1447.47460938 -1933.63183594
v -4928.85644531 1675.13378906 -1746.21386719
v -2879.91992188 1219.81542969 -1921.23730469
v -2652.25976562 1219.81542969 -1933.46777344
v -4701.19726562 1675.13378906 -1761.64648438
v -2879.91992188 1447.47460938 -1947.31835938
v -4473.53710938 1675.13378906 -1782.58398438
v -3562.89843750 1675.13378906 -1881.92480469
v -4245.87695312 1219.81542969 -1827.76660156
v -3335.23828125 1675.13378906 -1901.78613281
v -4018.21777344 1219.81542969 -1851.82714844
v -3107.57910156 1675.13378906 -1918.18359375
v -4245.87695312 1447.47460938 -1861.41699219
v -4018.21777344 1447.47460938 -1879.07226562
v -3790.55859375 1219.81542969 -1871.29492188
v -3790.55859375 1447.47460938 -1895.01464844
v -4245.87695312 1675.13378906 -1811.83203125
v -4018.21777344 1675.13378906 -1831.44726562
v -3790.55859375 1675.13378906 -1857.57519531
v -2879.91992188 1675.13378906 -1940.31152344
v -2424.59960938 1219.81542969 -1943.95507812
v -4473.53710938 125.13281250 -1502.00195312
v -2022.26171875 1902.79394531 -1502.00195312
v 3722.21093750 1903.03125000 -1502.00195312
v -2652.25976562 75.72265625 -1502.00195312
v -6294.81445312 425.44433594 -1502.00195312
v 10392.02929688 1447.47460938 -1502.00195312
v 10410.83984375 1675.13378906 -1502.00195312
v 8275.40429688 400.40527344 -1502.00195312
v 10336.43164062 1902.79394531 -1502.00195312
v 762.63476562 1898.61816406 -1502.00195312
v 8503.06445312 452.67968750 -1502.00195312
v 1900.93359375 2113.90136719 -1502.00195312
v 744.88378906 1902.79394531 -1502.00195312
v 8730.72265625 503.64257812 -1502.00195312
v 3949.87109375 1909.32519531 -1502.00195312
v 990.29492188 1900.83691406 -1502.00195312
v -1969.28125000 1908.50195312 -1502.00195312
v 2128.59375000 2103.58984375 -1502.00195312
v 4177.53125000 1937.11425781 -1502.00195312
v 1002.01562500 1902.79394531 -1502.00195312
v -2424.59960938 71.96875000 -1502.00195312
v 2250.81054688 2130.45410156 -1502.00195312
v 8871.63476562 536.83593750 -1502.00195312
v -1741.62109375 1923.27734375 -1502.00195312
v 9186.04296875 1923.50097656 -1502.00195312
v -2196.94042969 67.93457031 -1502.00195312
v 79.65625000 2058.11328125 -1502.00195312
v 2356.25390625 2163.16406250 -1502.00195312
v 4405.18945312 1927.09765625 -1502.00195312
v -6492.26171875 536.83593750 -1502.00195312
v 8958.38281250 561.01757812 -1502.00195312
v 2583.91210938 2247.67773438 -1502.00195312
v -1513.96093750 1926.68261719 -1502.00195312
v 4632.84960938 1904.68945312 -1502.00195312
v 162.63476562 2130.45410156 -1502.00195312
v 9186.04296875 626.28906250 -1502.00195312
v -1286.30175781 1910.19824219 -1502.00195312
v 2811.57226562 2178.46484375 -1502.00195312
v 4860.50976562 1908.07714844 -1502.00195312
v -6522.47412109 613.69921875 -1502.00195312
v 534.97558594 2038.34667969 -1502.00195312
v -1058.64257812 1907.05761719 -1502.00195312
v 5088.16796875 1904.99316406 -1502.00195312
v 449.64160156 2130.45410156 -1502.00195312
v -6564.82666016 764.49511719 -1502.00195312
v 307.31640625 2168.66992188 -1502.00195312
v -1969.28125000 64.55273438 -1502.00195312
v 3266.89062500 2093.62988281 -1502.00195312
v -6648.43798828 992.15527344 -1502.00195312
v 9413.70312500 1934.57714844 -1502.00195312
v -1741.62109375 63.34570312 -1502.00195312
v 1217.95507812 2000.73046875 -1502.00195312
v 3102.76953125 2130.45410156 -1502.00195312
v -830.98242188 1906.51562500 -1502.00195312
v 9641.36328125 1919.51757812 -1502.00195312
v 5315.82812500 1908.45117188 -1502.00195312
v -3562.89843750 91.84277344 -1502.00195312
v -5839.49511719 279.89160156 -1502.00195312
v 1360.55761719 2130.45410156 -1502.00195312
v 5543.48828125 1910.44726562 -1502.00195312
v -5976.21191406 309.17675781 -1502.00195312
v 1445.61425781 2163.93359375 -1502.00195312
v -603.32226562 1918.21679688 -1502.00195312
v -375.66308594 1991.28417969 -1502.00195312
v -3335.23828125 87.17968750 -1502.00195312
v -4245.87695312 111.96777344 -1502.00195312
v -148.00390625 2020.46679688 -1502.00195312
v -6067.15429688 337.46191406 -1502.00195312
v -3107.57910156 83.59179688 -1502.00195312
v 3039.23242188 2138.17968750 -1502.00195312
v 1750.20019531 2130.45410156 -1502.00195312
v -2986.67871094 81.51660156 -1502.00195312
v 3494.55078125 1950.30175781 -1502.00195312
v 79.65625000 61.73828125 -1502.00195312
v -5611.83593750 238.40625000 -1502.00195312
v -4018.21777344 102.48925781 -1502.00195312
v 307.31640625 62.04003906 -1502.00195312
v -5384.17578125 206.45507812 -1502.00195312
v -1513.96093750 62.69531250 -1502.00195312
v -3790.55859375 95.86035156 -1502.00195312
v 534.97558594 64.15039062 -1502.00195312
v 1673.27343750 2139.49316406 -1502.00195312
v 3722.21093750 73.17480469 -1502.00195312
v 762.63476562 65.24902344 -1502.00195312
v 3949.87109375 74.51171875 -1502.00195312
v -6750.13378906 1139.69628906 -1502.00195312
v -5156.51562500 179.69238281 -1502.00195312
v -6804.56250000 1219.81542969 -1502.00195312
v 7364.76562500 1891.19238281 -1502.00195312
v 9869.02148438 1943.83496094 -1502.00195312
v -4928.85644531 158.46972656 -1502.00195312
v 4177.53125000 75.21582031 -1502.00195312
v 990.29492188 65.53515625 -1502.00195312
v -6967.58203125 1447.47460938 -1502.00195312
v 9413.70312500 696.82910156 -1502.00195312
v -4701.19726562 140.44238281 -1502.00195312
v 4405.18945312 76.13281250 -1502.00195312
v -6750.13378906 1654.04003906 -1502.00195312
v 1217.95507812 66.46875000 -1502.00195312
v 7286.76367188 1902.79394531 -1502.00195312
v -1286.30175781 62.78710938 -1502.00195312
v 4632.84960938 78.19628906 -1502.00195312
v 1445.61425781 67.25488281 -1502.00195312
v -1058.64257812 63.33984375 -1502.00195312
v 1673.27343750 67.86914062 -1502.00195312
v 4860.50976562 78.82324219 -1502.00195312
v 5771.14843750 1910.79785156 -1502.00195312
v -6697.12939453 1675.13378906 -1502.00195312
v 10096.68164062 2011.78906250 -1502.00195312
v 5088.16796875 80.07714844 -1502.00195312
v -830.98242188 63.26562500 -1502.00195312
v -6522.47412109 1705.11035156 -1502.00195312
v 5172.35351562 81.51660156 -1502.00195312
v 5998.80859375 1909.64453125 -1502.00195312
v 10324.34179688 1915.36914062 -1502.00195312
v -603.32226562 62.84570312 -1502.00195312
v 9625.58593750 764.49511719 -1502.00195312
v 6226.46679688 1910.15332031 -1502.00195312
v 9641.36328125 770.50488281 -1502.00195312
v -6294.81445312 1721.74121094 -1502.00195312
v 1900.93359375 68.76171875 -1502.00195312
v -6067.15429688 1728.03125000 -1502.00195312
v 5315.82812500 85.01757812 -1502.00195312
v 2128.59375000 68.59765625 -1502.00195312
v 2356.25390625 68.95117188 -1502.00195312
v -5839.49511719 1734.24707031 -1502.00195312
v 2583.91210938 69.62792969 -1502.00195312
v -5611.83593750 1741.98730469 -1502.00195312
v 6454.12695312 1910.55761719 -1502.00195312
v 2811.57226562 70.79492188 -1502.00195312
v -5384.17578125 1746.86914062 -1502.00195312
v 5543.48828125 93.25195312 -1502.00195312
v 6681.78710938 1910.41406250 -1502.00195312
v 3039.23242188 72.50585938 -1502.00195312
v 6909.44531250 1916.49023438 -1502.00195312
v -5156.51562500 1751.71093750 -1502.00195312
v 3266.89062500 72.51171875 -1502.00195312
v 7137.10546875 1916.40234375 -1502.00195312
v 3494.55078125 73.02734375 -1502.00195312
v -4928.85644531 1751.38574219 -1502.00195312
v 9869.02148438 881.15429688 -1502.00195312
v 7364.76562500 220.56250000 -1502.00195312
v -4701.19726562 1749.18164062 -1502.00195312
v 7592.42578125 253.56640625 -1502.00195312
v -4473.53710938 1747.01562500 -1502.00195312
v 5771.14843750 101.78808594 -1502.00195312
v 10043.77929688 992.15527344 -1502.00195312
v -4245.87695312 1746.32226562 -1502.00195312
v 5998.80859375 110.52441406 -1502.00195312
v -375.66308594 61.98632812 -1502.00195312
v -4018.21777344 1758.20996094 -1502.00195312
v 6226.46679688 120.87402344 -1502.00195312
v 7820.08593750 298.91210938 -1502.00195312
v -3790.55859375 1775.86718750 -1502.00195312
v 7592.42578125 1799.02832031 -1502.00195312
v 6454.12695312 134.69628906 -1502.00195312
v -148.00390625 61.23632812 -1502.00195312
v 7866.67382812 309.17675781 -1502.00195312
v 7820.08593750 1785.85351562 -1502.00195312
v 6681.78710938 151.75683594 -1502.00195312
v 8047.74414062 349.03808594 -1502.00195312
v 8047.74414062 1894.43164062 -1502.00195312
v 6909.44531250 169.35156250 -1502.00195312
v -3562.89843750 1797.02148438 -1502.00195312
v 8133.46875000 1902.79394531 -1502.00195312
v 7137.10546875 193.81542969 -1502.00195312
v -3335.23828125 1814.88476562 -1502.00195312
v -2879.91992188 79.52929688 -1502.00195312
v -3107.57910156 1838.00292969 -1502.00195312
v 8275.40429688 1909.17382812 -1502.00195312
v -2879.91992188 1877.02148438 -1502.00195312
v 8503.06445312 1915.58496094 -1502.00195312
v -2652.25976562 1891.02441406 -1502.00195312
v 8730.72265625 1922.05371094 -1502.00195312
v 8958.38281250 1927.18847656 -1502.00195312
v 10096.68164062 1034.97558594 -1502.00195312
v -2424.59960938 1870.04687500 -1502.00195312
v 10289.83203125 1219.81542969 -1502.00195312
v -2196.94042969 1885.66210938 -1502.00195312
v 10324.34179688 1282.85546875 -1502.00195312
v -5384.17578125 536.83593750 -1671.07031250
v -2652.25976562 81.51660156 -1520.32812500
v -5156.51562500 536.83593750 -1703.15039062
v -6294.81445312 536.83593750 -1534.89355469
v 2356.25390625 2130.45410156 -1540.69140625
v -5384.17578125 764.49511719 -1682.00195312
v -2424.59960938 81.51660156 -1533.67285156
v -6522.47412109 764.49511719 -1508.53222656
v -5156.51562500 764.49511719 -1714.12402344
v 8047.74414062 536.83593750 -1688.85742188
v 2583.91210938 2130.45410156 -1633.06835938
v 1900.93359375 81.51660156 -1551.50878906
v -6294.81445312 764.49511719 -1544.27050781
v -5384.17578125 992.15527344 -1672.13769531
v 7364.76562500 1902.79394531 -1681.58300781
v -5156.51562500 992.15527344 -1701.76562500
v -2196.94042969 81.51660156 -1550.07421875
v 8275.40429688 536.83593750 -1639.85449219
v 2811.57226562 2130.45410156 -1566.50781250
v -1969.28125000 81.51660156 -1564.31542969
v 8503.06445312 536.83593750 -1588.25000000
v 3039.23242188 2130.45410156 -1532.71777344
v 10096.68164062 1447.47460938 -1581.35546875
v -6522.47412109 992.15527344 -1521.84472656
v 7364.76562500 309.17675781 -1639.32519531
v -1741.62109375 81.51660156 -1570.76269531
v -6294.81445312 992.15527344 -1551.50097656
v 7592.42578125 309.17675781 -1583.64648438
v -2879.91992188 81.51660156 -1507.88964844
v 7820.08593750 309.17675781 -1516.12500000
v -5839.49511719 309.17675781 -1525.15625000
v 10324.34179688 1447.47460938 -1523.32617188
v 8730.72265625 536.83593750 -1535.64257812
v -6067.15429688 536.83593750 -1569.22949219
v -4928.85644531 992.15527344 -1727.43457031
v 79.65625000 81.51660156 -1592.31738281
v -1513.96093750 81.51660156 -1575.64453125
v 8503.06445312 764.49511719 -1710.00488281
v 2128.59375000 81.51660156 -1551.79687500
v -4473.53710938 309.17675781 -1719.13964844
v 8730.72265625 764.49511719 -1671.21191406
v 307.31640625 81.51660156 -1589.76562500
v 3722.21093750 81.51660156 -1533.52539062
v 2356.25390625 81.51660156 -1549.69335938
v 8730.72265625 992.15527344 -1724.82128906
v 3949.87109375 81.51660156 -1529.12500000
v -5839.49511719 536.83593750 -1604.38281250
v -6750.13378906 1219.81542969 -1514.36718750
v 534.97558594 81.51660156 -1580.91503906
v -1286.30175781 81.51660156 -1577.72265625
v 2583.91210938 81.51660156 -1546.88183594
v -6750.13378906 1447.47460938 -1548.20507812
v 4177.53125000 81.51660156 -1526.26074219
v 8958.38281250 764.49511719 -1630.65625000
v 9186.04296875 764.49511719 -1591.04394531
v -5611.83593750 309.17675781 -1560.86230469
v 4405.18945312 81.51660156 -1522.25488281
v 8958.38281250 992.15527344 -1692.30859375
v 4632.84960938 81.51660156 -1514.52343750
v 762.63476562 81.51660156 -1573.73046875
v -5384.17578125 309.17675781 -1592.11425781
v 4860.50976562 81.51660156 -1511.75683594
v -6522.47412109 1219.81542969 -1552.22851562
v 5088.16796875 81.51660156 -1507.01367188
v 990.29492188 81.51660156 -1568.82714844
v -6294.81445312 1219.81542969 -1589.99316406
v -1058.64257812 81.51660156 -1578.54980469
v -5611.83593750 536.83593750 -1638.82519531
v 9186.04296875 992.15527344 -1660.95214844
v -830.98242188 81.51660156 -1579.91503906
v -6067.15429688 764.49511719 -1578.53027344
v -6522.47412109 1447.47460938 -1588.73339844
v 10096.68164062 1675.13378906 -1645.71289062
v 9413.70312500 764.49511719 -1547.98437500
v 1217.95507812 81.51660156 -1563.83398438
v -5839.49511719 764.49511719 -1612.57812500
v 9413.70312500 992.15527344 -1630.33789062
v 7137.10546875 309.17675781 -1686.08691406
v -6067.15429688 992.15527344 -1582.05371094
v 1445.61425781 81.51660156 -1559.44238281
v 9641.36328125 992.15527344 -1597.74121094
v 10324.34179688 1675.13378906 -1552.07519531
v 2811.57226562 81.51660156 -1543.36816406
v -5839.49511719 992.15527344 -1612.03808594
v -6294.81445312 1447.47460938 -1625.06250000
v 9869.02148438 992.15527344 -1551.16406250
v 10324.34179688 1902.79394531 -1541.68457031
v -5611.83593750 764.49511719 -1648.18945312
v -6522.47412109 1675.13378906 -1537.57519531
v 3039.23242188 81.51660156 -1537.96777344
v -6294.81445312 1675.13378906 -1566.63867188
v -5611.83593750 992.15527344 -1641.23828125
v 3266.89062500 81.51660156 -1536.55957031
v 1673.27343750 81.51660156 -1554.81445312
v -6067.15429688 1219.81542969 -1621.50878906
v 7592.42578125 1447.47460938 -1507.74023438
v -5839.49511719 1219.81542969 -1652.72558594
v -603.32226562 81.51660156 -1584.34863281
v -5156.51562500 309.17675781 -1621.80175781
v -6067.15429688 1447.47460938 -1657.66894531
v -375.66308594 81.51660156 -1590.74316406
v 9186.04296875 1902.79394531 -1554.53710938
v 7820.08593750 1447.47460938 -1513.67285156
v -148.00390625 81.51660156 -1596.53710938
v 9869.02148438 1902.79394531 -1696.40429688
v -4928.85644531 309.17675781 -1653.63671875
v 3494.55078125 81.51660156 -1533.94238281
v 8047.74414062 1447.47460938 -1540.91601562
v -5839.49511719 1447.47460938 -1692.85546875
v -4701.19726562 309.17675781 -1685.82128906
v -5611.83593750 1219.81542969 -1677.75585938
v 762.63476562 1902.79394531 -1586.99609375
v -5384.17578125 1219.81542969 -1701.31542969
v 990.29492188 1902.79394531 -1608.81347656
v 8275.40429688 1447.47460938 -1566.03906250
v -5611.83593750 1447.47460938 -1722.60156250
v 7592.42578125 1675.13378906 -1574.97753906
v -6067.15429688 1675.13378906 -1589.25292969
v -5839.49511719 1675.13378906 -1622.10449219
v 307.31640625 2130.45410156 -1541.04980469
v 7820.08593750 1675.13378906 -1528.21191406
v -5611.83593750 1675.13378906 -1657.79882812
v 8047.74414062 1675.13378906 -1566.45507812
v -5384.17578125 1675.13378906 -1690.30371094
v 8275.40429688 1675.13378906 -1595.22070312
v 1445.61425781 2130.45410156 -1536.35937500
v 8275.40429688 1902.79394531 -1511.72558594
v -5156.51562500 1219.81542969 -1723.22558594
v 1673.27343750 2130.45410156 -1512.58398438
v 8730.72265625 1219.81542969 -1710.40917969
v -5156.51562500 1675.13378906 -1723.81738281
v 8503.06445312 1447.47460938 -1589.77343750
v 8730.72265625 1447.47460938 -1600.85644531
v 8958.38281250 1219.81542969 -1681.92578125
v 9186.04296875 1219.81542969 -1657.01171875
v 8958.38281250 1447.47460938 -1606.53515625
v 9186.04296875 1447.47460938 -1606.90820312
v 8503.06445312 1675.13378906 -1636.08105469
v 8730.72265625 1675.13378906 -1656.09277344
v 8503.06445312 1902.79394531 -1520.63378906
v 8730.72265625 1902.79394531 -1531.36035156
v 8958.38281250 1675.13378906 -1636.34863281
v 9186.04296875 1675.13378906 -1618.08300781
v 8958.38281250 1902.79394531 -1545.62207031
v 9413.70312500 1219.81542969 -1637.71582031
v 9641.36328125 1219.81542969 -1622.36621094
v 9413.70312500 1447.47460938 -1611.82421875
v 9641.36328125 1447.47460938 -1617.14550781
v 9869.02148438 1219.81542969 -1599.62011719
v 10096.68164062 1219.81542969 -1555.57226562
v 9869.02148438 1447.47460938 -1610.28125000
v 9413.70312500 1675.13378906 -1653.26562500
v 9641.36328125 1675.13378906 -1690.65625000
v 9869.02148438 1675.13378906 -1662.00488281
v 534.97558594 31.25976562 -1274.34277344
v -7205.45312500 1735.20605469 -1274.34277344
v 4632.84960938 1919.35253906 -1274.34277344
v 2356.25390625 2225.24414062 -1274.34277344
v -6977.79345703 1735.21484375 -1274.34277344
v 10096.68164062 669.71191406 -1274.34277344
v -7205.45312500 302.91308594 -1274.34277344
v 10324.34179688 742.32617188 -1274.34277344
v 762.63476562 30.83886719 -1274.34277344
v -7224.61376953 309.17675781 -1274.34277344
v 2583.91210938 2328.88476562 -1274.34277344
v 10386.27148438 764.49511719 -1274.34277344
v -7688.67333984 992.15527344 -1274.34277344
v -7835.75341797 1219.81542969 -1274.34277344
v -7888.43212891 1252.32910156 -1274.34277344
v -1741.62109375 30.96093750 -1274.34277344
v -8075.74560547 1447.47460938 -1274.34277344
v -1513.96093750 30.93750000 -1274.34277344
v 990.29492188 30.78027344 -1274.34277344
v -1286.30175781 31.07714844 -1274.34277344
v 4860.50976562 1950.52832031 -1274.34277344
v -1058.64257812 31.50195312 -1274.34277344
v 5088.16796875 1924.78710938 -1274.34277344
v -830.98242188 31.18554688 -1274.34277344
v 5307.90039062 1902.79394531 -1274.34277344
v 1217.95507812 30.91406250 -1274.34277344
v -7433.11279297 437.99218750 -1274.34277344
v 5339.14062500 1902.79394531 -1274.34277344
v 1445.61425781 30.19726562 -1274.34277344
v 2811.57226562 2227.65722656 -1274.34277344
v 10552.00000000 845.56250000 -1274.34277344
v -6750.13378906 1737.39550781 -1274.34277344
v 11007.32031250 1237.79492188 -1274.34277344
v 5543.48828125 1904.79296875 -1274.34277344
v 10765.75195312 992.15527344 -1274.34277344
v 3039.23242188 2151.01953125 -1274.34277344
v 11116.42773438 1447.47460938 -1274.34277344
v 3266.89062500 2217.07421875 -1274.34277344
v 7592.42578125 1894.14355469 -1274.34277344
v -7960.00488281 1675.13378906 -1274.34277344
v 7534.73242188 1902.79394531 -1274.34277344
v 1673.27343750 29.47753906 -1274.34277344
v 3722.21093750 1945.58496094 -1274.34277344
v 11081.81640625 1675.13378906 -1274.34277344
v 1900.93359375 29.81152344 -1274.34277344
v -6522.47412109 1739.72558594 -1274.34277344
v -7888.43212891 1688.43359375 -1274.34277344
v 11007.32031250 1833.23046875 -1274.34277344
v 3545.39453125 2130.45410156 -1274.34277344
v -7660.77246094 1717.67089844 -1274.34277344
v 7820.08593750 1902.21875000 -1274.34277344
v 11462.64062500 1836.72070312 -1274.34277344
v -6294.81445312 1741.49511719 -1274.34277344
v 2128.59375000 30.32714844 -1274.34277344
v 7827.57226562 1902.79394531 -1274.34277344
v -7527.17480469 536.83593750 -1274.34277344
v 2356.25390625 30.97460938 -1274.34277344
v 3494.55078125 2172.40332031 -1274.34277344
v -7433.11279297 1730.68164062 -1274.34277344
v 5998.80859375 1902.51269531 -1274.34277344
v -7660.77246094 912.71777344 -1274.34277344
v 11435.06445312 1902.79394531 -1274.34277344
v 2583.91210938 31.88378906 -1274.34277344
v 7364.76562500 1933.54785156 -1274.34277344
v 3722.21093750 36.71875000 -1274.34277344
v 5973.32617188 1902.79394531 -1274.34277344
v -7615.42089844 764.49511719 -1274.34277344
v -6067.15429688 1737.68457031 -1274.34277344
v 8047.74414062 1922.98730469 -1274.34277344
v -6977.79345703 239.38769531 -1274.34277344
v 11690.29882812 1641.37304688 -1274.34277344
v -5839.49511719 1734.79394531 -1274.34277344
v -6750.13378906 191.52734375 -1274.34277344
v 11551.67578125 1675.13378906 -1274.34277344
v 6226.46679688 1900.99511719 -1274.34277344
v 8275.40429688 1935.49316406 -1274.34277344
v 11778.86328125 1675.13378906 -1274.34277344
v 6454.12695312 1901.84960938 -1274.34277344
v 2811.57226562 32.84375000 -1274.34277344
v 8503.06445312 1938.79003906 -1274.34277344
v 3949.87109375 37.91699219 -1274.34277344
v 8730.72265625 1929.15917969 -1274.34277344
v -6522.47412109 159.93554688 -1274.34277344
v 6571.01757812 1902.79394531 -1274.34277344
v 3039.23242188 34.54394531 -1274.34277344
v 4177.53125000 38.86816406 -1274.34277344
v 3266.89062500 35.12011719 -1274.34277344
v 8958.38281250 1925.64355469 -1274.34277344
v 9186.04296875 1924.47656250 -1274.34277344
v 9869.02148438 1884.04394531 -1274.34277344
v -5611.83593750 1735.76269531 -1274.34277344
v -6294.81445312 135.68750000 -1274.34277344
v 9693.18554688 1902.79394531 -1274.34277344
v 10096.68164062 1850.46972656 -1274.34277344
v -6067.15429688 118.29199219 -1274.34277344
v 10779.66015625 1004.41210938 -1274.34277344
v -5839.49511719 105.40917969 -1274.34277344
v -603.32226562 30.90917969 -1274.34277344
v -5384.17578125 1736.94921875 -1274.34277344
v 10993.17968750 1219.81542969 -1274.34277344
v -375.66308594 30.26855469 -1274.34277344
v 4405.18945312 39.92675781 -1274.34277344
v -5611.83593750 95.50781250 -1274.34277344
v 10324.34179688 1901.08886719 -1274.34277344
v -148.00390625 29.84570312 -1274.34277344
v -5156.51562500 1737.23535156 -1274.34277344
v 4632.84960938 41.26953125 -1274.34277344
v -5384.17578125 85.31542969 -1274.34277344
v 79.65625000 30.12109375 -1274.34277344
v 10330.78125000 1902.79394531 -1274.34277344
v 3494.55078125 35.92089844 -1274.34277344
v 4860.50976562 42.35449219 -1274.34277344
v -5156.51562500 76.16210938 -1274.34277344
v -4928.85644531 1737.02929688 -1274.34277344
v -5291.06250000 81.51660156 -1274.34277344
v 10945.44531250 1902.79394531 -1274.34277344
v -3562.89843750 1775.57226562 -1274.34277344
v 79.65625000 2188.07128906 -1274.34277344
v 5771.14843750 1904.71484375 -1274.34277344
v -4701.19726562 1734.69531250 -1274.34277344
v 5088.16796875 44.39843750 -1274.34277344
v 307.31640625 2326.93945312 -1274.34277344
v -4473.53710938 1734.86816406 -1274.34277344
v -4928.85644531 68.75976562 -1274.34277344
v 534.97558594 2219.04492188 -1274.34277344
v 5315.82812500 47.65429688 -1274.34277344
v -3335.23828125 1794.54101562 -1274.34277344
v 6681.78710938 1904.77441406 -1274.34277344
v 762.63476562 2038.69335938 -1274.34277344
v -4701.19726562 61.87792969 -1274.34277344
v -4245.87695312 1736.71582031 -1274.34277344
v 6909.44531250 1921.94726562 -1274.34277344
v 656.87304688 2130.45410156 -1274.34277344
v 11917.95898438 1835.04296875 -1274.34277344
v -3107.57910156 1821.90332031 -1274.34277344
v 5543.48828125 53.63867188 -1274.34277344
v -4018.21777344 1743.75976562 -1274.34277344
v -4473.53710938 56.31640625 -1274.34277344
v 990.29492188 2003.16113281 -1274.34277344
v -2879.91992188 1899.40625000 -1274.34277344
v 7137.10546875 1954.40039062 -1274.34277344
v -3790.55859375 1757.61035156 -1274.34277344
v -4245.87695312 54.10156250 -1274.34277344
v 5771.14843750 60.60449219 -1274.34277344
v -2872.36914062 1902.79394531 -1274.34277344
v -4018.21777344 50.95800781 -1274.34277344
v -2424.59960938 1884.86914062 -1274.34277344
v 11960.54492188 1902.79394531 -1274.34277344
v -3790.55859375 46.74121094 -1274.34277344
v -2471.81250000 1902.79394531 -1274.34277344
v -3562.89843750 44.20312500 -1274.34277344
v 11462.64062500 2029.04492188 -1274.34277344
v -3335.23828125 41.72558594 -1274.34277344
v -3107.57910156 40.23632812 -1274.34277344
v -2196.94042969 1882.97363281 -1274.34277344
v -2879.91992188 38.95507812 -1274.34277344
v 5998.80859375 68.40820312 -1274.34277344
v -1969.28125000 1899.92089844 -1274.34277344
v 1151.51464844 2130.45410156 -1274.34277344
v -1955.00878906 1902.79394531 -1274.34277344
v 6226.46679688 76.74414062 -1274.34277344
v 11557.12109375 2130.45410156 -1274.34277344
v -2652.25976562 37.77246094 -1274.34277344
v 6347.03710938 81.51660156 -1274.34277344
v 1217.95507812 2188.04980469 -1274.34277344
v 11690.29882812 2152.16308594 -1274.34277344
v -2424.59960938 36.36328125 -1274.34277344
v 1445.61425781 2327.67089844 -1274.34277344
v -2652.25976562 1943.16308594 -1274.34277344
v -2196.94042969 34.51953125 -1274.34277344
v 11917.95898438 2131.22167969 -1274.34277344
v 1673.27343750 2255.02148438 -1274.34277344
v 7364.76562500 145.60058594 -1274.34277344
v 1900.93359375 2196.89062500 -1274.34277344
v -1969.28125000 32.33007812 -1274.34277344
v 6454.12695312 85.94433594 -1274.34277344
v 11923.00390625 2130.45410156 -1274.34277344
v -1741.62109375 1944.30566406 -1274.34277344
v 7592.42578125 163.90625000 -1274.34277344
v 2128.59375000 2201.56835938 -1274.34277344
v 6681.78710938 96.75390625 -1274.34277344
v -1058.64257812 1900.03417969 -1274.34277344
v 6909.44531250 109.06054688 -1274.34277344
v -1119.55273438 1902.79394531 -1274.34277344
v 7820.08593750 183.85937500 -1274.34277344
v 7137.10546875 126.05078125 -1274.34277344
v -830.98242188 1900.60253906 -1274.34277344
v 8047.74414062 210.75097656 -1274.34277344
v -820.50585938 1902.79394531 -1274.34277344
v 8275.40429688 248.34472656 -1274.34277344
v 5315.82812500 1902.30078125 -1274.34277344
v -1513.96093750 1962.78222656 -1274.34277344
v -1286.30175781 1917.78027344 -1274.34277344
v 3949.87109375 1920.11230469 -1274.34277344
v 4177.53125000 1967.88574219 -1274.34277344
v 9413.70312500 1914.83789062 -1274.34277344
v -603.32226562 1987.93750000 -1274.34277344
v 4405.18945312 1951.63183594 -1274.34277344
v 8503.06445312 295.00000000 -1274.34277344
v -375.66308594 2053.14453125 -1274.34277344
v 9641.36328125 1906.67675781 -1274.34277344
v 8591.86132812 309.17675781 -1274.34277344
v 10483.83203125 2130.45410156 -1274.34277344
v -148.00390625 1960.20214844 -1274.34277344
v 8730.72265625 333.33300781 -1274.34277344
v 37.73730469 2130.45410156 -1274.34277344
v 10552.00000000 2163.04785156 -1274.34277344
v 8958.38281250 390.83007812 -1274.34277344
v 10906.42968750 2130.45410156 -1274.34277344
v 9186.04296875 440.76074219 -1274.34277344
v 307.31640625 30.65527344 -1274.34277344
v 10779.66015625 2149.84570312 -1274.34277344
v 9413.70312500 471.89941406 -1274.34277344
v 9629.62109375 536.83593750 -1274.34277344
v 9641.36328125 540.23632812 -1274.34277344
v 9869.02148438 604.08203125 -1274.34277344
v -7660.77246094 992.15527344 -1280.91308594
v -7205.45312500 309.17675781 -1278.95898438
v 10096.68164062 764.49511719 -1364.14160156
v 3266.89062500 2130.45410156 -1458.54980469
v 5315.82812500 1902.79394531 -1316.35449219
v 11007.32031250 1447.47460938 -1312.95312500
v 10324.34179688 764.49511719 -1294.64355469
v -7433.11279297 536.83593750 -1299.12011719
v -4473.53710938 81.51660156 -1376.29687500
v 10096.68164062 992.15527344 -1486.85449219
v 3494.55078125 2130.45410156 -1328.68457031
v -7660.77246094 1219.81542969 -1315.32421875
v -7205.45312500 536.83593750 -1352.89062500
v 10324.34179688 992.15527344 -1422.01171875
v 11007.32031250 1675.13378906 -1311.71679688
v 5998.80859375 1902.79394531 -1287.42480469
v 762.63476562 1902.79394531 -1463.91113281
v -4245.87695312 81.51660156 -1400.06933594
v -7888.43212891 1447.47460938 -1318.85644531
v 10552.00000000 992.15527344 -1353.20312500
v -7433.11279297 764.49511719 -1317.25292969
v -4018.21777344 81.51660156 -1425.96386719
v 11462.64062500 1902.79394531 -1292.51953125
v -7660.77246094 1447.47460938 -1364.56054688
v -7205.45312500 764.49511719 -1372.65234375
v 5315.82812500 81.51660156 -1484.85937500
v 11690.29882812 1675.13378906 -1301.46386719
v -3790.55859375 81.51660156 -1447.36816406
v 990.29492188 1902.79394531 -1477.69726562
v -7433.11279297 992.15527344 -1336.11914062
v 5543.48828125 81.51660156 -1445.15234375
v -3562.89843750 81.51660156 -1461.88574219
v 11690.29882812 1902.79394531 -1419.41503906
v 6226.46679688 1902.79394531 -1333.52343750
v 79.65625000 2130.45410156 -1402.73828125
v 5771.14843750 81.51660156 -1403.75390625
v 6454.12695312 1902.79394531 -1308.14941406
v 534.97558594 2130.45410156 -1420.29492188
v -7433.11279297 1219.81542969 -1367.40136719
v 7364.76562500 1902.79394531 -1411.14453125
v -7205.45312500 992.15527344 -1388.53417969
v 11917.95898438 1902.79394531 -1324.19628906
v 8047.74414062 1902.79394531 -1473.99316406
v 11690.29882812 2130.45410156 -1314.58593750
v -6977.79345703 992.15527344 -1440.19824219
v 1217.95507812 2130.45410156 -1365.85156250
v 5998.80859375 81.51660156 -1359.19335938
v -7205.45312500 1219.81542969 -1417.16601562
v 6226.46679688 81.51660156 -1305.83105469
v 8047.74414062 309.17675781 -1441.83691406
v -2652.25976562 1902.79394531 -1474.80468750
v -6977.79345703 1219.81542969 -1465.91894531
v -7433.11279297 1447.47460938 -1410.46875000
v 11917.95898438 2130.45410156 -1275.66503906
v -7205.45312500 1447.47460938 -1455.70800781
v 1900.93359375 2130.45410156 -1476.94140625
v 8275.40429688 309.17675781 -1370.09667969
v -6750.13378906 992.15527344 -1485.93457031
v 9869.02148438 1902.79394531 -1317.41601562
v 2128.59375000 2130.45410156 -1469.43945312
v 8503.06445312 309.17675781 -1297.14453125
v -6977.79345703 1447.47460938 -1499.91113281
v -7888.43212891 1675.13378906 -1287.07128906
v -1969.28125000 1902.79394531 -1372.39648438
v -7660.77246094 1675.13378906 -1325.21191406
v 10096.68164062 1902.79394531 -1345.84179688
v -7205.45312500 1675.13378906 -1391.99804688
v 10324.34179688 1219.81542969 -1492.34960938
v -7433.11279297 1675.13378906 -1357.72363281
v 8958.38281250 536.83593750 -1477.90039062
v -6977.79345703 1675.13378906 -1433.33593750
v 9186.04296875 536.83593750 -1411.58007812
v -6750.13378906 1675.13378906 -1484.23828125
v 10552.00000000 1219.81542969 -1426.41601562
v -6977.79345703 309.17675781 -1329.92675781
v -1058.64257812 1902.79394531 -1386.13085938
v 10552.00000000 1447.47460938 -1454.39550781
v 9413.70312500 536.83593750 -1350.33398438
v -6750.13378906 309.17675781 -1377.03515625
v 10779.66015625 1219.81542969 -1349.40429688
v -6977.79345703 536.83593750 -1410.83691406
v -830.98242188 1902.79394531 -1407.47753906
v -6750.13378906 536.83593750 -1458.35546875
v 10779.66015625 1447.47460938 -1382.22753906
v -6522.47412109 309.17675781 -1414.79687500
v 9641.36328125 764.49511719 -1498.48046875
v -6294.81445312 309.17675781 -1450.02636719
v 10552.00000000 1675.13378906 -1430.73144531
v -6522.47412109 536.83593750 -1497.22558594
v 10324.34179688 1902.79394531 -1465.14355469
v 9869.02148438 764.49511719 -1435.83398438
v 10552.00000000 1902.79394531 -1325.46582031
v -6977.79345703 764.49511719 -1427.88085938
v -3335.23828125 81.51660156 -1479.30957031
v 10779.66015625 1675.13378906 -1364.81445312
v -3107.57910156 81.51660156 -1493.32910156
v -6750.13378906 764.49511719 -1474.80371094
v 10779.66015625 1902.79394531 -1308.55371094
v -6067.15429688 309.17675781 -1487.10546875
v 10552.00000000 2130.45410156 -1315.33496094
v -5156.51562500 81.51660156 -1290.41601562
v -4928.85644531 81.51660156 -1317.33203125
v -4701.19726562 81.51660156 -1346.76953125
v 10779.66015625 2130.45410156 -1292.17382812
v -8571.41113281 1042.68847656 -1046.68261719
v -7205.45312500 1739.73632812 -1046.68261719
v -1741.62109375 6.28808594 -1046.68261719
v -8116.09179688 277.73535156 -1046.68261719
v 534.97558594 5.88867188 -1046.68261719
v -8697.95312500 1219.81542969 -1046.68261719
v -8197.92382812 309.17675781 -1046.68261719
v 762.63476562 5.63867188 -1046.68261719
v -8343.75195312 418.84960938 -1046.68261719
v -6977.79345703 1734.66210938 -1046.68261719
v 11007.32031250 789.69238281 -1046.68261719
v 4632.84960938 1923.40820312 -1046.68261719
v 11234.98046875 901.11132812 -1046.68261719
v 10096.68164062 526.37988281 -1046.68261719
v -8431.34375000 536.83593750 -1046.68261719
v 10139.88281250 536.83593750 -1046.68261719
v -6750.13378906 1730.52246094 -1046.68261719
v -8491.92968750 764.49511719 -1046.68261719
v -8547.69042969 992.15527344 -1046.68261719
v 4860.50976562 1963.55761719 -1046.68261719
v 5088.16796875 1938.54492188 -1046.68261719
v 10324.34179688 577.78906250 -1046.68261719
v 10552.00000000 634.40039062 -1046.68261719
v 5315.82812500 1904.36328125 -1046.68261719
v 10779.66015625 704.89160156 -1046.68261719
v 5543.48828125 1910.63476562 -1046.68261719
v 10949.47460938 764.49511719 -1046.68261719
v -6522.47412109 1730.48339844 -1046.68261719
v 2356.25390625 2077.75878906 -1046.68261719
v 11409.26757812 992.15527344 -1046.68261719
v -8799.07031250 1283.42968750 -1046.68261719
v 7364.76562500 1950.93554688 -1046.68261719
v 2580.07812500 2130.45410156 -1046.68261719
v -6294.81445312 1726.28222656 -1046.68261719
v 7592.42578125 1914.31445312 -1046.68261719
v 5771.14843750 1901.60644531 -1046.68261719
v -9023.78222656 1447.47460938 -1046.68261719
v 7820.08593750 1914.13085938 -1046.68261719
v 5750.69921875 1902.79394531 -1046.68261719
v -6067.15429688 1723.83203125 -1046.68261719
v -7888.43212891 202.93457031 -1046.68261719
v 5998.80859375 1893.06933594 -1046.68261719
v 8047.74414062 1915.47167969 -1046.68261719
v 11462.64062500 1025.52929688 -1046.68261719
v -7660.77246094 153.50292969 -1046.68261719
v 8275.40429688 1914.01171875 -1046.68261719
v 2583.91210938 2133.23046875 -1046.68261719
v 11690.29882812 1191.04003906 -1046.68261719
v -7433.11279297 121.38964844 -1046.68261719
v 8503.06445312 1913.67578125 -1046.68261719
v 2811.57226562 2159.66796875 -1046.68261719
v 6226.46679688 1893.94433594 -1046.68261719
v -7205.45312500 99.05371094 -1046.68261719
v 3039.23242188 2164.78808594 -1046.68261719
v 3266.89062500 2190.91015625 -1046.68261719
v -5839.49511719 1724.23437500 -1046.68261719
v -9026.73046875 1626.85742188 -1046.68261719
v -9053.37792969 1675.13378906 -1046.68261719
v -5611.83593750 1724.48046875 -1046.68261719
v -9026.73046875 1681.00097656 -1046.68261719
v 8730.72265625 1911.88867188 -1046.68261719
v 8958.38281250 1909.30957031 -1046.68261719
v 6454.12695312 1895.31445312 -1046.68261719
v 9186.04296875 1908.36718750 -1046.68261719
v 3494.55078125 2237.39550781 -1046.68261719
v -5384.17578125 1721.62597656 -1046.68261719
v 9413.70312500 1901.15625000 -1046.68261719
v 3722.21093750 2189.93066406 -1046.68261719
v 990.29492188 5.37988281 -1046.68261719
v 6681.78710938 1896.73925781 -1046.68261719
v -5156.51562500 1721.41113281 -1046.68261719
v 9373.68359375 1902.79394531 -1046.68261719
v 3722.21093750 9.90136719 -1046.68261719
v 6774.32812500 1902.79394531 -1046.68261719
v -4928.85644531 1728.77636719 -1046.68261719
v 9641.36328125 1883.79687500 -1046.68261719
v 1217.95507812 4.95507812 -1046.68261719
v 11723.70703125 1219.81542969 -1046.68261719
v 9869.02148438 1846.05566406 -1046.68261719
v 1445.61425781 4.82617188 -1046.68261719
v 6909.44531250 1917.61816406 -1046.68261719
v 3949.87109375 10.51953125 -1046.68261719
v 11897.67968750 1447.47460938 -1046.68261719
v -4701.19726562 1729.07519531 -1046.68261719
v 4177.53125000 11.55078125 -1046.68261719
v 7137.10546875 1964.66015625 -1046.68261719
v 10096.68164062 1812.76562500 -1046.68261719
v 4405.18945312 12.69042969 -1046.68261719
v 11867.08203125 1675.13378906 -1046.68261719
v -4473.53710938 1727.99804688 -1046.68261719
v 11917.95898438 1858.91503906 -1046.68261719
v 10324.34179688 1839.74121094 -1046.68261719
v 1673.27343750 4.93261719 -1046.68261719
v 4632.84960938 14.43847656 -1046.68261719
v 10552.00000000 1870.85351562 -1046.68261719
v -8799.07031250 1716.67871094 -1046.68261719
v 1900.93359375 4.83789062 -1046.68261719
v -4245.87695312 1727.46679688 -1046.68261719
v 7364.76562500 114.82910156 -1046.68261719
v 10765.56835938 1902.79394531 -1046.68261719
v -4018.21777344 1734.11132812 -1046.68261719
v -8571.41113281 1737.32031250 -1046.68261719
v 4860.50976562 15.93066406 -1046.68261719
v 7592.42578125 118.38867188 -1046.68261719
v -3790.55859375 1756.47851562 -1046.68261719
v 5088.16796875 18.27050781 -1046.68261719
v -8343.75195312 1747.92285156 -1046.68261719
v 2128.59375000 5.11230469 -1046.68261719
v 10779.66015625 1904.42187500 -1046.68261719
v 5315.82812500 21.97363281 -1046.68261719
v 5543.48828125 28.04003906 -1046.68261719
v -1513.96093750 6.19726562 -1046.68261719
v 5771.14843750 35.25195312 -1046.68261719
v -1286.30175781 6.18750000 -1046.68261719
v -1058.64257812 5.71289062 -1046.68261719
v -8116.09179688 1749.19628906 -1046.68261719
v 11007.32031250 1908.22753906 -1046.68261719
v -830.98242188 5.57519531 -1046.68261719
v -7888.43212891 1747.78320312 -1046.68261719
v -603.32226562 5.29101562 -1046.68261719
v -3562.89843750 1782.41308594 -1046.68261719
v -7660.77246094 1746.40136719 -1046.68261719
v -375.66308594 4.97460938 -1046.68261719
v 5998.80859375 43.58398438 -1046.68261719
v -148.00390625 4.94335938 -1046.68261719
v 7820.08593750 99.78222656 -1046.68261719
v -7433.11279297 1742.65625000 -1046.68261719
v 6226.46679688 52.44726562 -1046.68261719
v 79.65625000 5.66894531 -1046.68261719
v 6454.12695312 60.94921875 -1046.68261719
v 8047.74414062 95.88964844 -1046.68261719
v -3562.89843750 17.87109375 -1046.68261719
v 8275.40429688 122.12011719 -1046.68261719
v 11956.50390625 1902.79394531 -1046.68261719
v -6977.79345703 81.06152344 -1046.68261719
v -3335.23828125 1796.04492188 -1046.68261719
v 2356.25390625 5.60644531 -1046.68261719
v 8503.06445312 168.67675781 -1046.68261719
v -3107.57910156 1813.38378906 -1046.68261719
v -6983.83789062 81.51660156 -1046.68261719
v 6681.78710938 71.55664062 -1046.68261719
v 2583.91210938 6.27636719 -1046.68261719
v 8730.72265625 195.92089844 -1046.68261719
v -2879.91992188 1847.20507812 -1046.68261719
v 11234.98046875 2062.79394531 -1046.68261719
v 6884.84960938 81.51660156 -1046.68261719
v -6750.13378906 66.33984375 -1046.68261719
v -2652.25976562 1883.60351562 -1046.68261719
v -3335.23828125 15.91308594 -1046.68261719
v 8958.38281250 251.50292969 -1046.68261719
v 11307.09765625 2130.45410156 -1046.68261719
v 6909.44531250 82.79492188 -1046.68261719
v -6522.47412109 56.40917969 -1046.68261719
v 9186.04296875 269.57324219 -1046.68261719
v -2424.59960938 1880.77734375 -1046.68261719
v 7137.10546875 97.59472656 -1046.68261719
v -6294.81445312 50.81445312 -1046.68261719
v 2811.57226562 6.82128906 -1046.68261719
v -3107.57910156 14.45019531 -1046.68261719
v -2196.94042969 1884.69335938 -1046.68261719
v 9390.68164062 309.17675781 -1046.68261719
v -2879.91992188 13.26757812 -1046.68261719
v -1969.28125000 1897.97167969 -1046.68261719
v 3949.87109375 1981.09863281 -1046.68261719
v 3039.23242188 7.41699219 -1046.68261719
v 9413.70312500 312.12988281 -1046.68261719
v -2652.25976562 11.41699219 -1046.68261719
v -1938.88183594 1902.79394531 -1046.68261719
v -2424.59960938 10.07617188 -1046.68261719
v -2196.94042969 8.23730469 -1046.68261719
v -1741.62109375 1935.98632812 -1046.68261719
v -1969.28125000 7.14257812 -1046.68261719
v 3790.49609375 2130.45410156 -1046.68261719
v -1058.64257812 1897.98925781 -1046.68261719
v 4177.53125000 1929.73046875 -1046.68261719
v -1128.05859375 1902.79394531 -1046.68261719
v -6067.15429688 46.47460938 -1046.68261719
v 4405.18945312 1923.06445312 -1046.68261719
v -849.15136719 1902.79394531 -1046.68261719
v -5839.49511719 43.85644531 -1046.68261719
v -1513.96093750 1961.70898438 -1046.68261719
v -5611.83593750 41.13769531 -1046.68261719
v 3266.89062500 8.42285156 -1046.68261719
v -1286.30175781 1923.56347656 -1046.68261719
v -5384.17578125 37.67675781 -1046.68261719
v 3494.55078125 9.22460938 -1046.68261719
v -830.98242188 1905.31738281 -1046.68261719
v -603.32226562 2032.84375000 -1046.68261719
v -5156.51562500 34.25585938 -1046.68261719
v 79.65625000 2134.76855469 -1046.68261719
v 11462.64062500 2184.06152344 -1046.68261719
v -4928.85644531 30.99414062 -1046.68261719
v -553.61230469 2130.45410156 -1046.68261719
v 11690.29882812 2217.12304688 -1046.68261719
v 307.31640625 2286.60449219 -1046.68261719
v -375.66308594 2187.98632812 -1046.68261719
v 9641.36328125 411.66210938 -1046.68261719
v 11917.95898438 2191.98535156 -1046.68261719
v -148.00390625 1937.48046875 -1046.68261719
v 534.97558594 2235.51757812 -1046.68261719
v -336.89843750 2130.45410156 -1046.68261719
v -4701.19726562 28.00292969 -1046.68261719
v 12145.61914062 1918.29296875 -1046.68261719
v 762.63476562 2199.88085938 -1046.68261719
v -4473.53710938 26.23828125 -1046.68261719
v 12373.27734375 1952.51074219 -1046.68261719
v 990.29492188 2193.13183594 -1046.68261719
v -4245.87695312 24.89648438 -1046.68261719
v 76.75000000 2130.45410156 -1046.68261719
v 12145.61914062 2215.93066406 -1046.68261719
v -4018.21777344 21.82226562 -1046.68261719
v 1217.95507812 2213.78515625 -1046.68261719
v -3790.55859375 20.20605469 -1046.68261719
v 12373.27734375 2214.78417969 -1046.68261719
v 9869.02148438 473.50000000 -1046.68261719
v 307.31640625 6.20214844 -1046.68261719
v 12458.96484375 2130.45410156 -1046.68261719
v 1445.61425781 2292.33593750 -1046.68261719
v 1673.27343750 2239.89843750 -1046.68261719
v 1900.93359375 2196.02246094 -1046.68261719
v -148.00390625 4712.17480469 -1046.68261719
v -275.38671875 4862.37011719 -1046.68261719
v 49.62597656 4862.37011719 -1046.68261719
v 2249.48828125 2130.45410156 -1046.68261719
v -148.00390625 5036.02050781 -1046.68261719
v 2128.59375000 2246.28222656 -1046.68261719
v 2356.25390625 2130.45410156 -1134.21191406
v -8571.41113281 1219.81542969 -1085.51757812
v 10096.68164062 536.83593750 -1064.58398438
v 5315.82812500 1902.79394531 -1094.83886719
v -8799.07031250 1447.47460938 -1102.50195312
v -8116.09179688 309.17675781 -1067.27246094
v 10552.00000000 764.49511719 -1213.19433594
v 11007.32031250 992.15527344 -1182.92089844
v -8571.41113281 1447.47460938 -1158.94921875
v 5771.14843750 1902.79394531 -1214.60253906
v -8343.75195312 536.83593750 -1073.35839844
v 762.63476562 2130.45410156 -1189.71875000
v 6681.78710938 1902.79394531 -1268.25878906
v 990.29492188 2130.45410156 -1163.96386719
v -8116.09179688 536.83593750 -1135.48144531
v -2652.25976562 1902.79394531 -1087.05664062
v -8343.75195312 992.15527344 -1111.19921875
v 3722.21093750 2130.45410156 -1100.42089844
v -8343.75195312 1219.81542969 -1148.49218750
v -8343.75195312 764.49511719 -1093.48535156
v -830.98242188 1902.79394531 -1107.30566406
v -8116.09179688 764.49511719 -1158.06250000
v -8116.09179688 992.15527344 -1175.54101562
v -8116.09179688 1219.81542969 -1208.97460938
v -7888.43212891 309.17675781 -1122.88574219
v -8343.75195312 1447.47460938 -1212.80859375
v -7660.77246094 309.17675781 -1175.76171875
v -8116.09179688 1447.47460938 -1265.30566406
v 6454.12695312 81.51660156 -1238.59375000
v -375.66308594 2130.45410156 -1104.97363281
v -7888.43212891 536.83593750 -1190.73242188
v 10779.66015625 764.49511719 -1117.61718750
v 6681.78710938 81.51660156 -1146.29394531
v -9026.73046875 1675.13378906 -1051.77246094
v -7660.77246094 536.83593750 -1243.10156250
v -8799.07031250 1675.13378906 -1094.57519531
v -7433.11279297 309.17675781 -1227.40722656
v -8571.41113281 1675.13378906 -1137.31250000
v 11234.98046875 992.15527344 -1102.37304688
v -7888.43212891 764.49511719 -1214.57324219
v 10779.66015625 992.15527344 -1269.02343750
v -7660.77246094 764.49511719 -1264.54589844
v -8343.75195312 1675.13378906 -1180.11718750
v -7888.43212891 992.15527344 -1231.67578125
v -8116.09179688 1675.13378906 -1234.79492188
v 7592.42578125 1902.79394531 -1202.64062500
v 7820.08593750 1902.79394531 -1267.27832031
v 8730.72265625 309.17675781 -1245.52343750
v 11007.32031250 1219.81542969 -1269.74121094
v -7888.43212891 1219.81542969 -1262.84960938
v 11234.98046875 1219.81542969 -1198.27734375
v 8958.38281250 309.17675781 -1143.54492188
v 11462.64062500 1219.81542969 -1123.75390625
v 9186.04296875 309.17675781 -1079.03710938
v 9413.70312500 1902.79394531 -1079.31152344
v -6977.79345703 81.51660156 -1047.59472656
v 11234.98046875 1447.47460938 -1237.16894531
v 9641.36328125 1902.79394531 -1234.32714844
v 9641.36328125 536.83593750 -1269.29980469
v 11462.64062500 1447.47460938 -1177.14257812
v -6750.13378906 81.51660156 -1082.86523438
v 9869.02148438 536.83593750 -1163.75292969
v -6522.47412109 81.51660156 -1116.95214844
v 10552.00000000 1902.79394531 -1224.34765625
v -6294.81445312 81.51660156 -1147.97070312
v 11690.29882812 1219.81542969 -1058.29882812
v 11007.32031250 1902.79394531 -1177.01562500
v -6067.15429688 81.51660156 -1175.93261719
v 11690.29882812 1447.47460938 -1152.05761719
v -5839.49511719 81.51660156 -1201.21289062
v 11234.98046875 1675.13378906 -1205.36425781
v 10552.00000000 2130.45410156 -1105.25488281
v -5611.83593750 81.51660156 -1226.83593750
v 10779.66015625 2130.45410156 -1064.32617188
v -5384.17578125 81.51660156 -1260.43066406
v 11462.64062500 1675.13378906 -1184.15429688
v 11234.98046875 1902.79394531 -1208.79492188
v 11462.64062500 2130.45410156 -1234.09472656
v 12145.61914062 2130.45410156 -1226.52734375
v 12373.27734375 2130.45410156 -1151.92089844
v -148.00390625 4862.37011719 -1149.04101562
v -8571.41113281 1745.34472656 -819.02246094
v -9026.73046875 244.13964844 -819.02246094
v -8343.75195312 1744.63574219 -819.02246094
v -5384.17578125 1768.72558594 -819.02246094
v -8116.09179688 1743.40332031 -819.02246094
v 1900.93359375 -6.59375000 -819.02246094
v -3107.57910156 1838.97265625 -819.02246094
v 5998.80859375 1930.99316406 -819.02246094
v -3308.55078125 1902.79394531 -819.02246094
v 2128.59375000 -6.53125000 -819.02246094
v 11234.98046875 1671.12207031 -819.02246094
v 6226.46679688 1981.63378906 -819.02246094
v 11056.66015625 1675.13378906 -819.02246094
v 6454.12695312 1974.61718750 -819.02246094
v -9168.98828125 309.17675781 -819.02246094
v -239.86718750 2813.43261719 -819.02246094
v 2356.25390625 -6.33886719 -819.02246094
v -5156.51562500 1757.36621094 -819.02246094
v -2879.91992188 1825.68359375 -819.02246094
v 9186.04296875 1900.54101562 -819.02246094
v 6681.78710938 1916.06347656 -819.02246094
v -4928.85644531 1818.54687500 -819.02246094
v -9254.39062500 400.04492188 -819.02246094
v -2652.25976562 1848.81054688 -819.02246094
v 6775.49414062 1902.79394531 -819.02246094
v -148.00390625 2853.80859375 -819.02246094
v -9325.30664062 536.83593750 -819.02246094
v 9059.98437500 1902.79394531 -819.02246094
v -4.05468750 2813.43261719 -819.02246094
v -2424.59960938 1870.68359375 -819.02246094
v 7016.81054688 1902.79394531 -819.02246094
v -9342.54589844 764.49511719 -819.02246094
v 11462.64062500 1662.15136719 -819.02246094
v 7364.76562500 1915.91503906 -819.02246094
v -2196.94042969 1884.80078125 -819.02246094
v -9420.43164062 992.15527344 -819.02246094
v -148.00390625 4705.60644531 -819.02246094
v 7137.10546875 1916.20117188 -819.02246094
v -1969.28125000 1900.87402344 -819.02246094
v 2583.91210938 -6.22363281 -819.02246094
v -7888.43212891 1739.14160156 -819.02246094
v -301.85937500 4862.37011719 -819.02246094
v -1941.54199219 1902.79394531 -819.02246094
v -4701.19726562 1733.43261719 -819.02246094
v -8116.09179688 77.48046875 -819.02246094
v -3562.89843750 2035.99902344 -819.02246094
v -4473.53710938 1719.78515625 -819.02246094
v -8159.78320312 81.51660156 -819.02246094
v 4177.53125000 -4.48925781 -819.02246094
v 7592.42578125 1912.24218750 -819.02246094
v -3335.23828125 1924.08203125 -819.02246094
v -1741.62109375 1915.72656250 -819.02246094
v -7888.43212891 59.45312500 -819.02246094
v 4405.18945312 -3.99609375 -819.02246094
v 7820.08593750 1913.95898438 -819.02246094
v -4245.87695312 1725.83398438 -819.02246094
v 7364.76562500 89.45800781 -819.02246094
v 8047.74414062 1912.19824219 -819.02246094
v -1513.96093750 1919.09960938 -819.02246094
v 46.71875000 4862.37011719 -819.02246094
v -4018.21777344 1768.18750000 -819.02246094
v -1286.30175781 1904.83886719 -819.02246094
v 7592.42578125 98.56835938 -819.02246094
v 8275.40429688 1910.86230469 -819.02246094
v -148.00390625 5053.94824219 -819.02246094
v 4632.84960938 -3.23046875 -819.02246094
v -3790.55859375 1889.47363281 -819.02246094
v -7660.77246094 47.33984375 -819.02246094
v -7660.77246094 1737.75683594 -819.02246094
v -3770.50292969 1902.79394531 -819.02246094
v -7433.11279297 36.34082031 -819.02246094
v 11007.32031250 1679.67675781 -819.02246094
v -7433.11279297 1744.05468750 -819.02246094
v -7205.45312500 28.32324219 -819.02246094
v 4860.50976562 -2.53417969 -819.02246094
v -7205.45312500 1749.33984375 -819.02246094
v -3562.89843750 -2.68554688 -819.02246094
v -8799.07031250 173.78027344 -819.02246094
v 5088.16796875 -1.42480469 -819.02246094
v 11690.29882812 1675.10253906 -819.02246094
v -3335.23828125 -3.84765625 -819.02246094
v -8571.41113281 127.66992188 -819.02246094
v 5315.82812500 1.45214844 -819.02246094
v -1058.64257812 1920.61328125 -819.02246094
v -6977.79345703 23.17187500 -819.02246094
v -8343.75195312 99.30957031 -819.02246094
v 5543.48828125 7.12988281 -819.02246094
v -6750.13378906 17.97753906 -819.02246094
v 2811.57226562 -6.09472656 -819.02246094
v -830.98242188 2022.43945312 -819.02246094
v 11917.95898438 1669.04492188 -819.02246094
v 8503.06445312 1907.12597656 -819.02246094
v -9937.36914062 1374.49902344 -819.02246094
v -6522.47412109 14.97558594 -819.02246094
v 5771.14843750 13.67871094 -819.02246094
v -10088.95605469 1447.47460938 -819.02246094
v -764.78710938 2130.45410156 -819.02246094
v 3039.23242188 -5.79492188 -819.02246094
v -6294.81445312 13.93164062 -819.02246094
v -10392.68847656 1492.53027344 -819.02246094
v -10435.50000000 1675.13378906 -819.02246094
v -10392.68847656 1688.07812500 -819.02246094
v 5998.80859375 20.65429688 -819.02246094
v -10165.02929688 1451.56542969 -819.02246094
v 6226.46679688 28.06054688 -819.02246094
v 6454.12695312 37.40722656 -819.02246094
v 12262.99023438 992.15527344 -819.02246094
v -10165.02929688 1730.72851562 -819.02246094
v -9937.36914062 1758.17871094 -819.02246094
v -603.32226562 2349.35839844 -819.02246094
v -9482.04980469 1080.55566406 -819.02246094
v 12373.27734375 1067.93066406 -819.02246094
v -6067.15429688 12.99707031 -819.02246094
v 6681.78710938 46.64648438 -819.02246094
v 12503.64843750 1219.81542969 -819.02246094
v 6909.44531250 58.10351562 -819.02246094
v 12600.93750000 1340.08007812 -819.02246094
v -9619.64062500 1219.81542969 -819.02246094
v 7137.10546875 72.22460938 -819.02246094
v -9709.70898438 1263.45214844 -819.02246094
v -579.69921875 2358.11328125 -819.02246094
v -5839.49511719 11.43652344 -819.02246094
v 12604.82421875 1447.47460938 -819.02246094
v 8730.72265625 1905.37988281 -819.02246094
v -9709.70898438 1760.06542969 -819.02246094
v 7253.25585938 81.51660156 -819.02246094
v 12145.61914062 1659.07031250 -819.02246094
v -9482.04980469 1755.87500000 -819.02246094
v -375.66308594 2430.05761719 -819.02246094
v -5611.83593750 10.17773438 -819.02246094
v 12373.27734375 1626.77343750 -819.02246094
v 3266.89062500 -5.44628906 -819.02246094
v 8958.38281250 1904.20703125 -819.02246094
v -307.38085938 2585.77246094 -819.02246094
v -5384.17578125 8.60058594 -819.02246094
v 12600.93750000 1458.45898438 -819.02246094
v -9254.39062500 1744.61328125 -819.02246094
v 4177.53125000 2032.90722656 -819.02246094
v 7820.08593750 103.65136719 -819.02246094
v 4004.53320312 2130.45410156 -819.02246094
v 3494.55078125 -5.00683594 -819.02246094
v 9413.70312500 1894.77148438 -819.02246094
v -9026.73046875 1740.96875000 -819.02246094
v -5156.51562500 6.06152344 -819.02246094
v 3722.21093750 2310.25000000 -819.02246094
v 9641.36328125 1884.42871094 -819.02246094
v 8047.74414062 120.13867188 -819.02246094
v 3949.87109375 2174.75781250 -819.02246094
v 79.65625000 2590.40917969 -819.02246094
v 9869.02148438 1879.16992188 -819.02246094
v 3722.21093750 -4.71386719 -819.02246094
v -4928.85644531 4.53222656 -819.02246094
v 10096.68164062 1863.44433594 -819.02246094
v -8799.07031250 1741.68945312 -819.02246094
v 4405.18945312 1941.44140625 -819.02246094
v 534.97558594 2285.15917969 -819.02246094
v -4701.19726562 2.90429688 -819.02246094
v 393.80175781 2358.11328125 -819.02246094
v -4473.53710938 1.43066406 -819.02246094
v 10324.34179688 1858.94042969 -819.02246094
v 762.63476562 2239.77050781 -819.02246094
v -4245.87695312 0.07128906 -819.02246094
v 990.29492188 2257.90820312 -819.02246094
v 4632.84960938 1909.82226562 -819.02246094
v 307.31640625 2431.96093750 -819.02246094
v 10552.00000000 1849.96679688 -819.02246094
v 83.00488281 2585.77246094 -819.02246094
v 10779.66015625 1823.77343750 -819.02246094
v 4860.50976562 1912.97167969 -819.02246094
v -4018.21777344 -1.13183594 -819.02246094
v 1217.95507812 2262.04785156 -819.02246094
v 5088.16796875 1915.92968750 -819.02246094
v -3790.55859375 -1.91992188 -819.02246094
v 1390.08496094 2358.11328125 -819.02246094
v 11007.32031250 622.64355469 -819.02246094
v 5315.82812500 1913.16894531 -819.02246094
v 11234.98046875 670.91992188 -819.02246094
v 1445.61425781 2447.77929688 -819.02246094
v 5543.48828125 1958.77636719 -819.02246094
v 79.65625000 -8.78417969 -819.02246094
v 1673.27343750 2396.10156250 -819.02246094
v 11462.64062500 720.13378906 -819.02246094
v 307.31640625 -7.22656250 -819.02246094
v -6977.79345703 1741.81933594 -819.02246094
v 1900.93359375 2427.88183594 -819.02246094
v 534.97558594 -6.40527344 -819.02246094
v -6750.13378906 1735.80371094 -819.02246094
v 6909.44531250 1897.43847656 -819.02246094
v 11649.40820312 764.49511719 -819.02246094
v 762.63476562 -6.21093750 -819.02246094
v -6522.47412109 1727.96875000 -819.02246094
v 11690.29882812 775.87792969 -819.02246094
v 990.29492188 -6.47460938 -819.02246094
v 5771.14843750 1911.66308594 -819.02246094
v 2583.91210938 2296.18554688 -819.02246094
v 11917.95898438 845.36816406 -819.02246094
v 2540.15429688 2358.11328125 -819.02246094
v 1217.95507812 -6.67773438 -819.02246094
v 8275.40429688 144.51171875 -819.02246094
v -6294.81445312 1728.14648438 -819.02246094
v 2811.57226562 2227.25000000 -819.02246094
v 12145.61914062 935.67675781 -819.02246094
v 1445.61425781 -6.56835938 -819.02246094
v 2128.59375000 2526.06054688 -819.02246094
v -6067.15429688 1750.65722656 -819.02246094
v 2356.25390625 2473.44140625 -819.02246094
v -5839.49511719 1792.42675781 -819.02246094
v 8503.06445312 171.67382812 -819.02246094
v -5611.83593750 1800.91601562 -819.02246094
v 1673.27343750 -6.48730469 -819.02246094
v 8730.72265625 191.85644531 -819.02246094
v 3039.23242188 2267.03125000 -819.02246094
v 3266.89062500 2195.91210938 -819.02246094
v 8958.38281250 215.57617188 -819.02246094
v 3494.55078125 2250.46191406 -819.02246094
v 9186.04296875 224.30371094 -819.02246094
v 3949.87109375 -4.63183594 -819.02246094
v 9413.70312500 244.72656250 -819.02246094
v 9641.36328125 300.86816406 -819.02246094
v 9668.40039062 309.17675781 -819.02246094
v 9869.02148438 361.14355469 -819.02246094
v 10096.68164062 408.54687500 -819.02246094
v 10324.34179688 464.99609375 -819.02246094
v 10552.00000000 519.25292969 -819.02246094
v 10631.53125000 536.83593750 -819.02246094
v 10779.66015625 569.41699219 -819.02246094
v -3107.57910156 -4.77441406 -819.02246094
v -2879.91992188 -6.09277344 -819.02246094
v -2652.25976562 -7.03125000 -819.02246094
v -2424.59960938 -8.03320312 -819.02246094
v -2196.94042969 -8.94433594 -819.02246094
v -1969.28125000 -9.31738281 -819.02246094
v -1741.62109375 -9.30566406 -819.02246094
v -1513.96093750 -9.26269531 -819.02246094
v -1286.30175781 -9.34863281 -819.02246094
v -1058.64257812 -9.59667969 -819.02246094
v -830.98242188 -9.62109375 -819.02246094
v -603.32226562 -9.82421875 -819.02246094
v -375.66308594 -10.12304688 -819.02246094
v -148.00390625 -10.06250000 -819.02246094
v -9026.73046875 309.17675781 -852.43164062
v -9254.39062500 536.83593750 -837.50976562
v 5998.80859375 1902.79394531 -932.89453125
v -148.00390625 2813.43261719 -922.65332031
v 6909.44531250 81.51660156 -1035.56054688
v 7137.10546875 81.51660156 -905.05664062
v -3562.89843750 1902.79394531 -868.20996094
v 9186.04296875 1902.79394531 -911.22558594
v 3949.87109375 2130.45410156 -853.21484375
v -9026.73046875 536.83593750 -894.32324219
v 11462.64062500 992.15527344 -1031.30859375
v -9254.39062500 764.49511719 -842.39453125
v 6226.46679688 1902.79394531 -993.56933594
v 11690.29882812 992.15527344 -968.79492188
v -3335.23828125 1902.79394531 -830.53125000
v -7205.45312500 81.51660156 -1002.80761719
v 11917.95898438 992.15527344 -910.06152344
v 5771.14843750 1902.79394531 -949.03320312
v 11917.95898438 1219.81542969 -990.83496094
v -9026.73046875 764.49511719 -903.69335938
v 10779.66015625 1902.79394531 -1042.78808594
v 6454.12695312 1902.79394531 -996.72460938
v -9254.39062500 992.15527344 -863.04492188
v 11007.32031250 1902.79394531 -1035.71777344
v 79.65625000 2358.11328125 -841.43945312
v -9026.73046875 992.15527344 -919.08886719
v 11917.95898438 1447.47460938 -1036.75585938
v 6681.78710938 1902.79394531 -920.84765625
v -1058.64257812 1902.79394531 -942.12304688
v 307.31640625 2358.11328125 -866.93164062
v 6909.44531250 1902.79394531 -1000.66503906
v -603.32226562 2130.45410156 -992.68945312
v 11234.98046875 1675.13378906 -822.55566406
v 11007.32031250 764.49511719 -1021.73828125
v 79.65625000 2585.77246094 -820.49804688
v 11234.98046875 764.49511719 -937.65136719
v -375.66308594 2358.11328125 -890.21289062
v 11462.64062500 1675.13378906 -830.74023438
v 11462.64062500 764.49511719 -869.45019531
v -148.00390625 2130.45410156 -916.35839844
v 1445.61425781 2358.11328125 -859.10156250
v 11234.98046875 1902.79394531 -910.75878906
v 1673.27343750 2358.11328125 -844.09375000
v -148.00390625 2358.11328125 -873.96972656
v 11462.64062500 1902.79394531 -882.37304688
v -8116.09179688 81.51660156 -825.85058594
v 1900.93359375 2358.11328125 -884.19140625
v 9413.70312500 309.17675781 -1038.00097656
v 12145.61914062 992.15527344 -852.36718750
v 11690.29882812 1675.13378906 -819.06445312
v 2356.25390625 2130.45410156 -947.39160156
v -148.00390625 2585.77246094 -987.23046875
v 9641.36328125 309.17675781 -834.11621094
v 11690.29882812 1902.79394531 -864.69238281
v 2128.59375000 2358.11328125 -1005.60449219
v -7888.43212891 81.51660156 -867.34960938
v 11917.95898438 1902.79394531 -999.79980469
v 2356.25390625 2358.11328125 -927.15527344
v -7660.77246094 81.51660156 -912.14550781
v 10324.34179688 536.83593750 -963.04882812
v 12145.61914062 1219.81542969 -933.40625000
v 10552.00000000 536.83593750 -852.94726562
v 12373.27734375 1219.81542969 -871.54394531
v -7433.11279297 81.51660156 -959.81347656
v 12145.61914062 1447.47460938 -965.68359375
v 12373.27734375 1447.47460938 -905.05175781
v -8799.07031250 309.17675781 -903.44921875
v 12600.93750000 1447.47460938 -820.85839844
v -8571.41113281 309.17675781 -956.98828125
v -8799.07031250 536.83593750 -949.89843750
v -8571.41113281 536.83593750 -1008.48242188
v 11462.64062500 2130.45410156 -905.64746094
v -8343.75195312 309.17675781 -1011.57226562
v 11690.29882812 2130.45410156 -875.03613281
v 11917.95898438 2130.45410156 -932.56933594
v -8799.07031250 764.49511719 -962.11230469
v -8571.41113281 764.49511719 -1023.35351562
v -8799.07031250 992.15527344 -978.77441406
v 12145.61914062 2130.45410156 -912.04199219
v -8571.41113281 992.15527344 -1039.52929688
v 12373.27734375 2130.45410156 -901.17773438
v -9937.36914062 1447.47460938 -854.18750000
v -10392.68847656 1675.13378906 -826.10644531
v -10165.02929688 1675.13378906 -863.06445312
v -9937.36914062 1675.13378906 -903.56250000
v -9482.04980469 1219.81542969 -856.13183594
v -9709.70898438 1447.47460938 -900.41113281
v -9482.04980469 1447.47460938 -945.25097656
v -9254.39062500 1219.81542969 -911.04199219
v -9026.73046875 1219.81542969 -963.48437500
v -9254.39062500 1447.47460938 -992.91113281
v -9026.73046875 1447.47460938 -1045.99707031
v -9709.70898438 1675.13378906 -931.34472656
v -9482.04980469 1675.13378906 -960.20996094
v -9254.39062500 1675.13378906 -995.15039062
v -8799.07031250 1219.81542969 -1020.15429688
v -10273.30664062 536.83593750 -591.36328125
v -6083.31542969 1902.79394531 -591.36328125
v -8571.41113281 1739.56250000 -591.36328125
v -12669.28515625 1599.91796875 -591.36328125
v -2879.91992188 1856.69726562 -591.36328125
v -8343.75195312 1735.27441406 -591.36328125
v -12680.43066406 1675.13378906 -591.36328125
v 1900.93359375 -15.09472656 -591.36328125
v 8730.72265625 1901.87695312 -591.36328125
v -6067.15429688 1916.21972656 -591.36328125
v -2948.82910156 1902.79394531 -591.36328125
v 2128.59375000 -15.16015625 -591.36328125
v 8504.18164062 1902.79394531 -591.36328125
v -8116.09179688 1734.32226562 -591.36328125
v -390.54101562 2813.43261719 -591.36328125
v 5998.80859375 2252.93554688 -591.36328125
v 2909.65429688 2813.43261719 -591.36328125
v -465.80566406 3041.09277344 -591.36328125
v -12669.28515625 1704.40722656 -591.36328125
v -2652.25976562 1847.84960938 -591.36328125
v 12373.27734375 751.23730469 -591.36328125
v -603.32226562 3132.82910156 -591.36328125
v 8958.38281250 1900.81933594 -591.36328125
v -2424.59960938 1869.95996094 -591.36328125
v -673.02832031 3268.75195312 -591.36328125
v -5839.49511719 2049.40039062 -591.36328125
v 9186.04296875 1898.69531250 -591.36328125
v 12412.51757812 764.49511719 -591.36328125
v -2196.94042969 1884.84082031 -591.36328125
v 2941.49414062 3041.09277344 -591.36328125
v -5611.83593750 2093.44238281 -591.36328125
v 2356.25390625 -15.12304688 -591.36328125
v 7364.76562500 1916.55468750 -591.36328125
v -7888.43212891 1731.46777344 -591.36328125
v 12600.93750000 855.80273438 -591.36328125
v -603.32226562 3474.68164062 -591.36328125
v -5384.17578125 2115.56445312 -591.36328125
v 12773.16601562 992.15527344 -591.36328125
v -2094.57128906 1902.79394531 -591.36328125
v -512.79101562 3496.41113281 -591.36328125
v 7592.42578125 1924.78125000 -591.36328125
v 6226.46679688 2267.72753906 -591.36328125
v 2583.91210938 -15.22167969 -591.36328125
v -376.06542969 3724.07128906 -591.36328125
v 7820.08593750 1937.48437500 -591.36328125
v -12441.62500000 1530.79101562 -591.36328125
v 11007.32031250 1586.77050781 -591.36328125
v 6454.12695312 2241.53808594 -591.36328125
v 8047.74414062 1926.91210938 -591.36328125
v -12213.96582031 1529.16699219 -591.36328125
v -4701.19726562 1744.04394531 -591.36328125
v 8275.40429688 1910.12792969 -591.36328125
v -7660.77246094 1733.39257812 -591.36328125
v 6681.78710938 2109.46777344 -591.36328125
v 8503.06445312 1902.80175781 -591.36328125
v 2811.57226562 3137.13476562 -591.36328125
v 4177.53125000 -14.52441406 -591.36328125
v 3268.14257812 2813.43261719 -591.36328125
v 4405.18945312 -14.74414062 -591.36328125
v 3494.55078125 2938.11425781 -591.36328125
v 4632.84960938 -14.63574219 -591.36328125
v -4848.06152344 1902.79394531 -591.36328125
v 3663.21679688 2813.43261719 -591.36328125
v -12441.62500000 1794.35937500 -591.36328125
v -4473.53710938 1715.01757812 -591.36328125
v -7433.11279297 1760.78808594 -591.36328125
v 6656.01367188 2130.45410156 -591.36328125
v -4245.87695312 1751.69531250 -591.36328125
v 11234.98046875 1576.96484375 -591.36328125
v 6909.44531250 1939.92578125 -591.36328125
v -4106.17675781 1902.79394531 -591.36328125
v 4860.50976562 -14.33398438 -591.36328125
v 79.65625000 3445.43554688 -591.36328125
v 5088.16796875 -13.65625000 -591.36328125
v 7137.10546875 1903.60937500 -591.36328125
v 2811.57226562 -15.17968750 -591.36328125
v 5315.82812500 -11.25878906 -591.36328125
v -12213.96582031 1770.60742188 -591.36328125
v 11462.64062500 1586.08789062 -591.36328125
v 9413.70312500 1895.57910156 -591.36328125
v -5272.09472656 2130.45410156 -591.36328125
v -2909.77929688 2130.45410156 -591.36328125
v 11690.29882812 1624.26660156 -591.36328125
v -4928.85644531 2109.46093750 -591.36328125
v 7364.76562500 66.42480469 -591.36328125
v 9641.36328125 1895.03320312 -591.36328125
v -5023.53125000 2130.45410156 -591.36328125
v 7575.15625000 81.51660156 -591.36328125
v 3039.23242188 -15.07421875 -591.36328125
v 9869.02148438 1898.96972656 -591.36328125
v 5543.48828125 -6.67187500 -591.36328125
v 3266.89062500 -15.06933594 -591.36328125
v -2879.91992188 2352.69140625 -591.36328125
v 11917.95898438 1665.01464844 -591.36328125
v 9965.74609375 1902.79394531 -591.36328125
v 7592.42578125 82.78710938 -591.36328125
v 5771.14843750 -1.28417969 -591.36328125
v 12828.59765625 1050.02636719 -591.36328125
v -2732.36816406 2358.11328125 -591.36328125
v -11986.30664062 1510.22070312 -591.36328125
v 5998.80859375 4.55566406 -591.36328125
v -3562.89843750 2434.05468750 -591.36328125
v -11758.64648438 1485.45507812 -591.36328125
v 12052.64648438 1675.13378906 -591.36328125
v -5156.51562500 2135.37500000 -591.36328125
v -4053.80761719 2130.45410156 -591.36328125
v -4018.21777344 2201.79785156 -591.36328125
v -3854.92773438 2358.11328125 -591.36328125
v 7820.08593750 100.65136719 -591.36328125
v -3790.55859375 2391.07324219 -591.36328125
v 3494.55078125 -14.73632812 -591.36328125
v 3722.21093750 -14.42968750 -591.36328125
v -3562.89843750 -17.63671875 -591.36328125
v -3335.23828125 2429.77148438 -591.36328125
v -3335.23828125 -18.12402344 -591.36328125
v 762.63476562 2304.45019531 -591.36328125
v -3107.57910156 -18.68066406 -591.36328125
v 679.11230469 2358.11328125 -591.36328125
v 6226.46679688 10.87011719 -591.36328125
v 990.29492188 2353.66406250 -591.36328125
v -2879.91992188 -19.51464844 -591.36328125
v -2652.25976562 -20.19531250 -591.36328125
v 307.31640625 2804.70019531 -591.36328125
v 8047.74414062 118.04492188 -591.36328125
v 295.96484375 2813.43261719 -591.36328125
v -2424.59960938 -20.99511719 -591.36328125
v 8275.40429688 135.13769531 -591.36328125
v -3107.57910156 2438.39257812 -591.36328125
v 12145.61914062 1680.13183594 -591.36328125
v 10552.00000000 1822.96484375 -591.36328125
v 8503.06445312 153.10839844 -591.36328125
v -2879.91992188 2461.87207031 -591.36328125
v 10428.41406250 1902.79394531 -591.36328125
v -11986.30664062 1775.46972656 -591.36328125
v 8730.72265625 163.13867188 -591.36328125
v -1969.28125000 1954.94531250 -591.36328125
v -7205.45312500 1775.63281250 -591.36328125
v 12373.27734375 1676.06542969 -591.36328125
v -11758.64648438 1775.19628906 -591.36328125
v 8958.38281250 159.51269531 -591.36328125
v 10812.05273438 1675.13378906 -591.36328125
v -1826.38183594 2130.45410156 -591.36328125
v -11075.66796875 1394.71093750 -591.36328125
v 10779.66015625 1711.62207031 -591.36328125
v 12600.93750000 1689.21679688 -591.36328125
v -1741.62109375 2206.21484375 -591.36328125
v 9186.04296875 148.76757812 -591.36328125
v 12828.59765625 1744.41894531 -591.36328125
v -7205.45312500 -3.45703125 -591.36328125
v 10096.68164062 1909.58300781 -591.36328125
v -11241.88476562 1447.47460938 -591.36328125
v -6977.79345703 -6.77441406 -591.36328125
v -1513.96093750 2090.14062500 -591.36328125
v 534.97558594 2608.02343750 -591.36328125
v -2196.94042969 -21.69726562 -591.36328125
v 564.00488281 2585.77246094 -591.36328125
v -10269.87695312 764.49511719 -591.36328125
v -1969.28125000 -22.28613281 -591.36328125
v -6750.13378906 -10.82812500 -591.36328125
v 994.57421875 2358.11328125 -591.36328125
v -1741.62109375 -22.33496094 -591.36328125
v 6454.12695312 19.15234375 -591.36328125
v -1513.96093750 -22.04296875 -591.36328125
v -1286.30175781 -22.10449219 -591.36328125
v 12950.53125000 1219.81542969 -591.36328125
v 6681.78710938 28.65234375 -591.36328125
v 13034.14257812 1447.47460938 -591.36328125
v -10370.68164062 992.15527344 -591.36328125
v -10848.00781250 1317.22851562 -591.36328125
v 25.55468750 3496.41113281 -591.36328125
v 6909.44531250 38.85644531 -591.36328125
v 79.65625000 3601.85546875 -591.36328125
v -1528.06250000 2130.45410156 -591.36328125
v 7137.10546875 50.75488281 -591.36328125
v 13056.25781250 1458.20898438 -591.36328125
v 9413.70312500 157.57421875 -591.36328125
v -1286.30175781 1932.15527344 -591.36328125
v 13070.40429688 1675.13378906 -591.36328125
v -9937.36914062 190.60351562 -591.36328125
v -1058.64257812 -22.16699219 -591.36328125
v 998.00488281 2585.77246094 -591.36328125
v -11530.98632812 1471.86816406 -591.36328125
v -1091.69238281 2130.45410156 -591.36328125
v 13056.25781250 1715.80566406 -591.36328125
v -375.66308594 3724.29003906 -591.36328125
v -11303.32714844 1452.65234375 -591.36328125
v 1217.95507812 2666.05761719 -591.36328125
v -1058.64257812 2230.88378906 -591.36328125
v -375.66308594 4175.85253906 -591.36328125
v 1445.61425781 2707.01953125 -591.36328125
v -9709.70898438 125.26464844 -591.36328125
v -378.59277344 4179.39062500 -591.36328125
v -6522.47412109 -12.18554688 -591.36328125
v -9482.04980469 87.06640625 -591.36328125
v -297.18359375 3951.73144531 -591.36328125
v -6294.81445312 -12.47753906 -591.36328125
v -830.98242188 -22.11328125 -591.36328125
v 79.65625000 3824.88085938 -591.36328125
v -992.90722656 2358.11328125 -591.36328125
v -9439.23828125 81.51660156 -591.36328125
v 10.69824219 3951.73144531 -591.36328125
v -830.98242188 2430.93554688 -591.36328125
v 1673.27343750 2706.40625000 -591.36328125
v -6067.15429688 -11.98828125 -591.36328125
v 3722.21093750 2186.28613281 -591.36328125
v 1900.93359375 2598.78710938 -591.36328125
v -5839.49511719 -11.70703125 -591.36328125
v -603.32226562 -22.18847656 -591.36328125
v -5611.83593750 -11.79980469 -591.36328125
v 9641.36328125 183.14648438 -591.36328125
v -603.32226562 2449.41601562 -591.36328125
v 2128.59375000 2597.05761719 -591.36328125
v -11530.98632812 1773.24218750 -591.36328125
v -5384.17578125 -12.54492188 -591.36328125
v -440.70898438 2585.77246094 -591.36328125
v 2356.25390625 2711.04101562 -591.36328125
v 9869.02148438 244.65722656 -591.36328125
v 2400.33398438 2813.43261719 -591.36328125
v -375.66308594 -22.50781250 -591.36328125
v 11.45703125 4179.39062500 -591.36328125
v 10324.34179688 1928.37011719 -591.36328125
v -404.13574219 4407.04980469 -591.36328125
v -148.00390625 -22.79492188 -591.36328125
v 10096.68164062 300.07714844 -591.36328125
v 79.65625000 -21.37304688 -591.36328125
v 3039.23242188 2338.06933594 -591.36328125
v -375.66308594 4425.66992188 -591.36328125
v 2883.64062500 2358.11328125 -591.36328125
v 10121.23632812 309.17675781 -591.36328125
v -5156.51562500 -13.14355469 -591.36328125
v 3266.89062500 2352.52636719 -591.36328125
v 79.65625000 4290.99414062 -591.36328125
v 10324.34179688 351.93066406 -591.36328125
v -11303.32714844 1780.33398438 -591.36328125
v -9026.73046875 48.29101562 -591.36328125
v -148.00390625 4455.02734375 -591.36328125
v -8799.07031250 37.01660156 -591.36328125
v -11075.66796875 1786.96386719 -591.36328125
v 10552.00000000 379.25195312 -591.36328125
v 307.31640625 -19.26269531 -591.36328125
v 3418.78320312 2358.11328125 -591.36328125
v 534.97558594 -17.49609375 -591.36328125
v 79.65625000 4448.07617188 -591.36328125
v -10848.00781250 1789.42871094 -591.36328125
v 10779.66015625 427.38671875 -591.36328125
v -4928.85644531 -13.50585938 -591.36328125
v 3524.33398438 2358.11328125 -591.36328125
v 3949.87109375 2303.70312500 -591.36328125
v 11007.32031250 501.72460938 -591.36328125
v 2877.21289062 2585.77246094 -591.36328125
v 11155.35546875 536.83593750 -591.36328125
v -4701.19726562 -14.45605469 -591.36328125
v -9254.39062500 62.67285156 -591.36328125
v 4002.11523438 2358.11328125 -591.36328125
v 3279.64257812 2585.77246094 -591.36328125
v 4632.84960938 1956.62109375 -591.36328125
v -10165.02929688 297.38183594 -591.36328125
v 11234.98046875 551.38574219 -591.36328125
v -4473.53710938 -15.45117188 -591.36328125
v -10185.10839844 309.17675781 -591.36328125
v 762.63476562 -15.94335938 -591.36328125
v 11462.64062500 589.32519531 -591.36328125
v 3600.26953125 2585.77246094 -591.36328125
v 990.29492188 -15.17480469 -591.36328125
v -4245.87695312 -16.53417969 -591.36328125
v 4451.28515625 2130.45410156 -591.36328125
v 11690.29882812 625.14843750 -591.36328125
v -4018.21777344 -17.14746094 -591.36328125
v 4405.18945312 2260.76367188 -591.36328125
v 1217.95507812 -15.13476562 -591.36328125
v -3790.55859375 -17.53515625 -591.36328125
v 11917.95898438 660.77929688 -591.36328125
v -6977.79345703 1777.91015625 -591.36328125
v 4331.11132812 2358.11328125 -591.36328125
v 1445.61425781 -15.11523438 -591.36328125
v -6750.13378906 1765.23242188 -591.36328125
v 12145.61914062 701.23828125 -591.36328125
v 3949.87109375 -14.35839844 -591.36328125
v 1673.27343750 -15.08300781 -591.36328125
v 4177.53125000 2392.19628906 -591.36328125
v -6522.47412109 1750.43750000 -591.36328125
v -6294.81445312 1777.59667969 -591.36328125
v 4860.50976562 1966.10156250 -591.36328125
v 5088.16796875 1934.44824219 -591.36328125
v -148.00390625 4652.32128906 -591.36328125
v 5315.82812500 1925.24121094 -591.36328125
v -313.08886719 4862.37011719 -591.36328125
v 5482.28906250 2130.45410156 -591.36328125
v 39.99023438 4862.37011719 -591.36328125
v 5543.48828125 2212.03906250 -591.36328125
v -148.00390625 5050.09082031 -591.36328125
v 5771.14843750 2234.38671875 -591.36328125
v 112.90039062 3041.09277344 -591.36328125
v 267.32910156 3268.75195312 -591.36328125
v 95.49316406 3724.07128906 -591.36328125
v -8571.41113281 25.86035156 -591.36328125
v -8343.75195312 19.04980469 -591.36328125
v -8116.09179688 13.48339844 -591.36328125
v 87.26074219 4407.04980469 -591.36328125
v -7888.43212891 8.57226562 -591.36328125
v -7660.77246094 5.16015625 -591.36328125
v 2128.59375000 2984.36132812 -591.36328125
v -7433.11279297 1.00976562 -591.36328125
v 1974.50976562 3041.09277344 -591.36328125
v 2182.51562500 3041.09277344 -591.36328125
v 2128.59375000 3114.47851562 -591.36328125
v -10392.68847656 1021.80078125 -591.36328125
v -10607.09960938 1219.81542969 -591.36328125
v 2575.53906250 3041.09277344 -591.36328125
v -10620.34765625 1224.85253906 -591.36328125
v 2583.91210938 3046.04199219 -591.36328125
v -10620.34765625 1783.55175781 -591.36328125
v -10392.68847656 1772.69140625 -591.36328125
v -10165.02929688 1768.56445312 -591.36328125
v -9937.36914062 1764.32324219 -591.36328125
v -9709.70898438 1755.79492188 -591.36328125
v -9482.04980469 1750.36035156 -591.36328125
v -9254.39062500 1743.96484375 -591.36328125
v -9026.73046875 1741.21777344 -591.36328125
v -8799.07031250 1744.90332031 -591.36328125
v -6067.15429688 1902.79394531 -604.76562500
v -12669.28515625 1675.13378906 -595.69042969
v -3107.57910156 1902.79394531 -725.00390625
v 5998.80859375 2130.45410156 -670.59179688
v -5839.49511719 1902.79394531 -714.43750000
v -10165.02929688 536.83593750 -614.11621094
v 8730.72265625 1902.79394531 -691.22167969
v -10165.02929688 764.49511719 -614.41992188
v -1969.28125000 1902.79394531 -792.89941406
v 534.97558594 2358.11328125 -717.55175781
v -12441.62500000 1675.13378906 -630.55175781
v 7364.76562500 81.51660156 -736.94824219
v -9937.36914062 536.83593750 -670.34765625
v 2811.57226562 2813.43261719 -762.95800781
v -5611.83593750 1902.79394531 -731.31054688
v 307.31640625 2585.77246094 -742.62207031
v 6226.46679688 2130.45410156 -707.06542969
v -3562.89843750 2130.45410156 -792.39941406
v -12213.96582031 1675.13378906 -624.98535156
v 534.97558594 2585.77246094 -608.84179688
v 6454.12695312 2130.45410156 -693.72851562
v -5384.17578125 1902.79394531 -704.11523438
v 12373.27734375 764.49511719 -607.16601562
v 79.65625000 2813.43261719 -701.62695312
v 6909.44531250 1902.79394531 -742.74316406
v -5156.51562500 1902.79394531 -695.78906250
v -3335.23828125 2130.45410156 -757.44140625
v 12373.27734375 992.15527344 -787.39257812
v -11986.30664062 1675.13378906 -637.88476562
v -4928.85644531 1902.79394531 -736.30175781
v 1217.95507812 2358.11328125 -721.63671875
v -11758.64648438 1675.13378906 -653.44140625
v 4177.53125000 2130.45410156 -759.77929688
v -3107.57910156 2130.45410156 -673.61035156
v -4018.21777344 1902.79394531 -681.48339844
v 12600.93750000 992.15527344 -688.92187500
v 1217.95507812 2585.77246094 -663.84082031
v 2811.57226562 3041.09277344 -783.40136719
v 1445.61425781 2585.77246094 -762.38476562
v -11075.66796875 1447.47460938 -624.74316406
v 11007.32031250 1675.13378906 -812.81738281
v -3562.89843750 2358.11328125 -666.90039062
v -3790.55859375 1902.79394531 -811.29589844
v -3335.23828125 2358.11328125 -654.68652344
v -10848.00781250 1447.47460938 -667.37695312
v 1673.27343750 2585.77246094 -691.40722656
v -5156.51562500 2130.45410156 -595.83105469
v -11530.98632812 1675.13378906 -665.21191406
v 4177.53125000 2358.11328125 -638.50195312
v 1900.93359375 2585.77246094 -595.02832031
v -11303.32714844 1675.13378906 -687.19921875
v 12600.93750000 1219.81542969 -781.02246094
v 3494.55078125 2813.43261719 -697.94140625
v -9937.36914062 764.49511719 -672.52343750
v 12828.59765625 1219.81542969 -674.03808594
v 2583.91210938 2358.11328125 -797.19140625
v -10165.02929688 992.15527344 -638.45507812
v -9937.36914062 992.15527344 -694.56542969
v -9937.36914062 309.17675781 -645.15917969
v -4018.21777344 2130.45410156 -626.08007812
v -3107.57910156 2358.11328125 -652.10156250
v -9709.70898438 309.17675781 -698.92968750
v -3790.55859375 2130.45410156 -751.89062500
v 4405.18945312 2130.45410156 -638.84667969
v -9482.04980469 309.17675781 -749.79882812
v -2879.91992188 2358.11328125 -731.08789062
v 12828.59765625 1447.47460938 -727.28613281
v -3790.55859375 2358.11328125 -625.90234375
v 9869.02148438 309.17675781 -720.61718750
v -1741.62109375 2130.45410156 -630.40332031
v 2811.57226562 2358.11328125 -609.98046875
v 12145.61914062 1675.13378906 -674.87792969
v 10096.68164062 309.17675781 -605.28417969
v 12373.27734375 1675.13378906 -598.16113281
v 2128.59375000 2585.77246094 -596.37207031
v 2356.25390625 2585.77246094 -627.33984375
v 12600.93750000 1675.13378906 -626.58105469
v 5543.48828125 2130.45410156 -696.10937500
v 10779.66015625 536.83593750 -764.76660156
v -1058.64257812 2130.45410156 -626.27441406
v 12828.59765625 1675.13378906 -662.70898438
v -9709.70898438 536.83593750 -726.80761719
v 2583.91210938 2585.77246094 -680.22265625
v -830.98242188 2130.45410156 -773.92285156
v -11075.66796875 1675.13378906 -716.93359375
v 5771.14843750 2130.45410156 -663.98242188
v 2811.57226562 2585.77246094 -646.89160156
v -9482.04980469 536.83593750 -782.57617188
v 11007.32031250 536.83593750 -657.36132812
v 2583.91210938 2813.43261719 -658.70898438
v 13056.25781250 1675.13378906 -606.60839844
v -9254.39062500 81.51660156 -620.50292969
v -830.98242188 2358.11328125 -720.16503906
v -9254.39062500 309.17675781 -800.15234375
v -10848.00781250 1675.13378906 -762.79492188
v -9026.73046875 81.51660156 -655.03515625
v 3494.55078125 2358.11328125 -616.42480469
v -603.32226562 2358.11328125 -805.76171875
v -9709.70898438 764.49511719 -728.89550781
v -375.66308594 2585.77246094 -685.37011719
v -9482.04980469 764.49511719 -785.91210938
v 3494.55078125 2585.77246094 -643.78222656
v -375.66308594 2813.43261719 -607.46484375
v -9709.70898438 992.15527344 -748.42578125
v -10165.02929688 309.17675781 -595.29785156
v -9482.04980469 992.15527344 -803.57617188
v -8799.07031250 81.51660156 -692.92578125
v -8571.41113281 81.51660156 -738.41796875
v -8343.75195312 81.51660156 -780.61230469
v -10392.68847656 1219.81542969 -641.27539062
v -10620.34765625 1447.47460938 -710.92968750
v -10392.68847656 1447.47460938 -755.73925781
v -10165.02929688 1219.81542969 -693.60839844
v -9937.36914062 1219.81542969 -746.59667969
v -10165.02929688 1447.47460938 -802.95703125
v -10620.34765625 1675.13378906 -787.54199219
v -9709.70898438 1219.81542969 -797.61718750
v 8958.38281250 1902.79394531 -751.81054688
v -375.66308594 3041.09277344 -625.05957031
v -603.32226562 3268.75195312 -635.52050781
v -375.66308594 3268.75195312 -667.74902344
v -148.00390625 3041.09277344 -679.93652344
v 79.65625000 3041.09277344 -608.53515625
v 10096.68164062 1902.79394531 -626.41601562
v -148.00390625 3268.75195312 -659.22949219
v 10324.34179688 1902.79394531 -666.91210938
v 79.65625000 3268.75195312 -665.46191406
v -375.66308594 3496.41113281 -605.42382812
v -375.66308594 3724.07128906 -591.42773438
v -148.00390625 3496.41113281 -621.64746094
v 11690.29882812 764.49511719 -807.10253906
v 11917.95898438 764.49511719 -742.12207031
v -148.00390625 3724.07128906 -658.60058594
v 12145.61914062 764.49511719 -676.12792969
v 79.65625000 3724.07128906 -604.59960938
v -375.66308594 4179.39062500 -592.42382812
v -148.00390625 3951.73144531 -617.80664062
v -148.00390625 4179.39062500 -638.91796875
v -375.66308594 4407.04980469 -601.19531250
v -148.00390625 4407.04980469 -647.32812500
v 79.65625000 4407.04980469 -598.66796875
v 2128.59375000 3041.09277344 -606.65625000
v 2583.91210938 3041.09277344 -601.54589844
v -11758.64648438 1812.69531250 -363.70410156
v 4177.53125000 -24.83398438 -363.70410156
v -6750.13378906 1799.09472656 -363.70410156
v 1700.87207031 3724.07128906 -363.70410156
v 12828.59765625 790.10546875 -363.70410156
v -6522.47412109 1801.30175781 -363.70410156
v -375.66308594 -35.85644531 -363.70410156
v 13056.25781250 983.00390625 -363.70410156
v -6294.81445312 1864.97656250 -363.70410156
v 1772.37792969 3951.73144531 -363.70410156
v -889.22167969 3268.75195312 -363.70410156
v 1900.93359375 -24.74316406 -363.70410156
v -6248.00488281 1902.79394531 -363.70410156
v 2128.59375000 -24.83203125 -363.70410156
v -148.00390625 -36.46582031 -363.70410156
v 2356.25390625 -24.72460938 -363.70410156
v 1900.93359375 4032.24707031 -363.70410156
v 79.65625000 -34.79785156 -363.70410156
v 2583.91210938 -24.48632812 -363.70410156
v -912.11816406 3496.41113281 -363.70410156
v -9937.36914062 1753.36230469 -363.70410156
v 2811.57226562 -24.69628906 -363.70410156
v -846.72460938 3724.07128906 -363.70410156
v -9709.70898438 1747.54980469 -363.70410156
v -6067.15429688 2040.90625000 -363.70410156
v 13063.36718750 992.15527344 -363.70410156
v -5864.59082031 2130.45410156 -363.70410156
v -5839.49511719 2139.85644531 -363.70410156
v -10848.00781250 66.97167969 -363.70410156
v 3039.23242188 -24.91992188 -363.70410156
v 4405.18945312 -25.08691406 -363.70410156
v 3266.89062500 -25.21484375 -363.70410156
v -830.98242188 2832.91210938 -363.70410156
v 11007.32031250 1379.34375000 -363.70410156
v 2583.91210938 2934.26367188 -363.70410156
v 4632.84960938 -25.44921875 -363.70410156
v 3494.55078125 -25.14550781 -363.70410156
v -821.30566406 3041.09277344 -363.70410156
v 3722.21093750 -24.87011719 -363.70410156
v -5611.83593750 2181.73535156 -363.70410156
v 4860.50976562 -25.58496094 -363.70410156
v -830.98242188 3075.25683594 -363.70410156
v -5384.17578125 2227.11035156 -363.70410156
v -10978.96679688 81.51660156 -363.70410156
v 11234.98046875 1380.89453125 -363.70410156
v 762.63476562 2697.78125000 -363.70410156
v 2500.14257812 3041.09277344 -363.70410156
v 552.10156250 2813.43261719 -363.70410156
v -830.98242188 3751.56152344 -363.70410156
v -4701.19726562 1810.00000000 -363.70410156
v -12441.62500000 210.41796875 -363.70410156
v 11462.64062500 1391.87109375 -363.70410156
v -12667.19433594 309.17675781 -363.70410156
v -738.13574219 3951.73144531 -363.70410156
v -4740.42089844 1902.79394531 -363.70410156
v -12213.96582031 267.98046875 -363.70410156
v -9482.04980469 1744.43554688 -363.70410156
v 5088.16796875 -25.28808594 -363.70410156
v 990.29492188 2812.48242188 -363.70410156
v -4473.53710938 1731.59277344 -363.70410156
v 2692.68164062 2813.43261719 -363.70410156
v 5315.82812500 -23.04394531 -363.70410156
v 992.37402344 2813.43261719 -363.70410156
v 11660.74804688 1447.47460938 -363.70410156
v 2442.36718750 3268.75195312 -363.70410156
v 5543.48828125 -18.83105469 -363.70410156
v -12441.62500000 479.47656250 -363.70410156
v -9254.39062500 1746.30957031 -363.70410156
v 11690.29882812 1467.84765625 -363.70410156
v -12213.96582031 468.09570312 -363.70410156
v -4245.87695312 1900.00878906 -363.70410156
v -9026.73046875 1752.33300781 -363.70410156
v -11986.30664062 265.72363281 -363.70410156
v -4244.75000000 1902.79394531 -363.70410156
v 2460.37695312 3496.41113281 -363.70410156
v -11758.64648438 283.18554688 -363.70410156
v -2652.25976562 1845.89550781 -363.70410156
v -748.72558594 4179.39062500 -363.70410156
v 6454.12695312 2326.50292969 -363.70410156
v -11530.98632812 1802.21972656 -363.70410156
v 6256.13281250 2358.11328125 -363.70410156
v -2792.76074219 1902.79394531 -363.70410156
v -764.13671875 4407.04980469 -363.70410156
v -8799.07031250 1769.28710938 -363.70410156
v 5543.48828125 2375.48535156 -363.70410156
v -603.32226562 4619.53808594 -363.70410156
v 5771.14843750 2382.67968750 -363.70410156
v 2547.21679688 3724.07128906 -363.70410156
v -543.61132812 4634.70996094 -363.70410156
v -2424.59960938 1867.13671875 -363.70410156
v 5771.14843750 -14.08105469 -363.70410156
v -11303.32714844 1796.06640625 -363.70410156
v 79.65625000 4588.93164062 -363.70410156
v -2245.87792969 1902.79394531 -363.70410156
v 5998.80859375 -9.30468750 -363.70410156
v 5998.80859375 2373.05664062 -363.70410156
v -11075.66796875 1788.47265625 -363.70410156
v -8571.41113281 1747.20410156 -363.70410156
v -2678.10742188 2130.45410156 -363.70410156
v 6226.46679688 -4.04882812 -363.70410156
v -10848.00781250 1779.06250000 -363.70410156
v -8343.75195312 1732.78125000 -363.70410156
v -11986.30664062 481.83593750 -363.70410156
v 2811.57226562 2713.16894531 -363.70410156
v -8116.09179688 1732.92187500 -363.70410156
v 6454.12695312 2.32812500 -363.70410156
v 3100.15429688 2813.43261719 -363.70410156
v -11758.64648438 494.19628906 -363.70410156
v -7888.43212891 1732.31250000 -363.70410156
v 6226.46679688 2361.33496094 -363.70410156
v -10620.34765625 49.10253906 -363.70410156
v -7660.77246094 1737.94628906 -363.70410156
v 34.19042969 4634.70996094 -363.70410156
v 3722.21093750 2282.40820312 -363.70410156
v -11530.98632812 216.70996094 -363.70410156
v 3266.89062500 2893.08691406 -363.70410156
v 3690.95898438 2358.11328125 -363.70410156
v -11303.32714844 141.73046875 -363.70410156
v 6681.78710938 11.25488281 -363.70410156
v 3494.55078125 2919.93457031 -363.70410156
v 3039.23242188 2754.76562500 -363.70410156
v -7433.11279297 1782.12207031 -363.70410156
v -486.92285156 4862.37011719 -363.70410156
v 3722.21093750 2922.08496094 -363.70410156
v -7205.45312500 1792.74804688 -363.70410156
v 3719.35742188 2585.77246094 -363.70410156
v -375.66308594 5024.22167969 -363.70410156
v -11530.98632812 528.09179688 -363.70410156
v 3722.21093750 2791.47949219 -363.70410156
v 2128.59375000 4025.32714844 -363.70410156
v -11452.34960938 536.83593750 -363.70410156
v 45.51660156 4862.37011719 -363.70410156
v 6909.44531250 2069.92578125 -363.70410156
v -7205.45312500 -23.08203125 -363.70410156
v -6977.79345703 -26.02929688 -363.70410156
v -5156.51562500 2250.93457031 -363.70410156
v 11917.95898438 1649.20703125 -363.70410156
v 12084.65234375 1675.13378906 -363.70410156
v -6750.13378906 -28.39257812 -363.70410156
v -4928.85644531 2247.40820312 -363.70410156
v -6522.47412109 -28.79394531 -363.70410156
v 12145.61914062 1684.75781250 -363.70410156
v -10392.68847656 37.40136719 -363.70410156
v 6836.80468750 2130.45410156 -363.70410156
v 3949.87109375 -24.65820312 -363.70410156
v -10165.02929688 27.35058594 -363.70410156
v -330.55761719 5090.03027344 -363.70410156
v -9937.36914062 15.49121094 -363.70410156
v -6294.81445312 -28.40917969 -363.70410156
v 12373.27734375 1735.00585938 -363.70410156
v -70.74804688 5090.03027344 -363.70410156
v -9709.70898438 5.24218750 -363.70410156
v -6067.15429688 -28.61230469 -363.70410156
v -4768.59472656 2130.45410156 -363.70410156
v 6681.78710938 2234.28515625 -363.70410156
v 2356.25390625 3980.14453125 -363.70410156
v -148.00390625 5127.30761719 -363.70410156
v 12600.93750000 1715.71289062 -363.70410156
v 7137.10546875 1943.87304688 -363.70410156
v 2436.02539062 3951.73144531 -363.70410156
v 12828.59765625 1773.39453125 -363.70410156
v -5839.49511719 -28.61816406 -363.70410156
v 7364.76562500 1951.01074219 -363.70410156
v -4195.73242188 2130.45410156 -363.70410156
v -9482.04980469 -0.34375000 -363.70410156
v -5611.83593750 -28.13378906 -363.70410156
v 307.31640625 3000.89843750 -363.70410156
v 6909.44531250 19.58593750 -363.70410156
v 3764.75390625 3041.09277344 -363.70410156
v 13159.06445312 1219.81542969 -363.70410156
v -4018.21777344 2350.86230469 -363.70410156
v 4177.53125000 2988.77343750 -363.70410156
v -5384.17578125 -28.25000000 -363.70410156
v 7364.76562500 40.57714844 -363.70410156
v 4149.97265625 3041.09277344 -363.70410156
v -4007.38574219 2358.11328125 -363.70410156
v 7592.42578125 55.34765625 -363.70410156
v 7137.10546875 27.53320312 -363.70410156
v 3888.50000000 3268.75195312 -363.70410156
v -2652.25976562 2354.01660156 -363.70410156
v -5156.51562500 -28.53808594 -363.70410156
v -3790.55859375 2473.27246094 -363.70410156
v 13179.93359375 1447.47460938 -363.70410156
v 7820.08593750 66.18261719 -363.70410156
v 4003.30468750 3268.75195312 -363.70410156
v -3562.89843750 2515.76074219 -363.70410156
v -9254.39062500 -3.61425781 -363.70410156
v 3911.82617188 2358.11328125 -363.70410156
v -3335.23828125 2528.29003906 -363.70410156
v -9026.73046875 -5.77636719 -363.70410156
v -3562.89843750 -32.78710938 -363.70410156
v -8799.07031250 -8.00488281 -363.70410156
v 7820.08593750 2012.02929688 -363.70410156
v 8047.74414062 1973.20605469 -363.70410156
v -3335.23828125 -33.05566406 -363.70410156
v -4928.85644531 -29.05078125 -363.70410156
v 8275.40429688 1915.76757812 -363.70410156
v -3107.57910156 -33.58984375 -363.70410156
v -8571.41113281 -10.54980469 -363.70410156
v -4701.19726562 -29.85058594 -363.70410156
v -8343.75195312 -11.46484375 -363.70410156
v -4473.53710938 -30.58886719 -363.70410156
v -8116.09179688 -12.90429688 -363.70410156
v -4245.87695312 -31.83886719 -363.70410156
v -2879.91992188 -33.71386719 -363.70410156
v 4632.84960938 2209.98828125 -363.70410156
v -2652.25976562 -34.39062500 -363.70410156
v 4394.68164062 2813.43261719 -363.70410156
v -4018.21777344 -32.55273438 -363.70410156
v -3107.57910156 2540.82812500 -363.70410156
v -2424.59960938 -34.65136719 -363.70410156
v 3949.87109375 3281.20898438 -363.70410156
v -3790.55859375 -32.66601562 -363.70410156
v -7888.43212891 -14.74316406 -363.70410156
v 4530.38085938 2358.11328125 -363.70410156
v 8047.74414062 77.71582031 -363.70410156
v -2879.91992188 2550.30468750 -363.70410156
v -7660.77246094 -17.55957031 -363.70410156
v 8104.48828125 81.51660156 -363.70410156
v -6977.79345703 1815.07714844 -363.70410156
v -7433.11279297 -21.18066406 -363.70410156
v -2196.94042969 -35.41601562 -363.70410156
v 13136.05859375 1675.13378906 -363.70410156
v 3731.73437500 2585.77246094 -363.70410156
v 8275.40429688 93.35546875 -363.70410156
v 13056.25781250 1783.80859375 -363.70410156
v -2652.25976562 2447.69531250 -363.70410156
v -10620.34765625 1770.76464844 -363.70410156
v -1969.28125000 -36.13574219 -363.70410156
v 8503.06445312 108.32128906 -363.70410156
v -10392.68847656 1761.89550781 -363.70410156
v -2196.94042969 1925.51562500 -363.70410156
v 8730.72265625 122.91796875 -363.70410156
v 8496.66406250 1902.79394531 -363.70410156
v -1741.62109375 -36.25292969 -363.70410156
v -10165.02929688 1755.23925781 -363.70410156
v -915.19824219 2813.43261719 -363.70410156
v 8625.04492188 1902.79394531 -363.70410156
v 8958.38281250 125.36621094 -363.70410156
v 287.75878906 3041.09277344 -363.70410156
v 9186.04296875 125.68066406 -363.70410156
v 4177.53125000 2499.26660156 -363.70410156
v 8730.72265625 1902.85449219 -363.70410156
v -2610.89062500 2358.11328125 -363.70410156
v 4082.61132812 2585.77246094 -363.70410156
v 8747.82617188 1902.79394531 -363.70410156
v 534.97558594 2827.03906250 -363.70410156
v -1513.96093750 -35.80761719 -363.70410156
v 9413.70312500 145.80664062 -363.70410156
v -1286.30175781 -35.66796875 -363.70410156
v 4177.53125000 2637.01269531 -363.70410156
v -1058.64257812 -35.81738281 -363.70410156
v 9641.36328125 174.89550781 -363.70410156
v -2041.62011719 2130.45410156 -363.70410156
v -2085.28906250 2358.11328125 -363.70410156
v -1741.62109375 2300.43945312 -363.70410156
v 4405.18945312 2411.80371094 -363.70410156
v 289.49218750 3268.75195312 -363.70410156
v 9869.02148438 218.56152344 -363.70410156
v -1761.57324219 2358.11328125 -363.70410156
v 10096.68164062 250.67773438 -363.70410156
v 5088.16796875 2119.31738281 -363.70410156
v -2166.82714844 2585.77246094 -363.70410156
v 5078.48437500 2130.45410156 -363.70410156
v 9186.04296875 1896.92578125 -363.70410156
v -1741.62109375 2413.76367188 -363.70410156
v 9413.70312500 1896.99121094 -363.70410156
v 10324.34179688 304.60449219 -363.70410156
v -1969.28125000 2730.86914062 -363.70410156
v -830.98242188 -35.99316406 -363.70410156
v 4674.18554688 2358.11328125 -363.70410156
v 9641.36328125 1898.69433594 -363.70410156
v 10340.49023438 309.17675781 -363.70410156
v -1741.62109375 2769.33300781 -363.70410156
v 5054.81250000 2358.11328125 -363.70410156
v -603.32226562 -35.76953125 -363.70410156
v 9869.02148438 1898.57714844 -363.70410156
v 10552.00000000 349.66992188 -363.70410156
v 5315.82812500 2005.69433594 -363.70410156
v 9900.70117188 1902.79394531 -363.70410156
v 224.83203125 3496.41113281 -363.70410156
v 5379.23828125 2130.45410156 -363.70410156
v 10779.66015625 391.02246094 -363.70410156
v 10552.00000000 1382.15820312 -363.70410156
v 212.28808594 3724.07128906 -363.70410156
v -1513.96093750 2093.50781250 -363.70410156
v 10451.91210938 1447.47460938 -363.70410156
v 5510.22851562 2358.11328125 -363.70410156
v 11007.32031250 434.46582031 -363.70410156
v 1217.95507812 2903.21972656 -363.70410156
v 10779.66015625 1376.43066406 -363.70410156
v -1536.62792969 2130.45410156 -363.70410156
v 1378.75878906 3041.09277344 -363.70410156
v 4670.83593750 2585.77246094 -363.70410156
v -1286.30175781 2106.13964844 -363.70410156
v 10438.28320312 1675.13378906 -363.70410156
v 8503.06445312 1902.64453125 -363.70410156
v 5005.16992188 2585.77246094 -363.70410156
v 10467.26757812 1902.79394531 -363.70410156
v 1445.61425781 3147.02929688 -363.70410156
v 4860.50976562 2647.55957031 -363.70410156
v 8958.38281250 1901.13476562 -363.70410156
v -1278.91308594 2130.45410156 -363.70410156
v 10096.68164062 1941.04296875 -363.70410156
v -1247.97363281 2358.11328125 -363.70410156
v 7592.42578125 1958.23730469 -363.70410156
v -1716.56933594 2585.77246094 -363.70410156
v -1112.64062500 2585.77246094 -363.70410156
v -1058.64257812 2699.43359375 -363.70410156
v 10324.34179688 2022.62207031 -363.70410156
v 1517.83984375 3268.75195312 -363.70410156
v 307.31640625 -32.63867188 -363.70410156
v 11234.98046875 473.78320312 -363.70410156
v 534.97558594 -30.66699219 -363.70410156
v 1632.20800781 3496.41113281 -363.70410156
v 762.63476562 -28.64355469 -363.70410156
v 1673.27343750 3637.49902344 -363.70410156
v 990.29492188 -26.89843750 -363.70410156
v 11462.64062500 499.90136719 -363.70410156
v 1217.95507812 -25.80371094 -363.70410156
v 11690.29882812 526.36621094 -363.70410156
v 199.89355469 3951.73144531 -363.70410156
v 1445.61425781 -24.94140625 -363.70410156
v 213.49511719 4179.39062500 -363.70410156
v 11759.47656250 536.83593750 -363.70410156
v -11075.66796875 95.89648438 -363.70410156
v 1673.27343750 -24.33203125 -363.70410156
v 209.14453125 4407.04980469 -363.70410156
v 11917.95898438 558.66796875 -363.70410156
v -11330.41503906 764.49511719 -363.70410156
v -11384.42285156 992.15527344 -363.70410156
v 12145.61914062 594.45996094 -363.70410156
v 12373.27734375 635.97070312 -363.70410156
v 12600.93750000 695.53808594 -363.70410156
v -12669.28515625 1387.13671875 -363.70410156
v -12784.85546875 1447.47460938 -363.70410156
v 12775.98437500 764.49511719 -363.70410156
v -12896.94531250 1488.97656250 -363.70410156
v -13003.49511719 1675.13378906 -363.70410156
v -12896.94531250 1881.96191406 -363.70410156
v -12669.28515625 1892.55273438 -363.70410156
v -12441.62500000 1315.05566406 -363.70410156
v -12213.96582031 1289.09765625 -363.70410156
v -11986.30664062 1265.29980469 -363.70410156
v -11758.64648438 1223.88085938 -363.70410156
v -12441.62500000 1864.90234375 -363.70410156
v -12213.96582031 1840.76757812 -363.70410156
v -11986.30664062 1823.00878906 -363.70410156
v -11530.98632812 1125.84472656 -363.70410156
v -11738.29980469 1219.81542969 -363.70410156
v -11758.64648438 1447.47460938 -530.10449219
v -10848.00781250 81.51660156 -379.60742188
v -2879.91992188 1902.79394531 -494.03710938
v -11530.98632812 1447.47460938 -548.45312500
v 12828.59765625 992.15527344 -559.82714844
v -12441.62500000 309.17675781 -382.90332031
v 8503.06445312 1902.79394531 -381.64550781
v 762.63476562 2358.11328125 -549.27636719
v 13056.25781250 992.15527344 -372.31738281
v -12213.96582031 309.17675781 -369.58496094
v 990.29492188 2358.11328125 -588.99804688
v -11303.32714844 1447.47460938 -580.75683594
v 5998.80859375 2358.11328125 -419.97949219
v 6226.46679688 2358.11328125 -378.87500000
v -10620.34765625 81.51660156 -405.03710938
v 5543.48828125 2358.11328125 -406.00097656
v -830.98242188 3268.75195312 -431.57617188
v -10392.68847656 81.51660156 -429.12890625
v 5771.14843750 2358.11328125 -435.37890625
v -830.98242188 3496.41113281 -438.79296875
v 1900.93359375 3724.07128906 -431.50585938
v 3949.87109375 2358.11328125 -512.73144531
v -5839.49511719 2130.45410156 -405.44726562
v 8730.72265625 1902.79394531 -369.64453125
v 6681.78710938 2130.45410156 -569.15820312
v 4632.84960938 2130.45410156 -399.98046875
v -10165.02929688 81.51660156 -455.85058594
v -5611.83593750 2130.45410156 -531.23632812
v 307.31640625 2813.43261719 -584.64453125
v 1900.93359375 3951.73144531 -418.79492188
v -5384.17578125 2130.45410156 -578.72753906
v -9937.36914062 81.51660156 -491.09375000
v -830.98242188 3724.07128906 -382.57812500
v 7592.42578125 81.51660156 -579.71386719
v 1900.93359375 2813.43261719 -568.33007812
v -9709.70898438 81.51660156 -536.35156250
v -830.98242188 2813.43261719 -374.11328125
v 7820.08593750 81.51660156 -450.80468750
v -9482.04980469 81.51660156 -582.49902344
v -4928.85644531 2130.45410156 -579.64648438
v 534.97558594 2813.43261719 -388.35156250
v 11007.32031250 1447.47460938 -456.38183594
v 8047.74414062 81.51660156 -380.47363281
v -10848.00781250 309.17675781 -489.70703125
v 762.63476562 2585.77246094 -519.37402344
v -603.32226562 2813.43261719 -452.31445312
v -10620.34765625 309.17675781 -524.65332031
v 2128.59375000 2813.43261719 -580.38085938
v -603.32226562 3041.09277344 -527.46777344
v -10392.68847656 309.17675781 -558.23828125
v 1900.93359375 3041.09277344 -564.25097656
v 990.29492188 2585.77246094 -588.92382812
v -10848.00781250 536.83593750 -488.41015625
v 2356.25390625 2813.43261719 -581.72753906
v -10620.34765625 536.83593750 -529.65136719
v 2356.25390625 3041.09277344 -530.95996094
v -11986.30664062 309.17675781 -370.68554688
v 1217.95507812 2813.43261719 -453.81640625
v 1900.93359375 3268.75195312 -459.20410156
v 11234.98046875 1447.47460938 -457.02539062
v 2128.59375000 3268.75195312 -523.00878906
v 11462.64062500 1447.47460938 -441.54003906
v 10552.00000000 1447.47460938 -448.47265625
v 4405.18945312 2358.11328125 -520.10351562
v 10779.66015625 1447.47460938 -455.14355469
v -10392.68847656 536.83593750 -570.47949219
v -2196.94042969 1902.79394531 -439.85839844
v -11758.64648438 309.17675781 -367.44824219
v -603.32226562 3496.41113281 -575.23828125
v -603.32226562 3724.07128906 -547.52636719
v 79.65625000 3496.41113281 -568.26953125
v -11530.98632812 309.17675781 -382.95117188
v 10324.34179688 309.17675781 -388.17675781
v 10552.00000000 1675.13378906 -491.13476562
v -603.32226562 3951.73144531 -478.10742188
v -11303.32714844 309.17675781 -415.91992188
v 3949.87109375 2585.77246094 -394.81054688
v -375.66308594 3951.73144531 -561.54101562
v -603.32226562 4179.39062500 -500.30566406
v 10779.66015625 1675.13378906 -569.69531250
v 3722.21093750 2813.43261719 -434.68945312
v -11303.32714844 536.83593750 -395.10937500
v 2356.25390625 3268.75195312 -436.26855469
v 3949.87109375 2813.43261719 -460.57324219
v -2879.91992188 2130.45410156 -568.36523438
v 4177.53125000 2813.43261719 -446.32226562
v -10848.00781250 764.49511719 -474.31445312
v 2583.91210938 3041.09277344 -588.01074219
v -10620.34765625 764.49511719 -520.69140625
v 2811.57226562 2813.43261719 -421.28808594
v 79.65625000 3951.73144531 -551.27148438
v 13056.25781250 1219.81542969 -505.18945312
v 11234.98046875 536.83593750 -552.97460938
v -2652.25976562 2358.11328125 -475.62500000
v 1445.61425781 2813.43261719 -492.71191406
v 11462.64062500 536.83593750 -459.38476562
v 13056.25781250 1447.47460938 -570.61718750
v -10392.68847656 764.49511719 -567.74316406
v 1673.27343750 2813.43261719 -531.66210938
v 2811.57226562 3041.09277344 -478.51562500
v 4860.50976562 2130.45410156 -430.04687500
v -10848.00781250 992.15527344 -487.84960938
v -1969.28125000 2130.45410156 -430.09375000
v -10620.34765625 992.15527344 -535.39257812
v 79.65625000 4179.39062500 -541.34667969
v -11075.66796875 309.17675781 -453.62988281
v 1900.93359375 3496.41113281 -423.68164062
v -1969.28125000 2358.11328125 -404.38671875
v -603.32226562 4407.04980469 -517.72070312
v 11690.29882812 536.83593750 -384.86132812
v 3039.23242188 2358.11328125 -566.83398438
v 2128.59375000 3496.41113281 -446.83300781
v -11075.66796875 536.83593750 -442.73925781
v -375.66308594 4634.70996094 -407.39941406
v -1969.28125000 2585.77246094 -419.40234375
v 3266.89062500 2358.11328125 -587.76562500
v -10392.68847656 992.15527344 -586.64941406
v -148.00390625 4634.70996094 -523.40136719
v -11303.32714844 764.49511719 -370.35839844
v 3039.23242188 2585.77246094 -493.38769531
v 4860.50976562 2358.11328125 -376.65917969
v 2356.25390625 3496.41113281 -418.11621094
v 3266.89062500 2585.77246094 -571.18847656
v -375.66308594 4862.37011719 -461.79394531
v -1741.62109375 2585.77246094 -383.79101562
v -10848.00781250 1219.81542969 -538.83984375
v -11303.32714844 992.15527344 -383.09472656
v -1058.64257812 2358.11328125 -533.83789062
v -11075.66796875 764.49511719 -424.50292969
v -1058.64257812 2585.77246094 -382.75781250
v -830.98242188 2585.77246094 -410.49804688
v 12600.93750000 764.49511719 -491.82324219
v -603.32226562 2585.77246094 -475.84472656
v -11075.66796875 992.15527344 -436.37695312
v -10620.34765625 1219.81542969 -588.50292969
v -148.00390625 5090.03027344 -452.42578125
v 2128.59375000 3724.07128906 -445.75488281
v 4860.50976562 2585.77246094 -394.16503906
v -12669.28515625 1447.47460938 -436.17382812
v 2356.25390625 3724.07128906 -434.37402344
v -12896.94531250 1675.13378906 -478.90234375
v 3266.89062500 2813.43261719 -587.66406250
v 1445.61425781 3041.09277344 -400.71679688
v -12441.62500000 1447.47460938 -491.85449219
v 2128.59375000 3951.73144531 -420.91113281
v -12213.96582031 1447.47460938 -495.97949219
v 2356.25390625 3951.73144531 -389.79101562
v 1673.27343750 3041.09277344 -476.37500000
v -11986.30664062 1447.47460938 -507.05566406
v 1673.27343750 3268.75195312 -426.04882812
v 1673.27343750 3496.41113281 -386.99804688
v 3949.87109375 3041.09277344 -464.06738281
v -11530.98632812 1219.81542969 -398.95703125
v 3949.87109375 3268.75195312 -377.57031250
v -11303.32714844 1219.81542969 -445.94726562
v -11075.66796875 1219.81542969 -494.63671875
v -11758.64648438 1801.13574219 -136.04394531
v -12669.28515625 -7.35253906 -136.04394531
v -1010.87988281 3268.75195312 -136.04394531
v 4177.53125000 -30.73925781 -136.04394531
v -12807.75097656 81.51660156 -136.04394531
v 4405.18945312 -30.97363281 -136.04394531
v 1571.15625000 3724.07128906 -136.04394531
v -11530.98632812 1790.30371094 -136.04394531
v -12893.17089844 309.17675781 -136.04394531
v -11303.32714844 1783.74316406 -136.04394531
v 1900.93359375 -30.23437500 -136.04394531
v 2128.59375000 -30.31933594 -136.04394531
v -11075.66796875 1775.67382812 -136.04394531
v -12778.52050781 536.83593750 -136.04394531
v -10848.00781250 1767.68261719 -136.04394531
v 12828.59765625 725.24804688 -136.04394531
v -12669.28515625 646.29980469 -136.04394531
v 1636.01562500 3951.73144531 -136.04394531
v -9937.36914062 1764.70117188 -136.04394531
v -6750.13378906 1828.51855469 -136.04394531
v 1673.27343750 3997.03808594 -136.04394531
v 2356.25390625 -30.23632812 -136.04394531
v -12655.00683594 1902.79394531 -136.04394531
v 7820.08593750 2087.64550781 -136.04394531
v 4632.84960938 -31.37988281 -136.04394531
v 4860.50976562 -31.98437500 -136.04394531
v 5088.16796875 -32.14941406 -136.04394531
v -9709.70898438 1759.30859375 -136.04394531
v -6522.47412109 1811.69238281 -136.04394531
v 5315.82812500 -30.21093750 -136.04394531
v -9482.04980469 1743.68945312 -136.04394531
v 1900.93359375 4126.65820312 -136.04394531
v -998.55761719 3496.41113281 -136.04394531
v -9254.39062500 1746.60253906 -136.04394531
v -12441.62500000 -16.23339844 -136.04394531
v -6294.81445312 1891.16406250 -136.04394531
v -902.29687500 3724.07128906 -136.04394531
v 2583.91210938 2935.77539062 -136.04394531
v -6279.92285156 1902.79394531 -136.04394531
v 2528.18750000 3041.09277344 -136.04394531
v -830.98242188 3929.40625000 -136.04394531
v 2666.99218750 2813.43261719 -136.04394531
v -6067.15429688 2056.68945312 -136.04394531
v -375.66308594 -44.05566406 -136.04394531
v -5894.37207031 2130.45410156 -136.04394531
v 2538.28320312 3268.75195312 -136.04394531
v -148.00390625 -44.69531250 -136.04394531
v -5839.49511719 2150.96777344 -136.04394531
v 2583.91210938 3464.49804688 -136.04394531
v -825.49707031 3951.73144531 -136.04394531
v -5611.83593750 2189.88574219 -136.04394531
v 2595.60351562 3496.41113281 -136.04394531
v 12904.74023438 764.49511719 -136.04394531
v 79.65625000 -43.38281250 -136.04394531
v 5543.48828125 -25.88964844 -136.04394531
v -5384.17578125 2229.62402344 -136.04394531
v -9026.73046875 1741.83203125 -136.04394531
v -12213.96582031 -0.96972656 -136.04394531
v 2680.70703125 3724.07128906 -136.04394531
v 6454.12695312 2333.95507812 -136.04394531
v -806.70996094 4179.39062500 -136.04394531
v 5771.14843750 -21.23925781 -136.04394531
v -11986.30664062 7.05761719 -136.04394531
v -2652.25976562 1843.03515625 -136.04394531
v -8799.07031250 1747.78222656 -136.04394531
v 3038.61132812 2813.43261719 -136.04394531
v -2756.09179688 1902.79394531 -136.04394531
v -11758.64648438 10.94726562 -136.04394531
v -8571.41113281 1736.09667969 -136.04394531
v -12669.28515625 1908.83789062 -136.04394531
v -2424.59960938 1865.14257812 -136.04394531
v -11530.98632812 11.14941406 -136.04394531
v -8343.75195312 1731.87011719 -136.04394531
v -2323.03710938 1902.79394531 -136.04394531
v -11303.32714844 5.93847656 -136.04394531
v 8047.74414062 2032.29980469 -136.04394531
v -817.44726562 4407.04980469 -136.04394531
v -10848.00781250 -7.64355469 -136.04394531
v 2583.91210938 -29.99707031 -136.04394531
v -10620.34765625 -10.99023438 -136.04394531
v -8116.09179688 1731.94628906 -136.04394531
v 8275.40429688 1920.81250000 -136.04394531
v -11075.66796875 -1.74414062 -136.04394531
v -618.50683594 4634.70996094 -136.04394531
v 8503.06445312 1906.66699219 -136.04394531
v 13056.25781250 868.64257812 -136.04394531
v 6297.90820312 2358.11328125 -136.04394531
v 3039.23242188 2814.92089844 -136.04394531
v 8730.72265625 1910.61035156 -136.04394531
v -10392.68847656 -13.50683594 -136.04394531
v 5543.48828125 2416.08398438 -136.04394531
v 8958.38281250 1909.78710938 -136.04394531
v 3266.89062500 2907.37109375 -136.04394531
v 5771.14843750 2397.86816406 -136.04394531
v 9141.30859375 1902.79394531 -136.04394531
v -10165.02929688 -15.87988281 -136.04394531
v 3494.55078125 2943.84277344 -136.04394531
v 5998.80859375 -16.83300781 -136.04394531
v 13152.22460938 992.15527344 -136.04394531
v 3684.29882812 3041.09277344 -136.04394531
v 9186.04296875 1901.00976562 -136.04394531
v -2652.25976562 1928.86718750 -136.04394531
v 6226.46679688 -12.53515625 -136.04394531
v 9413.70312500 1898.65820312 -136.04394531
v 3722.21093750 3099.88867188 -136.04394531
v -7888.43212891 1732.80175781 -136.04394531
v 2811.57226562 -30.28710938 -136.04394531
v 11007.32031250 1350.51074219 -136.04394531
v 9641.36328125 1896.77343750 -136.04394531
v 6454.12695312 -8.94042969 -136.04394531
v -3562.89843750 2526.00976562 -136.04394531
v 11234.98046875 1353.30664062 -136.04394531
v -9937.36914062 -19.75683594 -136.04394531
v 9869.02148438 1892.06738281 -136.04394531
v 11462.64062500 1362.00976562 -136.04394531
v 3039.23242188 -30.95507812 -136.04394531
v -12519.46582031 764.49511719 -136.04394531
v -3335.23828125 2540.32031250 -136.04394531
v 5998.80859375 2374.92773438 -136.04394531
v 11690.29882812 1425.08203125 -136.04394531
v 6681.78710938 -5.54101562 -136.04394531
v 11715.65234375 1447.47460938 -136.04394531
v 10048.18554688 1902.79394531 -136.04394531
v 6909.44531250 0.01953125 -136.04394531
v 11917.95898438 1647.83691406 -136.04394531
v -3107.57910156 2552.49804688 -136.04394531
v 3266.89062500 -30.93652344 -136.04394531
v 7137.10546875 8.26367188 -136.04394531
v 10552.00000000 1363.72656250 -136.04394531
v 12007.81054688 1675.13378906 -136.04394531
v -12441.62500000 924.87695312 -136.04394531
v 3494.55078125 -31.06347656 -136.04394531
v -2879.91992188 2567.42578125 -136.04394531
v -12440.66406250 992.15527344 -136.04394531
v 3722.21093750 -30.97558594 -136.04394531
v -7660.77246094 1749.41210938 -136.04394531
v 2128.59375000 4102.90820312 -136.04394531
v 2356.25390625 4063.62109375 -136.04394531
v 79.65625000 4625.30957031 -136.04394531
v -4701.19726562 1892.31542969 -136.04394531
v -7433.11279297 1811.34863281 -136.04394531
v 2622.14648438 3951.73144531 -136.04394531
v 73.32519531 4634.70996094 -136.04394531
v 10433.87500000 1447.47460938 -136.04394531
v -4704.44726562 1902.79394531 -136.04394531
v 10779.66015625 1345.28417969 -136.04394531
v -7205.45312500 1821.93261719 -136.04394531
v -4473.53710938 1752.96093750 -136.04394531
v -2652.25976562 2528.29199219 -136.04394531
v 10406.25390625 1675.13378906 -136.04394531
v -609.75781250 4862.37011719 -136.04394531
v 10403.10937500 1902.79394531 -136.04394531
v -4295.37304688 1902.79394531 -136.04394531
v -7205.45312500 -30.35449219 -136.04394531
v -2636.58789062 2130.45410156 -136.04394531
v -603.32226562 4880.79785156 -136.04394531
v 10096.68164062 1907.36425781 -136.04394531
v -12896.94531250 1436.19628906 -136.04394531
v -2197.36230469 2130.45410156 -136.04394531
v -5156.51562500 2255.31445312 -136.04394531
v -468.60253906 5090.03027344 -136.04394531
v -6977.79345703 -33.04589844 -136.04394531
v -4928.85644531 2255.42089844 -136.04394531
v 67.20410156 4862.37011719 -136.04394531
v 7364.76562500 16.51953125 -136.04394531
v 12145.61914062 1747.25097656 -136.04394531
v 17.28906250 5090.03027344 -136.04394531
v 762.63476562 2717.91015625 -136.04394531
v 12231.25585938 1902.79394531 -136.04394531
v -2579.79199219 2358.11328125 -136.04394531
v -375.66308594 5160.11621094 -136.04394531
v 4405.18945312 2484.87109375 -136.04394531
v -6750.13378906 -35.17773438 -136.04394531
v -4730.47558594 2130.45410156 -136.04394531
v -2242.48339844 2358.11328125 -136.04394531
v 12600.93750000 1843.26953125 -136.04394531
v -12912.72949219 1447.47460938 -136.04394531
v -6522.47412109 -35.90429688 -136.04394531
v 12570.73828125 1902.79394531 -136.04394531
v -12669.28515625 1281.08789062 -136.04394531
v -6294.81445312 -36.70410156 -136.04394531
v 2583.91210938 3988.26660156 -136.04394531
v -148.00390625 5229.21191406 -136.04394531
v -6067.15429688 -37.26171875 -136.04394531
v -13110.18457031 1675.13378906 -136.04394531
v 4231.33007812 2585.77246094 -136.04394531
v -4245.87695312 2081.66992188 -136.04394531
v -5839.49511719 -37.49414062 -136.04394531
v 4555.05468750 2585.77246094 -136.04394531
v -4230.44042969 2130.45410156 -136.04394531
v 10324.34179688 1947.02441406 -136.04394531
v -5611.83593750 -37.47363281 -136.04394531
v 597.58203125 2813.43261719 -136.04394531
v -13048.78906250 1902.79394531 -136.04394531
v 11007.32031250 402.76562500 -136.04394531
v 307.31640625 3036.19726562 -136.04394531
v -12896.94531250 1971.38085938 -136.04394531
v 950.37011719 2813.43261719 -136.04394531
v 11234.98046875 429.09277344 -136.04394531
v -2317.96386719 2585.77246094 -136.04394531
v 305.11523438 3041.09277344 -136.04394531
v 6226.46679688 2366.05371094 -136.04394531
v 534.97558594 2874.04394531 -136.04394531
v 2811.57226562 2679.51855469 -136.04394531
v 306.90625000 3268.75195312 -136.04394531
v 11462.64062500 434.41992188 -136.04394531
v 3767.60937500 3268.75195312 -136.04394531
v -2196.94042969 2731.55273438 -136.04394531
v -12441.62500000 996.70507812 -136.04394531
v 11690.29882812 385.93750000 -136.04394531
v 3949.87109375 -30.70410156 -136.04394531
v -12568.44628906 1219.81542969 -136.04394531
v 990.29492188 2847.86132812 -136.04394531
v 11917.95898438 371.17382812 -136.04394531
v 12828.59765625 1726.54199219 -136.04394531
v 254.62207031 3496.41113281 -136.04394531
v -2014.22363281 2813.43261719 -136.04394531
v 12145.61914062 417.98535156 -136.04394531
v 240.53222656 3724.07128906 -136.04394531
v 12249.29101562 536.83593750 -136.04394531
v -1513.96093750 2024.49023438 -136.04394531
v 1217.95507812 3001.50781250 -136.04394531
v 4252.96484375 2813.43261719 -136.04394531
v -1635.73046875 2130.45410156 -136.04394531
v 12373.27734375 577.89160156 -136.04394531
v 1257.13183594 3041.09277344 -136.04394531
v 12373.27734375 1985.88769531 -136.04394531
v 6909.44531250 2086.44433594 -136.04394531
v 1386.65722656 3268.75195312 -136.04394531
v 6850.49804688 2130.45410156 -136.04394531
v -1334.68847656 2130.45410156 -136.04394531
v 12600.93750000 652.15039062 -136.04394531
v 13223.56054688 1219.81542969 -136.04394531
v 1445.61425781 3380.47167969 -136.04394531
v 6681.78710938 2243.19726562 -136.04394531
v -1722.09082031 2358.11328125 -136.04394531
v -12441.62500000 1854.23339844 -136.04394531
v 13222.71093750 1447.47460938 -136.04394531
v 7137.10546875 1978.03906250 -136.04394531
v 4632.84960938 2687.57031250 -136.04394531
v 1500.13574219 3496.41113281 -136.04394531
v 7364.76562500 1987.45117188 -136.04394531
v 13090.31640625 1675.13378906 -136.04394531
v 4860.50976562 2742.21582031 -136.04394531
v 241.27050781 3951.73144531 -136.04394531
v -12213.96582031 1827.12011719 -136.04394531
v 7592.42578125 24.96679688 -136.04394531
v 13056.25781250 1703.20019531 -136.04394531
v 7820.08593750 32.18457031 -136.04394531
v -1969.28125000 2834.42285156 -136.04394531
v 8047.74414062 42.71679688 -136.04394531
v -1741.62109375 2865.39062500 -136.04394531
v 8275.40429688 55.87988281 -136.04394531
v 4180.87109375 3041.09277344 -136.04394531
v 8503.06445312 68.92773438 -136.04394531
v 5088.16796875 2663.17773438 -136.04394531
v 8730.72265625 80.02832031 -136.04394531
v -1670.22363281 2813.43261719 -136.04394531
v 4195.18164062 3268.75195312 -136.04394531
v 8771.22265625 81.51660156 -136.04394531
v -11986.30664062 1809.43945312 -136.04394531
v -1268.32812500 2813.43261719 -136.04394531
v 3921.37304688 3496.41113281 -136.04394531
v 8958.38281250 88.57324219 -136.04394531
v -1058.64257812 2977.91894531 -136.04394531
v 9186.04296875 105.18066406 -136.04394531
v -1017.24023438 3041.09277344 -136.04394531
v 4177.53125000 3318.84570312 -136.04394531
v 4024.87304688 3496.41113281 -136.04394531
v 5315.82812500 2391.59863281 -136.04394531
v 260.41210938 4179.39062500 -136.04394531
v 3949.87109375 3502.65039062 -136.04394531
v 5172.41210938 2585.77246094 -136.04394531
v 9413.70312500 119.57617188 -136.04394531
v 252.23339844 4407.04980469 -136.04394531
v 9641.36328125 142.39746094 -136.04394531
v -1326.07910156 2358.11328125 -136.04394531
v 9869.02148438 160.11425781 -136.04394531
v -1613.11523438 2585.77246094 -136.04394531
v 10096.68164062 190.25097656 -136.04394531
v -5384.17578125 -37.81738281 -136.04394531
v -1301.96972656 2585.77246094 -136.04394531
v 10324.34179688 207.35937500 -136.04394531
v -1286.30175781 2767.28320312 -136.04394531
v -5156.51562500 -38.28808594 -136.04394531
v 10545.61523438 309.17675781 -136.04394531
v -4928.85644531 -38.65722656 -136.04394531
v 10552.00000000 311.12597656 -136.04394531
v 307.31640625 -41.25292969 -136.04394531
v -4033.66601562 2358.11328125 -136.04394531
v -4701.19726562 -39.02539062 -136.04394531
v 10779.66015625 366.10937500 -136.04394531
v 534.97558594 -39.14257812 -136.04394531
v -4473.53710938 -39.56640625 -136.04394531
v -4018.21777344 2368.58886719 -136.04394531
v 762.63476562 -37.02539062 -136.04394531
v -3790.55859375 2483.34375000 -136.04394531
v -4245.87695312 -40.81542969 -136.04394531
v 990.29492188 -35.86132812 -136.04394531
v -4018.21777344 -41.71386719 -136.04394531
v 1217.95507812 -34.08007812 -136.04394531
v 7592.42578125 2025.77050781 -136.04394531
v -3562.89843750 -41.80468750 -136.04394531
v 1445.61425781 -32.03125000 -136.04394531
v -3790.55859375 -41.64648438 -136.04394531
v -3335.23828125 -42.33300781 -136.04394531
v -6977.79345703 1842.14941406 -136.04394531
v 1673.27343750 -30.56640625 -136.04394531
v -3107.57910156 -42.77441406 -136.04394531
v -2879.91992188 -42.75097656 -136.04394531
v -9709.70898438 -20.64453125 -136.04394531
v -2652.25976562 -43.38085938 -136.04394531
v -9482.04980469 -19.28515625 -136.04394531
v -2424.59960938 -43.12695312 -136.04394531
v -9254.39062500 -19.53710938 -136.04394531
v -2196.94042969 -43.69824219 -136.04394531
v -9026.73046875 -19.40917969 -136.04394531
v -1969.28125000 -44.24707031 -136.04394531
v -8799.07031250 -19.46582031 -136.04394531
v -1741.62109375 -44.22460938 -136.04394531
v -8571.41113281 -20.12207031 -136.04394531
v -8343.75195312 -20.13281250 -136.04394531
v -1513.96093750 -43.84179688 -136.04394531
v -8116.09179688 -21.26660156 -136.04394531
v -1286.30175781 -43.80957031 -136.04394531
v -1058.64257812 -44.51367188 -136.04394531
v -7888.43212891 -23.49023438 -136.04394531
v -830.98242188 -44.37402344 -136.04394531
v -7660.77246094 -25.96875000 -136.04394531
v -603.32226562 -43.87011719 -136.04394531
v -7433.11279297 -28.46484375 -136.04394531
v -10620.34765625 1763.10839844 -136.04394531
v -10392.68847656 1757.19726562 -136.04394531
v -10165.02929688 1752.21777344 -136.04394531
v -12669.28515625 81.51660156 -308.07128906
v -12669.28515625 1902.79394531 -251.03710938
v -12669.28515625 309.17675781 -363.55957031
v -12669.28515625 536.83593750 -308.11718750
v 12828.59765625 764.49511719 -318.69042969
v 1673.27343750 3724.07128906 -350.75195312
v -4245.87695312 1902.79394531 -361.18457031
v -830.98242188 3041.09277344 -358.30761719
v 1673.27343750 3951.73144531 -277.16015625
v -2652.25976562 2130.45410156 -305.70507812
v 990.29492188 2813.43261719 -361.57812500
v -12441.62500000 81.51660156 -325.24804688
v 11690.29882812 1447.47460938 -318.40429688
v -12213.96582031 81.51660156 -315.74511719
v 8275.40429688 81.51660156 -321.86914062
v 8503.06445312 1902.79394531 -359.69628906
v -11986.30664062 81.51660156 -307.79589844
v -603.32226562 4634.70996094 -303.47656250
v 2583.91210938 3496.41113281 -211.11523438
v -2196.94042969 2130.45410156 -149.65820312
v -4018.21777344 2358.11328125 -301.38281250
v 2583.91210938 3724.07128906 -343.37695312
v 8503.06445312 81.51660156 -256.83300781
v 3722.21093750 2358.11328125 -328.35742188
v 8958.38281250 1902.79394531 -327.25390625
v 3039.23242188 2813.43261719 -161.16308594
v 8730.72265625 81.51660156 -169.70214844
v 12373.27734375 1902.79394531 -271.56250000
v -603.32226562 4862.37011719 -243.57128906
v -375.66308594 5090.03027344 -316.67285156
v -1969.28125000 2813.43261719 -247.37304688
v 11917.95898438 536.83593750 -329.44238281
v -1741.62109375 2813.43261719 -342.93554688
v 12145.61914062 536.83593750 -261.32910156
v 3722.21093750 3041.09277344 -270.09863281
v -2196.94042969 2358.11328125 -296.42675781
v 4632.84960938 2358.11328125 -336.18945312
v -1058.64257812 2813.43261719 -342.80273438
v 1445.61425781 3268.75195312 -311.23828125
v 3722.21093750 2585.77246094 -360.90332031
v -1741.62109375 2358.11328125 -302.37304688
v 4177.53125000 2585.77246094 -314.91015625
v 2583.91210938 3951.73144531 -279.96191406
v -2196.94042969 2585.77246094 -348.44042969
v 4632.84960938 2585.77246094 -330.42382812
v -11758.64648438 81.51660156 -303.94531250
v 4177.53125000 3041.09277344 -219.88574219
v 5088.16796875 2130.45410156 -359.34375000
v -1286.30175781 2130.45410156 -349.49218750
v 4177.53125000 3268.75195312 -223.56640625
v -11530.98632812 81.51660156 -311.70410156
v -1286.30175781 2358.11328125 -316.83105469
v 5088.16796875 2358.11328125 -359.05664062
v -11303.32714844 81.51660156 -331.42578125
v 3949.87109375 3496.41113281 -190.15234375
v 5315.82812500 2130.45410156 -259.30859375
v -1286.30175781 2585.77246094 -246.92578125
v -11075.66796875 81.51660156 -353.37988281
v 5315.82812500 2358.11328125 -242.71191406
v -12441.62500000 536.83593750 -345.91894531
v 5088.16796875 2585.77246094 -322.15136719
v -12213.96582031 536.83593750 -343.41699219
v -11986.30664062 536.83593750 -343.02050781
v -11758.64648438 536.83593750 -343.94140625
v -12441.62500000 764.49511719 -252.42480469
v -12213.96582031 764.49511719 -283.21093750
v -12213.96582031 992.15527344 -252.79394531
v -11986.30664062 764.49511719 -297.17578125
v -11758.64648438 764.49511719 -311.34667969
v -11986.30664062 992.15527344 -286.97753906
v -11758.64648438 992.15527344 -314.37402344
v -11530.98632812 536.83593750 -355.40234375
v -11530.98632812 764.49511719 -333.84570312
v -11530.98632812 992.15527344 -341.48828125
v -12896.94531250 1447.47460938 -204.84960938
v -12896.94531250 1902.79394531 -331.32714844
v -12441.62500000 1219.81542969 -284.59863281
v -12213.96582031 1219.81542969 -323.46289062
v -11986.30664062 1219.81542969 -340.21679688
v -11758.64648438 1219.81542969 -361.73535156
v -12669.28515625 254.41894531 91.61621094
v -11758.64648438 1817.26074219 91.61621094
v -6750.13378906 1793.66894531 91.61621094
v -375.66308594 -36.38476562 91.61621094
v -11530.98632812 1808.02441406 91.61621094
v 7820.08593750 2055.62988281 91.61621094
v -892.41894531 3268.75195312 91.61621094
v 1712.31445312 3724.07128906 91.61621094
v 8047.74414062 1984.44921875 91.61621094
v -148.00390625 -36.72363281 91.61621094
v 8275.40429688 1919.77636719 91.61621094
v -11303.32714844 1797.75292969 91.61621094
v 12828.59765625 791.03027344 91.61621094
v -11075.66796875 1784.76953125 91.61621094
v 13056.25781250 988.14648438 91.61621094
v -9937.36914062 1747.58105469 91.61621094
v 13059.28710938 992.15527344 91.61621094
v -12677.06640625 309.17675781 91.61621094
v -901.21875000 3496.41113281 91.61621094
v -9709.70898438 1744.65625000 91.61621094
v -6522.47412109 1786.71875000 91.61621094
v -9482.04980469 1742.78515625 91.61621094
v 79.65625000 -36.30859375 91.61621094
v 8495.11523438 1902.79394531 91.61621094
v 6226.46679688 2353.29199219 91.61621094
v 11007.32031250 1379.93164062 91.61621094
v 8526.59179688 1902.79394531 91.61621094
v 1770.66601562 3951.73144531 91.61621094
v -10848.00781250 1774.01953125 91.61621094
v 1900.93359375 -24.54101562 91.61621094
v -2652.25976562 1836.78515625 91.61621094
v -6294.81445312 1852.86914062 91.61621094
v 6031.46679688 2358.11328125 91.61621094
v 11234.98046875 1394.41601562 91.61621094
v -2812.32812500 1902.79394531 91.61621094
v 6454.12695312 2322.58300781 91.61621094
v 2128.59375000 -24.32031250 91.61621094
v 1900.93359375 4039.96093750 91.61621094
v -830.98242188 3686.91406250 91.61621094
v -2424.59960938 1866.77050781 91.61621094
v 2356.25390625 -24.04687500 91.61621094
v 11462.64062500 1403.93457031 91.61621094
v -2246.06640625 1902.79394531 91.61621094
v -813.29589844 3724.07128906 91.61621094
v -10620.34765625 64.62988281 91.61621094
v 2583.91210938 2906.95410156 91.61621094
v 4177.53125000 -24.71679688 91.61621094
v -2668.61132812 2130.45410156 91.61621094
v 8730.72265625 1903.67773438 91.61621094
v -723.64550781 3951.73144531 91.61621094
v 4405.18945312 -24.99609375 91.61621094
v -2652.25976562 2356.86328125 91.61621094
v -10796.91308594 81.51660156 91.61621094
v -740.92089844 4179.39062500 91.61621094
v 4632.84960938 -25.17187500 91.61621094
v -769.31835938 4407.04980469 91.61621094
v -3562.89843750 2517.17675781 91.61621094
v -9254.39062500 1744.82714844 91.61621094
v 4860.50976562 -25.53613281 91.61621094
v 11632.21679688 1447.47460938 91.61621094
v -3335.23828125 2532.41894531 91.61621094
v 2489.88085938 3041.09277344 91.61621094
v -12669.28515625 358.78515625 91.61621094
v 11690.29882812 1480.62304688 91.61621094
v -3107.57910156 2541.04296875 91.61621094
v 11917.95898438 1650.57031250 91.61621094
v 2661.52734375 2813.43261719 91.61621094
v 5088.16796875 -25.36132812 91.61621094
v -12441.62500000 226.75195312 91.61621094
v 5543.48828125 2358.91503906 91.61621094
v -6230.25781250 1902.79394531 91.61621094
v 5315.82812500 -23.15234375 91.61621094
v -2879.91992188 2548.21972656 91.61621094
v 5543.48828125 -18.85937500 91.61621094
v -6067.15429688 2034.53320312 91.61621094
v -2652.25976562 2446.86425781 91.61621094
v -9026.73046875 1736.43847656 91.61621094
v -603.32226562 4596.24609375 91.61621094
v 5771.14843750 -14.16894531 91.61621094
v -439.28417969 4634.70996094 91.61621094
v -5864.90625000 2130.45410156 91.61621094
v -10392.68847656 45.61230469 91.61621094
v -5839.49511719 2139.95605469 91.61621094
v -8799.07031250 1728.04296875 91.61621094
v -5611.83593750 2182.89062500 91.61621094
v -8571.41113281 1729.69433594 91.61621094
v 8958.38281250 1906.74316406 91.61621094
v -8343.75195312 1733.47070312 91.61621094
v -2196.94042969 1925.01367188 91.61621094
v 5998.80859375 -9.08398438 91.61621094
v -5384.17578125 2222.82031250 91.61621094
v -10165.02929688 29.74218750 91.61621094
v -2610.16113281 2358.11328125 91.61621094
v -9937.36914062 20.32128906 91.61621094
v -8116.09179688 1731.87207031 91.61621094
v -2047.40625000 2130.45410156 91.61621094
v 12041.31445312 1675.13378906 91.61621094
v 79.65625000 4584.82226562 91.61621094
v -2083.48925781 2358.11328125 91.61621094
v -9709.70898438 14.84960938 91.61621094
v 12145.61914062 1697.52343750 91.61621094
v -1741.62109375 2319.30371094 91.61621094
v 5771.14843750 2370.83203125 91.61621094
v 2463.19335938 3268.75195312 91.61621094
v 12373.27734375 1747.36718750 91.61621094
v -12241.26269531 309.17675781 91.61621094
v -7888.43212891 1733.80664062 91.61621094
v 5998.80859375 2358.65039062 91.61621094
v 9186.04296875 1904.80175781 91.61621094
v -12441.62500000 434.50000000 91.61621094
v -4701.19726562 1812.11230469 91.61621094
v 12600.93750000 1719.76562500 91.61621094
v 6909.44531250 2051.48535156 91.61621094
v 9413.70312500 1902.48925781 91.61621094
v -11530.98632812 259.04101562 91.61621094
v 6805.88085938 2130.45410156 91.61621094
v -1751.98535156 2358.11328125 91.61621094
v 2464.78906250 3496.41113281 91.61621094
v 2559.89843750 3724.07128906 91.61621094
v 23.89843750 4634.70996094 91.61621094
v -458.53125000 4862.37011719 91.61621094
v 3077.78515625 2813.43261719 91.61621094
v 12828.59765625 1767.63281250 91.61621094
v -375.66308594 5017.59472656 91.61621094
v 3266.89062500 2900.44335938 91.61621094
v 50.97070312 4862.37011719 91.61621094
v 9359.08984375 1902.79394531 91.61621094
v -4772.66601562 1902.79394531 91.61621094
v 13159.45117188 1219.81542969 91.61621094
v -11682.97851562 309.17675781 91.61621094
v -4473.53710938 1744.16113281 91.61621094
v 13190.21289062 1447.47460938 91.61621094
v -317.25488281 5090.03027344 91.61621094
v 3494.55078125 2928.56347656 91.61621094
v -7660.77246094 1748.00683594 91.61621094
v 9501.12890625 1902.79394531 91.61621094
v 3722.21093750 2954.17578125 91.61621094
v -11303.32714844 176.14355469 91.61621094
v -9482.04980469 8.82128906 91.61621094
v -2147.42285156 2585.77246094 91.61621094
v 9869.02148438 1899.21582031 91.61621094
v 13156.74218750 1675.13378906 91.61621094
v 2128.59375000 4023.15917969 91.61621094
v -9254.39062500 3.65625000 91.61621094
v -1741.62109375 2416.33398438 91.61621094
v -11530.98632812 319.95605469 91.61621094
v -1969.28125000 2724.86035156 91.61621094
v -4255.56152344 1902.79394531 91.61621094
v -11417.90136719 536.83593750 91.61621094
v -1741.62109375 2747.37304688 91.61621094
v 13056.25781250 1785.79296875 91.61621094
v 9753.55664062 1902.79394531 91.61621094
v 2356.25390625 3984.23535156 91.61621094
v -5156.51562500 2241.94042969 91.61621094
v -7433.11279297 1801.31250000 91.61621094
v -1513.96093750 2105.20605469 91.61621094
v -4928.85644531 2235.73925781 91.61621094
v -11075.66796875 119.63378906 91.61621094
v -1531.13085938 2130.45410156 91.61621094
v -928.05273438 2813.43261719 91.61621094
v -1304.16992188 2130.45410156 91.61621094
v 2450.37109375 3951.73144531 91.61621094
v -7205.45312500 1800.25781250 91.61621094
v -1286.30175781 2152.44628906 91.61621094
v 2583.91210938 -24.50097656 91.61621094
v 6681.78710938 2222.97265625 91.61621094
v -831.09863281 3041.09277344 91.61621094
v -7205.45312500 -22.52441406 91.61621094
v 7137.10546875 1953.59570312 91.61621094
v -10848.00781250 87.58984375 91.61621094
v 9891.84960938 1902.79394531 91.61621094
v 7364.76562500 1948.64257812 91.61621094
v -1245.05273438 2358.11328125 91.61621094
v 3757.58593750 3041.09277344 91.61621094
v 10552.00000000 1378.39160156 91.61621094
v -6977.79345703 -25.94726562 91.61621094
v 4177.53125000 2980.04003906 91.61621094
v 2811.57226562 -24.77636719 91.61621094
v 7364.76562500 42.06152344 91.61621094
v -4801.97753906 2130.45410156 91.61621094
v -11329.04296875 764.49511719 91.61621094
v 7592.42578125 53.68457031 91.61621094
v -6750.13378906 -28.47265625 91.61621094
v 4144.25195312 3041.09277344 91.61621094
v -1722.79492188 2585.77246094 91.61621094
v -6522.47412109 -28.95410156 91.61621094
v 3039.23242188 -25.32226562 91.61621094
v 3266.89062500 -25.10058594 91.61621094
v -11405.17285156 992.15527344 91.61621094
v 3494.55078125 -25.07519531 91.61621094
v -12669.28515625 1374.21582031 91.61621094
v 3722.21093750 -24.80859375 91.61621094
v -4245.87695312 1936.39843750 91.61621094
v -12819.61132812 1447.47460938 91.61621094
v -9026.73046875 -2.21875000 91.61621094
v 762.63476562 2693.88574219 91.61621094
v -4202.20898438 2130.45410156 91.61621094
v 3949.87109375 3260.79199219 91.61621094
v -4027.20703125 2358.11328125 91.61621094
v -12896.94531250 1472.40136719 91.61621094
v -4018.21777344 2363.95507812 91.61621094
v -1095.92773438 2585.77246094 91.61621094
v -13026.16113281 1675.13378906 91.61621094
v 550.56933594 2813.43261719 91.61621094
v -3790.55859375 2471.98046875 91.61621094
v -12896.94531250 1870.17187500 91.61621094
v 4391.20703125 2813.43261719 91.61621094
v -6294.81445312 -29.52246094 91.61621094
v -12669.28515625 1889.37988281 91.61621094
v -1058.64257812 2669.88671875 91.61621094
v -3562.89843750 -32.82910156 91.61621094
v -8799.07031250 -6.72949219 91.61621094
v -6067.15429688 -29.28613281 91.61621094
v -3335.23828125 -33.30566406 91.61621094
v -8571.41113281 -9.59375000 91.61621094
v -5839.49511719 -28.76757812 91.61621094
v -3107.57910156 -33.69921875 91.61621094
v 307.31640625 -35.24511719 91.61621094
v -12441.62500000 1311.61425781 91.61621094
v 534.97558594 -33.98535156 91.61621094
v 990.29492188 2813.05468750 91.61621094
v 991.06445312 2813.43261719 91.61621094
v -12213.96582031 1279.39648438 91.61621094
v 762.63476562 -32.35937500 91.61621094
v -5611.83593750 -28.56640625 91.61621094
v 990.29492188 -31.14257812 91.61621094
v -8343.75195312 -10.65527344 91.61621094
v -5384.17578125 -28.76953125 91.61621094
v 1217.95507812 -29.22753906 91.61621094
v -11758.64648438 1204.25097656 91.61621094
v 2811.57226562 2692.96386719 91.61621094
v -8116.09179688 -10.78222656 91.61621094
v -11801.60546875 1219.81542969 91.61621094
v -5156.51562500 -29.17675781 91.61621094
v 1445.61425781 -27.10156250 91.61621094
v -2879.91992188 -33.92382812 91.61621094
v -11986.30664062 1252.76269531 91.61621094
v -4928.85644531 -29.57519531 91.61621094
v 3722.21093750 2272.27539062 91.61621094
v -7888.43212891 -13.40625000 91.61621094
v -12441.62500000 1867.17480469 91.61621094
v -2652.25976562 -34.29785156 91.61621094
v 3690.55078125 2358.11328125 91.61621094
v -7660.77246094 -16.20214844 91.61621094
v -4701.19726562 -29.82031250 91.61621094
v -12213.96582031 1840.72460938 91.61621094
v 10448.50585938 1447.47460938 91.61621094
v 3039.23242188 2776.35839844 91.61621094
v -11986.30664062 1825.31933594 91.61621094
v -2424.59960938 -34.69726562 91.61621094
v -4473.53710938 -30.38183594 91.61621094
v 3722.21093750 2582.27636719 91.61621094
v -11530.98632812 1100.78417969 91.61621094
v -7433.11279297 -19.20214844 91.61621094
v 7820.08593750 64.04296875 91.61621094
v 10779.66015625 1373.65625000 91.61621094
v -4245.87695312 -31.57617188 91.61621094
v -2196.94042969 -35.49707031 91.61621094
v 10436.30859375 1675.13378906 91.61621094
v -4018.21777344 -32.44824219 91.61621094
v -1969.28125000 -36.08593750 91.61621094
v 8047.74414062 76.61816406 91.61621094
v -10620.34765625 1766.19238281 91.61621094
v 10399.15234375 1902.79394531 91.61621094
v 8119.41601562 81.51660156 91.61621094
v -10392.68847656 1760.10937500 91.61621094
v -1741.62109375 -36.08105469 91.61621094
v -10165.02929688 1750.16406250 91.61621094
v 8275.40429688 92.03222656 91.61621094
v -1513.96093750 -36.19140625 91.61621094
v -73.91308594 5090.03027344 91.61621094
v -1286.30175781 -36.07031250 91.61621094
v 9641.36328125 1903.62500000 91.61621094
v 3949.87109375 -24.60253906 91.61621094
v -1058.64257812 -36.16015625 91.61621094
v 1673.27343750 -25.55566406 91.61621094
v -830.98242188 -36.01757812 91.61621094
v 8503.06445312 105.97460938 91.61621094
v 8730.72265625 119.74511719 91.61621094
v 8958.38281250 127.08984375 91.61621094
v -603.32226562 -35.79101562 91.61621094
v 6226.46679688 -3.31250000 91.61621094
v 9186.04296875 129.16601562 91.61621094
v -148.00390625 5122.17675781 91.61621094
v -3790.55859375 -32.70410156 91.61621094
v 6454.12695312 3.17089844 91.61621094
v 9413.70312500 148.25292969 91.61621094
v 10096.68164062 1941.00195312 91.61621094
v 307.31640625 2973.63574219 91.61621094
v 9641.36328125 179.28417969 91.61621094
v 6681.78710938 10.01171875 91.61621094
v 269.37695312 3041.09277344 91.61621094
v 9869.02148438 213.82910156 91.61621094
v 6909.44531250 18.67480469 91.61621094
v 10324.34179688 1966.56835938 91.61621094
v -6977.79345703 1826.99414062 91.61621094
v 534.97558594 2825.28027344 91.61621094
v 10096.68164062 251.71386719 91.61621094
v 7137.10546875 30.01464844 91.61621094
v 279.78027344 3268.75195312 91.61621094
v 10323.03710938 309.17675781 91.61621094
v 11007.32031250 434.56835938 91.61621094
v 10324.34179688 309.46777344 91.61621094
v 11234.98046875 475.58007812 91.61621094
v 214.97656250 3496.41113281 91.61621094
v 11462.64062500 499.23828125 91.61621094
v 3912.99218750 2358.11328125 91.61621094
v 10552.00000000 343.75097656 91.61621094
v 210.97851562 3724.07128906 91.61621094
v 11690.29882812 524.38476562 91.61621094
v 4632.84960938 2169.91699219 91.61621094
v 1217.95507812 2904.43261719 91.61621094
v 4522.57812500 2358.11328125 91.61621094
v 10779.66015625 385.93261719 91.61621094
v 1382.50390625 3041.09277344 91.61621094
v 4177.53125000 2511.76953125 91.61621094
v 1445.61425781 3136.20996094 91.61621094
v 4097.59765625 2585.77246094 91.61621094
v 11759.71679688 536.83593750 91.61621094
v 1526.52929688 3268.75195312 91.61621094
v 4177.53125000 2636.21386719 91.61621094
v 11917.95898438 560.53710938 91.61621094
v 8503.06445312 1902.51855469 91.61621094
v 1644.78125000 3496.41113281 91.61621094
v 4405.18945312 2422.31542969 91.61621094
v 12145.61914062 587.31054688 91.61621094
v 1673.27343750 3593.03222656 91.61621094
v 7592.42578125 2010.24023438 91.61621094
v 12373.27734375 630.20898438 91.61621094
v 5088.16796875 2118.04492188 91.61621094
v 12600.93750000 694.04980469 91.61621094
v 5078.39843750 2130.45410156 91.61621094
v 12775.60156250 764.49511719 91.61621094
v 4678.65625000 2358.11328125 91.61621094
v 203.61523438 3951.73144531 91.61621094
v 5042.67578125 2358.11328125 91.61621094
v 212.54687500 4179.39062500 91.61621094
v 5315.82812500 2008.94140625 91.61621094
v 202.58886719 4407.04980469 91.61621094
v 5388.00781250 2130.45410156 91.61621094
v 5542.09179688 2358.11328125 91.61621094
v 4637.08593750 2585.77246094 91.61621094
v 5016.27148438 2585.77246094 91.61621094
v 4860.50976562 2664.69824219 91.61621094
v -12669.28515625 81.51660156 45.25097656
v -12669.28515625 1902.79394531 -40.06054688
v 6226.46679688 2358.11328125 38.01855469
v -12669.28515625 536.83593750 29.70019531
v -2652.25976562 2130.45410156 49.62304688
v 8503.06445312 1902.79394531 83.63476562
v 12828.59765625 764.49511719 43.23632812
v 1673.27343750 3724.07128906 72.01269531
v 9186.04296875 1902.79394531 -58.24121094
v -830.98242188 3724.07128906 69.43359375
v -2196.94042969 2130.45410156 -117.57226562
v 990.29492188 2813.43261719 90.84765625
v 3722.21093750 2358.11328125 53.94726562
v 11690.29882812 1447.47460938 17.50195312
v -12441.62500000 81.51660156 53.01660156
v 1673.27343750 3951.73144531 -1.69042969
v -2196.94042969 2358.11328125 18.70214844
v 4632.84960938 2358.11328125 56.61328125
v 9641.36328125 1902.79394531 64.51953125
v 8275.40429688 81.51660156 54.72753906
v -1741.62109375 2358.11328125 53.04296875
v -12213.96582031 81.51660156 36.25195312
v 3039.23242188 2813.43261719 -53.40039062
v -10848.00781250 81.51660156 86.30468750
v -2196.94042969 2585.77246094 66.91015625
v 8503.06445312 81.51660156 -6.57714844
v 2583.91210938 3496.41113281 -54.17871094
v 4177.53125000 2585.77246094 51.60937500
v -11986.30664062 81.51660156 31.32910156
v 2583.91210938 3724.07128906 77.01562500
v 12373.27734375 1902.79394531 23.85937500
v -11758.64648438 81.51660156 28.59375000
v 4632.84960938 2585.77246094 87.12207031
v -603.32226562 4634.70996094 -36.61523438
v 8730.72265625 81.51660156 -88.97363281
v -11530.98632812 81.51660156 30.02832031
v 3722.21093750 3041.09277344 6.56835938
v -1969.28125000 2813.43261719 -20.90234375
v -11303.32714844 81.51660156 45.31347656
v 5088.16796875 2130.45410156 86.76074219
v 11917.95898438 536.83593750 52.78515625
v -1741.62109375 2813.43261719 66.86132812
v -11075.66796875 81.51660156 65.42187500
v -603.32226562 4862.37011719 -102.02148438
v 12145.61914062 536.83593750 2.72265625
v -1058.64257812 2813.43261719 66.44433594
v 5088.16796875 2358.11328125 84.12304688
v 10324.34179688 309.17675781 91.02539062
v -12213.96582031 309.17675781 90.50585938
v 5315.82812500 2130.45410156 -16.08300781
v -1286.30175781 2358.11328125 44.62011719
v -12441.62500000 536.83593750 63.57031250
v 2583.91210938 3951.73144531 10.37402344
v -12213.96582031 536.83593750 63.59277344
v -1286.30175781 2585.77246094 -31.46875000
v 5315.82812500 2358.11328125 -48.34277344
v -11986.30664062 309.17675781 89.83398438
v -11758.64648438 309.17675781 90.27343750
v -375.66308594 5090.03027344 37.65039062
v 5088.16796875 2585.77246094 51.94335938
v -11986.30664062 536.83593750 63.61816406
v 4177.53125000 3041.09277344 -75.45703125
v -11758.64648438 536.83593750 68.26171875
v 3949.87109375 3268.75195312 87.99121094
v -12441.62500000 764.49511719 -31.45312500
v 4177.53125000 3268.75195312 -51.56250000
v -12213.96582031 764.49511719 9.37890625
v -12213.96582031 992.15527344 4.23925781
v 3949.87109375 3496.41113281 -92.00488281
v -11986.30664062 764.49511719 29.26757812
v -11758.64648438 764.49511719 45.79785156
v 1445.61425781 3268.75195312 33.84472656
v -11986.30664062 992.15527344 31.07421875
v -11758.64648438 992.15527344 52.01757812
v -11530.98632812 536.83593750 81.09375000
v -11530.98632812 764.49511719 67.68945312
v -11530.98632812 992.15527344 74.94628906
v -12896.94531250 1447.47460938 -13.77148438
v -12896.94531250 1902.79394531 40.61718750
v -12441.62500000 1219.81542969 22.33789062
v -12213.96582031 1219.81542969 60.37890625
v -11986.30664062 1219.81542969 76.11523438
v -11758.64648438 1489.29101562 319.27539062
v -9937.36914062 1761.31738281 319.27539062
v -12669.28515625 1599.33789062 319.27539062
v -9709.70898438 1755.76757812 319.27539062
v -6750.13378906 1764.05175781 319.27539062
v -12686.04199219 1675.13378906 319.27539062
v 1900.93359375 -15.38867188 319.27539062
v -9482.04980469 1749.16308594 319.27539062
v -6522.47412109 1741.61914062 319.27539062
v -11530.98632812 1469.53906250 319.27539062
v 2128.59375000 -14.96972656 319.27539062
v -9254.39062500 1745.50390625 319.27539062
v -11324.51367188 1447.47460938 319.27539062
v 2048.18750000 2813.43261719 319.27539062
v -9026.73046875 1739.84570312 319.27539062
v -11758.64648438 1777.63183594 319.27539062
v 1960.00976562 3041.09277344 319.27539062
v -12669.28515625 1711.50878906 319.27539062
v 5998.80859375 2228.36230469 319.27539062
v -12441.62500000 1562.45312500 319.27539062
v -12213.96582031 1553.17871094 319.27539062
v 6226.46679688 2257.59472656 319.27539062
v 11007.32031250 1621.33691406 319.27539062
v -12441.62500000 1790.58593750 319.27539062
v 4177.53125000 -14.65625000 319.27539062
v 7820.08593750 1942.09667969 319.27539062
v 11234.98046875 1607.37597656 319.27539062
v -12213.96582031 1770.79980469 319.27539062
v 11462.64062500 1605.56054688 319.27539062
v 4405.18945312 -14.83593750 319.27539062
v -11530.98632812 1787.44628906 319.27539062
v 4632.84960938 -14.78710938 319.27539062
v 2356.25390625 -14.64746094 319.27539062
v 8047.74414062 1913.35449219 319.27539062
v 4860.50976562 -14.45703125 319.27539062
v -11303.32714844 1790.83398438 319.27539062
v -392.31347656 2813.43261719 319.27539062
v 8275.40429688 1908.49511719 319.27539062
v 2583.91210938 -14.72460938 319.27539062
v 5088.16796875 -13.83398438 319.27539062
v 2811.57226562 -15.10351562 319.27539062
v 8503.06445312 1904.13085938 319.27539062
v 11690.29882812 1634.37890625 319.27539062
v -11075.66796875 1789.41699219 319.27539062
v 3039.23242188 -15.22558594 319.27539062
v 8590.38085938 1902.79394531 319.27539062
v 11888.43164062 1675.13378906 319.27539062
v -10848.00781250 1785.66015625 319.27539062
v 3266.89062500 -15.20800781 319.27539062
v 2356.25390625 2821.84960938 319.27539062
v -466.52050781 3041.09277344 319.27539062
v 8943.47656250 1902.79394531 319.27539062
v -8799.07031250 1735.67187500 319.27539062
v 6454.12695312 2231.99609375 319.27539062
v 11917.95898438 1685.25683594 319.27539062
v 5315.82812500 -11.31347656 319.27539062
v -11986.30664062 1519.71777344 319.27539062
v 5543.48828125 -6.80175781 319.27539062
v 12757.99414062 992.15527344 319.27539062
v 6681.78710938 2098.31250000 319.27539062
v -11986.30664062 1767.26660156 319.27539062
v 5771.14843750 -1.35937500 319.27539062
v -11303.32714844 1440.25195312 319.27539062
v -11075.66796875 1361.77148438 319.27539062
v 3494.55078125 -14.88671875 319.27539062
v -9254.39062500 73.69140625 319.27539062
v -6294.81445312 1778.52734375 319.27539062
v 5998.80859375 4.57226562 319.27539062
v -9329.78515625 81.51660156 319.27539062
v 3722.21093750 -14.65332031 319.27539062
v -9026.73046875 54.32812500 319.27539062
v 6226.46679688 11.10546875 319.27539062
v 12828.59765625 1071.53417969 319.27539062
v 6638.09570312 2130.45410156 319.27539062
v 12145.61914062 1710.60742188 319.27539062
v 762.63476562 2304.50195312 319.27539062
v -10165.02929688 295.13281250 319.27539062
v 683.75683594 2358.11328125 319.27539062
v -375.66308594 -22.58496094 319.27539062
v -148.00390625 -23.02734375 319.27539062
v -10188.47460938 309.17675781 319.27539062
v 79.65625000 -23.09472656 319.27539062
v -9937.36914062 195.88964844 319.27539062
v 6454.12695312 19.01171875 319.27539062
v 12373.27734375 1704.64160156 319.27539062
v 6681.78710938 28.26855469 319.27539062
v -10282.27734375 536.83593750 319.27539062
v -10280.73828125 764.49511719 319.27539062
v -2879.91992188 1838.57714844 319.27539062
v -10378.08593750 992.15527344 319.27539062
v 12600.93750000 1696.69921875 319.27539062
v -2967.45117188 1902.79394531 319.27539062
v 8958.38281250 1903.87597656 319.27539062
v 2242.85937500 3041.09277344 319.27539062
v -10848.00781250 1302.30468750 319.27539062
v 12828.59765625 1733.84179688 319.27539062
v -603.32226562 3122.75097656 319.27539062
v 9149.48437500 1902.79394531 319.27539062
v -9709.70898438 138.80566406 319.27539062
v 6909.44531250 1953.75781250 319.27539062
v -683.88476562 3268.75195312 319.27539062
v 6909.44531250 38.30273438 319.27539062
v -9482.04980469 99.83789062 319.27539062
v 12939.38867188 1219.81542969 319.27539062
v 9186.04296875 1902.28515625 319.27539062
v -603.32226562 3473.86523438 319.27539062
v 7137.10546875 1909.66308594 319.27539062
v 13044.80468750 1447.47460938 319.27539062
v -8799.07031250 38.38671875 319.27539062
v 9413.70312500 1900.91601562 319.27539062
v 7137.10546875 51.39648438 319.27539062
v 7364.76562500 1911.75000000 319.27539062
v 990.29492188 2333.56445312 319.27539062
v 2128.59375000 3118.46093750 319.27539062
v 13056.25781250 1648.75195312 319.27539062
v -6071.62109375 1902.79394531 319.27539062
v 307.31640625 2806.37207031 319.27539062
v 7364.76562500 66.42675781 319.27539062
v 297.52148438 2813.43261719 319.27539062
v 7592.42578125 80.45996094 319.27539062
v -6067.15429688 1906.38476562 319.27539062
v -8571.41113281 26.08300781 319.27539062
v -544.73828125 3496.41113281 319.27539062
v -5839.49511719 2042.65527344 319.27539062
v -8343.75195312 20.14648438 319.27539062
v 3722.21093750 2158.66796875 319.27539062
v 9641.36328125 1901.83398438 319.27539062
v 534.97558594 2616.17578125 319.27539062
v 3949.87109375 2303.72656250 319.27539062
v -8116.09179688 18.74511719 319.27539062
v 7607.60156250 81.51660156 319.27539062
v -8571.41113281 1733.88769531 319.27539062
v -7888.43212891 14.44335938 319.27539062
v -5611.83593750 2083.65136719 319.27539062
v 13071.26367188 1675.13378906 319.27539062
v -2652.25976562 1841.51464844 319.27539062
v -7660.77246094 9.40527344 319.27539062
v 576.88867188 2585.77246094 319.27539062
v 13056.25781250 1698.17089844 319.27539062
v 1017.95214844 2358.11328125 319.27539062
v -2424.59960938 1867.99023438 319.27539062
v -5384.17578125 2085.64453125 319.27539062
v -7433.11279297 3.26367188 319.27539062
v 9869.02148438 1899.47949219 319.27539062
v 1066.16113281 2585.77246094 319.27539062
v -7205.45312500 -2.54394531 319.27539062
v -2196.94042969 1884.58398438 319.27539062
v 1217.95507812 2655.08496094 319.27539062
v -8343.75195312 1736.46093750 319.27539062
v -2084.86230469 1902.79394531 319.27539062
v -10620.34765625 1215.97949219 319.27539062
v 2583.91210938 3011.90136719 319.27539062
v -4701.19726562 1764.93261719 319.27539062
v -2879.91992188 1931.72070312 319.27539062
v -10625.63281250 1219.81542969 319.27539062
v 2586.75195312 3041.09277344 319.27539062
v -4859.54199219 1902.79394531 319.27539062
v -2866.96777344 2130.45410156 319.27539062
v -8116.09179688 1734.65429688 319.27539062
v 2811.57226562 3153.15527344 319.27539062
v -10392.68847656 1012.10351562 319.27539062
v -2717.16015625 2358.11328125 319.27539062
v 3993.38671875 2358.11328125 319.27539062
v 2918.36523438 2813.43261719 319.27539062
v 7820.08593750 95.49511719 319.27539062
v 2947.37695312 3041.09277344 319.27539062
v -7888.43212891 1733.92675781 319.27539062
v -3562.89843750 2436.52636719 319.27539062
v 1445.61425781 2725.94042969 319.27539062
v 9919.44531250 1902.79394531 319.27539062
v 8047.74414062 108.68066406 319.27539062
v 4632.84960938 1971.20898438 319.27539062
v 1900.93359375 2572.37402344 319.27539062
v 8275.40429688 122.15722656 319.27539062
v 1859.06250000 2585.77246094 319.27539062
v 4462.56250000 2130.45410156 319.27539062
v -7660.77246094 1742.04101562 319.27539062
v 1673.27343750 2703.46484375 319.27539062
v -10620.34765625 1780.77050781 319.27539062
v 3252.82421875 2813.43261719 319.27539062
v -7433.11279297 1761.41894531 319.27539062
v 8503.06445312 139.82910156 319.27539062
v 1944.82226562 2585.77246094 319.27539062
v 10552.00000000 1775.67382812 319.27539062
v 8730.72265625 154.92089844 319.27539062
v 3266.89062500 2830.49414062 319.27539062
v 10386.78906250 1902.79394531 319.27539062
v 3039.23242188 2329.16601562 319.27539062
v -10392.68847656 1773.29980469 319.27539062
v 2860.90039062 2358.11328125 319.27539062
v 3494.55078125 2936.95605469 319.27539062
v 3182.15820312 2358.11328125 319.27539062
v -475.70507812 3724.07128906 319.27539062
v 79.65625000 3444.30468750 319.27539062
v -7205.45312500 1775.61035156 319.27539062
v -0.46679688 3496.41113281 319.27539062
v 3672.34570312 2813.43261719 319.27539062
v 79.65625000 3610.31933594 319.27539062
v -6977.79345703 -7.95117188 319.27539062
v -6750.13378906 -11.39160156 319.27539062
v -375.66308594 3805.12011719 319.27539062
v -6522.47412109 -12.85351562 319.27539062
v -375.66308594 4166.15917969 319.27539062
v -10165.02929688 1768.79003906 319.27539062
v -6294.81445312 -13.13574219 319.27539062
v -406.37597656 4179.39062500 319.27539062
v -6067.15429688 -12.99804688 319.27539062
v -303.08691406 3951.73144531 319.27539062
v -5839.49511719 -12.50976562 319.27539062
v 79.65625000 3821.40039062 319.27539062
v -8.50000000 3951.73144531 319.27539062
v -5611.83593750 -12.66210938 319.27539062
v 6.46875000 4179.39062500 319.27539062
v 3506.69140625 2358.11328125 319.27539062
v -5384.17578125 -12.73437500 319.27539062
v -375.66308594 4370.62890625 319.27539062
v 4405.18945312 2273.79882812 319.27539062
v 2896.29101562 2585.77246094 319.27539062
v -357.30664062 4407.04980469 319.27539062
v 4339.60742188 2358.11328125 319.27539062
v 3261.99609375 2585.77246094 319.27539062
v 8958.38281250 159.07128906 319.27539062
v 50.10058594 4407.04980469 319.27539062
v 4177.53125000 2396.23535156 319.27539062
v -5156.51562500 -12.99511719 319.27539062
v -148.00390625 4444.45996094 319.27539062
v 9186.04296875 147.32519531 319.27539062
v 3616.25585938 2585.77246094 319.27539062
v -4928.85644531 -14.13378906 319.27539062
v 4860.50976562 1972.01855469 319.27539062
v -3335.23828125 2432.92675781 319.27539062
v 9413.70312500 154.83886719 319.27539062
v 5088.16796875 1931.99609375 319.27539062
v 10851.70117188 1675.13378906 319.27539062
v 9641.36328125 183.10351562 319.27539062
v 3949.87109375 -14.54199219 319.27539062
v -148.00390625 4647.27636719 319.27539062
v 10779.66015625 1716.32128906 319.27539062
v -274.21191406 4862.37011719 319.27539062
v 5315.82812500 1949.48828125 319.27539062
v -3107.57910156 2440.55468750 319.27539062
v 5475.39843750 2130.45410156 319.27539062
v 72.47753906 4862.37011719 319.27539062
v -2879.91992188 2467.42187500 319.27539062
v 5543.48828125 2200.84863281 319.27539062
v 10096.68164062 1916.68554688 319.27539062
v -148.00390625 5032.44433594 319.27539062
v 9869.02148438 248.62011719 319.27539062
v 98.38867188 3041.09277344 319.27539062
v 10094.65039062 309.17675781 319.27539062
v 245.86035156 3268.75195312 319.27539062
v 10096.68164062 309.64550781 319.27539062
v -1969.28125000 1951.43359375 319.27539062
v 95.84277344 3724.07128906 319.27539062
v 10324.34179688 351.06347656 319.27539062
v 5771.14843750 2206.04199219 319.27539062
v 10552.00000000 356.78417969 319.27539062
v -1835.72070312 2130.45410156 319.27539062
v 10779.66015625 417.10839844 319.27539062
v -1741.62109375 2218.34277344 319.27539062
v 11007.32031250 503.49707031 319.27539062
v -1513.96093750 2109.71875000 319.27539062
v 8730.72265625 1901.97070312 319.27539062
v 10324.34179688 1922.87890625 319.27539062
v -1522.10742188 2130.45410156 319.27539062
v -1286.30175781 1934.03613281 319.27539062
v 7592.42578125 1922.66699219 319.27539062
v -4701.19726562 -14.89062500 319.27539062
v -1087.36523438 2130.45410156 319.27539062
v 11146.00585938 536.83593750 319.27539062
v -1058.64257812 2211.10156250 319.27539062
v -4473.53710938 -15.22363281 319.27539062
v -970.60058594 2358.11328125 319.27539062
v -4245.87695312 -16.45605469 319.27539062
v 11234.98046875 553.12792969 319.27539062
v -830.98242188 2422.87597656 319.27539062
v -4018.21777344 -17.13671875 319.27539062
v 11462.64062500 588.72558594 319.27539062
v -3790.55859375 -17.51757812 319.27539062
v -603.32226562 2456.88476562 319.27539062
v 11690.29882812 624.44140625 319.27539062
v -3562.89843750 -17.86914062 319.27539062
v -453.57324219 2585.77246094 319.27539062
v 11917.95898438 659.91113281 319.27539062
v -6977.79345703 1795.04589844 319.27539062
v 12145.61914062 698.41210938 319.27539062
v 307.31640625 -23.11425781 319.27539062
v 12373.27734375 750.37695312 319.27539062
v 534.97558594 -23.06640625 319.27539062
v 12412.49218750 764.49511719 319.27539062
v 762.63476562 -22.74707031 319.27539062
v 12600.93750000 859.77929688 319.27539062
v 990.29492188 -21.58007812 319.27539062
v 1217.95507812 -19.78417969 319.27539062
v -4473.53710938 1730.18457031 319.27539062
v 1445.61425781 -17.89453125 319.27539062
v 1673.27343750 -16.27246094 319.27539062
v -4245.87695312 1766.04003906 319.27539062
v -4116.27832031 1902.79394531 319.27539062
v -5156.51562500 2101.35351562 319.27539062
v -4928.85644531 2079.51269531 319.27539062
v -4054.85546875 2130.45410156 319.27539062
v -4018.21777344 2201.03417969 319.27539062
v -3855.05371094 2358.11328125 319.27539062
v -3790.55859375 2391.29199219 319.27539062
v -3335.23828125 -18.26074219 319.27539062
v -3107.57910156 -18.82031250 319.27539062
v -2879.91992188 -19.41308594 319.27539062
v -2652.25976562 -19.95117188 319.27539062
v -2424.59960938 -20.86621094 319.27539062
v -2196.94042969 -21.59277344 319.27539062
v -1969.28125000 -22.07714844 319.27539062
v -1741.62109375 -22.21093750 319.27539062
v -1513.96093750 -22.15917969 319.27539062
v -1286.30175781 -22.26953125 319.27539062
v -1058.64257812 -22.33984375 319.27539062
v -830.98242188 -22.20507812 319.27539062
v -603.32226562 -22.17480469 319.27539062
v -11758.64648438 1447.47460938 255.43554688
v -12669.28515625 309.17675781 95.26855469
v -11530.98632812 1447.47460938 280.69824219
v -5839.49511719 2130.45410156 132.83105469
v 5998.80859375 2358.11328125 93.65820312
v 12828.59765625 992.15527344 279.37695312
v -830.98242188 3268.75195312 164.07812500
v 8503.06445312 1902.79394531 285.08105469
v -5611.83593750 2130.45410156 251.25488281
v -830.98242188 3496.41113281 155.25976562
v 762.63476562 2358.11328125 274.81445312
v -10620.34765625 81.51660156 113.25585938
v 13056.25781250 992.15527344 95.18554688
v 8730.72265625 1902.79394531 141.67187500
v -830.98242188 2813.43261719 107.88671875
v -10392.68847656 81.51660156 143.39160156
v 3949.87109375 2358.11328125 248.15917969
v -603.32226562 2813.43261719 191.45996094
v -2879.91992188 1902.79394531 189.76855469
v -830.98242188 3041.09277344 91.70410156
v -10165.02929688 81.51660156 177.05273438
v 990.29492188 2358.11328125 303.13769531
v -603.32226562 3041.09277344 256.72949219
v 5543.48828125 2358.11328125 93.55957031
v -2196.94042969 1902.79394531 161.04003906
v 307.31640625 2813.43261719 313.34765625
v -603.32226562 3496.41113281 301.94824219
v 534.97558594 2813.43261719 113.33007812
v -9937.36914062 81.51660156 211.76757812
v -12441.62500000 309.17675781 102.29589844
v 762.63476562 2585.77246094 239.43847656
v 1900.93359375 3724.07128906 157.56640625
v -2652.25976562 2358.11328125 213.93164062
v -5384.17578125 2130.45410156 283.47265625
v 1900.93359375 3951.73144531 152.80859375
v 990.29492188 2585.77246094 292.75292969
v -11530.98632812 309.17675781 100.71386719
v 5771.14843750 2358.11328125 130.00683594
v -603.32226562 3724.07128906 274.45996094
v -9709.70898438 81.51660156 245.27246094
v 11007.32031250 1447.47460938 181.27636719
v 9186.04296875 1902.79394531 92.33496094
v 1217.95507812 2813.43261719 178.31152344
v 4632.84960938 2130.45410156 116.34277344
v 4405.18945312 2358.11328125 257.39843750
v 1445.61425781 2813.43261719 235.01269531
v 9641.36328125 1902.79394531 296.94531250
v 1900.93359375 2585.77246094 310.62207031
v 1900.93359375 2813.43261719 301.24609375
v 10552.00000000 1447.47460938 182.08398438
v 79.65625000 3496.41113281 291.98144531
v -11303.32714844 309.17675781 128.80273438
v 6681.78710938 2130.45410156 279.72070312
v 1900.93359375 3041.09277344 293.97558594
v 1673.27343750 2813.43261719 267.87890625
v -11303.32714844 536.83593750 112.95214844
v 11234.98046875 1447.47460938 162.75390625
v -4245.87695312 1902.79394531 113.24023438
v -11075.66796875 309.17675781 166.84082031
v 2811.57226562 2813.43261719 152.44921875
v 7820.08593750 81.51660156 202.11621094
v 2356.25390625 3041.09277344 264.83203125
v -9482.04980469 81.51660156 288.94335938
v -5156.51562500 2130.45410156 301.14941406
v 3039.23242188 2358.11328125 283.25585938
v 8047.74414062 81.51660156 118.21679688
v -10848.00781250 309.17675781 203.06054688
v -4928.85644531 2130.45410156 289.10839844
v -603.32226562 3951.73144531 201.95410156
v 3039.23242188 2585.77246094 243.41992188
v -375.66308594 3951.73144531 296.90429688
v 10779.66015625 1447.47460938 188.05566406
v -603.32226562 4179.39062500 221.40820312
v 10552.00000000 1675.13378906 248.94140625
v 10096.68164062 309.17675781 317.87500000
v -11075.66796875 536.83593750 158.69824219
v 10779.66015625 1675.13378906 294.57617188
v 79.65625000 3951.73144531 279.56445312
v -10848.00781250 536.83593750 204.55957031
v -10620.34765625 309.17675781 239.68359375
v -11303.32714844 764.49511719 96.84570312
v -10392.68847656 309.17675781 279.43750000
v -11303.32714844 992.15527344 114.48925781
v -10620.34765625 536.83593750 249.01367188
v -4018.21777344 2358.11328125 112.42871094
v -11075.66796875 764.49511719 145.26171875
v 11234.98046875 536.83593750 275.52832031
v 11462.64062500 1447.47460938 151.85546875
v 3722.21093750 2585.77246094 102.77148438
v 11462.64062500 536.83593750 189.51269531
v -10848.00781250 764.49511719 194.45410156
v 1900.93359375 3268.75195312 182.59667969
v 2128.59375000 3268.75195312 243.79785156
v 11690.29882812 536.83593750 116.89160156
v 79.65625000 4179.39062500 265.88085938
v -1969.28125000 2130.45410156 166.15136719
v 3949.87109375 2585.77246094 128.96582031
v 11917.95898438 1675.13378906 286.69238281
v -603.32226562 4407.04980469 233.19042969
v 13056.25781250 1219.81542969 230.31835938
v -375.66308594 4407.04980469 311.69042969
v 2356.25390625 3268.75195312 174.46289062
v 13056.25781250 1447.47460938 309.39453125
v -375.66308594 4634.70996094 106.61718750
v 2811.57226562 3041.09277344 187.84375000
v -11075.66796875 992.15527344 163.93554688
v -10848.00781250 992.15527344 213.23535156
v 1900.93359375 3496.41113281 150.20019531
v -12669.28515625 1447.47460938 173.69628906
v 2128.59375000 3496.41113281 162.96093750
v -12896.94531250 1675.13378906 221.27734375
v -10392.68847656 536.83593750 296.00097656
v 79.65625000 4407.04980469 301.37792969
v 2356.25390625 3496.41113281 145.51855469
v -148.00390625 4634.70996094 220.74121094
v 2128.59375000 3724.07128906 167.37304688
v -1969.28125000 2358.11328125 139.71972656
v 2356.25390625 3724.07128906 170.47265625
v -375.66308594 4862.37011719 165.57128906
v -10620.34765625 764.49511719 244.15722656
v 12600.93750000 764.49511719 220.62304688
v -10392.68847656 764.49511719 293.86816406
v -148.00390625 5090.03027344 159.12207031
v 3722.21093750 2813.43261719 192.83007812
v -10620.34765625 992.15527344 265.21777344
v -1969.28125000 2585.77246094 143.24902344
v 2128.59375000 3951.73144531 150.02050781
v 3949.87109375 2813.43261719 195.47558594
v -1741.62109375 2585.77246094 106.49414062
v -12441.62500000 1447.47460938 209.30175781
v 4177.53125000 2813.43261719 187.78808594
v 2356.25390625 3951.73144531 124.49023438
v -12213.96582031 1447.47460938 217.67187500
v -1286.30175781 2130.45410156 99.23046875
v 1445.61425781 3041.09277344 127.59082031
v 4860.50976562 2130.45410156 165.80078125
v -10392.68847656 992.15527344 316.11230469
v -11758.64648438 1219.81542969 98.69726562
v 1673.27343750 3041.09277344 200.32910156
v 4860.50976562 2358.11328125 105.49707031
v -11986.30664062 1447.47460938 233.28320312
v 3949.87109375 3041.09277344 198.14160156
v 1673.27343750 3268.75195312 150.58496094
v -1058.64257812 2358.11328125 247.28808594
v 4860.50976562 2585.77246094 131.38769531
v 1673.27343750 3496.41113281 107.58105469
v -11530.98632812 1219.81542969 135.72265625
v -1058.64257812 2585.77246094 105.00585938
v -11303.32714844 1219.81542969 181.00195312
v -830.98242188 2585.77246094 141.65429688
v -10848.00781250 1219.81542969 269.95898438
v -11075.66796875 1219.81542969 230.03125000
v -603.32226562 2585.77246094 222.00488281
v -8116.09179688 1742.36035156 546.93457031
v -5384.17578125 1777.04980469 546.93457031
v -9026.73046875 253.08789062 546.93457031
v -246.58105469 2813.43261719 546.93457031
v -7888.43212891 1741.66015625 546.93457031
v 79.65625000 4658.57910156 546.93457031
v 2356.25390625 -6.67578125 546.93457031
v -148.00390625 2856.42089844 546.93457031
v -7660.77246094 1738.57421875 546.93457031
v 107.61132812 4862.37011719 546.93457031
v -5.87597656 2813.43261719 546.93457031
v 2583.91210938 -6.16699219 546.93457031
v 2811.57226562 -6.07910156 546.93457031
v -7433.11279297 1735.77539062 546.93457031
v -148.00390625 4694.44824219 546.93457031
v 11007.32031250 1804.40722656 546.93457031
v 3039.23242188 -5.94140625 546.93457031
v 11234.98046875 1773.29785156 546.93457031
v -7205.45312500 1740.99218750 546.93457031
v 11462.64062500 1752.67871094 546.93457031
v -3107.57910156 1830.05273438 546.93457031
v 11649.82226562 1902.79394531 546.93457031
v -241.28027344 4862.37011719 546.93457031
v 3266.89062500 -5.45410156 546.93457031
v 12261.96289062 992.15527344 546.93457031
v -148.00390625 5012.69824219 546.93457031
v 12373.27734375 1071.62695312 546.93457031
v 79.65625000 4900.37988281 546.93457031
v 7364.76562500 1908.53320312 546.93457031
v 4632.84960938 -3.63183594 546.93457031
v -9146.44335938 309.17675781 546.93457031
v 12484.93359375 1219.81542969 546.93457031
v 7592.42578125 1907.36230469 546.93457031
v 3494.55078125 -5.04199219 546.93457031
v 6454.12695312 1977.33789062 546.93457031
v 7820.08593750 1904.04199219 546.93457031
v 4860.50976562 -2.70019531 546.93457031
v 12573.96289062 1447.47460938 546.93457031
v -2879.91992188 1820.00097656 546.93457031
v 7845.82812500 1902.79394531 546.93457031
v 5088.16796875 -1.55371094 546.93457031
v 12373.27734375 1636.34472656 546.93457031
v -2652.25976562 1846.27050781 546.93457031
v 8107.67187500 1902.79394531 546.93457031
v 12231.83593750 1675.13378906 546.93457031
v 8275.40429688 1907.75097656 546.93457031
v 12152.10351562 1902.79394531 546.93457031
v -2424.59960938 1870.21191406 546.93457031
v 5315.82812500 1.67773438 546.93457031
v 3722.21093750 -5.02246094 546.93457031
v 8503.06445312 1908.31542969 546.93457031
v -7205.45312500 33.14160156 546.93457031
v 5543.48828125 7.12109375 546.93457031
v 11672.01757812 2130.45410156 546.93457031
v 8730.72265625 1907.25195312 546.93457031
v 6681.78710938 1924.62890625 546.93457031
v -6977.79345703 25.30859375 546.93457031
v 8958.38281250 1907.30078125 546.93457031
v 6861.56640625 1902.79394531 546.93457031
v -6750.13378906 19.01269531 546.93457031
v -5156.51562500 1787.38574219 546.93457031
v -4928.85644531 1854.26367188 546.93457031
v -9254.39062500 419.85156250 546.93457031
v 11690.29882812 2145.93164062 546.93457031
v -4701.19726562 1747.39160156 546.93457031
v 11917.95898438 2237.93261719 546.93457031
v -4473.53710938 1727.48925781 546.93457031
v 5771.14843750 14.24902344 546.93457031
v 12216.64843750 2130.45410156 546.93457031
v 9186.04296875 1903.41015625 546.93457031
v -4245.87695312 1732.10351562 546.93457031
v 12145.61914062 2201.75488281 546.93457031
v 5998.80859375 21.08398438 546.93457031
v -4018.21777344 1773.95507812 546.93457031
v -6522.47412109 14.98535156 546.93457031
v 9413.70312500 1900.07324219 546.93457031
v 7122.78906250 1902.79394531 546.93457031
v 9228.74414062 1902.79394531 546.93457031
v -9315.00781250 536.83593750 546.93457031
v 7137.10546875 1915.65527344 546.93457031
v 9641.36328125 1894.93066406 546.93457031
v -9347.18164062 764.49511719 546.93457031
v 9869.02148438 1889.29785156 546.93457031
v -6294.81445312 12.79980469 546.93457031
v -9435.62597656 992.15527344 546.93457031
v -3790.55859375 1890.34375000 546.93457031
v -6067.15429688 11.49316406 546.93457031
v -3771.99414062 1902.79394531 546.93457031
v 10096.68164062 1881.00097656 546.93457031
v 6226.46679688 28.77929688 546.93457031
v 7364.76562500 89.24804688 546.93457031
v -2196.94042969 1889.55468750 546.93457031
v 6454.12695312 36.65917969 546.93457031
v -8116.09179688 78.96582031 546.93457031
v 7592.42578125 96.96972656 546.93457031
v 10324.34179688 1875.50976562 546.93457031
v -1993.10937500 1902.79394531 546.93457031
v 6681.78710938 46.11132812 546.93457031
v 10552.00000000 1845.93847656 546.93457031
v 534.97558594 2289.27832031 546.93457031
v 6909.44531250 57.86035156 546.93457031
v 7820.08593750 98.20605469 546.93457031
v 10779.66015625 1829.46972656 546.93457031
v -8148.82128906 81.51660156 546.93457031
v 407.87402344 2358.11328125 546.93457031
v 7137.10546875 72.53417969 546.93457031
v -3562.89843750 2036.40234375 546.93457031
v -7888.43212891 64.16015625 546.93457031
v 762.63476562 2241.90820312 546.93457031
v 7251.55859375 81.51660156 546.93457031
v -7660.77246094 51.02832031 546.93457031
v 990.29492188 2251.17187500 546.93457031
v 11007.32031250 611.52441406 546.93457031
v 11234.98046875 670.24316406 546.93457031
v -7433.11279297 40.72363281 546.93457031
v 4177.53125000 2024.41601562 546.93457031
v 11462.64062500 720.90234375 546.93457031
v 11641.95507812 764.49511719 546.93457031
v 11690.29882812 777.89453125 546.93457031
v -5839.49511719 11.49121094 546.93457031
v 11917.95898438 848.61523438 546.93457031
v -5611.83593750 10.59277344 546.93457031
v 12145.61914062 938.16503906 546.93457031
v 8047.74414062 109.02832031 546.93457031
v -5384.17578125 8.04394531 546.93457031
v 8275.40429688 128.77343750 546.93457031
v -3562.89843750 -2.85058594 546.93457031
v -8799.07031250 176.19726562 546.93457031
v -5156.51562500 5.79492188 546.93457031
v -3335.23828125 -4.11816406 546.93457031
v 8503.06445312 161.42480469 546.93457031
v -4928.85644531 4.07324219 546.93457031
v -3107.57910156 -4.94238281 546.93457031
v 8730.72265625 186.76660156 546.93457031
v -4701.19726562 2.30957031 546.93457031
v -2879.91992188 -5.74121094 546.93457031
v -8571.41113281 127.37011719 546.93457031
v 8958.38281250 206.08789062 546.93457031
v -8343.75195312 98.19335938 546.93457031
v -2652.25976562 -6.67089844 546.93457031
v 9186.04296875 229.35449219 546.93457031
v 307.31640625 2448.56445312 546.93457031
v -2424.59960938 -7.73730469 546.93457031
v -9937.36914062 1356.90820312 546.93457031
v 120.79980469 2585.77246094 546.93457031
v -2196.94042969 -8.47460938 546.93457031
v 9413.70312500 266.26074219 546.93457031
v 3975.98828125 2130.45410156 546.93457031
v 79.65625000 2633.14941406 546.93457031
v 3722.21093750 2281.43750000 546.93457031
v -1969.28125000 -9.06933594 546.93457031
v 3949.87109375 2152.42675781 546.93457031
v -1741.62109375 -9.17089844 546.93457031
v 9629.64843750 309.17675781 546.93457031
v 4405.18945312 1935.37695312 546.93457031
v 1217.95507812 2266.19042969 546.93457031
v 9641.36328125 311.68750000 546.93457031
v 4632.84960938 1911.93066406 546.93457031
v -10106.01855469 1447.47460938 546.93457031
v 1387.16699219 2358.11328125 546.93457031
v 9869.02148438 368.40234375 546.93457031
v -10392.68847656 1486.26074219 546.93457031
v 4860.50976562 1922.90625000 546.93457031
v -10484.23632812 1675.13378906 546.93457031
v 1445.61425781 2463.50976562 546.93457031
v 5088.16796875 1916.86328125 546.93457031
v 10096.68164062 416.08886719 546.93457031
v -10392.68847656 1693.80175781 546.93457031
v 5315.82812500 1921.32617188 546.93457031
v 1673.27343750 2408.02832031 546.93457031
v 10324.34179688 461.30371094 546.93457031
v 5543.48828125 1991.84472656 546.93457031
v 1900.93359375 2419.50000000 546.93457031
v -10165.02929688 1450.10156250 546.93457031
v -10165.02929688 1732.16601562 546.93457031
v -1513.96093750 -9.18554688 546.93457031
v -9937.36914062 1766.20800781 546.93457031
v -1286.30175781 -9.36035156 546.93457031
v -3335.23828125 1918.18164062 546.93457031
v -1058.64257812 -9.58105469 546.93457031
v -9482.04980469 1062.02441406 546.93457031
v -3318.02636719 1902.79394531 546.93457031
v -4473.53710938 1.18945312 546.93457031
v -830.98242188 -9.72851562 546.93457031
v -1969.28125000 1904.78613281 546.93457031
v -4245.87695312 0.01562500 546.93457031
v -603.32226562 -9.87890625 546.93457031
v -1741.62109375 1937.41503906 546.93457031
v -9627.19335938 1219.81542969 546.93457031
v -375.66308594 -10.05859375 546.93457031
v -4018.21777344 -0.75195312 546.93457031
v -9709.70898438 1257.57031250 546.93457031
v -148.00390625 -10.50683594 546.93457031
v -1513.96093750 1935.86328125 546.93457031
v -3790.55859375 -1.70605469 546.93457031
v 79.65625000 -10.60351562 546.93457031
v -9709.70898438 1761.91406250 546.93457031
v -1286.30175781 1910.99609375 546.93457031
v 2583.91210938 2278.77343750 546.93457031
v -6977.79345703 1744.55273438 546.93457031
v 10552.00000000 502.01660156 546.93457031
v 2542.05273438 2358.11328125 546.93457031
v 10719.33789062 536.83593750 546.93457031
v 2811.57226562 2222.04394531 546.93457031
v -9482.04980469 1753.97460938 546.93457031
v -6750.13378906 1734.08496094 546.93457031
v -1058.64257812 1921.26464844 546.93457031
v -9254.39062500 1748.70605469 546.93457031
v 10779.66015625 550.03906250 546.93457031
v 2128.59375000 2526.63867188 546.93457031
v -6522.47412109 1725.30175781 546.93457031
v -9026.73046875 1748.69335938 546.93457031
v 2356.25390625 2478.83105469 546.93457031
v 6909.44531250 1901.25390625 546.93457031
v 8047.74414062 1901.68066406 546.93457031
v -6294.81445312 1730.25878906 546.93457031
v -8799.07031250 1746.70898438 546.93457031
v -830.98242188 2021.26660156 546.93457031
v 3039.23242188 2280.88574219 546.93457031
v -6067.15429688 1751.04003906 546.93457031
v 5771.14843750 1931.27734375 546.93457031
v -750.35449219 2130.45410156 546.93457031
v 3266.89062500 2219.57617188 546.93457031
v 5998.80859375 1956.02929688 546.93457031
v -603.32226562 2333.42675781 546.93457031
v -8571.41113281 1744.33203125 546.93457031
v 6226.46679688 1989.01660156 546.93457031
v -553.52343750 2358.11328125 546.93457031
v 3494.55078125 2228.74121094 546.93457031
v -5839.49511719 1799.82324219 546.93457031
v -375.66308594 2438.65527344 546.93457031
v -318.64453125 2585.77246094 546.93457031
v -8343.75195312 1742.54687500 546.93457031
v 3949.87109375 -4.86035156 546.93457031
v 4177.53125000 -4.72656250 546.93457031
v 4405.18945312 -4.35546875 546.93457031
v -5611.83593750 1809.43066406 546.93457031
v 307.31640625 -10.56640625 546.93457031
v 534.97558594 -10.86035156 546.93457031
v 762.63476562 -11.15039062 546.93457031
v 990.29492188 -11.12988281 546.93457031
v 1217.95507812 -10.41406250 546.93457031
v 1445.61425781 -8.98925781 546.93457031
v 1673.27343750 -7.46191406 546.93457031
v 1900.93359375 -6.87109375 546.93457031
v 2128.59375000 -6.92382812 546.93457031
v -9937.36914062 309.17675781 373.83691406
v -5839.49511719 1902.79394531 437.94628906
v -3107.57910156 1902.79394531 445.17871094
v -12669.28515625 1675.13378906 324.59570312
v -5611.83593750 1902.79394531 458.29589844
v 6454.12695312 2130.45410156 412.54589844
v -9709.70898438 309.17675781 423.07812500
v -375.66308594 2813.43261719 336.06738281
v 534.97558594 2358.11328125 453.41308594
v -3562.89843750 2130.45410156 521.11035156
v -9482.04980469 309.17675781 472.67871094
v 7364.76562500 81.51660156 468.47070312
v 6909.44531250 1902.79394531 530.90332031
v 11007.32031250 1675.13378906 385.51562500
v -9937.36914062 536.83593750 402.13476562
v 307.31640625 2585.77246094 479.76855469
v 8047.74414062 1902.79394531 476.36816406
v -375.66308594 3041.09277344 353.04101562
v -5384.17578125 1902.79394531 422.90625000
v -12441.62500000 1675.13378906 347.24511719
v -9709.70898438 536.83593750 454.79394531
v 4177.53125000 2130.45410156 486.63183594
v -9482.04980469 536.83593750 507.20703125
v 8730.72265625 1902.79394531 390.89453125
v -9254.39062500 81.51660156 331.32128906
v 9186.04296875 1902.79394531 496.39062500
v 2811.57226562 2813.43261719 477.83593750
v -9254.39062500 309.17675781 522.33691406
v 10096.68164062 1902.79394531 409.21777344
v 2811.57226562 3041.09277344 492.25878906
v 10324.34179688 1902.79394531 404.49511719
v -9026.73046875 81.51660156 370.59570312
v 3266.89062500 2813.43261719 333.29003906
v -148.00390625 3041.09277344 408.82714844
v -6067.15429688 1902.79394531 322.88281250
v -9937.36914062 764.49511719 407.60253906
v 7592.42578125 81.51660156 332.29492188
v 11007.32031250 536.83593750 392.62695312
v -5156.51562500 1902.79394531 428.82031250
v 4177.53125000 2358.11328125 371.24023438
v -9709.70898438 764.49511719 460.27734375
v -4928.85644531 1902.79394531 481.40332031
v 79.65625000 2813.43261719 429.75488281
v 9641.36328125 309.17675781 543.05468750
v 79.65625000 3041.09277344 330.47851562
v -3335.23828125 2130.45410156 488.27148438
v -4018.21777344 1902.79394531 415.02441406
v 11690.29882812 764.49511719 532.89550781
v -9482.04980469 764.49511719 514.60742188
v -3107.57910156 2130.45410156 421.34765625
v 11917.95898438 764.49511719 468.21875000
v -9937.36914062 992.15527344 425.70214844
v -3790.55859375 1902.79394531 539.40429688
v -9709.70898438 992.15527344 479.30859375
v -12213.96582031 1675.13378906 345.51660156
v -3562.89843750 2358.11328125 401.71777344
v 12145.61914062 764.49511719 404.36132812
v -375.66308594 3268.75195312 397.67968750
v -3335.23828125 2358.11328125 386.62890625
v 3494.55078125 2813.43261719 445.76074219
v -4018.21777344 2130.45410156 353.24414062
v -3107.57910156 2358.11328125 387.25781250
v -9482.04980469 992.15527344 536.03222656
v -3790.55859375 2130.45410156 479.25488281
v 12373.27734375 764.49511719 335.51171875
v -2879.91992188 2130.45410156 327.07617188
v 79.65625000 4862.37011719 370.59960938
v -11986.30664062 1675.13378906 357.29492188
v 12373.27734375 992.15527344 514.36621094
v -11758.64648438 1675.13378906 379.45605469
v 9869.02148438 309.17675781 432.11523438
v -2879.91992188 2358.11328125 454.62402344
v -148.00390625 3268.75195312 392.62792969
v 12600.93750000 992.15527344 411.23242188
v 4405.18945312 2130.45410156 373.94140625
v -11303.32714844 1447.47460938 324.56250000
v 79.65625000 3268.75195312 399.81738281
v -3790.55859375 2358.11328125 356.30761719
v -8799.07031250 81.51660156 417.41406250
v -603.32226562 3268.75195312 371.94921875
v -11075.66796875 1447.47460938 378.58691406
v -1741.62109375 2130.45410156 365.16992188
v -8571.41113281 81.51660156 467.26464844
v -375.66308594 3496.41113281 345.54980469
v -10848.00781250 1447.47460938 413.19726562
v -8343.75195312 81.51660156 510.52636719
v 10779.66015625 536.83593750 524.09960938
v -11530.98632812 1675.13378906 402.93554688
v -375.66308594 3724.07128906 343.17480469
v 5543.48828125 2130.45410156 448.20898438
v -11303.32714844 1675.13378906 431.41210938
v -148.00390625 3496.41113281 340.92285156
v -1058.64257812 2130.45410156 350.23046875
v -148.00390625 3724.07128906 379.46289062
v -830.98242188 2130.45410156 497.50097656
v 79.65625000 3724.07128906 331.84667969
v -11075.66796875 1675.13378906 465.97656250
v 5771.14843750 2130.45410156 379.35839844
v -10620.34765625 1219.81542969 320.76562500
v 5998.80859375 2130.45410156 389.14257812
v -10392.68847656 1219.81542969 372.27050781
v 6226.46679688 2130.45410156 428.17578125
v 11234.98046875 1675.13378906 419.33203125
v 534.97558594 2585.77246094 345.63964844
v -10848.00781250 1675.13378906 504.44824219
v -10620.34765625 1447.47460938 455.08203125
v -830.98242188 2358.11328125 433.82910156
v 11462.64062500 1675.13378906 445.21679688
v -10392.68847656 1447.47460938 491.09375000
v 1217.95507812 2358.11328125 445.01367188
v -10165.02929688 992.15527344 370.11425781
v 11690.29882812 1675.13378906 430.87304688
v -10165.02929688 1219.81542969 426.81250000
v 1217.95507812 2585.77246094 378.95019531
v -603.32226562 2358.11328125 515.98339844
v 11690.29882812 1902.79394531 527.84960938
v -10165.02929688 309.17675781 324.73437500
v -9937.36914062 1219.81542969 480.73242188
v -375.66308594 2585.77246094 424.59570312
v 11917.95898438 1902.79394531 474.19335938
v 1445.61425781 2585.77246094 502.66796875
v -10165.02929688 1447.47460938 532.33789062
v -10165.02929688 536.83593750 349.07714844
v -375.66308594 4179.39062500 333.43261719
v 12600.93750000 1219.81542969 499.54882812
v -10165.02929688 764.49511719 350.30664062
v -10620.34765625 1675.13378906 530.86132812
v 1673.27343750 2585.77246094 399.12304688
v 12828.59765625 1219.81542969 390.10839844
v -148.00390625 3951.73144531 339.45996094
v 12600.93750000 1447.47460938 536.39062500
v -148.00390625 4179.39062500 376.94042969
v 12828.59765625 1447.47460938 446.28613281
v 2583.91210938 2358.11328125 524.79101562
v -9709.70898438 1219.81542969 528.63281250
v -148.00390625 4407.04980469 362.94140625
v 2811.57226562 2358.11328125 341.28027344
v 12373.27734375 1675.13378906 449.21875000
v 2128.59375000 2585.77246094 347.93945312
v 12145.61914062 1902.79394531 540.42871094
v 12600.93750000 1675.13378906 367.40136719
v 2356.25390625 2585.77246094 341.97656250
v 12828.59765625 1675.13378906 379.73535156
v 2128.59375000 2813.43261719 325.01269531
v 2356.25390625 2813.43261719 320.00000000
v 2583.91210938 2585.77246094 403.87500000
v 11690.29882812 2130.45410156 536.03613281
v 11917.95898438 2130.45410156 462.85351562
v 2811.57226562 2585.77246094 395.19335938
v 2128.59375000 3041.09277344 340.73437500
v 2583.91210938 2813.43261719 368.16601562
v 12145.61914062 2130.45410156 499.36816406
v 3266.89062500 2358.11328125 345.63769531
v 3494.55078125 2358.11328125 332.41992188
v 13056.25781250 1675.13378906 331.67480469
v 3266.89062500 2585.77246094 322.59277344
v 3494.55078125 2585.77246094 384.89257812
v -8116.09179688 1749.41699219 774.59472656
v 2356.25390625 5.02246094 774.59472656
v -8116.09179688 282.89550781 774.59472656
v -7888.43212891 1748.92578125 774.59472656
v 6801.32421875 1902.79394531 774.59472656
v -3107.57910156 1802.45898438 774.59472656
v 6909.44531250 1913.09472656 774.59472656
v -148.00390625 4714.69824219 774.59472656
v -2879.91992188 1831.33105469 774.59472656
v 11418.52539062 992.15527344 774.59472656
v 2583.91210938 5.92675781 774.59472656
v 7137.10546875 1966.26757812 774.59472656
v -2652.25976562 1878.65722656 774.59472656
v 4632.84960938 14.87890625 774.59472656
v 7364.76562500 1949.10156250 774.59472656
v 4860.50976562 16.40039062 774.59472656
v 11462.64062500 1018.42187500 774.59472656
v -5384.17578125 1728.77636719 774.59472656
v 2811.57226562 6.80566406 774.59472656
v 7592.42578125 1911.80664062 774.59472656
v 11690.29882812 1171.73437500 774.59472656
v 5088.16796875 18.18261719 774.59472656
v 7820.08593750 1908.96386719 774.59472656
v 3039.23242188 7.46972656 774.59472656
v 11752.62695312 1219.81542969 774.59472656
v -2424.59960938 1883.46386719 774.59472656
v -7660.77246094 1742.83398438 774.59472656
v 3266.89062500 8.40722656 774.59472656
v -2196.94042969 1891.53320312 774.59472656
v -8188.08544922 309.17675781 774.59472656
v 8047.74414062 1912.67089844 774.59472656
v -7433.11279297 1738.41113281 774.59472656
v 7364.76562500 113.91503906 774.59472656
v -253.76660156 4862.37011719 774.59472656
v 7592.42578125 117.54589844 774.59472656
v 3494.55078125 9.18554688 774.59472656
v 75.66406250 4862.37011719 774.59472656
v -8343.75195312 413.85253906 774.59472656
v 7820.08593750 101.12011719 774.59472656
v 11898.19531250 1447.47460938 774.59472656
v 3722.21093750 9.85546875 774.59472656
v -148.00390625 5035.16894531 774.59472656
v 8047.74414062 97.98828125 774.59472656
v -7205.45312500 1735.76269531 774.59472656
v 8275.40429688 113.03613281 774.59472656
v -8440.79687500 536.83593750 774.59472656
v 79.65625000 2123.07324219 774.59472656
v -1969.28125000 1902.68359375 774.59472656
v 84.45898438 2130.45410156 774.59472656
v 8503.06445312 165.19921875 774.59472656
v -6750.13378906 67.21289062 774.59472656
v -1968.68847656 1902.79394531 774.59472656
v -8492.95898438 764.49511719 774.59472656
v -5156.51562500 1731.62207031 774.59472656
v 307.31640625 2279.49023438 774.59472656
v -6958.43554688 81.51660156 774.59472656
v 534.97558594 2233.49316406 774.59472656
v 8275.40429688 1915.18359375 774.59472656
v 11007.32031250 1882.71582031 774.59472656
v 8730.72265625 194.15917969 774.59472656
v -6522.47412109 57.73828125 774.59472656
v -6294.81445312 49.93359375 774.59472656
v 11234.98046875 1886.11035156 774.59472656
v 11263.68945312 1902.79394531 774.59472656
v 8958.38281250 215.65722656 774.59472656
v 11895.54687500 1675.13378906 774.59472656
v 9186.04296875 252.83789062 774.59472656
v 8503.06445312 1915.90429688 774.59472656
v -8548.56054688 992.15527344 774.59472656
v -4928.85644531 1741.47753906 774.59472656
v 8730.72265625 1916.61621094 774.59472656
v -6067.15429688 45.09277344 774.59472656
v 11917.95898438 1720.96484375 774.59472656
v -5839.49511719 43.90820312 774.59472656
v -7888.43212891 213.04687500 774.59472656
v -1741.62109375 1946.57226562 774.59472656
v 8958.38281250 1913.67089844 774.59472656
v 12138.78125000 1902.79394531 774.59472656
v 762.63476562 2194.93359375 774.59472656
v -5611.83593750 42.63574219 774.59472656
v -7660.77246094 163.97363281 774.59472656
v 9186.04296875 1909.88867188 774.59472656
v 9320.33984375 309.17675781 774.59472656
v -4701.19726562 1735.38281250 774.59472656
v 9413.70312500 335.82714844 774.59472656
v -1058.64257812 1901.36132812 774.59472656
v -4473.53710938 1732.03222656 774.59472656
v 9641.36328125 410.20703125 774.59472656
v 5315.82812500 22.48730469 774.59472656
v 9413.70312500 1902.51171875 774.59472656
v 5543.48828125 28.84082031 774.59472656
v 9406.36328125 1902.79394531 774.59472656
v -7433.11279297 129.55273438 774.59472656
v -1087.53613281 1902.79394531 774.59472656
v 9641.36328125 1887.70410156 774.59472656
v 5771.14843750 35.76953125 774.59472656
v 990.29492188 2197.14355469 774.59472656
v -7205.45312500 104.52636719 774.59472656
v -830.98242188 1899.82324219 774.59472656
v 9869.02148438 1876.87402344 774.59472656
v 1217.95507812 2218.29296875 774.59472656
v -4245.87695312 1730.61035156 774.59472656
v -5384.17578125 37.96582031 774.59472656
v 10096.68164062 1871.51660156 774.59472656
v -4018.21777344 1737.65039062 774.59472656
v 5998.80859375 43.43652344 774.59472656
v -810.72753906 1902.79394531 774.59472656
v 1445.61425781 2297.72851562 774.59472656
v 10324.34179688 1877.67382812 774.59472656
v 6226.46679688 51.16796875 774.59472656
v -3790.55859375 1754.79003906 774.59472656
v 1673.27343750 2252.49902344 774.59472656
v 1900.93359375 2195.85253906 774.59472656
v 2356.25390625 2070.45703125 774.59472656
v 11400.16992188 2130.45410156 774.59472656
v -6977.79345703 83.04492188 774.59472656
v 2238.27343750 2130.45410156 774.59472656
v -8571.41113281 1045.48144531 774.59472656
v -5156.51562500 33.50878906 774.59472656
v 2128.59375000 2237.27636719 774.59472656
v 2583.91210938 2115.67382812 774.59472656
v 10552.00000000 1879.64746094 774.59472656
v 2670.97265625 2130.45410156 774.59472656
v 2811.57226562 2147.83496094 774.59472656
v 10779.66015625 1886.47070312 774.59472656
v 11462.64062500 2167.97460938 774.59472656
v -1513.96093750 1963.88769531 774.59472656
v 3039.23242188 2164.16113281 774.59472656
v -8692.22265625 1219.81542969 774.59472656
v 11690.29882812 2249.34179688 774.59472656
v 3266.89062500 2180.82421875 774.59472656
v -1286.30175781 1921.60644531 774.59472656
v 11917.95898438 2289.16406250 774.59472656
v -8799.07031250 1285.53906250 774.59472656
v 11007.32031250 780.83007812 774.59472656
v -3562.89843750 1776.91406250 774.59472656
v 12145.61914062 1904.31542969 774.59472656
v -603.32226562 2010.88378906 774.59472656
v -4928.85644531 30.27734375 774.59472656
v -9006.50585938 1447.47460938 774.59472656
v -539.12304688 2130.45410156 774.59472656
v -4701.19726562 27.32128906 774.59472656
v 3494.55078125 2220.37988281 774.59472656
v 11234.98046875 896.44628906 774.59472656
v -375.66308594 2191.75195312 774.59472656
v -3562.89843750 19.60449219 774.59472656
v 6454.12695312 60.85253906 774.59472656
v -148.00390625 1934.99316406 774.59472656
v 12373.27734375 2002.77148438 774.59472656
v -329.98242188 2130.45410156 774.59472656
v -3335.23828125 17.83691406 774.59472656
v 12145.61914062 2270.14355469 774.59472656
v 6681.78710938 70.34179688 774.59472656
v -9022.32226562 1675.13378906 774.59472656
v -3107.57910156 15.50683594 774.59472656
v 6904.70507812 81.51660156 774.59472656
v -8799.07031250 1721.75488281 774.59472656
v -2879.91992188 13.37597656 774.59472656
v 12373.27734375 2207.62402344 774.59472656
v -4473.53710938 25.28515625 774.59472656
v 6909.44531250 81.77636719 774.59472656
v 12403.15234375 2130.45410156 774.59472656
v -8571.41113281 1730.07617188 774.59472656
v -2652.25976562 11.66210938 774.59472656
v -4245.87695312 23.67187500 774.59472656
v 79.65625000 4.15527344 774.59472656
v 7137.10546875 97.46484375 774.59472656
v 307.31640625 4.00585938 774.59472656
v -2424.59960938 10.26269531 774.59472656
v -4018.21777344 21.93457031 774.59472656
v -2196.94042969 8.58691406 774.59472656
v 534.97558594 3.90234375 774.59472656
v -1969.28125000 7.06835938 774.59472656
v -3790.55859375 21.32031250 774.59472656
v 9869.02148438 470.53613281 774.59472656
v -6977.79345703 1734.82421875 774.59472656
v 10096.68164062 525.78125000 774.59472656
v 762.63476562 3.47558594 774.59472656
v -1741.62109375 6.63281250 774.59472656
v 10143.55273438 536.83593750 774.59472656
v -6750.13378906 1729.73144531 774.59472656
v 990.29492188 3.00097656 774.59472656
v -8343.75195312 1744.00390625 774.59472656
v -6522.47412109 1728.64453125 774.59472656
v 10324.34179688 574.64648438 774.59472656
v -1513.96093750 6.33593750 774.59472656
v -6294.81445312 1727.07421875 774.59472656
v 10552.00000000 625.18945312 774.59472656
v 3949.87109375 1955.59277344 774.59472656
v -1286.30175781 6.14453125 774.59472656
v 10779.66015625 691.75878906 774.59472656
v 3770.45507812 2130.45410156 774.59472656
v 10972.73828125 764.49511719 774.59472656
v -6067.15429688 1725.85644531 774.59472656
v 4177.53125000 1923.86914062 774.59472656
v -1058.64257812 6.05566406 774.59472656
v -5839.49511719 1728.61035156 774.59472656
v 1217.95507812 2.84960938 774.59472656
v 3722.21093750 2172.69824219 774.59472656
v -830.98242188 5.53125000 774.59472656
v -5611.83593750 1729.52832031 774.59472656
v 1445.61425781 3.28125000 774.59472656
v 4405.18945312 1922.51171875 774.59472656
v -603.32226562 5.15722656 774.59472656
v 4632.84960938 1922.60742188 774.59472656
v 1673.27343750 4.11914062 774.59472656
v -375.66308594 4.84570312 774.59472656
v 1900.93359375 4.68066406 774.59472656
v 4860.50976562 1967.20214844 774.59472656
v -148.00390625 4.47460938 774.59472656
v 5088.16796875 1946.29687500 774.59472656
v 2128.59375000 4.72753906 774.59472656
v -3335.23828125 1786.88281250 774.59472656
v 5315.82812500 1910.21191406 774.59472656
v 5543.48828125 1909.84960938 774.59472656
v 5998.80859375 1900.25195312 774.59472656
v 5799.52148438 1902.79394531 774.59472656
v 6226.46679688 1897.76562500 774.59472656
v 6454.12695312 1897.14550781 774.59472656
v 6681.78710938 1896.61230469 774.59472656
v 5771.14843750 1903.28808594 774.59472656
v 3949.87109375 10.46582031 774.59472656
v 4177.53125000 11.51757812 774.59472656
v 4405.18945312 12.83593750 774.59472656
v -9026.73046875 309.17675781 577.12792969
v 6454.12695312 1902.79394531 738.60058594
v -3562.89843750 1902.79394531 595.09375000
v 79.65625000 2130.45410156 759.40039062
v -9254.39062500 536.83593750 564.06445312
v -9026.73046875 536.83593750 620.26562500
v 11462.64062500 992.15527344 762.09375000
v 6681.78710938 1902.79394531 680.93066406
v -9254.39062500 764.49511719 572.14062500
v 79.65625000 2358.11328125 575.78515625
v -9026.73046875 764.49511719 628.80957031
v 307.31640625 2358.11328125 602.28515625
v 11690.29882812 992.15527344 700.12109375
v -9254.39062500 992.15527344 592.29785156
v -3335.23828125 1902.79394531 554.54101562
v 11917.95898438 992.15527344 639.10058594
v -9026.73046875 992.15527344 648.67089844
v 79.65625000 2585.77246094 565.06640625
v 11917.95898438 1219.81542969 728.41406250
v -1969.28125000 1902.79394531 737.08300781
v 11917.95898438 1447.47460938 764.49804688
v 6909.44531250 1902.79394531 557.01464844
v 6909.44531250 81.51660156 772.28320312
v -8116.09179688 81.51660156 551.50976562
v 11462.64062500 1902.79394531 604.12402344
v -7205.45312500 81.51660156 716.28125000
v 11917.95898438 1675.13378906 723.61621094
v -7888.43212891 81.51660156 585.50097656
v -6977.79345703 81.51660156 770.08886719
v 7137.10546875 81.51660156 630.84179688
v -7660.77246094 81.51660156 627.51367188
v 12145.61914062 992.15527344 579.81835938
v -1058.64257812 1902.79394531 721.49902344
v 12145.61914062 1219.81542969 664.41601562
v -7433.11279297 81.51660156 672.48925781
v -830.98242188 1902.79394531 756.00097656
v 12373.27734375 1219.81542969 594.43945312
v -8799.07031250 309.17675781 631.80566406
v 8047.74414062 1902.79394531 638.38671875
v 12145.61914062 1447.47460938 686.87890625
v -148.00390625 2813.43261719 675.12011719
v 12373.27734375 1447.47460938 623.49121094
v 9413.70312500 309.17675781 669.37109375
v -8571.41113281 309.17675781 686.70214844
v 3949.87109375 2130.45410156 561.14257812
v -8799.07031250 536.83593750 677.06933594
v 12145.61914062 1675.13378906 572.78710938
v 79.65625000 4862.37011719 746.53320312
v 1445.61425781 2358.11328125 592.12207031
v 12145.61914062 1902.79394531 716.32128906
v -8571.41113281 536.83593750 739.43847656
v 10324.34179688 536.83593750 698.31152344
v 1673.27343750 2358.11328125 590.18066406
v -8343.75195312 309.17675781 740.51660156
v 10552.00000000 536.83593750 608.69628906
v 11462.64062500 2130.45410156 663.60253906
v 1900.93359375 2358.11328125 609.20312500
v -8799.07031250 764.49511719 685.58398438
v 5998.80859375 1902.79394531 748.72363281
v 2356.25390625 2130.45410156 667.22753906
v -603.32226562 2130.45410156 687.85742188
v -8571.41113281 764.49511719 751.79101562
v 2128.59375000 2358.11328125 732.80664062
v 6226.46679688 1902.79394531 745.58886719
v -8799.07031250 992.15527344 704.41015625
v 12373.27734375 2130.45410156 771.35156250
v 2356.25390625 2358.11328125 656.20898438
v 11007.32031250 764.49511719 759.35156250
v -8571.41113281 992.15527344 767.59667969
v 2583.91210938 2130.45410156 609.97265625
v 11234.98046875 764.49511719 668.62597656
v -375.66308594 2358.11328125 620.69140625
v 11462.64062500 764.49511719 596.71972656
v -148.00390625 2130.45410156 641.40234375
v -9937.36914062 1447.47460938 592.52734375
v -148.00390625 2358.11328125 604.27343750
v -10392.68847656 1675.13378906 557.23828125
v -10165.02929688 1675.13378906 590.01171875
v -148.00390625 2585.77246094 737.02539062
v -9937.36914062 1675.13378906 648.07324219
v -9482.04980469 1219.81542969 584.24511719
v -9709.70898438 1447.47460938 633.14257812
v -9482.04980469 1447.47460938 676.63867188
v -9254.39062500 1219.81542969 639.53125000
v -9026.73046875 1219.81542969 692.18554688
v -9254.39062500 1447.47460938 722.61621094
v -9026.73046875 1447.47460938 769.67089844
v -9709.70898438 1675.13378906 669.81542969
v -9482.04980469 1675.13378906 690.26269531
v -9254.39062500 1675.13378906 728.01660156
v -9026.73046875 1675.13378906 773.02441406
v -8799.07031250 1219.81542969 747.14843750
v -7205.45312500 1732.29785156 1002.25488281
v 534.97558594 27.42578125 1002.25488281
v -7690.30322266 992.15527344 1002.25488281
v 4632.84960938 1913.42675781 1002.25488281
v 2356.25390625 2224.11230469 1002.25488281
v -7814.43750000 1219.81542969 1002.25488281
v 11007.32031250 1218.53906250 1002.25488281
v -1741.62109375 32.64257812 1002.25488281
v 11008.55664062 1219.81542969 1002.25488281
v -1513.96093750 32.13183594 1002.25488281
v -6977.79345703 1734.10937500 1002.25488281
v 4860.50976562 1947.37500000 1002.25488281
v 11155.93359375 1447.47460938 1002.25488281
v 2583.91210938 2335.10351562 1002.25488281
v -1286.30175781 32.23730469 1002.25488281
v -7433.11279297 449.31347656 1002.25488281
v 2811.57226562 2225.09960938 1002.25488281
v 11054.18554688 1675.13378906 1002.25488281
v -1058.64257812 31.54882812 1002.25488281
v -6750.13378906 1733.92089844 1002.25488281
v -830.98242188 31.10156250 1002.25488281
v 11007.32031250 1739.48046875 1002.25488281
v 3039.23242188 2143.04296875 1002.25488281
v -6522.47412109 1738.79492188 1002.25488281
v -6294.81445312 1739.89453125 1002.25488281
v 5088.16796875 1930.80859375 1002.25488281
v -6067.15429688 1738.16210938 1002.25488281
v 5315.82812500 1904.36523438 1002.25488281
v -7523.59912109 536.83593750 1002.25488281
v 762.63476562 27.59179688 1002.25488281
v 5543.48828125 1902.83691406 1002.25488281
v -5839.49511719 1736.15136719 1002.25488281
v -5611.83593750 1735.12890625 1002.25488281
v -5384.17578125 1735.40917969 1002.25488281
v -5156.51562500 1735.94921875 1002.25488281
v -4928.85644531 1736.90527344 1002.25488281
v -4701.19726562 1738.48925781 1002.25488281
v -4473.53710938 1737.34082031 1002.25488281
v -4245.87695312 1739.54101562 1002.25488281
v -7205.45312500 315.63964844 1002.25488281
v -4018.21777344 1744.30859375 1002.25488281
v 3266.89062500 2204.25000000 1002.25488281
v 10096.68164062 665.94433594 1002.25488281
v 5998.80859375 1900.99511719 1002.25488281
v -7660.77246094 904.54785156 1002.25488281
v 3722.21093750 1945.42675781 1002.25488281
v -3790.55859375 1754.25390625 1002.25488281
v 3547.96484375 2130.45410156 1002.25488281
v 5849.48242188 1902.79394531 1002.25488281
v -7617.22802734 764.49511719 1002.25488281
v -3562.89843750 1770.91601562 1002.25488281
v 3494.55078125 2172.65136719 1002.25488281
v 10324.34179688 740.71777344 1002.25488281
v 6226.46679688 1901.20605469 1002.25488281
v 990.29492188 27.40625000 1002.25488281
v 10388.94531250 764.49511719 1002.25488281
v -3562.89843750 46.46972656 1002.25488281
v 3722.21093750 36.35449219 1002.25488281
v 6454.12695312 1902.36425781 1002.25488281
v -3335.23828125 44.92480469 1002.25488281
v 10552.00000000 845.67773438 1002.25488281
v 3949.87109375 37.76757812 1002.25488281
v -603.32226562 30.30957031 1002.25488281
v 11690.29882812 1641.31445312 1002.25488281
v 4177.53125000 38.40722656 1002.25488281
v -3107.57910156 42.76464844 1002.25488281
v 6681.78710938 1901.52148438 1002.25488281
v 11485.77539062 1675.13378906 1002.25488281
v 10771.27343750 992.15527344 1002.25488281
v 4405.18945312 39.02343750 1002.25488281
v 1217.95507812 27.45214844 1002.25488281
v 6732.25390625 1902.79394531 1002.25488281
v 11751.40429688 1675.13378906 1002.25488281
v -2879.91992188 40.62011719 1002.25488281
v -375.66308594 29.58398438 1002.25488281
v 1445.61425781 27.80957031 1002.25488281
v -2652.25976562 38.29589844 1002.25488281
v 5771.14843750 1903.69238281 1002.25488281
v 7592.42578125 1896.18261719 1002.25488281
v 1673.27343750 29.06835938 1002.25488281
v 7551.87500000 1902.79394531 1002.25488281
v 7612.03125000 1902.79394531 1002.25488281
v -7888.43212891 1261.58691406 1002.25488281
v 7364.76562500 1938.26562500 1002.25488281
v -8091.61669922 1447.47460938 1002.25488281
v -2424.59960938 36.14355469 1002.25488281
v -148.00390625 29.18457031 1002.25488281
v 7820.08593750 1908.71875000 1002.25488281
v -2196.94042969 35.05859375 1002.25488281
v 79.65625000 28.16015625 1002.25488281
v 8047.74414062 1932.95214844 1002.25488281
v -1969.28125000 33.26757812 1002.25488281
v 1900.93359375 30.02734375 1002.25488281
v 8275.40429688 1942.40625000 1002.25488281
v -3335.23828125 1789.47949219 1002.25488281
v -7984.51513672 1675.13378906 1002.25488281
v -3107.57910156 1809.12304688 1002.25488281
v 11473.10546875 1902.79394531 1002.25488281
v -7888.43212891 1688.74511719 1002.25488281
v -2879.91992188 1878.50390625 1002.25488281
v 6909.44531250 1913.42382812 1002.25488281
v 8503.06445312 1943.99804688 1002.25488281
v 11871.55859375 1902.79394531 1002.25488281
v 2128.59375000 30.51562500 1002.25488281
v 8730.72265625 1939.79980469 1002.25488281
v 2356.25390625 31.28417969 1002.25488281
v 11690.29882812 2120.60351562 1002.25488281
v 8958.38281250 1931.98046875 1002.25488281
v 7137.10546875 1954.01953125 1002.25488281
v 2583.91210938 31.65625000 1002.25488281
v 9186.04296875 1927.36425781 1002.25488281
v 2811.57226562 32.57226562 1002.25488281
v -7660.77246094 1712.59082031 1002.25488281
v -2822.55761719 1902.79394531 1002.25488281
v 9641.36328125 1900.95410156 1002.25488281
v 7364.76562500 146.22851562 1002.25488281
v 9616.26367188 1902.79394531 1002.25488281
v 7592.42578125 165.90527344 1002.25488281
v -2196.94042969 1893.35058594 1002.25488281
v 9869.02148438 1880.42578125 1002.25488281
v 7820.08593750 184.41308594 1002.25488281
v -2410.43261719 1902.79394531 1002.25488281
v 10096.68164062 1872.48535156 1002.25488281
v 8047.74414062 208.94238281 1002.25488281
v -1969.28125000 1900.42089844 1002.25488281
v 3039.23242188 33.74804688 1002.25488281
v 10779.66015625 999.15039062 1002.25488281
v -1955.01562500 1902.79394531 1002.25488281
v 3266.89062500 34.69531250 1002.25488281
v 10324.34179688 1885.96289062 1002.25488281
v -7433.11279297 1726.19824219 1002.25488281
v 8275.40429688 245.03125000 1002.25488281
v -2652.25976562 1942.97070312 1002.25488281
v 3494.55078125 35.32226562 1002.25488281
v 10552.00000000 1884.82812500 1002.25488281
v 8503.06445312 282.72460938 1002.25488281
v -2424.59960938 1904.17968750 1002.25488281
v -1741.62109375 1940.24902344 1002.25488281
v 10779.66015625 1874.60253906 1002.25488281
v 4632.84960938 40.72265625 1002.25488281
v 9413.70312500 1916.63574219 1002.25488281
v -1058.64257812 1902.30371094 1002.25488281
v -1077.62695312 1902.79394531 1002.25488281
v -6977.79345703 242.11425781 1002.25488281
v -830.98242188 1902.72460938 1002.25488281
v 8696.78906250 309.17675781 1002.25488281
v -7191.83300781 309.17675781 1002.25488281
v -830.63476562 1902.79394531 1002.25488281
v 8730.72265625 314.41015625 1002.25488281
v -6750.13378906 191.44921875 1002.25488281
v 4860.50976562 42.99316406 1002.25488281
v 8958.38281250 363.13867188 1002.25488281
v -1513.96093750 1956.54492188 1002.25488281
v -6522.47412109 159.98730469 1002.25488281
v 9186.04296875 389.58593750 1002.25488281
v 79.65625000 2173.76269531 1002.25488281
v -6294.81445312 136.72363281 1002.25488281
v -1286.30175781 1915.91992188 1002.25488281
v 5088.16796875 44.59082031 1002.25488281
v 307.31640625 2314.89355469 1002.25488281
v -6067.15429688 118.33496094 1002.25488281
v 5315.82812500 48.91210938 1002.25488281
v 534.97558594 2215.60937500 1002.25488281
v -603.32226562 1989.77539062 1002.25488281
v 5543.48828125 55.93359375 1002.25488281
v 762.63476562 2040.06445312 1002.25488281
v -375.66308594 2067.77539062 1002.25488281
v -5839.49511719 106.12890625 1002.25488281
v 657.64941406 2130.45410156 1002.25488281
v -148.00390625 1965.88378906 1002.25488281
v 990.29492188 2025.53417969 1002.25488281
v 48.32421875 2130.45410156 1002.25488281
v 5771.14843750 62.05175781 1002.25488281
v 1140.12695312 2130.45410156 1002.25488281
v 9413.70312500 395.09667969 1002.25488281
v 5998.80859375 68.23925781 1002.25488281
v -5611.83593750 95.98242188 1002.25488281
v 1217.95507812 2189.80468750 1002.25488281
v 9641.36328125 518.00390625 1002.25488281
v 6226.46679688 76.08105469 1002.25488281
v 1445.61425781 2331.34082031 1002.25488281
v 307.31640625 28.09667969 1002.25488281
v 9687.50390625 536.83593750 1002.25488281
v 1673.27343750 2248.66894531 1002.25488281
v 6356.07031250 81.51660156 1002.25488281
v 1900.93359375 2187.94433594 1002.25488281
v 9869.02148438 594.05175781 1002.25488281
v -5384.17578125 86.27539062 1002.25488281
v 6454.12695312 85.80566406 1002.25488281
v 2128.59375000 2187.56054688 1002.25488281
v -5156.51562500 76.77832031 1002.25488281
v 6681.78710938 97.19921875 1002.25488281
v -5268.21777344 81.51660156 1002.25488281
v 6909.44531250 110.10449219 1002.25488281
v -4928.85644531 67.34277344 1002.25488281
v 7137.10546875 127.08300781 1002.25488281
v -4701.19726562 61.11230469 1002.25488281
v -4473.53710938 56.43945312 1002.25488281
v 3949.87109375 1919.46679688 1002.25488281
v -4245.87695312 52.47558594 1002.25488281
v 4177.53125000 1961.29882812 1002.25488281
v -4018.21777344 49.84765625 1002.25488281
v 4405.18945312 1948.19433594 1002.25488281
v -3790.55859375 48.51953125 1002.25488281
v -8571.41113281 1219.81542969 810.41503906
v -8116.09179688 309.17675781 791.36132812
v -8799.07031250 1447.47460938 830.09570312
v 2356.25390625 2130.45410156 879.56152344
v -8571.41113281 1447.47460938 887.59082031
v 11007.32031250 992.15527344 913.49511719
v 10096.68164062 536.83593750 793.91992188
v -8343.75195312 536.83593750 803.86328125
v -8343.75195312 992.15527344 840.14746094
v -2652.25976562 1902.79394531 826.35839844
v 11234.98046875 992.15527344 833.23925781
v -8343.75195312 1219.81542969 876.77343750
v 10552.00000000 764.49511719 942.97949219
v 79.65625000 2130.45410156 795.44628906
v -2424.59960938 1902.79394531 972.10839844
v 11234.98046875 1219.81542969 931.56445312
v 10779.66015625 764.49511719 852.69140625
v -8116.09179688 992.15527344 902.79785156
v 762.63476562 2130.45410156 919.86035156
v 11462.64062500 1219.81542969 858.66406250
v -8116.09179688 1219.81542969 937.90332031
v 990.29492188 2130.45410156 910.23828125
v 10779.66015625 992.15527344 999.04492188
v -8343.75195312 1447.47460938 944.17578125
v 8730.72265625 309.17675781 995.93945312
v -8116.09179688 536.83593750 861.78710938
v 11234.98046875 1447.47460938 981.02246094
v -8116.09179688 1447.47460938 997.09570312
v 11462.64062500 1447.47460938 919.14550781
v -8343.75195312 764.49511719 820.91601562
v 8958.38281250 309.17675781 932.17675781
v 11690.29882812 1219.81542969 794.56542969
v 9186.04296875 309.17675781 874.01367188
v -8799.07031250 1675.13378906 826.04492188
v 11690.29882812 1447.47460938 885.69238281
v -375.66308594 2130.45410156 849.19433594
v 7592.42578125 1902.79394531 936.84082031
v -8571.41113281 1675.13378906 857.54199219
v 11234.98046875 1675.13378906 947.99316406
v -8116.09179688 764.49511719 883.84082031
v 11462.64062500 1675.13378906 943.68457031
v -8343.75195312 1675.13378906 909.42382812
v -7888.43212891 309.17675781 841.97460938
v 2583.91210938 2130.45410156 792.49707031
v -7660.77246094 309.17675781 892.73925781
v 11462.64062500 1902.79394531 986.51953125
v -8116.09179688 1675.13378906 974.01269531
v -7888.43212891 536.83593750 915.16894531
v 9413.70312500 1902.79394531 781.33886719
v 11917.95898438 1902.79394531 938.20996094
v -7660.77246094 536.83593750 969.14160156
v 3722.21093750 2130.45410156 815.97851562
v -7433.11279297 309.17675781 945.34277344
v -7888.43212891 992.15527344 957.58300781
v -7205.45312500 309.17675781 998.84863281
v -7888.43212891 1219.81542969 987.50488281
v 11462.64062500 2130.45410156 927.39062500
v 9869.02148438 536.83593750 905.71875000
v -7888.43212891 764.49511719 940.07812500
v 11690.29882812 2130.45410156 995.19042969
v -7660.77246094 764.49511719 991.91503906
v 11917.95898438 2130.45410156 925.07128906
v 6454.12695312 81.51660156 967.29589844
v 12145.61914062 2130.45410156 854.12109375
v -6750.13378906 81.51660156 809.95800781
v 12373.27734375 2130.45410156 803.77832031
v 6681.78710938 81.51660156 876.74707031
v -6522.47412109 81.51660156 842.58984375
v -6294.81445312 81.51660156 875.19628906
v -6067.15429688 81.51660156 904.61425781
v -5839.49511719 81.51660156 927.76757812
v -148.00390625 4862.37011719 884.20410156
v -5611.83593750 81.51660156 953.20214844
v -5384.17578125 81.51660156 985.08300781
v -4473.53710938 124.98730469 1229.91406250
v -1741.62109375 63.99902344 1229.91406250
v -4245.87695312 111.47460938 1229.91406250
v 534.97558594 60.84179688 1229.91406250
v 4692.30468750 1902.79394531 1229.91406250
v 762.63476562 62.36621094 1229.91406250
v 7820.08593750 1576.39355469 1229.91406250
v 990.29492188 63.64160156 1229.91406250
v 7766.52734375 1675.13378906 1229.91406250
v -4018.21777344 101.88574219 1229.91406250
v 1217.95507812 64.62988281 1229.91406250
v 7364.76562500 1898.68261719 1229.91406250
v -3790.55859375 96.73144531 1229.91406250
v 1445.61425781 65.13476562 1229.91406250
v 7592.42578125 1788.47851562 1229.91406250
v 4860.50976562 1903.18554688 1229.91406250
v -3562.89843750 93.19238281 1229.91406250
v 2356.25390625 2166.03710938 1229.91406250
v 1673.27343750 66.59570312 1229.91406250
v 7827.56250000 1675.13378906 1229.91406250
v 1900.93359375 68.34082031 1229.91406250
v -6750.13378906 1116.37207031 1229.91406250
v 8018.37890625 1902.79394531 1229.91406250
v 5088.16796875 1903.68457031 1229.91406250
v -6821.21582031 1219.81542969 1229.91406250
v -1513.96093750 63.59863281 1229.91406250
v -6969.98876953 1447.47460938 1229.91406250
v 5315.82812500 1908.39550781 1229.91406250
v 2128.59375000 69.37109375 1229.91406250
v 5543.48828125 1909.34082031 1229.91406250
v -6652.05615234 992.15527344 1229.91406250
v 2356.25390625 70.41796875 1229.91406250
v -6750.13378906 1674.10644531 1229.91406250
v 2583.91210938 70.43164062 1229.91406250
v 7331.53710938 1902.79394531 1229.91406250
v -6747.96533203 1675.13378906 1229.91406250
v 2811.57226562 70.52929688 1229.91406250
v 5771.14843750 1906.70898438 1229.91406250
v -6522.47412109 1711.65429688 1229.91406250
v 3039.23242188 71.13867188 1229.91406250
v 2583.91210938 2255.93554688 1229.91406250
v 3266.89062500 71.95703125 1229.91406250
v 5998.80859375 1907.52929688 1229.91406250
v -1286.30175781 63.66210938 1229.91406250
v -6294.81445312 422.90429688 1229.91406250
v 6226.46679688 1911.64355469 1229.91406250
v 8047.74414062 1912.94335938 1229.91406250
v 6454.12695312 1912.35937500 1229.91406250
v -6294.81445312 1721.17968750 1229.91406250
v 2811.57226562 2169.54980469 1229.91406250
v 3494.55078125 72.35156250 1229.91406250
v -1058.64257812 63.26855469 1229.91406250
v 6681.78710938 1911.73144531 1229.91406250
v 8275.40429688 1942.07812500 1229.91406250
v -6491.07177734 536.83593750 1229.91406250
v -6067.15429688 1730.30761719 1229.91406250
v 3039.23242188 2120.61621094 1229.91406250
v 3722.21093750 72.93945312 1229.91406250
v 8503.06445312 1942.15527344 1229.91406250
v -6522.47412109 623.54785156 1229.91406250
v 2970.59960938 2130.45410156 1229.91406250
v 6909.44531250 1910.91113281 1229.91406250
v 8730.72265625 1939.64941406 1229.91406250
v -5839.49511719 1736.23437500 1229.91406250
v 7137.10546875 1915.52832031 1229.91406250
v 8958.38281250 1929.60351562 1229.91406250
v 79.65625000 2055.91210938 1229.91406250
v 9186.04296875 1920.97167969 1229.91406250
v 182.17675781 2130.45410156 1229.91406250
v -5611.83593750 1740.38183594 1229.91406250
v 7364.76562500 223.38574219 1229.91406250
v 534.97558594 2031.08105469 1229.91406250
v 10052.20507812 992.15527344 1229.91406250
v 7592.42578125 255.89941406 1229.91406250
v 10096.68164062 1027.03515625 1229.91406250
v -5384.17578125 1743.69238281 1229.91406250
v 7820.08593750 297.48925781 1229.91406250
v 422.92773438 2130.45410156 1229.91406250
v 10310.78710938 1219.81542969 1229.91406250
v 7876.11328125 309.17675781 1229.91406250
v 307.31640625 2154.84765625 1229.91406250
v 10324.34179688 1238.91699219 1229.91406250
v 8047.74414062 345.32910156 1229.91406250
v -6554.20214844 764.49511719 1229.91406250
v 8275.40429688 394.48144531 1229.91406250
v 8503.06445312 445.13476562 1229.91406250
v 762.63476562 1907.05566406 1229.91406250
v 10407.37304688 1447.47460938 1229.91406250
v 990.29492188 1908.30468750 1229.91406250
v 1217.95507812 1986.20800781 1229.91406250
v 10363.80078125 1675.13378906 1229.91406250
v -5839.49511719 277.75878906 1229.91406250
v 10328.69335938 1902.79394531 1229.91406250
v -5986.59375000 309.17675781 1229.91406250
v -6067.15429688 334.17675781 1229.91406250
v -5156.51562500 1746.50000000 1229.91406250
v 1377.72558594 2130.45410156 1229.91406250
v 9413.70312500 1941.26464844 1229.91406250
v -4928.85644531 1747.92578125 1229.91406250
v 1445.61425781 2158.84765625 1229.91406250
v -5611.83593750 238.44433594 1229.91406250
v -4701.19726562 1747.39355469 1229.91406250
v 1900.93359375 2117.24414062 1229.91406250
v -5384.17578125 208.20996094 1229.91406250
v -4473.53710938 1748.81250000 1229.91406250
v 1756.57421875 2130.45410156 1229.91406250
v -4245.87695312 1750.68750000 1229.91406250
v -5156.51562500 181.92187500 1229.91406250
v -4018.21777344 1757.01660156 1229.91406250
v 1673.27343750 2137.80664062 1229.91406250
v 8730.72265625 497.23437500 1229.91406250
v -4928.85644531 159.43750000 1229.91406250
v 8883.46093750 536.83593750 1229.91406250
v 9641.36328125 1926.08691406 1229.91406250
v 2128.59375000 2103.80468750 1229.91406250
v -4701.19726562 141.10253906 1229.91406250
v 9869.02148438 1931.28906250 1229.91406250
v 2250.89062500 2130.45410156 1229.91406250
v -3790.55859375 1770.12695312 1229.91406250
v 10096.68164062 2009.58691406 1229.91406250
v 8958.38281250 560.97949219 1229.91406250
v -3562.89843750 1790.32714844 1229.91406250
v 9186.04296875 631.31445312 1229.91406250
v 10324.34179688 1908.61816406 1229.91406250
v -2879.91992188 80.32714844 1229.91406250
v -2941.54394531 81.51660156 1229.91406250
v 9413.70312500 702.85449219 1229.91406250
v -2652.25976562 76.50683594 1229.91406250
v 9612.19726562 764.49511719 1229.91406250
v -2424.59960938 72.96093750 1229.91406250
v -830.98242188 63.45800781 1229.91406250
v -2196.94042969 68.61523438 1229.91406250
v 9641.36328125 774.36132812 1229.91406250
v -1969.28125000 64.63378906 1229.91406250
v 9869.02148438 879.56054688 1229.91406250
v -603.32226562 61.93652344 1229.91406250
v -3335.23828125 88.62500000 1229.91406250
v -375.66308594 61.00292969 1229.91406250
v -3107.57910156 84.58789062 1229.91406250
v -148.00390625 60.65332031 1229.91406250
v 79.65625000 59.90234375 1229.91406250
v -3335.23828125 1807.17187500 1229.91406250
v 3266.89062500 2092.85937500 1229.91406250
v -3107.57910156 1822.40527344 1229.91406250
v -2879.91992188 1858.41503906 1229.91406250
v 3494.55078125 1948.25195312 1229.91406250
v -2652.25976562 1893.54199219 1229.91406250
v 3722.21093750 1904.44531250 1229.91406250
v -2424.59960938 1892.52929688 1229.91406250
v -2196.94042969 1898.19335938 1229.91406250
v 3949.87109375 73.94824219 1229.91406250
v -2085.48632812 1902.79394531 1229.91406250
v 4177.53125000 75.47460938 1229.91406250
v 4405.18945312 76.95214844 1229.91406250
v -1969.28125000 1908.79003906 1229.91406250
v 4632.84960938 77.59765625 1229.91406250
v -1741.62109375 1916.93457031 1229.91406250
v 4860.50976562 78.51464844 1229.91406250
v -1513.96093750 1917.08105469 1229.91406250
v 5088.16796875 79.75585938 1229.91406250
v -1286.30175781 1909.96972656 1229.91406250
v 5177.02734375 81.51660156 1229.91406250
v -1058.64257812 1909.78222656 1229.91406250
v -830.98242188 1907.91699219 1229.91406250
v 5315.82812500 85.25976562 1229.91406250
v 5543.48828125 93.57031250 1229.91406250
v -603.32226562 1922.47656250 1229.91406250
v -375.66308594 1993.24902344 1229.91406250
v 5771.14843750 102.34082031 1229.91406250
v -148.00390625 2025.23925781 1229.91406250
v 5998.80859375 110.35742188 1229.91406250
v 6226.46679688 120.20605469 1229.91406250
v 6454.12695312 133.67968750 1229.91406250
v 307.31640625 60.55175781 1229.91406250
v 6681.78710938 149.75195312 1229.91406250
v 6909.44531250 169.80859375 1229.91406250
v 7137.10546875 194.75683594 1229.91406250
v 4632.84960938 1902.46972656 1229.91406250
v 4628.88671875 1902.79394531 1229.91406250
v 3949.87109375 1914.78125000 1229.91406250
v 4177.53125000 1938.98535156 1229.91406250
v 4405.18945312 1925.76660156 1229.91406250
v -4473.53710938 81.51660156 1101.61425781
v 4632.84960938 1902.79394531 1180.76855469
v -7433.11279297 536.83593750 1028.19531250
v -7660.77246094 992.15527344 1009.76464844
v 10096.68164062 764.49511719 1096.85156250
v -7205.45312500 536.83593750 1084.99316406
v 10324.34179688 764.49511719 1024.23535156
v 5998.80859375 1902.79394531 1096.04687500
v -2652.25976562 1902.79394531 1209.09375000
v -7433.11279297 764.49511719 1052.15722656
v 10096.68164062 992.15527344 1217.59277344
v 6226.46679688 1902.79394531 1046.37500000
v 10324.34179688 992.15527344 1154.26660156
v -2424.59960938 1902.79394531 1135.89355469
v -7205.45312500 764.49511719 1108.06445312
v -7660.77246094 1219.81542969 1036.57031250
v 10552.00000000 992.15527344 1084.33007812
v -1969.28125000 1902.79394531 1104.35449219
v -7433.11279297 992.15527344 1064.65820312
v -7888.43212891 1447.47460938 1047.79296875
v 6454.12695312 1902.79394531 1015.22558594
v 79.65625000 2130.45410156 1111.83203125
v 7820.08593750 1675.13378906 1229.30957031
v -7660.77246094 1447.47460938 1089.74023438
v 6681.78710938 1902.79394531 1044.02050781
v 534.97558594 2130.45410156 1138.93359375
v -7205.45312500 992.15527344 1119.44531250
v -7433.11279297 1219.81542969 1090.89257812
v 7364.76562500 1902.79394531 1197.20996094
v -7205.45312500 1219.81542969 1145.07617188
v -1058.64257812 1902.79394531 1029.99316406
v 11007.32031250 1219.81542969 1002.71777344
v -7433.11279297 1447.47460938 1136.44921875
v -830.98242188 1902.79394531 1007.23046875
v 7820.08593750 1902.79394531 1044.11523438
v -7205.45312500 1447.47460938 1179.42871094
v 11007.32031250 1447.47460938 1049.08789062
v -7888.43212891 1675.13378906 1015.79882812
v 3039.23242188 2130.45410156 1149.79101562
v 9641.36328125 1902.79394531 1028.29589844
v 9869.02148438 1902.79394531 1086.86621094
v 10096.68164062 1902.79394531 1057.54003906
v 10324.34179688 1219.81542969 1226.45605469
v 10552.00000000 1219.81542969 1164.43261719
v -7660.77246094 1675.13378906 1049.06445312
v 10552.00000000 1447.47460938 1189.76757812
v 11007.32031250 1675.13378906 1021.04101562
v 10779.66015625 1219.81542969 1085.29980469
v 1217.95507812 2130.45410156 1090.06152344
v 11690.29882812 1675.13378906 1024.01074219
v 10779.66015625 1447.47460938 1116.96484375
v -7433.11279297 1675.13378906 1082.49804688
v 11690.29882812 1902.79394531 1103.84570312
v 10552.00000000 1675.13378906 1143.83984375
v -7205.45312500 1675.13378906 1114.78710938
v 1900.93359375 2130.45410156 1207.48046875
v 10324.34179688 1902.79394531 1215.95312500
v -6977.79345703 309.17675781 1055.64648438
v 2128.59375000 2130.45410156 1192.64550781
v 10779.66015625 1675.13378906 1083.25683594
v -6750.13378906 309.17675781 1105.07910156
v -6977.79345703 536.83593750 1137.33691406
v -6750.13378906 536.83593750 1185.38867188
v -6522.47412109 309.17675781 1143.39746094
v -6294.81445312 309.17675781 1179.65527344
v 8047.74414062 309.17675781 1174.75683594
v -6522.47412109 536.83593750 1225.02832031
v 8275.40429688 309.17675781 1105.28027344
v -6977.79345703 764.49511719 1157.43457031
v -6750.13378906 764.49511719 1200.15917969
v 8503.06445312 309.17675781 1044.29980469
v -6977.79345703 992.15527344 1171.93261719
v -6750.13378906 992.15527344 1215.57421875
v 8958.38281250 536.83593750 1211.53222656
v 3266.89062500 2130.45410156 1185.23242188
v 9186.04296875 536.83593750 1159.71484375
v -6067.15429688 309.17675781 1216.62500000
v 3494.55078125 2130.45410156 1059.07910156
v -5156.51562500 81.51660156 1015.64746094
v -4928.85644531 81.51660156 1047.15136719
v 9413.70312500 536.83593750 1106.95019531
v -4701.19726562 81.51660156 1074.24707031
v 9641.36328125 536.83593750 1021.65429688
v 5315.82812500 81.51660156 1210.90917969
v 5543.48828125 81.51660156 1168.83593750
v -4245.87695312 81.51660156 1130.68164062
v 9641.36328125 764.49511719 1224.18554688
v -4018.21777344 81.51660156 1155.19726562
v 9869.02148438 764.49511719 1166.51855469
v -3790.55859375 81.51660156 1171.11816406
v 5771.14843750 81.51660156 1125.92773438
v -3562.89843750 81.51660156 1183.79199219
v 5998.80859375 81.51660156 1086.14355469
v 6226.46679688 81.51660156 1036.65332031
v -6977.79345703 1219.81542969 1196.48925781
v -6977.79345703 1447.47460938 1228.04296875
v -6977.79345703 1675.13378906 1155.43359375
v -6750.13378906 1675.13378906 1228.96093750
v -3335.23828125 81.51660156 1200.35156250
v -3107.57910156 81.51660156 1216.77441406
v 1900.93359375 1956.23828125 1457.57324219
v -3562.89843750 212.73144531 1457.57324219
v -4928.85644531 487.09179688 1457.57324219
v -3335.23828125 200.27148438 1457.57324219
v 10096.68164062 1758.39062500 1457.57324219
v -5007.98925781 536.83593750 1457.57324219
v 1900.93359375 137.05664062 1457.57324219
v -3107.57910156 189.68847656 1457.57324219
v -2250.58984375 1902.79394531 1457.57324219
v 2128.59375000 1980.24023438 1457.57324219
v 7835.02734375 536.83593750 1457.57324219
v -2879.91992188 178.48242188 1457.57324219
v -2196.94042969 1907.89941406 1457.57324219
v -2652.25976562 168.19726562 1457.57324219
v -5066.41210938 764.49511719 1457.57324219
v 2128.59375000 137.65820312 1457.57324219
v 2356.25390625 1950.95703125 1457.57324219
v -4928.85644531 973.21289062 1457.57324219
v 2356.25390625 138.14648438 1457.57324219
v 8047.74414062 642.94726562 1457.57324219
v 2583.91210938 2041.33789062 1457.57324219
v -1969.28125000 1921.42480469 1457.57324219
v -1741.62109375 1923.23535156 1457.57324219
v 3722.21093750 1917.46777344 1457.57324219
v -4922.95507812 992.15527344 1457.57324219
v 10277.64648438 1902.79394531 1457.57324219
v 3949.87109375 1918.16796875 1457.57324219
v -1513.96093750 1917.93847656 1457.57324219
v -2424.59960938 159.49609375 1457.57324219
v -1286.30175781 1922.59765625 1457.57324219
v 4177.53125000 1913.39355469 1457.57324219
v -4701.19726562 389.92773438 1457.57324219
v -2196.94042969 151.81933594 1457.57324219
v 4405.18945312 1912.62695312 1457.57324219
v -1058.64257812 1925.69531250 1457.57324219
v 4632.84960938 1915.17089844 1457.57324219
v -1969.28125000 143.79003906 1457.57324219
v -4473.53710938 323.08496094 1457.57324219
v -830.98242188 1919.15722656 1457.57324219
v -1741.62109375 136.93945312 1457.57324219
v -4245.87695312 279.90625000 1457.57324219
v 2583.91210938 139.10156250 1457.57324219
v -603.32226562 1912.51660156 1457.57324219
v 2811.57226562 2012.83105469 1457.57324219
v 2811.57226562 139.67675781 1457.57324219
v -375.66308594 1954.64453125 1457.57324219
v -4417.34375000 309.17675781 1457.57324219
v 3039.23242188 2034.04003906 1457.57324219
v 3039.23242188 139.97851562 1457.57324219
v -148.00390625 2007.62988281 1457.57324219
v 3266.89062500 141.19140625 1457.57324219
v 79.65625000 1991.38671875 1457.57324219
v 4860.50976562 1914.02441406 1457.57324219
v 9290.44531250 1902.79394531 1457.57324219
v 3494.55078125 141.71289062 1457.57324219
v 3722.21093750 141.95410156 1457.57324219
v -4018.21777344 249.15332031 1457.57324219
v 79.65625000 120.00976562 1457.57324219
v 307.31640625 1950.00000000 1457.57324219
v 307.31640625 122.25878906 1457.57324219
v 3266.89062500 1994.33398438 1457.57324219
v 534.97558594 1920.25976562 1457.57324219
v 534.97558594 124.61816406 1457.57324219
v -3790.55859375 227.83593750 1457.57324219
v 762.63476562 1962.95214844 1457.57324219
v 5088.16796875 1918.68261719 1457.57324219
v 762.63476562 127.78906250 1457.57324219
v 990.29492188 1945.44433594 1457.57324219
v 3494.55078125 1919.09179688 1457.57324219
v 990.29492188 131.30273438 1457.57324219
v 5315.82812500 1922.41210938 1457.57324219
v 8227.41015625 764.49511719 1457.57324219
v -5384.17578125 1315.83593750 1457.57324219
v 5543.48828125 1925.07812500 1457.57324219
v 8275.40429688 793.58203125 1457.57324219
v -5548.29394531 1447.47460938 1457.57324219
v 1217.95507812 1924.31152344 1457.57324219
v 1217.95507812 133.00585938 1457.57324219
v 8503.06445312 936.41015625 1457.57324219
v 5771.14843750 1927.83789062 1457.57324219
v 1445.61425781 133.76757812 1457.57324219
v 8575.34570312 992.15527344 1457.57324219
v 9413.70312500 2059.42773438 1457.57324219
v 1445.61425781 1984.18847656 1457.57324219
v 5998.80859375 1922.53515625 1457.57324219
v 1673.27343750 135.04199219 1457.57324219
v 1673.27343750 1945.06542969 1457.57324219
v -5384.17578125 1591.37988281 1457.57324219
v 6226.46679688 1922.00976562 1457.57324219
v 7592.42578125 1317.95507812 1457.57324219
v 7507.75195312 1447.47460938 1457.57324219
v -4928.85644531 1050.45410156 1457.57324219
v 7820.08593750 1283.93554688 1457.57324219
v 3949.87109375 143.62695312 1457.57324219
v 6454.12695312 1925.37500000 1457.57324219
v 8047.74414062 1282.00292969 1457.57324219
v 9641.36328125 2026.15722656 1457.57324219
v -5098.32226562 1219.81542969 1457.57324219
v 8275.40429688 1259.10449219 1457.57324219
v 6681.78710938 1931.34863281 1457.57324219
v 9651.86328125 1902.79394531 1457.57324219
v 7546.42382812 1675.13378906 1457.57324219
v 4177.53125000 146.12890625 1457.57324219
v 9871.73046875 1902.79394531 1457.57324219
v -1513.96093750 132.51269531 1457.57324219
v 6909.44531250 1930.78808594 1457.57324219
v 7137.10546875 1935.87988281 1457.57324219
v 7436.92578125 1902.79394531 1457.57324219
v 7364.76562500 1928.10839844 1457.57324219
v 10096.68164062 2091.53125000 1457.57324219
v 8522.69921875 1219.81542969 1457.57324219
v 8503.06445312 1222.53710938 1457.57324219
v -5156.51562500 1236.30371094 1457.57324219
v 4405.18945312 148.53710938 1457.57324219
v 7364.76562500 400.26074219 1457.57324219
v 4632.84960938 151.19433594 1457.57324219
v 7592.42578125 461.80957031 1457.57324219
v -5156.51562500 1673.09472656 1457.57324219
v 7820.08593750 531.99316406 1457.57324219
v 9413.70312500 1756.73437500 1457.57324219
v -5149.11816406 1675.13378906 1457.57324219
v 4860.50976562 153.52636719 1457.57324219
v 9641.36328125 1751.47558594 1457.57324219
v 5088.16796875 156.14453125 1457.57324219
v -4928.85644531 1697.30273438 1457.57324219
v 5315.82812500 164.40332031 1457.57324219
v -4701.19726562 1701.66113281 1457.57324219
v 5543.48828125 179.26171875 1457.57324219
v -4473.53710938 1714.23144531 1457.57324219
v -4245.87695312 1735.76171875 1457.57324219
v 5771.14843750 193.90820312 1457.57324219
v -1286.30175781 129.96191406 1457.57324219
v 5998.80859375 208.75585938 1457.57324219
v -4018.21777344 1742.74414062 1457.57324219
v 6226.46679688 225.72949219 1457.57324219
v -1058.64257812 127.47949219 1457.57324219
v -3790.55859375 1761.74804688 1457.57324219
v 6454.12695312 245.90234375 1457.57324219
v -830.98242188 125.18457031 1457.57324219
v -3562.89843750 1785.38671875 1457.57324219
v 6681.78710938 271.21777344 1457.57324219
v -603.32226562 122.34667969 1457.57324219
v 6909.44531250 305.84765625 1457.57324219
v -375.66308594 120.47656250 1457.57324219
v 6928.90429688 309.17675781 1457.57324219
v -148.00390625 118.99804688 1457.57324219
v 7137.10546875 349.36328125 1457.57324219
v -3335.23828125 1805.65039062 1457.57324219
v -3107.57910156 1818.19042969 1457.57324219
v -2879.91992188 1836.60253906 1457.57324219
v -2652.25976562 1859.74316406 1457.57324219
v -2424.59960938 1885.87792969 1457.57324219
v -5384.17578125 536.83593750 1401.59863281
v -2652.25976562 81.51660156 1246.18066406
v -5156.51562500 536.83593750 1435.64843750
v -2196.94042969 1902.79394531 1412.51660156
v -2424.59960938 81.51660156 1258.86328125
v -6294.81445312 536.83593750 1262.30957031
v -2196.94042969 81.51660156 1274.74316406
v 1900.93359375 81.51660156 1280.35351562
v -5384.17578125 764.49511719 1411.10253906
v 8047.74414062 536.83593750 1412.92285156
v -5156.51562500 764.49511719 1444.37109375
v 79.65625000 81.51660156 1324.17968750
v 307.31640625 81.51660156 1318.84375000
v -1969.28125000 81.51660156 1290.72460938
v -1741.62109375 81.51660156 1298.16601562
v 2356.25390625 2130.45410156 1269.40039062
v -2879.91992188 81.51660156 1233.53027344
v 2583.91210938 2130.45410156 1369.99023438
v -6522.47412109 764.49511719 1235.38183594
v 10096.68164062 1447.47460938 1310.17675781
v -6294.81445312 764.49511719 1271.46777344
v 10324.34179688 1447.47460938 1254.85253906
v 2811.57226562 2130.45410156 1279.54589844
v -6522.47412109 992.15527344 1248.98535156
v 10096.68164062 1675.13378906 1342.34765625
v -1513.96093750 81.51660156 1303.34472656
v 10324.34179688 1675.13378906 1251.51562500
v -6294.81445312 992.15527344 1279.30078125
v 534.97558594 81.51660156 1314.70605469
v 10324.34179688 1902.79394531 1252.77832031
v -1286.30175781 81.51660156 1304.63964844
v -5839.49511719 309.17675781 1254.93066406
v 762.63476562 81.51660156 1307.10742188
v -1058.64257812 81.51660156 1307.71875000
v 990.29492188 81.51660156 1299.70312500
v 9186.04296875 1902.79394531 1273.08105469
v -6067.15429688 536.83593750 1297.39062500
v -830.98242188 81.51660156 1308.91894531
v 1217.95507812 81.51660156 1294.50976562
v 9869.02148438 1902.79394531 1426.70898438
v -5384.17578125 992.15527344 1401.60156250
v -603.32226562 81.51660156 1316.23144531
v 4632.84960938 1902.79394531 1298.41406250
v -5839.49511719 536.83593750 1333.08105469
v -375.66308594 81.51660156 1320.92089844
v 3722.21093750 81.51660156 1261.91796875
v -5611.83593750 309.17675781 1290.33886719
v -148.00390625 81.51660156 1323.80566406
v 3949.87109375 81.51660156 1258.29882812
v -5384.17578125 309.17675781 1321.36230469
v 1445.61425781 81.51660156 1291.07421875
v -5611.83593750 536.83593750 1368.70800781
v -5156.51562500 992.15527344 1427.41601562
v 1673.27343750 81.51660156 1285.89941406
v 4177.53125000 81.51660156 1252.02148438
v -6067.15429688 764.49511719 1304.58886719
v -4928.85644531 992.15527344 1456.76953125
v 7364.76562500 1902.79394531 1244.56835938
v -5839.49511719 764.49511719 1342.30957031
v 4405.18945312 81.51660156 1246.27734375
v 2128.59375000 81.51660156 1277.24121094
v 4632.84960938 81.51660156 1243.95214844
v -6067.15429688 992.15527344 1310.25683594
v -4473.53710938 309.17675781 1449.29003906
v 4860.50976562 81.51660156 1240.80468750
v 2356.25390625 81.51660156 1273.75000000
v 5088.16796875 81.51660156 1236.27148438
v 8275.40429688 536.83593750 1363.55371094
v 8275.40429688 764.49511719 1448.54687500
v 7137.10546875 309.17675781 1415.22753906
v 8503.06445312 536.83593750 1314.40429688
v 8730.72265625 536.83593750 1264.85351562
v -5839.49511719 992.15527344 1343.01757812
v 8503.06445312 764.49511719 1408.26269531
v -5611.83593750 764.49511719 1377.37011719
v 8730.72265625 764.49511719 1368.39453125
v -5611.83593750 992.15527344 1373.32812500
v -6750.13378906 1219.81542969 1246.36425781
v 8730.72265625 992.15527344 1435.49804688
v -6750.13378906 1447.47460938 1284.62695312
v 8958.38281250 764.49511719 1329.72558594
v 2583.91210938 81.51660156 1272.68554688
v 9186.04296875 764.49511719 1298.66796875
v -5156.51562500 309.17675781 1353.25000000
v 2811.57226562 81.51660156 1271.29785156
v 8958.38281250 992.15527344 1407.81152344
v -4928.85644531 309.17675781 1384.84765625
v -6522.47412109 1219.81542969 1286.65527344
v 9186.04296875 992.15527344 1381.83593750
v -6294.81445312 1219.81542969 1317.95117188
v -4701.19726562 309.17675781 1416.57617188
v 7364.76562500 309.17675781 1366.78027344
v 9413.70312500 764.49511719 1266.61621094
v -6522.47412109 1447.47460938 1328.09277344
v 3039.23242188 81.51660156 1268.65917969
v 3266.89062500 81.51660156 1264.96484375
v 9413.70312500 992.15527344 1354.87597656
v -6294.81445312 1447.47460938 1357.74023438
v 3494.55078125 81.51660156 1263.45410156
v 7592.42578125 309.17675781 1311.12792969
v -6522.47412109 1675.13378906 1280.53222656
v 9641.36328125 992.15527344 1324.81152344
v -6294.81445312 1675.13378906 1301.14257812
v 7820.08593750 309.17675781 1246.09863281
v 307.31640625 2130.45410156 1253.08789062
v -6067.15429688 1219.81542969 1348.91113281
v 9869.02148438 992.15527344 1278.95605469
v -5839.49511719 1219.81542969 1380.86132812
v -6067.15429688 1447.47460938 1387.28613281
v -5839.49511719 1447.47460938 1420.12597656
v 7592.42578125 1447.47460938 1236.19824219
v 1445.61425781 2130.45410156 1256.69531250
v -5611.83593750 1219.81542969 1408.74218750
v 7820.08593750 1447.47460938 1231.87695312
v -5384.17578125 1219.81542969 1431.19921875
v 1673.27343750 2130.45410156 1238.50976562
v 8047.74414062 1447.47460938 1256.83789062
v -5611.83593750 1447.47460938 1451.26660156
v 8275.40429688 1447.47460938 1262.02050781
v -6067.15429688 1675.13378906 1324.16503906
v 7592.42578125 1675.13378906 1299.89062500
v -5839.49511719 1675.13378906 1350.92578125
v 8047.74414062 1675.13378906 1274.92285156
v -5611.83593750 1675.13378906 1382.23046875
v 8275.40429688 1675.13378906 1297.75195312
v -5384.17578125 1675.13378906 1415.04687500
v 8047.74414062 1902.79394531 1242.73730469
v 8275.40429688 1902.79394531 1279.37890625
v -5156.51562500 1219.81542969 1451.89062500
v 8730.72265625 1219.81542969 1436.51855469
v 8503.06445312 1447.47460938 1271.09765625
v -5156.51562500 1675.13378906 1456.10937500
v 8730.72265625 1447.47460938 1289.79589844
v 8958.38281250 1219.81542969 1407.10644531
v 9186.04296875 1219.81542969 1386.86914062
v 8958.38281250 1447.47460938 1310.00292969
v 9186.04296875 1447.47460938 1321.78906250
v 8503.06445312 1675.13378906 1291.05664062
v 8730.72265625 1675.13378906 1301.48535156
v 8503.06445312 1902.79394531 1276.42871094
v 8730.72265625 1902.79394531 1280.89550781
v 8958.38281250 1675.13378906 1334.34863281
v 9186.04296875 1675.13378906 1356.22558594
v 8958.38281250 1902.79394531 1269.71875000
v 9413.70312500 1219.81542969 1370.05468750
v 9641.36328125 1219.81542969 1351.66894531
v 9413.70312500 1447.47460938 1327.96093750
v 9641.36328125 1447.47460938 1333.57226562
v 9869.02148438 1219.81542969 1328.49414062
v 10096.68164062 1219.81542969 1284.71191406
v 9869.02148438 1447.47460938 1332.70410156
v 9413.70312500 1675.13378906 1371.56933594
v 9641.36328125 1675.13378906 1380.94140625
v 9869.02148438 1675.13378906 1347.09765625
v -3107.57910156 517.73730469 1685.23339844
v -1741.62109375 1852.83203125 1685.23339844
v -3152.85839844 536.83593750 1685.23339844
v 1900.93359375 1989.91210938 1685.23339844
v 3722.21093750 1891.28515625 1685.23339844
v 1900.93359375 270.89355469 1685.23339844
v 3949.87109375 1888.31250000 1685.23339844
v -1513.96093750 1861.63769531 1685.23339844
v 2128.59375000 2058.27246094 1685.23339844
v 4177.53125000 1886.66015625 1685.23339844
v 2356.25390625 1956.88769531 1685.23339844
v 7364.76562500 1241.22851562 1685.23339844
v 4405.18945312 1897.49707031 1685.23339844
v 7449.41015625 1447.47460938 1685.23339844
v 2583.91210938 2030.17382812 1685.23339844
v -1286.30175781 1882.99023438 1685.23339844
v 4632.84960938 1895.25976562 1685.23339844
v 9303.25000000 1902.79394531 1685.23339844
v 7508.34960938 1675.13378906 1685.23339844
v -1058.64257812 1887.30957031 1685.23339844
v 4860.50976562 1895.45507812 1685.23339844
v -2879.91992188 452.32226562 1685.23339844
v -830.98242188 1877.32226562 1685.23339844
v 2128.59375000 271.03222656 1685.23339844
v 2811.57226562 2033.73730469 1685.23339844
v 5088.16796875 1896.70605469 1685.23339844
v 2356.25390625 271.38281250 1685.23339844
v -603.32226562 1878.85156250 1685.23339844
v 2583.91210938 272.72753906 1685.23339844
v 2811.57226562 272.50585938 1685.23339844
v 7372.23632812 1902.79394531 1685.23339844
v -375.66308594 1886.72167969 1685.23339844
v 3039.23242188 273.09472656 1685.23339844
v -288.82128906 1902.79394531 1685.23339844
v 3266.89062500 274.91894531 1685.23339844
v -2652.25976562 411.08984375 1685.23339844
v 3494.55078125 276.15625000 1685.23339844
v -148.00390625 1944.66894531 1685.23339844
v 3039.23242188 1915.13964844 1685.23339844
v 79.65625000 2053.46191406 1685.23339844
v -3107.57910156 550.42871094 1685.23339844
v 3722.21093750 275.51953125 1685.23339844
v -3043.58007812 764.49511719 1685.23339844
v 3097.49414062 1902.79394531 1685.23339844
v -2879.91992188 814.36230469 1685.23339844
v 7364.76562500 1905.29394531 1685.23339844
v 307.31640625 1996.90136719 1685.23339844
v 3949.87109375 278.57421875 1685.23339844
v 534.97558594 1939.49023438 1685.23339844
v 9413.70312500 1798.36914062 1685.23339844
v 4177.53125000 284.18750000 1685.23339844
v 762.63476562 2065.95898438 1685.23339844
v -2652.25976562 878.80175781 1685.23339844
v 9641.36328125 1840.20703125 1685.23339844
v 4405.18945312 292.02539062 1685.23339844
v 79.65625000 249.08203125 1685.23339844
v 9661.48828125 1902.79394531 1685.23339844
v -2424.59960938 379.66894531 1685.23339844
v 4632.84960938 303.72363281 1685.23339844
v -2196.94042969 354.50195312 1685.23339844
v 9413.70312500 2028.45800781 1685.23339844
v 4736.50000000 309.17675781 1685.23339844
v 990.29492188 2016.95410156 1685.23339844
v -1969.28125000 333.92089844 1685.23339844
v 9641.36328125 1983.59863281 1685.23339844
v 1217.95507812 1978.27832031 1685.23339844
v 4860.50976562 316.35156250 1685.23339844
v 307.31640625 253.34472656 1685.23339844
v 5315.82812500 1896.56738281 1685.23339844
v -1741.62109375 320.96777344 1685.23339844
v 1445.61425781 2070.20898438 1685.23339844
v 5088.16796875 329.29882812 1685.23339844
v 534.97558594 254.08984375 1685.23339844
v -2424.59960938 928.28320312 1685.23339844
v 1673.27343750 1972.71093750 1685.23339844
v 5315.82812500 346.79003906 1685.23339844
v -2196.94042969 990.66894531 1685.23339844
v 762.63476562 258.54785156 1685.23339844
v 5543.48828125 369.49609375 1685.23339844
v 990.29492188 262.48632812 1685.23339844
v -2190.06933594 992.15527344 1685.23339844
v 3266.89062500 1882.89941406 1685.23339844
v 5771.14843750 397.20703125 1685.23339844
v 1217.95507812 265.04687500 1685.23339844
v 1445.61425781 264.66894531 1685.23339844
v 5540.34765625 1902.79394531 1685.23339844
v 5543.48828125 1902.95019531 1685.23339844
v 1673.27343750 268.40527344 1685.23339844
v 6226.46679688 1902.00878906 1685.23339844
v 6216.93164062 1902.79394531 1685.23339844
v -1286.30175781 297.39160156 1685.23339844
v 6383.11914062 1902.79394531 1685.23339844
v -1502.65527344 309.17675781 1685.23339844
v 6736.21875000 992.15527344 1685.23339844
v -1513.96093750 309.82031250 1685.23339844
v 6909.44531250 1080.96972656 1685.23339844
v -1058.64257812 286.30371094 1685.23339844
v 7137.10546875 1151.02246094 1685.23339844
v 5998.80859375 430.84082031 1685.23339844
v 7327.73632812 1219.81542969 1685.23339844
v -830.98242188 275.09179688 1685.23339844
v 3494.55078125 1888.67773438 1685.23339844
v 6226.46679688 471.74316406 1685.23339844
v 5771.14843750 1931.64550781 1685.23339844
v -603.32226562 265.08300781 1685.23339844
v 6454.12695312 533.32812500 1685.23339844
v -375.66308594 255.34570312 1685.23339844
v 5998.80859375 1923.29589844 1685.23339844
v -148.00390625 247.78027344 1685.23339844
v 6454.12695312 1902.84472656 1685.23339844
v 6464.51562500 536.83593750 1685.23339844
v 6681.78710938 1904.21093750 1685.23339844
v 6681.78710938 687.19628906 1685.23339844
v 6909.44531250 1907.29492188 1685.23339844
v -2652.25976562 1434.37011719 1685.23339844
v 6751.27539062 764.49511719 1685.23339844
v -2683.21289062 1447.47460938 1685.23339844
v 7137.10546875 1913.26464844 1685.23339844
v -2704.07910156 1675.13378906 1685.23339844
v -2652.25976562 1687.60546875 1685.23339844
v -2196.94042969 1039.53417969 1685.23339844
v -2204.83789062 1219.81542969 1685.23339844
v -2424.59960938 1339.28320312 1685.23339844
v -2424.59960938 1748.07519531 1685.23339844
v -2196.94042969 1800.16699219 1685.23339844
v -1969.28125000 1848.95312500 1685.23339844
v -4928.85644531 536.83593750 1470.85058594
v -3562.89843750 309.17675781 1550.79199219
v -4928.85644531 764.49511719 1479.90332031
v -2196.94042969 1902.79394531 1491.05468750
v 10096.68164062 1902.79394531 1569.96679688
v 3266.89062500 1902.79394531 1647.23535156
v -4701.19726562 536.83593750 1505.29003906
v -1969.28125000 1902.79394531 1573.96191406
v 3494.55078125 1902.79394531 1610.06152344
v -4473.53710938 536.83593750 1538.63378906
v -1741.62109375 1902.79394531 1576.11035156
v 3722.21093750 1902.79394531 1624.78515625
v 3949.87109375 1902.79394531 1615.85253906
v -1513.96093750 1902.79394531 1568.59863281
v -4701.19726562 764.49511719 1512.30175781
v 4860.50976562 309.17675781 1678.94238281
v -1286.30175781 1902.79394531 1620.45507812
v -4473.53710938 764.49511719 1544.05566406
v 4177.53125000 1902.79394531 1582.39453125
v -1058.64257812 1902.79394531 1634.22753906
v -4701.19726562 992.15527344 1489.62109375
v 5088.16796875 309.17675781 1668.43750000
v -4473.53710938 992.15527344 1516.91210938
v 4405.18945312 1902.79394531 1636.68164062
v 5315.82812500 309.17675781 1655.42089844
v 4632.84960938 1902.79394531 1636.51660156
v -4245.87695312 309.17675781 1481.75976562
v -830.98242188 1902.79394531 1596.73144531
v 5543.48828125 309.17675781 1637.21875000
v -4018.21777344 309.17675781 1507.32519531
v 4860.50976562 1902.79394531 1632.53613281
v -4245.87695312 536.83593750 1570.47753906
v -603.32226562 1902.79394531 1566.75390625
v 5088.16796875 1902.79394531 1649.36425781
v -3335.23828125 309.17675781 1569.75000000
v 5771.14843750 309.17675781 1615.39941406
v -375.66308594 1902.79394531 1646.42187500
v 5315.82812500 1902.79394531 1654.12207031
v 5998.80859375 309.17675781 1591.60058594
v -4018.21777344 536.83593750 1597.95410156
v -3107.57910156 309.17675781 1586.69335938
v -3790.55859375 309.17675781 1530.76855469
v 6226.46679688 309.17675781 1564.61230469
v -3562.89843750 536.83593750 1644.94726562
v -3790.55859375 536.83593750 1622.35546875
v 6454.12695312 309.17675781 1534.11914062
v -3335.23828125 536.83593750 1667.34472656
v -4245.87695312 764.49511719 1574.90722656
v 6226.46679688 1902.79394531 1680.25878906
v -4018.21777344 764.49511719 1600.85058594
v -2879.91992188 309.17675781 1602.07226562
v 6681.78710938 309.17675781 1499.33105469
v 6909.44531250 992.15527344 1670.26171875
v -4245.87695312 992.15527344 1546.13378906
v 6909.44531250 309.17675781 1461.03515625
v -2652.25976562 309.17675781 1617.74902344
v -4018.21777344 992.15527344 1571.38769531
v 6681.78710938 536.83593750 1653.01367188
v -3790.55859375 764.49511719 1620.04003906
v 6909.44531250 536.83593750 1617.53906250
v -3562.89843750 764.49511719 1638.26953125
v -3335.23828125 764.49511719 1657.96386719
v 7137.10546875 992.15527344 1648.44921875
v -3107.57910156 764.49511719 1679.79003906
v 7364.76562500 992.15527344 1629.28027344
v -3562.89843750 992.15527344 1600.63769531
v 7364.76562500 1219.81542969 1677.55273438
v -3790.55859375 992.15527344 1589.00488281
v -3335.23828125 992.15527344 1615.30371094
v -3107.57910156 992.15527344 1631.18066406
v 7137.10546875 536.83593750 1581.45117188
v -5384.17578125 1447.47460938 1473.79296875
v -2879.91992188 992.15527344 1643.25585938
v 7364.76562500 536.83593750 1542.68554688
v 7592.42578125 536.83593750 1503.51464844
v -4928.85644531 1219.81542969 1476.66210938
v -2652.25976562 992.15527344 1655.38769531
v -5156.51562500 1447.47460938 1497.56738281
v -2424.59960938 309.17675781 1633.41796875
v -4928.85644531 1447.47460938 1519.81054688
v -2196.94042969 309.17675781 1648.68066406
v -4701.19726562 1219.81542969 1501.50390625
v -4473.53710938 1219.81542969 1523.49316406
v -1969.28125000 309.17675781 1663.98437500
v -4701.19726562 1447.47460938 1537.88476562
v -4473.53710938 1447.47460938 1558.48144531
v -1741.62109375 309.17675781 1675.06347656
v -4928.85644531 1675.13378906 1479.52343750
v -2424.59960938 992.15527344 1666.69238281
v 6909.44531250 764.49511719 1665.24023438
v -4701.19726562 1675.13378906 1486.76757812
v -2196.94042969 992.15527344 1684.74511719
v -4473.53710938 1675.13378906 1504.97167969
v 7137.10546875 764.49511719 1637.93750000
v -1513.96093750 309.17675781 1684.67089844
v 7364.76562500 764.49511719 1609.90917969
v -4245.87695312 1219.81542969 1550.41503906
v 7820.08593750 536.83593750 1460.76074219
v -4018.21777344 1219.81542969 1574.89843750
v -4245.87695312 1447.47460938 1580.82128906
v 7592.42578125 764.49511719 1577.89062500
v -4018.21777344 1447.47460938 1598.61718750
v 7820.08593750 764.49511719 1538.88867188
v -3790.55859375 1219.81542969 1593.24316406
v 7592.42578125 992.15527344 1600.35742188
v -3562.89843750 1219.81542969 1607.01171875
v 7820.08593750 992.15527344 1569.95312500
v -3335.23828125 1219.81542969 1622.96582031
v -3790.55859375 1447.47460938 1615.76757812
v -3107.57910156 1219.81542969 1636.36914062
v -3562.89843750 1447.47460938 1633.06933594
v -3335.23828125 1447.47460938 1647.95410156
v -4245.87695312 1675.13378906 1538.85546875
v -3107.57910156 1447.47460938 1661.56250000
v -4018.21777344 1675.13378906 1552.26464844
v -2879.91992188 1219.81542969 1649.96875000
v -2652.25976562 1219.81542969 1661.57812500
v 8047.74414062 764.49511719 1495.85351562
v -3790.55859375 1675.13378906 1577.80566406
v 8047.74414062 992.15527344 1537.03320312
v -2879.91992188 1447.47460938 1675.60253906
v -3562.89843750 1675.13378906 1607.35058594
v 8275.40429688 992.15527344 1503.09667969
v -3335.23828125 1675.13378906 1633.55664062
v -3107.57910156 1675.13378906 1648.81933594
v 8503.06445312 992.15527344 1469.55273438
v -2879.91992188 1675.13378906 1667.75878906
v 7592.42578125 1219.81542969 1564.92187500
v -2424.59960938 1219.81542969 1673.15820312
v 7820.08593750 1219.81542969 1531.46484375
v 8047.74414062 1219.81542969 1516.08984375
v 8275.40429688 1219.81542969 1487.35449219
v 8503.06445312 1219.81542969 1459.35253906
v 2811.57226562 536.83593750 1833.88378906
v 9413.70312500 1902.79394531 1732.60253906
v -3107.57910156 536.83593750 1690.21191406
v 3039.23242188 536.83593750 1832.29199219
v 9641.36328125 1902.79394531 1704.06933594
v 3722.21093750 309.17675781 1718.34082031
v -2879.91992188 536.83593750 1712.60839844
v 3949.87109375 309.17675781 1714.27050781
v -2879.91992188 764.49511719 1700.09277344
v 5543.48828125 1902.79394531 1685.45996094
v -2652.25976562 536.83593750 1732.55761719
v 2811.57226562 764.49511719 1820.75878906
v -2652.25976562 764.49511719 1721.53027344
v 5543.48828125 992.15527344 1737.17089844
v 3039.23242188 764.49511719 1816.38378906
v 4177.53125000 309.17675781 1708.71582031
v 5771.14843750 992.15527344 1737.67089844
v 3266.89062500 536.83593750 1830.19628906
v 3722.21093750 536.83593750 1826.35644531
v 3266.89062500 764.49511719 1811.99316406
v -2424.59960938 536.83593750 1751.27050781
v 2811.57226562 992.15527344 1755.76269531
v -2196.94042969 536.83593750 1770.14550781
v 3039.23242188 992.15527344 1749.54003906
v -1969.28125000 536.83593750 1786.98925781
v 3266.89062500 992.15527344 1748.84082031
v 5543.48828125 1219.81542969 1782.78417969
v 3949.87109375 536.83593750 1822.50097656
v -1741.62109375 536.83593750 1798.02832031
v 5771.14843750 1219.81542969 1778.27246094
v 3494.55078125 536.83593750 1828.54003906
v 4177.53125000 536.83593750 1815.93457031
v -2424.59960938 764.49511719 1741.06152344
v 3494.55078125 764.49511719 1807.95605469
v -2196.94042969 764.49511719 1763.15136719
v 4405.18945312 309.17675781 1700.97753906
v 5998.80859375 992.15527344 1732.40917969
v 3722.21093750 764.49511719 1804.67285156
v 5998.80859375 1219.81542969 1772.54785156
v -1969.28125000 764.49511719 1781.30175781
v 3494.55078125 992.15527344 1747.74121094
v 4632.84960938 309.17675781 1690.13574219
v 5543.48828125 1447.47460938 1828.28613281
v -1741.62109375 764.49511719 1793.50878906
v 5771.14843750 1447.47460938 1829.30175781
v 3722.21093750 992.15527344 1743.94238281
v -1969.28125000 992.15527344 1699.36230469
v 4405.18945312 536.83593750 1808.19042969
v 5998.80859375 1447.47460938 1828.57324219
v -1741.62109375 992.15527344 1709.92089844
v -1741.62109375 1447.47460938 1734.87011719
v 6226.46679688 992.15527344 1725.48144531
v 4632.84960938 536.83593750 1798.52050781
v 3949.87109375 764.49511719 1801.05957031
v 4177.53125000 764.49511719 1797.45800781
v 3949.87109375 992.15527344 1744.08300781
v 79.65625000 992.15527344 1777.89746094
v 4177.53125000 992.15527344 1745.35253906
v 4405.18945312 764.49511719 1794.43457031
v 4632.84960938 764.49511719 1788.04003906
v 4405.18945312 992.15527344 1748.93066406
v -1286.30175781 309.17675781 1695.48730469
v 4632.84960938 992.15527344 1751.12207031
v 307.31640625 992.15527344 1774.05371094
v 79.65625000 1219.81542969 1771.54589844
v 6226.46679688 1219.81542969 1767.99511719
v 4860.50976562 536.83593750 1788.42871094
v -1513.96093750 536.83593750 1805.41503906
v 307.31640625 1219.81542969 1769.71386719
v 5088.16796875 536.83593750 1778.27246094
v -1286.30175781 536.83593750 1813.18261719
v 534.97558594 992.15527344 1771.33886719
v 5315.82812500 536.83593750 1767.78613281
v 6454.12695312 992.15527344 1712.86230469
v 534.97558594 1219.81542969 1769.57714844
v -1058.64257812 309.17675781 1704.87207031
v 6454.12695312 1219.81542969 1759.51464844
v 5543.48828125 536.83593750 1756.74121094
v -830.98242188 309.17675781 1715.47949219
v 6226.46679688 1447.47460938 1824.03027344
v 4860.50976562 764.49511719 1780.68847656
v -1058.64257812 536.83593750 1820.73535156
v 6454.12695312 1447.47460938 1820.39160156
v -1513.96093750 1447.47460938 1742.98535156
v -830.98242188 536.83593750 1829.02441406
v 5543.48828125 1675.13378906 1836.25292969
v 5088.16796875 764.49511719 1772.34082031
v 5771.14843750 1675.13378906 1848.93457031
v -1513.96093750 764.49511719 1801.13378906
v -1741.62109375 1675.13378906 1753.55761719
v 4860.50976562 992.15527344 1747.89941406
v 79.65625000 1447.47460938 1799.32519531
v -1513.96093750 1675.13378906 1763.62792969
v -1286.30175781 764.49511719 1809.76074219
v 5088.16796875 992.15527344 1747.26269531
v 307.31640625 1447.47460938 1799.81738281
v -1286.30175781 1447.47460938 1752.68652344
v 5998.80859375 1675.13378906 1848.10449219
v 534.97558594 1447.47460938 1800.13378906
v 5315.82812500 764.49511719 1763.18652344
v -1513.96093750 992.15527344 1719.38769531
v 5771.14843750 1902.79394531 1729.18457031
v 5543.48828125 764.49511719 1757.10644531
v -1286.30175781 992.15527344 1729.91308594
v -1286.30175781 1675.13378906 1775.25097656
v 5998.80859375 1902.79394531 1718.51464844
v -1058.64257812 764.49511719 1818.03613281
v 762.63476562 992.15527344 1768.28613281
v 5315.82812500 992.15527344 1742.40527344
v 762.63476562 1219.81542969 1770.10644531
v 5771.14843750 536.83593750 1745.55957031
v 990.29492188 992.15527344 1769.61621094
v -1058.64257812 1447.47460938 1761.81347656
v -1058.64257812 1675.13378906 1781.57324219
v -830.98242188 1447.47460938 1770.99902344
v -830.98242188 1675.13378906 1786.30957031
v 5998.80859375 536.83593750 1733.01269531
v -830.98242188 992.15527344 1748.43457031
v -603.32226562 992.15527344 1756.66699219
v -830.98242188 764.49511719 1825.11816406
v 6226.46679688 536.83593750 1714.99511719
v -830.98242188 1219.81542969 1741.42480469
v 6454.12695312 536.83593750 1686.82324219
v -1058.64257812 992.15527344 1739.74707031
v -603.32226562 1219.81542969 1749.67675781
v 990.29492188 1219.81542969 1771.65722656
v 5771.14843750 764.49511719 1753.12792969
v -375.66308594 992.15527344 1767.79199219
v -603.32226562 309.17675781 1726.52636719
v 762.63476562 1447.47460938 1799.60058594
v -375.66308594 1219.81542969 1762.60839844
v 5998.80859375 764.49511719 1746.92285156
v 990.29492188 1447.47460938 1797.79199219
v -375.66308594 309.17675781 1736.26464844
v -603.32226562 1447.47460938 1780.15332031
v -603.32226562 536.83593750 1838.96777344
v -375.66308594 1447.47460938 1789.47167969
v 6226.46679688 764.49511719 1735.73730469
v 79.65625000 1675.13378906 1853.37402344
v -148.00390625 992.15527344 1778.46777344
v 307.31640625 1675.13378906 1843.10058594
v 6454.12695312 764.49511719 1718.15722656
v -148.00390625 1219.81542969 1772.22949219
v 534.97558594 1675.13378906 1828.70996094
v -148.00390625 1447.47460938 1798.63964844
v 79.65625000 1902.79394531 1884.97363281
v 6226.46679688 1675.13378906 1836.47363281
v 307.31640625 1902.79394531 1827.77050781
v -603.32226562 1675.13378906 1797.38964844
v 6681.78710938 764.49511719 1694.52832031
v 534.97558594 1902.79394531 1742.45214844
v -375.66308594 1675.13378906 1810.63183594
v -375.66308594 536.83593750 1848.31347656
v 6454.12695312 1675.13378906 1833.93066406
v 762.63476562 1675.13378906 1843.07519531
v 6681.78710938 992.15527344 1690.46191406
v -148.00390625 309.17675781 1744.00097656
v 990.29492188 1675.13378906 1834.07910156
v -148.00390625 1675.13378906 1830.10058594
v 79.65625000 309.17675781 1744.29785156
v 762.63476562 1902.79394531 1875.59667969
v 3722.21093750 1219.81542969 1763.76855469
v 6454.12695312 1902.79394531 1685.30566406
v 990.29492188 1902.79394531 1825.43652344
v -148.00390625 536.83593750 1856.15527344
v 3949.87109375 1219.81542969 1769.31933594
v -148.00390625 1902.79394531 1740.70410156
v 4177.53125000 1219.81542969 1772.92871094
v 3722.21093750 1447.47460938 1799.74902344
v 307.31640625 309.17675781 1740.46386719
v 3949.87109375 1447.47460938 1801.92089844
v 1217.95507812 992.15527344 1767.02832031
v 534.97558594 309.17675781 1738.93457031
v 4177.53125000 1447.47460938 1804.78417969
v 1217.95507812 1219.81542969 1768.80566406
v 4405.18945312 1219.81542969 1776.22558594
v 79.65625000 536.83593750 1857.33886719
v 1445.61425781 992.15527344 1765.36816406
v 307.31640625 536.83593750 1854.65917969
v 1445.61425781 1219.81542969 1769.78027344
v 534.97558594 536.83593750 1851.40722656
v 4632.84960938 1219.81542969 1782.11230469
v 762.63476562 309.17675781 1734.92871094
v 4405.18945312 1447.47460938 1806.73925781
v -603.32226562 764.49511719 1833.68847656
v 4632.84960938 1447.47460938 1812.32714844
v -375.66308594 764.49511719 1842.55175781
v 990.29492188 309.17675781 1732.11621094
v 3722.21093750 1675.13378906 1818.92480469
v -148.00390625 764.49511719 1850.67675781
v 762.63476562 536.83593750 1849.39160156
v 6681.78710938 1219.81542969 1742.29199219
v 990.29492188 536.83593750 1847.48535156
v 3949.87109375 1675.13378906 1818.70605469
v 6909.44531250 1219.81542969 1725.02832031
v 79.65625000 764.49511719 1851.66113281
v 4177.53125000 1675.13378906 1818.65527344
v 307.31640625 764.49511719 1848.60644531
v -2652.25976562 1447.47460938 1686.83496094
v 534.97558594 764.49511719 1844.88183594
v 4405.18945312 1675.13378906 1823.26074219
v -2652.25976562 1675.13378906 1690.36816406
v 4632.84960938 1675.13378906 1827.99902344
v 762.63476562 764.49511719 1841.70605469
v 6681.78710938 1447.47460938 1819.28417969
v 990.29492188 764.49511719 1839.66503906
v -2196.94042969 1219.81542969 1685.74121094
v 6909.44531250 1447.47460938 1820.32324219
v 4860.50976562 1219.81542969 1785.73339844
v 7137.10546875 1219.81542969 1711.08105469
v 5088.16796875 1219.81542969 1790.40917969
v 1217.95507812 309.17675781 1730.45605469
v -2424.59960938 1447.47460938 1698.08105469
v 4860.50976562 1447.47460938 1821.43652344
v 1445.61425781 309.17675781 1730.77246094
v -2196.94042969 1447.47460938 1708.89160156
v 7137.10546875 1447.47460938 1821.55957031
v 5088.16796875 1447.47460938 1828.23535156
v 1217.95507812 1447.47460938 1794.83496094
v 7364.76562500 1447.47460938 1772.32324219
v 5315.82812500 1219.81542969 1789.22949219
v 1445.61425781 1447.47460938 1793.13964844
v 1217.95507812 536.83593750 1846.09277344
v -1969.28125000 1219.81542969 1701.40722656
v 1445.61425781 536.83593750 1845.15527344
v 5315.82812500 1447.47460938 1830.18652344
v 4860.50976562 1675.13378906 1834.28222656
v 1673.27343750 992.15527344 1763.89355469
v 5088.16796875 1675.13378906 1836.97558594
v 1673.27343750 1219.81542969 1771.55175781
v 1673.27343750 309.17675781 1726.67285156
v 1900.93359375 992.15527344 1761.89746094
v 5315.82812500 1675.13378906 1832.93652344
v 1900.93359375 1219.81542969 1773.44238281
v 1673.27343750 1447.47460938 1796.64160156
v 1900.93359375 309.17675781 1723.46386719
v 1900.93359375 1447.47460938 1801.06738281
v 1673.27343750 536.83593750 1841.99707031
v -1741.62109375 1219.81542969 1710.70019531
v 1900.93359375 536.83593750 1838.47167969
v 1217.95507812 1675.13378906 1825.25097656
v 1217.95507812 764.49511719 1838.09082031
v -1969.28125000 1447.47460938 1722.78808594
v 1445.61425781 1675.13378906 1839.77441406
v 1445.61425781 764.49511719 1836.19042969
v -2424.59960938 1675.13378906 1710.03027344
v 1217.95507812 1902.79394531 1784.36230469
v -2196.94042969 1675.13378906 1725.12988281
v 1445.61425781 1902.79394531 1880.67480469
v 1673.27343750 764.49511719 1833.28808594
v -1969.28125000 1675.13378906 1743.52636719
v 1673.27343750 1675.13378906 1827.84667969
v 1900.93359375 764.49511719 1829.07128906
v 1900.93359375 1675.13378906 1831.72167969
v 1673.27343750 1902.79394531 1785.06933594
v -1513.96093750 1219.81542969 1714.82519531
v 1900.93359375 1902.79394531 1808.91894531
v -1286.30175781 1219.81542969 1722.75878906
v 2128.59375000 309.17675781 1722.13378906
v 2356.25390625 309.17675781 1721.76074219
v -1058.64257812 1219.81542969 1731.22558594
v 2128.59375000 536.83593750 1837.71972656
v 2356.25390625 536.83593750 1836.83496094
v 2128.59375000 992.15527344 1759.22753906
v 2583.91210938 309.17675781 1721.01660156
v 2128.59375000 1219.81542969 1769.86621094
v 2811.57226562 309.17675781 1721.41113281
v 2356.25390625 992.15527344 1757.41308594
v 2583.91210938 536.83593750 1834.76269531
v 2356.25390625 1219.81542969 1767.28222656
v 2128.59375000 1447.47460938 1798.20996094
v 2128.59375000 764.49511719 1827.47753906
v 2356.25390625 764.49511719 1826.58300781
v 2583.91210938 764.49511719 1823.42480469
v 6681.78710938 1675.13378906 1836.76660156
v 2583.91210938 992.15527344 1758.12597656
v 2356.25390625 1447.47460938 1796.51269531
v 3039.23242188 309.17675781 1720.71582031
v 2583.91210938 1219.81542969 1768.18457031
v 3266.89062500 309.17675781 1720.27441406
v 6909.44531250 1675.13378906 1844.19042969
v 2811.57226562 1219.81542969 1767.14746094
v 3494.55078125 309.17675781 1719.44628906
v 6681.78710938 1902.79394531 1687.08105469
v 2583.91210938 1447.47460938 1797.08496094
v 6909.44531250 1902.79394531 1691.24316406
v 2811.57226562 1447.47460938 1798.42285156
v 7137.10546875 1675.13378906 1852.50878906
v 2128.59375000 1675.13378906 1841.14941406
v 7364.76562500 1675.13378906 1819.35644531
v 2356.25390625 1675.13378906 1827.69238281
v 7137.10546875 1902.79394531 1700.17089844
v 2128.59375000 1902.79394531 1876.62011719
v 7364.76562500 1902.79394531 1688.47753906
v 2356.25390625 1902.79394531 1762.29785156
v 2583.91210938 1675.13378906 1839.17675781
v 2811.57226562 1675.13378906 1841.43847656
v 2583.91210938 1902.79394531 1846.88769531
v 2811.57226562 1902.79394531 1854.00878906
v 3039.23242188 1219.81542969 1766.54394531
v 3266.89062500 1219.81542969 1767.84082031
v 3039.23242188 1447.47460938 1801.16503906
v 3266.89062500 1447.47460938 1803.67480469
v 3494.55078125 1219.81542969 1766.04785156
v 3494.55078125 1447.47460938 1800.34277344
v 3039.23242188 1675.13378906 1824.17089844
v 3266.89062500 1675.13378906 1818.06738281
v 3039.23242188 1902.79394531 1700.92285156
v 3494.55078125 1675.13378906 1817.74707031
f 139 128 135
f 131 128 139
f 150 131 139
f 147 131 150
f 139 135 152
f 152 155 139
f 158 139 155
f 150 139 158
f 164 147 150
f 161 147 164
f 143 161 164
f 164 160 143
f 166 150 158
f 164 150 166
f 172 164 166
f 160 164 172
f 180 176 182
f 182 187 180
f 193 180 187
f 191 180 193
f 200 182 196
f 187 182 200
f 193 187 200
f 200 204 193
f 211 191 193
f 207 191 211
f 227 207 211
f 211 234 227
f 211 193 204
f 204 238 211
f 234 211 238
f 238 241 234
f 256 196 248
f 200 196 256
f 259 200 256
f 204 200 259
f 265 248 263
f 256 248 265
f 268 256 265
f 259 256 268
f 272 204 259
f 238 204 272
f 274 238 272
f 241 238 274
f 276 259 268
f 272 259 276
f 290 272 276
f 274 272 290
f 296 227 234
f 234 298 296
f 301 296 298
f 298 303 301
f 298 234 241
f 241 307 298
f 303 298 307
f 307 314 303
f 318 301 303
f 317 301 318
f 323 317 318
f 319 317 323
f 326 303 314
f 318 303 326
f 323 318 326
f 326 327 323
f 330 241 274
f 307 241 330
f 333 307 330
f 314 307 333
f 336 274 290
f 330 274 336
f 337 330 336
f 333 330 337
f 339 314 333
f 326 314 339
f 341 326 339
f 327 326 341
f 344 333 337
f 339 333 344
f 348 339 344
f 341 339 348
f 5 263 3
f 265 263 5
f 10 265 5
f 268 265 10
f 12 268 10
f 276 268 12
f 17 276 12
f 290 276 17
f 336 290 17
f 17 22 336
f 26 336 22
f 337 336 26
f 30 337 26
f 344 337 30
f 32 344 30
f 348 344 32
f 359 319 323
f 357 319 359
f 363 357 359
f 362 357 363
f 359 323 327
f 327 366 359
f 363 359 366
f 366 369 363
f 373 362 363
f 363 374 373
f 152 373 374
f 374 376 152
f 378 363 369
f 374 363 378
f 379 374 378
f 376 374 379
f 381 327 341
f 366 327 381
f 383 366 381
f 369 366 383
f 385 341 348
f 381 341 385
f 386 381 385
f 383 381 386
f 390 369 383
f 378 369 390
f 392 378 390
f 379 378 392
f 394 383 386
f 390 383 394
f 397 390 394
f 392 390 397
f 399 152 376
f 155 152 399
f 158 155 399
f 399 401 158
f 403 376 379
f 399 376 403
f 405 399 403
f 401 399 405
f 166 158 401
f 401 406 166
f 172 166 406
f 406 277 172
f 406 401 405
f 405 408 406
f 287 406 408
f 277 406 287
f 411 379 392
f 403 379 411
f 413 403 411
f 405 403 413
f 415 392 397
f 411 392 415
f 36 411 415
f 36 413 411
f 36 35 413
f 408 405 413
f 413 417 408
f 329 408 417
f 287 408 329
f 38 413 35
f 417 413 38
f 40 417 38
f 329 417 40
f 42 348 32
f 385 348 42
f 63 385 42
f 386 385 63
f 121 386 63
f 394 386 121
f 123 394 121
f 397 394 123
f 415 397 123
f 123 126 415
f 36 415 126
f 771 799 1072
f 1072 1070 771
f 1072 821 1074
f 799 821 1072
f 821 824 1076
f 1076 1074 821
f 1076 831 1078
f 824 831 1076
f 831 836 1152
f 1152 1078 831
f 836 870 1155
f 1155 1152 836
f 870 877 1159
f 1159 1155 870
f 877 794 1163
f 1163 1159 877
f 1181 884 1171
f 887 884 1181
f 1189 887 1181
f 889 887 1189
f 1194 889 1189
f 891 889 1194
f 1194 1199 891
f 1199 1321 891
f 1321 893 891
f 1204 897 1321
f 897 893 1321
f 1204 1201 897
f 899 897 1201
f 1201 1209 899
f 1209 1334 899
f 1334 722 899
f 1209 1212 1334
f 1214 1334 1212
f 1223 1321 1199
f 1204 1321 1223
f 737 722 1334
f 1214 1232 1334
f 1232 744 1334
f 744 737 1334
f 1236 1346 1238
f 1241 1346 1236
f 1352 1346 1241
f 1243 1352 1241
f 1246 744 1232
f 753 744 1246
f 1247 753 1246
f 757 753 1247
f 1247 1238 757
f 1238 1346 757
f 1346 762 757
f 762 1346 1352
f 1352 774 762
f 1243 1251 1352
f 1251 783 1352
f 783 774 1352
f 784 783 1251
f 1251 1254 784
f 1258 784 1254
f 787 784 1258
f 1258 1260 787
f 1260 1305 787
f 1305 747 787
f 1172 1305 1260
f 1163 797 1265
f 794 797 1163
f 797 801 1055
f 1055 1265 797
f 1377 1072 1486
f 1070 1072 1377
f 1072 1074 1488
f 1488 1486 1072
f 1488 1076 1489
f 1074 1076 1488
f 1076 1078 1492
f 1492 1489 1076
f 1492 1152 1494
f 1078 1152 1492
f 1152 1155 1497
f 1497 1494 1152
f 1155 1159 1499
f 1499 1497 1155
f 1499 1163 1503
f 1159 1163 1499
f 1181 1171 1495
f 1495 1510 1181
f 1189 1181 1510
f 1510 1513 1189
f 1194 1189 1513
f 1513 1518 1194
f 1518 1199 1194
f 1518 1616 1199
f 1518 1522 1616
f 1522 1529 1616
f 1529 1204 1616
f 1529 1201 1204
f 1534 1201 1529
f 1209 1201 1534
f 1212 1209 1534
f 1534 1537 1212
f 1542 1212 1537
f 1214 1212 1542
f 1223 1199 1616
f 1616 1204 1223
f 1232 1214 1542
f 1542 1545 1232
f 1548 1238 1550
f 1236 1238 1548
f 1548 1621 1236
f 1621 1241 1236
f 1548 1553 1621
f 1243 1241 1621
f 1555 1232 1545
f 1246 1232 1555
f 1247 1246 1555
f 1555 1558 1247
f 1238 1247 1558
f 1558 1550 1238
f 1561 1621 1553
f 1561 1562 1621
f 1562 1251 1621
f 1251 1243 1621
f 1562 1567 1251
f 1567 1254 1251
f 1567 1630 1254
f 1570 1630 1567
f 1575 1573 1630
f 1573 1258 1630
f 1258 1254 1630
f 1583 1258 1573
f 1260 1258 1583
f 1575 1630 1570
f 1172 1260 1583
f 1583 1564 1172
f 1163 1265 1590
f 1590 1503 1163
f 1265 1055 1379
f 1379 1590 1265
f 1699 1440 1685
f 1445 1440 1699
f 1703 1445 1699
f 1449 1445 1703
f 1725 1449 1703
f 1458 1449 1725
f 1728 1458 1725
f 1464 1458 1728
f 1737 1464 1728
f 1472 1464 1737
f 1742 1472 1737
f 1475 1472 1742
f 1748 1475 1742
f 1479 1475 1748
f 1748 1751 1479
f 1751 1928 1479
f 1928 1495 1479
f 1727 1928 1751
f 1506 1523 1762
f 1762 1758 1506
f 1523 1533 1908
f 1908 1762 1523
f 1908 1536 1909
f 1533 1536 1908
f 1536 1541 1910
f 1910 1909 1536
f 1541 1543 1911
f 1911 1910 1541
f 1543 1544 1912
f 1912 1911 1543
f 1544 1546 1913
f 1913 1912 1544
f 1546 1377 1914
f 1914 1913 1546
f 1377 1486 1915
f 1915 1914 1377
f 1486 1488 1916
f 1916 1915 1486
f 1488 1489 1917
f 1917 1916 1488
f 1489 1492 1918
f 1918 1917 1489
f 1492 1494 1919
f 1919 1918 1492
f 1494 1497 1920
f 1920 1919 1494
f 1497 1499 1921
f 1921 1920 1497
f 1921 1503 1861
f 1499 1503 1921
f 2174 2343 2018
f 2345 2343 2174
f 2391 2343 2345
f 2350 2343 2391
f 2394 2345 2174
f 2174 2185 2394
f 2391 2345 2394
f 2394 2395 2391
f 2396 2399 2208
f 2208 2196 2396
f 2399 2402 2211
f 2211 2208 2399
f 2419 2396 2350
f 2399 2396 2419
f 2425 2399 2419
f 2402 2399 2425
f 2217 2402 2429
f 2402 2431 2429
f 2217 2211 2402
f 2431 1696 2429
f 1696 2433 2429
f 1696 1683 2433
f 2425 1708 2402
f 1708 1704 2402
f 1704 2431 2402
f 1704 1696 2431
f 2419 2350 2391
f 2391 2436 2419
f 2438 2419 2436
f 2425 2419 2438
f 2436 2391 2395
f 2395 2441 2436
f 2438 2436 2441
f 2441 2443 2438
f 1708 2425 2438
f 2438 1713 1708
f 1713 2438 2443
f 2443 1717 1713
f 2433 2444 2254
f 2254 2252 2433
f 2444 2445 2313
f 2313 2254 2444
f 2445 2446 2314
f 2314 2313 2445
f 2315 1729 1726
f 2315 2446 1729
f 2315 2314 2446
f 1726 1734 2317
f 2317 2315 1726
f 1734 1749 2318
f 2318 2317 1734
f 1749 1752 2320
f 2320 2318 1749
f 1752 1755 2166
f 2166 2320 1752
f 2433 1683 1759
f 1759 2444 2433
f 2444 1759 1763
f 1763 2445 2444
f 2445 1763 1767
f 1767 2446 2445
f 1767 1729 2446
f 2325 2447 2324
f 2186 2448 2327
f 2382 2448 2186
f 2325 2448 2447
f 2448 2449 2447
f 2325 2327 2448
f 2185 2324 2394
f 2324 2450 2394
f 2324 2447 2450
f 2395 2394 2450
f 2450 2451 2395
f 2450 2447 2449
f 2449 2452 2450
f 2452 1777 2450
f 1777 1774 2450
f 1774 2451 2450
f 2448 2382 2432
f 2432 2453 2448
f 2453 1781 2448
f 1781 2449 2448
f 2453 1782 1781
f 2453 2432 2261
f 2261 2329 2453
f 2329 2330 2453
f 2330 1782 2453
f 2330 1783 1782
f 2449 1781 1785
f 1785 2452 2449
f 1785 1777 2452
f 1789 1783 2330
f 2330 2331 1789
f 1790 1789 2331
f 2331 2332 1790
f 2441 2395 2451
f 2451 2454 2441
f 2454 1799 2441
f 1799 1792 2441
f 1792 2443 2441
f 2451 1774 1801
f 1801 2454 2451
f 1801 1799 2454
f 1792 1717 2443
f 2333 1790 2332
f 1806 1790 2333
f 2334 1806 2333
f 1809 1806 2334
f 1818 1809 2334
f 2334 2335 1818
f 1824 1818 2335
f 2335 2336 1824
f 2337 1824 2336
f 1835 1824 2337
f 2020 1835 2337
f 1682 1835 2020
f 2487 2240 2495
f 2236 2240 2487
f 2495 2242 2498
f 2240 2242 2495
f 2833 2022 2028
f 2562 2037 2833
f 2037 2022 2833
f 2562 2557 2037
f 2041 2037 2557
f 2557 2570 2041
f 2570 2897 2041
f 2897 2046 2041
f 2570 2574 2897
f 2056 2046 2897
f 2833 2028 2099
f 2099 2915 2833
f 2562 2915 2579
f 2833 2915 2562
f 2915 2099 2110
f 2660 2579 2924
f 2579 2116 2924
f 2579 2915 2116
f 2915 2110 2116
f 2669 2119 2666
f 2131 2119 2669
f 2690 2131 2669
f 2145 2131 2690
f 2149 2145 2690
f 2690 2697 2149
f 2697 2707 2149
f 2707 2924 2149
f 2924 2116 2149
f 2712 2897 2574
f 2660 2924 2724
f 2712 2734 2897
f 2734 2056 2897
f 2734 2933 2056
f 2933 2153 2056
f 2159 2153 2933
f 2938 2933 2734
f 2734 2735 2938
f 2740 2736 2938
f 2736 2933 2938
f 2736 2159 2933
f 2736 2163 2159
f 2724 2924 2707
f 2743 2938 2735
f 2945 2938 2743
f 2746 2945 2955
f 2746 2938 2945
f 2746 2740 2938
f 2749 2945 2743
f 2955 2945 2749
f 2749 2754 2955
f 2766 2190 2772
f 2170 2190 2766
f 2194 2170 2766
f 2766 2775 2194
f 2772 2163 2736
f 2190 2163 2772
f 2200 2194 2775
f 2775 2783 2200
f 2783 2205 2200
f 2783 2785 2205
f 2785 2958 2205
f 2216 2205 2958
f 2746 2955 2787
f 2787 2955 2754
f 2960 2958 2785
f 2785 2788 2960
f 2960 2961 2958
f 2961 2219 2958
f 2219 2216 2958
f 2789 2960 2788
f 2789 2961 2960
f 2789 2717 2961
f 2717 2867 2961
f 2963 2219 2961
f 2228 2219 2963
f 2232 2228 2963
f 2876 2961 2867
f 2963 2961 2876
f 2032 2963 2876
f 2232 2963 2032
f 2498 2257 2792
f 2242 2257 2498
f 2792 2259 2794
f 2257 2259 2792
f 2794 2278 2796
f 2259 2278 2794
f 2796 2281 2798
f 2278 2281 2796
f 2798 2287 2800
f 2281 2287 2798
f 2800 2292 2803
f 2287 2292 2800
f 2803 2296 2807
f 2292 2296 2803
f 2807 2025 2492
f 2296 2025 2807
f 3030 2495 3033
f 2487 2495 3030
f 2495 2498 3040
f 3040 3033 2495
f 2557 2562 3053
f 3053 3050 2557
f 3057 2557 3050
f 2570 2557 3057
f 2574 2570 3057
f 3057 3060 2574
f 3088 2562 3330
f 2562 2579 3330
f 3088 3053 2562
f 3330 2579 2660
f 3104 2666 3097
f 2669 2666 3104
f 2690 2669 3104
f 3104 3112 2690
f 3119 2690 3112
f 2697 2690 3119
f 2707 2697 3119
f 3119 3135 2707
f 3088 3330 3141
f 3060 2712 2574
f 3060 3340 2712
f 3060 3145 3340
f 3156 3330 2724
f 3330 2660 2724
f 3156 3141 3330
f 3161 3340 3145
f 3356 3340 3161
f 2734 2712 3340
f 2734 3340 3356
f 3356 2735 2734
f 3361 2736 2740
f 3156 2707 3135
f 2724 2707 3156
f 3186 3356 3161
f 3364 3356 3186
f 3194 3364 3186
f 2735 3356 3364
f 3364 2743 2735
f 3361 2740 2746
f 3194 2743 3364
f 3194 2749 2743
f 3194 3351 2749
f 3194 3203 3351
f 3353 2749 3351
f 2754 2749 3353
f 3207 2772 3210
f 2766 2772 3207
f 3207 3217 2766
f 3217 3369 2766
f 3369 2775 2766
f 3222 3210 3361
f 3210 2736 3361
f 3210 2772 2736
f 3263 3369 3217
f 3372 3369 3263
f 2783 2775 3369
f 2785 3369 3372
f 2783 3369 2785
f 3265 2746 2787
f 3265 3361 2746
f 3265 3222 3361
f 3268 3372 3263
f 3377 3372 3268
f 3244 2754 3353
f 3244 3265 2754
f 3265 2787 2754
f 3270 3377 3268
f 2788 3372 3377
f 2785 3372 2788
f 3270 2789 3377
f 2789 2788 3377
f 3270 3358 2789
f 3270 3248 3358
f 2717 2789 3358
f 2498 2792 3275
f 3275 3040 2498
f 3275 2794 3279
f 2792 2794 3275
f 3279 2796 3282
f 2794 2796 3279
f 2796 2798 3285
f 3285 3282 2796
f 3285 2800 3287
f 2798 2800 3285
f 3287 2803 3290
f 2800 2803 3287
f 3290 2807 3294
f 2803 2807 3290
f 2807 2492 2997
f 2997 3294 2807
f 3030 3033 3410
f 3410 3404 3030
f 3033 3040 3423
f 3423 3410 3033
f 3431 3053 3435
f 3050 3053 3431
f 3440 3050 3431
f 3057 3050 3440
f 3443 3057 3440
f 3060 3057 3443
f 3448 3435 3749
f 3435 3088 3749
f 3435 3053 3088
f 3448 3749 3452
f 3461 3097 3457
f 3104 3097 3461
f 3112 3104 3461
f 3461 3465 3112
f 3119 3112 3465
f 3465 3473 3119
f 3476 3119 3473
f 3135 3119 3476
f 3749 3088 3141
f 3443 3489 3060
f 3489 3755 3060
f 3755 3145 3060
f 3493 3749 3156
f 3749 3141 3156
f 3493 3452 3749
f 3161 3755 3761
f 3145 3755 3161
f 3496 3755 3489
f 3761 3755 3496
f 3496 3499 3761
f 3502 3765 3517
f 3156 3135 3476
f 3476 3493 3156
f 3186 3761 3769
f 3161 3761 3186
f 3194 3186 3769
f 3769 3761 3499
f 3499 3540 3769
f 3517 3765 3545
f 3540 3194 3769
f 3540 3547 3194
f 3547 3782 3194
f 3782 3203 3194
f 3786 3782 3547
f 3547 3550 3786
f 3207 3210 3559
f 3559 3556 3207
f 3561 3207 3556
f 3217 3207 3561
f 3502 3210 3765
f 3210 3222 3765
f 3502 3559 3210
f 3561 3564 3217
f 3564 3795 3217
f 3795 3263 3217
f 3573 3795 3564
f 3585 3545 3265
f 3545 3222 3265
f 3545 3765 3222
f 3263 3795 3799
f 3799 3268 3263
f 3550 3244 3786
f 3550 3265 3244
f 3550 3585 3265
f 3270 3268 3799
f 3602 3795 3573
f 3799 3795 3602
f 3602 3610 3799
f 3610 3270 3799
f 3610 3790 3270
f 3790 3248 3270
f 3560 3790 3610
f 3040 3275 3618
f 3618 3423 3040
f 3275 3279 3620
f 3620 3618 3275
f 3279 3282 3624
f 3624 3620 3279
f 3624 3285 3626
f 3282 3285 3624
f 3626 3287 3629
f 3285 3287 3626
f 3629 3290 3635
f 3287 3290 3629
f 3635 3294 3676
f 3290 3294 3635
f 3676 2997 3430
f 3294 2997 3676
f 3835 3403 3831
f 3421 3403 3835
f 3432 3421 3835
f 3835 3893 3432
f 3942 3432 3893
f 3471 3432 3942
f 3475 3471 3942
f 3942 3947 3475
f 3947 3950 3475
f 3950 4148 3475
f 4148 3481 3475
f 3483 3481 4148
f 4153 4148 3950
f 3950 3960 4153
f 4178 4153 3960
f 3960 3968 4178
f 3485 4148 4153
f 3483 4148 3485
f 3491 4153 4178
f 3485 4153 3491
f 3979 3528 3983
f 3511 3528 3979
f 3531 3511 3979
f 3979 4121 3531
f 4121 4124 3531
f 4124 4202 3531
f 4202 3548 3531
f 4125 4202 4124
f 4208 4178 3968
f 3968 4126 4208
f 4127 4208 4126
f 4212 4208 4127
f 3554 4178 4208
f 3491 4178 3554
f 3554 4208 4212
f 4212 3557 3554
f 4127 3580 4212
f 4127 3983 3580
f 3983 3528 3580
f 4212 3580 3557
f 3593 3548 4202
f 4125 3593 4202
f 4125 3597 3593
f 4125 4128 3597
f 4128 4129 3597
f 4129 4229 3597
f 4229 3599 3597
f 4130 4229 4129
f 3601 3599 4229
f 4130 3605 4229
f 3605 3601 4229
f 4130 4131 3605
f 3994 3605 4131
f 3457 3605 3994
f 3611 3614 4132
f 4132 4108 3611
f 4132 3617 4133
f 3614 3617 4132
f 4133 3636 4134
f 3617 3636 4133
f 4134 3642 4135
f 3636 3642 4134
f 4135 3650 4136
f 3642 3650 4135
f 3650 3658 4137
f 4137 4136 3650
f 3658 3661 4138
f 4138 4137 3658
f 4138 3667 4139
f 3661 3667 4138
f 3667 3670 4140
f 4140 4139 3667
f 4140 3672 4141
f 3670 3672 4140
f 3672 3675 4142
f 4142 4141 3672
f 3675 3677 4143
f 4143 4142 3675
f 3677 3681 4144
f 4144 4143 3677
f 3681 3404 3905
f 3905 4144 3681
f 5024 4886 5026
f 4879 4886 5024
f 4886 4890 5031
f 5031 5026 4886
f 5031 4896 5035
f 4890 4896 5031
f 4896 4900 5037
f 5037 5035 4896
f 5037 4904 5079
f 4900 4904 5037
f 5079 4907 5091
f 4904 4907 5079
f 5091 4910 5103
f 4907 4910 5091
f 5103 4866 5106
f 4910 4866 5103
f 5111 4836 5067
f 4913 4836 5111
f 5113 4913 5111
f 4706 4913 5113
f 5116 4706 5113
f 4709 4706 5116
f 5116 5130 4709
f 5130 5230 4709
f 5230 4713 4709
f 5235 4713 5230
f 4726 4713 5235
f 5138 5135 5235
f 5135 4729 5235
f 4729 4726 5235
f 4748 4729 5135
f 5135 5141 4748
f 5144 4748 5141
f 4752 4748 5144
f 5149 5230 5130
f 5153 5230 5149
f 5235 5230 5153
f 5138 5235 5153
f 4776 4752 5144
f 5144 5154 4776
f 4786 4794 5159
f 5159 5158 4786
f 4799 4786 5158
f 5158 5161 4799
f 4807 4799 5161
f 5161 5164 4807
f 4827 4776 5154
f 5154 5169 4827
f 4832 4827 5169
f 5169 5174 4832
f 5159 4832 5174
f 4794 4832 5159
f 5180 4807 5164
f 4838 4807 5180
f 5180 4841 4838
f 5180 5256 4841
f 5180 5183 5256
f 4845 4841 5256
f 5183 5186 5256
f 5186 4850 5256
f 5186 4848 4850
f 5186 5234 4848
f 5234 4747 4848
f 5186 5188 5234
f 5256 4850 4845
f 5172 5234 5188
f 4866 4868 5198
f 5198 5106 4866
f 5198 4872 5018
f 4868 4872 5198
f 5030 5021 5312
f 5312 5335 5030
f 5033 5030 5335
f 5335 5344 5033
f 5351 5515 5355
f 5551 5515 5351
f 5351 5437 5551
f 5344 5355 5033
f 5355 5515 5033
f 5515 5039 5033
f 5058 5515 5551
f 5039 5515 5058
f 5440 5551 5437
f 5554 5551 5440
f 5440 5062 5554
f 5062 5064 5554
f 5440 5442 5062
f 5058 5551 5554
f 5554 5068 5058
f 5554 5064 5068
f 5074 5078 5445
f 5445 5352 5074
f 5445 5081 5447
f 5078 5081 5445
f 5447 5086 5448
f 5081 5086 5447
f 5086 5156 5450
f 5450 5448 5086
f 5156 5167 5452
f 5452 5450 5156
f 5167 5175 5454
f 5454 5452 5167
f 5456 5178 5560
f 5456 5454 5178
f 5454 5175 5178
f 5178 5181 5561
f 5561 5560 5178
f 5456 5560 5459
f 5459 5561 5460
f 5560 5561 5459
f 5561 5189 5567
f 5181 5189 5561
f 5567 5192 5569
f 5189 5192 5567
f 5192 5196 5570
f 5570 5569 5192
f 5570 5196 5201
f 5460 5567 5463
f 5561 5567 5460
f 5463 5569 5465
f 5567 5569 5463
f 5569 5570 5466
f 5466 5465 5569
f 5467 5201 5205
f 5467 5466 5201
f 5466 5570 5201
f 5467 5208 5469
f 5205 5208 5467
f 5469 5210 5470
f 5208 5210 5469
f 5470 5212 5471
f 5210 5212 5470
f 5471 5132 5365
f 5212 5132 5471
f 5472 5478 5473
f 5299 5478 5472
f 5215 5062 5442
f 5442 5474 5215
f 5217 5215 5474
f 5474 5475 5217
f 5476 5217 5475
f 5219 5217 5476
f 5476 5478 5219
f 5478 5020 5219
f 5476 5473 5478
f 5730 5424 5733
f 5422 5424 5730
f 5733 5426 5735
f 5424 5426 5733
f 5735 5428 5742
f 5426 5428 5735
f 5742 5296 5743
f 5428 5296 5742
f 5578 5431 5580
f 5311 5431 5578
f 5580 5433 5584
f 5431 5433 5580
f 5588 5420 5745
f 5588 5584 5420
f 5584 5433 5420
f 5588 5730 5590
f 5745 5730 5588
f 5590 5733 5605
f 5730 5733 5590
f 5605 5735 5609
f 5733 5735 5605
f 5609 5742 5613
f 5735 5742 5609
f 5613 5743 5616
f 5742 5743 5613
f 5743 5320 5754
f 5296 5320 5743
f 5754 5338 5759
f 5320 5338 5754
f 5759 5346 5762
f 5338 5346 5759
f 5762 5425 5766
f 5346 5425 5762
f 5766 5430 5770
f 5425 5430 5766
f 5770 5432 5773
f 5430 5432 5770
f 5773 5434 5776
f 5432 5434 5773
f 5434 5435 5740
f 5740 5776 5434
f 5616 5754 5681
f 5743 5754 5616
f 5681 5759 5708
f 5754 5759 5681
f 5708 5762 5712
f 5759 5762 5708
f 5712 5766 5715
f 5762 5766 5712
f 5715 5770 5718
f 5766 5770 5715
f 5718 5773 5720
f 5770 5773 5718
f 5720 5776 5722
f 5773 5776 5720
f 5722 5740 5634
f 5776 5740 5722
f 5724 5416 5716
f 5436 5416 5724
f 5438 5436 5724
f 5724 5725 5438
f 5439 5438 5725
f 5725 5726 5439
f 5441 5439 5726
f 5726 5727 5441
f 5728 5441 5727
f 5443 5441 5728
f 5728 5585 5443
f 5585 5732 5443
f 5732 5444 5443
f 5446 5444 5732
f 6010 5580 6043
f 5578 5580 6010
f 6043 5584 6049
f 5580 5584 6043
f 6052 6043 6055
f 6010 6043 6052
f 5883 5885 6049
f 5885 6043 6049
f 5885 6055 6043
f 6049 5588 6059
f 5584 5588 6049
f 6059 5590 6064
f 5588 5590 6059
f 5883 6059 5904
f 6049 6059 5883
f 5904 6064 5918
f 6059 6064 5904
f 6052 6055 6070
f 6070 6069 6052
f 5885 6070 6055
f 5885 6072 6070
f 5885 5923 6072
f 6069 6070 6077
f 6077 6074 6069
f 6070 6072 6078
f 6078 6077 6070
f 5925 6072 5923
f 5925 6078 6072
f 5925 5927 6078
f 5927 6081 6078
f 5935 6081 5927
f 6085 6081 5935
f 6064 5605 6087
f 5590 5605 6064
f 6087 5609 6089
f 5605 5609 6087
f 5918 6087 5940
f 6064 6087 5918
f 5940 6089 5942
f 6087 6089 5940
f 6089 5613 6092
f 5609 5613 6089
f 6092 5616 6095
f 5613 5616 6092
f 5942 6092 5946
f 6089 6092 5942
f 5946 6095 5952
f 6092 6095 5946
f 5956 6085 5935
f 6097 6085 5956
f 5959 6097 5956
f 6100 6097 5959
f 5963 6100 5959
f 6095 5681 6103
f 5616 5681 6095
f 5973 5681 5708
f 5973 5975 5681
f 5975 6103 5681
f 5952 6103 5977
f 6095 6103 5952
f 5977 6103 5975
f 5973 5712 5979
f 5708 5712 5973
f 5979 5715 5983
f 5712 5715 5979
f 5983 5718 5987
f 5715 5718 5983
f 5987 5720 5989
f 5718 5720 5987
f 5989 5722 5991
f 5720 5722 5989
f 5991 5634 5938
f 5722 5634 5991
f 6114 6077 6116
f 6074 6077 6114
f 6077 6078 6118
f 6118 6116 6077
f 6114 6116 6120
f 6120 6119 6114
f 6120 6118 6122
f 6116 6118 6120
f 6118 6081 6124
f 6078 6081 6118
f 6081 6085 6125
f 6125 6124 6081
f 6122 6124 6129
f 6118 6124 6122
f 5997 6124 6125
f 5997 5999 6124
f 5999 6129 6124
f 6130 6120 6132
f 6119 6120 6130
f 6132 6122 6133
f 6120 6122 6132
f 5724 6130 6132
f 5716 6130 5724
f 5725 6132 6133
f 5724 6132 5725
f 6133 6129 6135
f 6122 6129 6133
f 6135 6129 5999
f 5999 6001 6135
f 5726 6133 6135
f 5725 6133 5726
f 6001 5726 6135
f 6001 5727 5726
f 6001 6002 5727
f 6125 6097 6137
f 6085 6097 6125
f 6003 6097 6100
f 6003 6137 6097
f 6003 6004 6137
f 6125 6137 6005
f 6005 5997 6125
f 6005 6137 6004
f 6003 6100 5963
f 6006 5727 6002
f 5728 5727 6006
f 6006 5585 5728
f 6006 6007 5585
f 6007 6012 5585
f 6008 6012 6007
f 6016 6012 6008
f 5884 6016 6008
f 6019 6016 5884
f 1273 1277 1062
f 1062 1060 1273
f 1062 1277 1066
f 1277 1273 1280
f 1280 1284 1277
f 1085 1284 1290
f 1085 1066 1284
f 1066 1277 1284
f 1085 1290 1089
f 1095 875 1310
f 875 809 1310
f 1095 1093 875
f 879 875 1093
f 1093 1105 879
f 1105 1109 879
f 1109 1313 879
f 1313 882 879
f 885 882 1313
f 1095 1310 1118
f 1123 1313 1109
f 1123 885 1313
f 1123 1130 885
f 1130 890 885
f 892 890 1130
f 1130 1134 892
f 1136 892 1134
f 894 892 1136
f 895 894 1136
f 1136 1142 895
f 745 895 1142
f 1142 1143 745
f 1280 867 896
f 1144 1329 1147
f 1148 1329 1144
f 1336 1329 1148
f 898 1284 896
f 1284 1280 896
f 898 1338 1284
f 1290 1284 1338
f 1338 1344 1290
f 1338 898 900
f 726 1344 900
f 1344 1338 900
f 726 1347 1344
f 1150 1089 1350
f 1089 1290 1350
f 1290 1344 1350
f 1150 1350 1154
f 1350 1344 1347
f 1347 1354 1350
f 1087 1350 1276
f 1350 1354 1276
f 1087 1154 1350
f 1347 726 727
f 727 1358 1347
f 1158 1336 1148
f 1360 1336 1158
f 1158 1164 1360
f 1164 1362 1360
f 1362 727 1360
f 727 729 1360
f 1362 1358 727
f 1354 1347 1358
f 1358 1365 1354
f 1276 1354 1365
f 1365 1285 1276
f 1365 1358 1362
f 1362 1368 1365
f 1170 1365 1368
f 1170 1102 1365
f 1102 1285 1365
f 770 745 1143
f 1143 1250 770
f 775 770 1250
f 1250 1255 775
f 1255 1147 775
f 1147 1329 775
f 1329 810 775
f 810 1329 1336
f 1336 829 810
f 829 1336 1360
f 1360 835 829
f 1257 1362 1164
f 1370 1362 1257
f 1360 729 835
f 1261 1370 1257
f 1374 1362 1370
f 1368 1362 1374
f 1368 1374 1263
f 1263 1170 1368
f 1374 1370 1261
f 1261 1266 1374
f 1263 1374 1266
f 5264 4814 5224
f 4821 4814 5264
f 4823 4821 5264
f 5030 5224 5021
f 5264 5224 5030
f 5030 4823 5264
f 5030 5033 4823
f 5033 4824 4823
f 5039 4824 5033
f 4828 4824 5039
f 5058 4828 5039
f 4831 4828 5058
f 5062 5272 5064
f 4843 4831 5058
f 5058 5068 4843
f 5068 5064 4843
f 5064 5272 4843
f 5272 4899 4843
f 5074 4922 5078
f 4741 4922 5074
f 4922 4923 5081
f 5081 5078 4922
f 4923 4924 5086
f 5086 5081 4923
f 4924 4714 5156
f 5156 5086 4924
f 5156 4716 5167
f 4714 4716 5156
f 4716 4722 5175
f 5175 5167 4716
f 5175 4789 5178
f 4722 4789 5175
f 5178 4791 5181
f 4789 4791 5178
f 4791 4796 5189
f 5189 5181 4791
f 4796 4806 5192
f 5192 5189 4796
f 5192 4810 5196
f 4806 4810 5192
f 5201 4847 5283
f 5201 4810 4847
f 5201 5196 4810
f 5283 4853 5287
f 4847 4853 5283
f 5287 4853 4856
f 5201 5283 5205
f 5205 5287 5208
f 5283 5287 5205
f 5210 4856 4861
f 5210 5287 4856
f 5210 5208 5287
f 5210 4867 5212
f 4861 4867 5210
f 5212 4733 5132
f 4867 4733 5212
f 5062 4892 5272
f 5062 4889 4892
f 5062 5215 4889
f 5217 4889 5215
f 4895 4889 5217
f 5272 4892 4899
f 5219 4895 5217
f 4903 4895 5219
f 5020 4903 5219
f 4905 4903 5020
f 1388 1603 1390
f 1396 1060 1062
f 1396 1390 1060
f 1390 1603 1060
f 1397 1066 1607
f 1397 1396 1066
f 1396 1062 1066
f 1607 1066 1085
f 1607 1632 1399
f 1399 1397 1607
f 1399 1632 1401
f 1089 1632 1085
f 1632 1607 1085
f 1089 1641 1632
f 1385 1401 1608
f 1401 1632 1608
f 1632 1641 1608
f 1646 1093 1095
f 1105 1093 1646
f 1646 1647 1105
f 1109 1105 1647
f 1406 1095 1118
f 1406 1646 1095
f 1406 1409 1646
f 1647 1646 1409
f 1409 1412 1647
f 1412 1109 1647
f 1412 1417 1109
f 1417 1123 1109
f 1130 1123 1417
f 1417 1420 1130
f 1134 1130 1420
f 1420 1424 1134
f 1136 1134 1424
f 1424 1435 1136
f 1142 1136 1435
f 1435 1436 1142
f 1143 1142 1436
f 1436 1438 1143
f 1441 1655 1446
f 1450 1655 1441
f 1658 1655 1450
f 1450 1147 1658
f 1450 1453 1147
f 1453 1144 1147
f 1148 1144 1453
f 1453 1461 1148
f 1641 1089 1150
f 1154 1608 1150
f 1608 1641 1150
f 1154 1649 1608
f 1649 1154 1087
f 1158 1148 1461
f 1461 1466 1158
f 1466 1164 1158
f 1466 1664 1164
f 1466 1469 1664
f 1474 1664 1469
f 1667 1102 1170
f 1438 1446 1143
f 1446 1250 1143
f 1446 1655 1250
f 1250 1655 1658
f 1658 1255 1250
f 1658 1147 1255
f 1164 1664 1672
f 1672 1257 1164
f 1261 1257 1672
f 1474 1672 1664
f 1474 1674 1672
f 1474 1483 1674
f 1483 1263 1674
f 1483 1170 1263
f 1483 1667 1170
f 1483 1491 1667
f 1266 1672 1674
f 1261 1672 1266
f 1674 1263 1266
f 1936 1495 1928
f 1510 1495 1936
f 1690 1510 1936
f 1690 1513 1510
f 1690 1688 1513
f 1518 1513 1688
f 1688 1700 1518
f 1522 1518 1700
f 1700 1705 1522
f 1711 1522 1705
f 1529 1522 1711
f 1716 1529 1711
f 1534 1529 1716
f 1720 1534 1716
f 1537 1534 1720
f 1542 1537 1720
f 1720 1724 1542
f 1732 1928 1727
f 1936 1928 1732
f 1690 1936 1732
f 1733 1542 1724
f 1545 1542 1733
f 1950 1548 1550
f 1553 1548 1950
f 1555 1545 1733
f 1733 1740 1555
f 1558 1555 1740
f 1740 1743 1558
f 1743 1550 1558
f 1743 1950 1550
f 1743 1765 1950
f 1765 1771 1950
f 1771 1553 1950
f 1771 1561 1553
f 1771 1562 1561
f 1771 1778 1562
f 1778 1953 1562
f 1567 1562 1953
f 1791 1953 1778
f 1791 1802 1953
f 1802 1958 1953
f 1958 1570 1953
f 1570 1567 1953
f 1961 1573 1575
f 1583 1573 1961
f 1958 1961 1570
f 1961 1575 1570
f 1958 1965 1961
f 1965 1946 1961
f 1946 1564 1961
f 1564 1583 1961
f 1810 1958 1802
f 1810 1965 1958
f 1810 1815 1965
f 1815 1973 1965
f 1956 1965 1973
f 1946 1965 1956
f 1697 1973 1815
f 1925 1973 1697
f 1710 1973 1925
f 1710 1830 1973
f 1830 1956 1973
f 1861 1590 1864
f 1503 1590 1861
f 1864 1379 1867
f 1590 1379 1864
f 1379 1382 1871
f 1871 1867 1379
f 1871 1443 1874
f 1382 1443 1871
f 1443 1451 1879
f 1879 1874 1443
f 1451 1454 1884
f 1884 1879 1451
f 1454 1467 1891
f 1891 1884 1454
f 1467 1471 1687
f 1687 1891 1467
f 2674 2062 2673
f 2066 2062 2674
f 2677 2066 2674
f 2069 2066 2677
f 2677 2837 2069
f 2837 2072 2069
f 2677 2714 2837
f 2723 2854 2718
f 2837 2030 2072
f 2726 2854 2723
f 2097 2044 2745
f 2745 2747 2097
f 2752 2097 2747
f 2103 2097 2752
f 2107 2103 2752
f 2752 2757 2107
f 2112 2107 2757
f 2757 2760 2112
f 2764 2893 2767
f 2771 2893 2764
f 2895 2893 2771
f 2514 2895 2771
f 2872 2895 2514
f 2893 2904 2776
f 2776 2767 2893
f 2779 2147 2150
f 2779 2904 2147
f 2779 2776 2904
f 2904 2895 2910
f 2893 2895 2904
f 2158 2895 2064
f 2895 2872 2064
f 2158 2910 2895
f 2147 2904 2910
f 2910 2161 2147
f 2910 2158 2161
f 2784 2112 2760
f 2167 2112 2784
f 2790 2167 2784
f 2238 2167 2790
f 2779 2238 2790
f 2150 2238 2779
f 2793 2268 2923
f 2793 2769 2268
f 2769 2266 2268
f 2923 2926 2799
f 2799 2793 2923
f 2926 2940 2801
f 2801 2799 2926
f 2801 2940 2805
f 2923 2268 2275
f 2926 2275 2279
f 2923 2275 2926
f 2940 2279 2284
f 2926 2279 2940
f 2809 2805 2289
f 2805 2284 2289
f 2805 2940 2284
f 2289 2294 2812
f 2812 2809 2289
f 2294 2038 2813
f 2813 2812 2294
f 2814 2813 2962
f 2813 2045 2962
f 2813 2038 2045
f 2814 2962 2817
f 2962 2045 2052
f 2485 2817 2835
f 2817 2055 2835
f 2817 2962 2055
f 2962 2052 2055
f 3408 4176 4179
f 4179 3428 3408
f 3438 3428 4179
f 3843 4193 3840
f 4198 4193 3843
f 3876 4206 3920
f 3843 4236 4198
f 3843 3940 4236
f 3940 4237 4236
f 3940 3920 4237
f 3920 4246 4237
f 3920 4206 4246
f 3876 3978 4206
f 3978 3462 4206
f 3978 3446 3462
f 3978 4249 3446
f 4249 3467 3446
f 4249 4204 3467
f 3978 3982 4249
f 4206 3462 3504
f 3504 4246 4206
f 3986 4249 3982
f 4236 4237 4254
f 4254 4252 4236
f 4237 4246 4258
f 4258 4254 4237
f 4252 4254 4260
f 4260 4176 4252
f 4254 4258 4262
f 4262 4260 4254
f 4246 3504 3518
f 3518 4258 4246
f 4262 3518 3519
f 4258 3518 4262
f 3990 4249 3992
f 4204 4249 3990
f 3525 3522 4006
f 4006 4012 3525
f 3992 4249 3986
f 4017 3525 4012
f 3534 3525 4017
f 4017 4268 3534
f 4268 3537 3534
f 4017 4023 4268
f 4176 4260 4271
f 4271 4179 4176
f 4271 4262 4276
f 4260 4262 4271
f 3438 4179 4271
f 4271 3543 3438
f 3543 4271 4276
f 4276 3553 3543
f 4262 3519 3562
f 3562 4276 4262
f 4276 3562 3553
f 4286 3537 4272
f 3537 4268 4272
f 4286 3574 3537
f 3584 4286 3577
f 4286 4272 3577
f 4272 4275 3577
f 3598 3574 4286
f 4286 3584 3598
f 4275 3607 3577
f 4332 4353 4549
f 4353 3900 4549
f 4353 3886 3900
f 4353 3926 3886
f 4353 4356 3926
f 4356 4556 3926
f 4549 3900 3880
f 4374 3933 4556
f 3933 3926 4556
f 4374 4377 3933
f 4326 3933 4377
f 3938 3933 4326
f 3944 3946 4580
f 4580 4555 3944
f 4580 3946 3957
f 4555 4580 4392
f 4392 4388 4555
f 4399 3957 3991
f 4399 4392 3957
f 4392 4580 3957
f 3991 3997 4421
f 4421 4399 3991
f 4421 4000 4423
f 3997 4000 4421
f 4423 4008 4428
f 4000 4008 4423
f 4428 4011 4431
f 4008 4011 4428
f 4431 4048 4435
f 4011 4048 4431
f 4435 4053 4438
f 4048 4053 4435
f 4438 4058 4444
f 4053 4058 4438
f 4451 4061 4587
f 4451 4444 4061
f 4444 4058 4061
f 4451 4587 4454
f 4061 4074 4614
f 4614 4587 4061
f 4614 4074 4076
f 4587 4614 4458
f 4458 4454 4587
f 4464 4076 4078
f 4464 4614 4076
f 4464 4458 4614
f 4464 4081 4468
f 4078 4081 4464
f 4468 4083 4498
f 4081 4083 4468
f 4500 4085 4630
f 4500 4498 4085
f 4498 4083 4085
f 4085 4087 4581
f 4581 4630 4085
f 4500 4630 4506
f 4630 4581 4410
f 4410 4506 4630
f 4512 4560 4337
f 4341 4560 4512
f 4567 4089 3872
f 3878 4089 4567
f 4569 3931 3924
f 474 468 732
f 732 738 474
f 738 742 474
f 742 483 474
f 742 905 483
f 748 905 742
f 911 483 905
f 496 483 911
f 919 496 911
f 501 496 919
f 752 905 748
f 911 905 752
f 758 911 752
f 919 911 758
f 505 501 919
f 919 922 505
f 773 505 922
f 773 509 505
f 773 768 509
f 790 919 758
f 922 919 790
f 773 922 790
f 793 509 768
f 514 509 793
f 723 514 793
f 482 514 723
f 803 946 805
f 943 946 803
f 946 953 812
f 812 805 946
f 953 957 817
f 817 812 953
f 817 959 822
f 957 959 817
f 959 962 826
f 826 822 959
f 962 964 830
f 830 826 962
f 830 964 833
f 946 471 518
f 943 471 946
f 953 518 522
f 946 518 953
f 957 522 529
f 953 522 957
f 959 529 534
f 957 529 959
f 962 534 537
f 959 534 962
f 964 537 540
f 962 537 964
f 843 833 549
f 833 540 549
f 833 964 540
f 549 553 852
f 852 843 549
f 553 558 866
f 866 852 553
f 558 560 869
f 869 866 558
f 560 565 872
f 872 869 560
f 565 567 876
f 876 872 565
f 567 573 880
f 880 876 567
f 573 575 883
f 883 880 573
f 886 883 978
f 883 577 978
f 883 575 577
f 978 925 862
f 862 886 978
f 978 577 579
f 925 579 566
f 978 579 925
f 1707 1925 1697
f 1710 1925 1707
f 1723 1595 1718
f 1596 1595 1723
f 1718 1597 1741
f 1595 1597 1718
f 1746 1596 1723
f 1599 1596 1746
f 1741 1599 1746
f 1597 1599 1741
f 3062 2673 3010
f 2674 2673 3062
f 3068 2674 3062
f 2677 2674 3068
f 3068 3071 2677
f 3071 2714 2677
f 3071 3336 2714
f 3071 2718 3336
f 3071 3075 2718
f 3075 2723 2718
f 3075 2726 2723
f 3075 3345 2726
f 3075 3078 3345
f 3081 3345 3078
f 3090 2745 3087
f 2747 2745 3090
f 3095 2747 3090
f 2752 2747 3095
f 3100 2752 3095
f 2757 2752 3100
f 3109 2757 3100
f 2760 2757 3109
f 3115 2767 3130
f 2764 2767 3115
f 3132 2764 3115
f 2771 2764 3132
f 3094 2771 3132
f 2514 2771 3094
f 3130 2776 3136
f 2767 2776 3130
f 2776 2779 3138
f 3138 3136 2776
f 2784 2760 3109
f 3109 3143 2784
f 2790 2784 3143
f 3143 3177 2790
f 2779 2790 3177
f 3177 3138 2779
f 2769 2793 3185
f 3185 3181 2769
f 2793 2799 3192
f 3192 3185 2793
f 3192 2801 3196
f 2799 2801 3192
f 3200 2805 3352
f 3200 3196 2805
f 3196 2801 2805
f 3352 2805 2809
f 3352 3354 3204
f 3204 3200 3352
f 3204 3354 3206
f 3354 2809 2812
f 3352 2809 3354
f 3211 3206 2813
f 3206 3354 2813
f 3354 2812 2813
f 3211 2814 3218
f 2813 2814 3211
f 3002 2817 3325
f 3002 3218 2817
f 3218 2814 2817
f 3325 2817 2485
f 4720 4326 4715
f 4330 4326 4720
f 4333 4330 4720
f 4720 4723 4333
f 4723 4337 4333
f 4723 4963 4337
f 4723 4731 4963
f 4731 4758 4963
f 4758 4341 4963
f 4758 4343 4341
f 4768 4343 4758
f 4348 4343 4768
f 4352 4348 4768
f 4768 4771 4352
f 4777 4352 4771
f 4355 4352 4777
f 4367 4355 4777
f 4777 4782 4367
f 4373 4375 4792
f 4792 4790 4373
f 4795 4373 4790
f 4378 4373 4795
f 4800 4378 4795
f 4380 4378 4800
f 4386 4380 4800
f 4800 4804 4386
f 4809 4386 4804
f 4393 4386 4809
f 4396 4393 4809
f 4809 4822 4396
f 4400 4396 4822
f 4822 4825 4400
f 4313 4400 4825
f 4825 4759 4313
f 4792 4367 4782
f 4375 4367 4792
f 4992 4411 4995
f 4410 4411 4992
f 4995 4414 4997
f 4411 4414 4995
f 4835 4995 4844
f 4992 4995 4835
f 4710 4997 4931
f 4710 4844 4997
f 4844 4995 4997
f 4997 4414 4415
f 4937 4415 4416
f 4937 4997 4415
f 4937 4931 4997
f 4937 4418 4940
f 4416 4418 4937
f 4940 4420 4956
f 4418 4420 4940
f 4956 4420 4322
f 5753 5750 5755
f 5748 5750 5753
f 5750 5382 5385
f 5385 5755 5750
f 5602 5755 5758
f 5602 5581 5755
f 5581 5753 5755
f 5755 5385 5387
f 5387 5758 5755
f 5630 5392 5764
f 5392 5362 5764
f 5630 5659 5392
f 5673 5392 5659
f 5408 5392 5673
f 5673 5677 5408
f 5677 5768 5408
f 5768 5411 5408
f 5680 5686 5768
f 5686 5414 5768
f 5414 5411 5768
f 5686 5602 5414
f 5602 5758 5414
f 5758 5418 5414
f 5758 5387 5418
f 2844 2033 2843
f 2059 2033 2844
f 2561 2059 2844
f 2561 2065 2059
f 2561 2559 2065
f 2849 2846 2565
f 2565 2567 2849
f 2576 2849 2567
f 2843 2849 2576
f 2590 2843 2576
f 2844 2843 2590
f 2561 2844 2590
f 2855 2071 2084
f 2624 2087 2855
f 2087 2071 2855
f 2624 2613 2087
f 2559 2635 2065
f 2635 2084 2065
f 2635 2855 2084
f 2624 2855 2635
f 2639 2087 2613
f 2092 2087 2639
f 2050 2092 2639
f 2639 2643 2050
f 2657 2105 2864
f 2657 2654 2105
f 2654 2102 2105
f 2864 2868 2664
f 2664 2657 2864
f 2868 2873 2696
f 2696 2664 2868
f 2696 2873 2699
f 2864 2105 2113
f 2868 2113 2126
f 2864 2113 2868
f 2873 2126 2141
f 2868 2126 2873
f 2705 2699 2144
f 2699 2141 2144
f 2699 2873 2141
f 2144 2148 2710
f 2710 2705 2144
f 2710 2152 2713
f 2148 2152 2710
f 2152 2157 2719
f 2719 2713 2152
f 2157 2164 2721
f 2721 2719 2157
f 2721 2193 2729
f 2164 2193 2721
f 2729 2227 2733
f 2193 2227 2729
f 2227 2234 2739
f 2739 2733 2227
f 2234 2241 2741
f 2741 2739 2234
f 2748 2741 2903
f 2741 2246 2903
f 2741 2241 2246
f 2748 2903 2753
f 2903 2246 2250
f 2758 2753 2256
f 2753 2903 2256
f 2903 2250 2256
f 2256 2262 2763
f 2763 2758 2256
f 2262 2266 2769
f 2769 2763 2262
f 2777 2837 2714
f 2777 2718 2837
f 2718 2030 2837
f 2718 2026 2030
f 2718 2854 2026
f 2726 2026 2854
f 2726 2040 2026
f 2726 2782 2040
f 2745 2040 2782
f 2044 2040 2745
f 2058 2050 2643
f 2643 2786 2058
f 2673 2058 2786
f 2062 2058 2673
f 3833 3437 3837
f 3430 3437 3833
f 3837 3441 3859
f 3437 3441 3837
f 3441 3565 3865
f 3865 3859 3441
f 3865 3578 3867
f 3565 3578 3865
f 3578 3587 3871
f 3871 3867 3578
f 3587 3588 3875
f 3875 3871 3587
f 3875 3590 3891
f 3588 3590 3875
f 3590 3592 3896
f 3896 3891 3590
f 3902 4155 3904
f 4166 4155 3902
f 3902 3939 4166
f 3943 4170 3945
f 4172 4170 3943
f 3943 3954 4172
f 3904 4175 3964
f 4155 4175 3904
f 4175 4166 4180
f 4155 4166 4175
f 3954 3964 4172
f 3964 3596 4172
f 3596 3604 4172
f 3964 4175 3596
f 3621 4175 4180
f 3596 4175 3621
f 3966 4166 3939
f 3971 4166 3966
f 4180 4166 3971
f 3971 3621 4180
f 3971 3622 3621
f 3971 4187 3622
f 3971 3974 4187
f 3995 4187 3974
f 4190 4187 3995
f 3999 4192 4001
f 4199 4190 3995
f 3995 4004 4199
f 4004 4193 4199
f 4004 4001 4193
f 4001 4192 4193
f 4009 4192 3999
f 3840 4192 4009
f 4193 4192 3840
f 4204 3631 3467
f 4014 4209 4016
f 4018 4209 4014
f 3952 3643 4040
f 3639 3643 3952
f 4209 4214 4044
f 4044 4016 4209
f 4214 4209 4018
f 4018 4047 4214
f 3990 3648 4204
f 3648 3631 4204
f 3990 4214 3648
f 3990 4044 4214
f 4047 4006 4214
f 4006 3522 4214
f 3522 3648 4214
f 4054 3643 4233
f 3643 3652 4233
f 4054 4040 3643
f 4054 4268 4023
f 4233 4268 4054
f 3592 3674 4062
f 4062 3896 3592
f 4062 3447 3851
f 3674 3447 4062
f 5586 5397 5577
f 5409 5397 5586
f 5586 5412 5409
f 5586 5593 5412
f 5593 5744 5412
f 5312 5412 5744
f 5746 5744 5593
f 5593 5597 5746
f 5751 5746 5597
f 5597 5620 5751
f 5335 5744 5746
f 5312 5744 5335
f 5335 5746 5751
f 5751 5344 5335
f 5620 5624 5751
f 5624 5355 5751
f 5624 5351 5355
f 5637 5351 5624
f 5437 5351 5637
f 5751 5355 5344
f 5440 5437 5637
f 5637 5645 5440
f 5442 5440 5645
f 5645 5600 5442
f 5352 5445 5777
f 5777 5774 5352
f 5777 5447 5783
f 5445 5447 5777
f 5783 5448 5788
f 5447 5448 5783
f 5448 5450 5790
f 5790 5788 5448
f 5450 5452 5793
f 5793 5790 5450
f 5793 5454 5795
f 5452 5454 5793
f 5795 5454 5456
f 5632 5777 5670
f 5774 5777 5632
f 5670 5783 5679
f 5777 5783 5670
f 5679 5788 5690
f 5783 5788 5679
f 5690 5790 5692
f 5788 5790 5690
f 5692 5793 5698
f 5790 5793 5692
f 5698 5795 5700
f 5793 5795 5698
f 5702 5456 5459
f 5702 5700 5456
f 5700 5795 5456
f 5702 5460 5704
f 5459 5460 5702
f 5704 5463 5707
f 5460 5463 5704
f 5707 5465 5709
f 5463 5465 5707
f 5709 5466 5711
f 5465 5466 5709
f 5711 5467 5714
f 5466 5467 5711
f 5714 5469 5717
f 5467 5469 5714
f 5717 5470 5719
f 5469 5470 5717
f 5721 5470 5798
f 5470 5471 5798
f 5721 5719 5470
f 5798 5365 5820
f 5471 5365 5798
f 5721 5798 5723
f 5723 5820 5691
f 5798 5820 5723
f 2835 2839 2488
f 2488 2485 2835
f 2488 2839 2506
f 2525 2872 2514
f 2890 2872 2525
f 2892 2890 2525
f 2525 2532 2892
f 2544 2892 2532
f 2064 2872 2890
f 2890 2086 2064
f 2096 2890 2892
f 2086 2890 2096
f 2544 2100 2892
f 2100 2096 2892
f 2544 2549 2100
f 2617 2100 2549
f 2111 2100 2617
f 2835 2055 2115
f 2618 2111 2617
f 2121 2111 2618
f 2146 2121 2618
f 2618 2622 2146
f 2630 2146 2622
f 2155 2146 2630
f 2638 2155 2630
f 2162 2155 2638
f 2641 2162 2638
f 2165 2162 2641
f 2182 2839 2115
f 2839 2835 2115
f 2182 2922 2839
f 2839 2922 2650
f 2650 2506 2839
f 2922 2182 2184
f 2184 2927 2922
f 2922 2927 2663
f 2663 2650 2922
f 2927 2184 2192
f 2703 2927 2195
f 2927 2192 2195
f 2703 2663 2927
f 2201 2165 2641
f 2641 2706 2201
f 2703 2201 2706
f 2195 2201 2703
f 2513 2867 2717
f 2491 2847 2522
f 599 40 590
f 72 40 599
f 73 72 599
f 599 604 73
f 610 73 604
f 74 73 610
f 75 74 610
f 610 616 75
f 76 75 616
f 616 623 76
f 77 76 623
f 623 628 77
f 78 77 628
f 628 632 78
f 7 78 632
f 632 635 7
f 488 590 482
f 599 590 488
f 494 599 488
f 604 599 494
f 499 604 494
f 610 604 499
f 503 610 499
f 616 610 503
f 623 616 503
f 503 508 623
f 511 623 508
f 628 623 511
f 632 628 511
f 511 515 632
f 635 632 515
f 515 520 635
f 19 7 635
f 649 23 27
f 655 27 58
f 649 27 655
f 79 637 58
f 637 655 58
f 79 643 637
f 643 79 80
f 660 81 82
f 664 81 660
f 83 81 664
f 84 83 664
f 520 19 635
f 520 527 19
f 527 86 19
f 88 86 527
f 527 532 88
f 91 88 532
f 532 544 91
f 94 91 544
f 544 548 94
f 548 82 94
f 548 552 82
f 552 660 82
f 556 660 552
f 664 660 556
f 556 84 664
f 556 559 84
f 559 96 84
f 100 96 559
f 559 561 100
f 566 676 569
f 672 676 566
f 569 594 570
f 676 594 569
f 570 594 441
f 676 672 684
f 684 685 676
f 594 676 685
f 685 601 594
f 685 684 637
f 637 639 685
f 601 685 639
f 639 615 601
f 5969 5968 6151
f 6168 6158 6171
f 6155 6158 6168
f 6171 6178 6180
f 6158 6178 6171
f 6168 6171 6186
f 6186 6184 6168
f 6171 6180 6190
f 6190 6186 6171
f 6178 6193 6207
f 6207 6180 6178
f 6193 6215 6218
f 6218 6207 6193
f 6180 6207 6221
f 6221 6190 6180
f 6207 6218 6224
f 6224 6221 6207
f 6227 6186 6229
f 6184 6186 6227
f 6229 6190 6239
f 6186 6190 6229
f 6151 6229 6243
f 6227 6229 6151
f 6243 6239 6247
f 6229 6239 6243
f 6239 6221 6288
f 6190 6221 6239
f 6221 6224 6295
f 6295 6288 6221
f 5972 6288 5971
f 5972 6247 6288
f 6247 6239 6288
f 6304 5974 6295
f 5974 6288 6295
f 5974 5971 6288
f 6215 6297 6333
f 6333 6218 6215
f 6336 6333 5978
f 6333 5976 5978
f 6333 6297 5976
f 6218 6333 6346
f 6346 6224 6218
f 6333 6336 6349
f 6349 6346 6333
f 5978 5980 6351
f 6351 6336 5978
f 6351 5980 5982
f 6336 6351 6358
f 6358 6349 6336
f 6361 5982 5894
f 6361 6358 5982
f 6358 6351 5982
f 6295 6346 6416
f 6224 6346 6295
f 6416 6349 6422
f 6346 6349 6416
f 6295 6416 6425
f 6425 6304 6295
f 6416 6422 6427
f 6427 6425 6416
f 6422 6358 6429
f 6349 6358 6422
f 6358 6361 6431
f 6431 6429 6358
f 6427 6429 6433
f 6422 6429 6427
f 6429 6431 6435
f 6435 6433 6429
f 5986 6151 6243
f 5969 6151 5986
f 5986 6243 6247
f 6247 5990 5986
f 6247 5972 5990
f 5992 5974 6304
f 5994 6304 6425
f 5992 6304 5994
f 5996 6425 6427
f 5994 6425 5996
f 6000 6427 6433
f 5996 6427 6000
f 6000 6433 6435
f 6435 5928 6000
f 6361 5894 5896
f 6431 5896 5901
f 6361 5896 6431
f 6431 5901 5913
f 5913 6435 6431
f 6435 5913 5928
f 2035 2440 2032
f 2456 2440 2035
f 2042 2457 2039
f 2035 2458 2456
f 2035 2039 2458
f 2039 2457 2458
f 2456 1697 2440
f 2456 2459 1697
f 2459 1707 1697
f 2459 1710 1707
f 2459 2361 1710
f 2459 2460 2361
f 2459 2456 2458
f 2458 2462 2459
f 2460 2459 2462
f 2462 2464 2460
f 2053 2457 2042
f 2053 2057 2457
f 2057 2458 2457
f 2057 2465 2458
f 2061 2465 2057
f 2466 2465 2061
f 2467 2458 2465
f 2462 2458 2467
f 2187 2462 2467
f 2187 2090 2462
f 2090 2464 2462
f 2470 2465 2466
f 2467 2465 2470
f 2189 2470 2472
f 2189 2467 2470
f 2189 2187 2467
f 2202 2466 2061
f 2209 2473 2206
f 2202 2470 2466
f 2202 2212 2470
f 2212 2474 2470
f 2218 2470 2474
f 2218 2215 2470
f 2215 2472 2470
f 2212 2475 2474
f 2212 2206 2475
f 2206 2473 2475
f 2474 2475 2237
f 2237 2218 2474
f 2239 2473 2209
f 2476 2473 2239
f 2244 2476 2239
f 2475 2473 2476
f 2476 2477 2475
f 2249 2477 2478
f 2249 2237 2477
f 2237 2475 2477
f 2477 2476 2244
f 2244 2253 2477
f 2478 2477 2253
f 2253 2260 2478
f 2304 1718 2302
f 1723 1718 2304
f 2302 1741 2306
f 1718 1741 2302
f 2308 1723 2304
f 1746 1723 2308
f 1741 1746 2308
f 2308 2306 1741
f 2142 2460 2310
f 2361 2460 2142
f 2310 2464 2311
f 2460 2464 2310
f 2311 2464 2090
f 2189 2472 2312
f 2312 2472 2215
f 2249 2478 2316
f 2316 2478 2260
f 2321 2479 2319
f 2319 2479 2322
f 2323 2479 2321
f 2322 2479 2323
f 2326 2427 2235
f 2480 2427 2326
f 2375 2427 2480
f 2351 2427 2375
f 2328 2480 2326
f 2073 2480 2328
f 2375 2480 2073
f 3004 3326 2993
f 3329 3326 3004
f 2490 3326 3329
f 2484 3326 2490
f 3007 3329 3004
f 3007 3018 3329
f 3018 2490 3329
f 3018 2497 2490
f 2515 2527 3026
f 3026 3024 2515
f 2541 2515 3024
f 3024 3028 2541
f 2527 2545 3032
f 3032 3026 2527
f 3035 3032 3339
f 3032 2545 3339
f 2545 2555 3339
f 3035 3339 3038
f 3339 2555 2568
f 2568 3342 3339
f 3038 3342 3045
f 3339 3342 3038
f 3074 3346 3052
f 3074 3079 3346
f 3079 2587 3346
f 3079 2596 2587
f 3083 2596 3079
f 2600 2596 3083
f 3083 3355 2600
f 3355 2604 2600
f 3083 3086 3355
f 3091 3355 3086
f 3123 2497 3018
f 2610 2497 3123
f 2636 2610 3123
f 3123 3124 2636
f 3363 2568 2640
f 3342 2568 3363
f 3045 3363 3128
f 3342 3363 3045
f 3124 2640 2636
f 3124 3363 2640
f 3124 3168 3363
f 3128 3363 3168
f 2649 2604 3355
f 3367 2652 2655
f 3091 3193 3355
f 3193 2659 3355
f 2659 2649 3355
f 3370 2655 2665
f 3367 2655 3370
f 3240 3209 3367
f 3209 2652 3367
f 3209 2688 2652
f 3240 3370 3245
f 3367 3370 3240
f 3193 3375 2659
f 3375 2692 2659
f 3193 3249 3375
f 3255 2665 3375
f 2665 2692 3375
f 3255 3370 2665
f 3255 3254 3370
f 3258 3375 3249
f 3255 3375 3258
f 3245 3370 3254
f 3751 3002 3039
f 3415 3751 3072
f 3751 3039 3072
f 3415 3413 3751
f 3072 3085 3417
f 3417 3415 3072
f 3434 3094 3426
f 3098 3094 3434
f 3442 3098 3434
f 3101 3098 3442
f 3442 3460 3101
f 3460 3758 3101
f 3758 3106 3101
f 3108 3106 3758
f 3464 3758 3460
f 3464 3466 3758
f 3466 3111 3758
f 3111 3108 3758
f 3497 3111 3466
f 3116 3111 3497
f 3152 3116 3497
f 3497 3501 3152
f 3501 3505 3152
f 3505 3155 3152
f 3505 3775 3155
f 3505 3512 3775
f 3512 3162 3775
f 3162 3165 3775
f 3201 3162 3512
f 3512 3523 3201
f 3213 3155 3775
f 3775 3165 3213
f 3417 3219 3529
f 3085 3219 3417
f 3529 3224 3532
f 3219 3224 3529
f 3224 3229 3542
f 3542 3532 3224
f 3234 3201 3523
f 3523 3551 3234
f 3542 3234 3551
f 3229 3234 3542
f 3236 3203 3782
f 3238 3782 3786
f 3236 3782 3238
f 3786 3244 3238
f 3251 3248 3790
f 3560 3251 3790
f 3560 3253 3251
f 3560 3567 3253
f 3407 3253 3567
f 2989 3253 3407
f 3960 4545 4548
f 3950 4545 3960
f 3960 4548 4562
f 4562 3968 3960
f 4358 4562 4299
f 4582 4562 4358
f 4359 4582 4358
f 4585 4582 4359
f 4359 4362 4585
f 4362 3983 4585
f 4362 3979 3983
f 4121 3979 4362
f 4362 4364 4121
f 4124 4121 4364
f 4364 4368 4124
f 4368 4125 4124
f 4368 4590 4125
f 4368 4371 4590
f 4596 4590 4371
f 4371 4383 4596
f 4385 4596 4383
f 4126 4562 4582
f 3968 4562 4126
f 4127 4582 4585
f 4126 4582 4127
f 4585 3983 4127
f 4125 4590 4604
f 4604 4128 4125
f 4129 4128 4604
f 4604 4596 4607
f 4590 4596 4604
f 4385 4607 4596
f 4385 4404 4607
f 4404 4553 4607
f 4621 4130 4607
f 4130 4129 4607
f 4129 4604 4607
f 4621 4553 4599
f 4607 4553 4621
f 4131 4130 4621
f 3994 4621 4599
f 4131 4621 3994
f 4424 4132 4427
f 4108 4132 4424
f 4427 4133 4430
f 4132 4133 4427
f 4430 4134 4433
f 4133 4134 4430
f 4433 4135 4437
f 4134 4135 4433
f 4437 4136 4440
f 4135 4136 4437
f 4136 4137 4443
f 4443 4440 4136
f 4443 4138 4448
f 4137 4138 4443
f 4138 4139 4450
f 4450 4448 4138
f 4139 4140 4473
f 4473 4450 4139
f 4473 4141 4475
f 4140 4141 4473
f 4475 4142 4477
f 4141 4142 4475
f 4142 4143 4481
f 4481 4477 4142
f 4481 4144 4484
f 4143 4144 4481
f 4144 3905 4487
f 4487 4484 4144
f 4487 3906 4490
f 3905 3906 4487
f 4490 3908 4493
f 3906 3908 4490
f 4318 4546 4479
f 4358 4299 4718
f 4718 4754 4358
f 4359 4358 4754
f 4754 4770 4359
f 4362 4359 4770
f 4770 4784 4362
f 4364 4362 4784
f 4784 4787 4364
f 4368 4364 4787
f 4787 4802 4368
f 4371 4368 4802
f 4802 4805 4371
f 4383 4371 4805
f 4805 4811 4383
f 4811 4385 4383
f 4811 4927 4385
f 4811 4836 4927
f 4404 4385 4927
f 4846 4427 4851
f 4424 4427 4846
f 4851 4430 4855
f 4427 4430 4851
f 4855 4433 4858
f 4430 4433 4855
f 4858 4437 4864
f 4433 4437 4858
f 4864 4440 4869
f 4437 4440 4864
f 4869 4443 4871
f 4440 4443 4869
f 4871 4448 4873
f 4443 4448 4871
f 4873 4450 4879
f 4448 4450 4873
f 4879 4473 4886
f 4450 4473 4879
f 4473 4475 4890
f 4890 4886 4473
f 4475 4477 4896
f 4896 4890 4475
f 4896 4481 4900
f 4477 4481 4896
f 4900 4484 4904
f 4481 4484 4900
f 4904 4487 4907
f 4484 4487 4904
f 4487 4490 4910
f 4910 4907 4487
f 4910 4493 4866
f 4490 4493 4910
f 4939 4927 4836
f 4836 4913 4939
f 4913 4479 4939
f 4913 4318 4479
f 4913 4706 4318
f 127 132 29
f 29 21 127
f 132 142 33
f 33 29 132
f 144 127 143
f 132 127 144
f 142 132 144
f 144 148 142
f 142 149 45
f 45 33 142
f 45 151 48
f 149 151 45
f 153 142 148
f 149 142 153
f 156 149 153
f 151 149 156
f 144 143 160
f 160 167 144
f 148 144 167
f 167 170 148
f 175 160 172
f 167 160 175
f 170 167 175
f 175 179 170
f 153 148 170
f 170 183 153
f 156 153 183
f 183 186 156
f 183 170 179
f 179 189 183
f 186 183 189
f 189 195 186
f 48 151 50
f 51 50 199
f 50 156 199
f 50 151 156
f 199 203 52
f 52 51 199
f 203 206 55
f 55 52 203
f 206 214 57
f 57 55 206
f 199 156 186
f 186 215 199
f 203 199 215
f 215 219 203
f 215 186 195
f 195 220 215
f 219 215 220
f 220 223 219
f 206 203 219
f 219 225 206
f 214 206 225
f 225 228 214
f 225 219 223
f 223 231 225
f 228 225 231
f 231 134 228
f 57 235 62
f 214 235 57
f 62 237 64
f 235 237 62
f 64 243 65
f 237 243 64
f 243 246 68
f 68 65 243
f 235 214 228
f 228 251 235
f 237 235 251
f 251 255 237
f 251 228 134
f 134 138 251
f 255 251 138
f 138 162 255
f 243 237 255
f 255 258 243
f 246 243 258
f 258 262 246
f 258 255 162
f 162 178 258
f 262 258 178
f 178 185 262
f 68 246 69
f 70 262 269
f 70 69 262
f 69 246 262
f 70 269 71
f 269 262 185
f 185 247 269
f 71 247 23
f 269 247 71
f 175 172 277
f 277 280 175
f 282 175 280
f 179 175 282
f 280 277 287
f 287 297 280
f 282 280 297
f 297 300 282
f 304 179 282
f 189 179 304
f 308 189 304
f 195 189 308
f 311 282 300
f 304 282 311
f 313 304 311
f 308 304 313
f 297 287 329
f 329 332 297
f 300 297 332
f 332 335 300
f 72 329 40
f 332 329 72
f 73 332 72
f 335 332 73
f 311 300 335
f 335 338 311
f 313 311 338
f 338 342 313
f 338 335 73
f 73 74 338
f 342 338 74
f 74 75 342
f 346 195 308
f 220 195 346
f 349 220 346
f 223 220 349
f 351 308 313
f 346 308 351
f 349 346 351
f 351 353 349
f 231 223 349
f 349 355 231
f 141 231 355
f 134 231 141
f 358 349 353
f 355 349 358
f 141 355 358
f 358 168 141
f 351 313 342
f 342 361 351
f 353 351 361
f 361 364 353
f 76 342 75
f 361 342 76
f 77 361 76
f 364 361 77
f 358 353 364
f 364 367 358
f 168 358 367
f 367 209 168
f 78 364 77
f 367 364 78
f 7 367 78
f 209 367 7
f 1055 1063 1382
f 1382 1379 1055
f 1382 1073 1443
f 1063 1073 1382
f 1443 1080 1451
f 1073 1080 1443
f 1080 1083 1454
f 1454 1451 1080
f 1083 1096 1467
f 1467 1454 1083
f 1096 1099 1471
f 1471 1467 1096
f 1099 1108 1482
f 1482 1471 1099
f 1108 1111 1511
f 1511 1482 1108
f 1111 1117 1516
f 1516 1511 1111
f 1117 1133 1532
f 1532 1516 1117
f 1133 1139 1539
f 1539 1532 1133
f 1539 1141 1557
f 1139 1141 1539
f 1141 1165 1560
f 1560 1557 1141
f 1165 1119 1447
f 1447 1560 1165
f 1569 1172 1564
f 1176 1172 1569
f 1179 1176 1569
f 1569 1574 1179
f 1612 1183 1187
f 1193 1183 1612
f 1612 1614 1193
f 1574 1187 1179
f 1574 1612 1187
f 1574 1578 1612
f 1614 1612 1578
f 1578 1581 1614
f 1213 1193 1614
f 1581 1586 1614
f 1586 1213 1614
f 1586 1219 1213
f 1222 1219 1586
f 1586 1592 1222
f 1226 1222 1592
f 1592 1593 1226
f 1228 1226 1593
f 1593 1594 1228
f 1403 1601 1598
f 1600 1228 1594
f 1234 1228 1600
f 1600 1598 1234
f 1598 1601 1234
f 1601 1058 1234
f 1687 1691 2029
f 2029 2025 1687
f 1691 1698 2049
f 2049 2029 1691
f 1698 1721 2060
f 2060 2049 1698
f 1721 1770 2093
f 2093 2060 1721
f 1770 1779 2106
f 2106 2093 1770
f 1779 1813 2109
f 2109 2106 1779
f 1813 1822 2128
f 2128 2109 1813
f 1822 1832 2129
f 2129 2128 1822
f 2347 1837 1839
f 2135 1842 2347
f 1842 1837 2347
f 2135 2133 1842
f 2137 1842 2133
f 1844 1842 2137
f 2353 1846 1848
f 2353 1839 1846
f 2353 2347 1839
f 2353 2357 2347
f 2142 2140 2361
f 2140 2353 2361
f 2353 1830 2361
f 2353 1848 1830
f 2171 2353 2140
f 2357 2353 2171
f 2347 2357 2173
f 2173 2135 2347
f 2173 2357 2171
f 2137 2177 1844
f 2177 2368 1844
f 2368 1852 1844
f 1855 1852 2368
f 2374 2368 2177
f 2177 2198 2374
f 2374 1859 2368
f 1859 1855 2368
f 2374 2376 1859
f 2204 2374 2198
f 2376 2374 2204
f 2204 2207 2376
f 2383 1859 2376
f 1862 1859 2383
f 2387 1862 2383
f 1866 1862 2387
f 2383 2376 2207
f 2207 2220 2383
f 2387 2383 2220
f 2220 2223 2387
f 2393 1876 1878
f 2408 1876 2393
f 1882 1876 2408
f 1885 1866 2387
f 2387 2412 1885
f 1887 1885 2412
f 2412 2413 1887
f 2412 2387 2223
f 2223 2229 2412
f 2233 2412 2229
f 2413 2412 2233
f 2413 2420 1887
f 2420 1878 1887
f 2420 2393 1878
f 2408 2393 2420
f 2420 2424 2408
f 2233 2420 2413
f 2233 2427 2420
f 2233 2235 2427
f 2351 2420 2427
f 2424 2420 2351
f 2245 1882 2408
f 2245 1893 1882
f 2245 2243 1893
f 1894 1893 2243
f 2243 2248 1894
f 2248 2258 1894
f 2258 1896 1894
f 2258 2434 1896
f 2264 1826 2434
f 1826 1896 2434
f 2264 2222 1826
f 2408 2424 2267
f 2267 2245 2408
f 2424 2351 2034
f 2034 2267 2424
f 2272 2434 2258
f 2439 2434 2272
f 2264 2439 2280
f 2434 2439 2264
f 2390 2439 2272
f 2272 2075 2390
f 2439 2390 2080
f 2080 2280 2439
f 2129 1898 2295
f 1832 1898 2129
f 2295 1730 2074
f 1898 1730 2295
f 3425 3747 3433
f 3425 3436 3747
f 3436 3073 3747
f 3436 3046 3073
f 3080 3077 3470
f 3470 3503 3080
f 3105 3080 3503
f 3503 3508 3105
f 3508 3433 3105
f 3433 3747 3105
f 3747 3188 3105
f 3747 3073 3188
f 3513 3216 3516
f 3214 3216 3513
f 3566 3046 3436
f 3221 3046 3566
f 3216 3221 3566
f 3566 3516 3216
f 3225 3214 3513
f 3513 3569 3225
f 3228 3225 3569
f 3569 3572 3228
f 3579 3233 3582
f 3151 3233 3579
f 3582 3235 3655
f 3233 3235 3582
f 3655 3237 3662
f 3235 3237 3655
f 3665 3239 3764
f 3665 3237 3239
f 3665 3662 3237
f 3239 3241 3770
f 3770 3764 3239
f 3241 3243 3779
f 3779 3770 3241
f 3779 3243 3246
f 3665 3764 3669
f 3764 3770 3678
f 3678 3669 3764
f 3770 3779 3679
f 3679 3678 3770
f 3680 3246 3250
f 3680 3779 3246
f 3680 3679 3779
f 3250 3252 3683
f 3683 3680 3250
f 3683 3260 3687
f 3252 3260 3683
f 3687 3262 3690
f 3260 3262 3687
f 3690 3264 3693
f 3262 3264 3690
f 3693 3266 3698
f 3264 3266 3693
f 3701 3269 3792
f 3701 3698 3269
f 3698 3266 3269
f 3792 3269 3272
f 3701 3792 3703
f 3708 3272 3274
f 3708 3792 3272
f 3708 3703 3792
f 3274 3278 3714
f 3714 3708 3274
f 3714 3181 3702
f 3278 3181 3714
f 3723 3750 3424
f 3427 3750 3723
f 3753 3087 3081
f 3728 3228 3572
f 3288 3228 3728
f 3010 3288 3728
f 3728 3406 3010
f 3845 3433 4149
f 3845 3848 3433
f 3848 3425 3433
f 3436 3425 3848
f 3848 3880 3436
f 3503 4168 4182
f 3470 4168 3503
f 3503 4182 4149
f 4149 3508 3503
f 4149 3433 3508
f 3886 4197 3900
f 3886 3926 4197
f 3926 3516 4197
f 3926 3513 3516
f 3880 3566 3436
f 3880 3900 3566
f 3900 4197 3566
f 4197 3516 3566
f 3569 3513 3926
f 3926 3933 3569
f 3572 3569 3933
f 3933 3938 3572
f 3944 3582 3946
f 3579 3582 3944
f 3957 3582 4205
f 3582 3655 4205
f 3957 3946 3582
f 4205 3662 4210
f 3655 3662 4205
f 4210 3662 3665
f 3957 4205 3991
f 3991 4210 3997
f 4205 4210 3991
f 4000 3665 3669
f 4000 3997 3665
f 3997 4210 3665
f 4000 3678 4008
f 3669 3678 4000
f 4008 3679 4011
f 3678 3679 4008
f 3679 3680 4048
f 4048 4011 3679
f 4048 3683 4053
f 3680 3683 4048
f 3683 3687 4058
f 4058 4053 3683
f 3687 3690 4061
f 4061 4058 3687
f 4061 3693 4074
f 3690 3693 4061
f 4076 3698 4219
f 4076 4074 3698
f 4074 3693 3698
f 4076 4219 4078
f 4219 3698 3701
f 4081 3701 3703
f 4081 4219 3701
f 4081 4078 4219
f 3703 3708 4083
f 4083 4081 3703
f 4083 3714 4085
f 3708 3714 4083
f 4085 3702 4087
f 3714 3702 4085
f 4152 3723 3424
f 3872 3427 4152
f 3427 3723 4152
f 3872 4158 3427
f 3872 4089 4158
f 3878 4158 4089
f 3931 4186 3924
f 3728 3572 3938
f 3938 4093 3728
f 3406 3728 4093
f 4093 3852 3406
f 6013 5581 5602
f 5659 5630 5900
f 5900 5943 5659
f 5947 5659 5943
f 5673 5659 5947
f 5677 5673 5947
f 5947 5939 5677
f 5686 5680 6013
f 6013 5602 5686
f 1471 1482 1691
f 1691 1687 1471
f 1482 1511 1698
f 1698 1691 1482
f 1511 1516 1721
f 1721 1698 1511
f 1516 1532 1770
f 1770 1721 1516
f 1532 1539 1779
f 1779 1770 1532
f 1539 1557 1813
f 1813 1779 1539
f 1557 1560 1822
f 1822 1813 1557
f 1560 1447 1832
f 1832 1822 1560
f 1569 1564 1946
f 1946 1951 1569
f 1839 1569 1951
f 1839 1574 1569
f 1839 1837 1574
f 1842 1574 1837
f 1578 1574 1842
f 1844 1578 1842
f 1581 1578 1844
f 1848 1946 1956
f 1848 1846 1946
f 1846 1951 1946
f 1839 1951 1846
f 1848 1956 1830
f 1586 1581 1844
f 1844 1852 1586
f 1852 1855 1586
f 1855 1592 1586
f 1855 1962 1592
f 1593 1592 1962
f 1962 1964 1593
f 1594 1593 1964
f 1964 1968 1594
f 1859 1962 1855
f 1862 1962 1859
f 1964 1962 1862
f 1968 1964 1862
f 1862 1866 1968
f 1972 1403 1598
f 1976 1594 1968
f 1600 1594 1976
f 1976 1979 1600
f 1979 1598 1600
f 1979 1972 1598
f 1407 1403 1972
f 1878 1876 1979
f 1876 1972 1979
f 1876 1407 1972
f 1876 1421 1407
f 1882 1421 1876
f 1425 1421 1882
f 1976 1968 1866
f 1866 1885 1976
f 1979 1976 1885
f 1885 1887 1979
f 1878 1979 1887
f 1893 1425 1882
f 1428 1425 1893
f 1894 1428 1893
f 1429 1428 1894
f 1896 1429 1894
f 1439 1429 1896
f 1826 1439 1896
f 1442 1439 1826
f 1447 1456 1898
f 1898 1832 1447
f 1456 1459 1730
f 1730 1898 1456
f 5587 5738 5596
f 5648 5796 5797
f 5648 5596 5796
f 5596 5738 5796
f 5648 5797 5651
f 5796 5380 5799
f 5379 5380 5796
f 5799 5405 5800
f 5380 5405 5799
f 5800 5405 5407
f 5796 5799 5802
f 5802 5797 5796
f 5799 5800 5804
f 5804 5802 5799
f 5651 5802 5655
f 5797 5802 5651
f 5658 5804 5807
f 5658 5655 5804
f 5655 5802 5804
f 5809 5407 5415
f 5809 5804 5407
f 5804 5800 5407
f 5415 5417 5811
f 5811 5809 5415
f 5804 5809 5814
f 5814 5807 5804
f 5809 5811 5817
f 5817 5814 5809
f 5417 5421 5821
f 5821 5811 5417
f 5821 5421 5423
f 5811 5821 5825
f 5825 5817 5811
f 5830 5423 5427
f 5830 5821 5423
f 5830 5825 5821
f 5830 5429 5835
f 5427 5429 5830
f 5835 5429 5367
f 5666 5839 5667
f 5669 5839 5666
f 5842 5839 5669
f 5845 5842 5669
f 5669 5672 5845
f 5675 5845 5672
f 5847 5845 5675
f 5667 5849 5678
f 5839 5849 5667
f 5303 5839 5301
f 5839 5842 5301
f 5303 5849 5839
f 5684 5309 5786
f 5309 5306 5786
f 5684 5678 5309
f 5678 5849 5309
f 5849 5303 5309
f 5851 5301 5845
f 5301 5842 5845
f 5851 5314 5301
f 5851 5847 5853
f 5845 5847 5851
f 5314 5851 5855
f 5855 5317 5314
f 5855 5853 5856
f 5851 5853 5855
f 5658 5858 5687
f 5807 5858 5658
f 5688 5847 5675
f 5859 5847 5688
f 5688 5687 5859
f 5687 5861 5859
f 5687 5858 5861
f 5858 5814 5862
f 5807 5814 5858
f 5814 5817 5863
f 5863 5862 5814
f 5858 5862 5864
f 5864 5861 5858
f 5862 5863 5865
f 5865 5864 5862
f 5847 5859 5866
f 5866 5853 5847
f 5859 5861 5867
f 5867 5866 5859
f 5853 5866 5868
f 5868 5856 5853
f 5866 5867 5869
f 5869 5868 5866
f 5867 5864 5870
f 5861 5864 5867
f 5870 5865 5871
f 5864 5865 5870
f 5867 5870 5872
f 5872 5869 5867
f 5870 5871 5764
f 5764 5872 5870
f 5684 5786 5685
f 5341 5317 5855
f 5348 5855 5856
f 5341 5855 5348
f 5348 5856 5868
f 5868 5353 5348
f 5357 5868 5869
f 5353 5868 5357
f 5357 5869 5872
f 5872 5360 5357
f 5360 5872 5764
f 5764 5362 5360
f 5817 5825 5873
f 5873 5863 5817
f 5825 5830 5874
f 5874 5873 5825
f 5863 5873 5875
f 5875 5865 5863
f 5873 5874 5876
f 5876 5875 5873
f 5830 5835 5877
f 5877 5874 5830
f 5878 5367 5369
f 5878 5877 5367
f 5877 5835 5367
f 5874 5877 5879
f 5879 5876 5874
f 5877 5878 5748
f 5748 5879 5877
f 5871 5875 5880
f 5865 5875 5871
f 5880 5876 5881
f 5875 5876 5880
f 5696 5871 5880
f 5696 5630 5871
f 5630 5764 5871
f 5880 5881 5699
f 5699 5696 5880
f 5881 5879 5882
f 5876 5879 5881
f 5879 5748 5753
f 5753 5882 5879
f 5677 5699 5768
f 5699 5882 5768
f 5699 5881 5882
f 5581 5882 5753
f 5581 5768 5882
f 5581 5680 5768
f 5878 5369 5373
f 5750 5748 5376
f 5748 5878 5376
f 5878 5373 5376
f 5750 5376 5382
f 910 441 445
f 918 445 449
f 910 445 918
f 728 921 731
f 918 921 728
f 921 933 734
f 734 731 921
f 734 933 743
f 455 918 449
f 455 921 918
f 455 938 921
f 933 921 938
f 938 941 933
f 938 455 461
f 465 941 461
f 941 938 461
f 465 945 941
f 751 743 954
f 743 941 954
f 743 933 941
f 751 955 756
f 954 955 751
f 954 941 945
f 945 958 954
f 955 954 958
f 958 969 955
f 756 974 815
f 955 974 756
f 815 974 837
f 974 955 969
f 969 977 974
f 839 837 981
f 837 974 981
f 974 977 981
f 839 986 861
f 981 986 839
f 861 986 867
f 996 500 523
f 531 500 996
f 996 1003 531
f 1008 531 1003
f 538 531 1008
f 1015 538 1008
f 542 538 1015
f 996 523 545
f 545 1017 996
f 1021 996 1017
f 1003 996 1021
f 809 582 915
f 809 875 582
f 875 545 582
f 875 1017 545
f 1021 1017 875
f 875 879 1021
f 1023 1003 1021
f 1008 1003 1023
f 1025 1008 1023
f 1015 1008 1025
f 1023 1021 879
f 879 882 1023
f 882 885 1023
f 885 1025 1023
f 885 1027 1025
f 1030 465 583
f 945 465 1030
f 1032 542 1015
f 584 542 1032
f 1032 583 584
f 1032 1033 583
f 1033 1030 583
f 958 945 1030
f 1030 1034 958
f 969 958 1034
f 1034 1035 969
f 1034 1030 1033
f 1033 1036 1034
f 1035 1034 1036
f 1036 1037 1035
f 1038 1015 1025
f 1032 1015 1038
f 1039 1032 1038
f 1033 1032 1039
f 1038 1025 1027
f 1027 1040 1038
f 1039 1038 1040
f 1040 1041 1039
f 1042 1033 1039
f 1036 1033 1042
f 1043 1036 1042
f 1037 1036 1043
f 1042 1039 1041
f 1041 1044 1042
f 1043 1042 1044
f 1044 1002 1043
f 915 582 561
f 890 1027 885
f 892 1027 890
f 1040 1027 892
f 1041 1040 892
f 892 894 1041
f 1044 1041 894
f 894 895 1044
f 745 1044 895
f 1002 1044 745
f 977 969 1035
f 1035 1045 977
f 981 977 1045
f 1045 1046 981
f 1045 1035 1037
f 1037 1047 1045
f 1046 1045 1047
f 1047 1048 1046
f 986 981 1046
f 1046 1049 986
f 896 867 1050
f 867 1049 1050
f 867 986 1049
f 1049 1046 1048
f 1048 1051 1049
f 1050 1049 1051
f 1051 923 1050
f 1052 1037 1043
f 1047 1037 1052
f 1053 1047 1052
f 1048 1047 1053
f 1002 470 1043
f 470 585 1043
f 585 1052 1043
f 1052 585 586
f 586 1053 1052
f 1054 1048 1053
f 1051 1048 1054
f 923 1051 1054
f 1054 973 923
f 484 1005 586
f 1005 1054 586
f 1054 1053 586
f 1005 486 1054
f 486 446 1054
f 446 973 1054
f 896 1050 898
f 900 923 932
f 900 1050 923
f 900 898 1050
f 900 932 726
f 1730 1735 2076
f 2076 2074 1730
f 1735 1747 2078
f 2078 2076 1735
f 1747 1756 2089
f 2089 2078 1747
f 1756 1760 2091
f 2091 2089 1756
f 1760 1764 2094
f 2094 2091 1760
f 1764 1768 2108
f 2108 2094 1764
f 1768 1776 2114
f 2114 2108 1768
f 1776 1784 2118
f 2118 2114 1776
f 1784 1786 2136
f 2136 2118 1784
f 1786 1787 2179
f 2179 2136 1786
f 2179 1795 2183
f 1787 1795 2179
f 1795 1797 2188
f 2188 2183 1795
f 1797 1800 2191
f 2191 2188 1797
f 2102 2191 2349
f 2191 1807 2349
f 2191 1800 1807
f 2349 1807 1738
f 2370 1819 1821
f 1829 1826 2222
f 2222 2265 1829
f 2265 1821 1829
f 2265 2370 1821
f 2265 2386 2370
f 2265 2271 2386
f 2401 1819 2370
f 1836 1819 2401
f 2283 2273 2401
f 2273 1836 2401
f 2273 1845 1836
f 2291 2286 2386
f 2286 2370 2386
f 2286 2401 2370
f 2283 2401 2286
f 2297 2386 2271
f 2291 2386 2297
f 2300 1845 2273
f 1850 1845 2300
f 2301 1850 2300
f 1853 1850 2301
f 2303 1853 2301
f 1857 1853 2303
f 2303 1860 1857
f 2303 2305 1860
f 2305 2415 1860
f 2307 2415 2305
f 2362 1869 1706
f 1712 1869 2362
f 1875 1860 2415
f 2415 2423 1875
f 1689 1875 2423
f 2423 2341 1689
f 2423 2415 2307
f 2307 2309 2423
f 2033 2423 2309
f 2341 2423 2033
f 3019 2989 3407
f 3407 3419 3019
f 3419 3023 3019
f 3419 3439 3023
f 3439 3754 3023
f 3444 3754 3439
f 3027 3023 3754
f 3444 3450 3754
f 3450 3027 3754
f 3450 3036 3027
f 3047 3036 3450
f 3450 3454 3047
f 3456 3047 3454
f 3063 3047 3456
f 3456 3778 3063
f 3778 3070 3063
f 3456 3478 3778
f 3480 3778 3478
f 3498 3129 3520
f 3125 3129 3498
f 3070 3778 3788
f 3788 3137 3070
f 3788 3778 3480
f 3480 3521 3788
f 3142 3137 3788
f 3521 3147 3788
f 3147 3142 3788
f 3521 3524 3147
f 3524 3803 3147
f 3520 3150 3526
f 3129 3150 3520
f 3533 3803 3524
f 3526 3153 3671
f 3150 3153 3526
f 3157 3147 3803
f 3533 3157 3803
f 3533 3169 3157
f 3533 3684 3169
f 3153 3169 3684
f 3684 3671 3153
f 3689 3187 3692
f 3182 3187 3689
f 3189 3182 3689
f 3689 3697 3189
f 3692 3191 3700
f 3187 3191 3692
f 3179 3189 3697
f 3697 3604 3179
f 3199 3184 3756
f 3700 3202 3705
f 3191 3202 3700
f 3202 3205 3709
f 3709 3705 3202
f 3622 3199 3756
f 3622 3712 3199
f 3712 3208 3199
f 3715 3208 3712
f 3212 3208 3715
f 3715 3717 3212
f 3717 3215 3212
f 3717 3816 3215
f 3720 3816 3717
f 3220 3215 3816
f 3720 3220 3816
f 3720 3724 3220
f 3724 3227 3220
f 3724 3727 3227
f 3727 2993 3227
f 3727 3752 2993
f 3408 3752 3727
f 3709 3231 3735
f 3205 3231 3709
f 3231 3257 3737
f 3737 3735 3231
f 3737 3261 3739
f 3257 3261 3737
f 3261 3125 3498
f 3498 3739 3261
f 4150 3415 4157
f 3413 3415 4150
f 4157 3415 3417
f 3434 3426 4185
f 4185 4201 3434
f 3442 3434 4201
f 4201 4232 3442
f 3460 3442 4232
f 4201 4185 3849
f 3849 3853 4201
f 4232 4201 3853
f 3853 3855 4232
f 3855 3460 4232
f 3855 3869 3460
f 3869 3464 3460
f 3869 3466 3464
f 3869 4242 3466
f 3869 3873 4242
f 3881 4242 3873
f 3885 4150 3899
f 3497 3466 4242
f 3881 3901 4242
f 3901 3497 4242
f 3901 3501 3497
f 3505 3501 3901
f 3901 3911 3505
f 3512 3505 3911
f 3911 3917 3512
f 3523 3512 3917
f 3917 3922 3523
f 3930 3899 4244
f 3899 4157 4244
f 3899 4150 4157
f 4244 3417 3529
f 4157 3417 4244
f 3930 4247 3934
f 4244 4247 3930
f 4247 3529 3532
f 4244 3529 4247
f 3934 4247 3941
f 3961 3941 3542
f 3941 4247 3542
f 4247 3532 3542
f 3965 3523 3922
f 3551 3523 3965
f 3542 3551 3965
f 3965 3961 3542
f 3560 4159 4164
f 4164 3567 3560
f 3407 4164 4151
f 3567 4164 3407
f 4909 4905 5020
f 5020 5028 4909
f 4911 4909 5028
f 5028 5042 4911
f 4914 4911 5042
f 5042 5044 4914
f 5047 4914 5044
f 4915 4914 5047
f 4916 4917 5065
f 5065 5060 4916
f 4918 4916 5060
f 5060 5070 4918
f 5075 4918 5070
f 4919 4918 5075
f 5083 4919 5075
f 4920 4919 5083
f 4705 4920 5083
f 5083 5088 4705
f 4921 4915 5047
f 5047 5094 4921
f 5065 4921 5094
f 4917 4921 5065
f 5117 4705 5088
f 4707 4705 5117
f 4712 4707 5117
f 5117 5125 4712
f 4715 4712 5125
f 5125 5100 4715
f 5132 4735 5134
f 4733 4735 5132
f 5134 4739 5137
f 4735 4739 5134
f 5137 4743 5140
f 4739 4743 5137
f 5140 4745 5148
f 4743 4745 5140
f 4745 4750 5152
f 5152 5148 4745
f 5162 4760 5245
f 5162 4750 4760
f 5162 5152 4750
f 5162 5245 5165
f 5245 4765 5251
f 4760 4765 5245
f 4765 4767 5253
f 5253 5251 4765
f 5245 5251 5168
f 5168 5165 5245
f 5251 5253 5171
f 5171 5168 5251
f 4767 4783 5253
f 5191 4783 4785
f 5191 5253 4783
f 5191 5171 5253
f 5191 4788 5195
f 4785 4788 5191
f 5199 4788 5278
f 4788 4875 5278
f 5199 5195 4788
f 5278 4877 5227
f 4875 4877 5278
f 5199 5278 5203
f 5203 5227 5059
f 5278 5227 5203
f 42 32 468
f 468 474 42
f 63 42 474
f 474 483 63
f 496 63 483
f 121 63 496
f 501 121 496
f 123 121 501
f 126 123 501
f 501 505 126
f 505 36 126
f 505 509 36
f 509 589 36
f 514 589 509
f 597 589 514
f 482 597 514
f 590 597 482
f 21 29 518
f 518 471 21
f 29 33 522
f 522 518 29
f 33 45 529
f 529 522 33
f 45 48 534
f 534 529 45
f 537 50 605
f 537 534 50
f 534 48 50
f 605 609 540
f 540 537 605
f 605 50 51
f 609 51 52
f 605 51 609
f 609 617 549
f 549 540 609
f 549 622 553
f 617 622 549
f 617 52 55
f 609 52 617
f 622 55 57
f 617 55 622
f 622 631 558
f 558 553 622
f 631 636 560
f 560 558 631
f 631 57 62
f 622 57 631
f 636 62 64
f 631 62 636
f 636 641 565
f 565 560 636
f 641 645 567
f 567 565 641
f 641 64 65
f 636 64 641
f 645 65 68
f 641 65 645
f 645 651 573
f 573 567 645
f 651 653 575
f 575 573 651
f 69 645 68
f 69 656 645
f 656 651 645
f 653 651 656
f 656 665 653
f 575 653 577
f 579 665 669
f 579 577 665
f 577 653 665
f 669 672 566
f 566 579 669
f 656 69 70
f 71 665 70
f 665 656 70
f 71 679 665
f 679 71 23
f 23 649 679
f 669 665 679
f 679 682 669
f 672 669 682
f 682 684 672
f 682 679 649
f 649 655 682
f 684 682 655
f 655 637 684
f 801 804 1063
f 1063 1055 801
f 804 813 1073
f 1073 1063 804
f 813 819 1080
f 1080 1073 813
f 819 823 1083
f 1083 1080 819
f 1083 825 1096
f 823 825 1083
f 825 841 1099
f 1099 1096 825
f 1099 844 1108
f 841 844 1099
f 1108 845 1111
f 844 845 1108
f 1111 847 1117
f 845 847 1111
f 847 850 1133
f 1133 1117 847
f 850 854 1139
f 1139 1133 850
f 1139 857 1141
f 854 857 1139
f 1141 859 1165
f 857 859 1141
f 1165 803 1119
f 859 803 1165
f 1287 730 733
f 736 730 1287
f 1287 1299 736
f 740 736 1299
f 755 747 1305
f 1308 761 764
f 1172 1176 1305
f 1176 766 1305
f 766 755 1305
f 1176 1179 766
f 1179 764 766
f 1179 1308 764
f 1187 761 1308
f 1187 1183 761
f 1183 1287 761
f 1287 733 761
f 1193 1287 1183
f 1299 1287 1193
f 1187 1308 1179
f 1193 772 1299
f 772 740 1299
f 1193 1316 772
f 1193 1213 1316
f 779 772 1316
f 1219 1316 1213
f 1219 1222 1316
f 1222 779 1316
f 1222 782 779
f 1326 732 791
f 1226 782 1222
f 802 782 1226
f 1226 791 802
f 1226 1228 791
f 1228 1326 791
f 738 732 1326
f 1326 1330 738
f 742 738 1330
f 1234 1326 1228
f 1330 1326 1234
f 1234 742 1330
f 1234 1058 742
f 1058 748 742
f 1394 1057 1386
f 1075 1057 1394
f 1077 1075 1394
f 1394 1395 1077
f 1395 1604 1077
f 1604 1079 1077
f 1395 1398 1604
f 1398 1400 1604
f 1400 1088 1604
f 1088 1082 1604
f 1410 1610 1413
f 1410 1416 1610
f 1416 1120 1610
f 1416 1114 1120
f 1129 1114 1416
f 1416 1426 1129
f 1437 1129 1426
f 1132 1129 1437
f 1437 1138 1132
f 1437 1444 1138
f 1444 1613 1138
f 1448 1613 1444
f 1400 1610 1088
f 1610 1173 1088
f 1400 1413 1610
f 1610 1120 1173
f 1182 1138 1613
f 1448 1186 1613
f 1186 1182 1613
f 1448 1455 1186
f 1460 1186 1455
f 1195 1186 1460
f 1118 1195 1460
f 1460 1406 1118
f 1227 1233 1478
f 1478 1473 1227
f 1233 1239 1500
f 1500 1478 1233
f 1239 1242 1505
f 1505 1500 1239
f 1242 1244 1507
f 1507 1505 1242
f 1244 1253 1512
f 1512 1507 1244
f 1517 1256 1648
f 1517 1512 1256
f 1512 1253 1256
f 1648 1256 1259
f 1648 1652 1524
f 1524 1517 1648
f 1652 1654 1528
f 1528 1524 1652
f 1652 1259 1262
f 1648 1259 1652
f 1654 1262 1264
f 1652 1262 1654
f 1528 1654 1535
f 1540 1535 1267
f 1535 1264 1267
f 1535 1654 1264
f 1571 1268 1659
f 1571 1267 1268
f 1571 1540 1267
f 1571 1662 1589
f 1659 1662 1571
f 1662 1603 1388
f 1388 1589 1662
f 1659 1268 1269
f 1662 1269 1270
f 1659 1269 1662
f 1603 1270 1060
f 1662 1270 1603
f 2559 2561 3073
f 3073 3046 2559
f 3080 2565 3077
f 2567 2565 3080
f 3105 2567 3080
f 2576 2567 3105
f 2590 2576 3105
f 3105 3188 2590
f 3073 2590 3188
f 2561 2590 3073
f 2613 2624 3216
f 3216 3214 2613
f 2635 2559 3046
f 3046 3221 2635
f 3216 2635 3221
f 2624 2635 3216
f 2639 2613 3214
f 3214 3225 2639
f 3228 2639 3225
f 2643 2639 3228
f 2654 2657 3233
f 3233 3151 2654
f 2657 2664 3235
f 3235 3233 2657
f 2664 2696 3237
f 3237 3235 2664
f 3239 2699 3335
f 3239 3237 2699
f 3237 2696 2699
f 3239 3343 3241
f 3335 3343 3239
f 3241 3347 3243
f 3343 3347 3241
f 3243 3347 3246
f 3335 2699 2705
f 3343 2705 2710
f 3335 2705 3343
f 3347 2710 2713
f 3343 2710 3347
f 3250 3246 2719
f 3246 2713 2719
f 3246 3347 2713
f 3250 2721 3252
f 2719 2721 3250
f 2721 2729 3260
f 3260 3252 2721
f 2729 2733 3262
f 3262 3260 2729
f 2733 2739 3264
f 3264 3262 2733
f 2739 2741 3266
f 3266 3264 2739
f 2741 2748 3269
f 3269 3266 2741
f 3269 2753 3272
f 2748 2753 3269
f 2753 2758 3274
f 3274 3272 2753
f 3274 2763 3278
f 2758 2763 3274
f 2763 2769 3181
f 3181 3278 2763
f 3336 2777 2714
f 2718 2777 3336
f 3345 2782 2726
f 3081 2745 3345
f 2745 2782 3345
f 3081 3087 2745
f 3288 2643 3228
f 2786 2643 3288
f 3010 2786 3288
f 2673 2786 3010
f 2500 2491 2989
f 2989 3019 2500
f 3023 2500 3019
f 2503 2500 3023
f 2518 2513 3328
f 2522 2518 3328
f 3027 2503 3023
f 2529 2503 3027
f 2534 2529 3027
f 3027 3036 2534
f 3047 2534 3036
f 2558 2534 3047
f 2563 2558 3047
f 3047 3063 2563
f 3063 3338 2563
f 3338 2566 2563
f 3063 3070 3338
f 2569 2566 3338
f 2573 2593 3129
f 3129 3125 2573
f 3137 3338 3070
f 3349 3338 3137
f 2603 3338 3349
f 2569 3338 2603
f 3142 3349 3137
f 3142 3147 3349
f 3147 2603 3349
f 3147 2607 2603
f 3147 3350 2607
f 2593 2612 3150
f 3150 3129 2593
f 2627 2607 3350
f 2612 2631 3153
f 3153 3150 2612
f 3157 3350 3147
f 3157 3169 3350
f 3169 2637 3350
f 2637 2627 3350
f 3153 2637 3169
f 2631 2637 3153
f 2647 2720 3187
f 3187 3182 2647
f 2727 2647 3182
f 3182 3189 2727
f 3187 2738 3191
f 2720 2738 3187
f 3179 2727 3189
f 2528 2727 3179
f 3199 3331 3184
f 2738 2761 3202
f 3202 3191 2738
f 3202 2765 3205
f 2761 2765 3202
f 3199 2770 3331
f 2770 2543 3331
f 3199 3208 2770
f 2773 2770 3208
f 3208 3212 2773
f 3212 2780 2773
f 3212 3215 2780
f 3215 3359 2780
f 2791 2780 3359
f 3220 3359 3215
f 3220 2791 3359
f 3220 2795 2791
f 3220 3227 2795
f 3227 2797 2795
f 3227 2993 2797
f 2993 3326 2797
f 2484 2797 3326
f 2765 2802 3231
f 3231 3205 2765
f 3231 2804 3257
f 2802 2804 3231
f 3257 2808 3261
f 2804 2808 3257
f 3261 2573 3125
f 2808 2573 3261
f 2993 3752 3760
f 3760 3004 2993
f 3760 3752 3408
f 3408 3428 3760
f 3007 3004 3760
f 3428 3018 3760
f 3018 3007 3760
f 3428 3438 3018
f 3446 3026 3462
f 3024 3026 3446
f 3028 3024 3446
f 3446 3467 3028
f 3462 3032 3504
f 3026 3032 3462
f 3518 3504 3771
f 3504 3032 3771
f 3032 3035 3771
f 3771 3035 3038
f 3771 3774 3519
f 3519 3518 3771
f 3774 3038 3045
f 3771 3038 3774
f 3074 3052 3767
f 3522 3525 3767
f 3525 3079 3767
f 3079 3074 3767
f 3083 3079 3525
f 3525 3534 3083
f 3534 3781 3083
f 3781 3086 3083
f 3534 3537 3781
f 3091 3086 3781
f 3123 3018 3438
f 3438 3543 3123
f 3124 3123 3543
f 3543 3553 3124
f 3774 3797 3562
f 3562 3519 3774
f 3774 3045 3128
f 3128 3797 3774
f 3553 3562 3124
f 3562 3797 3124
f 3797 3168 3124
f 3797 3128 3168
f 3574 3781 3537
f 3577 3806 3584
f 3574 3598 3781
f 3598 3193 3781
f 3193 3091 3781
f 3598 3808 3193
f 3598 3810 3808
f 3598 3584 3810
f 3584 3806 3810
f 3577 3209 3806
f 3209 3240 3806
f 3577 3607 3209
f 3810 3240 3245
f 3806 3240 3810
f 3193 3808 3813
f 3813 3249 3193
f 3255 3810 3254
f 3255 3813 3810
f 3813 3808 3810
f 3258 3249 3813
f 3813 3255 3258
f 3810 3245 3254
f 5771 5472 5473
f 5299 5472 5771
f 5474 5442 5600
f 5600 5603 5474
f 5475 5474 5603
f 5603 5607 5475
f 5476 5475 5607
f 5607 5610 5476
f 5610 5771 5476
f 5771 5473 5476
f 5610 5612 5771
f 5612 5629 5771
f 5629 5299 5771
f 5629 5310 5299
f 5642 5310 5629
f 5318 5310 5642
f 5322 5318 5642
f 5642 5647 5322
f 5650 5322 5647
f 5324 5322 5650
f 5786 5306 5329
f 5656 5324 5650
f 5332 5324 5656
f 5661 5332 5656
f 5337 5332 5661
f 5340 5337 5661
f 5661 5665 5340
f 5671 5340 5665
f 5342 5340 5671
f 5676 5342 5671
f 5347 5342 5676
f 5356 5347 5676
f 5676 5682 5356
f 5683 5356 5682
f 5359 5356 5683
f 5683 5329 5359
f 5683 5685 5329
f 5685 5786 5329
f 5820 5368 5828
f 5365 5368 5820
f 5828 5371 5832
f 5368 5371 5828
f 5691 5828 5693
f 5820 5828 5691
f 5693 5832 5695
f 5828 5832 5693
f 5832 5371 5374
f 5587 5374 5738
f 5374 5377 5738
f 5587 5832 5374
f 5587 5695 5832
f 5738 5379 5796
f 5377 5379 5738
f 6147 5930 6149
f 5924 5930 6147
f 6149 5933 6157
f 5930 5933 6149
f 6147 6149 6169
f 6169 6160 6147
f 6169 6157 6173
f 6149 6157 6169
f 6157 5937 6177
f 5933 5937 6157
f 6177 5941 6183
f 5937 5941 6177
f 6173 6177 6189
f 6157 6177 6173
f 6177 6183 6194
f 6194 6189 6177
f 6160 6169 6195
f 6195 6179 6160
f 6169 6173 6196
f 6196 6195 6169
f 6179 6195 6197
f 6197 6187 6179
f 6195 6196 6199
f 6199 6197 6195
f 6173 6189 6200
f 6200 6196 6173
f 6189 6194 6201
f 6201 6200 6189
f 6199 6200 6202
f 6196 6200 6199
f 6200 6201 6204
f 6204 6202 6200
f 6183 5941 5944
f 6208 5944 5949
f 6208 6194 5944
f 6194 6183 5944
f 6208 5954 6211
f 5949 5954 6208
f 6211 5958 6214
f 5954 5958 6211
f 6214 5961 6219
f 5958 5961 6214
f 6194 6208 6222
f 6222 6201 6194
f 6208 6211 6228
f 6228 6222 6208
f 6201 6222 6232
f 6232 6204 6201
f 6222 6228 6236
f 6236 6232 6222
f 6211 6214 6241
f 6241 6228 6211
f 6214 6219 6244
f 6244 6241 6214
f 6228 6241 6250
f 6250 6236 6228
f 6241 6244 6155
f 6155 6250 6241
f 5961 5965 6252
f 6252 6219 5961
f 5965 5981 6258
f 6258 6252 5965
f 5981 5985 6262
f 6262 6258 5981
f 6262 5988 6264
f 5985 5988 6262
f 6219 6252 6268
f 6268 6244 6219
f 6252 6258 6273
f 6273 6268 6252
f 6244 6268 6158
f 6158 6155 6244
f 6268 6273 6178
f 6178 6158 6268
f 6258 6262 6279
f 6279 6273 6258
f 6262 6264 6283
f 6283 6279 6262
f 6273 6279 6193
f 6193 6178 6273
f 6279 6283 6215
f 6215 6193 6279
f 6264 5988 5993
f 6291 6283 5995
f 6283 5993 5995
f 6283 6264 5993
f 6291 5995 5998
f 6283 6291 6297
f 6297 6215 6283
f 6291 5998 5976
f 5976 6297 6291
f 6303 6197 6307
f 6187 6197 6303
f 6307 6199 6309
f 6197 6199 6307
f 6303 6307 6312
f 6312 6310 6303
f 6307 6309 6315
f 6315 6312 6307
f 6199 6202 6317
f 6317 6309 6199
f 6317 6204 6323
f 6202 6204 6317
f 6309 6317 6325
f 6325 6315 6309
f 6317 6323 6327
f 6327 6325 6317
f 6310 6312 6335
f 6335 6330 6310
f 6312 6315 6338
f 6338 6335 6312
f 5887 6330 6335
f 6335 5889 5887
f 5889 6335 6338
f 6338 5892 5889
f 6338 6325 6342
f 6315 6325 6338
f 6325 6327 6344
f 6344 6342 6325
f 5895 6338 6342
f 5892 6338 5895
f 5899 6342 6344
f 5895 6342 5899
f 6323 6232 6350
f 6204 6232 6323
f 6350 6236 6352
f 6232 6236 6350
f 6327 6350 6355
f 6323 6350 6327
f 6355 6352 6359
f 6350 6352 6355
f 6236 6250 6362
f 6362 6352 6236
f 6362 6155 6168
f 6250 6155 6362
f 6359 6362 6367
f 6352 6362 6359
f 6362 6168 6184
f 6184 6367 6362
f 6327 6355 6368
f 6368 6344 6327
f 6355 6359 6370
f 6370 6368 6355
f 5903 6344 6368
f 5899 6344 5903
f 5908 6368 6370
f 5903 6368 5908
f 6370 6367 6374
f 6359 6367 6370
f 6374 6184 6227
f 6367 6184 6374
f 5908 6370 6374
f 6374 5951 5908
f 6151 5968 6227
f 5968 6374 6227
f 5968 5951 6374
f 444 588 436
f 450 588 444
f 595 588 450
f 16 8 595
f 595 602 16
f 25 16 602
f 602 607 25
f 614 25 607
f 31 25 614
f 39 31 614
f 614 618 39
f 43 39 618
f 618 625 43
f 629 43 625
f 44 43 629
f 46 44 629
f 456 595 450
f 602 595 456
f 607 602 456
f 456 462 607
f 467 607 462
f 614 607 467
f 618 614 467
f 467 473 618
f 491 618 473
f 625 618 491
f 562 625 491
f 629 625 562
f 562 46 629
f 562 564 46
f 564 47 46
f 3 47 564
f 564 493 3
f 59 61 571
f 571 528 59
f 571 66 572
f 61 66 571
f 66 67 574
f 574 572 66
f 67 90 576
f 576 574 67
f 90 95 578
f 578 576 90
f 95 98 580
f 580 578 95
f 98 101 581
f 581 580 98
f 101 102 439
f 439 581 101
f 1701 1929 1709
f 1409 1406 1715
f 1715 1731 1409
f 1736 1409 1731
f 1412 1409 1736
f 1739 1412 1736
f 1417 1412 1739
f 1420 1417 1739
f 1739 1745 1420
f 1773 1420 1745
f 1424 1420 1773
f 1435 1424 1773
f 1773 1805 1435
f 1436 1435 1805
f 1805 1814 1436
f 1814 1709 1436
f 1709 1929 1436
f 1929 1438 1436
f 1701 1823 1929
f 1823 1446 1929
f 1823 1441 1446
f 1450 1441 1823
f 1823 1827 1450
f 1453 1450 1827
f 1827 1831 1453
f 1461 1453 1831
f 1831 1834 1461
f 1466 1461 1834
f 1834 1841 1466
f 1469 1466 1841
f 1841 1847 1469
f 1847 1474 1469
f 1847 1849 1474
f 1849 1942 1474
f 1753 1942 1849
f 1945 1942 1753
f 1929 1446 1438
f 1483 1474 1942
f 1491 1942 1945
f 1483 1942 1491
f 1955 1957 1858
f 1858 1856 1955
f 1957 1960 1863
f 1863 1858 1957
f 1957 1385 1387
f 1955 1385 1957
f 1404 1960 1387
f 1960 1957 1387
f 1404 1932 1960
f 1863 1960 1870
f 1873 1870 1935
f 1870 1960 1935
f 1960 1932 1935
f 1935 1938 1877
f 1877 1873 1935
f 1938 1970 1883
f 1883 1877 1938
f 1883 1970 1788
f 4702 4309 4711
f 4304 4309 4702
f 4711 4310 4719
f 4309 4310 4711
f 4719 4314 4724
f 4310 4314 4719
f 4724 4321 4728
f 4314 4321 4724
f 4728 4331 4736
f 4321 4331 4728
f 4736 4347 4741
f 4331 4347 4736
f 4749 4928 4747
f 4749 4755 4928
f 4755 4934 4928
f 4755 4936 4934
f 4755 4402 4936
f 4755 4757 4402
f 4757 4397 4402
f 4406 4397 4757
f 4757 4779 4406
f 4409 4406 4779
f 4779 4797 4409
f 4442 4934 4439
f 4934 4936 4439
f 4442 4942 4934
f 4936 4402 4439
f 4942 4442 4446
f 4801 4409 4797
f 4453 4409 4801
f 4801 4457 4453
f 4801 4808 4457
f 4808 4973 4457
f 4812 4973 4808
f 4977 4973 4812
f 4813 4977 4812
f 4981 4977 4813
f 4462 4457 4973
f 4462 4973 4977
f 4977 4467 4462
f 4470 4977 4981
f 4467 4977 4470
f 4814 4984 4817
f 4987 4981 4813
f 4813 4820 4987
f 4820 4991 4987
f 4820 4817 4991
f 4817 4984 4991
f 4821 4984 4814
f 4994 4984 4821
f 4823 4994 4821
f 4499 4991 4496
f 4991 4984 4496
f 4984 4994 4496
f 4823 4501 4994
f 4501 4496 4994
f 4823 4824 4501
f 4507 4981 4987
f 4470 4981 4507
f 4507 4987 4991
f 4991 4510 4507
f 4991 4499 4510
f 4516 4501 4824
f 4824 4828 4516
f 4520 4516 4828
f 4828 4831 4520
f 4843 4520 4831
f 4526 4520 4843
f 4447 4526 4843
f 4843 4899 4447
f 4741 4531 4922
f 4347 4531 4741
f 4922 4532 4923
f 4531 4532 4922
f 4923 4533 4924
f 4532 4533 4923
f 4924 4327 4714
f 4533 4327 4924
f 2 133 1
f 133 137 34
f 34 1 133
f 34 137 37
f 41 133 2
f 54 133 41
f 137 133 54
f 37 137 54
f 1065 748 1058
f 752 748 1065
f 1084 752 1065
f 758 752 1084
f 1274 768 773
f 1090 758 1084
f 790 758 1090
f 1090 773 790
f 1090 1274 773
f 1090 1092 1274
f 793 768 1274
f 1274 1281 793
f 1103 1097 1281
f 1097 793 1281
f 1097 723 793
f 1281 1274 1092
f 1092 1112 1281
f 1103 1281 1112
f 803 805 1135
f 1135 1119 803
f 1135 812 1140
f 805 812 1135
f 1140 817 1156
f 812 817 1140
f 817 822 1161
f 1161 1156 817
f 1161 826 1166
f 822 826 1161
f 1166 830 1175
f 826 830 1166
f 1180 833 1296
f 1180 1175 833
f 1175 830 833
f 1296 1301 1190
f 1190 1180 1296
f 1296 833 843
f 1301 843 852
f 1296 843 1301
f 1190 1306 1198
f 1301 1306 1190
f 1198 1317 1211
f 1306 1317 1198
f 1211 1319 1215
f 1317 1319 1211
f 1215 1319 1218
f 1306 852 866
f 1301 852 1306
f 1317 866 869
f 1306 866 1317
f 1319 869 872
f 1317 869 1319
f 1230 1218 876
f 1218 872 876
f 1218 1319 872
f 876 880 1235
f 1235 1230 876
f 880 883 1237
f 1237 1235 880
f 883 886 1240
f 1240 1237 883
f 886 862 1227
f 1227 1240 886
f 1245 1275 1079
f 1082 1275 1245
f 1248 723 1097
f 735 723 1248
f 1249 735 1248
f 739 735 1249
f 1252 739 1249
f 749 739 1252
f 1057 749 1252
f 754 749 1057
f 3002 3325 3039
f 3072 3325 2488
f 3325 2485 2488
f 3072 3039 3325
f 3072 2506 3085
f 2488 2506 3072
f 3098 2514 3094
f 2525 2514 3098
f 2532 2525 3098
f 3098 3101 2532
f 3101 3333 2532
f 3333 2544 2532
f 3101 3106 3333
f 3108 3333 3106
f 2549 2544 3333
f 3108 3111 3333
f 3111 2617 3333
f 2617 2549 3333
f 2618 2617 3111
f 3111 3116 2618
f 3152 2618 3116
f 2622 2618 3152
f 3152 2630 2622
f 3152 3348 2630
f 3152 3155 3348
f 3165 3162 3348
f 3162 2638 3348
f 2638 2630 3348
f 3201 2638 3162
f 2641 2638 3201
f 3213 3348 3155
f 3165 3348 3213
f 2506 2650 3219
f 3219 3085 2506
f 2650 2663 3224
f 3224 3219 2650
f 3224 2703 3229
f 2663 2703 3224
f 3234 2641 3201
f 2706 2641 3234
f 2703 2706 3234
f 3234 3229 2703
f 3236 3351 3203
f 3238 3351 3236
f 3353 3351 3238
f 3244 3353 3238
f 3251 3358 3248
f 3251 2717 3358
f 3251 3253 2717
f 3253 3328 2717
f 3328 2513 2717
f 3253 2522 3328
f 3253 2491 2522
f 3253 2989 2491
f 4304 3865 4309
f 3859 3865 4304
f 3865 3867 4310
f 4310 4309 3865
f 4310 3871 4314
f 3867 3871 4310
f 4314 3875 4321
f 3871 3875 4314
f 4321 3891 4331
f 3875 3891 4321
f 3891 3896 4347
f 4347 4331 3891
f 4397 4552 4402
f 4397 4406 4552
f 4406 3904 4552
f 4406 3902 3904
f 3939 3902 4406
f 4406 4409 3939
f 4439 4559 4442
f 4439 4402 4559
f 4402 4552 4559
f 4552 4647 4559
f 4446 4559 4586
f 4559 3943 4586
f 3943 3945 4586
f 4446 4442 4559
f 3943 4559 4647
f 4647 3954 3943
f 4552 3904 3964
f 3964 4647 4552
f 4647 3964 3954
f 4409 3966 3939
f 4409 4653 3966
f 4409 4453 4653
f 4457 4653 4453
f 3966 4653 4657
f 4657 3971 3966
f 4457 4462 4653
f 4462 4657 4653
f 4462 4664 4657
f 3974 3971 4657
f 3995 4657 4664
f 3974 4657 3995
f 4671 4664 4462
f 4462 4467 4671
f 4467 4470 4671
f 4470 4001 4671
f 4470 3999 4001
f 3995 4664 4671
f 4671 4004 3995
f 4671 4001 4004
f 4496 4677 4499
f 4680 4677 4496
f 4496 4501 4680
f 4470 4009 3999
f 4470 4507 4009
f 4507 4682 4009
f 4510 4682 4507
f 4685 4682 4510
f 4009 4682 4687
f 4687 3840 4009
f 4682 4685 4688
f 4688 4687 4682
f 4510 4689 4685
f 4510 4499 4689
f 4499 4677 4689
f 4677 4680 4692
f 4692 4689 4677
f 4685 4689 4694
f 4694 4688 4685
f 4694 4692 4570
f 4689 4692 4694
f 4501 4016 4680
f 4501 4516 4016
f 4516 4014 4016
f 4516 4018 4014
f 4516 4520 4018
f 4520 4696 4018
f 4526 4696 4520
f 4697 4696 4526
f 4526 4447 4697
f 4447 4040 4697
f 4447 3952 4040
f 4692 4016 4044
f 4680 4016 4692
f 4018 4696 4699
f 4699 4047 4018
f 4570 4044 3990
f 4692 4044 4570
f 4006 4699 4576
f 4047 4699 4006
f 4699 4697 4700
f 4696 4697 4699
f 4700 4040 4054
f 4697 4040 4700
f 4576 4700 4603
f 4699 4700 4576
f 4603 4054 4023
f 4700 4054 4603
f 4347 4062 4531
f 3896 4062 4347
f 4531 3851 4532
f 4062 3851 4531
f 4532 3856 4533
f 3851 3856 4532
f 4533 3858 4327
f 3856 3858 4533
f 4332 4926 4932
f 4932 4353 4332
f 4707 4946 4705
f 4932 4356 4353
f 4707 4374 4946
f 4707 4712 4374
f 4712 4377 4374
f 4715 4377 4712
f 4326 4377 4715
f 4388 4392 4735
f 4735 4733 4388
f 4735 4399 4739
f 4392 4399 4735
f 4399 4421 4743
f 4743 4739 4399
f 4421 4423 4745
f 4745 4743 4421
f 4745 4428 4750
f 4423 4428 4745
f 4750 4431 4760
f 4428 4431 4750
f 4760 4435 4765
f 4431 4435 4760
f 4765 4438 4767
f 4435 4438 4765
f 4783 4438 4967
f 4438 4444 4967
f 4783 4767 4438
f 4967 4444 4451
f 4783 4967 4785
f 4788 4451 4454
f 4788 4967 4451
f 4788 4785 4967
f 4788 4458 4875
f 4454 4458 4788
f 4875 4464 4877
f 4458 4464 4875
f 4880 4464 4976
f 4464 4468 4976
f 4880 4877 4464
f 4976 4498 4979
f 4468 4498 4976
f 4979 4498 4500
f 4880 4976 4885
f 4885 4979 4888
f 4976 4979 4885
f 4891 4500 4506
f 4891 4888 4500
f 4888 4979 4500
f 4893 4410 4992
f 4893 4891 4410
f 4891 4506 4410
f 4893 4992 4835
f 4963 4512 4337
f 4341 4512 4963
f 5226 4844 5231
f 4835 4844 5226
f 5231 4844 4710
f 5025 5023 5236
f 5023 5226 5236
f 5226 5231 5236
f 5240 4710 4717
f 5240 5231 4710
f 5240 5236 5231
f 5236 5247 5029
f 5029 5025 5236
f 5236 5240 5249
f 5249 5247 5236
f 5240 4721 5252
f 4717 4721 5240
f 5252 4721 4725
f 5240 5252 5255
f 5255 5249 5240
f 5255 4725 4740
f 5252 4725 5255
f 5247 5259 5034
f 5034 5029 5247
f 5247 5249 5261
f 5261 5259 5247
f 5038 5259 4759
f 5259 4763 4759
f 5038 5034 5259
f 5266 5259 5261
f 5266 4764 5259
f 4764 4763 5259
f 5080 5249 5255
f 5080 5084 5249
f 5084 5261 5249
f 5089 5255 4766
f 5255 4740 4766
f 5089 5080 5255
f 5266 5261 5084
f 5084 5114 5266
f 5119 5089 5270
f 5089 4773 5270
f 5089 4766 4773
f 5270 4773 4778
f 4764 5266 5277
f 5277 4815 4764
f 4826 4815 5277
f 5114 5277 5266
f 5114 5123 5277
f 5123 5280 5277
f 5123 5282 5280
f 5123 5119 5282
f 5119 5270 5282
f 4830 5277 5280
f 4826 5277 4830
f 4830 5280 5282
f 5282 4833 4830
f 5284 4778 4837
f 5284 5270 4778
f 5284 5282 5270
f 5284 4849 5286
f 4837 4849 5284
f 4833 5282 5284
f 5284 4852 4833
f 4852 5284 5286
f 5286 4859 4852
f 5286 4849 4862
f 5286 4862 4859
f 4734 4708 5292
f 5292 4708 4737
f 4742 4734 5292
f 5292 4737 4742
f 1459 1462 1735
f 1735 1730 1459
f 1462 1468 1747
f 1747 1735 1462
f 1468 1477 1756
f 1756 1747 1468
f 1477 1480 1760
f 1760 1756 1477
f 1480 1484 1764
f 1764 1760 1480
f 1484 1485 1768
f 1768 1764 1484
f 1485 1487 1776
f 1776 1768 1485
f 1487 1498 1784
f 1784 1776 1487
f 1498 1502 1786
f 1786 1784 1498
f 1786 1504 1787
f 1502 1504 1786
f 1504 1515 1795
f 1795 1787 1504
f 1797 1520 1926
f 1797 1795 1520
f 1795 1515 1520
f 1797 1927 1800
f 1926 1927 1797
f 1800 1927 1807
f 1926 1520 1526
f 1927 1526 1530
f 1926 1526 1927
f 1738 1807 1473
f 1807 1927 1473
f 1927 1530 1473
f 1930 1538 1547
f 1821 1538 1930
f 1821 1819 1538
f 1819 1549 1538
f 1826 1547 1442
f 1826 1930 1547
f 1826 1829 1930
f 1821 1930 1829
f 1836 1549 1819
f 1552 1549 1836
f 1845 1552 1836
f 1386 1552 1845
f 1394 1386 1845
f 1845 1850 1394
f 1395 1394 1850
f 1850 1853 1395
f 1398 1395 1853
f 1853 1857 1398
f 1860 1398 1857
f 1400 1398 1860
f 1939 1410 1413
f 1416 1410 1939
f 1939 1924 1416
f 1934 1416 1924
f 1426 1416 1934
f 1437 1426 1934
f 1934 1943 1437
f 1949 1437 1943
f 1444 1437 1949
f 1706 1952 1949
f 1952 1448 1949
f 1448 1444 1949
f 1706 1869 1952
f 1712 1952 1869
f 1860 1939 1400
f 1939 1413 1400
f 1860 1875 1939
f 1689 1939 1875
f 1924 1939 1689
f 4710 4931 4717
f 4717 4937 4721
f 4931 4937 4717
f 4725 4940 4943
f 4725 4937 4940
f 4725 4721 4937
f 4725 4945 4740
f 4943 4945 4725
f 4315 4313 4759
f 4759 4763 4315
f 4763 4764 4315
f 4764 4949 4315
f 4949 4317 4315
f 4945 4951 4766
f 4766 4740 4945
f 4319 4317 4949
f 4766 4951 4773
f 4943 4956 4958
f 4940 4956 4943
f 4961 4958 4324
f 4958 4322 4324
f 4958 4956 4322
f 4945 4958 4964
f 4943 4958 4945
f 4958 4961 4966
f 4966 4964 4958
f 4961 4324 4329
f 4966 4329 4335
f 4961 4329 4966
f 4951 4964 4971
f 4945 4964 4951
f 4342 4966 4339
f 4342 4964 4966
f 4342 4971 4964
f 4778 4773 4974
f 4773 4951 4974
f 4951 4971 4974
f 4974 4342 4344
f 4971 4342 4974
f 4966 4335 4339
f 4815 4949 4764
f 4980 4949 4815
f 4826 4980 4815
f 4351 4949 4980
f 4319 4949 4351
f 4826 4830 4980
f 4830 4351 4980
f 4830 4361 4351
f 4363 4361 4830
f 4830 4833 4363
f 4778 4974 4837
f 4849 4366 4990
f 4849 4974 4366
f 4974 4344 4366
f 4849 4837 4974
f 4369 4363 4833
f 4833 4852 4369
f 4852 4366 4369
f 4852 4859 4366
f 4859 4990 4366
f 4849 4990 4862
f 4862 4990 4859
f 6126 6111 5596
f 6111 5587 5596
f 6111 6106 5587
f 6126 5596 5648
f 6111 6126 6128
f 6128 6115 6111
f 6131 5648 5651
f 6131 6128 5648
f 6128 6126 5648
f 6131 5655 6134
f 5651 5655 6131
f 6134 5655 5658
f 6075 6113 6136
f 6073 6113 6075
f 6136 6115 6138
f 6113 6115 6136
f 5896 5666 5667
f 5896 6136 5666
f 5896 5894 6136
f 5894 6075 6136
f 5666 6136 6138
f 6138 5669 5666
f 6115 6128 6139
f 6139 6138 6115
f 6128 6131 6140
f 6140 6139 6128
f 5669 6138 6139
f 6139 5672 5669
f 5672 6139 6140
f 6140 5675 5672
f 5896 5678 5901
f 5667 5678 5896
f 5901 5684 5913
f 5678 5684 5901
f 6131 6134 6141
f 6141 6140 6131
f 6134 5658 5687
f 5687 6141 6134
f 5675 6140 6141
f 6141 5688 5675
f 6141 5687 5688
f 5684 5685 5928
f 5928 5913 5684
f 5630 5696 5932
f 5932 5900 5630
f 5932 5699 5936
f 5696 5699 5932
f 5699 5677 5939
f 5939 5936 5699
f 5680 5581 6013
f 4 129 14
f 129 136 20
f 20 14 129
f 136 146 15
f 15 20 136
f 593 600 440
f 440 437 593
f 600 608 443
f 443 440 600
f 621 593 613
f 600 593 621
f 621 4 600
f 4 608 600
f 4 14 608
f 608 627 454
f 454 443 608
f 627 634 457
f 457 454 627
f 608 14 20
f 20 627 608
f 627 20 15
f 15 634 627
f 621 613 638
f 638 640 621
f 640 4 621
f 640 644 4
f 644 6 4
f 640 638 647
f 647 650 640
f 644 640 650
f 650 654 644
f 9 6 644
f 654 9 644
f 654 11 9
f 654 659 11
f 13 11 659
f 659 662 13
f 634 668 466
f 466 457 634
f 668 671 477
f 477 466 668
f 634 15 18
f 18 668 634
f 668 18 24
f 24 671 668
f 671 675 479
f 479 477 671
f 675 677 481
f 481 479 675
f 671 24 28
f 28 675 671
f 675 28 49
f 49 677 675
f 53 13 662
f 662 681 53
f 56 53 681
f 681 686 56
f 60 56 686
f 487 87 85
f 487 677 87
f 487 481 677
f 85 89 492
f 492 487 85
f 49 87 677
f 89 92 504
f 504 492 89
f 92 93 507
f 507 504 92
f 93 97 512
f 512 507 93
f 97 99 519
f 519 512 97
f 99 108 524
f 524 519 99
f 524 59 528
f 108 59 524
f 650 647 690
f 690 692 650
f 654 650 692
f 692 694 654
f 698 690 696
f 692 690 698
f 694 692 698
f 698 700 694
f 659 654 694
f 694 702 659
f 703 659 702
f 662 659 703
f 705 694 700
f 702 694 705
f 705 110 702
f 110 703 702
f 110 109 703
f 709 696 707
f 698 696 709
f 711 698 709
f 700 698 711
f 536 707 535
f 709 707 536
f 539 709 536
f 711 709 539
f 719 700 711
f 705 700 719
f 110 705 719
f 719 111 110
f 719 711 539
f 539 546 719
f 546 111 719
f 546 551 111
f 551 112 111
f 681 662 703
f 703 720 681
f 720 113 681
f 113 686 681
f 720 114 113
f 703 109 115
f 115 720 703
f 115 114 720
f 113 60 686
f 116 112 551
f 551 555 116
f 117 116 555
f 555 557 117
f 557 436 117
f 436 588 117
f 588 118 117
f 8 118 588
f 588 595 8
f 444 436 722
f 722 737 444
f 744 444 737
f 450 444 744
f 753 450 744
f 456 450 753
f 757 456 753
f 462 456 757
f 762 462 757
f 467 462 762
f 774 467 762
f 473 467 774
f 783 473 774
f 491 473 783
f 784 491 783
f 562 491 784
f 564 562 784
f 784 787 564
f 747 564 787
f 493 564 747
f 936 942 797
f 797 794 936
f 797 949 801
f 942 949 797
f 949 960 804
f 804 801 949
f 960 965 813
f 813 804 960
f 965 975 819
f 819 813 965
f 975 980 823
f 823 819 975
f 980 994 825
f 825 823 980
f 825 912 841
f 994 912 825
f 942 528 571
f 936 528 942
f 949 571 572
f 942 571 949
f 960 572 574
f 949 572 960
f 965 574 576
f 960 574 965
f 975 576 578
f 965 576 975
f 980 578 580
f 975 578 980
f 994 580 581
f 980 580 994
f 912 581 439
f 994 581 912
f 841 939 844
f 912 939 841
f 939 944 845
f 845 844 939
f 944 951 847
f 847 845 944
f 847 983 850
f 951 983 847
f 850 990 854
f 983 990 850
f 990 993 857
f 857 854 990
f 993 1007 859
f 859 857 993
f 859 943 803
f 1007 943 859
f 2482 2076 2511
f 2074 2076 2482
f 2511 2078 2516
f 2076 2078 2511
f 2078 2089 2521
f 2521 2516 2078
f 2089 2091 2538
f 2538 2521 2089
f 2091 2094 2542
f 2542 2538 2091
f 2094 2108 2546
f 2546 2542 2094
f 2108 2114 2571
f 2571 2546 2108
f 2114 2118 2575
f 2575 2571 2114
f 2118 2136 2580
f 2580 2575 2118
f 2136 2179 2586
f 2586 2580 2136
f 2179 2183 2599
f 2599 2586 2179
f 2183 2188 2648
f 2648 2599 2183
f 2188 2191 2658
f 2658 2648 2188
f 2191 2102 2654
f 2654 2658 2191
f 2594 2852 2222
f 2852 2265 2222
f 2594 2668 2852
f 2271 2265 2852
f 2856 2273 2283
f 2894 2286 2291
f 2695 2286 2894
f 2695 2686 2286
f 2686 2283 2286
f 2686 2856 2283
f 2907 2852 2668
f 2668 2704 2907
f 2725 2852 2907
f 2725 2722 2852
f 2722 2297 2852
f 2297 2271 2852
f 2704 2609 2907
f 2609 2914 2907
f 2609 2911 2914
f 2731 2725 2916
f 2725 2914 2916
f 2725 2907 2914
f 2722 2291 2297
f 2722 2894 2291
f 2722 2737 2894
f 2695 2894 2737
f 2731 2916 2688
f 2931 2273 2856
f 2300 2273 2931
f 2744 2742 2931
f 2742 2301 2931
f 2301 2300 2931
f 2686 2931 2856
f 2686 2951 2931
f 2686 2751 2951
f 2931 2951 2755
f 2755 2744 2931
f 2759 2301 2742
f 2303 2301 2759
f 2305 2303 2759
f 2759 2762 2305
f 2762 2307 2305
f 2762 2846 2307
f 2762 2768 2846
f 2968 2951 2751
f 2751 2774 2968
f 2951 2968 2778
f 2778 2755 2951
f 2781 2968 2774
f 2778 2968 2781
f 2565 2846 2768
f 2849 2307 2846
f 2309 2307 2849
f 2033 2309 2849
f 2849 2843 2033
f 2504 2501 3005
f 3005 3014 2504
f 3017 2504 3014
f 2537 2504 3017
f 3020 2537 3017
f 2548 2537 3020
f 2552 2548 3020
f 3020 3043 2552
f 2564 2552 3043
f 3043 3051 2564
f 2578 2564 3051
f 3051 3055 2578
f 2582 2578 3055
f 3055 3059 2582
f 2585 2582 3059
f 3059 3067 2585
f 3092 2585 3067
f 2589 2585 3092
f 3122 2589 3092
f 2592 2589 3122
f 3127 2592 3122
f 2602 2592 3127
f 2605 2602 3127
f 3127 3133 2605
f 2614 2615 3148
f 3148 3140 2614
f 2615 2619 3159
f 3159 3148 2615
f 3159 2621 3164
f 2619 2621 3159
f 3164 2629 3167
f 2621 2629 3164
f 3167 2633 3170
f 2629 2633 3167
f 3170 2642 3174
f 2633 2642 3170
f 2642 2646 3178
f 3178 3174 2642
f 3178 2653 3267
f 2646 2653 3178
f 3267 2661 3271
f 2653 2661 3267
f 2661 2676 3273
f 3273 3271 2661
f 2676 2680 3277
f 3277 3273 2676
f 2680 2682 3280
f 3280 3277 2680
f 2682 2684 3284
f 3284 3280 2682
f 3284 2689 3286
f 2684 2689 3284
f 2689 2693 3291
f 3291 3286 2689
f 3291 2671 3289
f 2693 2671 3291
f 2700 2605 3133
f 3133 3293 2700
f 2483 2700 3293
f 3293 3006 2483
f 2991 2988 3745
f 3401 2991 3745
f 3401 2995 2991
f 3401 3418 2995
f 3418 3463 2995
f 3463 3000 2995
f 3463 3748 3000
f 3003 3000 3748
f 2988 3021 3759
f 3759 3745 2988
f 3021 3044 3766
f 3766 3759 3021
f 3044 3049 3773
f 3773 3766 3044
f 3049 3054 3776
f 3776 3773 3049
f 3776 3058 3780
f 3054 3058 3776
f 3780 3061 3783
f 3058 3061 3780
f 3783 3069 3787
f 3061 3069 3783
f 3787 3064 3768
f 3069 3064 3787
f 3745 3759 3469
f 3469 3401 3745
f 3506 3766 3793
f 3506 3469 3766
f 3469 3759 3766
f 3796 3748 3463
f 3463 3510 3796
f 3510 3798 3796
f 3510 3506 3798
f 3506 3793 3798
f 3766 3773 3801
f 3801 3793 3766
f 3773 3776 3802
f 3802 3801 3773
f 3793 3801 3805
f 3805 3798 3793
f 3805 3802 3807
f 3801 3802 3805
f 3809 3748 3796
f 3809 3003 3748
f 3809 3103 3003
f 3809 3798 3811
f 3796 3798 3809
f 3117 3103 3809
f 3812 3117 3811
f 3117 3809 3811
f 3812 3120 3117
f 3811 3805 3814
f 3798 3805 3811
f 3814 3807 3815
f 3805 3807 3814
f 3812 3814 3817
f 3811 3814 3812
f 3817 3815 3818
f 3814 3815 3817
f 3515 3530 3780
f 3530 3776 3780
f 3530 3802 3776
f 3515 3783 3538
f 3780 3783 3515
f 3530 3807 3802
f 3530 3819 3807
f 3530 3546 3819
f 3549 3819 3546
f 3538 3787 3558
f 3783 3787 3538
f 3558 3768 3570
f 3787 3768 3558
f 3815 3819 3820
f 3807 3819 3815
f 3820 3819 3549
f 3549 3581 3820
f 3818 3820 3821
f 3815 3820 3818
f 3589 3820 3581
f 3821 3820 3589
f 3163 3144 3822
f 3591 3822 3166
f 3822 3144 3166
f 3591 3594 3822
f 3600 3603 3822
f 3603 3171 3822
f 3171 3163 3822
f 3600 3822 3594
f 3603 3180 3171
f 3603 3823 3180
f 3603 3606 3823
f 3609 3823 3606
f 3746 3823 3609
f 3183 3180 3823
f 3183 3823 3746
f 3746 3056 3183
f 3198 3195 3824
f 3825 3824 3812
f 3824 3195 3812
f 3195 3120 3812
f 3619 3591 3824
f 3591 3198 3824
f 3591 3166 3198
f 3824 3825 3623
f 3623 3619 3824
f 3812 3817 3826
f 3826 3825 3812
f 3630 3633 3818
f 3633 3817 3818
f 3633 3826 3817
f 3825 3826 3637
f 3637 3623 3825
f 3637 3826 3633
f 3609 3641 3746
f 3641 3223 3746
f 3223 3009 3746
f 3232 3223 3641
f 3641 3646 3232
f 3247 3232 3646
f 3646 3649 3247
f 2987 3247 3649
f 3649 3402 2987
f 3818 3821 3653
f 3653 3630 3818
f 3653 3821 3589
f 3418 3401 4146
f 3463 3418 4146
f 4146 3469 4174
f 3401 3469 4146
f 4174 3469 3506
f 3510 4146 4174
f 3463 4146 3510
f 4174 3506 3510
f 3530 3515 4181
f 4181 3538 4196
f 3515 3538 4181
f 3546 3530 4181
f 4200 3549 4196
f 3549 3546 4196
f 3546 4181 4196
f 4196 3558 4203
f 3538 3558 4196
f 4203 3570 4211
f 3558 3570 4203
f 4200 4203 4220
f 4196 4203 4200
f 4220 4211 4223
f 4203 4211 4220
f 3549 4200 4225
f 4225 3581 3549
f 3589 4225 4227
f 3581 4225 3589
f 4225 4220 4230
f 4200 4220 4225
f 4230 4223 4235
f 4220 4223 4230
f 4227 4230 4250
f 4225 4230 4227
f 4250 4235 4251
f 4230 4235 4250
f 3594 3591 4253
f 3603 3600 4255
f 3829 4255 4253
f 4255 3594 4253
f 4255 3600 3594
f 3829 3832 4255
f 3606 3603 4255
f 3832 3844 4255
f 3844 3609 4255
f 3609 3606 4255
f 3591 3619 4274
f 4274 4253 3591
f 3619 3623 4277
f 4277 4274 3619
f 3633 3630 4282
f 3623 3637 4285
f 4285 4277 3623
f 4145 3633 4282
f 4145 4285 3633
f 4285 3637 3633
f 4253 4274 3846
f 3846 3829 4253
f 3846 4277 3847
f 4274 4277 3846
f 3850 3609 3844
f 3641 3609 3850
f 3646 3641 3850
f 3850 3854 3646
f 3847 4285 3883
f 4277 4285 3847
f 3883 4145 3827
f 4285 4145 3883
f 3649 3646 3854
f 3854 3887 3649
f 3842 3649 3887
f 3402 3649 3842
f 3630 3653 4291
f 4291 4282 3630
f 4293 3589 4227
f 4293 3653 3589
f 4293 4291 3653
f 4282 4291 4147
f 4147 4145 4282
f 3889 3839 4293
f 3839 4147 4293
f 4147 4291 4293
f 4227 4250 4296
f 4296 4293 4227
f 4250 4251 4295
f 4295 4296 4250
f 3889 4296 3890
f 4293 4296 3889
f 4296 4295 3921
f 3921 3890 4296
f 4093 3938 4326
f 4326 4330 4093
f 3852 4093 4330
f 4330 4333 3852
f 4333 4337 3852
f 4337 4560 3852
f 4560 3860 3852
f 4341 3864 4560
f 3864 3860 4560
f 4341 4343 3864
f 3868 3864 4343
f 4343 4348 3868
f 4348 3872 3868
f 4348 4567 3872
f 4348 4352 4567
f 4352 4355 4567
f 4355 3878 4567
f 4355 3919 3878
f 4355 4569 3919
f 4569 3924 3919
f 4355 4367 4569
f 4375 3936 4569
f 3936 3931 4569
f 4375 4373 3936
f 4378 3936 4373
f 3953 3936 4378
f 4380 3953 4378
f 3970 3953 4380
f 4380 3996 3970
f 4380 4572 3996
f 4380 4386 4572
f 4393 4572 4386
f 4574 4572 4393
f 4393 4396 4574
f 4396 4013 4574
f 4396 4010 4013
f 4557 3849 4060
f 4064 4010 4396
f 4396 4400 4064
f 4400 4060 4064
f 4400 4557 4060
f 4400 4313 4557
f 4375 4569 4367
f 4072 3996 4572
f 4072 4572 4574
f 4574 4090 4072
f 4574 4013 4090
f 4581 4087 4096
f 4411 4096 4101
f 4411 4581 4096
f 4411 4410 4581
f 4411 4104 4414
f 4101 4104 4411
f 4415 4107 4591
f 4415 4414 4107
f 4414 4104 4107
f 4591 4110 4594
f 4107 4110 4591
f 4415 4591 4416
f 4416 4594 4418
f 4591 4594 4416
f 4594 4112 4600
f 4110 4112 4594
f 4600 4114 4608
f 4112 4114 4600
f 4418 4600 4420
f 4594 4600 4418
f 4322 4608 4612
f 4322 4600 4608
f 4322 4420 4600
f 4608 4114 4116
f 4617 4116 4118
f 4617 4612 4116
f 4612 4608 4116
f 4617 4118 3885
f 4972 4303 4307
f 4972 4307 4325
f 5299 5028 5478
f 5028 5020 5478
f 5299 5310 5028
f 5042 5028 5310
f 5310 5318 5042
f 5044 5042 5318
f 5318 5322 5044
f 5047 5044 5322
f 5322 5324 5047
f 5484 5060 5065
f 5488 5060 5484
f 5070 5060 5488
f 5075 5070 5488
f 5488 5497 5075
f 5501 5075 5497
f 5083 5075 5501
f 5088 5083 5501
f 5306 5505 5329
f 5332 5047 5324
f 5094 5047 5332
f 5332 5065 5094
f 5332 5484 5065
f 5332 5337 5484
f 5340 5484 5337
f 5488 5484 5340
f 5497 5488 5340
f 5340 5342 5497
f 5501 5497 5342
f 5342 5347 5501
f 5347 5356 5501
f 5356 5088 5501
f 5356 5117 5088
f 5125 5117 5356
f 5356 5359 5125
f 5359 5329 5125
f 5329 5505 5125
f 5505 5100 5125
f 5365 5134 5368
f 5132 5134 5365
f 5368 5137 5371
f 5134 5137 5368
f 5374 5137 5542
f 5137 5140 5542
f 5374 5371 5137
f 5542 5148 5544
f 5140 5148 5542
f 5374 5542 5377
f 5377 5544 5379
f 5542 5544 5377
f 5544 5152 5547
f 5148 5152 5544
f 5547 5152 5162
f 5379 5547 5380
f 5544 5547 5379
f 5405 5162 5165
f 5405 5380 5162
f 5380 5547 5162
f 5407 5168 5550
f 5407 5405 5168
f 5405 5165 5168
f 5550 5171 5552
f 5168 5171 5550
f 5407 5550 5415
f 5415 5552 5417
f 5550 5552 5415
f 5552 5191 5557
f 5171 5191 5552
f 5191 5195 5559
f 5559 5557 5191
f 5559 5195 5199
f 5417 5557 5421
f 5552 5557 5417
f 5423 5559 5563
f 5423 5557 5559
f 5423 5421 5557
f 5423 5563 5427
f 5565 5199 5203
f 5565 5563 5199
f 5563 5559 5199
f 5565 5059 5481
f 5203 5059 5565
f 5427 5565 5429
f 5563 5565 5427
f 5367 5481 5487
f 5367 5429 5481
f 5429 5565 5481
f 5729 5731 5739
f 5739 5737 5729
f 5739 5731 5582
f 5582 5591 5739
f 5737 5739 5781
f 5781 5769 5737
f 5591 5781 5739
f 5591 5594 5781
f 5594 5785 5781
f 5601 5785 5594
f 5617 5623 5297
f 5623 5295 5297
f 5623 5792 5295
f 5617 5304 5633
f 5297 5304 5617
f 5614 5792 5623
f 5633 5307 5640
f 5304 5307 5633
f 5640 5311 5578
f 5307 5311 5640
f 5319 5316 5806
f 5321 5806 5808
f 5319 5806 5321
f 5816 5325 5752
f 5816 5316 5325
f 5816 5806 5316
f 5816 5756 5818
f 5752 5756 5816
f 5808 5816 5822
f 5806 5816 5808
f 5816 5818 5826
f 5826 5822 5816
f 5327 5321 5808
f 5829 5808 5822
f 5829 5330 5808
f 5330 5327 5808
f 5822 5826 5831
f 5831 5829 5822
f 5333 5330 5829
f 5343 5829 5831
f 5333 5829 5343
f 5818 5791 5834
f 5756 5791 5818
f 5791 5801 5836
f 5836 5834 5791
f 5818 5834 5837
f 5837 5826 5818
f 5837 5836 5838
f 5834 5836 5837
f 5801 5805 5841
f 5841 5836 5801
f 5805 5769 5843
f 5843 5841 5805
f 5838 5841 5846
f 5836 5841 5838
f 5649 5841 5843
f 5649 5652 5841
f 5652 5846 5841
f 5826 5837 5848
f 5848 5831 5826
f 5837 5838 5850
f 5850 5848 5837
f 5350 5831 5848
f 5343 5831 5350
f 5358 5848 5850
f 5350 5848 5358
f 5850 5846 5852
f 5838 5846 5850
f 5652 5852 5846
f 5652 5664 5852
f 5664 5854 5852
f 5364 5850 5852
f 5358 5850 5364
f 5370 5852 5854
f 5364 5852 5370
f 5769 5781 5857
f 5857 5843 5769
f 5668 5781 5785
f 5668 5674 5781
f 5674 5857 5781
f 5649 5857 5689
f 5843 5857 5649
f 5689 5857 5674
f 5668 5785 5601
f 5694 5854 5664
f 5860 5854 5694
f 5697 5860 5694
f 5390 5854 5860
f 5370 5854 5390
f 5697 5390 5860
f 5697 5393 5390
f 5697 5701 5393
f 5703 5393 5701
f 5396 5393 5703
f 5705 5396 5703
f 5399 5396 5705
f 5706 5399 5705
f 5401 5399 5706
f 5710 5401 5706
f 5403 5401 5710
f 5713 5403 5710
f 5413 5403 5713
f 5716 5413 5713
f 5416 5413 5716
f 5420 5419 5745
f 5745 5422 5730
f 5419 5422 5745
f 5923 5885 6144
f 6150 5925 6148
f 5925 5923 6148
f 5923 6144 6148
f 6150 6152 6154
f 6148 6152 6150
f 5927 5925 6150
f 5935 6150 6154
f 5927 6150 5935
f 6152 5940 6162
f 5918 5940 6152
f 6162 5942 6164
f 5940 5942 6162
f 6164 5946 6166
f 5942 5946 6164
f 6166 5952 6170
f 5946 5952 6166
f 6154 6162 6174
f 6152 6162 6154
f 6174 6164 6176
f 6162 6164 6174
f 5956 6154 6174
f 5935 6154 5956
f 5959 6174 6176
f 5956 6174 5959
f 6176 6166 6181
f 6164 6166 6176
f 6181 6170 6185
f 6166 6170 6181
f 6188 6176 6181
f 6188 5963 6176
f 5963 5959 6176
f 6181 6185 6191
f 6191 6188 6181
f 5975 5973 6203
f 6170 5977 6209
f 5952 5977 6170
f 6212 5975 6203
f 6212 6209 5975
f 6209 5977 5975
f 5973 5979 6217
f 6217 6203 5973
f 6217 5983 6220
f 5979 5983 6217
f 6203 6217 6223
f 6223 6212 6203
f 6217 6220 6226
f 6226 6223 6217
f 6185 6209 6230
f 6170 6209 6185
f 6230 6212 6235
f 6209 6212 6230
f 6191 6230 6242
f 6185 6230 6191
f 6242 6235 6245
f 6230 6235 6242
f 6235 6223 6248
f 6212 6223 6235
f 6223 6226 6261
f 6261 6248 6223
f 6245 6248 6265
f 6235 6248 6245
f 6265 6261 6259
f 6248 6261 6265
f 6220 5987 6270
f 5983 5987 6220
f 6270 5989 6275
f 5987 5989 6270
f 6220 6270 6277
f 6277 6226 6220
f 6270 6275 6294
f 6294 6277 6270
f 6275 5991 6298
f 5989 5991 6275
f 5991 5938 6301
f 6301 6298 5991
f 6294 6298 6306
f 6275 6298 6294
f 6306 6301 6318
f 6298 6301 6306
f 6226 6277 6326
f 6326 6261 6226
f 6277 6294 6328
f 6328 6326 6277
f 6261 6326 6260
f 6260 6259 6261
f 6260 6328 6269
f 6326 6328 6260
f 6328 6306 6331
f 6294 6306 6328
f 6306 6318 6337
f 6337 6331 6306
f 6269 6331 6281
f 6328 6331 6269
f 6331 6337 6198
f 6198 6281 6331
f 5999 5997 6340
f 6001 6340 6343
f 5999 6340 6001
f 6002 6001 6343
f 6004 6003 6348
f 5997 6005 6354
f 6354 6340 5997
f 6357 6004 6348
f 6357 6005 6004
f 6357 6354 6005
f 6365 5963 6188
f 6365 6003 5963
f 6365 6348 6003
f 6188 6191 6380
f 6380 6365 6188
f 6348 6365 6384
f 6384 6357 6348
f 6384 6380 6192
f 6365 6380 6384
f 6343 6354 6387
f 6340 6354 6343
f 6387 6357 6389
f 6354 6357 6387
f 6006 6343 6387
f 6002 6343 6006
f 6007 6387 6389
f 6006 6387 6007
f 6389 6384 6392
f 6357 6384 6389
f 6384 6192 6231
f 6231 6392 6384
f 6008 6389 6392
f 6007 6389 6008
f 5884 6392 6231
f 6008 6392 5884
f 6191 6242 6397
f 6397 6380 6191
f 6242 6245 6399
f 6399 6397 6242
f 6192 6397 6225
f 6380 6397 6192
f 6225 6399 6238
f 6397 6399 6225
f 6245 6265 6402
f 6402 6399 6245
f 6402 6259 6263
f 6265 6259 6402
f 6238 6402 6254
f 6399 6402 6238
f 6402 6263 6256
f 6256 6254 6402
f 446 591 460
f 475 2 470
f 41 2 475
f 54 41 475
f 475 480 54
f 484 54 480
f 37 54 484
f 490 591 486
f 460 591 490
f 750 904 725
f 765 908 760
f 750 760 904
f 760 913 904
f 760 908 913
f 924 908 765
f 765 769 924
f 913 908 924
f 924 927 913
f 781 931 778
f 904 934 788
f 788 725 904
f 781 947 931
f 781 934 947
f 781 788 934
f 931 956 795
f 795 778 931
f 956 961 798
f 798 795 956
f 956 931 947
f 947 968 956
f 901 956 968
f 961 956 901
f 934 904 913
f 913 971 934
f 947 934 971
f 971 976 947
f 971 913 927
f 927 979 971
f 976 971 979
f 979 984 976
f 988 947 976
f 968 947 988
f 906 968 988
f 901 968 906
f 988 976 984
f 984 992 988
f 906 988 992
f 992 914 906
f 961 999 807
f 807 798 961
f 999 1006 811
f 811 807 999
f 903 961 901
f 999 961 903
f 903 435 999
f 435 1006 999
f 435 438 1006
f 1006 1010 816
f 816 811 1006
f 1010 940 721
f 721 816 1010
f 1006 438 452
f 452 1010 1006
f 1010 452 458
f 458 940 1010
f 1279 721 786
f 786 1288 1279
f 1288 786 796
f 796 1292 1288
f 1292 796 800
f 800 1298 1292
f 1298 800 777
f 777 1302 1298
f 1315 1311 1318
f 1318 1322 1315
f 1322 806 1315
f 806 1328 1315
f 1322 808 806
f 1322 1318 1325
f 1325 1332 1322
f 808 1322 1332
f 1332 814 808
f 806 769 1328
f 1332 1325 1337
f 1337 1341 1332
f 1341 814 1332
f 1341 818 814
f 1341 1343 818
f 1341 1337 1056
f 1056 1059 1341
f 1343 1341 1059
f 1059 1086 1343
f 828 818 1343
f 1086 828 1343
f 1086 1100 828
f 1100 832 828
f 840 832 1100
f 1100 1107 840
f 842 840 1107
f 1107 1122 842
f 846 842 1122
f 1122 1126 846
f 848 846 1126
f 1126 1145 848
f 851 848 1145
f 1145 1153 851
f 856 851 1153
f 1153 1160 856
f 860 856 1160
f 1160 1168 860
f 1174 860 1168
f 863 860 1174
f 865 863 1174
f 1174 1177 865
f 1185 865 1177
f 868 865 1185
f 871 868 1185
f 1185 1191 871
f 874 871 1191
f 1191 1196 874
f 884 874 1196
f 1196 1171 884
f 1302 1364 1207
f 1207 1205 1302
f 1364 1366 1208
f 1208 1207 1364
f 1210 792 888
f 1210 1208 792
f 1208 1366 792
f 888 724 1217
f 1217 1210 888
f 724 741 1221
f 1221 1217 724
f 741 746 1224
f 1224 1221 741
f 746 767 1229
f 1229 1224 746
f 1229 771 1070
f 767 771 1229
f 1302 777 785
f 785 1364 1302
f 1364 785 789
f 789 1366 1364
f 789 792 1366
f 1381 1606 1378
f 1389 1611 1383
f 1381 1615 1606
f 1381 1383 1615
f 1383 1611 1615
f 1620 1611 1389
f 1389 1392 1620
f 1622 1611 1620
f 1615 1611 1622
f 1617 1620 1392
f 1392 1393 1617
f 1622 1620 1617
f 1617 1623 1622
f 1606 1625 1415
f 1415 1378 1606
f 1625 1627 1419
f 1419 1415 1625
f 1625 1606 1615
f 1615 1631 1625
f 1627 1625 1631
f 1631 1635 1627
f 1627 1637 1423
f 1423 1419 1627
f 1427 1064 1061
f 1427 1637 1064
f 1427 1423 1637
f 1635 1110 1627
f 1110 1081 1627
f 1081 1637 1627
f 1081 1064 1637
f 1640 1615 1622
f 1631 1615 1640
f 1635 1631 1640
f 1640 1642 1635
f 1640 1622 1623
f 1623 1644 1640
f 1644 1115 1640
f 1115 1642 1640
f 1644 1067 1115
f 1110 1635 1642
f 1642 1121 1110
f 1115 1121 1642
f 1432 1634 1431
f 1434 1634 1432
f 2492 2029 2494
f 2025 2029 2492
f 2029 2049 2496
f 2496 2494 2029
f 2496 2060 2499
f 2049 2060 2496
f 2499 2093 2502
f 2060 2093 2499
f 2502 2106 2510
f 2093 2106 2502
f 2510 2109 2512
f 2106 2109 2510
f 2109 2128 2517
f 2517 2512 2109
f 2128 2129 2519
f 2519 2517 2128
f 2838 2133 2135
f 2841 2133 2838
f 2137 2133 2841
f 2859 2140 2142
f 2871 2140 2859
f 2171 2140 2871
f 2875 2135 2173
f 2838 2135 2875
f 2882 2838 2875
f 2841 2838 2882
f 2528 2526 2871
f 2526 2173 2871
f 2173 2171 2871
f 2526 2875 2173
f 2539 2875 2526
f 2882 2875 2539
f 2177 2137 2841
f 2198 2841 2882
f 2177 2841 2198
f 2539 2198 2882
f 2539 2204 2198
f 2539 2543 2204
f 2543 2888 2204
f 2925 2204 2888
f 2207 2204 2925
f 2929 2207 2925
f 2220 2207 2929
f 2865 2220 2929
f 2223 2220 2865
f 2878 2223 2865
f 2229 2223 2878
f 2233 2229 2878
f 2878 2884 2233
f 2235 2233 2884
f 2584 2920 2541
f 2941 2243 2245
f 2946 2243 2941
f 2248 2243 2946
f 2258 2248 2946
f 2222 2264 2597
f 2597 2594 2222
f 2950 2245 2267
f 2941 2245 2950
f 2953 2941 2950
f 2946 2941 2953
f 2584 2601 2920
f 2601 2034 2920
f 2601 2950 2034
f 2950 2267 2034
f 2601 2587 2950
f 2587 2972 2950
f 2972 2953 2950
f 2258 2946 2953
f 2953 2272 2258
f 2264 2280 2606
f 2606 2597 2264
f 2272 2953 2972
f 2972 2075 2272
f 2609 2606 2911
f 2606 2280 2911
f 2280 2080 2911
f 2519 2295 2625
f 2129 2295 2519
f 2295 2074 2482
f 2482 2625 2295
f 2991 3321 2988
f 2995 3321 2991
f 3323 3321 2995
f 3000 3323 2995
f 3324 3323 3000
f 3003 3324 3000
f 2988 3332 3021
f 3321 3332 2988
f 3021 3334 3044
f 3332 3334 3021
f 3044 3337 3049
f 3334 3337 3044
f 3049 3366 3054
f 3337 3366 3049
f 3366 3371 3058
f 3058 3054 3366
f 3371 3374 3061
f 3061 3058 3371
f 3374 3378 3069
f 3069 3061 3374
f 3064 2524 2509
f 3064 3069 2524
f 3069 3378 2524
f 3323 2533 3321
f 2533 2531 3321
f 2531 3332 3321
f 3334 2531 2536
f 3332 2531 3334
f 3324 2533 3323
f 3324 2547 2533
f 3324 3380 2547
f 2550 2547 3380
f 3380 3382 2550
f 3334 2536 2553
f 2553 3337 3334
f 3366 2553 2556
f 3337 2553 3366
f 2583 2550 3382
f 3382 3383 2583
f 2588 2583 3383
f 3383 3384 2588
f 3003 3385 3324
f 3385 3380 3324
f 3003 3103 3385
f 3386 3380 3385
f 3382 3380 3386
f 3117 3385 3103
f 3117 3386 3385
f 3117 3387 3386
f 3117 3120 3387
f 3388 3382 3386
f 3383 3382 3388
f 3389 3383 3388
f 3384 3383 3389
f 3390 3386 3387
f 3388 3386 3390
f 3391 3388 3390
f 3389 3388 3391
f 3366 2556 2595
f 2595 3371 3366
f 3371 2595 2598
f 2598 3374 3371
f 2608 2588 3384
f 3384 3392 2608
f 2611 2608 3392
f 3374 2598 2806
f 2806 3378 3374
f 2806 2524 3378
f 3393 3384 3389
f 3392 3384 3393
f 2810 3392 3393
f 2611 3392 2810
f 3394 3389 3391
f 3393 3389 3394
f 2810 3393 3394
f 3394 2811 2810
f 3163 3395 3144
f 3166 2816 2815
f 3166 3395 2816
f 3166 3144 3395
f 3163 3171 3395
f 3171 2819 3395
f 2819 2818 3395
f 2818 2816 3395
f 3171 3180 2819
f 3180 3396 2819
f 3396 2820 2819
f 2821 2820 3396
f 3396 3322 2821
f 3183 3396 3180
f 3056 3396 3183
f 3322 3396 3056
f 3198 3397 3195
f 3120 3195 3387
f 3195 3397 3387
f 3397 3398 3387
f 3198 2815 3397
f 2815 2822 3397
f 3198 3166 2815
f 3397 2822 2823
f 2823 3398 3397
f 3390 3387 3398
f 3398 3399 3390
f 3391 3390 3399
f 3399 3400 3391
f 3398 2823 2824
f 2824 3399 3398
f 3399 2824 2825
f 2825 3400 3399
f 3009 3223 3322
f 3223 2826 3322
f 2826 2821 3322
f 3232 2826 3223
f 2827 2826 3232
f 2828 2827 3232
f 3232 3247 2828
f 2481 2828 3247
f 3247 2987 2481
f 3400 2830 3391
f 2830 2829 3391
f 2829 3394 3391
f 2829 2811 3394
f 2825 2830 3400
f 3407 4151 4154
f 4154 3419 3407
f 3439 3419 4154
f 4164 4162 4167
f 4159 4162 4164
f 4167 4162 3863
f 3863 3877 4167
f 3923 4151 4167
f 4151 4164 4167
f 3923 3927 4151
f 3923 4167 3877
f 3927 4154 4151
f 3927 3932 4154
f 3932 4171 4154
f 3949 4171 3932
f 4183 4154 4171
f 4183 3439 4154
f 4183 3444 3439
f 4183 4171 3949
f 3949 4019 4183
f 4020 4195 4022
f 4022 4195 4024
f 3444 4183 4213
f 4213 3450 3444
f 4019 4213 4183
f 4019 4027 4213
f 4027 4215 4213
f 3454 4213 4217
f 3450 4213 3454
f 4029 4032 4215
f 4032 4213 4215
f 4032 4217 4213
f 4034 4215 4027
f 4036 4222 4037
f 4029 4215 4034
f 4222 4239 4039
f 4039 4037 4222
f 3456 4217 4243
f 3454 4217 3456
f 4032 4243 4217
f 4032 4042 4243
f 4042 4245 4243
f 3478 3456 4243
f 4248 3480 4245
f 3480 4243 4245
f 3480 3478 4243
f 4045 4245 4042
f 4239 4257 4049
f 4049 4039 4239
f 4045 4248 4245
f 4045 4259 4248
f 4045 4052 4259
f 4052 4049 4259
f 4049 3498 4259
f 3498 3520 4259
f 4049 4257 3498
f 3521 4248 4263
f 3480 4248 3521
f 3524 3521 4263
f 4063 4065 4259
f 4065 4263 4259
f 4263 4248 4259
f 4069 3520 3526
f 4069 4259 3520
f 4069 4063 4259
f 4065 3524 4263
f 4065 4073 3524
f 4073 3533 3524
f 4073 4267 3533
f 4073 3526 4267
f 3526 3671 4267
f 4073 4069 3526
f 3684 3533 4267
f 4267 3671 3684
f 4075 3689 3692
f 4075 3945 3689
f 3945 4170 3689
f 3689 4170 4172
f 4172 3697 3689
f 4075 3700 4077
f 3692 3700 4075
f 4172 3604 3697
f 4020 3705 4195
f 4020 4077 3705
f 4077 3700 3705
f 4080 4024 3709
f 4024 3705 3709
f 4024 4195 3705
f 3712 3622 4187
f 4279 3715 4190
f 3715 3712 4190
f 3712 4187 4190
f 3717 3715 4279
f 4279 4199 4283
f 4190 4199 4279
f 4283 4193 4198
f 4199 4193 4283
f 4287 3720 4283
f 3720 3717 4283
f 3717 4279 4283
f 4283 4198 4236
f 4236 4287 4283
f 3720 4287 4290
f 4290 3724 3720
f 4290 4236 4252
f 4287 4236 4290
f 3727 3724 4290
f 4176 3727 4252
f 3727 4290 4252
f 4176 3408 3727
f 4036 3735 4222
f 4036 3709 3735
f 4036 4080 3709
f 4222 3735 3737
f 3737 4239 4222
f 4257 3737 3739
f 4239 3737 4257
f 4257 3739 3498
f 3832 3829 4547
f 3844 3832 4547
f 4547 3846 4563
f 3829 3846 4547
f 3846 3847 4598
f 4598 4563 3846
f 3850 4547 4563
f 3844 4547 3850
f 3850 4563 4598
f 4598 3854 3850
f 4598 3883 4611
f 3847 3883 4598
f 4611 3827 4613
f 3883 3827 4611
f 3887 4598 4611
f 3854 4598 3887
f 3842 4611 4613
f 3887 4611 3842
f 3839 3889 4619
f 3889 3890 4624
f 4624 4619 3889
f 3890 3921 4628
f 4628 4624 3890
f 4613 3836 4631
f 3827 3836 4613
f 4634 3839 4619
f 4634 4631 3839
f 4631 3836 3839
f 3857 4613 4631
f 3842 4613 3857
f 3862 4631 4634
f 3857 4631 3862
f 4619 4624 4640
f 4640 4634 4619
f 4640 4628 4648
f 4624 4628 4640
f 3870 4634 4640
f 3862 4634 3870
f 3874 4640 4648
f 3870 4640 3874
f 3895 3892 4568
f 4568 3897 4575
f 3892 3897 4568
f 3907 3903 4660
f 4660 3909 4544
f 3903 3909 4660
f 3913 4660 4666
f 3907 4660 3913
f 4666 4544 4558
f 4660 4544 4666
f 3913 4666 4669
f 4669 3914 3913
f 4669 4558 4579
f 4666 4558 4669
f 3916 4669 4654
f 3914 4669 3916
f 4669 4579 4595
f 4595 4654 4669
f 4302 4298 4701
f 4701 4704 4302
f 4727 4302 4704
f 4306 4302 4727
f 4732 4306 4727
f 4311 4306 4732
f 4316 4311 4732
f 4732 4744 4316
f 4950 4354 4953
f 4349 4354 4950
f 4751 4756 4357
f 4756 4354 4357
f 4756 4953 4354
f 4751 4372 4761
f 4357 4372 4751
f 4761 4381 4762
f 4372 4381 4761
f 4762 4384 4772
f 4381 4384 4762
f 4772 4417 4774
f 4384 4417 4772
f 4774 4419 4780
f 4417 4419 4774
f 4780 4422 4803
f 4419 4422 4780
f 4798 4953 4816
f 4950 4953 4798
f 4816 4953 4756
f 4803 4426 4819
f 4422 4426 4803
f 4819 4429 4839
f 4426 4429 4819
f 4839 4432 4842
f 4429 4432 4839
f 4842 4480 4860
f 4432 4480 4842
f 4860 4483 4865
f 4480 4483 4860
f 4865 4488 4870
f 4483 4488 4865
f 4488 4492 4874
f 4874 4870 4488
f 4874 4424 4846
f 4492 4424 4874
f 4497 4316 4744
f 4744 4876 4497
f 4503 4497 4876
f 4876 4881 4503
f 4508 4503 4881
f 4881 4884 4508
f 4513 4508 4884
f 4884 4887 4513
f 4517 4513 4887
f 4887 4894 4517
f 4527 4517 4894
f 4894 4897 4527
f 4534 4527 4897
f 4897 4901 4534
f 4299 4534 4901
f 4901 4718 4299
f 4829 4818 5221
f 4840 4834 5223
f 5225 4829 5221
f 5225 5223 4829
f 5223 4834 4829
f 5232 4818 5229
f 4818 4769 5229
f 5232 5221 4818
f 5229 5238 5241
f 5241 5232 5229
f 5221 5232 5244
f 5244 5225 5221
f 5232 5241 5248
f 5248 5244 5232
f 4854 5223 5254
f 4840 5223 4854
f 5223 5225 5258
f 5258 5254 5223
f 4857 4854 5254
f 4863 5254 5258
f 4857 5254 4863
f 5225 5244 5262
f 5262 5258 5225
f 5262 5248 5267
f 5244 5248 5262
f 4883 5258 5262
f 4863 5258 4883
f 4701 5262 5267
f 4883 5262 4701
f 5238 5274 5276
f 5276 5241 5238
f 5276 5274 5019
f 5019 5022 5276
f 5099 5241 5276
f 5099 5101 5241
f 5101 5248 5241
f 5099 5276 5022
f 5267 5248 5101
f 5101 5112 5267
f 5112 4701 5267
f 5112 4704 4701
f 5112 5115 4704
f 5129 4704 5115
f 4727 4704 5129
f 5147 4727 5129
f 4732 4727 5147
f 5017 4732 5147
f 4744 4732 5017
f 4756 4751 5285
f 5285 4761 5288
f 4751 4761 5285
f 5288 4762 5289
f 4761 4762 5288
f 5289 4772 5290
f 4762 4772 5289
f 5290 4774 5291
f 4772 4774 5290
f 5291 4780 5293
f 4774 4780 5291
f 5293 4803 5294
f 4780 4803 5293
f 5160 4798 4816
f 5160 5163 4798
f 5163 5275 4798
f 5166 4756 5285
f 5166 5160 4756
f 5160 4816 4756
f 5056 5275 5163
f 5166 5288 5170
f 5285 5288 5166
f 5170 5289 5173
f 5288 5289 5170
f 5173 5290 5177
f 5289 5290 5173
f 5177 5291 5184
f 5290 5291 5177
f 5184 5293 5193
f 5291 5293 5184
f 5193 5294 5204
f 5293 5294 5193
f 5207 5209 4819
f 5209 4803 4819
f 5209 5294 4803
f 5207 4839 5211
f 4819 4839 5207
f 5211 4842 5213
f 4839 4842 5211
f 5213 4860 5214
f 4842 4860 5213
f 5214 4865 5216
f 4860 4865 5214
f 5216 4870 5218
f 4865 4870 5216
f 5218 4874 5220
f 4870 4874 5218
f 5220 4846 5073
f 4874 4846 5220
f 5204 5294 5209
f 5295 5562 5297
f 5477 5562 5295
f 5297 5564 5304
f 5562 5564 5297
f 5304 5566 5307
f 5564 5566 5304
f 5307 5568 5311
f 5566 5568 5307
f 5503 5548 5571
f 5571 5506 5503
f 5316 5548 5549
f 5316 5319 5548
f 5319 5571 5548
f 5506 5571 5572
f 5572 5512 5506
f 5321 5571 5319
f 5572 5571 5321
f 5316 5549 5325
f 5512 5572 5573
f 5573 5531 5512
f 5321 5573 5572
f 5321 5327 5573
f 5327 5574 5573
f 5027 5531 5573
f 5017 5531 5027
f 5036 5573 5574
f 5027 5573 5036
f 5330 5574 5327
f 5330 5036 5574
f 5330 5333 5036
f 5333 5040 5036
f 5343 5040 5333
f 5041 5040 5343
f 5350 5041 5343
f 5043 5041 5350
f 5358 5043 5350
f 5048 5043 5358
f 5364 5048 5358
f 5049 5048 5364
f 5370 5049 5364
f 5050 5049 5370
f 5390 5050 5370
f 5051 5050 5390
f 5393 5051 5390
f 5052 5051 5393
f 5053 5052 5393
f 5393 5396 5053
f 5399 5053 5396
f 5054 5053 5399
f 5055 5054 5399
f 5399 5401 5055
f 5403 5055 5401
f 5057 5055 5403
f 5413 5057 5403
f 5063 5057 5413
f 5416 5063 5413
f 5067 5063 5416
f 5568 5076 5575
f 5073 5076 5568
f 5575 5082 5576
f 5076 5082 5575
f 5419 5420 5090
f 5420 5082 5090
f 5420 5576 5082
f 5419 5093 5422
f 5090 5093 5419
f 5422 5102 5424
f 5093 5102 5422
f 5424 5105 5426
f 5102 5105 5424
f 5426 5108 5428
f 5105 5108 5426
f 5428 5024 5296
f 5108 5024 5428
f 5311 5575 5431
f 5568 5575 5311
f 5431 5576 5433
f 5575 5576 5431
f 5433 5576 5420
f 5736 5789 5592
f 5592 5583 5736
f 5789 5794 5595
f 5595 5592 5789
f 5595 5810 5618
f 5794 5810 5595
f 5618 5813 5621
f 5810 5813 5618
f 5813 5823 5625
f 5625 5621 5813
f 5625 5824 5627
f 5823 5824 5625
f 5627 5827 5631
f 5824 5827 5627
f 5827 5774 5632
f 5632 5631 5827
f 5628 5363 5361
f 5628 5635 5363
f 5635 5833 5363
f 5635 5372 5833
f 5635 5366 5372
f 5635 5638 5366
f 5375 5363 5833
f 5833 5372 5375
f 5381 5366 5638
f 5638 5641 5381
f 5644 5381 5641
f 5383 5381 5644
f 5384 5383 5644
f 5644 5653 5384
f 5653 5660 5384
f 5660 5391 5384
f 5660 5840 5391
f 5394 5391 5840
f 5663 5840 5660
f 5844 5840 5663
f 5663 5400 5844
f 5663 5577 5400
f 5577 5397 5400
f 5394 5840 5844
f 5844 5404 5394
f 5844 5400 5404
f 5583 5592 5906
f 5906 5888 5583
f 5592 5595 5909
f 5909 5906 5592
f 5909 5618 5911
f 5595 5618 5909
f 5618 5621 5912
f 5912 5911 5618
f 5912 5625 5915
f 5621 5625 5912
f 5915 5627 5917
f 5625 5627 5915
f 5917 5631 5919
f 5627 5631 5917
f 5919 5632 5924
f 5631 5632 5919
f 5929 5628 5922
f 5635 5628 5929
f 5931 5635 5929
f 5638 5635 5931
f 5934 5638 5931
f 5641 5638 5934
f 5945 5641 5934
f 5644 5641 5945
f 5948 5644 5945
f 5653 5644 5948
f 5953 5653 5948
f 5660 5653 5953
f 5957 5660 5953
f 5663 5660 5957
f 5886 5663 5957
f 5577 5663 5886
f 5964 6014 5926
f 6017 6014 5964
f 5964 5984 6017
f 6020 6017 5984
f 5984 5887 6020
f 909 901 906
f 903 901 909
f 435 903 909
f 909 448 435
f 909 906 914
f 914 916 909
f 916 448 909
f 916 464 448
f 916 935 464
f 472 464 935
f 786 478 476
f 786 721 478
f 721 940 478
f 476 485 796
f 796 786 476
f 458 478 940
f 485 489 800
f 800 796 485
f 489 437 777
f 777 800 489
f 808 948 806
f 814 948 808
f 952 948 814
f 769 963 924
f 769 806 963
f 806 948 963
f 966 924 963
f 927 924 966
f 972 948 952
f 963 948 972
f 966 963 972
f 972 985 966
f 818 952 814
f 818 828 952
f 828 972 952
f 828 989 972
f 985 972 989
f 989 991 985
f 832 989 828
f 991 989 832
f 832 840 991
f 995 927 966
f 979 927 995
f 997 979 995
f 984 979 997
f 1000 966 985
f 995 966 1000
f 1009 995 1000
f 997 995 1009
f 992 984 997
f 997 1011 992
f 914 992 1011
f 1011 1013 914
f 1016 997 1009
f 1011 997 1016
f 1016 497 1011
f 497 495 1011
f 495 1013 1011
f 1000 985 991
f 991 1018 1000
f 1009 1000 1018
f 1018 1019 1009
f 1018 991 840
f 840 842 1018
f 1019 1018 842
f 842 846 1019
f 1022 1009 1019
f 1016 1009 1022
f 1022 497 1016
f 1022 510 497
f 1022 1024 510
f 1022 1019 846
f 846 848 1022
f 1024 1022 848
f 848 851 1024
f 916 914 1013
f 1013 1028 916
f 1028 521 916
f 521 516 916
f 516 935 916
f 1013 495 525
f 525 1028 1013
f 525 521 1028
f 516 472 935
f 533 510 1024
f 1024 1031 533
f 541 533 1031
f 1031 1024 851
f 851 856 1031
f 856 541 1031
f 856 860 541
f 860 543 541
f 547 543 860
f 860 863 547
f 550 547 863
f 863 865 550
f 554 550 865
f 865 868 554
f 563 554 868
f 868 871 563
f 568 563 871
f 871 874 568
f 884 568 874
f 535 568 884
f 792 929 888
f 929 902 724
f 724 888 929
f 1481 1476 1682
f 1682 1684 1481
f 1490 1481 1684
f 1684 1686 1490
f 1722 1490 1686
f 1493 1490 1722
f 1496 1493 1722
f 1722 1750 1496
f 1754 1496 1750
f 1501 1496 1754
f 1757 1501 1754
f 1376 1501 1757
f 1766 1514 1509
f 1766 1937 1514
f 1766 1755 1937
f 1509 1521 1769
f 1769 1766 1509
f 1521 1527 1775
f 1775 1769 1521
f 1527 1531 1780
f 1780 1775 1527
f 1531 1551 1794
f 1794 1780 1531
f 1551 1554 1803
f 1803 1794 1551
f 1554 1556 1811
f 1811 1803 1554
f 1556 1559 1816
f 1816 1811 1556
f 1427 1514 1937
f 1559 1563 1825
f 1825 1816 1559
f 1563 1566 1833
f 1833 1825 1563
f 1566 1576 1838
f 1838 1833 1566
f 1576 1579 1840
f 1840 1838 1576
f 1840 1582 1843
f 1579 1582 1840
f 1582 1585 1851
f 1851 1843 1582
f 1585 1587 1854
f 1854 1851 1585
f 1587 1506 1758
f 1758 1854 1587
f 1865 1376 1757
f 1384 1376 1865
f 1868 1384 1865
f 1391 1384 1868
f 1872 1391 1868
f 1402 1391 1872
f 1408 1402 1872
f 1872 1881 1408
f 1886 1408 1881
f 1414 1408 1886
f 1888 1414 1886
f 1430 1414 1888
f 1890 1430 1888
f 1433 1430 1890
f 1685 1433 1890
f 1440 1433 1685
f 2026 2344 2030
f 2040 2344 2026
f 2455 2344 2040
f 2040 1709 2455
f 2040 2044 1709
f 2044 1701 1709
f 2058 1715 2050
f 1731 1715 2058
f 2062 1731 2058
f 1736 1731 2062
f 2066 1736 2062
f 1739 1736 2066
f 2069 1739 2066
f 1745 1739 2069
f 2072 1745 2069
f 1773 1745 2072
f 2072 1805 1773
f 2072 2030 1805
f 2030 2344 1805
f 1805 2344 2455
f 2455 1814 1805
f 2455 1709 1814
f 1823 1701 2044
f 2044 2097 1823
f 1827 1823 2097
f 2097 2103 1827
f 1831 1827 2103
f 2103 2107 1831
f 2107 2112 1831
f 2112 1834 1831
f 2112 2461 1834
f 2463 1834 2461
f 1841 1834 2463
f 2150 1847 2463
f 1847 1841 2463
f 2150 2147 1847
f 2064 2378 2158
f 2161 1847 2147
f 1849 1847 2161
f 2161 2158 1849
f 2158 2378 1849
f 2378 1753 1849
f 2167 2461 2112
f 2238 2461 2167
f 2463 2461 2238
f 2150 2463 2238
f 2266 2426 2268
f 2275 2268 1858
f 2268 1856 1858
f 2268 2426 1856
f 1858 1863 2279
f 2279 2275 1858
f 2284 1870 2468
f 2284 1863 1870
f 2284 2279 1863
f 2468 2469 2289
f 2289 2284 2468
f 2468 1870 1873
f 2469 1873 1877
f 2468 1873 2469
f 2469 2471 2294
f 2294 2289 2469
f 2471 2360 2038
f 2038 2294 2471
f 2471 1877 1883
f 2469 1877 2471
f 1788 2471 1883
f 1788 2360 2471
f 1788 2365 2360
f 2524 2832 2509
f 2533 2836 2531
f 2836 2840 2536
f 2536 2531 2836
f 2547 2836 2533
f 2840 2836 2547
f 2547 2550 2840
f 2840 2887 2553
f 2553 2536 2840
f 2887 2898 2556
f 2556 2553 2887
f 2887 2840 2550
f 2550 2583 2887
f 2898 2887 2583
f 2583 2588 2898
f 2898 2902 2595
f 2595 2556 2898
f 2902 2906 2598
f 2598 2595 2902
f 2902 2898 2588
f 2588 2608 2902
f 2608 2611 2902
f 2611 2906 2902
f 2611 2912 2906
f 2906 2936 2806
f 2806 2598 2906
f 2524 2874 2832
f 2524 2936 2874
f 2524 2806 2936
f 2943 2906 2912
f 2936 2906 2943
f 2883 2936 2943
f 2874 2936 2883
f 2810 2912 2611
f 2949 2912 2810
f 2811 2949 2810
f 2957 2949 2811
f 2959 2912 2949
f 2943 2912 2959
f 2917 2943 2959
f 2883 2943 2917
f 2959 2949 2957
f 2957 2964 2959
f 2932 2959 2964
f 2917 2959 2932
f 2816 2969 2815
f 2819 2971 2818
f 2816 2021 2969
f 2816 2971 2021
f 2971 2024 2021
f 2816 2818 2971
f 2820 2971 2819
f 2820 2821 2971
f 2821 2036 2971
f 2036 2024 2971
f 2815 2974 2822
f 2969 2974 2815
f 2822 2976 2823
f 2974 2976 2822
f 2823 2979 2824
f 2976 2979 2823
f 2824 2831 2825
f 2979 2831 2824
f 2969 2021 2063
f 2063 2974 2969
f 2974 2063 2067
f 2067 2976 2974
f 2081 2036 2821
f 2821 2826 2081
f 2827 2081 2826
f 2095 2081 2827
f 2976 2067 2117
f 2117 2979 2976
f 2979 2117 2120
f 2120 2831 2979
f 2828 2095 2827
f 2151 2095 2828
f 2481 2151 2828
f 2156 2151 2481
f 2830 2983 2829
f 2811 2985 2957
f 2811 2829 2985
f 2829 2983 2985
f 2830 2831 2983
f 2831 2834 2983
f 2830 2825 2831
f 2985 2983 2834
f 2834 2842 2985
f 2964 2957 2985
f 2985 2986 2964
f 2932 2964 2986
f 2986 2956 2932
f 2842 2168 2985
f 2168 2986 2985
f 2168 2160 2986
f 2986 2160 2186
f 2186 2956 2986
f 2994 2481 2987
f 2560 2481 2994
f 2996 2560 2994
f 2572 2560 2996
f 2999 2572 2996
f 2577 2572 2999
f 2581 2577 2999
f 2999 3001 2581
f 3009 3322 3056
f 2509 2591 3066
f 3066 3064 2509
f 2591 2623 3076
f 3076 3066 2591
f 2623 2626 3082
f 3082 3076 2623
f 2626 2628 3099
f 3099 3082 2626
f 2628 2632 3297
f 3297 3099 2628
f 2632 2645 3299
f 3299 3297 2632
f 2645 2667 3301
f 3301 3299 2645
f 2667 2670 3303
f 3303 3301 2667
f 2670 2672 3305
f 3305 3303 2670
f 2672 2679 3307
f 3307 3305 2672
f 2679 2681 3308
f 3308 3307 2679
f 2681 2683 3310
f 3310 3308 2681
f 3310 2694 3313
f 2683 2694 3310
f 2694 2698 3315
f 3315 3313 2694
f 2698 2701 3317
f 3317 3315 2698
f 2701 2614 3140
f 3140 3317 2701
f 2708 2581 3001
f 3001 3318 2708
f 2711 2708 3318
f 3318 3319 2711
f 2716 2711 3319
f 3319 3320 2716
f 3005 2716 3320
f 2501 2716 3005
f 3430 2998 3437
f 2997 2998 3430
f 3437 3008 3441
f 2998 3008 3437
f 3441 3065 3565
f 3008 3065 3441
f 3065 3093 3578
f 3578 3565 3065
f 3093 3102 3587
f 3587 3578 3093
f 3587 3113 3588
f 3102 3113 3587
f 3113 3118 3590
f 3590 3588 3113
f 3590 3121 3592
f 3118 3121 3590
f 3596 3179 3604
f 3154 3179 3596
f 3596 3184 3154
f 3596 3756 3184
f 3596 3621 3756
f 3622 3756 3621
f 3190 3028 3467
f 3467 3631 3190
f 3639 3757 3643
f 3631 3767 3190
f 3767 3052 3190
f 3631 3648 3767
f 3522 3767 3648
f 3643 3757 3652
f 3121 3197 3674
f 3674 3592 3121
f 3674 2990 3447
f 3197 2990 3674
f 3830 3416 3828
f 3420 3416 3830
f 3834 3420 3830
f 3422 3420 3834
f 3838 3422 3834
f 3458 3422 3838
f 3477 3458 3838
f 3838 3841 3477
f 3484 3477 3841
f 3841 3879 3484
f 3958 3484 3879
f 3486 3484 3958
f 3488 3486 3958
f 3958 3975 3488
f 3985 3488 3975
f 3495 3488 3985
f 3507 3495 3985
f 3985 3993 3507
f 3535 3507 3993
f 3993 4003 3535
f 3555 3535 4003
f 4003 4007 3555
f 4021 3555 4007
f 3563 3555 4021
f 3972 3576 4025
f 3568 3576 3972
f 4025 3583 4026
f 3576 3583 4025
f 4026 3586 4028
f 3583 3586 4026
f 3586 3608 4031
f 4031 4028 3586
f 3608 3613 4033
f 4033 4031 3608
f 3613 3616 4035
f 4035 4033 3613
f 3616 3625 4038
f 4038 4035 3616
f 3625 3628 4041
f 4041 4038 3625
f 3628 3634 4051
f 4051 4041 3628
f 4051 3638 4055
f 3634 3638 4051
f 4055 3645 4094
f 3638 3645 4055
f 3645 3651 4098
f 4098 4094 3645
f 4098 3657 4100
f 3651 3657 4098
f 3657 3660 4103
f 4103 4100 3657
f 4103 3685 4105
f 3660 3685 4103
f 4105 3611 4108
f 3685 3611 4105
f 3696 3563 4021
f 4021 4111 3696
f 3403 3696 4111
f 4111 3831 3403
f 4301 4561 4551
f 4301 4577 4561
f 4301 4305 4577
f 4305 4308 4577
f 4308 4586 4577
f 4586 4588 4577
f 4561 4577 4616
f 4616 4601 4561
f 4577 4588 4620
f 4620 4616 4577
f 3932 3927 4623
f 4627 3949 4601
f 3949 4623 4601
f 3949 3932 4623
f 3949 4627 4632
f 4632 4019 3949
f 4601 4616 4635
f 4635 4627 4601
f 4022 4620 4020
f 4022 4616 4620
f 4022 4635 4616
f 4632 4635 4637
f 4627 4635 4632
f 4639 4637 4024
f 4637 4022 4024
f 4637 4635 4022
f 4027 4019 4632
f 4032 4029 4667
f 4673 4034 4637
f 4034 4027 4637
f 4027 4632 4637
f 4037 4637 4036
f 4637 4639 4036
f 4037 4673 4637
f 4675 4034 4673
f 4675 4029 4034
f 4675 4667 4029
f 4675 4037 4039
f 4673 4037 4675
f 4042 4032 4667
f 4679 4042 4675
f 4042 4667 4675
f 4679 4045 4042
f 4679 4039 4049
f 4675 4039 4679
f 4052 4045 4679
f 4679 4049 4052
f 4065 4063 4312
f 4312 4320 4065
f 4303 4063 4610
f 4063 4069 4610
f 4303 4312 4063
f 4073 4065 4320
f 4320 4323 4073
f 4323 4610 4073
f 4610 4069 4073
f 4323 4325 4610
f 4586 3945 4075
f 4075 4588 4586
f 4620 4075 4077
f 4588 4075 4620
f 4620 4077 4020
f 4639 4024 4080
f 4639 4080 4036
f 3843 4687 4693
f 3840 4687 3843
f 3920 4687 3876
f 4687 4688 3876
f 3920 4693 4687
f 3940 3843 4693
f 4693 3920 3940
f 3978 4688 4694
f 3876 4688 3978
f 4573 3978 4570
f 3978 4694 4570
f 4573 3982 3978
f 3986 3982 4573
f 5024 5026 5320
f 5320 5296 5024
f 5026 5031 5338
f 5338 5320 5026
f 5031 5035 5346
f 5346 5338 5031
f 5035 5037 5425
f 5425 5346 5035
f 5425 5079 5430
f 5037 5079 5425
f 5430 5091 5432
f 5079 5091 5430
f 5091 5103 5434
f 5434 5432 5091
f 5103 5106 5435
f 5435 5434 5103
f 5111 5067 5416
f 5416 5436 5111
f 5113 5111 5436
f 5436 5438 5113
f 5116 5113 5438
f 5438 5439 5116
f 5439 5130 5116
f 5439 5485 5130
f 5439 5441 5485
f 5490 5485 5441
f 5441 5443 5490
f 5443 5444 5490
f 5444 5135 5490
f 5135 5138 5490
f 5444 5446 5135
f 5446 5494 5135
f 5494 5141 5135
f 5144 5141 5494
f 5149 5130 5485
f 5149 5485 5490
f 5490 5153 5149
f 5490 5138 5153
f 5449 5494 5446
f 5449 5451 5494
f 5451 5154 5494
f 5154 5144 5494
f 5507 5158 5159
f 5161 5158 5507
f 5507 5510 5161
f 5164 5161 5510
f 5169 5154 5451
f 5451 5453 5169
f 5174 5169 5453
f 5453 5455 5174
f 5455 5507 5174
f 5507 5159 5174
f 5455 5457 5507
f 5458 5507 5457
f 5510 5507 5458
f 5458 5461 5510
f 5461 5180 5510
f 5180 5164 5510
f 5183 5180 5461
f 5461 5462 5183
f 5186 5183 5462
f 5462 5464 5186
f 5464 5498 5186
f 5498 5188 5186
f 5464 5361 5498
f 5172 5188 5498
f 5435 5198 5468
f 5106 5198 5435
f 5198 5018 5298
f 5298 5468 5198
f 5349 5339 5734
f 5378 5354 5747
f 5749 5747 5734
f 5747 5354 5734
f 5354 5349 5734
f 5325 5747 5752
f 5378 5747 5325
f 5747 5749 5756
f 5756 5752 5747
f 5388 5386 5760
f 5734 5389 5765
f 5339 5389 5734
f 5772 5388 5760
f 5772 5765 5388
f 5765 5389 5388
f 5760 5395 5775
f 5386 5395 5760
f 5775 5398 5778
f 5395 5398 5775
f 5772 5775 5780
f 5760 5775 5772
f 5780 5778 5729
f 5775 5778 5780
f 5734 5765 5784
f 5784 5749 5734
f 5784 5772 5787
f 5765 5772 5784
f 5749 5784 5791
f 5791 5756 5749
f 5784 5787 5801
f 5801 5791 5784
f 5772 5780 5803
f 5803 5787 5772
f 5803 5729 5737
f 5780 5729 5803
f 5787 5803 5805
f 5805 5801 5787
f 5803 5737 5769
f 5769 5805 5803
f 5778 5402 5812
f 5398 5402 5778
f 5812 5406 5815
f 5402 5406 5812
f 5729 5812 5731
f 5778 5812 5729
f 5579 5582 5815
f 5582 5812 5815
f 5582 5731 5812
f 5815 5410 5819
f 5406 5410 5815
f 5819 5295 5792
f 5410 5295 5819
f 5579 5819 5608
f 5815 5819 5579
f 5608 5792 5614
f 5819 5792 5608
f 5891 5577 5886
f 5586 5577 5891
f 5893 5586 5891
f 5593 5586 5893
f 5597 5593 5893
f 5893 5897 5597
f 5620 5597 5897
f 5897 5907 5620
f 5921 5620 5907
f 5624 5620 5921
f 5921 5926 5624
f 5926 5637 5624
f 5926 6014 5637
f 5637 6014 6017
f 6017 5645 5637
f 5600 6017 6020
f 5645 6017 5600
f 5924 5670 5930
f 5632 5670 5924
f 5930 5679 5933
f 5670 5679 5930
f 5933 5690 5937
f 5679 5690 5933
f 5937 5692 5941
f 5690 5692 5937
f 5944 5698 6024
f 5944 5692 5698
f 5944 5941 5692
f 6024 5700 6030
f 5698 5700 6024
f 5944 6024 5949
f 5949 6030 5954
f 6024 6030 5949
f 6030 5702 6033
f 5700 5702 6030
f 5702 5704 6037
f 6037 6033 5702
f 5954 6033 5958
f 6030 6033 5954
f 6033 6037 5961
f 5961 5958 6033
f 6037 5707 6044
f 5704 5707 6037
f 6044 5709 6047
f 5707 5709 6044
f 5961 6044 5965
f 6037 6044 5961
f 5965 6047 5981
f 6044 6047 5965
f 6047 5711 6051
f 5709 5711 6047
f 6051 5714 6054
f 5711 5714 6051
f 5981 6051 5985
f 6047 6051 5981
f 5985 6054 5988
f 6051 6054 5985
f 6054 5717 6060
f 5714 5717 6054
f 6060 5719 6063
f 5717 5719 6060
f 5993 6054 6066
f 6054 6060 6066
f 5993 5988 6054
f 6060 6063 6068
f 6068 6066 6060
f 6063 5719 5721
f 6079 5721 5723
f 6079 6068 5721
f 6068 6063 5721
f 6079 5691 6082
f 5723 5691 6079
f 5993 6066 5995
f 5998 6068 6098
f 5998 5995 6068
f 5995 6066 6068
f 6098 6061 5976
f 5976 5998 6098
f 6068 6079 6102
f 6102 6098 6068
f 6079 6082 6104
f 6104 6102 6079
f 6098 6102 6071
f 6071 6061 6098
f 6102 6104 6073
f 6073 6071 6102
f 6153 6145 6156
f 6142 6145 6153
f 6156 6159 6161
f 6145 6159 6156
f 6163 6156 6165
f 6153 6156 6163
f 6156 6161 6167
f 6167 6165 6156
f 6161 6172 6175
f 6159 6172 6161
f 6175 6160 6179
f 6172 6160 6175
f 6161 6175 6182
f 6182 6167 6161
f 6182 6179 6187
f 6175 6179 6182
f 6198 6205 6210
f 6210 6206 6198
f 6205 6213 6216
f 6216 6210 6205
f 6206 6210 6237
f 6237 6233 6206
f 6237 6216 6240
f 6210 6216 6237
f 6213 6249 6251
f 6251 6216 6213
f 6251 6253 6267
f 6249 6253 6251
f 6240 6251 6271
f 6216 6251 6240
f 6271 6267 6274
f 6251 6267 6271
f 6280 6237 6282
f 6233 6237 6280
f 6282 6240 6285
f 6237 6240 6282
f 6287 6282 6289
f 6280 6282 6287
f 6289 6285 6292
f 6282 6285 6289
f 6285 6271 6296
f 6240 6271 6285
f 6296 6274 6299
f 6271 6274 6296
f 6292 6296 6302
f 6285 6296 6292
f 6302 6299 6305
f 6296 6299 6302
f 6267 6313 6316
f 6253 6313 6267
f 6313 6319 6321
f 6321 6316 6313
f 6274 6316 6360
f 6267 6316 6274
f 6360 6321 6363
f 6316 6321 6360
f 6321 6369 6371
f 6319 6369 6321
f 6369 6373 6375
f 6375 6371 6369
f 6363 6371 6376
f 6321 6371 6363
f 6376 6375 6378
f 6371 6375 6376
f 6299 6360 6382
f 6274 6360 6299
f 6382 6363 6385
f 6360 6363 6382
f 6305 6382 6388
f 6299 6382 6305
f 6388 6385 6390
f 6382 6385 6388
f 6385 6376 6393
f 6363 6376 6385
f 6376 6378 6395
f 6395 6393 6376
f 6390 6393 6396
f 6385 6393 6390
f 6396 6395 6398
f 6393 6395 6396
f 5922 6287 6289
f 6289 5929 5922
f 5929 6289 6292
f 6292 5931 5929
f 5934 6292 6302
f 5931 6292 5934
f 5934 6302 6305
f 6305 5945 5934
f 5945 6305 6388
f 6388 5948 5945
f 5953 6388 6390
f 5948 6388 5953
f 5953 6390 6396
f 6396 5957 5953
f 5886 6396 6398
f 5957 6396 5886
f 6375 6405 6407
f 6373 6405 6375
f 6407 6409 6411
f 6405 6409 6407
f 6375 6407 6412
f 6412 6378 6375
f 6407 6411 6418
f 6418 6412 6407
f 6411 6417 6420
f 6409 6417 6411
f 6417 6163 6423
f 6423 6420 6417
f 6411 6420 6426
f 6426 6418 6411
f 6426 6423 6428
f 6420 6423 6426
f 6395 6412 6430
f 6378 6412 6395
f 6430 6418 6432
f 6412 6418 6430
f 6398 6430 6434
f 6395 6430 6398
f 6434 6432 6436
f 6430 6432 6434
f 6432 6426 6437
f 6418 6426 6432
f 6437 6428 6438
f 6426 6428 6437
f 6436 6437 6439
f 6432 6437 6436
f 6439 6438 6440
f 6437 6438 6439
f 6163 6165 6441
f 6441 6423 6163
f 6441 6167 6442
f 6165 6167 6441
f 6428 6441 6443
f 6423 6441 6428
f 6443 6442 6444
f 6441 6442 6443
f 6442 6182 6445
f 6167 6182 6442
f 6182 6187 6303
f 6303 6445 6182
f 6444 6445 6446
f 6442 6445 6444
f 6445 6303 6310
f 6310 6446 6445
f 6438 6443 6447
f 6428 6443 6438
f 6447 6444 6448
f 6443 6444 6447
f 6440 6447 6449
f 6438 6447 6440
f 5926 6448 5964
f 5926 6447 6448
f 5926 6449 6447
f 6444 6446 6450
f 6450 6448 6444
f 6450 6310 6330
f 6446 6310 6450
f 5984 6448 6450
f 5964 6448 5984
f 5887 6450 6330
f 5984 6450 5887
f 5891 6398 6434
f 5886 6398 5891
f 5891 6434 6436
f 6436 5893 5891
f 5897 6436 6439
f 5893 6436 5897
f 5907 6439 6440
f 5897 6439 5907
f 5907 6440 6449
f 6449 5921 5907
f 6449 5926 5921
f 902 907 741
f 741 724 902
f 907 917 746
f 746 741 907
f 917 920 767
f 767 746 917
f 920 926 771
f 771 767 920
f 437 440 785
f 785 777 437
f 440 443 789
f 789 785 440
f 792 454 929
f 792 443 454
f 792 789 443
f 929 454 457
f 457 902 929
f 902 457 466
f 466 907 902
f 907 466 477
f 477 917 907
f 917 477 479
f 479 920 917
f 920 479 481
f 481 926 920
f 926 937 799
f 799 771 926
f 937 950 821
f 821 799 937
f 821 967 824
f 950 967 821
f 967 970 831
f 831 824 967
f 970 998 836
f 836 831 970
f 998 1001 870
f 870 836 998
f 1001 1004 877
f 877 870 1001
f 1004 936 794
f 794 877 1004
f 926 481 487
f 487 937 926
f 937 487 492
f 492 950 937
f 950 492 504
f 504 967 950
f 967 504 507
f 507 970 967
f 970 507 512
f 512 998 970
f 998 512 519
f 519 1001 998
f 1001 519 524
f 524 1004 1001
f 936 524 528
f 1004 524 936
f 536 535 884
f 884 887 536
f 889 536 887
f 539 536 889
f 891 539 889
f 546 539 891
f 893 546 891
f 551 546 893
f 897 551 893
f 555 551 897
f 557 555 897
f 897 899 557
f 722 557 899
f 436 557 722
f 1068 1271 1067
f 1282 1271 1068
f 1071 1289 1069
f 1068 1294 1282
f 1068 1289 1294
f 1068 1069 1289
f 1300 1271 1282
f 1282 1309 1300
f 1311 1300 1309
f 1309 1318 1311
f 1309 1282 1294
f 1294 1323 1309
f 1318 1309 1323
f 1323 1325 1318
f 1333 1289 1071
f 1071 1094 1333
f 1294 1289 1333
f 1333 1335 1294
f 1101 1333 1094
f 1335 1333 1101
f 1101 1104 1335
f 1323 1294 1335
f 1335 1339 1323
f 1325 1323 1339
f 1339 1337 1325
f 1339 1335 1104
f 1104 1113 1339
f 1337 1339 1113
f 1113 1056 1337
f 1272 1345 1124
f 1124 1061 1272
f 1345 1349 1127
f 1127 1124 1345
f 1351 1272 1283
f 1345 1272 1351
f 1353 1345 1351
f 1349 1345 1353
f 1349 1355 1137
f 1137 1127 1349
f 1355 1357 1146
f 1146 1137 1355
f 1359 1349 1353
f 1355 1349 1359
f 1359 750 1355
f 750 725 1355
f 725 1357 1355
f 1351 1283 1295
f 1295 1363 1351
f 1353 1351 1363
f 1363 1367 1353
f 1363 1295 1311
f 1311 1315 1363
f 1367 1363 1315
f 1315 1328 1367
f 1367 760 1353
f 760 1359 1353
f 1367 765 760
f 760 750 1359
f 765 1367 1328
f 1328 769 765
f 1357 1369 1149
f 1149 1146 1357
f 1151 781 778
f 1151 1149 781
f 1149 1369 781
f 1357 725 788
f 788 1369 1357
f 788 781 1369
f 778 795 1157
f 1157 1151 778
f 795 798 1162
f 1162 1157 795
f 1169 1371 1167
f 1371 1372 1178
f 1178 1167 1371
f 1372 1373 1184
f 1184 1178 1372
f 1373 1279 1192
f 1192 1184 1373
f 1279 1288 1197
f 1197 1192 1279
f 1288 1292 1200
f 1200 1197 1288
f 1292 1298 1203
f 1203 1200 1292
f 1298 1302 1205
f 1205 1203 1298
f 1169 807 1371
f 1169 798 807
f 1169 1162 798
f 1371 807 811
f 811 1372 1371
f 1372 811 816
f 816 1373 1372
f 1373 816 721
f 721 1279 1373
f 1384 1056 1376
f 1059 1056 1384
f 1391 1059 1384
f 1086 1059 1391
f 1100 1086 1391
f 1391 1402 1100
f 1408 1100 1402
f 1107 1100 1408
f 1122 1107 1408
f 1408 1414 1122
f 1126 1122 1414
f 1414 1430 1126
f 1145 1126 1430
f 1430 1433 1145
f 1440 1145 1433
f 1153 1145 1440
f 1160 1153 1440
f 1440 1445 1160
f 1449 1160 1445
f 1168 1160 1449
f 1174 1168 1449
f 1449 1458 1174
f 1464 1174 1458
f 1177 1174 1464
f 1185 1177 1464
f 1464 1472 1185
f 1191 1185 1472
f 1472 1475 1191
f 1479 1191 1475
f 1196 1191 1479
f 1495 1196 1479
f 1171 1196 1495
f 1205 1207 1523
f 1523 1506 1205
f 1207 1208 1533
f 1533 1523 1207
f 1208 1210 1536
f 1536 1533 1208
f 1536 1217 1541
f 1210 1217 1536
f 1217 1221 1543
f 1543 1541 1217
f 1221 1224 1544
f 1544 1543 1221
f 1224 1229 1546
f 1546 1544 1224
f 1229 1070 1377
f 1377 1546 1229
f 1696 1922 1683
f 1708 1923 1704
f 1696 1931 1922
f 1696 1704 1931
f 1704 1923 1931
f 1933 1923 1708
f 1708 1713 1933
f 1941 1923 1933
f 1931 1923 1941
f 1944 1933 1713
f 1713 1717 1944
f 1941 1933 1944
f 1944 1947 1941
f 1729 1967 1726
f 1967 1977 1734
f 1734 1726 1967
f 1977 1980 1749
f 1749 1734 1977
f 1980 1985 1752
f 1752 1749 1980
f 1985 1937 1755
f 1755 1752 1985
f 1922 1988 1759
f 1759 1683 1922
f 1988 1990 1763
f 1763 1759 1988
f 1991 1922 1931
f 1988 1922 1991
f 1992 1988 1991
f 1990 1988 1992
f 1990 1994 1767
f 1767 1763 1990
f 1729 1378 1967
f 1729 1381 1378
f 1729 1767 1381
f 1767 1994 1381
f 1992 1389 1990
f 1389 1383 1990
f 1383 1994 1990
f 1383 1381 1994
f 1997 1931 1941
f 1991 1931 1997
f 1998 1991 1997
f 1992 1991 1998
f 1999 1941 1947
f 1997 1941 1999
f 1998 1997 1999
f 1999 2001 1998
f 1389 1992 1998
f 1998 1392 1389
f 1392 1998 2001
f 2001 1393 1392
f 1967 1378 1415
f 1415 1977 1967
f 1977 1415 1419
f 1419 1980 1977
f 1980 1419 1423
f 1423 1985 1980
f 1985 1423 1427
f 1427 1937 1985
f 1777 2003 1774
f 1782 2004 1781
f 1783 2004 1782
f 2004 2005 1785
f 1785 1781 2004
f 1777 2006 2003
f 1777 2005 2006
f 1777 1785 2005
f 2005 2004 1783
f 1783 1789 2005
f 2006 2005 1789
f 1789 1790 2006
f 1799 2007 1792
f 1774 2008 1801
f 2003 2008 1774
f 1799 2009 2007
f 1799 2008 2009
f 1799 1801 2008
f 1717 2010 1944
f 1717 1792 2010
f 1792 2007 2010
f 1947 1944 2010
f 2010 2011 1947
f 2010 2007 2009
f 2009 2012 2010
f 2013 2010 2012
f 2011 2010 2013
f 2008 2003 2006
f 2006 2014 2008
f 2009 2008 2014
f 2014 2015 2009
f 2014 2006 1790
f 1790 1806 2014
f 2015 2014 1806
f 1806 1809 2015
f 2012 2009 2015
f 2015 2016 2012
f 2016 1431 2012
f 1431 2013 2012
f 2016 1432 1431
f 2016 2015 1809
f 1809 1818 2016
f 1818 1824 2016
f 1824 1432 2016
f 1824 1434 1432
f 1999 1947 2011
f 2011 2017 1999
f 2017 1380 1999
f 1380 1375 1999
f 1375 2001 1999
f 2013 1405 2011
f 1405 2017 2011
f 2013 1411 1405
f 1405 1380 2017
f 1375 1393 2001
f 1431 1411 2013
f 1470 1434 1824
f 1824 1835 1470
f 1476 1470 1835
f 1835 1682 1476
f 2023 1682 2020
f 1684 1682 2023
f 1686 1684 2023
f 2023 2031 1686
f 1722 1686 2031
f 2031 2051 1722
f 2070 1722 2051
f 1750 1722 2070
f 2083 1750 2070
f 1754 1750 2083
f 2154 1754 2083
f 1757 1754 2154
f 1755 1766 2169
f 2169 2166 1755
f 1766 1769 2176
f 2176 2169 1766
f 1769 1775 2210
f 2210 2176 1769
f 1775 1780 2213
f 2213 2210 1775
f 1780 1794 2221
f 2221 2213 1780
f 1794 1803 2224
f 2224 2221 1794
f 1803 1811 2226
f 2226 2224 1803
f 1811 1816 2231
f 2231 2226 1811
f 1816 1825 2247
f 2247 2231 1816
f 1825 1833 2263
f 2263 2247 1825
f 1833 1838 2269
f 2269 2263 1833
f 1838 1840 2276
f 2276 2269 1838
f 1840 1843 2282
f 2282 2276 1840
f 1843 1851 2285
f 2285 2282 1843
f 1851 1854 2288
f 2288 2285 1851
f 1854 1758 2130
f 2130 2288 1854
f 1865 1757 2154
f 2154 2290 1865
f 2293 1865 2290
f 1868 1865 2293
f 2298 1868 2293
f 1872 1868 2298
f 2299 1872 2298
f 1881 1872 2299
f 2299 1886 1881
f 2299 2338 1886
f 2299 2019 2338
f 2342 1886 2338
f 1888 1886 2342
f 2352 1888 2342
f 1890 1888 2352
f 1685 1890 2352
f 2352 2359 1685
f 2333 2332 2501
f 2501 2504 2333
f 2334 2333 2504
f 2504 2537 2334
f 2335 2334 2537
f 2537 2548 2335
f 2552 2335 2548
f 2336 2335 2552
f 2564 2336 2552
f 2337 2336 2564
f 2578 2337 2564
f 2020 2337 2578
f 2582 2020 2578
f 2023 2020 2582
f 2031 2023 2582
f 2582 2585 2031
f 2051 2031 2585
f 2585 2589 2051
f 2592 2051 2589
f 2070 2051 2592
f 2602 2070 2592
f 2083 2070 2602
f 2154 2083 2602
f 2602 2605 2154
f 2166 2169 2615
f 2615 2614 2166
f 2169 2176 2619
f 2619 2615 2169
f 2176 2210 2621
f 2621 2619 2176
f 2621 2213 2629
f 2210 2213 2621
f 2213 2221 2633
f 2633 2629 2213
f 2221 2224 2642
f 2642 2633 2221
f 2642 2226 2646
f 2224 2226 2642
f 2226 2231 2653
f 2653 2646 2226
f 2231 2247 2661
f 2661 2653 2231
f 2661 2263 2676
f 2247 2263 2661
f 2263 2269 2680
f 2680 2676 2263
f 2269 2276 2682
f 2682 2680 2269
f 2682 2282 2684
f 2276 2282 2682
f 2684 2285 2689
f 2282 2285 2684
f 2285 2288 2693
f 2693 2689 2285
f 2288 2130 2671
f 2671 2693 2288
f 2700 2154 2605
f 2290 2154 2700
f 2483 2290 2700
f 2293 2290 2483
f 2994 2987 3402
f 3402 3405 2994
f 3412 2994 3405
f 2996 2994 3412
f 3414 2996 3412
f 2999 2996 3414
f 3429 2999 3414
f 3001 2999 3429
f 3746 3009 3056
f 3445 3453 3066
f 3453 3064 3066
f 3453 3768 3064
f 3445 3076 3482
f 3066 3076 3445
f 3482 3082 3492
f 3076 3082 3482
f 3492 3099 3494
f 3082 3099 3492
f 3494 3297 3500
f 3099 3297 3494
f 3500 3299 3539
f 3297 3299 3500
f 3539 3301 3544
f 3299 3301 3539
f 3544 3303 3595
f 3301 3303 3544
f 3570 3768 3453
f 3595 3305 3612
f 3303 3305 3595
f 3612 3307 3615
f 3305 3307 3612
f 3615 3308 3627
f 3307 3308 3615
f 3308 3310 3632
f 3632 3627 3308
f 3632 3313 3640
f 3310 3313 3632
f 3640 3315 3644
f 3313 3315 3640
f 3644 3317 3654
f 3315 3317 3644
f 3654 3140 3568
f 3317 3140 3654
f 3663 3001 3429
f 3318 3001 3663
f 3666 3318 3663
f 3319 3318 3666
f 3668 3319 3666
f 3320 3319 3668
f 3005 3320 3668
f 3668 3416 3005
f 3827 4147 3836
f 4145 4147 3827
f 3836 4147 3839
f 3857 3402 3842
f 3405 3402 3857
f 3412 3405 3857
f 3857 3862 3412
f 3414 3412 3862
f 3862 3870 3414
f 3429 3414 3870
f 3870 3874 3429
f 3453 3445 4156
f 4156 3482 4160
f 3445 3482 4156
f 4160 3492 4165
f 3482 3492 4160
f 4165 3494 4173
f 3492 3494 4165
f 4173 3500 4184
f 3494 3500 4173
f 4184 3539 4207
f 3500 3539 4184
f 3892 3895 3544
f 3895 3539 3544
f 3895 4207 3539
f 3892 3595 3897
f 3544 3595 3892
f 4224 3453 4156
f 4224 4211 3453
f 4211 3570 3453
f 4224 4160 4226
f 4156 4160 4224
f 4223 4224 4228
f 4211 4224 4223
f 4228 4226 4256
f 4224 4226 4228
f 3903 3907 4165
f 3907 4226 4165
f 4226 4160 4165
f 3903 4173 3909
f 4165 4173 3903
f 3913 4226 3907
f 4256 4226 3913
f 4235 4228 4264
f 4223 4228 4235
f 4264 4256 4266
f 4228 4256 4264
f 4251 4264 4269
f 4235 4264 4251
f 4269 4266 4281
f 4264 4266 4269
f 4266 4256 3913
f 3913 3914 4266
f 4281 4266 3914
f 3914 3916 4281
f 3909 4184 3925
f 4173 4184 3909
f 3925 4207 3929
f 4184 4207 3925
f 3929 4207 3895
f 3897 3612 3935
f 3595 3612 3897
f 3935 3615 3948
f 3612 3615 3935
f 3948 3627 3951
f 3615 3627 3948
f 3951 3632 3956
f 3627 3632 3951
f 3956 3640 3959
f 3632 3640 3956
f 3959 3644 3963
f 3640 3644 3959
f 3963 3654 3969
f 3644 3654 3963
f 3969 3568 3972
f 3654 3568 3969
f 3977 3981 4269
f 3981 4295 4269
f 4295 4251 4269
f 4269 4281 3987
f 3987 3977 4269
f 3921 4295 3981
f 3987 4281 3916
f 3663 3429 3874
f 3874 4005 3663
f 4015 3663 4005
f 3666 3663 4015
f 3668 3666 4015
f 4015 4030 3668
f 3828 3668 4030
f 3416 3668 3828
f 5027 4744 5017
f 4876 4744 5027
f 4881 4876 5027
f 5027 5036 4881
f 5040 4881 5036
f 4884 4881 5040
f 4887 4884 5040
f 5040 5041 4887
f 5043 4887 5041
f 4894 4887 5043
f 4897 4894 5043
f 5043 5048 4897
f 5049 4897 5048
f 4901 4897 5049
f 4718 4901 5049
f 5049 5050 4718
f 4754 4718 5050
f 5050 5051 4754
f 4770 4754 5051
f 5051 5052 4770
f 4784 4770 5052
f 5052 5053 4784
f 4787 4784 5053
f 5053 5054 4787
f 5055 4787 5054
f 4802 4787 5055
f 4805 4802 5055
f 5055 5057 4805
f 4811 4805 5057
f 5057 5063 4811
f 4836 4811 5063
f 5063 5067 4836
f 4846 4851 5076
f 5076 5073 4846
f 4851 4855 5082
f 5082 5076 4851
f 5082 4858 5090
f 4855 4858 5082
f 5090 4864 5093
f 4858 4864 5090
f 5093 4869 5102
f 4864 4869 5093
f 4869 4871 5105
f 5105 5102 4869
f 5105 4873 5108
f 4871 4873 5105
f 5108 4879 5024
f 4873 4879 5108
f 5022 5480 5492
f 5019 5480 5022
f 5101 5099 5496
f 5500 5022 5492
f 5500 5496 5022
f 5496 5099 5022
f 5480 5495 5504
f 5504 5492 5480
f 5495 5503 5506
f 5506 5504 5495
f 5492 5504 5509
f 5509 5500 5492
f 5504 5506 5512
f 5512 5509 5504
f 5101 5496 5514
f 5514 5112 5101
f 5496 5500 5521
f 5521 5514 5496
f 5115 5112 5514
f 5129 5514 5521
f 5115 5514 5129
f 5500 5509 5528
f 5528 5521 5500
f 5509 5512 5531
f 5531 5528 5509
f 5147 5521 5528
f 5129 5521 5147
f 5017 5528 5531
f 5147 5528 5017
f 5163 5160 5534
f 5534 5166 5537
f 5160 5166 5534
f 5538 5482 5534
f 5482 5163 5534
f 5482 5056 5163
f 5534 5537 5539
f 5539 5538 5534
f 5537 5170 5540
f 5166 5170 5537
f 5540 5173 5541
f 5170 5173 5540
f 5539 5540 5543
f 5537 5540 5539
f 5339 5540 5541
f 5339 5349 5540
f 5349 5543 5540
f 5482 5538 5545
f 5545 5491 5482
f 5538 5539 5546
f 5546 5545 5538
f 5503 5545 5548
f 5491 5545 5503
f 5548 5546 5549
f 5545 5546 5548
f 5354 5539 5543
f 5354 5546 5539
f 5354 5378 5546
f 5354 5543 5349
f 5549 5546 5378
f 5378 5325 5549
f 5541 5177 5553
f 5173 5177 5541
f 5386 5388 5184
f 5388 5177 5184
f 5388 5553 5177
f 5339 5553 5389
f 5541 5553 5339
f 5389 5553 5388
f 5386 5193 5395
f 5184 5193 5386
f 5395 5204 5398
f 5193 5204 5395
f 5209 5207 5555
f 5555 5211 5556
f 5207 5211 5555
f 5556 5213 5558
f 5211 5213 5556
f 5558 5214 5477
f 5213 5214 5558
f 5477 5216 5562
f 5214 5216 5477
f 5562 5218 5564
f 5216 5218 5562
f 5564 5220 5566
f 5218 5220 5564
f 5566 5073 5568
f 5220 5073 5566
f 5402 5209 5555
f 5402 5398 5209
f 5398 5204 5209
f 5402 5556 5406
f 5555 5556 5402
f 5406 5558 5410
f 5556 5558 5406
f 5410 5477 5295
f 5558 5477 5410
f 5589 5585 6012
f 5598 6012 6016
f 5589 6012 5598
f 5599 6016 6019
f 5598 6016 5599
f 5890 6019 5884
f 6022 6019 5890
f 5898 6022 5890
f 6025 6022 5898
f 5902 6025 5898
f 6028 6025 5902
f 6036 6028 5902
f 5902 5905 6036
f 6041 6036 5905
f 5905 5910 6041
f 6045 6041 5910
f 5910 5914 6045
f 5916 6045 5914
f 5599 6019 6022
f 6022 5604 5599
f 5606 6022 6025
f 5604 6022 5606
f 5611 6025 6028
f 5606 6025 5611
f 5611 6028 6036
f 6036 5615 5611
f 5615 6036 6041
f 6041 5619 5615
f 5622 6041 6045
f 5619 6041 5622
f 5916 5622 6045
f 5916 5626 5622
f 5916 5920 5626
f 5922 5626 5920
f 5628 5626 5922
f 5938 5636 5950
f 5634 5636 5938
f 5636 5639 5955
f 5955 5950 5636
f 5955 5643 5960
f 5639 5643 5955
f 5960 5646 5962
f 5643 5646 5960
f 5962 5654 5966
f 5646 5654 5962
f 5654 5657 5967
f 5967 5966 5654
f 5967 5662 5970
f 5657 5662 5967
f 5970 5583 5888
f 5662 5583 5970
f 5900 5932 6143
f 6143 5936 6146
f 5932 5936 6143
f 6146 5936 5939
f 5943 5900 6143
f 5943 6143 6146
f 6146 5947 5943
f 6146 5939 5947
f 145 130 157
f 157 159 145
f 169 145 159
f 163 145 169
f 159 157 8
f 8 16 159
f 169 159 16
f 16 25 169
f 188 163 169
f 177 163 188
f 192 177 188
f 188 201 192
f 188 169 25
f 25 31 188
f 201 188 31
f 31 39 201
f 216 210 217
f 217 218 216
f 222 216 218
f 221 216 222
f 224 217 192
f 218 217 224
f 222 218 224
f 224 226 222
f 230 221 222
f 222 233 230
f 182 230 233
f 176 230 182
f 233 222 226
f 226 252 233
f 182 233 252
f 252 196 182
f 261 192 201
f 224 192 261
f 226 224 261
f 261 264 226
f 261 201 39
f 39 43 261
f 264 261 43
f 43 44 264
f 270 226 264
f 252 226 270
f 248 252 270
f 196 252 248
f 44 46 264
f 46 270 264
f 46 273 270
f 263 270 273
f 248 270 263
f 47 273 46
f 3 273 47
f 263 273 3
f 59 285 61
f 283 285 59
f 285 288 66
f 66 61 285
f 285 283 291
f 291 294 285
f 288 285 294
f 294 302 288
f 288 306 67
f 67 66 288
f 67 310 90
f 306 310 67
f 306 288 302
f 302 312 306
f 315 306 312
f 310 306 315
f 321 291 320
f 294 291 321
f 302 294 321
f 321 322 302
f 321 320 176
f 176 180 321
f 191 321 180
f 322 321 191
f 324 302 322
f 312 302 324
f 325 312 324
f 315 312 325
f 324 322 191
f 191 207 324
f 227 324 207
f 325 324 227
f 90 328 95
f 310 328 90
f 328 331 98
f 98 95 328
f 328 310 315
f 315 334 328
f 331 328 334
f 334 340 331
f 98 343 101
f 331 343 98
f 343 345 102
f 102 101 343
f 347 331 340
f 343 331 347
f 350 343 347
f 345 343 350
f 352 315 325
f 334 315 352
f 354 334 352
f 340 334 354
f 296 325 227
f 352 325 296
f 301 352 296
f 354 352 301
f 356 340 354
f 347 340 356
f 360 347 356
f 350 347 360
f 356 354 301
f 301 317 356
f 360 356 317
f 317 319 360
f 345 365 104
f 104 102 345
f 104 368 106
f 365 368 104
f 365 345 350
f 350 370 365
f 371 365 370
f 368 365 371
f 106 372 119
f 368 372 106
f 372 375 120
f 120 119 372
f 377 368 371
f 372 368 377
f 128 372 377
f 375 372 128
f 370 350 360
f 360 380 370
f 371 370 380
f 380 382 371
f 357 360 319
f 380 360 357
f 382 380 357
f 357 362 382
f 384 371 382
f 377 371 384
f 135 377 384
f 128 377 135
f 384 382 362
f 362 373 384
f 135 384 373
f 373 152 135
f 375 387 122
f 122 120 375
f 387 389 124
f 124 122 387
f 387 375 128
f 128 131 387
f 147 387 131
f 389 387 147
f 389 395 125
f 125 124 389
f 395 127 21
f 21 125 395
f 395 389 147
f 147 161 395
f 143 395 161
f 127 395 143
f 435 587 438
f 587 596 452
f 452 438 587
f 596 606 458
f 458 452 596
f 1064 1272 1061
f 1110 1278 1081
f 1064 1283 1272
f 1064 1081 1283
f 1081 1278 1283
f 1067 1271 1115
f 1121 1278 1110
f 1291 1278 1121
f 1295 1278 1291
f 1283 1278 1295
f 1121 1115 1291
f 1115 1300 1291
f 1115 1271 1300
f 1295 1291 1300
f 1300 1311 1295
f 1407 1601 1403
f 1407 1065 1601
f 1065 1058 1601
f 1407 1421 1065
f 1084 1065 1421
f 1421 1425 1084
f 1090 1084 1425
f 1425 1428 1090
f 1092 1090 1428
f 1428 1429 1092
f 1618 1097 1103
f 1439 1092 1429
f 1112 1092 1439
f 1439 1103 1112
f 1439 1618 1103
f 1439 1442 1618
f 1119 1135 1456
f 1456 1447 1119
f 1456 1140 1459
f 1135 1140 1456
f 1459 1156 1462
f 1140 1156 1459
f 1462 1161 1468
f 1156 1161 1462
f 1468 1166 1477
f 1161 1166 1468
f 1477 1175 1480
f 1166 1175 1477
f 1480 1180 1484
f 1175 1180 1480
f 1484 1190 1485
f 1180 1190 1484
f 1485 1198 1487
f 1190 1198 1485
f 1487 1211 1498
f 1198 1211 1487
f 1498 1215 1502
f 1211 1215 1498
f 1504 1218 1629
f 1504 1502 1218
f 1502 1215 1218
f 1504 1633 1515
f 1629 1633 1504
f 1515 1633 1520
f 1629 1218 1230
f 1633 1230 1235
f 1629 1230 1633
f 1526 1520 1237
f 1520 1633 1237
f 1633 1235 1237
f 1237 1240 1530
f 1530 1526 1237
f 1240 1227 1473
f 1473 1530 1240
f 1604 1245 1079
f 1082 1245 1604
f 1547 1097 1618
f 1547 1538 1097
f 1538 1248 1097
f 1549 1248 1538
f 1249 1248 1549
f 1547 1618 1442
f 1252 1249 1549
f 1549 1552 1252
f 1057 1252 1552
f 1552 1386 1057
f 2340 1688 1690
f 2028 1700 2340
f 1700 1688 2340
f 2028 2022 1700
f 1705 1700 2022
f 2022 2037 1705
f 2041 1705 2037
f 1711 1705 2041
f 2046 1711 2041
f 1716 1711 2046
f 2046 2056 1716
f 2056 2346 1716
f 2346 1720 1716
f 1724 1720 2346
f 2364 1727 2355
f 1732 1727 2364
f 2364 1690 1732
f 2364 2340 1690
f 2364 2371 2340
f 2364 2355 2379
f 2379 2381 2364
f 2371 2364 2381
f 2381 2398 2371
f 2340 2371 2099
f 2099 2028 2340
f 2110 2398 2403
f 2110 2099 2398
f 2099 2371 2398
f 2110 2403 2116
f 2381 2379 2119
f 2119 2131 2381
f 2145 2381 2131
f 2398 2381 2145
f 2403 2398 2145
f 2145 2149 2403
f 2116 2403 2149
f 2153 2346 2056
f 2153 1724 2346
f 2153 1733 1724
f 2153 2159 1733
f 2159 2407 1733
f 2163 2407 2159
f 2190 2170 2407
f 2170 1740 2407
f 1740 1733 2407
f 2194 1740 2170
f 1743 1740 2194
f 2190 2407 2163
f 2194 1765 1743
f 2194 2417 1765
f 2194 2200 2417
f 2421 1765 2417
f 1771 1765 2421
f 2205 2417 2200
f 2205 2421 2417
f 2205 2430 2421
f 2205 2216 2430
f 2219 2430 2216
f 1778 1771 2421
f 2430 1778 2421
f 2430 1791 1778
f 2430 2435 1791
f 1802 1791 2435
f 2435 2430 2219
f 2219 2228 2435
f 2228 1802 2435
f 2228 1810 1802
f 2228 2437 1810
f 2228 2232 2437
f 2440 2437 2232
f 2232 2032 2440
f 1815 1810 2437
f 1697 2437 2440
f 1815 2437 1697
f 2361 1830 1710
f 2242 1864 2257
f 1861 1864 2242
f 2257 1867 2259
f 1864 1867 2257
f 2259 1871 2278
f 1867 1871 2259
f 2278 1874 2281
f 1871 1874 2278
f 1874 1879 2287
f 2287 2281 1874
f 1879 1884 2292
f 2292 2287 1879
f 1884 1891 2296
f 2296 2292 1884
f 2296 1687 2025
f 1891 1687 2296
f 3015 2483 3006
f 2486 2483 3015
f 3022 2486 3015
f 2489 2486 3022
f 2493 2489 3022
f 3022 3025 2493
f 3029 2493 3025
f 2505 2493 3029
f 2507 2505 3029
f 3029 3031 2507
f 3034 2507 3031
f 2508 2507 3034
f 2520 2508 3034
f 3034 3037 2520
f 2523 2520 3037
f 3037 3042 2523
f 2530 2535 3131
f 3131 3126 2530
f 3134 2530 3126
f 2540 2530 3134
f 3134 3139 2540
f 3139 3327 2540
f 3327 2551 2540
f 2554 2551 3327
f 3146 2523 3042
f 2616 2523 3146
f 2620 2616 3146
f 3146 3149 2620
f 2535 2634 3160
f 3160 3131 2535
f 3160 2620 3149
f 2634 2620 3160
f 3173 3327 3139
f 3173 2644 3327
f 2644 2554 3327
f 3173 3176 2644
f 3176 3341 2644
f 3341 2651 2644
f 3176 3276 3341
f 2656 2651 3341
f 3281 3341 3276
f 3281 3283 3341
f 3283 2662 3341
f 2662 2656 3341
f 3097 2662 3283
f 2666 2662 3097
f 3289 2675 3292
f 2671 2675 3289
f 2675 2678 3295
f 3295 3292 2675
f 2678 2685 3296
f 3296 3295 2678
f 2685 2687 3298
f 3298 3296 2685
f 2687 2691 3300
f 3300 3298 2687
f 2691 2702 3302
f 3302 3300 2691
f 2702 2709 3304
f 3304 3302 2702
f 2709 2715 3306
f 3306 3304 2709
f 2715 2728 3309
f 3309 3306 2715
f 2728 2730 3311
f 3311 3309 2728
f 3311 2732 3312
f 2730 2732 3311
f 2732 2750 3314
f 3314 3312 2732
f 3314 2756 3316
f 2750 2756 3314
f 3316 2487 3030
f 2756 2487 3316
f 3447 2992 3451
f 2990 2992 3447
f 2992 3011 3455
f 3455 3451 2992
f 3011 3012 3459
f 3459 3455 3011
f 3012 3013 3468
f 3468 3459 3012
f 3468 3016 3472
f 3013 3016 3468
f 3016 3041 3474
f 3474 3472 3016
f 3474 3048 3479
f 3041 3048 3474
f 3479 3084 3490
f 3048 3084 3479
f 3490 3089 3682
f 3084 3089 3490
f 3682 3096 3686
f 3089 3096 3682
f 3686 3107 3691
f 3096 3107 3686
f 3691 3110 3694
f 3107 3110 3691
f 3694 3114 3699
f 3110 3114 3694
f 3699 3151 3579
f 3114 3151 3699
f 3707 3757 3639
f 3711 3762 3713
f 3652 3757 3707
f 3716 3772 3718
f 3718 3772 3721
f 3716 3172 3772
f 3716 3158 3172
f 3716 3725 3158
f 3725 3175 3158
f 3725 3777 3175
f 3725 3713 3777
f 3713 3762 3777
f 3607 3721 3209
f 3721 3172 3209
f 3721 3772 3172
f 3226 3175 3777
f 3730 3784 3732
f 3734 3762 3711
f 3732 3791 3736
f 3784 3791 3732
f 3794 3784 3730
f 3730 3738 3794
f 3740 3794 3738
f 3791 3794 3800
f 3784 3794 3791
f 3741 3794 3740
f 3800 3794 3741
f 3742 3762 3734
f 3777 3762 3742
f 3791 3804 3743
f 3743 3736 3791
f 3742 3744 3777
f 3744 3226 3777
f 3744 3230 3226
f 3744 3743 3230
f 3743 3242 3230
f 3743 3804 3242
f 3259 3800 3256
f 3259 3791 3800
f 3259 3804 3791
f 3741 3077 3800
f 3077 3256 3800
f 3741 3470 3077
f 3804 3259 3242
f 4318 4336 4546
f 4336 3918 4546
f 4336 3915 3918
f 4340 3915 4336
f 3962 3915 4340
f 3967 3962 4340
f 4340 4345 3967
f 4389 3967 4345
f 3973 3967 4389
f 4394 3973 4389
f 3976 3973 4394
f 4589 4553 4404
f 4404 4476 4589
f 4476 4479 4589
f 4479 4546 4589
f 4546 4593 4589
f 4553 4589 4602
f 4602 4599 4553
f 4589 4593 4605
f 4605 4602 4589
f 4609 3918 3980
f 4609 4593 3918
f 4593 4546 3918
f 4609 3980 3984
f 4593 4609 4615
f 4615 4605 4593
f 4615 3984 3988
f 4609 3984 4615
f 3994 4599 4602
f 4602 4057 3994
f 4067 4602 4605
f 4057 4602 4067
f 4070 4605 4615
f 4067 4605 4070
f 4615 3988 4070
f 4079 3976 4394
f 4394 4482 4079
f 4482 4485 4079
f 4485 4084 4079
f 4485 4625 4084
f 4086 4084 4625
f 4485 4491 4625
f 4491 4088 4625
f 4088 4091 4625
f 4092 4088 4491
f 4491 4495 4092
f 4625 4091 4086
f 4495 4504 4092
f 4504 4636 4092
f 4636 4095 4092
f 4638 4636 4504
f 4504 4515 4638
f 4097 4095 4636
f 4650 4097 4638
f 4097 4636 4638
f 4650 4099 4097
f 4102 4099 4650
f 4519 4638 4515
f 4519 4650 4638
f 4519 4522 4650
f 4522 4658 4650
f 4525 4658 4522
f 4106 4650 4658
f 4102 4650 4106
f 4525 4106 4658
f 4525 4528 4106
f 4528 4662 4106
f 4662 4109 4106
f 4109 4662 4551
f 4551 3863 4109
f 4529 4662 4528
f 4301 4662 4529
f 4551 4662 4301
f 4446 4586 4308
f 3908 4113 4535
f 4535 4493 3908
f 4535 4115 4536
f 4113 4115 4535
f 4115 4117 4537
f 4537 4536 4115
f 4117 4119 4538
f 4538 4537 4117
f 4119 4120 4539
f 4539 4538 4119
f 4120 4122 4540
f 4540 4539 4120
f 4122 4123 4541
f 4541 4540 4122
f 4123 3833 4542
f 4542 4541 4123
f 3833 3837 4543
f 4543 4542 3833
f 3837 3859 4304
f 4304 4543 3837
f 5045 5032 5479
f 5479 5056 5482
f 5032 5056 5479
f 5019 5061 5480
f 5066 5479 5486
f 5045 5479 5066
f 5479 5482 5491
f 5491 5486 5479
f 5495 5061 5486
f 5061 5066 5486
f 5495 5480 5061
f 5486 5491 5503
f 5503 5495 5486
f 6231 6225 6234
f 6192 6225 6231
f 6234 6238 6246
f 6225 6238 6234
f 5890 6231 6234
f 5884 6231 5890
f 5898 6234 6246
f 5890 6234 5898
f 6238 6254 6255
f 6255 6246 6238
f 6254 6256 6257
f 6257 6255 6254
f 5902 6246 6255
f 5898 6246 5902
f 5902 6255 6257
f 6257 5905 5902
f 6263 6260 6266
f 6259 6260 6263
f 6266 6269 6272
f 6260 6269 6266
f 6256 6266 6276
f 6263 6266 6256
f 6266 6272 6278
f 6278 6276 6266
f 6269 6281 6284
f 6284 6272 6269
f 6284 6198 6206
f 6281 6198 6284
f 6272 6284 6286
f 6286 6278 6272
f 6286 6206 6233
f 6284 6206 6286
f 6257 6276 6290
f 6256 6276 6257
f 6290 6278 6293
f 6276 6278 6290
f 5910 6257 6290
f 5905 6257 5910
f 5914 6290 6293
f 5910 6290 5914
f 6293 6286 6300
f 6278 6286 6293
f 6300 6233 6280
f 6286 6233 6300
f 6308 5916 6300
f 5916 6293 6300
f 5916 5914 6293
f 6308 6280 6287
f 6300 6280 6308
f 5920 5916 6308
f 5922 6308 6287
f 5920 6308 5922
f 5938 5950 6311
f 6311 6301 5938
f 6311 5955 6314
f 5950 5955 6311
f 6301 6311 6320
f 6320 6318 6301
f 6320 6314 6322
f 6311 6314 6320
f 5955 5960 6324
f 6324 6314 5955
f 5960 5962 6329
f 6329 6324 5960
f 6314 6324 6332
f 6332 6322 6314
f 6324 6329 6334
f 6334 6332 6324
f 6337 6320 6339
f 6318 6320 6337
f 6339 6322 6341
f 6320 6322 6339
f 6198 6339 6205
f 6337 6339 6198
f 6339 6341 6213
f 6213 6205 6339
f 6341 6332 6345
f 6322 6332 6341
f 6345 6334 6347
f 6332 6334 6345
f 6341 6345 6249
f 6249 6213 6341
f 6345 6347 6253
f 6253 6249 6345
f 5962 5966 6353
f 6353 6329 5962
f 5966 5967 6356
f 6356 6353 5966
f 6329 6353 6364
f 6364 6334 6329
f 6364 6356 6366
f 6353 6356 6364
f 6356 5970 6372
f 5967 5970 6356
f 6372 5888 6377
f 5970 5888 6372
f 6356 6372 6379
f 6379 6366 6356
f 6379 6377 6381
f 6372 6377 6379
f 6347 6364 6383
f 6334 6364 6347
f 6383 6366 6386
f 6364 6366 6383
f 6253 6383 6313
f 6347 6383 6253
f 6383 6386 6319
f 6319 6313 6383
f 6366 6379 6391
f 6391 6386 6366
f 6391 6381 6394
f 6379 6381 6391
f 6386 6391 6369
f 6369 6319 6386
f 6391 6394 6373
f 6373 6369 6391
f 6377 5906 6400
f 5888 5906 6377
f 6400 5909 6401
f 5906 5909 6400
f 6377 6400 6403
f 6403 6381 6377
f 6403 6401 6404
f 6400 6401 6403
f 5909 5911 6406
f 6406 6401 5909
f 6406 5912 6408
f 5911 5912 6406
f 6404 6406 6410
f 6401 6406 6404
f 6410 6408 6142
f 6406 6408 6410
f 6394 6403 6413
f 6381 6403 6394
f 6413 6404 6414
f 6403 6404 6413
f 6373 6413 6405
f 6394 6413 6373
f 6405 6414 6409
f 6413 6414 6405
f 6414 6410 6415
f 6404 6410 6414
f 6415 6142 6153
f 6410 6142 6415
f 6414 6415 6417
f 6417 6409 6414
f 6415 6153 6163
f 6163 6417 6415
f 6408 5915 6419
f 5912 5915 6408
f 5915 5917 6421
f 6421 6419 5915
f 6142 6419 6145
f 6408 6419 6142
f 6145 6421 6159
f 6419 6421 6145
f 5917 5919 6424
f 6424 6421 5917
f 6424 5924 6147
f 5919 5924 6424
f 6159 6424 6172
f 6421 6424 6159
f 6172 6147 6160
f 6424 6147 6172
f 2024 2339 2021
f 2036 2339 2024
f 2339 2348 2063
f 2063 2021 2339
f 2348 2356 2067
f 2067 2063 2348
f 2348 2339 2036
f 2036 2081 2348
f 2095 2348 2081
f 2356 2348 2095
f 2356 2366 2117
f 2117 2067 2356
f 2366 2369 2120
f 2120 2117 2366
f 2366 2356 2095
f 2095 2151 2366
f 2369 2366 2151
f 2151 2156 2369
f 2168 2377 2160
f 2160 2382 2186
f 2377 2382 2160
f 2369 2385 2199
f 2199 2120 2369
f 2385 2388 2203
f 2203 2199 2385
f 2385 2369 2156
f 2156 2230 2385
f 2388 2385 2230
f 2230 2251 2388
f 2168 2422 2377
f 2168 2388 2422
f 2168 2203 2388
f 2432 2377 2422
f 2382 2377 2432
f 2422 2388 2251
f 2251 2255 2422
f 2432 2422 2255
f 2255 2261 2432
f 2217 2429 2270
f 2429 2433 2252
f 2252 2270 2429
f 2277 2442 2274
f 2442 2396 2196
f 2196 2274 2442
f 2343 2442 2277
f 2277 2018 2343
f 2350 2442 2343
f 2396 2442 2350
f 2492 2494 2998
f 2998 2997 2492
f 2494 2496 3008
f 3008 2998 2494
f 2496 2499 3065
f 3065 3008 2496
f 3065 2502 3093
f 2499 2502 3065
f 3093 2510 3102
f 2502 2510 3093
f 2510 2512 3113
f 3113 3102 2510
f 3113 2517 3118
f 2512 2517 3113
f 2517 2519 3121
f 3121 3118 2517
f 2526 2528 3179
f 3179 3154 2526
f 3154 3331 2526
f 3331 2539 2526
f 3154 3184 3331
f 2543 2539 3331
f 3190 2541 3028
f 2584 2541 3190
f 3344 2594 2597
f 3190 3346 2584
f 3346 2601 2584
f 3190 3052 3346
f 2587 2601 3346
f 3344 2597 2606
f 2606 3360 3344
f 3360 2606 2609
f 3121 2625 3197
f 2519 2625 3121
f 2625 2482 2990
f 2990 3197 2625
f 3993 3985 4298
f 4298 4302 3993
f 4003 3993 4302
f 4302 4306 4003
f 4007 4003 4306
f 4306 4311 4007
f 4021 4007 4311
f 4311 4316 4021
f 4349 4025 4354
f 3972 4025 4349
f 4354 4026 4357
f 4025 4026 4354
f 4357 4028 4372
f 4026 4028 4357
f 4372 4031 4381
f 4028 4031 4372
f 4381 4033 4384
f 4031 4033 4381
f 4033 4035 4417
f 4417 4384 4033
f 4417 4038 4419
f 4035 4038 4417
f 4419 4041 4422
f 4038 4041 4419
f 4422 4051 4426
f 4041 4051 4422
f 4426 4055 4429
f 4051 4055 4426
f 4429 4094 4432
f 4055 4094 4429
f 4432 4098 4480
f 4094 4098 4432
f 4098 4100 4483
f 4483 4480 4098
f 4483 4103 4488
f 4100 4103 4483
f 4488 4105 4492
f 4103 4105 4488
f 4492 4108 4424
f 4105 4108 4492
f 4111 4021 4316
f 4316 4497 4111
f 3831 4111 4497
f 4497 4503 3831
f 3835 3831 4503
f 4503 4508 3835
f 3893 3835 4508
f 4508 4513 3893
f 4513 4517 3893
f 4517 4578 3893
f 4578 3942 3893
f 4545 4578 4517
f 4517 4527 4545
f 4548 4545 4527
f 4527 4534 4548
f 4562 4548 4534
f 4534 4299 4562
f 3947 3942 4578
f 3950 4578 4545
f 3947 4578 3950
f 4328 4300 4925
f 4376 4360 4929
f 4930 4328 4925
f 4930 4360 4328
f 4930 4929 4360
f 4379 4929 4933
f 4376 4929 4379
f 4933 4930 4935
f 4929 4930 4933
f 4382 4933 4938
f 4379 4933 4382
f 4933 4935 4941
f 4941 4938 4933
f 4401 4391 4948
f 4948 4405 4952
f 4391 4405 4948
f 4952 4408 4955
f 4405 4408 4952
f 4955 4412 4959
f 4408 4412 4955
f 4959 4349 4950
f 4412 4349 4959
f 4925 4425 4962
f 4300 4425 4925
f 4962 4434 4968
f 4425 4434 4962
f 4930 4962 4970
f 4925 4962 4930
f 4970 4968 4975
f 4962 4968 4970
f 4968 4436 4978
f 4434 4436 4968
f 4703 4401 4948
f 4703 4730 4401
f 4730 4436 4401
f 4730 4978 4436
f 4738 4968 4978
f 4738 4746 4968
f 4746 4975 4968
f 4738 4978 4730
f 4930 4970 4982
f 4982 4935 4930
f 4982 4975 4986
f 4970 4975 4982
f 4935 4982 4989
f 4989 4941 4935
f 4982 4986 4993
f 4993 4989 4982
f 4753 4975 4746
f 4986 4975 4753
f 4769 4986 4753
f 4993 4986 4769
f 4703 4952 4775
f 4948 4952 4703
f 4775 4955 4781
f 4952 4955 4775
f 4781 4959 4793
f 4955 4959 4781
f 4793 4950 4798
f 4959 4950 4793
f 4456 4441 4999
f 4461 4459 5001
f 4465 4461 5001
f 5001 4471 5002
f 4459 4471 5001
f 5004 4456 4999
f 5004 5002 4456
f 5002 4471 4456
f 4472 5001 5002
f 4465 5001 4472
f 4474 5002 5004
f 4472 5002 4474
f 4486 4478 5005
f 4441 4489 5006
f 5006 4999 4441
f 5007 4486 5005
f 5007 5006 4486
f 5006 4489 4486
f 5008 4478 4938
f 4478 4382 4938
f 5008 5005 4478
f 4938 4941 5009
f 5009 5008 4938
f 5005 5008 5010
f 5010 5007 5005
f 5008 5009 5011
f 5011 5010 5008
f 4999 5006 5012
f 5012 5004 4999
f 5006 5007 5013
f 5013 5012 5006
f 4494 5004 5012
f 4474 5004 4494
f 4502 5012 5013
f 4494 5012 4502
f 5007 5010 5014
f 5014 5013 5007
f 5010 5011 5015
f 5015 5014 5010
f 4505 5013 5014
f 4502 5013 4505
f 4509 5014 5015
f 4505 5014 4509
f 4941 4989 5016
f 5016 5009 4941
f 4818 4989 4993
f 4818 4829 4989
f 4829 5016 4989
f 4834 5009 5016
f 4834 4840 5009
f 4840 5011 5009
f 4834 5016 4829
f 4818 4993 4769
f 4854 5011 4840
f 5015 5011 4854
f 4854 4509 5015
f 4854 4857 4509
f 4857 4514 4509
f 4863 4514 4857
f 4523 4514 4863
f 4883 4523 4863
f 4530 4523 4883
f 4701 4530 4883
f 4298 4530 4701
f 5591 6009 6011
f 5582 6009 5591
f 5594 5591 6011
f 6009 6015 6023
f 6023 6011 6009
f 6015 6018 6026
f 6026 6023 6015
f 6029 5594 6023
f 5594 6011 6023
f 6029 5601 5594
f 6023 6026 6031
f 6031 6029 6023
f 5623 5617 6035
f 6035 5633 6038
f 5617 5633 6035
f 6040 5623 6035
f 6040 6018 5623
f 6018 5614 5623
f 6040 6038 6048
f 6035 6038 6040
f 6038 5640 6050
f 5633 5640 6038
f 6050 5578 6010
f 5640 5578 6050
f 6048 6050 6053
f 6038 6050 6048
f 6053 6010 6052
f 6050 6010 6053
f 6018 6040 6056
f 6056 6026 6018
f 6040 6048 6058
f 6058 6056 6040
f 6026 6056 6062
f 6062 6031 6026
f 6056 6058 6065
f 6065 6062 6056
f 6048 6053 6067
f 6067 6058 6048
f 6053 6052 6069
f 6069 6067 6053
f 6058 6067 6076
f 6076 6065 6058
f 6067 6069 6074
f 6074 6076 6067
f 5652 5649 6080
f 5664 5652 6080
f 5674 5668 6084
f 6080 5689 6086
f 5649 5689 6080
f 6088 5674 6084
f 6088 6086 5674
f 6086 5689 5674
f 6090 5668 6029
f 5668 5601 6029
f 6090 6084 5668
f 6029 6031 6091
f 6091 6090 6029
f 6084 6090 6093
f 6093 6088 6084
f 6090 6091 6094
f 6094 6093 6090
f 5694 6080 6086
f 5664 6080 5694
f 6096 6086 6088
f 6096 5697 6086
f 5697 5694 6086
f 5701 5697 6096
f 6088 6093 6099
f 6099 6096 6088
f 6093 6094 6101
f 6101 6099 6093
f 5703 6096 6099
f 5701 6096 5703
f 5705 6099 6101
f 5703 6099 5705
f 6031 6062 6105
f 6105 6091 6031
f 6062 6065 6107
f 6107 6105 6062
f 6091 6105 6108
f 6108 6094 6091
f 6105 6107 6110
f 6110 6108 6105
f 6107 6076 6112
f 6065 6076 6107
f 6112 6074 6114
f 6076 6074 6112
f 6107 6112 6117
f 6117 6110 6107
f 6117 6114 6119
f 6112 6114 6117
f 6101 6108 6121
f 6094 6108 6101
f 6108 6110 6123
f 6123 6121 6108
f 5706 6101 6121
f 5705 6101 5706
f 5710 6121 6123
f 5706 6121 5710
f 6123 6117 6127
f 6110 6117 6123
f 6127 6119 6130
f 6117 6119 6127
f 5713 6123 6127
f 5710 6123 5713
f 5716 6127 6130
f 5713 6127 5716
f 448 587 435
f 592 587 448
f 464 592 448
f 596 587 592
f 592 598 596
f 606 596 598
f 598 611 606
f 464 598 592
f 464 619 598
f 464 472 619
f 611 598 619
f 619 626 611
f 478 633 476
f 633 642 485
f 485 476 633
f 478 646 633
f 478 606 646
f 478 458 606
f 657 633 646
f 642 633 657
f 642 663 489
f 489 485 642
f 663 593 437
f 437 489 663
f 666 642 657
f 663 642 666
f 613 663 666
f 593 663 613
f 646 606 611
f 611 670 646
f 657 646 670
f 670 673 657
f 670 611 626
f 626 674 670
f 673 670 674
f 674 678 673
f 666 657 673
f 673 680 666
f 613 666 680
f 680 638 613
f 680 673 678
f 678 683 680
f 638 680 683
f 683 647 638
f 497 687 495
f 510 687 497
f 521 688 516
f 687 689 525
f 525 495 687
f 521 691 688
f 521 689 691
f 521 525 689
f 472 516 619
f 516 693 619
f 516 688 693
f 626 619 693
f 693 695 626
f 693 688 691
f 691 697 693
f 695 693 697
f 697 699 695
f 689 687 510
f 510 533 689
f 533 541 689
f 541 691 689
f 541 701 691
f 543 701 541
f 697 691 701
f 701 704 697
f 699 697 704
f 704 706 699
f 704 701 543
f 543 547 704
f 706 704 547
f 547 550 706
f 674 626 695
f 695 708 674
f 678 674 708
f 708 710 678
f 708 695 699
f 699 712 708
f 710 708 712
f 712 713 710
f 714 678 710
f 683 678 714
f 690 683 714
f 647 683 690
f 714 710 713
f 713 715 714
f 696 714 715
f 690 714 696
f 716 699 706
f 712 699 716
f 717 712 716
f 713 712 717
f 716 706 550
f 550 554 716
f 563 716 554
f 717 716 563
f 718 713 717
f 715 713 718
f 707 715 718
f 696 715 707
f 568 717 563
f 718 717 568
f 535 718 568
f 707 718 535
f 735 482 723
f 488 482 735
f 739 488 735
f 494 488 739
f 749 494 739
f 499 494 749
f 754 499 749
f 503 499 754
f 759 503 754
f 508 503 759
f 511 508 759
f 759 763 511
f 776 511 763
f 515 511 776
f 780 515 776
f 520 515 780
f 809 915 820
f 527 520 780
f 780 827 527
f 532 527 827
f 827 834 532
f 544 532 834
f 834 838 544
f 548 544 838
f 838 849 548
f 552 548 849
f 849 853 552
f 855 552 853
f 556 552 855
f 559 556 855
f 855 858 559
f 858 820 559
f 820 915 559
f 915 561 559
f 925 928 864
f 864 862 925
f 928 930 873
f 873 864 928
f 928 566 569
f 925 566 928
f 930 569 570
f 928 569 930
f 873 930 878
f 881 878 910
f 878 441 910
f 878 930 441
f 930 570 441
f 881 918 728
f 910 918 881
f 1932 1404 1418
f 1935 1418 1422
f 1932 1418 1935
f 1452 1935 1422
f 1452 1940 1935
f 1940 1938 1935
f 1940 1452 1457
f 1457 1948 1940
f 1692 1954 1694
f 1959 1954 1692
f 1692 1714 1959
f 1753 1694 1945
f 1694 1963 1945
f 1694 1954 1963
f 1963 1959 1966
f 1954 1959 1963
f 1761 1959 1714
f 1971 1959 1761
f 1761 1772 1971
f 1772 1463 1971
f 1772 1948 1463
f 1948 1457 1463
f 1966 1971 1975
f 1959 1971 1966
f 1978 1975 1465
f 1975 1463 1465
f 1975 1971 1463
f 1970 1938 1940
f 1940 1982 1970
f 1793 1982 1984
f 1793 1788 1982
f 1788 1970 1982
f 1986 1940 1948
f 1982 1940 1986
f 1984 1982 1986
f 1986 1987 1984
f 1793 1984 1796
f 1798 1987 1989
f 1798 1796 1987
f 1796 1984 1987
f 1798 1989 1804
f 1986 1948 1772
f 1772 1808 1986
f 1987 1986 1808
f 1808 1812 1987
f 1978 1465 1508
f 1989 1987 1812
f 1812 1817 1989
f 1804 1989 1817
f 1519 1945 1963
f 1491 1945 1519
f 1993 1963 1966
f 1993 1525 1963
f 1525 1519 1963
f 1565 1525 1993
f 1993 1975 1995
f 1966 1975 1993
f 1975 1978 1996
f 1996 1995 1975
f 1568 1993 1995
f 1565 1993 1568
f 1568 1995 1996
f 1996 1572 1568
f 2000 1508 1577
f 2000 1996 1508
f 1996 1978 1508
f 1577 1580 2002
f 2002 2000 1577
f 1584 1996 2000
f 1572 1996 1584
f 1588 2000 2002
f 1584 2000 1588
f 2002 1580 1591
f 2002 1591 1588
f 2298 2293 2483
f 2483 2486 2298
f 2489 2298 2486
f 2299 2298 2489
f 2019 2299 2489
f 2489 2493 2019
f 2505 2019 2493
f 2027 2019 2505
f 2505 2043 2027
f 2505 2853 2043
f 2505 2507 2853
f 2508 2853 2507
f 2858 2043 2853
f 2048 2043 2858
f 2861 2048 2858
f 2054 2048 2861
f 2520 2853 2508
f 2858 2853 2520
f 2523 2858 2520
f 2861 2858 2523
f 2068 2079 2535
f 2535 2530 2068
f 2540 2068 2530
f 2082 2068 2540
f 2551 2082 2540
f 2085 2082 2551
f 2088 2085 2551
f 2551 2554 2088
f 2098 2054 2861
f 2870 2101 2104
f 2523 2098 2861
f 2523 2616 2098
f 2616 2122 2098
f 2616 2104 2122
f 2616 2620 2104
f 2620 2870 2104
f 2634 2101 2870
f 2634 2079 2101
f 2634 2535 2079
f 2634 2870 2620
f 2123 2088 2554
f 2554 2644 2123
f 2651 2123 2644
f 2124 2123 2651
f 2125 2124 2651
f 2651 2656 2125
f 2662 2125 2656
f 2127 2125 2662
f 2119 2127 2662
f 2662 2666 2119
f 2130 2132 2675
f 2675 2671 2130
f 2132 2134 2678
f 2678 2675 2132
f 2134 2138 2685
f 2685 2678 2134
f 2138 2139 2687
f 2687 2685 2138
f 2139 2143 2691
f 2691 2687 2139
f 2691 2172 2702
f 2143 2172 2691
f 2702 2175 2709
f 2172 2175 2702
f 2709 2178 2715
f 2175 2178 2709
f 2715 2180 2728
f 2178 2180 2715
f 2728 2181 2730
f 2180 2181 2728
f 2730 2197 2732
f 2181 2197 2730
f 2732 2214 2750
f 2197 2214 2732
f 2750 2225 2756
f 2214 2225 2750
f 2225 2236 2487
f 2487 2756 2225
f 4646 3849 4557
f 3853 3849 4646
f 4651 3853 4646
f 3855 3853 4651
f 4315 4557 4313
f 4646 4557 4315
f 4317 4646 4315
f 4651 4646 4317
f 3869 3855 4651
f 4651 4655 3869
f 3873 3869 4655
f 4317 4655 4651
f 4317 4319 4655
f 4319 4659 4655
f 4659 4663 4655
f 4663 3873 4655
f 4663 3881 3873
f 4322 4612 4324
f 4329 4617 4668
f 4329 4324 4617
f 4324 4612 4617
f 4672 4617 3899
f 4617 3885 3899
f 4672 4668 4617
f 4668 4674 4335
f 4335 4329 4668
f 4668 4672 4676
f 4676 4674 4668
f 4339 4681 4342
f 4683 3881 4663
f 3901 3881 4683
f 4344 4342 4683
f 4342 3901 4683
f 4342 4681 3901
f 4681 3911 3901
f 4339 4684 4681
f 4339 4335 4684
f 4335 4674 4684
f 4674 4676 4686
f 4686 4684 4674
f 3911 4681 4684
f 4684 3917 3911
f 3922 4684 4686
f 3917 4684 3922
f 4351 4659 4319
f 4690 4659 4351
f 4691 4659 4690
f 4663 4659 4691
f 4361 4690 4351
f 4691 4690 4361
f 4361 4363 4691
f 4683 4663 4691
f 4691 4695 4683
f 4344 4695 4366
f 4683 4695 4344
f 4695 4691 4363
f 4363 4369 4695
f 4366 4695 4369
f 4672 3899 3930
f 4676 3930 3934
f 4672 3930 4676
f 4698 4686 3941
f 4686 3934 3941
f 4686 4676 3934
f 4698 3941 3961
f 3922 4686 4698
f 4698 3965 3922
f 4698 3961 3965
f 3877 4551 4561
f 3863 4551 3877
f 3927 3923 4623
f 4601 3877 4561
f 4601 3923 3877
f 4601 4623 3923
f 5227 4877 4880
f 5069 5059 4885
f 5059 4880 4885
f 5059 5227 4880
f 5072 4888 5233
f 5072 4885 4888
f 5072 5069 4885
f 5072 5233 5077
f 5233 4891 5237
f 4888 4891 5233
f 5237 4891 4893
f 5085 5237 5243
f 5085 5077 5237
f 5077 5233 5237
f 5226 4893 4835
f 5226 5237 4893
f 5226 5243 5237
f 5095 5257 5097
f 5098 5257 5095
f 5100 5257 4715
f 5257 4720 4715
f 5100 5097 5257
f 5098 5104 5257
f 5104 4723 5257
f 4723 4720 5257
f 5107 4723 5104
f 4731 4723 5107
f 5110 4731 5107
f 4758 4731 5110
f 5118 4758 5110
f 4768 4758 5118
f 5121 4768 5118
f 4771 4768 5121
f 5124 4771 5121
f 4777 4771 5124
f 5127 4777 5124
f 4782 4777 5127
f 5269 4790 4792
f 5133 4795 5269
f 4795 4790 5269
f 5133 5131 4795
f 5136 4795 5131
f 4800 4795 5136
f 5139 4800 5136
f 4804 4800 5139
f 5085 5243 5143
f 5143 5226 5023
f 5243 5226 5143
f 5146 4804 5139
f 4809 4804 5146
f 4822 4809 5146
f 5146 5151 4822
f 5155 4822 5151
f 4825 4822 5155
f 5038 4825 5155
f 4759 4825 5038
f 5127 4792 4782
f 5127 5157 4792
f 5157 5269 4792
f 5133 5269 5157
f 5589 5732 5585
f 5589 5598 5732
f 5598 5446 5732
f 5598 5449 5446
f 5451 5449 5598
f 5598 5599 5451
f 5604 5451 5599
f 5453 5451 5604
f 5455 5453 5604
f 5604 5606 5455
f 5611 5455 5606
f 5457 5455 5611
f 5615 5457 5611
f 5458 5457 5615
f 5461 5458 5615
f 5615 5619 5461
f 5462 5461 5619
f 5619 5622 5462
f 5626 5462 5622
f 5464 5462 5626
f 5361 5464 5626
f 5626 5628 5361
f 5740 5468 5741
f 5435 5468 5740
f 5741 5298 5757
f 5468 5298 5741
f 5757 5300 5761
f 5298 5300 5757
f 5761 5302 5763
f 5300 5302 5761
f 5763 5305 5767
f 5302 5305 5763
f 5767 5308 5779
f 5305 5308 5767
f 5308 5313 5782
f 5782 5779 5308
f 5313 5315 5736
f 5736 5782 5313
f 5634 5741 5636
f 5740 5741 5634
f 5636 5757 5639
f 5741 5757 5636
f 5639 5761 5643
f 5757 5761 5639
f 5643 5763 5646
f 5761 5763 5643
f 5646 5767 5654
f 5763 5767 5646
f 5767 5779 5657
f 5657 5654 5767
f 5779 5782 5662
f 5662 5657 5779
f 5662 5736 5583
f 5782 5736 5662
f 5315 5323 5789
f 5789 5736 5315
f 5323 5326 5794
f 5794 5789 5323
f 5794 5328 5810
f 5326 5328 5794
f 5810 5331 5813
f 5328 5331 5810
f 5813 5334 5823
f 5331 5334 5813
f 5823 5336 5824
f 5334 5336 5823
f 5824 5345 5827
f 5336 5345 5824
f 5345 5352 5774
f 5774 5827 5345
f 5885 5883 6144
f 6144 5904 6148
f 5883 5904 6144
f 6148 5918 6152
f 5904 5918 6148
f 6 129 4
f 6 136 129
f 6 9 136
f 9 140 136
f 146 136 140
f 140 174 146
f 11 140 9
f 174 140 11
f 11 13 174
f 146 184 18
f 18 15 146
f 184 194 24
f 24 18 184
f 194 198 28
f 28 24 194
f 198 205 49
f 49 28 198
f 208 146 174
f 184 146 208
f 239 184 208
f 194 184 239
f 208 174 13
f 13 53 208
f 239 208 53
f 53 56 239
f 245 194 239
f 198 194 245
f 205 198 245
f 245 249 205
f 56 60 239
f 60 245 239
f 60 253 245
f 267 245 253
f 249 245 267
f 87 278 85
f 278 284 89
f 89 85 278
f 87 289 278
f 87 49 289
f 49 205 289
f 284 278 289
f 289 292 284
f 89 295 92
f 284 295 89
f 92 309 93
f 295 309 92
f 295 284 292
f 292 316 295
f 309 295 316
f 316 388 309
f 289 205 249
f 249 391 289
f 393 289 391
f 292 289 393
f 391 249 267
f 267 396 391
f 398 391 396
f 393 391 398
f 400 292 393
f 316 292 400
f 402 316 400
f 388 316 402
f 404 393 398
f 400 393 404
f 210 400 404
f 402 400 210
f 309 407 97
f 97 93 309
f 97 409 99
f 407 409 97
f 407 309 388
f 388 410 407
f 412 407 410
f 409 407 412
f 409 414 108
f 108 99 409
f 108 283 59
f 414 283 108
f 414 409 412
f 412 416 414
f 283 414 416
f 416 291 283
f 418 388 402
f 410 388 418
f 412 410 418
f 418 419 412
f 216 402 210
f 418 402 216
f 221 418 216
f 419 418 221
f 416 412 419
f 419 420 416
f 291 416 420
f 420 320 291
f 230 419 221
f 420 419 230
f 176 420 230
f 320 420 176
f 110 421 109
f 422 421 110
f 110 111 422
f 112 422 111
f 114 423 113
f 109 424 115
f 421 424 109
f 114 425 423
f 114 115 425
f 115 424 425
f 60 426 253
f 60 113 426
f 113 423 426
f 267 253 426
f 426 427 267
f 426 423 425
f 425 428 426
f 427 426 428
f 428 130 427
f 429 421 422
f 424 421 429
f 425 424 429
f 429 430 425
f 116 422 112
f 429 422 116
f 117 429 116
f 430 429 117
f 431 425 430
f 428 425 431
f 157 428 431
f 130 428 157
f 118 430 117
f 431 430 118
f 157 431 118
f 118 8 157
f 396 267 427
f 427 432 396
f 398 396 432
f 432 433 398
f 145 427 130
f 432 427 145
f 163 432 145
f 433 432 163
f 404 398 433
f 433 434 404
f 217 404 434
f 210 404 217
f 434 433 163
f 163 177 434
f 192 434 177
f 217 434 192
f 102 104 442
f 442 439 102
f 104 106 447
f 447 442 104
f 106 119 451
f 451 447 106
f 451 120 453
f 119 120 451
f 120 122 459
f 459 453 120
f 459 124 463
f 122 124 459
f 124 125 469
f 469 463 124
f 125 21 471
f 471 469 125
f 5 3 493
f 493 498 5
f 10 5 498
f 498 502 10
f 12 10 502
f 502 506 12
f 17 12 506
f 506 513 17
f 22 17 513
f 513 517 22
f 26 22 517
f 517 526 26
f 30 26 526
f 526 530 30
f 32 30 530
f 530 468 32
f 589 35 36
f 597 35 589
f 38 35 597
f 40 38 597
f 597 590 40
f 912 439 442
f 442 939 912
f 944 442 447
f 939 442 944
f 951 447 451
f 944 447 951
f 983 451 453
f 951 451 983
f 990 453 459
f 983 453 990
f 993 459 463
f 990 459 993
f 1007 463 469
f 993 463 1007
f 943 469 471
f 1007 469 943
f 730 1012 733
f 736 1012 730
f 1014 1012 736
f 740 1014 736
f 747 755 493
f 755 498 493
f 755 1020 498
f 764 498 1020
f 764 761 498
f 761 502 498
f 766 1020 755
f 764 1020 766
f 761 1012 502
f 1012 506 502
f 761 733 1012
f 506 1012 1014
f 1014 513 506
f 740 772 1014
f 772 517 1014
f 517 513 1014
f 772 526 517
f 772 779 526
f 779 1026 526
f 782 1026 779
f 530 526 1026
f 1026 1029 530
f 791 530 1029
f 791 468 530
f 791 732 468
f 802 1026 782
f 1029 1026 802
f 791 1029 802
f 1380 1602 1375
f 1411 1605 1405
f 1380 1609 1602
f 1380 1605 1609
f 1380 1405 1605
f 1393 1375 1617
f 1375 1619 1617
f 1375 1602 1619
f 1623 1617 1619
f 1619 1624 1623
f 1619 1602 1609
f 1609 1626 1619
f 1624 1619 1626
f 1626 1628 1624
f 1411 1431 1605
f 1431 1636 1605
f 1431 1634 1636
f 1609 1605 1636
f 1636 1638 1609
f 1636 1634 1434
f 1434 1470 1636
f 1638 1636 1470
f 1470 1476 1638
f 1626 1609 1638
f 1638 1643 1626
f 1645 1626 1643
f 1628 1626 1645
f 1643 1638 1476
f 1476 1481 1643
f 1645 1643 1481
f 1481 1490 1645
f 1644 1623 1624
f 1624 1650 1644
f 1067 1644 1650
f 1650 1068 1067
f 1628 1071 1624
f 1071 1069 1624
f 1069 1650 1624
f 1069 1068 1650
f 1094 1628 1645
f 1071 1628 1094
f 1490 1094 1645
f 1490 1493 1094
f 1493 1101 1094
f 1104 1101 1493
f 1493 1496 1104
f 1113 1104 1496
f 1496 1501 1113
f 1056 1113 1501
f 1501 1376 1056
f 1514 1656 1509
f 1656 1661 1521
f 1521 1509 1656
f 1661 1663 1527
f 1527 1521 1661
f 1663 1665 1531
f 1531 1527 1663
f 1665 1668 1551
f 1551 1531 1665
f 1668 1670 1554
f 1554 1551 1668
f 1670 1673 1556
f 1556 1554 1670
f 1673 1675 1559
f 1559 1556 1673
f 1514 1124 1656
f 1514 1427 1124
f 1427 1061 1124
f 1656 1124 1127
f 1127 1661 1656
f 1661 1127 1137
f 1137 1663 1661
f 1663 1137 1146
f 1146 1665 1663
f 1665 1146 1149
f 1149 1668 1665
f 1668 1149 1151
f 1151 1670 1668
f 1670 1151 1157
f 1157 1673 1670
f 1673 1157 1162
f 1162 1675 1673
f 1563 1169 1167
f 1563 1559 1169
f 1559 1675 1169
f 1167 1178 1566
f 1566 1563 1167
f 1178 1184 1576
f 1576 1566 1178
f 1184 1192 1579
f 1579 1576 1184
f 1192 1197 1582
f 1582 1579 1192
f 1197 1200 1585
f 1585 1582 1197
f 1200 1203 1587
f 1587 1585 1200
f 1203 1205 1506
f 1506 1587 1203
f 1162 1169 1675
f 2027 2338 2019
f 2043 2338 2027
f 2342 2338 2043
f 2048 2342 2043
f 2352 2342 2048
f 2359 2352 2048
f 2048 2054 2359
f 1699 1685 2359
f 2359 2363 1699
f 1703 1699 2363
f 2363 2367 1703
f 2079 1725 2367
f 1725 1703 2367
f 2079 2068 1725
f 2082 1725 2068
f 1728 1725 2082
f 2085 1728 2082
f 1737 1728 2085
f 2085 1742 1737
f 2085 2088 1742
f 2088 2372 1742
f 2380 1742 2372
f 1748 1742 2380
f 1751 1748 2380
f 2054 2098 2359
f 2098 2363 2359
f 2098 2384 2363
f 2104 2363 2384
f 2104 2367 2363
f 2104 2101 2367
f 2122 2384 2098
f 2104 2384 2122
f 2079 2367 2101
f 2397 2372 2088
f 2088 2123 2397
f 2124 2397 2123
f 2380 2372 2397
f 2397 2400 2380
f 2400 1751 2380
f 2400 1727 1751
f 2400 2355 1727
f 2124 2400 2397
f 2124 2125 2400
f 2125 2405 2400
f 2379 2400 2405
f 2355 2400 2379
f 2127 2405 2125
f 2119 2405 2127
f 2379 2405 2119
f 1758 1762 2132
f 2132 2130 1758
f 1762 1908 2134
f 2134 2132 1762
f 1908 1909 2138
f 2138 2134 1908
f 1909 1910 2139
f 2139 2138 1909
f 1910 1911 2143
f 2143 2139 1910
f 1911 1912 2172
f 2172 2143 1911
f 2172 1913 2175
f 1912 1913 2172
f 2175 1914 2178
f 1913 1914 2175
f 2178 1915 2180
f 1914 1915 2178
f 2180 1916 2181
f 1915 1916 2180
f 1916 1917 2197
f 2197 2181 1916
f 2197 1918 2214
f 1917 1918 2197
f 1918 1919 2225
f 2225 2214 1918
f 2225 1920 2236
f 1919 1920 2225
f 2236 1921 2240
f 1920 1921 2236
f 2240 1861 2242
f 1921 1861 2240
f 2831 2120 2199
f 2199 2834 2831
f 2834 2199 2203
f 2203 2842 2834
f 2560 2156 2481
f 2230 2156 2560
f 2251 2230 2560
f 2560 2572 2251
f 2203 2168 2842
f 2577 2251 2572
f 2255 2251 2577
f 2581 2255 2577
f 2261 2255 2581
f 2832 2845 2591
f 2591 2509 2832
f 2845 2848 2623
f 2623 2591 2845
f 2848 2857 2626
f 2626 2623 2848
f 2857 2862 2628
f 2628 2626 2857
f 2862 2866 2632
f 2632 2628 2862
f 2866 2869 2645
f 2645 2632 2866
f 2667 2217 2270
f 2667 2645 2217
f 2645 2869 2217
f 2270 2252 2670
f 2670 2667 2270
f 2877 2832 2874
f 2845 2832 2877
f 2880 2845 2877
f 2848 2845 2880
f 2885 2874 2883
f 2877 2874 2885
f 2896 2877 2885
f 2880 2877 2896
f 2880 2857 2848
f 2880 2277 2857
f 2277 2274 2857
f 2857 2274 2196
f 2196 2862 2857
f 2277 2880 2896
f 2896 2018 2277
f 2919 2883 2917
f 2885 2883 2919
f 2928 2885 2919
f 2896 2885 2928
f 2934 2917 2932
f 2919 2917 2934
f 2947 2919 2934
f 2928 2919 2947
f 2174 2896 2928
f 2018 2896 2174
f 2174 2928 2947
f 2947 2185 2174
f 2862 2196 2208
f 2208 2866 2862
f 2866 2208 2211
f 2211 2869 2866
f 2211 2217 2869
f 2252 2254 2672
f 2672 2670 2252
f 2254 2313 2679
f 2679 2672 2254
f 2313 2314 2681
f 2681 2679 2313
f 2314 2315 2683
f 2683 2681 2314
f 2315 2317 2694
f 2694 2683 2315
f 2317 2318 2698
f 2698 2694 2317
f 2318 2320 2701
f 2701 2698 2318
f 2320 2166 2614
f 2614 2701 2320
f 2965 2932 2956
f 2934 2932 2965
f 2965 2325 2934
f 2325 2324 2934
f 2324 2947 2934
f 2956 2186 2327
f 2327 2965 2956
f 2327 2325 2965
f 2324 2185 2947
f 2708 2261 2581
f 2329 2261 2708
f 2330 2329 2708
f 2708 2711 2330
f 2716 2330 2711
f 2331 2330 2716
f 2332 2331 2716
f 2716 2501 2332
f 3015 3006 3403
f 3403 3421 3015
f 3022 3015 3421
f 3421 3432 3022
f 3471 3022 3432
f 3025 3022 3471
f 3029 3025 3471
f 3471 3475 3029
f 3481 3029 3475
f 3031 3029 3481
f 3034 3031 3481
f 3481 3483 3034
f 3485 3034 3483
f 3037 3034 3485
f 3491 3037 3485
f 3042 3037 3491
f 3511 3131 3528
f 3126 3131 3511
f 3134 3126 3511
f 3511 3531 3134
f 3548 3134 3531
f 3139 3134 3548
f 3146 3042 3491
f 3491 3554 3146
f 3557 3146 3554
f 3149 3146 3557
f 3528 3160 3580
f 3131 3160 3528
f 3160 3149 3557
f 3557 3580 3160
f 3173 3139 3548
f 3548 3593 3173
f 3597 3173 3593
f 3176 3173 3597
f 3276 3176 3597
f 3597 3599 3276
f 3281 3276 3599
f 3599 3601 3281
f 3283 3281 3601
f 3601 3605 3283
f 3457 3283 3605
f 3097 3283 3457
f 3289 3292 3614
f 3614 3611 3289
f 3292 3295 3617
f 3617 3614 3292
f 3617 3296 3636
f 3295 3296 3617
f 3296 3298 3642
f 3642 3636 3296
f 3642 3300 3650
f 3298 3300 3642
f 3650 3302 3658
f 3300 3302 3650
f 3658 3304 3661
f 3302 3304 3658
f 3661 3306 3667
f 3304 3306 3661
f 3306 3309 3670
f 3670 3667 3306
f 3670 3311 3672
f 3309 3311 3670
f 3311 3312 3675
f 3675 3672 3311
f 3675 3314 3677
f 3312 3314 3675
f 3314 3316 3681
f 3681 3677 3314
f 3681 3030 3404
f 3316 3030 3681
f 4544 3925 4550
f 3909 3925 4544
f 4550 3929 4554
f 3925 3929 4550
f 4558 4550 4564
f 4544 4550 4558
f 4564 4554 4566
f 4550 4554 4564
f 4571 3895 4568
f 4571 4554 3895
f 4554 3929 3895
f 4300 4328 4575
f 4328 4568 4575
f 4328 4571 4568
f 4360 4554 4571
f 4360 4566 4554
f 4360 4376 4566
f 4360 4571 4328
f 4579 4564 4584
f 4558 4564 4579
f 4584 4566 4592
f 4564 4566 4584
f 4595 4584 4597
f 4579 4584 4595
f 4597 4592 4606
f 4584 4592 4597
f 4379 4566 4376
f 4592 4566 4379
f 4606 4592 4379
f 4379 4382 4606
f 4575 3935 4622
f 3897 3935 4575
f 4622 3948 4626
f 3935 3948 4622
f 4626 3951 4629
f 3948 3951 4626
f 4391 4401 3956
f 4401 4629 3956
f 4629 3951 3956
f 4391 3959 4405
f 3956 3959 4391
f 4405 3963 4408
f 3959 3963 4405
f 4408 3969 4412
f 3963 3969 4408
f 4412 3972 4349
f 3969 3972 4412
f 4300 4622 4425
f 4575 4622 4300
f 4425 4626 4434
f 4622 4626 4425
f 4434 4629 4436
f 4626 4629 4434
f 4436 4629 4401
f 3981 3977 4642
f 3977 3987 4644
f 4644 4642 3977
f 4649 3981 4642
f 4649 3921 3981
f 4649 4628 3921
f 4642 4644 4652
f 4652 4649 4642
f 4656 4644 4654
f 4644 3987 4654
f 3987 3916 4654
f 4654 4595 4661
f 4661 4656 4654
f 4644 4656 4665
f 4665 4652 4644
f 4441 4656 4661
f 4441 4665 4656
f 4441 4456 4665
f 4628 4649 4670
f 4670 4648 4628
f 4459 4649 4652
f 4459 4461 4649
f 4461 4670 4649
f 4005 4648 4670
f 3874 4648 4005
f 4461 4005 4670
f 4461 4015 4005
f 4461 4465 4015
f 4459 4665 4471
f 4652 4665 4459
f 4471 4665 4456
f 4472 4015 4465
f 4030 4015 4472
f 4474 4030 4472
f 3828 4030 4474
f 4595 4597 4678
f 4678 4661 4595
f 4478 4597 4606
f 4478 4486 4597
f 4486 4678 4597
f 4441 4678 4489
f 4661 4678 4441
f 4489 4678 4486
f 4478 4606 4382
f 3830 3828 4474
f 4474 4494 3830
f 4502 3830 4494
f 3834 3830 4502
f 4505 3834 4502
f 3838 3834 4505
f 3841 3838 4505
f 4505 4509 3841
f 3879 3841 4509
f 4509 4514 3879
f 4523 3879 4514
f 3958 3879 4523
f 3975 3958 4523
f 4523 4530 3975
f 3985 3975 4530
f 4530 4298 3985
f 4709 4318 4706
f 4336 4318 4709
f 4713 4336 4709
f 4340 4336 4713
f 4345 4340 4713
f 4713 4726 4345
f 4389 4345 4726
f 4726 4729 4389
f 4729 4944 4389
f 4944 4394 4389
f 4729 4748 4944
f 4752 4944 4748
f 4404 4927 4939
f 4939 4476 4404
f 4939 4479 4476
f 4482 4394 4944
f 4752 4776 4944
f 4776 4485 4944
f 4485 4482 4944
f 4786 4957 4794
f 4960 4957 4786
f 4786 4799 4960
f 4807 4960 4799
f 4827 4485 4776
f 4491 4485 4827
f 4832 4491 4827
f 4495 4491 4832
f 4832 4957 4495
f 4957 4504 4495
f 4832 4794 4957
f 4515 4957 4960
f 4504 4957 4515
f 4807 4515 4960
f 4807 4838 4515
f 4838 4985 4515
f 4985 4519 4515
f 4841 4985 4838
f 4522 4519 4985
f 4841 4845 4985
f 4845 4996 4985
f 4996 4525 4985
f 4525 4522 4985
f 4848 4998 4850
f 4747 4998 4848
f 4928 4998 4747
f 4845 4998 4996
f 4998 5000 4996
f 4845 4850 4998
f 4998 4928 4934
f 4934 5000 4998
f 4528 4525 4996
f 5003 4529 5000
f 4529 4528 5000
f 4528 4996 5000
f 5003 4934 4942
f 5000 4934 5003
f 4529 5003 4965
f 4965 4301 4529
f 4308 5003 4446
f 5003 4942 4446
f 4308 4965 5003
f 4866 4535 4868
f 4493 4535 4866
f 4535 4536 4872
f 4872 4868 4535
f 4872 4537 4878
f 4536 4537 4872
f 4878 4538 4882
f 4537 4538 4878
f 4538 4539 4898
f 4898 4882 4538
f 4539 4540 4902
f 4902 4898 4539
f 4540 4541 4906
f 4906 4902 4540
f 4541 4542 4908
f 4908 4906 4541
f 4908 4543 4912
f 4542 4543 4908
f 4912 4304 4702
f 4543 4304 4912
f 4730 4703 5222
f 4746 4738 5228
f 5246 4730 5222
f 5246 4738 4730
f 5246 5228 4738
f 4753 5228 5250
f 4746 5228 4753
f 5250 5246 5260
f 5228 5246 5250
f 4769 5250 5229
f 4753 5250 4769
f 5250 5260 5238
f 5238 5229 5250
f 5222 4775 5263
f 4703 4775 5222
f 5263 4781 5265
f 4775 4781 5263
f 5246 5263 5268
f 5222 5263 5246
f 5268 5265 5271
f 5263 5265 5268
f 5265 4793 5273
f 4781 4793 5265
f 5273 4798 5275
f 4793 4798 5273
f 5032 5265 5273
f 5032 5045 5265
f 5045 5271 5265
f 5032 5275 5056
f 5273 5275 5032
f 5260 5268 5279
f 5246 5268 5260
f 5268 5271 5281
f 5281 5279 5268
f 5260 5279 5274
f 5274 5238 5260
f 5061 5279 5281
f 5061 5274 5279
f 5061 5019 5274
f 5281 5271 5045
f 5045 5066 5281
f 5061 5281 5066
f 5298 5046 5300
f 5018 5046 5298
f 5300 5071 5302
f 5046 5071 5300
f 5302 5087 5305
f 5071 5087 5302
f 5305 5092 5308
f 5087 5092 5305
f 5308 5096 5313
f 5092 5096 5308
f 5313 5109 5315
f 5096 5109 5313
f 5315 5120 5323
f 5109 5120 5315
f 5323 5122 5326
f 5120 5122 5323
f 5122 5126 5328
f 5328 5326 5122
f 5126 5128 5331
f 5331 5328 5126
f 5128 5142 5334
f 5334 5331 5128
f 5142 5145 5336
f 5336 5334 5142
f 5145 5150 5345
f 5345 5336 5145
f 5150 5074 5352
f 5352 5345 5150
f 5363 5498 5361
f 5366 5502 5372
f 5363 5176 5498
f 5176 5172 5498
f 5363 5375 5176
f 5375 5372 5176
f 5372 5179 5176
f 5372 5502 5179
f 5366 5185 5502
f 5366 5182 5185
f 5366 5381 5182
f 5187 5182 5381
f 5381 5383 5187
f 5502 5185 5179
f 5383 5384 5187
f 5384 5525 5187
f 5525 5190 5187
f 5391 5525 5384
f 5194 5190 5525
f 5391 5197 5525
f 5197 5194 5525
f 5391 5394 5197
f 5397 5532 5400
f 5200 5197 5394
f 5394 5404 5200
f 5404 5400 5200
f 5400 5202 5200
f 5400 5532 5202
f 5409 5532 5397
f 5535 5532 5409
f 5412 5535 5409
f 5202 5532 5535
f 5535 5206 5202
f 5412 5206 5535
f 5412 5021 5206
f 5412 5312 5021
f 5582 5579 6009
f 6009 5608 6015
f 5579 5608 6009
f 6015 5614 6018
f 5608 5614 6015
f 445 601 603
f 445 441 601
f 441 594 601
f 445 612 449
f 603 612 445
f 603 601 615
f 615 620 603
f 612 603 620
f 620 624 612
f 449 612 455
f 461 624 630
f 461 455 624
f 455 612 624
f 461 630 465
f 648 637 643
f 639 637 648
f 652 639 648
f 615 639 652
f 523 500 103
f 500 648 103
f 648 80 103
f 648 643 80
f 652 648 500
f 500 531 652
f 620 615 652
f 652 658 620
f 624 620 658
f 658 661 624
f 658 652 531
f 531 538 658
f 661 658 538
f 538 542 661
f 103 105 545
f 545 523 103
f 545 107 582
f 105 107 545
f 630 624 661
f 661 667 630
f 630 667 583
f 583 465 630
f 667 661 542
f 542 584 667
f 583 667 584
f 582 100 561
f 107 100 582
f 470 1 585
f 2 1 470
f 585 34 586
f 1 34 585
f 586 37 484
f 34 37 586
f 486 591 446
f 4305 4301 4965
f 4965 4308 4305
f 4320 4312 4708
f 4708 4734 4320
f 4737 4708 4972
f 4708 4303 4972
f 4708 4312 4303
f 4742 4320 4734
f 4323 4320 4742
f 4742 4972 4323
f 4972 4325 4323
f 4742 4737 4972
f 4872 4878 5046
f 5046 5018 4872
f 4878 4882 5071
f 5071 5046 4878
f 4882 4898 5087
f 5087 5071 4882
f 4898 4902 5092
f 5092 5087 4898
f 5092 4906 5096
f 4902 4906 5092
f 5096 4908 5109
f 4906 4908 5096
f 5109 4912 5120
f 4908 4912 5109
f 5120 4702 5122
f 4912 4702 5120
f 4702 4711 5126
f 5126 5122 4702
f 5126 4719 5128
f 4711 4719 5126
f 5128 4724 5142
f 4719 4724 5128
f 5142 4728 5145
f 4724 4728 5142
f 4728 4736 5150
f 5150 5145 4728
f 5150 4741 5074
f 4736 4741 5150
f 4749 4747 5234
f 5172 4755 5234
f 4755 4749 5234
f 5172 5176 4755
f 5179 4755 5176
f 4757 4755 5179
f 5182 5239 5185
f 5187 5239 5182
f 5242 5239 5187
f 5179 5185 4757
f 5185 5239 4757
f 5239 4779 4757
f 4779 5239 5242
f 5242 4797 4779
f 5190 5242 5187
f 5190 4801 5242
f 4801 4797 5242
f 5190 5194 4801
f 5197 4801 5194
f 4808 4801 5197
f 5200 4808 5197
f 4812 4808 5200
f 5202 4812 5200
f 4813 4812 5202
f 5224 4814 4817
f 4820 4813 5202
f 5202 5206 4820
f 5206 4817 4820
f 5206 5224 4817
f 5206 5021 5224
f 1608 1639 1387
f 1387 1385 1608
f 1387 1639 1404
f 1639 1608 1649
f 1649 1651 1639
f 1418 1404 1653
f 1404 1639 1653
f 1639 1651 1653
f 1091 1651 1087
f 1651 1649 1087
f 1091 1657 1651
f 1653 1651 1657
f 1657 1660 1653
f 1418 1666 1422
f 1653 1666 1418
f 1422 1666 1452
f 1666 1653 1660
f 1660 1669 1666
f 1666 1669 1457
f 1457 1452 1666
f 1671 1091 1098
f 1657 1091 1671
f 1660 1657 1671
f 1671 1676 1660
f 1667 1677 1102
f 1677 1098 1102
f 1677 1671 1098
f 1677 1106 1671
f 1106 1676 1671
f 1677 1116 1106
f 1676 1128 1660
f 1128 1669 1660
f 1128 1125 1669
f 1463 1669 1131
f 1669 1125 1131
f 1463 1457 1669
f 1106 1128 1676
f 1131 1188 1465
f 1465 1463 1131
f 1188 1202 1508
f 1508 1465 1188
f 1519 1667 1491
f 1677 1667 1519
f 1519 1206 1677
f 1206 1116 1677
f 1519 1525 1206
f 1525 1678 1206
f 1565 1678 1525
f 1216 1206 1678
f 1565 1216 1678
f 1565 1568 1216
f 1568 1220 1216
f 1572 1220 1568
f 1225 1220 1572
f 1577 1202 1679
f 1202 1231 1679
f 1577 1508 1202
f 1679 1680 1580
f 1580 1577 1679
f 1572 1231 1225
f 1572 1679 1231
f 1572 1584 1679
f 1680 1679 1584
f 1584 1588 1680
f 1580 1680 1591
f 1591 1680 1588
f 1596 1681 1595
f 1595 1681 1597
f 1599 1681 1596
f 1597 1681 1599
f 3014 3005 3416
f 3416 3420 3014
f 3017 3014 3420
f 3420 3422 3017
f 3020 3017 3422
f 3422 3458 3020
f 3477 3020 3458
f 3043 3020 3477
f 3484 3043 3477
f 3051 3043 3484
f 3055 3051 3484
f 3484 3486 3055
f 3059 3055 3486
f 3486 3488 3059
f 3495 3059 3488
f 3067 3059 3495
f 3507 3067 3495
f 3092 3067 3507
f 3122 3092 3507
f 3507 3535 3122
f 3127 3122 3535
f 3535 3555 3127
f 3133 3127 3555
f 3555 3563 3133
f 3568 3148 3576
f 3140 3148 3568
f 3576 3159 3583
f 3148 3159 3576
f 3159 3164 3586
f 3586 3583 3159
f 3164 3167 3608
f 3608 3586 3164
f 3167 3170 3613
f 3613 3608 3167
f 3613 3174 3616
f 3170 3174 3613
f 3616 3178 3625
f 3174 3178 3616
f 3178 3267 3628
f 3628 3625 3178
f 3267 3271 3634
f 3634 3628 3267
f 3634 3273 3638
f 3271 3273 3634
f 3273 3277 3645
f 3645 3638 3273
f 3645 3280 3651
f 3277 3280 3645
f 3280 3284 3657
f 3657 3651 3280
f 3284 3286 3660
f 3660 3657 3284
f 3660 3291 3685
f 3286 3291 3660
f 3685 3289 3611
f 3291 3289 3685
f 3696 3133 3563
f 3293 3133 3696
f 3403 3293 3696
f 3006 3293 3403
f 1075 754 1057
f 759 754 1075
f 1077 759 1075
f 763 759 1077
f 1077 1275 763
f 1275 776 763
f 1077 1079 1275
f 1082 1088 1275
f 1088 780 1275
f 780 776 1275
f 1114 1286 1120
f 1129 1286 1114
f 1304 1286 1129
f 1132 1304 1129
f 1307 1304 1132
f 1138 1307 1132
f 1310 809 820
f 827 780 1088
f 1088 1173 827
f 1173 1120 827
f 1120 834 827
f 1120 1286 834
f 834 1286 1304
f 1304 838 834
f 849 1304 1307
f 838 1304 849
f 1138 849 1307
f 1138 853 849
f 1138 1182 853
f 1186 853 1182
f 855 853 1186
f 1195 855 1186
f 858 855 1195
f 1195 820 858
f 1195 1310 820
f 1195 1118 1310
f 862 864 1233
f 1233 1227 862
f 864 873 1239
f 1239 1233 864
f 1242 1239 1320
f 1239 878 1320
f 1239 873 878
f 1320 1327 1244
f 1244 1242 1320
f 1320 878 881
f 1327 881 728
f 1320 881 1327
f 1244 1331 1253
f 1327 1331 1244
f 1253 1331 1256
f 1331 728 731
f 1327 728 1331
f 1259 1256 734
f 1256 731 734
f 1256 1331 731
f 1262 743 1340
f 1262 1259 743
f 1259 734 743
f 1262 1342 1264
f 1340 1342 1262
f 1340 743 751
f 1342 751 756
f 1340 751 1342
f 1342 1348 1267
f 1267 1264 1342
f 1267 1348 1268
f 1348 756 815
f 1342 756 1348
f 1269 1268 1356
f 1268 837 1356
f 1268 1348 837
f 1348 815 837
f 1356 837 839
f 1269 1361 1270
f 1356 1361 1269
f 1361 1273 1060
f 1060 1270 1361
f 1361 839 861
f 1356 839 1361
f 867 1273 861
f 1273 1361 861
f 867 1280 1273
f 2034 2375 2047
f 2351 2375 2034
f 2047 2375 2073
f 2077 2390 2075
f 2080 2390 2077
f 4714 4334 4716
f 4327 4334 4714
f 4716 4338 4722
f 4334 4338 4716
f 4722 4346 4789
f 4338 4346 4722
f 4789 4350 4791
f 4346 4350 4789
f 4350 4365 4796
f 4796 4791 4350
f 4796 4370 4806
f 4365 4370 4796
f 4806 4387 4810
f 4370 4387 4806
f 4810 4390 4847
f 4387 4390 4810
f 4847 4395 4853
f 4390 4395 4847
f 4856 4398 4947
f 4856 4853 4398
f 4853 4395 4398
f 4947 4403 4954
f 4398 4403 4947
f 4954 4403 4407
f 4856 4947 4861
f 4947 4954 4867
f 4867 4861 4947
f 4733 4407 4388
f 4733 4954 4407
f 4733 4867 4954
f 4889 4969 4892
f 4889 4445 4969
f 4889 4413 4445
f 4889 4895 4413
f 4899 4892 4447
f 4892 4969 4447
f 4969 4449 4447
f 4969 4445 4449
f 4452 4413 4895
f 4895 4903 4452
f 4455 4452 4903
f 4903 4905 4455
f 4909 4455 4905
f 4460 4455 4909
f 4911 4460 4909
f 4463 4460 4911
f 4914 4463 4911
f 4466 4463 4914
f 4469 4466 4914
f 4914 4915 4469
f 4916 4983 4917
f 4918 4983 4916
f 4988 4983 4918
f 4926 4988 4918
f 4918 4919 4926
f 4932 4926 4919
f 4919 4920 4932
f 4920 4705 4932
f 4705 4356 4932
f 4705 4946 4356
f 4946 4511 4356
f 4374 4511 4946
f 4518 4469 4915
f 4915 4921 4518
f 4921 4917 4518
f 4917 4983 4518
f 4983 4521 4518
f 4524 4983 4988
f 4521 4983 4524
f 4524 4988 4926
f 4926 4332 4524
f 1087 1276 1091
f 1091 1285 1098
f 1276 1285 1091
f 1098 1285 1102
f 1116 1293 1106
f 1128 1297 1125
f 1125 1297 1131
f 1128 1303 1297
f 1128 1106 1303
f 1106 1293 1303
f 1188 1303 1312
f 1188 1131 1303
f 1131 1297 1303
f 1188 1312 1202
f 1206 1293 1116
f 1206 1303 1293
f 1206 1216 1303
f 1216 1314 1303
f 1312 1303 1314
f 1314 1324 1312
f 1220 1314 1216
f 1324 1314 1220
f 1220 1225 1324
f 1312 1324 1231
f 1231 1202 1312
f 1231 1324 1225
f 2038 2360 2045
f 2052 2045 2373
f 2045 2365 2373
f 2045 2360 2365
f 2052 2373 2055
f 2064 1694 2378
f 2064 2086 1694
f 2086 1692 1694
f 2096 1692 2086
f 1714 1692 2096
f 2378 1694 1753
f 2100 1714 2096
f 1761 1714 2100
f 2111 1761 2100
f 1772 1761 2111
f 2365 1788 1793
f 1796 2373 1793
f 2373 2365 1793
f 1796 2389 2373
f 2115 2373 2392
f 2373 2389 2392
f 2115 2055 2373
f 2389 1796 1798
f 1804 2404 1798
f 2404 2392 1798
f 2392 2389 1798
f 2111 2121 1772
f 2121 2409 1772
f 2409 1808 1772
f 1812 1808 2409
f 2409 2411 1812
f 2146 2409 2121
f 2411 2409 2146
f 2146 2155 2411
f 1817 1812 2411
f 2411 2414 1817
f 2414 2404 1817
f 2404 1804 1817
f 2414 2418 2404
f 2162 2411 2155
f 2414 2411 2162
f 2165 2414 2162
f 2418 2414 2165
f 2115 2392 2182
f 2182 2404 2184
f 2392 2404 2182
f 2192 2184 2428
f 2184 2418 2428
f 2184 2404 2418
f 2192 2428 2195
f 2428 2418 2165
f 2165 2201 2428
f 2195 2428 2201
f 2500 2847 2491
f 2850 2847 2500
f 2503 2850 2500
f 2863 2850 2503
f 2513 2876 2867
f 2513 2518 2876
f 2518 2879 2876
f 2032 2876 2879
f 2879 2035 2032
f 2518 2522 2879
f 2522 2847 2879
f 2847 2039 2879
f 2847 2042 2039
f 2039 2035 2879
f 2850 2042 2847
f 2850 2053 2042
f 2850 2899 2053
f 2057 2053 2899
f 2900 2850 2863
f 2899 2850 2900
f 2061 2899 2900
f 2057 2899 2061
f 2901 2090 2187
f 2901 2187 2189
f 2529 2863 2503
f 2529 2900 2863
f 2529 2534 2900
f 2534 2905 2900
f 2905 2908 2900
f 2908 2061 2900
f 2908 2202 2061
f 2909 2905 2534
f 2534 2558 2909
f 2909 2908 2905
f 2909 2206 2908
f 2909 2209 2206
f 2212 2202 2908
f 2921 2215 2218
f 2206 2212 2908
f 2935 2218 2237
f 2921 2218 2935
f 2939 2909 2558
f 2558 2563 2939
f 2209 2909 2939
f 2939 2239 2209
f 2566 2939 2563
f 2566 2569 2939
f 2569 2944 2939
f 2944 2239 2939
f 2944 2244 2239
f 2935 2237 2249
f 2948 2244 2944
f 2253 2244 2948
f 2593 2260 2948
f 2260 2253 2948
f 2593 2573 2260
f 2954 2944 2569
f 2569 2603 2954
f 2607 2954 2603
f 2954 2304 2944
f 2304 2948 2944
f 2304 2302 2948
f 2612 2593 2306
f 2593 2948 2306
f 2948 2302 2306
f 2607 2966 2954
f 2966 2304 2954
f 2966 2308 2304
f 2607 2627 2966
f 2631 2612 2966
f 2612 2306 2966
f 2306 2308 2966
f 2637 2966 2627
f 2631 2966 2637
f 2720 2647 2310
f 2647 2142 2310
f 2647 2859 2142
f 2727 2859 2647
f 2871 2859 2727
f 2310 2311 2738
f 2738 2720 2310
f 2528 2871 2727
f 2761 2090 2901
f 2761 2311 2090
f 2761 2738 2311
f 2765 2189 2312
f 2765 2761 2189
f 2761 2901 2189
f 2770 2888 2543
f 2770 2925 2888
f 2770 2773 2925
f 2773 2973 2925
f 2780 2973 2773
f 2978 2925 2973
f 2929 2925 2978
f 2881 2929 2978
f 2865 2929 2881
f 2780 2978 2973
f 2780 2791 2978
f 2791 2980 2978
f 2881 2978 2980
f 2980 2889 2881
f 2795 2980 2791
f 2981 2980 2795
f 2937 2980 2981
f 2889 2980 2937
f 2797 2981 2795
f 2797 2937 2981
f 2797 2851 2937
f 2797 2484 2851
f 2802 2215 2921
f 2802 2765 2215
f 2765 2312 2215
f 2802 2935 2804
f 2921 2935 2802
f 2808 2249 2316
f 2808 2804 2249
f 2804 2935 2249
f 2808 2260 2573
f 2316 2260 2808
f 3447 3451 3856
f 3856 3851 3447
f 3451 3455 3858
f 3858 3856 3451
f 3455 3459 3861
f 3861 3858 3455
f 3861 3468 3866
f 3459 3468 3861
f 3866 3472 3882
f 3468 3472 3866
f 3882 3474 3884
f 3472 3474 3882
f 3884 3479 3888
f 3474 3479 3884
f 3888 3490 3894
f 3479 3490 3888
f 3894 3682 3898
f 3490 3682 3894
f 3898 3686 3910
f 3682 3686 3898
f 3910 3691 3912
f 3686 3691 3910
f 3912 3694 3928
f 3691 3694 3912
f 3928 3699 3937
f 3694 3699 3928
f 3937 3579 3944
f 3699 3579 3937
f 3952 4161 3639
f 4161 3707 3639
f 3952 3955 4161
f 3989 4161 3955
f 3998 4188 4002
f 4043 4189 4046
f 4043 3713 4189
f 4043 4002 3713
f 4002 3711 3713
f 4002 4188 3711
f 4241 3707 4161
f 4241 3652 3707
f 4241 4233 3652
f 3989 4050 4161
f 4050 3716 4161
f 3716 3718 4161
f 3718 4241 4161
f 4233 4241 4272
f 4272 4268 4233
f 4275 3718 3721
f 4275 4272 3718
f 4272 4241 3718
f 4050 4046 3716
f 4046 3725 3716
f 4046 4189 3725
f 4189 3713 3725
f 4275 3721 3607
f 4280 4188 3998
f 3998 4056 4280
f 4056 4059 4280
f 4059 3730 4280
f 3730 3732 4280
f 4284 3734 4280
f 3734 3711 4280
f 3711 4188 4280
f 4280 3732 3736
f 3736 4284 4280
f 3738 3730 4059
f 4059 4066 3738
f 4068 3738 4066
f 3740 3738 4068
f 4068 4071 3740
f 4071 4168 3740
f 4168 3741 3740
f 3742 4284 4289
f 3734 4284 3742
f 4284 3736 3743
f 3743 4289 4284
f 3744 3742 4289
f 4289 3743 3744
f 3470 3741 4168
f 4182 4168 4071
f 4071 4082 4182
f 3845 4182 4082
f 4149 4182 3845
f 4327 3861 4334
f 3858 3861 4327
f 4334 3866 4338
f 3861 3866 4334
f 4338 3882 4346
f 3866 3882 4338
f 4346 3884 4350
f 3882 3884 4346
f 4350 3888 4365
f 3884 3888 4350
f 4365 3894 4370
f 3888 3894 4365
f 4370 3898 4387
f 3894 3898 4370
f 3898 3910 4390
f 4390 4387 3898
f 4390 3912 4395
f 3910 3912 4390
f 4395 3928 4398
f 3912 3928 4395
f 4398 3937 4403
f 3928 3937 4398
f 4407 3937 4555
f 3937 3944 4555
f 4407 4403 3937
f 4407 4555 4388
f 4413 4565 4445
f 3955 3952 4447
f 4447 4449 3955
f 4449 4445 3955
f 4445 4565 3955
f 4565 4583 3955
f 4583 3989 3955
f 4618 4565 4413
f 4413 4452 4618
f 4452 3998 4618
f 3998 4002 4618
f 4452 4455 3998
f 4046 4583 4043
f 4583 4565 4043
f 4565 4618 4043
f 4618 4002 4043
f 4050 3989 4583
f 4583 4046 4050
f 4460 3998 4455
f 4056 3998 4460
f 4059 4056 4460
f 4460 4463 4059
f 4066 4059 4463
f 4463 4466 4066
f 4466 4469 4066
f 4469 4068 4066
f 4469 4633 4068
f 4071 4068 4633
f 4511 4556 4356
f 4374 4556 4511
f 4641 4633 4469
f 4469 4518 4641
f 4521 4641 4518
f 4643 4641 4521
f 4071 4633 4641
f 4641 4082 4071
f 3845 4641 4643
f 4082 4641 3845
f 4645 4643 4521
f 4521 4524 4645
f 4549 4645 4524
f 4524 4332 4549
f 3848 4643 4645
f 3845 4643 3848
f 3848 4645 4549
f 4549 3880 3848
f 5508 5023 5025
f 5513 5025 5029
f 5508 5025 5513
f 5513 5029 5034
f 5034 5523 5513
f 5523 5034 5038
f 5084 5080 5526
f 5526 5080 5089
f 5114 5526 5529
f 5084 5526 5114
f 5529 5089 5119
f 5526 5089 5529
f 5123 5114 5529
f 5529 5119 5123
f 982 923 973
f 932 923 982
f 932 982 727
f 727 726 932
f 460 982 446
f 982 973 446
f 460 987 982
f 727 987 729
f 982 987 727
f 745 770 1002
f 770 470 1002
f 770 475 470
f 480 475 770
f 770 775 480
f 775 484 480
f 775 1005 484
f 775 810 1005
f 810 829 1005
f 829 490 1005
f 490 486 1005
f 829 460 490
f 829 987 460
f 829 835 987
f 729 987 835
f 2490 2851 2484
f 2860 2851 2490
f 2497 2860 2490
f 2881 2321 2865
f 2321 2319 2865
f 2319 2878 2865
f 2322 2884 2319
f 2884 2878 2319
f 2322 2886 2884
f 2889 2321 2881
f 2889 2323 2321
f 2889 2891 2323
f 2891 2913 2323
f 2913 2886 2323
f 2886 2322 2323
f 2527 2918 2886
f 2918 2326 2886
f 2326 2235 2886
f 2235 2884 2886
f 2527 2515 2918
f 2515 2930 2918
f 2515 2541 2930
f 2541 2920 2930
f 2886 2913 2545
f 2545 2527 2886
f 2918 2328 2326
f 2073 2918 2930
f 2328 2918 2073
f 2891 2889 2937
f 2937 2942 2891
f 2913 2891 2942
f 2942 2952 2913
f 2942 2937 2851
f 2851 2967 2942
f 2952 2942 2967
f 2967 2970 2952
f 2913 2952 2555
f 2555 2545 2913
f 2555 2970 2568
f 2952 2970 2555
f 2920 2034 2047
f 2047 2930 2920
f 2596 2972 2587
f 2930 2047 2073
f 2596 2077 2972
f 2077 2075 2972
f 2596 2600 2077
f 2600 2080 2077
f 2600 2911 2080
f 2600 2604 2911
f 2967 2851 2860
f 2860 2975 2967
f 2977 2967 2975
f 2970 2967 2977
f 2610 2860 2497
f 2975 2860 2610
f 2636 2975 2610
f 2977 2975 2636
f 2970 2977 2640
f 2640 2568 2970
f 2640 2977 2636
f 2604 2914 2911
f 2604 2982 2914
f 2604 2649 2982
f 2655 2652 2982
f 2652 2914 2982
f 2652 2916 2914
f 2984 2982 2649
f 2649 2659 2984
f 2982 2984 2665
f 2665 2655 2982
f 2688 2916 2652
f 2692 2984 2659
f 2665 2984 2692
f 3409 3010 3406
f 3062 3010 3409
f 3068 3062 3409
f 3409 3411 3068
f 3411 3424 3068
f 3424 3750 3068
f 3750 3071 3068
f 3427 3071 3750
f 3427 3075 3071
f 3427 3449 3075
f 3487 3075 3449
f 3078 3075 3487
f 3487 3753 3078
f 3753 3081 3078
f 3487 3509 3753
f 3527 3090 3753
f 3090 3087 3753
f 3527 3514 3090
f 3514 3536 3090
f 3536 3095 3090
f 3536 3763 3095
f 3552 3095 3763
f 3552 3100 3095
f 3552 3541 3100
f 3109 3100 3541
f 3541 3571 3109
f 3115 3130 3647
f 3647 3575 3115
f 3132 3115 3575
f 3575 3656 3132
f 3426 3132 3656
f 3094 3132 3426
f 3130 3136 3659
f 3659 3647 3130
f 3659 3138 3664
f 3136 3138 3659
f 3527 3753 3509
f 3673 3763 3536
f 3552 3763 3673
f 3688 3109 3571
f 3143 3109 3688
f 3177 3143 3688
f 3688 3695 3177
f 3664 3177 3695
f 3138 3177 3664
f 3702 3185 3704
f 3181 3185 3702
f 3704 3192 3706
f 3185 3192 3704
f 3192 3196 3710
f 3710 3706 3192
f 3719 3200 3785
f 3719 3196 3200
f 3719 3710 3196
f 3719 3785 3722
f 3200 3204 3789
f 3789 3785 3200
f 3789 3204 3206
f 3785 3789 3726
f 3726 3722 3785
f 3729 3206 3211
f 3729 3789 3206
f 3729 3726 3789
f 3211 3218 3731
f 3731 3729 3211
f 3733 3218 3751
f 3218 3002 3751
f 3733 3731 3218
f 3733 3751 3413
f 3409 3406 3852
f 3852 3860 3409
f 3411 3409 3860
f 3860 3864 3411
f 3864 4152 3411
f 4152 3424 3411
f 3864 3868 4152
f 3872 4152 3868
f 4158 3449 3427
f 3878 3449 4158
f 3878 3487 3449
f 3878 3919 3487
f 3919 3924 3487
f 3924 4186 3487
f 4186 3509 3487
f 3931 3527 4186
f 3931 3936 3527
f 3936 3514 3527
f 3936 3536 3514
f 3936 4191 3536
f 3936 3953 4191
f 3953 3970 4191
f 3970 3552 4191
f 3970 3541 3552
f 3996 3541 3970
f 3571 3541 3996
f 4194 3575 3647
f 3656 3575 4194
f 4194 4216 3656
f 3426 3656 4216
f 4216 4185 3426
f 4218 3647 3659
f 4194 3647 4218
f 4013 4010 3664
f 4010 3659 3664
f 4010 4218 3659
f 4221 4194 4218
f 4216 4194 4221
f 4060 4216 4221
f 4060 3849 4216
f 3849 4185 4216
f 4221 4218 4010
f 4010 4064 4221
f 4060 4221 4064
f 4186 3527 3509
f 3673 3536 4191
f 4191 3552 3673
f 3688 3571 3996
f 3996 4072 3688
f 3695 3688 4072
f 4072 4090 3695
f 3664 3695 4090
f 4090 4013 3664
f 4096 3704 4231
f 4096 3702 3704
f 4096 4087 3702
f 4231 3706 4234
f 3704 3706 4231
f 4234 3710 4238
f 3706 3710 4234
f 4238 3710 3719
f 4096 4231 4101
f 4101 4234 4104
f 4231 4234 4101
f 4104 4238 4107
f 4234 4238 4104
f 4110 3719 3722
f 4110 4107 3719
f 4107 4238 3719
f 4110 3726 4112
f 3722 3726 4110
f 4112 3729 4114
f 3726 3729 4112
f 4116 3729 4265
f 3729 3731 4265
f 4116 4114 3729
f 4265 3731 3733
f 4116 4265 4118
f 3885 3733 4150
f 3733 3413 4150
f 3885 4265 3733
f 3885 4118 4265
f 154 134 141
f 138 134 154
f 165 138 154
f 162 138 165
f 154 141 168
f 168 171 154
f 165 154 171
f 171 173 165
f 178 162 165
f 165 181 178
f 185 178 181
f 181 190 185
f 181 165 173
f 173 197 181
f 190 181 197
f 197 202 190
f 212 168 209
f 171 168 212
f 213 171 212
f 173 171 213
f 7 19 209
f 19 212 209
f 19 229 212
f 232 212 229
f 213 212 232
f 236 173 213
f 197 173 236
f 240 197 236
f 202 197 240
f 242 213 232
f 236 213 242
f 244 236 242
f 240 236 244
f 247 185 190
f 190 250 247
f 27 250 254
f 27 23 250
f 23 247 250
f 250 190 202
f 202 257 250
f 254 250 257
f 257 260 254
f 27 266 58
f 254 266 27
f 58 266 79
f 266 254 260
f 260 271 266
f 80 79 275
f 79 266 275
f 266 271 275
f 279 202 240
f 257 202 279
f 281 257 279
f 260 257 281
f 82 240 244
f 82 279 240
f 82 81 279
f 281 279 81
f 81 83 281
f 286 260 281
f 271 260 286
f 275 271 286
f 286 293 275
f 83 84 281
f 84 299 281
f 299 286 281
f 293 286 299
f 299 305 293
f 86 229 19
f 88 229 86
f 232 229 88
f 242 232 88
f 88 91 242
f 244 242 91
f 91 94 244
f 82 244 94
f 96 299 84
f 100 299 96
f 305 299 100
f 80 275 103
f 103 293 105
f 275 293 103
f 293 305 107
f 107 105 293
f 107 305 100
f 1693 1689 2341
f 2341 2354 1693
f 2358 1693 2354
f 1695 1693 2358
f 2354 2341 2033
f 2033 2059 2354
f 2065 2354 2059
f 2358 2354 2065
f 2084 1702 2358
f 1702 1695 2358
f 2084 2071 1702
f 2071 1706 1702
f 2071 2087 1706
f 2087 2362 1706
f 2084 2358 2065
f 2087 2092 2362
f 2092 1712 2362
f 2092 1719 1712
f 2050 1719 2092
f 1715 1719 2050
f 2102 2349 2105
f 2113 2105 1744
f 2105 2349 1744
f 2349 1738 1744
f 2113 1820 2126
f 1744 1820 2113
f 2126 1828 2141
f 1820 1828 2126
f 1828 1880 2144
f 2144 2141 1828
f 1880 1889 2148
f 2148 2144 1880
f 1889 1892 2152
f 2152 2148 1889
f 1892 1895 2157
f 2157 2152 1892
f 2157 1897 2164
f 1895 1897 2157
f 1897 1899 2193
f 2193 2164 1897
f 1899 1900 2227
f 2227 2193 1899
f 2234 2227 2406
f 2227 1901 2406
f 2227 1900 1901
f 2406 2410 2241
f 2241 2234 2406
f 2406 1901 1902
f 2410 1902 1903
f 2406 1902 2410
f 2241 2410 2246
f 2250 1903 1904
f 2250 2246 1903
f 2246 2410 1903
f 1904 1905 2256
f 2256 2250 1904
f 2262 1906 2416
f 2262 2256 1906
f 2256 1905 1906
f 2262 2426 2266
f 2416 2426 2262
f 2416 1906 1907
f 2426 1907 1856
f 2416 1907 2426
f 2482 2511 2992
f 2992 2990 2482
f 2992 2516 3011
f 2511 2516 2992
f 3011 2521 3012
f 2516 2521 3011
f 2521 2538 3013
f 3013 3012 2521
f 2538 2542 3016
f 3016 3013 2538
f 3016 2546 3041
f 2542 2546 3016
f 2546 2571 3048
f 3048 3041 2546
f 2571 2575 3084
f 3084 3048 2571
f 2575 2580 3089
f 3089 3084 2575
f 2580 2586 3096
f 3096 3089 2580
f 2586 2599 3107
f 3107 3096 2586
f 2599 2648 3110
f 3110 3107 2599
f 3110 2658 3114
f 2648 2658 3110
f 2658 2654 3151
f 3151 3114 2658
f 2668 2594 3344
f 3357 2686 2695
f 2668 3344 3360
f 3360 2704 2668
f 3362 2722 2725
f 2609 2704 3360
f 3362 2725 2731
f 3172 2722 3362
f 3172 3158 2722
f 3158 2737 2722
f 3158 3175 2737
f 3175 3365 2737
f 3365 2695 2737
f 3365 3357 2695
f 3209 2731 2688
f 3209 3362 2731
f 3209 3172 3362
f 3226 3365 3175
f 3368 2742 2744
f 2751 2686 3357
f 3373 2744 2755
f 3368 2744 3373
f 3376 2742 3368
f 2759 2742 3376
f 2762 2759 3376
f 3379 3368 3373
f 3376 3368 3379
f 2768 3376 3379
f 2762 3376 2768
f 2774 3357 3365
f 2751 3357 2774
f 3381 2755 2778
f 3373 2755 3381
f 3226 2774 3365
f 3226 2781 2774
f 3226 3230 2781
f 3230 2778 2781
f 3230 3242 2778
f 3242 3381 2778
f 3259 3379 3381
f 3379 3373 3381
f 3259 3256 3379
f 3256 3077 3379
f 3077 2768 3379
f 3077 2565 2768
f 3259 3381 3242
f 3905 3410 3906
f 3404 3410 3905
f 3410 3423 3908
f 3908 3906 3410
f 3915 4163 3918
f 3915 3962 4163
f 3962 3435 4163
f 3962 3431 3435
f 3440 3431 3962
f 3962 3967 3440
f 3967 3443 3440
f 3967 4169 3443
f 3967 3973 4169
f 3976 4169 3973
f 3918 4163 3980
f 3984 4163 3448
f 4163 3435 3448
f 3984 3980 4163
f 3988 3984 4177
f 3984 3448 4177
f 3448 3452 4177
f 3461 3457 3994
f 3994 4057 3461
f 3465 3461 4057
f 4057 4067 3465
f 4070 3465 4067
f 3473 3465 4070
f 4070 3476 3473
f 4070 4177 3476
f 4070 3988 4177
f 3489 3443 4169
f 4177 3452 3493
f 3976 3496 4169
f 3496 3489 4169
f 3976 4240 3496
f 3976 4079 4240
f 4084 4240 4079
f 3499 4240 4261
f 3496 4240 3499
f 4084 3502 4240
f 3502 4261 4240
f 3502 3517 4261
f 4084 4086 3502
f 4177 3493 3476
f 3540 4261 4270
f 3499 4261 3540
f 4273 4270 3545
f 4270 4261 3545
f 4261 3517 3545
f 3547 3540 4270
f 3550 4270 4273
f 3547 4270 3550
f 3556 3559 4091
f 4091 4088 3556
f 4088 3561 3556
f 4088 4092 3561
f 4092 4278 3561
f 3559 3502 4086
f 4086 4091 3559
f 3564 3561 4278
f 4095 4278 4092
f 4095 3564 4278
f 4095 4097 3564
f 4097 3573 3564
f 4097 4288 3573
f 4099 4288 4097
f 4273 3545 3585
f 4273 3585 3550
f 3573 4288 4292
f 4292 3602 3573
f 4099 4294 4288
f 4294 4292 4288
f 4099 4102 4294
f 3610 3602 4292
f 4159 3560 4294
f 3560 3610 4294
f 3610 4292 4294
f 4297 4294 4102
f 4102 4106 4297
f 4109 4297 4106
f 4159 4297 4162
f 4294 4297 4159
f 3863 4297 4109
f 4162 4297 3863
f 3423 3618 4113
f 4113 3908 3423
f 3618 3620 4115
f 4115 4113 3618
f 3620 3624 4117
f 4117 4115 3620
f 3624 3626 4119
f 4119 4117 3624
f 3626 3629 4120
f 4120 4119 3626
f 3629 3635 4122
f 4122 4120 3629
f 4122 3676 4123
f 3635 3676 4122
f 3676 3430 3833
f 3833 4123 3676
f 5481 5069 5483
f 5059 5069 5481
f 5483 5069 5072
f 5481 5483 5489
f 5489 5487 5481
f 5493 5489 5077
f 5489 5072 5077
f 5489 5483 5072
f 5493 5077 5085
f 5301 5499 5303
f 5306 5309 5505
f 5309 5097 5505
f 5309 5095 5097
f 5309 5098 5095
f 5309 5511 5098
f 5309 5303 5511
f 5303 5499 5511
f 5314 5499 5301
f 5511 5499 5314
f 5314 5317 5511
f 5505 5097 5100
f 5104 5098 5511
f 5317 5107 5511
f 5107 5104 5511
f 5317 5341 5107
f 5348 5107 5341
f 5110 5107 5348
f 5118 5110 5348
f 5348 5353 5118
f 5121 5118 5353
f 5353 5357 5121
f 5360 5121 5357
f 5124 5121 5360
f 5362 5124 5360
f 5127 5124 5362
f 5367 5487 5369
f 5516 5131 5133
f 5136 5131 5516
f 5516 5517 5136
f 5518 5136 5517
f 5139 5136 5518
f 5373 5489 5519
f 5373 5369 5489
f 5369 5487 5489
f 5489 5493 5520
f 5520 5519 5489
f 5373 5519 5376
f 5382 5520 5522
f 5382 5376 5520
f 5376 5519 5520
f 5524 5085 5143
f 5524 5493 5085
f 5524 5520 5493
f 5524 5023 5508
f 5143 5023 5524
f 5520 5524 5527
f 5527 5522 5520
f 5524 5508 5513
f 5513 5527 5524
f 5522 5530 5385
f 5385 5382 5522
f 5146 5139 5518
f 5518 5533 5146
f 5387 5385 5533
f 5385 5146 5533
f 5385 5530 5146
f 5530 5151 5146
f 5522 5527 5536
f 5536 5530 5522
f 5527 5513 5523
f 5523 5536 5527
f 5151 5530 5536
f 5536 5155 5151
f 5155 5536 5523
f 5523 5038 5155
f 5392 5127 5362
f 5157 5127 5392
f 5392 5133 5157
f 5392 5516 5133
f 5392 5408 5516
f 5517 5516 5408
f 5408 5411 5517
f 5414 5517 5411
f 5518 5517 5414
f 5418 5518 5414
f 5533 5518 5418
f 5387 5533 5418
f 1693 1924 1689
f 1934 1924 1693
f 1695 1934 1693
f 1943 1934 1695
f 1702 1943 1695
f 1949 1943 1702
f 1706 1949 1702
f 1952 1455 1448
f 1712 1460 1952
f 1460 1455 1952
f 1712 1719 1460
f 1406 1460 1719
f 1719 1715 1406
f 1738 1478 1744
f 1473 1478 1738
f 1478 1500 1820
f 1820 1744 1478
f 1820 1505 1828
f 1500 1505 1820
f 1505 1507 1880
f 1880 1828 1505
f 1507 1512 1889
f 1889 1880 1507
f 1512 1517 1892
f 1892 1889 1512
f 1517 1524 1895
f 1895 1892 1517
f 1524 1528 1897
f 1897 1895 1524
f 1899 1535 1969
f 1899 1897 1535
f 1897 1528 1535
f 1969 1974 1900
f 1900 1899 1969
f 1969 1535 1540
f 1974 1540 1571
f 1969 1540 1974
f 1900 1974 1901
f 1902 1571 1589
f 1902 1901 1571
f 1901 1974 1571
f 1589 1388 1903
f 1903 1902 1589
f 1904 1903 1981
f 1903 1390 1981
f 1903 1388 1390
f 1981 1983 1905
f 1905 1904 1981
f 1905 1983 1906
f 1981 1390 1396
f 1983 1396 1397
f 1981 1396 1983
f 1907 1906 1399
f 1906 1397 1399
f 1906 1983 1397
f 1856 1401 1955
f 1856 1399 1401
f 1856 1907 1399
f 1955 1401 1385
f 4573 3990 3992
f 4570 3990 4573
f 4012 4006 4576
f 4573 3992 3986
f 4017 4576 4603
f 4012 4576 4017
f 4603 4023 4017
f 4303 4610 4307
f 4307 4610 4325
f 5889 6020 5887
f 6021 6020 5889
f 6027 6021 5889
f 5889 5892 6027
f 5895 6027 5892
f 6032 6027 5895
f 5899 6032 5895
f 6034 6032 5899
f 6039 6034 5899
f 5899 5903 6039
f 6042 6039 5903
f 5903 5908 6042
f 6046 6042 5908
f 5908 5951 6046
f 5968 6046 5951
f 5600 6020 6021
f 6021 5603 5600
f 5603 6021 6027
f 6027 5607 5603
f 5610 6027 6032
f 5607 6027 5610
f 5610 6032 6034
f 6034 5612 5610
f 5612 6034 6039
f 6039 5629 5612
f 5642 6039 6042
f 5629 6039 5642
f 5647 6042 6046
f 5642 6042 5647
f 5968 5650 6046
f 5650 5647 6046
f 5968 5969 5650
f 5971 6057 5972
f 5974 6057 5971
f 5976 6061 5978
f 6061 6071 5980
f 5980 5978 6061
f 5982 6073 6075
f 5982 5980 6073
f 5980 6071 6073
f 5982 6075 5894
f 5986 5650 5969
f 5656 5650 5986
f 5990 5656 5986
f 5661 5656 5990
f 5990 5972 5661
f 5972 5665 5661
f 5972 6057 5665
f 5974 5665 6057
f 5974 5671 5665
f 5974 5992 5671
f 5676 5671 5992
f 5992 5994 5676
f 5996 5676 5994
f 5682 5676 5996
f 6000 5682 5996
f 5683 5682 6000
f 5928 5683 6000
f 5685 5683 5928
f 6082 5693 6083
f 5691 5693 6082
f 5693 5695 6106
f 6106 6083 5693
f 6106 5695 5587
f 6082 6083 6109
f 6109 6104 6082
f 6083 6106 6111
f 6111 6109 6083
f 6104 6109 6113
f 6113 6073 6104
f 6109 6111 6115
f 6115 6113 6109

