# https://github.com/mikedh/trimesh
v -1.21242166 -0.94228029 0.00000000
v -1.21242166 -0.87710035 0.00000000
v -1.14679670 -0.94228029 0.00000000
v -1.14679670 -0.87710035 0.00000000
v -1.21242166 -0.94228029 0.02711322
v -1.21242166 -0.87710035 0.02711322
v -1.14679670 -0.94228029 0.02711322
v -1.21242166 -0.81192040 0.00000000
v -1.14679670 -0.81192040 0.00000000
v -1.21242166 -0.81192040 0.02711322
v -1.08117175 -0.94228029 0.00000000
v -1.08117175 -0.87710035 0.00000000
v -1.08117175 -0.94228029 0.02711322
v -1.08117175 -0.81192040 0.00000000
v -1.21242166 -0.94228029 0.05422644
v -1.21242166 -0.87710035 0.05422644
v -1.14679670 -0.94228029 0.05422644
v -1.21242166 -0.94228029 0.08133966
v -1.21242166 -0.87710035 0.08133966
v -1.14679670 -0.94228029 0.08133966
v -1.21242166 -0.81192040 0.05422644
v -1.21242166 -0.81192040 0.08133966
v -1.08117175 -0.94228029 0.05422644
v -1.08117175 -0.94228029 0.08133966
v -1.21242166 -0.74674040 0.00000000
v -1.14679670 -0.74674040 0.00000000
v -1.21242166 -0.74674040 0.02711322
v -1.08117175 -0.74674040 0.00000000
v -1.21242166 -0.74674040 0.05422644
v -1.21242166 -0.74674040 0.08133966
v -1.01554668 -0.94228029 0.00000000
v -1.01554668 -0.87710035 0.00000000
v -1.01554668 -0.94228029 0.02711322
v -1.01554668 -0.81192040 0.00000000
v -0.94992167 -0.94228029 0.00000000
v -0.94992167 -0.87710035 0.00000000
v -0.94992167 -0.94228029 0.02711322
v -0.94992167 -0.81192040 0.00000000
v -1.01554668 -0.94228029 0.05422644
v -1.01554668 -0.94228029 0.08133966
v -0.94992167 -0.94228029 0.05422644
v -0.94992167 -0.94228029 0.08133966
v -1.01554668 -0.74674040 0.00000000
v -0.94992167 -0.74674040 0.00000000
v -1.21242166 -0.94228029 0.10845289
v -1.21242166 -0.87710035 0.10845289
v -1.14679670 -0.94228029 0.10845289
v -1.21242166 -0.94228029 0.13556612
v -1.21242166 -0.87710035 0.13556612
v -1.14679670 -0.94228029 0.13556612
v -1.21242166 -0.81192040 0.10845289
v -1.21242166 -0.81192040 0.13556612
v -1.08117175 -0.94228029 0.10845289
v -1.08117175 -0.94228029 0.13556612
v -1.21242166 -0.94228029 0.16267933
v -1.21242166 -0.87710035 0.16267933
v -1.14679670 -0.94228029 0.16267933
v -1.21242166 -0.94228029 0.18979256
v -1.21242166 -0.87710035 0.18979256
v -1.14679670 -0.94228029 0.18979256
v -1.21242166 -0.81192040 0.16267933
v -1.21242166 -0.81192040 0.18979256
v -1.08117175 -0.94228029 0.16267933
v -1.08117175 -0.94228029 0.18979256
v -1.21242166 -0.74674040 0.10845289
v -1.21242166 -0.74674040 0.13556612
v -1.21242166 -0.74674040 0.16267933
v -1.21242166 -0.74674040 0.18979256
v -1.01554668 -0.94228029 0.10845289
v -1.01554668 -0.94228029 0.13556612
v -0.94992167 -0.94228029 0.10845289
v -0.94992167 -0.94228029 0.13556612
v -1.01554668 -0.94228029 0.16267933
v -1.01554668 -0.94228029 0.18979256
v -0.94992167 -0.94228029 0.16267933
v -0.94992167 -0.94228029 0.18979256
v -1.21242166 -0.68156046 0.00000000
v -1.21242166 -0.61638051 0.00000000
v -1.14679670 -0.68156046 0.00000000
v -1.14679670 -0.61638051 0.00000000
v -1.21242166 -0.68156046 0.02711322
v -1.21242166 -0.61638051 0.02711322
v -1.21242166 -0.55120057 0.00000000
v -1.14679670 -0.55120057 0.00000000
v -1.21242166 -0.55120057 0.02711322
v -1.08117175 -0.68156046 0.00000000
v -1.08117175 -0.61638051 0.00000000
v -1.08117175 -0.55120057 0.00000000
v -1.21242166 -0.68156046 0.05422644
v -1.21242166 -0.61638051 0.05422644
v -1.21242166 -0.68156046 0.08133966
v -1.21242166 -0.61638051 0.08133966
v -1.21242166 -0.55120057 0.05422644
v -1.21242166 -0.55120057 0.08133966
v -1.21242166 -0.48602059 0.00000000
v -1.14679670 -0.48602059 0.00000000
v -1.21242166 -0.48602059 0.02711322
v -1.08117175 -0.48602059 0.00000000
v -1.21242166 -0.48602059 0.05422644
v -1.21242166 -0.48602059 0.08133966
v -1.01554668 -0.68156046 0.00000000
v -1.01554668 -0.61638051 0.00000000
v -1.01554668 -0.55120057 0.00000000
v -0.94992167 -0.68156046 0.00000000
v -0.94992167 -0.61638051 0.00000000
v -0.94992167 -0.55120057 0.00000000
v -1.01554668 -0.48602059 0.00000000
v -0.94992167 -0.48602059 0.00000000
v -1.21242166 -0.68156046 0.10845289
v -1.21242166 -0.61638051 0.10845289
v -1.21242166 -0.68156046 0.13556612
v -1.21242166 -0.61638051 0.13556612
v -1.21242166 -0.55120057 0.10845289
v -1.21242166 -0.55120057 0.13556612
v -1.21242166 -0.68156046 0.16267933
v -1.21242166 -0.61638051 0.16267933
v -1.21242166 -0.68156046 0.18979256
v -1.21242166 -0.61638051 0.18979256
v -1.21242166 -0.55120057 0.16267933
v -1.21242166 -0.55120057 0.18979256
v -1.21242166 -0.48602059 0.10845289
v -1.21242166 -0.48602059 0.13556612
v -1.21242166 -0.48602059 0.16267933
v -1.21242166 -0.48602059 0.18979256
v -0.88429666 -0.94228029 0.00000000
v -0.88429666 -0.87710035 0.00000000
v -0.88429666 -0.94228029 0.02711322
v -0.88429666 -0.81192040 0.00000000
v -0.81867170 -0.94228029 0.00000000
v -0.81867170 -0.87710035 0.00000000
v -0.81867170 -0.94228029 0.02711322
v -0.81867170 -0.81192040 0.00000000
v -0.88429666 -0.94228029 0.05422644
v -0.88429666 -0.94228029 0.08133966
v -0.81867170 -0.94228029 0.05422644
v -0.81867170 -0.94228029 0.08133966
v -0.88429666 -0.74674040 0.00000000
v -0.81867170 -0.74674040 0.00000000
v -0.75304669 -0.94228029 0.00000000
v -0.75304669 -0.87710035 0.00000000
v -0.75304669 -0.94228029 0.02711322
v -0.75304669 -0.81192040 0.00000000
v -0.68742168 -0.94228029 0.00000000
v -0.68742168 -0.87710035 0.00000000
v -0.68742168 -0.94228029 0.02711322
v -0.68742168 -0.81192040 0.00000000
v -0.75304669 -0.94228029 0.05422644
v -0.75304669 -0.94228029 0.08133966
v -0.68742168 -0.94228029 0.05422644
v -0.68742168 -0.94228029 0.08133966
v -0.75304669 -0.74674040 0.00000000
v -0.68742168 -0.74674040 0.00000000
v -0.88429666 -0.94228029 0.10845289
v -0.88429666 -0.94228029 0.13556612
v -0.81867170 -0.94228029 0.10845289
v -0.81867170 -0.94228029 0.13556612
v -0.88429666 -0.94228029 0.16267933
v -0.88429666 -0.94228029 0.18979256
v -0.81867170 -0.94228029 0.16267933
v -0.81867170 -0.94228029 0.18979256
v -0.75304669 -0.94228029 0.10845289
v -0.75304669 -0.94228029 0.13556612
v -0.68742168 -0.94228029 0.10845289
v -0.68742168 -0.94228029 0.13556612
v -0.75304669 -0.94228029 0.16267933
v -0.75304669 -0.94228029 0.18979256
v -0.68742168 -0.94228029 0.16267933
v -0.68742168 -0.94228029 0.18979256
v -0.88429666 -0.68156046 0.00000000
v -0.88429666 -0.61638051 0.00000000
v -0.88429666 -0.55120057 0.00000000
v -0.81867170 -0.68156046 0.00000000
v -0.81867170 -0.61638051 0.00000000
v -0.81867170 -0.55120057 0.00000000
v -0.88429666 -0.48602059 0.00000000
v -0.81867170 -0.48602059 0.00000000
v -0.75304669 -0.68156046 0.00000000
v -0.75304669 -0.61638051 0.00000000
v -0.75304669 -0.55120057 0.00000000
v -0.68742168 -0.68156046 0.00000000
v -0.69092542 -0.62607372 0.00000000
v -0.69120741 -0.63123000 0.04062910
v -0.68802071 -0.60658318 0.00000000
v -0.68838853 -0.59105557 0.00746500
v -0.70064169 -0.61379999 0.01501610
v -0.68742168 -0.55120057 0.00000000
v -0.69621408 -0.60106993 0.03846640
v -0.70127702 -0.62208152 0.06796130
v -0.69309741 -0.58281481 0.05814510
v -0.68799597 -0.58373028 0.07844400
v -0.69366378 -0.60864300 0.08407500
v -0.75304669 -0.48602059 0.00000000
v -0.68742168 -0.48602059 0.00000000
v -1.21242166 -0.94228029 0.21690577
v -1.21242166 -0.87710035 0.21690577
v -1.14679670 -0.94228029 0.21690577
v -1.21242166 -0.94228029 0.24401900
v -1.21242166 -0.87710035 0.24401900
v -1.14679670 -0.94228029 0.24401900
v -1.21242166 -0.81192040 0.21690577
v -1.21242166 -0.81192040 0.24401900
v -1.08117175 -0.94228029 0.21690577
v -1.08117175 -0.94228029 0.24401900
v -1.21242166 -0.94228029 0.27113223
v -1.21242166 -0.94228029 0.29824543
v -1.21242166 -0.87710035 0.27113223
v -1.21242166 -0.87710035 0.29824543
v -1.14679670 -0.94228029 0.27113223
v -1.14679670 -0.94228029 0.29824543
v -1.21242166 -0.81192040 0.27113223
v -1.21242166 -0.81192040 0.29824543
v -1.08117175 -0.94228029 0.27113223
v -1.08117175 -0.94228029 0.29824543
v -1.21242166 -0.74674040 0.21690577
v -1.21242166 -0.74674040 0.24401900
v -1.21242166 -0.74674040 0.27113223
v -1.21242166 -0.74674040 0.29824543
v -1.01554668 -0.94228029 0.21690577
v -1.01554668 -0.94228029 0.24401900
v -0.94992167 -0.94228029 0.21690577
v -0.94992167 -0.94228029 0.24401900
v -1.01554668 -0.94228029 0.27113223
v -1.01554668 -0.94228029 0.29824543
v -0.94992167 -0.94228029 0.27113223
v -0.94992167 -0.94228029 0.29824543
v -1.21242166 -0.94228029 0.32535866
v -1.21242166 -0.87710035 0.32535866
v -1.14679670 -0.94228029 0.32535866
v -1.21242166 -0.94228029 0.35247189
v -1.21242166 -0.87710035 0.35247189
v -1.14679670 -0.94228029 0.35247189
v -1.21242166 -0.81192040 0.32535866
v -1.21242166 -0.81192040 0.35247189
v -1.08117175 -0.94228029 0.32535866
v -1.08117175 -0.94228029 0.35247189
v -1.21242166 -0.94228029 0.37958512
v -1.21242166 -0.94228029 0.40669832
v -1.21242166 -0.87710035 0.37958512
v -1.21242166 -0.87710035 0.40669832
v -1.14679670 -0.94228029 0.37958512
v -1.14679670 -0.94228029 0.40669832
v -1.21242166 -0.81192040 0.37958512
v -1.21242166 -0.81192040 0.40669832
v -1.08117175 -0.94228029 0.37958512
v -1.08117175 -0.94228029 0.40669832
v -1.21242166 -0.74674040 0.32535866
v -1.21242166 -0.74674040 0.35247189
v -1.21242166 -0.74674040 0.37958512
v -1.21242166 -0.74674040 0.40669832
v -1.01554668 -0.94228029 0.32535866
v -1.01554668 -0.94228029 0.35247189
v -0.94992167 -0.94228029 0.32535866
v -0.94992167 -0.94228029 0.35247189
v -1.01554668 -0.94228029 0.37958512
v -1.01554668 -0.94228029 0.40669832
v -0.94992167 -0.94228029 0.37958512
v -0.94992167 -0.94228029 0.40669832
v -1.21242166 -0.68156046 0.21690577
v -1.21242166 -0.61638051 0.21690577
v -1.21242166 -0.68156046 0.24401900
v -1.21242166 -0.61638051 0.24401900
v -1.21242166 -0.55120057 0.21690577
v -1.21242166 -0.55120057 0.24401900
v -1.21242166 -0.68156046 0.27113223
v -1.21242166 -0.68156046 0.29824543
v -1.21242166 -0.61638051 0.27113223
v -1.21242166 -0.61638051 0.29824543
v -1.21242166 -0.55120057 0.27113223
v -1.21242166 -0.55120057 0.29824543
v -1.21242166 -0.48602059 0.21690577
v -1.21242166 -0.48602059 0.24401900
v -1.21242166 -0.48602059 0.27113223
v -1.21242166 -0.48602059 0.29824543
v -1.21242166 -0.68156046 0.32535866
v -1.21242166 -0.61638051 0.32535866
v -1.21242166 -0.68156046 0.35247189
v -1.21242166 -0.61638051 0.35247189
v -1.21242166 -0.55120057 0.32535866
v -1.21242166 -0.55120057 0.35247189
v -1.21242166 -0.68156046 0.37958512
v -1.21242166 -0.68156046 0.40669832
v -1.21242166 -0.61638051 0.37958512
v -1.21242166 -0.61638051 0.40669832
v -1.21242166 -0.55120057 0.37958512
v -1.21242166 -0.55120057 0.40669832
v -1.21242166 -0.48602059 0.32535866
v -1.21242166 -0.48602059 0.35247189
v -1.21242166 -0.48602059 0.37958512
v -1.21242166 -0.48602059 0.40669832
v -0.88429666 -0.94228029 0.21690577
v -0.88429666 -0.94228029 0.24401900
v -0.81867170 -0.94228029 0.21690577
v -0.81867170 -0.94228029 0.24401900
v -0.88429666 -0.94228029 0.27113223
v -0.88429666 -0.94228029 0.29824543
v -0.81867170 -0.94228029 0.27113223
v -0.81867170 -0.94228029 0.29824543
v -0.75304669 -0.94228029 0.21690577
v -0.75304669 -0.94228029 0.24401900
v -0.68742168 -0.94228029 0.21690577
v -0.68742168 -0.94228029 0.24401900
v -0.75304669 -0.94228029 0.27113223
v -0.75304669 -0.94228029 0.29824543
v -0.68742168 -0.94228029 0.27113223
v -0.68742168 -0.94228029 0.29824543
v -0.88429666 -0.94228029 0.32535866
v -0.88429666 -0.94228029 0.35247189
v -0.81867170 -0.94228029 0.32535866
v -0.81867170 -0.94228029 0.35247189
v -0.88429666 -0.94228029 0.37958512
v -0.88429666 -0.94228029 0.40669832
v -0.81867170 -0.94228029 0.37958512
v -0.81867170 -0.94228029 0.40669832
v -0.75304669 -0.94228029 0.32535866
v -0.75304669 -0.94228029 0.35247189
v -0.68742168 -0.94228029 0.32535866
v -0.68742168 -0.94228029 0.35247189
v -0.75304669 -0.94228029 0.37958512
v -0.75304669 -0.94228029 0.40669832
v -0.68742168 -0.94228029 0.37958512
v -0.68742168 -0.94228029 0.40669832
v -1.21242166 -0.42084062 0.00000000
v -1.21242166 -0.35566068 0.00000000
v -1.14679670 -0.42084062 0.00000000
v -1.14679670 -0.35566068 0.00000000
v -1.21242166 -0.42084062 0.02711322
v -1.21242166 -0.35566068 0.02711322
v -1.08117175 -0.42084062 0.00000000
v -1.08117175 -0.35566068 0.00000000
v -1.21242166 -0.42084062 0.05422644
v -1.21242166 -0.35566068 0.05422644
v -1.21242166 -0.42084062 0.08133966
v -1.21242166 -0.35566068 0.08133966
v -1.21242166 -0.29048070 0.00000000
v -1.14679670 -0.29048070 0.00000000
v -1.21242166 -0.29048070 0.02711322
v -1.21242166 -0.22530074 0.00000000
v -1.14679670 -0.22530074 0.00000000
v -1.21242166 -0.22530074 0.02711322
v -1.08117175 -0.29048070 0.00000000
v -1.08117175 -0.22530074 0.00000000
v -1.21242166 -0.29048070 0.05422644
v -1.21242166 -0.29048070 0.08133966
v -1.21242166 -0.22530074 0.05422644
v -1.21242166 -0.22530074 0.08133966
v -1.01554668 -0.42084062 0.00000000
v -1.01554668 -0.35566068 0.00000000
v -0.94992167 -0.42084062 0.00000000
v -0.94992167 -0.35566068 0.00000000
v -1.01554668 -0.29048070 0.00000000
v -1.01554668 -0.22530074 0.00000000
v -0.94992167 -0.29048070 0.00000000
v -0.94992167 -0.22530074 0.00000000
v -1.21242166 -0.42084062 0.10845289
v -1.21242166 -0.35566068 0.10845289
v -1.21242166 -0.42084062 0.13556612
v -1.21242166 -0.35566068 0.13556612
v -1.21242166 -0.42084062 0.16267933
v -1.21242166 -0.35566068 0.16267933
v -1.21242166 -0.42084062 0.18979256
v -1.21242166 -0.35566068 0.18979256
v -1.21242166 -0.29048070 0.10845289
v -1.21242166 -0.29048070 0.13556612
v -1.21242166 -0.22530074 0.10845289
v -1.21242166 -0.22530074 0.13556612
v -1.21242166 -0.29048070 0.16267933
v -1.21242166 -0.29048070 0.18979256
v -1.21242166 -0.22530074 0.16267933
v -1.21242166 -0.22530074 0.18979256
v -1.21242166 -0.16012079 0.00000000
v -1.14679670 -0.16012079 0.00000000
v -1.21242166 -0.16012079 0.02711322
v -1.21242166 -0.09494083 0.00000000
v -1.21242166 -0.02976087 0.00000000
v -1.14679670 -0.09494083 0.00000000
v -1.14679670 -0.02976087 0.00000000
v -1.21242166 -0.09494083 0.02711322
v -1.21242166 -0.02976087 0.02711322
v -1.08117175 -0.16012079 0.00000000
v -1.08117175 -0.09494083 0.00000000
v -1.08117175 -0.02976087 0.00000000
v -1.21242166 -0.16012079 0.05422644
v -1.21242166 -0.16012079 0.08133966
v -1.21242166 -0.09494083 0.05422644
v -1.21242166 -0.02976087 0.05422644
v -1.21242166 -0.09494083 0.08133966
v -1.21242166 -0.02976087 0.08133966
v -1.21242166 0.03541909 0.00000000
v -1.14679670 0.03541909 0.00000000
v -1.21242166 0.03541909 0.02711322
v -1.08117175 0.03541909 0.00000000
v -1.21242166 0.03541909 0.05422644
v -1.21242166 0.03541909 0.08133966
v -1.01554668 -0.16012079 0.00000000
v -1.01554668 -0.09494083 0.00000000
v -1.01554668 -0.02976087 0.00000000
v -0.94992167 -0.16012079 0.00000000
v -0.94992167 -0.09494083 0.00000000
v -0.94992167 -0.02976087 0.00000000
v -1.01554668 0.03541909 0.00000000
v -0.94992167 0.03541909 0.00000000
v -1.21242166 -0.16012079 0.10845289
v -1.21242166 -0.16012079 0.13556612
v -1.21242166 -0.09494083 0.10845289
v -1.21242166 -0.02976087 0.10845289
v -1.21242166 -0.09494083 0.13556612
v -1.21242166 -0.02976087 0.13556612
v -1.21242166 -0.16012079 0.16267933
v -1.21242166 -0.16012079 0.18979256
v -1.21242166 -0.09494083 0.16267933
v -1.21242166 -0.02976087 0.16267933
v -1.21242166 -0.09494083 0.18979256
v -1.21242166 -0.02976087 0.18979256
v -1.21242166 0.03541909 0.10845289
v -1.21242166 0.03541909 0.13556612
v -1.21242166 0.03541909 0.16267933
v -1.21242166 0.03541909 0.18979256
v -0.88429666 -0.42084062 0.00000000
v -0.88429666 -0.35566068 0.00000000
v -0.81867170 -0.42084062 0.00000000
v -0.81867170 -0.35566068 0.00000000
v -0.88429666 -0.29048070 0.00000000
v -0.88429666 -0.22530074 0.00000000
v -0.81867170 -0.29048070 0.00000000
v -0.81867170 -0.22530074 0.00000000
v -0.83314848 -0.16603839 0.06152290
v -0.83338219 -0.18190640 0.10185110
v -0.75304669 -0.42084062 0.00000000
v -0.75304669 -0.35566068 0.00000000
v -0.68742168 -0.42084062 0.00000000
v -0.68742168 -0.35566068 0.00000000
v -0.72293478 -0.29535836 0.00000000
v -0.69956046 -0.31660309 0.00000000
v -0.69228870 -0.32258597 0.00000000
v -0.72052151 -0.31966889 0.04539200
v -0.68748379 -0.35765439 0.08506960
v -0.72617352 -0.32086411 0.09903460
v -0.78801441 -0.22743367 0.00000000
v -0.79334801 -0.22963580 0.01702980
v -0.75304669 -0.29048070 0.00000000
v -0.77373415 -0.24446134 0.00000000
v -0.76599973 -0.25361219 0.00000000
v -0.76170433 -0.25696781 0.00000000
v -0.77203387 -0.26094499 0.02940870
v -0.79709136 -0.20083439 0.00000000
v -0.80375677 -0.18286201 0.00000000
v -0.81101292 -0.18327180 0.02218820
v -0.80956018 -0.21758410 0.04512140
v -0.73092747 -0.28530860 0.00000000
v -0.74602449 -0.28925729 0.04892290
v -0.78555542 -0.25833330 0.06865890
v -0.78913271 -0.25402740 0.10790550
v -0.80952251 -0.22211270 0.08660720
v -0.82042068 -0.20644900 0.15914629
v -0.83792639 -0.16514041 0.14669780
v -0.83199859 -0.19157059 0.13960610
v -0.83173758 -0.16532710 0.18892860
v -0.75995690 -0.29089671 0.11418020
v -0.70380628 -0.34188589 0.11687100
v -0.70369780 -0.34171849 0.14700340
v -0.73425359 -0.30526510 0.17515530
v -0.70491809 -0.33536199 0.18169680
v -0.79458529 -0.23334290 0.15992559
v -0.77624428 -0.27112129 0.15463440
v -0.75427687 -0.27795881 0.20613170
v -0.81531161 -0.18384761 0.21442930
v -0.88429666 -0.16012079 0.00000000
v -0.88429666 -0.09494083 0.00000000
v -0.88429666 -0.02976087 0.00000000
v -0.81867170 -0.16012079 0.00000000
v -0.82177985 -0.15495366 0.00000000
v -0.82227671 -0.15414084 0.00000000
v -0.82260865 -0.15339789 0.00000000
v -0.82321054 -0.15163840 0.00000000
v -0.83580112 -0.12380720 0.00886190
v -0.83243585 -0.11698131 0.00000000
v -0.85162312 -0.11606280 0.04687760
v -0.82957274 -0.08002508 0.00000000
v -0.82943720 -0.07736202 0.00000000
v -0.82941246 -0.07773796 0.00000000
v -0.83014596 -0.03465131 0.00000000
v -0.83021450 -0.03226502 0.00000000
v -0.84363508 -0.07383090 0.04066050
v -0.84519470 -0.04135280 0.03897200
v -0.85348648 -0.12449750 0.07833490
v -0.85684192 -0.04704050 0.07669950
v -0.86124033 -0.07124880 0.10218400
v -0.88429666 0.03541909 0.00000000
v -0.82935476 -0.02799746 0.00000000
v -0.82659101 -0.01355306 0.00000000
v -0.82116294 0.01413677 0.00000000
v -0.82434499 0.02833420 0.01347220
v -0.83839369 0.00164530 0.03435550
v -0.81867170 0.03541909 0.00000000
v -0.85199851 -0.02133170 0.05489970
v -0.85936493 -0.00520060 0.09252100
v -0.83523673 0.04878710 0.05783150
v -0.83054727 0.09610270 0.07403600
v -0.84161192 0.05685020 0.09440410
v -0.81813508 0.02826668 0.00000000
v -0.80644804 0.06420185 0.00000000
v -0.80713582 0.07250840 0.00732700
v -0.80045879 0.07783686 0.00000000
v -0.79410261 0.09307364 0.00000000
v -0.81510627 0.09498850 0.03586380
v -0.86426097 -0.09868640 0.11258320
v -0.83890992 -0.14890060 0.12006080
v -0.85859442 -0.11583180 0.13753490
v -0.85074937 -0.12684350 0.14952400
v -0.86519659 -0.03977820 0.13761491
v -0.84098548 -0.12860049 0.21675430
v -0.86632627 -0.07876260 0.17219999
v -0.85872871 -0.08955720 0.20499620
v -0.86349022 -0.00193440 0.12971941
v -0.84498751 0.05986930 0.13192180
v -0.83495688 0.09008470 0.11582270
v -0.86412942 -0.00698980 0.16939209
v -0.85262012 0.03286250 0.16926830
v -0.85809147 -0.02619510 0.20378140
v -0.84499180 0.02228380 0.21288159
v -0.83296508 0.08351630 0.17638260
v -1.21242166 -0.42084062 0.21690577
v -1.21242166 -0.35566068 0.21690577
v -1.21242166 -0.42084062 0.24401900
v -1.21242166 -0.35566068 0.24401900
v -1.21242166 -0.42084062 0.27113223
v -1.21242166 -0.42084062 0.29824543
v -1.21242166 -0.35566068 0.27113223
v -1.21242166 -0.35566068 0.29824543
v -1.21242166 -0.29048070 0.21690577
v -1.21242166 -0.29048070 0.24401900
v -1.21242166 -0.22530074 0.21690577
v -1.21242166 -0.22530074 0.24401900
v -1.21242166 -0.29048070 0.27113223
v -1.21242166 -0.29048070 0.29824543
v -1.21242166 -0.22530074 0.27113223
v -1.21242166 -0.22530074 0.29824543
v -1.21242166 -0.42084062 0.32535866
v -1.21242166 -0.35566068 0.32535866
v -1.21242166 -0.42084062 0.35247189
v -1.21242166 -0.35566068 0.35247189
v -1.21242166 -0.42084062 0.37958512
v -1.21242166 -0.42084062 0.40669832
v -1.21242166 -0.35566068 0.37958512
v -1.21242166 -0.35566068 0.40669832
v -1.21242166 -0.29048070 0.32535866
v -1.21242166 -0.29048070 0.35247189
v -1.21242166 -0.22530074 0.32535866
v -1.21242166 -0.22530074 0.35247189
v -1.21242166 -0.29048070 0.37958512
v -1.21242166 -0.29048070 0.40669832
v -1.21242166 -0.22530074 0.37958512
v -1.21242166 -0.22530074 0.40669832
v -1.21242166 -0.16012079 0.21690577
v -1.21242166 -0.16012079 0.24401900
v -1.21242166 -0.09494083 0.21690577
v -1.21242166 -0.02976087 0.21690577
v -1.21242166 -0.09494083 0.24401900
v -1.21242166 -0.02976087 0.24401900
v -1.21242166 -0.16012079 0.27113223
v -1.21242166 -0.16012079 0.29824543
v -1.21242166 -0.09494083 0.27113223
v -1.21242166 -0.09494083 0.29824543
v -1.21242166 -0.02976087 0.27113223
v -1.21242166 -0.02976087 0.29824543
v -1.21242166 0.03541909 0.21690577
v -1.21242166 0.03541909 0.24401900
v -1.21242166 0.03541909 0.27113223
v -1.21242166 0.03541909 0.29824543
v -1.21242166 -0.16012079 0.32535866
v -1.21242166 -0.16012079 0.35247189
v -1.21242166 -0.09494083 0.32535866
v -1.21242166 -0.02976087 0.32535866
v -1.21242166 -0.09494083 0.35247189
v -1.21242166 -0.02976087 0.35247189
v -1.21242166 -0.16012079 0.37958512
v -1.21242166 -0.16012079 0.40669832
v -1.21242166 -0.09494083 0.37958512
v -1.21242166 -0.09494083 0.40669832
v -1.21242166 -0.02976087 0.37958512
v -1.21242166 -0.02976087 0.40669832
v -1.21242166 0.03541909 0.32535866
v -1.21242166 0.03541909 0.35247189
v -1.21242166 0.03541909 0.37958512
v -1.21242166 0.03541909 0.40669832
v -0.69337261 -0.31635910 0.24129809
v -0.71643400 -0.29158160 0.26357830
v -0.79021537 -0.22124760 0.22538410
v -0.78831369 -0.21071650 0.25838569
v -0.80761999 -0.17959790 0.26115820
v -0.74477911 -0.26856321 0.25527069
v -0.76375699 -0.22629410 0.28275561
v -0.78520739 -0.18120541 0.30216551
v -0.71890157 -0.26401919 0.30384949
v -0.68934518 -0.24988569 0.34773740
v -0.73898929 -0.21496619 0.32626131
v -0.75063169 -0.16949169 0.34607351
v -0.69058442 -0.21436250 0.36795199
v -0.84078503 -0.10474710 0.24052580
v -0.82276380 -0.14086001 0.24825570
v -0.85273272 -0.05086410 0.22954489
v -0.83476013 -0.07758130 0.25919580
v -0.83001518 -0.02631170 0.26503381
v -0.83384728 0.01277470 0.24568731
v -0.82434881 0.05578770 0.22516491
v -0.81025398 -0.12963480 0.28251559
v -0.78339368 -0.14548481 0.32005581
v -0.80644393 -0.05432770 0.29871041
v -0.81012440 0.03054790 0.27106020
v -0.81326210 0.08288350 0.23908649
v -0.78987253 0.01861190 0.29910880
v -0.77706617 -0.01881690 0.32526991
v -0.78566432 0.08746490 0.28461719
v -0.76495671 0.06237250 0.30984980
v -0.77407402 -0.08856300 0.33442810
v -0.76284552 -0.04752690 0.34257230
v -0.74648488 -0.13681599 0.36176479
v -0.72600287 -0.09351830 0.38264889
v -0.69746143 -0.07918240 0.40115029
v -0.70998192 -0.04190320 0.38873601
v -0.77282381 0.09106500 0.32985279
v -0.78204691 0.09595160 0.36649671
v -0.71649188 -0.00294410 0.37062940
v -0.73211348 0.03667080 0.34871569
v -0.74641597 0.07165360 0.33583200
v -0.73302901 0.07929220 0.35894179
v -0.69743150 0.05432930 0.36275521
v -0.71341920 0.08903010 0.37913230
v -0.75841260 0.09804050 0.41104150
v -0.62179667 -0.94228029 0.00000000
v -0.62179667 -0.87710035 0.00000000
v -0.62179667 -0.94228029 0.02711322
v -0.62179667 -0.81192040 0.00000000
v -0.55617166 -0.94228029 0.00000000
v -0.55617166 -0.87710035 0.00000000
v -0.55617166 -0.94228029 0.02711322
v -0.55617166 -0.81192040 0.00000000
v -0.62179667 -0.94228029 0.05422644
v -0.62179667 -0.94228029 0.08133966
v -0.55617166 -0.94228029 0.05422644
v -0.55617166 -0.94228029 0.08133966
v -0.62179667 -0.74674040 0.00000000
v -0.55617166 -0.74674040 0.00000000
v -0.49054667 -0.94228029 0.00000000
v -0.49054667 -0.87710035 0.00000000
v -0.49054667 -0.94228029 0.02711322
v -0.49054667 -0.81192040 0.00000000
v -0.42492166 -0.94228029 0.00000000
v -0.42492166 -0.87710035 0.00000000
v -0.42492166 -0.94228029 0.02711322
v -0.42492166 -0.81192040 0.00000000
v -0.49054667 -0.94228029 0.05422644
v -0.49054667 -0.94228029 0.08133966
v -0.42492166 -0.94228029 0.05422644
v -0.42492166 -0.94228029 0.08133966
v -0.49054667 -0.74674040 0.00000000
v -0.42492166 -0.74674040 0.00000000
v -0.62179667 -0.94228029 0.10845289
v -0.62179667 -0.94228029 0.13556612
v -0.55617166 -0.94228029 0.10845289
v -0.55617166 -0.94228029 0.13556612
v -0.62179667 -0.94228029 0.16267933
v -0.62179667 -0.94228029 0.18979256
v -0.55617166 -0.94228029 0.16267933
v -0.55617166 -0.94228029 0.18979256
v -0.49054667 -0.94228029 0.10845289
v -0.49054667 -0.94228029 0.13556612
v -0.42492166 -0.94228029 0.10845289
v -0.42492166 -0.94228029 0.13556612
v -0.49054667 -0.94228029 0.16267933
v -0.49054667 -0.94228029 0.18979256
v -0.42492166 -0.94228029 0.16267933
v -0.42492166 -0.94228029 0.18979256
v -0.68683773 -0.63210386 0.00000000
v -0.66875231 -0.63801968 0.00000000
v -0.66732502 -0.63831133 0.00000000
v -0.66501385 -0.63847286 0.00000000
v -0.62179667 -0.68156046 0.00000000
v -0.62478292 -0.64019156 0.00000000
v -0.62670112 -0.64038599 0.02728410
v -0.68479067 -0.59612966 0.00000000
v -0.67129260 -0.57002473 0.00000000
v -0.66742313 -0.56280494 0.00000000
v -0.66939741 -0.56335372 0.00186480
v -0.67321730 -0.55941689 0.03076760
v -0.55617166 -0.68156046 0.00000000
v -0.57084274 -0.64077789 0.00000000
v -0.56641865 -0.64078438 0.00000000
v -0.56575888 -0.64078981 0.00000000
v -0.67368340 -0.63098037 0.09472620
v -0.65091997 -0.63709372 0.08436460
v -0.67669833 -0.55756259 0.06467340
v -0.66705948 -0.59241742 0.10410820
v -0.64923477 -0.55853152 0.09900420
v -0.64657444 -0.54455745 0.00000000
v -0.65076852 -0.53860551 0.01521840
v -0.62179667 -0.48602059 0.00000000
v -0.63295752 -0.52319962 0.04406000
v -0.61555618 -0.52859122 0.00000000
v -0.60836238 -0.52476394 0.00000000
v -0.61139178 -0.52395242 0.00468180
v -0.56652415 -0.50427151 0.00000000
v -0.56570172 -0.50286168 0.00205400
v -0.56379652 -0.50059587 0.00000000
v -0.55617166 -0.48602059 0.00000000
v -0.55718982 -0.47681531 0.04457520
v -0.65068448 -0.53722471 0.07343260
v -0.60179567 -0.51437843 0.06951260
v -0.55794078 -0.49332479 0.07034560
v -0.55929321 -0.51530212 0.10694770
v -0.49054667 -0.68156046 0.00000000
v -0.51029992 -0.64036602 0.00000000
v -0.50731355 -0.64019996 0.00000000
v -0.49477616 -0.64002568 0.00000000
v -0.49129435 -0.64045000 0.00000000
v -0.42492166 -0.68156046 0.00000000
v -0.44969735 -0.63962579 0.00000000
v -0.43404174 -0.63938147 0.00000000
v -0.45494869 -0.64042461 0.03446110
v -0.49643400 -0.63903421 0.07765840
v -0.44157171 -0.63847411 0.06216220
v -0.45538029 -0.62062919 0.07811710
v -0.55183780 -0.48240259 0.00000000
v -0.55071563 -0.46601656 0.00000000
v -0.54617131 -0.42798367 0.00000000
v -0.55171740 -0.43815640 0.02261760
v -0.54203200 -0.44737679 0.07126700
v -0.52652681 -0.42913601 0.09983460
v -0.66907758 -0.62154472 0.11641720
v -0.62656271 -0.63047898 0.14992771
v -0.65017158 -0.59556490 0.13083941
v -0.55762613 -0.63925660 0.13573450
v -0.61634731 -0.59452099 0.16041750
v -0.60349607 -0.55937397 0.14159749
v -0.62027389 -0.61723322 0.17099440
v -0.59723222 -0.63543642 0.16338620
v -0.59093171 -0.59896880 0.19055490
v -0.59021628 -0.53514218 0.12008900
v -0.51441193 -0.63961822 0.13521920
v -0.52222812 -0.64228028 0.15321040
v -0.51860470 -0.48713431 0.11796130
v -0.50767511 -0.50434512 0.14364380
v -0.51516461 -0.46231201 0.11340300
v -0.49195251 -0.45455721 0.13975120
v -0.49747491 -0.42410240 0.15371640
v -0.48500550 -0.44745800 0.15714930
v -0.53512228 -0.54921848 0.18499210
v -0.50647801 -0.52492481 0.17098209
v -0.50178128 -0.51863199 0.18775509
v -0.50106639 -0.49476609 0.20927240
v -0.49223030 -0.44406119 0.19096319
v -0.48618281 -0.48964021 0.16594030
v -0.48912829 -0.48167121 0.18536571
v -0.35929665 -0.94228029 0.00000000
v -0.35929665 -0.87710035 0.00000000
v -0.35929665 -0.94228029 0.02711322
v -0.35929665 -0.81192040 0.00000000
v -0.29367167 -0.94228029 0.00000000
v -0.29367167 -0.87710035 0.00000000
v -0.29367167 -0.94228029 0.02711322
v -0.29367167 -0.81192040 0.00000000
v -0.35929665 -0.94228029 0.05422644
v -0.35929665 -0.94228029 0.08133966
v -0.29367167 -0.94228029 0.05422644
v -0.29367167 -0.94228029 0.08133966
v -0.35929665 -0.74674040 0.00000000
v -0.29367167 -0.74674040 0.00000000
v -0.22804666 -0.94228029 0.00000000
v -0.22804666 -0.87710035 0.00000000
v -0.22804666 -0.94228029 0.02711322
v -0.22804666 -0.81192040 0.00000000
v -0.16242164 -0.94228029 0.00000000
v -0.16242164 -0.87710035 0.00000000
v -0.16242164 -0.94228029 0.02711322
v -0.16242164 -0.81192040 0.00000000
v -0.22804666 -0.94228029 0.05422644
v -0.22804666 -0.94228029 0.08133966
v -0.16242164 -0.94228029 0.05422644
v -0.16242164 -0.94228029 0.08133966
v -0.22804666 -0.74674040 0.00000000
v -0.16242164 -0.74674040 0.00000000
v -0.35929665 -0.94228029 0.10845289
v -0.35929665 -0.94228029 0.13556612
v -0.29367167 -0.94228029 0.10845289
v -0.29367167 -0.94228029 0.13556612
v -0.35929665 -0.94228029 0.16267933
v -0.35929665 -0.94228029 0.18979256
v -0.29367167 -0.94228029 0.16267933
v -0.29367167 -0.94228029 0.18979256
v -0.22804666 -0.94228029 0.10845289
v -0.22804666 -0.94228029 0.13556612
v -0.16242164 -0.94228029 0.10845289
v -0.16242164 -0.94228029 0.13556612
v -0.22804666 -0.94228029 0.16267933
v -0.22804666 -0.94228029 0.18979256
v -0.16242164 -0.94228029 0.16267933
v -0.16242164 -0.94228029 0.18979256
v -0.35929665 -0.68156046 0.00000000
v -0.38784185 -0.63763326 0.00000000
v -0.36073649 -0.63915682 0.04420430
v -0.29367167 -0.68156046 0.00000000
v -0.29367167 -0.61638051 0.00000000
v -0.32474127 -0.59959418 0.00000000
v -0.31965467 -0.59644997 0.00000000
v -0.30960149 -0.59497720 0.00000000
v -0.30952588 -0.59479213 0.00000000
v -0.30799094 -0.59393942 0.00000000
v -0.30150661 -0.59385991 0.00000000
v -0.37354469 -0.63621497 0.08266330
v -0.37917820 -0.61312050 0.10431120
v -0.22804666 -0.68156046 0.00000000
v -0.22804666 -0.61638051 0.00000000
v -0.16242164 -0.68156046 0.00000000
v -0.16242164 -0.61638051 0.00000000
v -0.21548182 -0.59347409 0.00000000
v -0.19926721 -0.59321547 0.00000000
v -0.17290117 -0.59247756 0.00000000
v -0.20971380 -0.59436762 0.04360110
v -0.26866820 -0.59633088 0.07673680
v -0.33538771 -0.63726503 0.12024980
v -0.34524149 -0.61732179 0.14987411
v -0.29299349 -0.63565350 0.14217401
v -0.28812209 -0.63283432 0.15809339
v -0.25696671 -0.59942758 0.15183081
v -0.27901819 -0.62210661 0.16773090
v -0.24940260 -0.59824419 0.19317050
v -0.17276280 -0.59496802 0.19570111
v -0.62179667 -0.94228029 0.21690577
v -0.62179667 -0.94228029 0.24401900
v -0.55617166 -0.94228029 0.21690577
v -0.55617166 -0.94228029 0.24401900
v -0.62179667 -0.94228029 0.27113223
v -0.62179667 -0.94228029 0.29824543
v -0.55617166 -0.94228029 0.27113223
v -0.55617166 -0.94228029 0.29824543
v -0.49054667 -0.94228029 0.21690577
v -0.49054667 -0.94228029 0.24401900
v -0.42492166 -0.94228029 0.21690577
v -0.42492166 -0.94228029 0.24401900
v -0.49054667 -0.94228029 0.27113223
v -0.49054667 -0.94228029 0.29824543
v -0.42492166 -0.94228029 0.27113223
v -0.42492166 -0.94228029 0.29824543
v -0.62179667 -0.94228029 0.32535866
v -0.62179667 -0.94228029 0.35247189
v -0.55617166 -0.94228029 0.32535866
v -0.55617166 -0.94228029 0.35247189
v -0.62179667 -0.94228029 0.37958512
v -0.62179667 -0.94228029 0.40669832
v -0.55617166 -0.94228029 0.37958512
v -0.55617166 -0.94228029 0.40669832
v -0.49054667 -0.94228029 0.32535866
v -0.49054667 -0.94228029 0.35247189
v -0.42492166 -0.94228029 0.32535866
v -0.42492166 -0.94228029 0.35247189
v -0.49054667 -0.94228029 0.37958512
v -0.49054667 -0.94228029 0.40669832
v -0.42492166 -0.94228029 0.37958512
v -0.42492166 -0.94228029 0.40669832
v -0.63004363 -0.60380793 0.25090781
v -0.60703909 -0.62983990 0.22724050
v -0.62162209 -0.62510562 0.23464981
v -0.60989308 -0.58133417 0.24344240
v -0.58897412 -0.59092748 0.21721740
v -0.58070451 -0.56388122 0.22190060
v -0.63694882 -0.62569892 0.28438389
v -0.64184421 -0.59971982 0.28636989
v -0.62273872 -0.56519258 0.27304351
v -0.64582843 -0.60295492 0.32189149
v -0.62638187 -0.56093222 0.30565599
v -0.59956801 -0.63229138 0.30823129
v -0.60387099 -0.54162169 0.27545881
v -0.53887188 -0.63437098 0.25787410
v -0.45312321 -0.63131553 0.29498541
v -0.52662122 -0.52020341 0.22827449
v -0.55195689 -0.51963258 0.25971979
v -0.50573277 -0.47043660 0.23671509
v -0.55371982 -0.50703561 0.28896081
v -0.50875592 -0.47672769 0.28080899
v -0.50162113 -0.44878799 0.27751070
v -0.64508271 -0.61728179 0.32723901
v -0.63125879 -0.62807822 0.32622299
v -0.63310891 -0.56853819 0.34141189
v -0.55964541 -0.63155288 0.35059881
v -0.62980449 -0.61679941 0.38452521
v -0.62412071 -0.58108532 0.38101050
v -0.62077081 -0.62601328 0.38091761
v -0.59226298 -0.62893438 0.40598521
v -0.60835910 -0.58667529 0.41287610
v -0.59940302 -0.61206841 0.42458591
v -0.58145869 -0.56598341 0.42821011
v -0.60743350 -0.52750009 0.33471641
v -0.57438761 -0.50724411 0.33036149
v -0.61425412 -0.54353583 0.36711329
v -0.58373529 -0.52035898 0.38755739
v -0.58877289 -0.54444951 0.41259429
v -0.50123721 -0.63106263 0.33483520
v -0.51649320 -0.63019502 0.41359851
v -0.45352390 -0.62954563 0.38418320
v -0.44232899 -0.62394053 0.42071089
v -0.43705821 -0.58882719 0.43023971
v -0.51236463 -0.48896280 0.32838139
v -0.54679662 -0.49682710 0.35389820
v -0.53339529 -0.49655309 0.37237021
v -0.50904697 -0.49548629 0.37443340
v -0.45803541 -0.49584931 0.37825781
v -0.48723480 -0.46322471 0.32905620
v -0.48100030 -0.48345929 0.35805589
v -0.42606309 -0.47069839 0.37681761
v -0.45133811 -0.43674201 0.36337551
v -0.55008978 -0.52504212 0.41799280
v -0.50969368 -0.53194612 0.42675439
v -0.47551131 -0.51562363 0.39801091
v -0.48299101 -0.54761589 0.42984220
v -0.43107700 -0.54088718 0.41266119
v -0.35929665 -0.94228029 0.21690577
v -0.35929665 -0.94228029 0.24401900
v -0.29367167 -0.94228029 0.21690577
v -0.29367167 -0.94228029 0.24401900
v -0.35929665 -0.94228029 0.27113223
v -0.35929665 -0.94228029 0.29824543
v -0.29367167 -0.94228029 0.27113223
v -0.29367167 -0.94228029 0.29824543
v -0.22804666 -0.94228029 0.21690577
v -0.22804666 -0.94228029 0.24401900
v -0.16242164 -0.94228029 0.21690577
v -0.16242164 -0.94228029 0.24401900
v -0.22804666 -0.94228029 0.27113223
v -0.22804666 -0.94228029 0.29824543
v -0.16242164 -0.94228029 0.27113223
v -0.16242164 -0.94228029 0.29824543
v -0.35929665 -0.94228029 0.32535866
v -0.35929665 -0.94228029 0.35247189
v -0.29367167 -0.94228029 0.32535866
v -0.29367167 -0.94228029 0.35247189
v -0.35929665 -0.94228029 0.37958512
v -0.35929665 -0.94228029 0.40669832
v -0.29367167 -0.94228029 0.37958512
v -0.29367167 -0.94228029 0.40669832
v -0.22804666 -0.94228029 0.32535866
v -0.22804666 -0.94228029 0.35247189
v -0.16242164 -0.94228029 0.32535866
v -0.16242164 -0.94228029 0.35247189
v -0.22804666 -0.94228029 0.37958512
v -0.22804666 -0.94228029 0.40669832
v -0.16242164 -0.94228029 0.37958512
v -0.16242164 -0.94228029 0.40669832
v -0.37006760 -0.62179399 0.23569921
v -0.40502429 -0.63881558 0.26044211
v -0.35445940 -0.62300062 0.22266160
v -0.34110129 -0.63387108 0.21988571
v -0.40519550 -0.63108730 0.32096100
v -0.29954419 -0.59508389 0.31313089
v -0.20122179 -0.59306288 0.26941770
v -0.33676311 -0.62863469 0.33428439
v -0.32537290 -0.63228250 0.35686660
v -0.39405021 -0.62914902 0.39146110
v -0.38035011 -0.62168598 0.41079631
v -0.37876910 -0.55433679 0.40096939
v -0.41883090 -0.61350530 0.42577901
v -0.38181499 -0.60127437 0.41445401
v -0.36254179 -0.57545912 0.42823640
v -0.35671681 -0.61700249 0.43304709
v -0.33162570 -0.47590080 0.37012970
v -0.33242419 -0.44133109 0.36794740
v -0.29596859 -0.43826979 0.35474160
v -0.42233840 -0.50843823 0.38946739
v -0.37639159 -0.51607752 0.39022610
v -0.39873439 -0.54764563 0.40728709
v -0.36254480 -0.55114722 0.41558990
v -0.40486580 -0.42133501 0.38473421
v -0.36875781 -0.47513261 0.37995321
v -0.34949210 -0.51471561 0.39386219
v -0.31256980 -0.49375969 0.41109991
v -0.30978081 -0.47646451 0.38033369
v -0.22544581 -0.58563292 0.37194020
v -0.25447831 -0.62924773 0.42027959
v -0.17556059 -0.58415592 0.38092709
v -0.28204721 -0.45903689 0.36385840
v -0.27121401 -0.43693230 0.35563651
v -0.23963380 -0.45573351 0.39481789
v -0.26798320 -0.47607541 0.41899589
v -0.22186311 -0.47106209 0.42465851
v -0.62179667 -0.42084062 0.00000000
v -0.62755477 -0.36586219 0.00000000
v -0.62379020 -0.36707947 0.00000000
v -0.62494701 -0.36759499 0.00218020
v -0.62335742 -0.37795621 0.04093520
v -0.65582609 -0.35311320 0.00000000
v -0.67226529 -0.35452911 0.03456920
v -0.62065226 -0.36816749 0.00000000
v -0.59264511 -0.37554830 0.00000000
v -0.55617166 -0.42084062 0.00000000
v -0.56006515 -0.38963112 0.00000000
v -0.57040268 -0.39165369 0.02527160
v -0.56951499 -0.38659585 0.00000000
v -0.66264379 -0.37371221 0.10206700
v -0.59205419 -0.39384991 0.07822600
v -0.54428321 -0.41334781 0.00000000
v -0.55532670 -0.39319575 0.00000000
v -0.55317008 -0.41325229 0.04754060
v -0.55524337 -0.40664911 0.08435820
v -0.62414479 -0.38924149 0.12627360
v -0.66233158 -0.37251171 0.14843540
v -0.56633538 -0.40550861 0.12982990
v -0.59116101 -0.39552251 0.15989490
v -0.64417702 -0.37457049 0.17499350
v -0.64616561 -0.36327091 0.20859380
v -0.67987388 -0.35169631 0.19150500
v -0.60156608 -0.38169059 0.19769330
v -0.53209668 -0.41026291 0.16425930
v -0.51150513 -0.41284031 0.20290519
v -0.64804047 -0.33450589 0.26385340
v -0.56233448 -0.38439739 0.21854380
v -0.61259389 -0.35727960 0.24794801
v -0.67339379 -0.29987279 0.30092841
v -0.57726681 -0.35365400 0.27831909
v -0.61548042 -0.32578689 0.30769759
v -0.53593308 -0.38985911 0.22253560
v -0.54139280 -0.36655650 0.27002409
v -0.51216912 -0.38856810 0.25340340
v -0.50397241 -0.41999540 0.25785571
v -0.49601889 -0.37921110 0.30389681
v -0.52888179 -0.35078970 0.30617511
v -0.48108721 -0.42059261 0.32506210
v -0.56289887 -0.32037809 0.33884820
v -0.68503380 -0.27297989 0.32768050
v -0.63883412 -0.28561959 0.34370691
v -0.63365960 -0.24474880 0.37865689
v -0.58555257 -0.27641779 0.37368479
v -0.68147278 -0.17332730 0.39259559
v -0.57038158 -0.25131121 0.39827231
v -0.61813742 -0.20422810 0.40684199
v -0.56962931 -0.21463360 0.41532871
v -0.57876521 -0.18567900 0.41838071
v -0.49539441 -0.34327200 0.33118919
v -0.52383709 -0.31346229 0.35707459
v -0.49474919 -0.30631620 0.36154789
v -0.46127939 -0.36545569 0.35485309
v -0.43010119 -0.37383559 0.38230389
v -0.45001751 -0.31027761 0.38317850
v -0.53052229 -0.28484991 0.37537119
v -0.53278857 -0.24225970 0.40545201
v -0.49058390 -0.22813980 0.41703251
v -0.51354980 -0.21108600 0.41893989
v -0.52204818 -0.18540940 0.43118411
v -0.48459819 -0.27855819 0.38168219
v -0.47850141 -0.25435859 0.40287879
v -0.43493500 -0.27233049 0.40535051
v -0.45825660 -0.23392160 0.41212639
v -0.48363569 -0.17822710 0.42792350
v -0.43557471 -0.20254150 0.40933421
v -0.43867639 -0.16786160 0.41842940
v -0.67611760 -0.13215640 0.40773299
v -0.65644932 -0.11533150 0.42079669
v -0.62831092 -0.14690860 0.42653021
v -0.66011941 -0.07125130 0.40979260
v -0.67061931 -0.04354490 0.40728161
v -0.63411361 -0.08415200 0.42625970
v -0.60357261 -0.15189350 0.42733321
v -0.55937982 -0.15277261 0.42716801
v -0.58118182 -0.04054690 0.42714661
v -0.67075372 0.08614510 0.36260620
v -0.65440238 0.07341870 0.36754280
v -0.56053782 0.09362450 0.36734179
v -0.68114161 0.01199450 0.38470861
v -0.64996451 -0.00554050 0.40210840
v -0.62823761 0.03836490 0.39296219
v -0.61899042 -0.01844930 0.41149989
v -0.57094991 0.00643410 0.41304469
v -0.58635718 0.04761160 0.39546201
v -0.55038017 -0.11258340 0.43206841
v -0.54740930 -0.03311000 0.42215899
v -0.51175469 -0.08539800 0.43086910
v -0.50175267 -0.04146800 0.42476669
v -0.44162130 -0.14268281 0.42691150
v -0.42956641 -0.11690430 0.42031941
v -0.47186071 -0.08375110 0.42978460
v -0.47001389 -0.03184810 0.42713919
v -0.43901569 -0.08454150 0.41814569
v -0.43034390 -0.04724150 0.41543609
v -0.49061921 0.09222550 0.37024140
v -0.44438291 0.08995020 0.37465489
v -0.53165591 -0.00102710 0.41526920
v -0.50267410 -0.00037900 0.41296211
v -0.53469902 0.03776980 0.40136209
v -0.53168178 0.07729090 0.38113680
v -0.49783409 0.05046740 0.39005619
v -0.46007991 0.01029350 0.40940991
v -0.42528129 -0.00310920 0.40974131
v -0.47551790 0.04614350 0.38961330
v -0.45917591 0.06389780 0.38830090
v -0.42772099 0.04418250 0.39965391
v -0.37683779 -0.40362531 0.38816309
v -0.40583459 -0.29115671 0.40434200
v -0.37882629 -0.35453120 0.40006861
v -0.37066019 -0.29875740 0.40455031
v -0.33303201 -0.37670881 0.38229111
v -0.34047279 -0.30150220 0.40005490
v -0.31602910 -0.30952731 0.38790211
v -0.41319069 -0.21995190 0.41380799
v -0.40599701 -0.18042800 0.41044441
v -0.38203639 -0.20900419 0.41491529
v -0.35439479 -0.23839800 0.40610161
v -0.31964740 -0.22324391 0.39905360
v -0.32138929 -0.16899210 0.40460539
v -0.29776499 -0.19024310 0.40408239
v -0.35291621 -0.17976490 0.41727129
v -0.33858100 -0.16298319 0.41485861
v -0.27070281 -0.37385780 0.36225250
v -0.29265901 -0.36033049 0.36719269
v -0.25006971 -0.41626140 0.37879381
v -0.24510130 -0.35943609 0.39290771
v -0.28273001 -0.29191521 0.38059950
v -0.26146990 -0.31644210 0.38352999
v -0.28282800 -0.23760620 0.39816940
v -0.26501149 -0.25597221 0.41223511
v -0.40657970 -0.12602100 0.41120309
v -0.38049239 -0.15579811 0.42055851
v -0.38119221 -0.09811950 0.41742179
v -0.35523069 -0.13209060 0.42162710
v -0.35523099 -0.10498990 0.41871881
v -0.31959230 -0.13110609 0.41145170
v -0.32133681 -0.10801940 0.42244059
v -0.34457099 -0.06892570 0.42767510
v -0.35091889 -0.03916720 0.42131221
v -0.30776441 -0.08724010 0.42704639
v -0.37682861 0.06847790 0.36975881
v -0.35021091 0.06376080 0.37359881
v -0.31091839 0.08911480 0.36835760
v -0.40082210 -0.01162290 0.40389439
v -0.38416910 0.02326500 0.39225259
v -0.40917200 0.07372160 0.38144469
v -0.34736729 0.00060800 0.40928090
v -0.29841220 -0.02738210 0.43166691
v -0.32465431 0.03955960 0.39383411
v -0.28985071 -0.13867781 0.42290509
v -0.28269580 -0.08984690 0.42765689
v -0.28269371 -0.05275190 0.43330839
v -0.23569269 -0.03751580 0.42957029
v -0.27399671 -0.01899070 0.42306170
v -0.28181869 0.02152600 0.41215459
v -0.24770600 -0.00999260 0.42740831
v -0.25009131 0.04369720 0.40804091
v -0.21618409 -0.01488260 0.43277419
v -0.22109780 0.02997210 0.42096841
v -0.19545931 0.02317150 0.42248049
v -0.18243040 -0.00748120 0.43009961
v -0.20424290 0.09257430 0.39361489
v -0.17457481 0.05116160 0.41379589
v -1.21242166 -0.94228029 0.43381155
v -1.21242166 -0.87710035 0.43381155
v -1.14679670 -0.94228029 0.43381155
v -1.21242166 -0.94228029 0.46092477
v -1.21242166 -0.87710035 0.46092477
v -1.14679670 -0.94228029 0.46092477
v -1.21242166 -0.81192040 0.43381155
v -1.21242166 -0.81192040 0.46092477
v -1.08117175 -0.94228029 0.43381155
v -1.08117175 -0.94228029 0.46092477
v -1.21242166 -0.94228029 0.48803800
v -1.21242166 -0.94228029 0.51515120
v -1.21242166 -0.87710035 0.48803800
v -1.21242166 -0.87710035 0.51515120
v -1.14679670 -0.94228029 0.48803800
v -1.14679670 -0.94228029 0.51515120
v -1.21242166 -0.81192040 0.48803800
v -1.21242166 -0.81192040 0.51515120
v -1.08117175 -0.94228029 0.48803800
v -1.08117175 -0.94228029 0.51515120
v -1.21242166 -0.74674040 0.43381155
v -1.21242166 -0.74674040 0.46092477
v -1.21242166 -0.74674040 0.48803800
v -1.21242166 -0.74674040 0.51515120
v -1.01554668 -0.94228029 0.43381155
v -1.01554668 -0.94228029 0.46092477
v -0.94992167 -0.94228029 0.43381155
v -0.94992167 -0.94228029 0.46092477
v -1.01554668 -0.94228029 0.48803800
v -1.01554668 -0.94228029 0.51515120
v -0.94992167 -0.94228029 0.48803800
v -0.94992167 -0.94228029 0.51515120
v -1.21242166 -0.94228029 0.54226446
v -1.21242166 -0.87710035 0.54226446
v -1.14679670 -0.94228029 0.54226446
v -1.21242166 -0.94228029 0.56937766
v -1.21242166 -0.94228029 0.59649086
v -1.21242166 -0.87710035 0.56937766
v -1.21242166 -0.87710035 0.59649086
v -1.14679670 -0.94228029 0.56937766
v -1.14679670 -0.94228029 0.59649086
v -1.21242166 -0.81192040 0.54226446
v -1.21242166 -0.81192040 0.56937766
v -1.21242166 -0.81192040 0.59649086
v -1.08117175 -0.94228029 0.54226446
v -1.08117175 -0.94228029 0.56937766
v -1.08117175 -0.94228029 0.59649086
v -1.21242166 -0.94228029 0.62360412
v -1.21242166 -0.87710035 0.62360412
v -1.14679670 -0.94228029 0.62360412
v -1.21242166 -0.81192040 0.62360412
v -1.08117175 -0.94228029 0.62360412
v -1.21242166 -0.74674040 0.54226446
v -1.21242166 -0.74674040 0.56937766
v -1.21242166 -0.74674040 0.59649086
v -1.21242166 -0.74674040 0.62360412
v -1.01554668 -0.94228029 0.54226446
v -1.01554668 -0.94228029 0.56937766
v -1.01554668 -0.94228029 0.59649086
v -0.94992167 -0.94228029 0.54226446
v -0.94992167 -0.94228029 0.56937766
v -0.94992167 -0.94228029 0.59649086
v -1.01554668 -0.94228029 0.62360412
v -0.94992167 -0.94228029 0.62360412
v -1.21242166 -0.68156046 0.43381155
v -1.21242166 -0.61638051 0.43381155
v -1.21242166 -0.68156046 0.46092477
v -1.21242166 -0.61638051 0.46092477
v -1.21242166 -0.55120057 0.43381155
v -1.21242166 -0.55120057 0.46092477
v -1.21242166 -0.68156046 0.48803800
v -1.21242166 -0.68156046 0.51515120
v -1.21242166 -0.61638051 0.48803800
v -1.21242166 -0.61638051 0.51515120
v -1.21242166 -0.55120057 0.48803800
v -1.21242166 -0.55120057 0.51515120
v -1.21242166 -0.48602059 0.43381155
v -1.21242166 -0.48602059 0.46092477
v -1.21242166 -0.48602059 0.48803800
v -1.21242166 -0.48602059 0.51515120
v -1.21242166 -0.68156046 0.54226446
v -1.21242166 -0.61638051 0.54226446
v -1.21242166 -0.68156046 0.56937766
v -1.21242166 -0.68156046 0.59649086
v -1.21242166 -0.61638051 0.56937766
v -1.21242166 -0.61638051 0.59649086
v -1.21242166 -0.55120057 0.54226446
v -1.21242166 -0.55120057 0.56937766
v -1.21242166 -0.55120057 0.59649086
v -1.21242166 -0.68156046 0.62360412
v -1.21242166 -0.61638051 0.62360412
v -1.21242166 -0.55120057 0.62360412
v -1.21242166 -0.48602059 0.54226446
v -1.21242166 -0.48602059 0.56937766
v -1.21242166 -0.48602059 0.59649086
v -1.21242166 -0.48602059 0.62360412
v -0.88429666 -0.94228029 0.43381155
v -0.88429666 -0.94228029 0.46092477
v -0.81867170 -0.94228029 0.43381155
v -0.81867170 -0.94228029 0.46092477
v -0.88429666 -0.94228029 0.48803800
v -0.88429666 -0.94228029 0.51515120
v -0.81867170 -0.94228029 0.48803800
v -0.81867170 -0.94228029 0.51515120
v -0.75304669 -0.94228029 0.43381155
v -0.75304669 -0.94228029 0.46092477
v -0.68742168 -0.94228029 0.43381155
v -0.68742168 -0.94228029 0.46092477
v -0.75304669 -0.94228029 0.48803800
v -0.75304669 -0.94228029 0.51515120
v -0.68742168 -0.94228029 0.48803800
v -0.68742168 -0.94228029 0.51515120
v -0.88429666 -0.94228029 0.54226446
v -0.88429666 -0.94228029 0.56937766
v -0.88429666 -0.94228029 0.59649086
v -0.81867170 -0.94228029 0.54226446
v -0.81867170 -0.94228029 0.56937766
v -0.81867170 -0.94228029 0.59649086
v -0.88429666 -0.94228029 0.62360412
v -0.81867170 -0.94228029 0.62360412
v -0.75304669 -0.94228029 0.54226446
v -0.75304669 -0.94228029 0.56937766
v -0.75304669 -0.94228029 0.59649086
v -0.68742168 -0.94228029 0.54226446
v -0.68742168 -0.94228029 0.56937766
v -0.68742168 -0.94228029 0.59649086
v -0.75304669 -0.94228029 0.62360412
v -0.68742168 -0.94228029 0.62360412
v -1.21242166 -0.94228029 0.65071732
v -1.21242166 -0.94228029 0.67783052
v -1.21242166 -0.87710035 0.65071732
v -1.21242166 -0.87710035 0.67783052
v -1.14679670 -0.94228029 0.65071732
v -1.14679670 -0.94228029 0.67783052
v -1.21242166 -0.81192040 0.65071732
v -1.21242166 -0.81192040 0.67783052
v -1.08117175 -0.94228029 0.65071732
v -1.08117175 -0.94228029 0.67783052
v -1.21242166 -0.94228029 0.70494378
v -1.21242166 -0.94228029 0.73205698
v -1.21242166 -0.87710035 0.70494378
v -1.21242166 -0.87710035 0.73205698
v -1.14679670 -0.94228029 0.70494378
v -1.14679670 -0.94228029 0.73205698
v -1.21242166 -0.81192040 0.70494378
v -1.21242166 -0.81192040 0.73205698
v -1.08117175 -0.94228029 0.70494378
v -1.08117175 -0.94228029 0.73205698
v -1.21242166 -0.74674040 0.65071732
v -1.21242166 -0.74674040 0.67783052
v -1.21242166 -0.74674040 0.70494378
v -1.21242166 -0.74674040 0.73205698
v -1.01554668 -0.94228029 0.65071732
v -1.01554668 -0.94228029 0.67783052
v -0.94992167 -0.94228029 0.65071732
v -0.94992167 -0.94228029 0.67783052
v -1.01554668 -0.94228029 0.70494378
v -1.01554668 -0.94228029 0.73205698
v -0.94992167 -0.94228029 0.70494378
v -0.94992167 -0.94228029 0.73205698
v -1.21242166 -0.94228029 0.75917023
v -1.21242166 -0.87710035 0.75917023
v -1.14679670 -0.94228029 0.75917023
v -1.21242166 -0.94228029 0.78628343
v -1.21242166 -0.94228029 0.81339663
v -1.21242166 -0.87710035 0.78628343
v -1.21242166 -0.87710035 0.81339663
v -1.14679670 -0.94228029 0.78628343
v -1.14679670 -0.94228029 0.81339663
v -1.21242166 -0.81192040 0.75917023
v -1.21242166 -0.81192040 0.78628343
v -1.21242166 -0.81192040 0.81339663
v -1.08117175 -0.94228029 0.75917023
v -1.08117175 -0.94228029 0.78628343
v -1.08117175 -0.94228029 0.81339663
v -1.21242166 -0.94228029 0.84050989
v -1.21242166 -0.94228029 0.86762309
v -1.21242166 -0.87710035 0.84050989
v -1.21242166 -0.87710035 0.86762309
v -1.14679670 -0.94228029 0.84050989
v -1.14679670 -0.94228029 0.86762309
v -1.14679670 -0.87710035 0.86762309
v -1.21242166 -0.81192040 0.84050989
v -1.21242166 -0.81192040 0.86762309
v -1.14679670 -0.81192040 0.86762309
v -1.08117175 -0.94228029 0.84050989
v -1.08117175 -0.94228029 0.86762309
v -1.08117175 -0.87710035 0.86762309
v -1.08117175 -0.81192040 0.86762309
v -1.21242166 -0.74674040 0.75917023
v -1.21242166 -0.74674040 0.78628343
v -1.21242166 -0.74674040 0.81339663
v -1.21242166 -0.74674040 0.84050989
v -1.21242166 -0.74674040 0.86762309
v -1.14679670 -0.74674040 0.86762309
v -1.08117175 -0.74674040 0.86762309
v -1.01554668 -0.94228029 0.75917023
v -1.01554668 -0.94228029 0.78628343
v -1.01554668 -0.94228029 0.81339663
v -0.94992167 -0.94228029 0.75917023
v -0.94992167 -0.94228029 0.78628343
v -0.94992167 -0.94228029 0.81339663
v -1.01554668 -0.94228029 0.84050989
v -1.01554668 -0.94228029 0.86762309
v -1.01554668 -0.87710035 0.86762309
v -1.01554668 -0.81192040 0.86762309
v -0.94992167 -0.94228029 0.84050989
v -0.94992167 -0.94228029 0.86762309
v -0.94992167 -0.87710035 0.86762309
v -0.94992167 -0.81192040 0.86762309
v -1.01554668 -0.74674040 0.86762309
v -0.94992167 -0.74674040 0.86762309
v -1.21242166 -0.68156046 0.65071732
v -1.21242166 -0.68156046 0.67783052
v -1.21242166 -0.61638051 0.65071732
v -1.21242166 -0.61638051 0.67783052
v -1.21242166 -0.55120057 0.65071732
v -1.21242166 -0.55120057 0.67783052
v -1.21242166 -0.68156046 0.70494378
v -1.21242166 -0.68156046 0.73205698
v -1.21242166 -0.61638051 0.70494378
v -1.21242166 -0.61638051 0.73205698
v -1.21242166 -0.55120057 0.70494378
v -1.21242166 -0.55120057 0.73205698
v -1.21242166 -0.48602059 0.65071732
v -1.21242166 -0.48602059 0.67783052
v -1.21242166 -0.48602059 0.70494378
v -1.21242166 -0.48602059 0.73205698
v -1.21242166 -0.68156046 0.75917023
v -1.21242166 -0.61638051 0.75917023
v -1.21242166 -0.68156046 0.78628343
v -1.21242166 -0.68156046 0.81339663
v -1.21242166 -0.61638051 0.78628343
v -1.21242166 -0.61638051 0.81339663
v -1.21242166 -0.55120057 0.75917023
v -1.21242166 -0.55120057 0.78628343
v -1.21242166 -0.55120057 0.81339663
v -1.21242166 -0.68156046 0.84050989
v -1.21242166 -0.68156046 0.86762309
v -1.21242166 -0.61638051 0.84050989
v -1.21242166 -0.61638051 0.86762309
v -1.14679670 -0.68156046 0.86762309
v -1.14679670 -0.61638051 0.86762309
v -1.21242166 -0.55120057 0.84050989
v -1.21242166 -0.55120057 0.86762309
v -1.14679670 -0.55120057 0.86762309
v -1.08117175 -0.68156046 0.86762309
v -1.08117175 -0.61638051 0.86762309
v -1.08117175 -0.55120057 0.86762309
v -1.21242166 -0.48602059 0.75917023
v -1.21242166 -0.48602059 0.78628343
v -1.21242166 -0.48602059 0.81339663
v -1.21242166 -0.48602059 0.84050989
v -1.21242166 -0.48602059 0.86762309
v -1.14679670 -0.48602059 0.86762309
v -1.08117175 -0.48602059 0.86762309
v -1.01554668 -0.68156046 0.86762309
v -1.01554668 -0.61638051 0.86762309
v -1.01554668 -0.55120057 0.86762309
v -0.94992167 -0.68156046 0.86762309
v -0.94992167 -0.61638051 0.86762309
v -0.94992167 -0.55120057 0.86762309
v -1.01554668 -0.48602059 0.86762309
v -0.94992167 -0.48602059 0.86762309
v -0.88429666 -0.94228029 0.65071732
v -0.88429666 -0.94228029 0.67783052
v -0.81867170 -0.94228029 0.65071732
v -0.81867170 -0.94228029 0.67783052
v -0.88429666 -0.94228029 0.70494378
v -0.88429666 -0.94228029 0.73205698
v -0.81867170 -0.94228029 0.70494378
v -0.81867170 -0.94228029 0.73205698
v -0.75304669 -0.94228029 0.65071732
v -0.75304669 -0.94228029 0.67783052
v -0.68742168 -0.94228029 0.65071732
v -0.68742168 -0.94228029 0.67783052
v -0.75304669 -0.94228029 0.70494378
v -0.75304669 -0.94228029 0.73205698
v -0.68742168 -0.94228029 0.70494378
v -0.68742168 -0.94228029 0.73205698
v -0.88429666 -0.94228029 0.75917023
v -0.88429666 -0.94228029 0.78628343
v -0.88429666 -0.94228029 0.81339663
v -0.81867170 -0.94228029 0.75917023
v -0.81867170 -0.94228029 0.78628343
v -0.81867170 -0.94228029 0.81339663
v -0.88429666 -0.94228029 0.84050989
v -0.88429666 -0.94228029 0.86762309
v -0.88429666 -0.87710035 0.86762309
v -0.88429666 -0.81192040 0.86762309
v -0.81867170 -0.94228029 0.84050989
v -0.81867170 -0.94228029 0.86762309
v -0.81867170 -0.87710035 0.86762309
v -0.81867170 -0.81192040 0.86762309
v -0.88429666 -0.74674040 0.86762309
v -0.81867170 -0.74674040 0.86762309
v -0.75304669 -0.94228029 0.75917023
v -0.75304669 -0.94228029 0.78628343
v -0.75304669 -0.94228029 0.81339663
v -0.68742168 -0.94228029 0.75917023
v -0.68742168 -0.94228029 0.78628343
v -0.68742168 -0.94228029 0.81339663
v -0.75304669 -0.94228029 0.84050989
v -0.75304669 -0.94228029 0.86762309
v -0.75304669 -0.87710035 0.86762309
v -0.75304669 -0.81192040 0.86762309
v -0.68742168 -0.94228029 0.84050989
v -0.68742168 -0.94228029 0.86762309
v -0.68742168 -0.87710035 0.86762309
v -0.68742168 -0.81192040 0.86762309
v -0.75304669 -0.74674040 0.86762309
v -0.68742168 -0.74674040 0.86762309
v -0.88429666 -0.68156046 0.86762309
v -0.88429666 -0.61638051 0.86762309
v -0.88429666 -0.55120057 0.86762309
v -0.81867170 -0.68156046 0.86762309
v -0.81867170 -0.61638051 0.86762309
v -0.81867170 -0.55120057 0.86762309
v -0.88429666 -0.48602059 0.86762309
v -0.81867170 -0.48602059 0.86762309
v -0.75304669 -0.68156046 0.86762309
v -0.75304669 -0.61638051 0.86762309
v -0.75304669 -0.55120057 0.86762309
v -0.68742168 -0.68156046 0.86762309
v -0.68742168 -0.61638051 0.86762309
v -0.68742168 -0.55120057 0.86762309
v -0.75304669 -0.48602059 0.86762309
v -0.68742168 -0.48602059 0.86762309
v -1.21242166 -0.42084062 0.43381155
v -1.21242166 -0.35566068 0.43381155
v -1.21242166 -0.42084062 0.46092477
v -1.21242166 -0.35566068 0.46092477
v -1.21242166 -0.42084062 0.48803800
v -1.21242166 -0.42084062 0.51515120
v -1.21242166 -0.35566068 0.48803800
v -1.21242166 -0.35566068 0.51515120
v -1.21242166 -0.29048070 0.43381155
v -1.21242166 -0.29048070 0.46092477
v -1.21242166 -0.22530074 0.43381155
v -1.21242166 -0.22530074 0.46092477
v -1.21242166 -0.29048070 0.48803800
v -1.21242166 -0.29048070 0.51515120
v -1.21242166 -0.22530074 0.48803800
v -1.21242166 -0.22530074 0.51515120
v -1.21242166 -0.42084062 0.54226446
v -1.21242166 -0.35566068 0.54226446
v -1.21242166 -0.42084062 0.56937766
v -1.21242166 -0.42084062 0.59649086
v -1.21242166 -0.35566068 0.56937766
v -1.21242166 -0.35566068 0.59649086
v -1.21242166 -0.42084062 0.62360412
v -1.21242166 -0.35566068 0.62360412
v -1.21242166 -0.29048070 0.54226446
v -1.21242166 -0.29048070 0.56937766
v -1.21242166 -0.29048070 0.59649086
v -1.21242166 -0.22530074 0.54226446
v -1.21242166 -0.22530074 0.56937766
v -1.21242166 -0.22530074 0.59649086
v -1.21242166 -0.29048070 0.62360412
v -1.21242166 -0.22530074 0.62360412
v -1.21242166 -0.16012079 0.43381155
v -1.21242166 -0.16012079 0.46092477
v -1.21242166 -0.09494083 0.43381155
v -1.21242166 -0.02976087 0.43381155
v -1.21242166 -0.09494083 0.46092477
v -1.21242166 -0.02976087 0.46092477
v -1.21242166 -0.16012079 0.48803800
v -1.21242166 -0.16012079 0.51515120
v -1.21242166 -0.09494083 0.48803800
v -1.21242166 -0.09494083 0.51515120
v -1.21242166 -0.02976087 0.48803800
v -1.21242166 -0.02976087 0.51515120
v -1.21242166 0.03541909 0.43381155
v -1.21242166 0.03541909 0.46092477
v -1.21242166 0.03541909 0.48803800
v -1.21242166 0.03541909 0.51515120
v -1.21242166 -0.16012079 0.54226446
v -1.21242166 -0.16012079 0.56937766
v -1.21242166 -0.16012079 0.59649086
v -1.21242166 -0.09494083 0.54226446
v -1.21242166 -0.02976087 0.54226446
v -1.21242166 -0.09494083 0.56937766
v -1.21242166 -0.09494083 0.59649086
v -1.21242166 -0.02976087 0.56937766
v -1.21242166 -0.02976087 0.59649086
v -1.21242166 -0.16012079 0.62360412
v -1.21242166 -0.09494083 0.62360412
v -1.21242166 -0.02976087 0.62360412
v -1.21242166 0.03541909 0.54226446
v -1.21242166 0.03541909 0.56937766
v -1.21242166 0.03541909 0.59649086
v -1.21242166 0.03541909 0.62360412
v -1.21242166 -0.42084062 0.65071732
v -1.21242166 -0.42084062 0.67783052
v -1.21242166 -0.35566068 0.65071732
v -1.21242166 -0.35566068 0.67783052
v -1.21242166 -0.42084062 0.70494378
v -1.21242166 -0.42084062 0.73205698
v -1.21242166 -0.35566068 0.70494378
v -1.21242166 -0.35566068 0.73205698
v -1.21242166 -0.29048070 0.65071732
v -1.21242166 -0.29048070 0.67783052
v -1.21242166 -0.22530074 0.65071732
v -1.21242166 -0.22530074 0.67783052
v -1.21242166 -0.29048070 0.70494378
v -1.21242166 -0.29048070 0.73205698
v -1.21242166 -0.22530074 0.70494378
v -1.21242166 -0.22530074 0.73205698
v -1.21242166 -0.42084062 0.75917023
v -1.21242166 -0.35566068 0.75917023
v -1.21242166 -0.42084062 0.78628343
v -1.21242166 -0.42084062 0.81339663
v -1.21242166 -0.35566068 0.78628343
v -1.21242166 -0.35566068 0.81339663
v -1.21242166 -0.42084062 0.84050989
v -1.21242166 -0.42084062 0.86762309
v -1.21242166 -0.35566068 0.84050989
v -1.21242166 -0.35566068 0.86762309
v -1.14679670 -0.42084062 0.86762309
v -1.14679670 -0.35566068 0.86762309
v -1.08117175 -0.42084062 0.86762309
v -1.08117175 -0.35566068 0.86762309
v -1.21242166 -0.29048070 0.75917023
v -1.21242166 -0.29048070 0.78628343
v -1.21242166 -0.29048070 0.81339663
v -1.21242166 -0.22530074 0.75917023
v -1.21242166 -0.22530074 0.78628343
v -1.21242166 -0.22530074 0.81339663
v -1.21242166 -0.29048070 0.84050989
v -1.21242166 -0.29048070 0.86762309
v -1.14679670 -0.29048070 0.86762309
v -1.21242166 -0.22530074 0.84050989
v -1.21242166 -0.22530074 0.86762309
v -1.14679670 -0.22530074 0.86762309
v -1.08117175 -0.29048070 0.86762309
v -1.08117175 -0.22530074 0.86762309
v -1.01554668 -0.42084062 0.86762309
v -1.01554668 -0.35566068 0.86762309
v -0.94992167 -0.42084062 0.86762309
v -0.94992167 -0.35566068 0.86762309
v -1.01554668 -0.29048070 0.86762309
v -1.01554668 -0.22530074 0.86762309
v -0.94992167 -0.29048070 0.86762309
v -0.94992167 -0.22530074 0.86762309
v -1.21242166 -0.16012079 0.65071732
v -1.21242166 -0.16012079 0.67783052
v -1.21242166 -0.09494083 0.65071732
v -1.21242166 -0.09494083 0.67783052
v -1.21242166 -0.02976087 0.65071732
v -1.21242166 -0.02976087 0.67783052
v -1.21242166 -0.16012079 0.70494378
v -1.21242166 -0.16012079 0.73205698
v -1.21242166 -0.09494083 0.70494378
v -1.21242166 -0.09494083 0.73205698
v -1.21242166 -0.02976087 0.70494378
v -1.21242166 -0.02976087 0.73205698
v -1.21242166 0.03541909 0.65071732
v -1.21242166 0.03541909 0.67783052
v -1.21242166 0.03541909 0.70494378
v -1.21242166 0.03541909 0.73205698
v -1.21242166 -0.16012079 0.75917023
v -1.21242166 -0.16012079 0.78628343
v -1.21242166 -0.16012079 0.81339663
v -1.21242166 -0.09494083 0.75917023
v -1.21242166 -0.02976087 0.75917023
v -1.21242166 -0.09494083 0.78628343
v -1.21242166 -0.09494083 0.81339663
v -1.21242166 -0.02976087 0.78628343
v -1.21242166 -0.02976087 0.81339663
v -1.21242166 -0.16012079 0.84050989
v -1.21242166 -0.16012079 0.86762309
v -1.14679670 -0.16012079 0.86762309
v -1.21242166 -0.09494083 0.84050989
v -1.21242166 -0.09494083 0.86762309
v -1.21242166 -0.02976087 0.84050989
v -1.21242166 -0.02976087 0.86762309
v -1.14679670 -0.09494083 0.86762309
v -1.14679670 -0.02976087 0.86762309
v -1.08117175 -0.16012079 0.86762309
v -1.08117175 -0.09494083 0.86762309
v -1.08117175 -0.02976087 0.86762309
v -1.21242166 0.03541909 0.75917023
v -1.21242166 0.03541909 0.78628343
v -1.21242166 0.03541909 0.81339663
v -1.21242166 0.03541909 0.84050989
v -1.21242166 0.03541909 0.86762309
v -1.14679670 0.03541909 0.86762309
v -1.08117175 0.03541909 0.86762309
v -1.01554668 -0.16012079 0.86762309
v -1.01554668 -0.09494083 0.86762309
v -1.01554668 -0.02976087 0.86762309
v -0.94992167 -0.16012079 0.86762309
v -0.94992167 -0.09494083 0.86762309
v -0.94992167 -0.02976087 0.86762309
v -1.01554668 0.03541909 0.86762309
v -0.94992167 0.03541909 0.86762309
v -0.88429666 -0.42084062 0.86762309
v -0.88429666 -0.35566068 0.86762309
v -0.81867170 -0.42084062 0.86762309
v -0.81867170 -0.35566068 0.86762309
v -0.88429666 -0.29048070 0.86762309
v -0.88429666 -0.22530074 0.86762309
v -0.81867170 -0.29048070 0.86762309
v -0.81867170 -0.22530074 0.86762309
v -0.75304669 -0.42084062 0.86762309
v -0.75304669 -0.35566068 0.86762309
v -0.68742168 -0.42084062 0.86762309
v -0.68742168 -0.35566068 0.86762309
v -0.75304669 -0.29048070 0.86762309
v -0.75304669 -0.22530074 0.86762309
v -0.68742168 -0.29048070 0.86762309
v -0.68742168 -0.22530074 0.86762309
v -0.88429666 -0.16012079 0.86762309
v -0.88429666 -0.09494083 0.86762309
v -0.88429666 -0.02976087 0.86762309
v -0.81867170 -0.16012079 0.86762309
v -0.81867170 -0.09494083 0.86762309
v -0.81867170 -0.02976087 0.86762309
v -0.88429666 0.03541909 0.86762309
v -0.81867170 0.03541909 0.86762309
v -0.75304669 -0.16012079 0.86762309
v -0.75304669 -0.09494083 0.86762309
v -0.75304669 -0.02976087 0.86762309
v -0.68742168 -0.16012079 0.86762309
v -0.68742168 -0.09494083 0.86762309
v -0.68742168 -0.02976087 0.86762309
v -0.75304669 0.03541909 0.86762309
v -0.68742168 0.03541909 0.86762309
v -0.62179667 -0.94228029 0.43381155
v -0.62179667 -0.94228029 0.46092477
v -0.55617166 -0.94228029 0.43381155
v -0.55617166 -0.94228029 0.46092477
v -0.62179667 -0.94228029 0.48803800
v -0.62179667 -0.94228029 0.51515120
v -0.55617166 -0.94228029 0.48803800
v -0.55617166 -0.94228029 0.51515120
v -0.49054667 -0.94228029 0.43381155
v -0.49054667 -0.94228029 0.46092477
v -0.42492166 -0.94228029 0.43381155
v -0.42492166 -0.94228029 0.46092477
v -0.49054667 -0.94228029 0.48803800
v -0.49054667 -0.94228029 0.51515120
v -0.42492166 -0.94228029 0.48803800
v -0.42492166 -0.94228029 0.51515120
v -0.62179667 -0.94228029 0.54226446
v -0.62179667 -0.94228029 0.56937766
v -0.62179667 -0.94228029 0.59649086
v -0.55617166 -0.94228029 0.54226446
v -0.55617166 -0.94228029 0.56937766
v -0.55617166 -0.94228029 0.59649086
v -0.62179667 -0.94228029 0.62360412
v -0.55617166 -0.94228029 0.62360412
v -0.49054667 -0.94228029 0.54226446
v -0.49054667 -0.94228029 0.56937766
v -0.49054667 -0.94228029 0.59649086
v -0.42492166 -0.94228029 0.54226446
v -0.42492166 -0.94228029 0.56937766
v -0.42492166 -0.94228029 0.59649086
v -0.49054667 -0.94228029 0.62360412
v -0.42492166 -0.94228029 0.62360412
v -0.58114702 -0.62062031 0.43414351
v -0.58312768 -0.59265631 0.43741471
v -0.52594757 -0.62587088 0.43382460
v -0.54068571 -0.61707330 0.44834039
v -0.54586828 -0.60000271 0.45262831
v -0.55279231 -0.56872141 0.44761771
v -0.49270111 -0.59392017 0.44747069
v -0.51046330 -0.56484431 0.44634601
v -0.47930899 -0.61534071 0.44427291
v -0.35929665 -0.94228029 0.43381155
v -0.35929665 -0.94228029 0.46092477
v -0.29367167 -0.94228029 0.43381155
v -0.29367167 -0.94228029 0.46092477
v -0.35929665 -0.94228029 0.48803800
v -0.35929665 -0.94228029 0.51515120
v -0.29367167 -0.94228029 0.48803800
v -0.29367167 -0.94228029 0.51515120
v -0.22804666 -0.94228029 0.43381155
v -0.22804666 -0.94228029 0.46092477
v -0.16242164 -0.94228029 0.43381155
v -0.16242164 -0.94228029 0.46092477
v -0.22804666 -0.94228029 0.48803800
v -0.22804666 -0.94228029 0.51515120
v -0.16242164 -0.94228029 0.48803800
v -0.16242164 -0.94228029 0.51515120
v -0.35929665 -0.94228029 0.54226446
v -0.35929665 -0.94228029 0.56937766
v -0.35929665 -0.94228029 0.59649086
v -0.29367167 -0.94228029 0.54226446
v -0.29367167 -0.94228029 0.56937766
v -0.29367167 -0.94228029 0.59649086
v -0.35929665 -0.94228029 0.62360412
v -0.29367167 -0.94228029 0.62360412
v -0.22804666 -0.94228029 0.54226446
v -0.22804666 -0.94228029 0.56937766
v -0.22804666 -0.94228029 0.59649086
v -0.16242164 -0.94228029 0.54226446
v -0.16242164 -0.94228029 0.56937766
v -0.16242164 -0.94228029 0.59649086
v -0.22804666 -0.94228029 0.62360412
v -0.16242164 -0.94228029 0.62360412
v -0.32707471 -0.62430948 0.45396489
v -0.33977321 -0.59127480 0.46145520
v -0.33192331 -0.56867492 0.46815601
v -0.32425630 -0.61296171 0.47457671
v -0.30136359 -0.57475883 0.49606270
v -0.33308220 -0.53348207 0.43912631
v -0.30440769 -0.51060653 0.43748489
v -0.30179849 -0.54040831 0.48125651
v -0.17431919 -0.62729537 0.47626650
v -0.27704731 -0.62513530 0.48868611
v -0.28759569 -0.61105478 0.50747848
v -0.27988291 -0.58450741 0.51536512
v -0.26044890 -0.61449492 0.51577842
v -0.24794599 -0.58861798 0.52360457
v -0.25307071 -0.55344558 0.51542431
v -0.22171380 -0.61982268 0.51107663
v -0.17138080 -0.61347491 0.50485802
v -0.17032190 -0.58813018 0.50660968
v -0.22790439 -0.60624969 0.52344382
v -0.21792559 -0.57165098 0.52190942
v -0.28850600 -0.51203662 0.46159279
v -0.25588819 -0.50203878 0.47682559
v -0.21622100 -0.49955219 0.48459741
v -0.16950460 -0.50060970 0.47205991
v -0.21992829 -0.48205170 0.45055839
v -0.19214880 -0.46538660 0.44607729
v -0.17403489 -0.48172340 0.45386899
v -0.16348930 -0.46310669 0.46847990
v -0.25591749 -0.52893281 0.49516359
v -0.21139871 -0.53871238 0.51473391
v -0.21744069 -0.51463372 0.50160068
v -0.62179667 -0.94228029 0.65071732
v -0.62179667 -0.94228029 0.67783052
v -0.55617166 -0.94228029 0.65071732
v -0.55617166 -0.94228029 0.67783052
v -0.62179667 -0.94228029 0.70494378
v -0.62179667 -0.94228029 0.73205698
v -0.55617166 -0.94228029 0.70494378
v -0.55617166 -0.94228029 0.73205698
v -0.49054667 -0.94228029 0.65071732
v -0.49054667 -0.94228029 0.67783052
v -0.42492166 -0.94228029 0.65071732
v -0.42492166 -0.94228029 0.67783052
v -0.49054667 -0.94228029 0.70494378
v -0.49054667 -0.94228029 0.73205698
v -0.42492166 -0.94228029 0.70494378
v -0.42492166 -0.94228029 0.73205698
v -0.62179667 -0.94228029 0.75917023
v -0.62179667 -0.94228029 0.78628343
v -0.62179667 -0.94228029 0.81339663
v -0.55617166 -0.94228029 0.75917023
v -0.55617166 -0.94228029 0.78628343
v -0.55617166 -0.94228029 0.81339663
v -0.62179667 -0.94228029 0.84050989
v -0.62179667 -0.94228029 0.86762309
v -0.62179667 -0.87710035 0.86762309
v -0.62179667 -0.81192040 0.86762309
v -0.55617166 -0.94228029 0.84050989
v -0.55617166 -0.94228029 0.86762309
v -0.55617166 -0.87710035 0.86762309
v -0.55617166 -0.81192040 0.86762309
v -0.62179667 -0.74674040 0.86762309
v -0.55617166 -0.74674040 0.86762309
v -0.49054667 -0.94228029 0.75917023
v -0.49054667 -0.94228029 0.78628343
v -0.49054667 -0.94228029 0.81339663
v -0.42492166 -0.94228029 0.75917023
v -0.42492166 -0.94228029 0.78628343
v -0.42492166 -0.94228029 0.81339663
v -0.49054667 -0.94228029 0.84050989
v -0.49054667 -0.94228029 0.86762309
v -0.49054667 -0.87710035 0.86762309
v -0.49054667 -0.81192040 0.86762309
v -0.42492166 -0.94228029 0.84050989
v -0.42492166 -0.94228029 0.86762309
v -0.42492166 -0.87710035 0.86762309
v -0.42492166 -0.81192040 0.86762309
v -0.49054667 -0.74674040 0.86762309
v -0.42492166 -0.74674040 0.86762309
v -0.62179667 -0.68156046 0.86762309
v -0.62179667 -0.61638051 0.86762309
v -0.62179667 -0.55120057 0.86762309
v -0.55617166 -0.68156046 0.86762309
v -0.55617166 -0.61638051 0.86762309
v -0.55617166 -0.55120057 0.86762309
v -0.62179667 -0.48602059 0.86762309
v -0.55617166 -0.48602059 0.86762309
v -0.49054667 -0.68156046 0.86762309
v -0.49054667 -0.61638051 0.86762309
v -0.49054667 -0.55120057 0.86762309
v -0.42492166 -0.68156046 0.86762309
v -0.42492166 -0.61638051 0.86762309
v -0.42492166 -0.55120057 0.86762309
v -0.49054667 -0.48602059 0.86762309
v -0.42492166 -0.48602059 0.86762309
v -0.35929665 -0.94228029 0.65071732
v -0.35929665 -0.94228029 0.67783052
v -0.29367167 -0.94228029 0.65071732
v -0.29367167 -0.94228029 0.67783052
v -0.35929665 -0.94228029 0.70494378
v -0.35929665 -0.94228029 0.73205698
v -0.29367167 -0.94228029 0.70494378
v -0.29367167 -0.94228029 0.73205698
v -0.22804666 -0.94228029 0.65071732
v -0.22804666 -0.94228029 0.67783052
v -0.16242164 -0.94228029 0.65071732
v -0.16242164 -0.94228029 0.67783052
v -0.22804666 -0.94228029 0.70494378
v -0.22804666 -0.94228029 0.73205698
v -0.16242164 -0.94228029 0.70494378
v -0.16242164 -0.94228029 0.73205698
v -0.35929665 -0.94228029 0.75917023
v -0.35929665 -0.94228029 0.78628343
v -0.35929665 -0.94228029 0.81339663
v -0.29367167 -0.94228029 0.75917023
v -0.29367167 -0.94228029 0.78628343
v -0.29367167 -0.94228029 0.81339663
v -0.35929665 -0.94228029 0.84050989
v -0.35929665 -0.94228029 0.86762309
v -0.35929665 -0.87710035 0.86762309
v -0.35929665 -0.81192040 0.86762309
v -0.29367167 -0.94228029 0.84050989
v -0.29367167 -0.94228029 0.86762309
v -0.29367167 -0.87710035 0.86762309
v -0.29367167 -0.81192040 0.86762309
v -0.35929665 -0.74674040 0.86762309
v -0.29367167 -0.74674040 0.86762309
v -0.22804666 -0.94228029 0.75917023
v -0.22804666 -0.94228029 0.78628343
v -0.22804666 -0.94228029 0.81339663
v -0.16242164 -0.94228029 0.75917023
v -0.16242164 -0.94228029 0.78628343
v -0.16242164 -0.94228029 0.81339663
v -0.22804666 -0.94228029 0.84050989
v -0.22804666 -0.94228029 0.86762309
v -0.22804666 -0.87710035 0.86762309
v -0.22804666 -0.81192040 0.86762309
v -0.16242164 -0.94228029 0.84050989
v -0.16242164 -0.94228029 0.86762309
v -0.16242164 -0.87710035 0.86762309
v -0.16242164 -0.81192040 0.86762309
v -0.22804666 -0.74674040 0.86762309
v -0.16242164 -0.74674040 0.86762309
v -0.35929665 -0.68156046 0.86762309
v -0.35929665 -0.61638051 0.86762309
v -0.35929665 -0.55120057 0.86762309
v -0.29367167 -0.68156046 0.86762309
v -0.29367167 -0.61638051 0.86762309
v -0.29367167 -0.55120057 0.86762309
v -0.35929665 -0.48602059 0.86762309
v -0.29367167 -0.48602059 0.86762309
v -0.22804666 -0.68156046 0.86762309
v -0.22804666 -0.61638051 0.86762309
v -0.22804666 -0.55120057 0.86762309
v -0.16242164 -0.68156046 0.86762309
v -0.16242164 -0.61638051 0.86762309
v -0.16242164 -0.55120057 0.86762309
v -0.22804666 -0.48602059 0.86762309
v -0.16242164 -0.48602059 0.86762309
v -0.53401601 -0.17157491 0.43488970
v -0.57520199 -0.10539080 0.43609360
v -0.60533088 -0.08333560 0.43591410
v -0.57035649 -0.07459800 0.43827820
v -0.51833880 -0.13921380 0.43825111
v -0.53774178 -0.07308270 0.43556839
v -0.47371510 -0.13075630 0.43844041
v -0.48697299 -0.10539870 0.43685451
v -0.23278220 -0.30781639 0.43676141
v -0.20871010 -0.41483340 0.43955210
v -0.19594440 -0.36234000 0.46609011
v -0.17730170 -0.40852019 0.48108339
v -0.19352470 -0.31107840 0.49850741
v -0.16841330 -0.29087129 0.52290988
v -0.23383310 -0.26564249 0.46095639
v -0.26622799 -0.19124509 0.46111220
v -0.25399551 -0.21380541 0.46748281
v -0.23148200 -0.20250399 0.51754642
v -0.24151330 -0.17371920 0.51644748
v -0.20766820 -0.24702930 0.51100099
v -0.19896270 -0.19503739 0.54151362
v -0.17203760 -0.21520691 0.54222268
v -0.16428140 -0.16619620 0.55611151
v -0.26484999 -0.15118760 0.47124830
v -0.26323670 -0.11364700 0.46316680
v -0.25678229 -0.06242830 0.43479940
v -0.24593340 -0.08767610 0.47227931
v -0.22354090 -0.05057210 0.45784140
v -0.23190700 -0.13294210 0.51930302
v -0.21668421 -0.15916090 0.53742248
v -0.19356410 -0.11325400 0.53740942
v -0.22091800 -0.08809020 0.50542068
v -0.19645789 -0.05556360 0.49873161
v -0.18678901 -0.07369680 0.52031052
v -0.17617930 -0.02177590 0.45290199
v -0.18499030 -0.15731201 0.55314851
v -0.62179667 -0.42084062 0.86762309
v -0.62179667 -0.35566068 0.86762309
v -0.55617166 -0.42084062 0.86762309
v -0.55617166 -0.35566068 0.86762309
v -0.62179667 -0.29048070 0.86762309
v -0.62179667 -0.22530074 0.86762309
v -0.55617166 -0.29048070 0.86762309
v -0.55617166 -0.22530074 0.86762309
v -0.49054667 -0.42084062 0.86762309
v -0.49054667 -0.35566068 0.86762309
v -0.42492166 -0.42084062 0.86762309
v -0.42492166 -0.35566068 0.86762309
v -0.49054667 -0.29048070 0.86762309
v -0.49054667 -0.22530074 0.86762309
v -0.42492166 -0.29048070 0.86762309
v -0.42492166 -0.22530074 0.86762309
v -0.62179667 -0.16012079 0.86762309
v -0.62179667 -0.09494083 0.86762309
v -0.62179667 -0.02976087 0.86762309
v -0.55617166 -0.16012079 0.86762309
v -0.55617166 -0.09494083 0.86762309
v -0.55617166 -0.02976087 0.86762309
v -0.62179667 0.03541909 0.86762309
v -0.55617166 0.03541909 0.86762309
v -0.49054667 -0.16012079 0.86762309
v -0.49054667 -0.09494083 0.86762309
v -0.49054667 -0.02976087 0.86762309
v -0.42492166 -0.16012079 0.86762309
v -0.42492166 -0.09494083 0.86762309
v -0.42492166 -0.02976087 0.86762309
v -0.49054667 0.03541909 0.86762309
v -0.42492166 0.03541909 0.86762309
v -0.35929665 -0.42084062 0.86762309
v -0.35929665 -0.35566068 0.86762309
v -0.29367167 -0.42084062 0.86762309
v -0.29367167 -0.35566068 0.86762309
v -0.35929665 -0.29048070 0.86762309
v -0.35929665 -0.22530074 0.86762309
v -0.29367167 -0.29048070 0.86762309
v -0.29367167 -0.22530074 0.86762309
v -0.22804666 -0.42084062 0.86762309
v -0.22804666 -0.35566068 0.86762309
v -0.16242164 -0.42084062 0.86762309
v -0.16242164 -0.35566068 0.86762309
v -0.22804666 -0.29048070 0.86762309
v -0.22804666 -0.22530074 0.86762309
v -0.16242164 -0.29048070 0.86762309
v -0.16242164 -0.22530074 0.86762309
v -0.35929665 -0.16012079 0.86762309
v -0.35929665 -0.09494083 0.86762309
v -0.35929665 -0.02976087 0.86762309
v -0.29367167 -0.16012079 0.86762309
v -0.29367167 -0.09494083 0.86762309
v -0.29367167 -0.02976087 0.86762309
v -0.35929665 0.03541909 0.86762309
v -0.29367167 0.03541909 0.86762309
v -0.22804666 -0.16012079 0.86762309
v -0.22804666 -0.09494083 0.86762309
v -0.22804666 -0.02976087 0.86762309
v -0.16242164 -0.16012079 0.86762309
v -0.16242164 -0.09494083 0.86762309
v -0.16242164 -0.02976087 0.86762309
v -0.22804666 0.03541909 0.86762309
v -0.16242164 0.03541909 0.86762309
v -1.21242166 0.10059905 0.00000000
v -1.14679670 0.10059905 0.00000000
v -1.21242166 0.10059905 0.02711322
v -1.21242166 0.16577901 0.00000000
v -1.14679670 0.16577901 0.00000000
v -1.21242166 0.16577901 0.02711322
v -1.08117175 0.10059905 0.00000000
v -1.08117175 0.16577901 0.00000000
v -1.21242166 0.10059905 0.05422644
v -1.21242166 0.10059905 0.08133966
v -1.21242166 0.16577901 0.05422644
v -1.21242166 0.16577901 0.08133966
v -1.21242166 0.23095897 0.00000000
v -1.14679670 0.23095897 0.00000000
v -1.21242166 0.23095897 0.02711322
v -1.21242166 0.29613894 0.00000000
v -1.14679670 0.29613894 0.00000000
v -1.21242166 0.29613894 0.02711322
v -1.08117175 0.23095897 0.00000000
v -1.08117175 0.29613894 0.00000000
v -1.21242166 0.23095897 0.05422644
v -1.21242166 0.23095897 0.08133966
v -1.21242166 0.29613894 0.05422644
v -1.21242166 0.29613894 0.08133966
v -1.01554668 0.10059905 0.00000000
v -1.01554668 0.16577901 0.00000000
v -0.94992167 0.10059905 0.00000000
v -0.94992167 0.16577901 0.00000000
v -1.01554668 0.23095897 0.00000000
v -1.01554668 0.29613894 0.00000000
v -0.94992167 0.23095897 0.00000000
v -0.94992167 0.29613894 0.00000000
v -1.21242166 0.10059905 0.10845289
v -1.21242166 0.10059905 0.13556612
v -1.21242166 0.16577901 0.10845289
v -1.21242166 0.16577901 0.13556612
v -1.21242166 0.10059905 0.16267933
v -1.21242166 0.10059905 0.18979256
v -1.21242166 0.16577901 0.16267933
v -1.21242166 0.16577901 0.18979256
v -1.21242166 0.23095897 0.10845289
v -1.21242166 0.23095897 0.13556612
v -1.21242166 0.29613894 0.10845289
v -1.21242166 0.29613894 0.13556612
v -1.21242166 0.23095897 0.16267933
v -1.21242166 0.23095897 0.18979256
v -1.21242166 0.29613894 0.16267933
v -1.21242166 0.29613894 0.18979256
v -1.21242166 0.36131889 0.00000000
v -1.14679670 0.36131889 0.00000000
v -1.21242166 0.36131889 0.02711322
v -1.21242166 0.42649886 0.00000000
v -1.14679670 0.42649886 0.00000000
v -1.21242166 0.42649886 0.02711322
v -1.08117175 0.36131889 0.00000000
v -1.08117175 0.42649886 0.00000000
v -1.21242166 0.36131889 0.05422644
v -1.21242166 0.36131889 0.08133966
v -1.21242166 0.42649886 0.05422644
v -1.21242166 0.42649886 0.08133966
v -1.21242166 0.49167880 0.00000000
v -1.14679670 0.49167880 0.00000000
v -1.21242166 0.49167880 0.02711322
v -1.21242166 0.55685878 0.00000000
v -1.14679670 0.55685878 0.00000000
v -1.21242166 0.55685878 0.02711322
v -1.08117175 0.49167880 0.00000000
v -1.08117175 0.55685878 0.00000000
v -1.21242166 0.49167880 0.05422644
v -1.21242166 0.49167880 0.08133966
v -1.21242166 0.55685878 0.05422644
v -1.21242166 0.55685878 0.08133966
v -1.01554668 0.36131889 0.00000000
v -1.01554668 0.42649886 0.00000000
v -0.94992167 0.36131889 0.00000000
v -0.94992167 0.42649886 0.00000000
v -1.01554668 0.49167880 0.00000000
v -1.01554668 0.55685878 0.00000000
v -0.94992167 0.49167880 0.00000000
v -0.94992167 0.55685878 0.00000000
v -1.21242166 0.36131889 0.10845289
v -1.21242166 0.36131889 0.13556612
v -1.21242166 0.42649886 0.10845289
v -1.21242166 0.42649886 0.13556612
v -1.21242166 0.36131889 0.16267933
v -1.21242166 0.36131889 0.18979256
v -1.21242166 0.42649886 0.16267933
v -1.21242166 0.42649886 0.18979256
v -1.21242166 0.49167880 0.10845289
v -1.21242166 0.49167880 0.13556612
v -1.21242166 0.55685878 0.10845289
v -1.21242166 0.55685878 0.13556612
v -1.21242166 0.49167880 0.16267933
v -1.21242166 0.49167880 0.18979256
v -1.21242166 0.55685878 0.16267933
v -1.21242166 0.55685878 0.18979256
v -0.88429666 0.10059905 0.00000000
v -0.88429666 0.16577901 0.00000000
v -0.81867170 0.10059905 0.00000000
v -0.83359981 0.14425211 0.02136710
v -0.84426630 0.19171427 0.00000000
v -0.84448338 0.19314234 0.00000000
v -0.84266508 0.18901750 0.00000000
v -0.84528244 0.20474818 0.00000000
v -0.86599392 0.20336570 0.03405770
v -0.89946133 0.19834889 0.10843850
v -0.87200308 0.16268460 0.05486770
v -0.85428172 0.13410340 0.05629170
v -0.87581521 0.13518910 0.09935060
v -0.87801772 0.22256410 0.05897020
v -0.88429666 0.23095897 0.00000000
v -0.88429666 0.29613894 0.00000000
v -0.84728163 0.24322118 0.00000000
v -0.85136330 0.24381970 0.00555030
v -0.84699529 0.25111067 0.00000000
v -0.84311104 0.27199373 0.00000000
v -0.83927244 0.28745463 0.00000000
v -0.86581719 0.27812979 0.04394600
v -0.84147179 0.29816729 0.00881300
v -0.82928818 0.30950576 0.00000000
v -0.84531617 0.32871100 0.02317750
v -0.82267326 0.32975650 0.00000000
v -0.89261788 0.24644180 0.08854400
v -0.88512129 0.31144369 0.10284420
v -0.87016428 0.31935361 0.05725140
v -0.85795271 0.35294771 0.06910110
v -0.79083747 0.11434086 0.00000000
v -0.79891700 0.12617074 0.00000000
v -0.81590068 0.15166479 0.00000000
v -0.81339198 0.35288608 0.00000000
v -0.89593172 0.16698080 0.11494180
v -0.85527521 0.11113650 0.12257560
v -0.87546778 0.12580191 0.15604320
v -0.89200938 0.14505590 0.16451530
v -0.90530437 0.17543340 0.18041550
v -0.91242170 0.21357539 0.17309000
v -0.85160530 0.11221810 0.17900470
v -0.90179503 0.26260659 0.13055950
v -0.89165783 0.31136021 0.14917560
v -0.87241071 0.34815410 0.13678680
v -0.91161662 0.25551549 0.18585411
v -0.91104198 0.25529060 0.21463230
v -0.89897531 0.30139390 0.19256949
v -0.87538522 0.34195569 0.20959650
v -0.88429666 0.36131889 0.00000000
v -0.88429666 0.42649886 0.00000000
v -0.81867170 0.36131889 0.00000000
v -0.82317609 0.38581160 0.02398360
v -0.83908713 0.37471011 0.04406050
v -0.81867170 0.42649886 0.00000000
v -0.85459858 0.37938070 0.10286850
v -0.83683658 0.41323519 0.08152280
v -0.82763118 0.45802701 0.06378720
v -0.85640311 0.44771731 0.09549550
v -0.88429666 0.49167880 0.00000000
v -0.88429666 0.55685878 0.00000000
v -0.81867170 0.49167880 0.00000000
v -0.81867170 0.55685878 0.00000000
v -0.84601372 0.49176559 0.09814880
v -0.80276495 0.37507278 0.00000000
v -0.79310286 0.39494455 0.00000000
v -0.79981518 0.40817589 0.01211250
v -0.79126853 0.41272405 0.00000000
v -0.78850722 0.43026412 0.00000000
v -0.77596211 0.46943641 0.00000000
v -0.77057415 0.48820001 0.00000000
v -0.77404100 0.48965311 0.00585060
v -0.80394208 0.45433059 0.02973520
v -0.76783401 0.49629995 0.00000000
v -0.80445081 0.49279311 0.04072770
v -0.76253390 0.51936710 0.03854990
v -0.75304669 0.55685878 0.00000000
v -0.75094831 0.52073896 0.00000000
v -0.72879213 0.52964860 0.00000000
v -0.71636009 0.54301304 0.00000000
v -0.70850408 0.54839629 0.00000000
v -0.71295881 0.53795218 0.02271060
v -0.68742168 0.55685878 0.00000000
v -0.80782461 0.51056302 0.07425280
v -0.74106342 0.53510147 0.07703660
v -0.86715817 0.38636619 0.13316730
v -0.88129622 0.40310109 0.15152730
v -0.86515337 0.42709771 0.12073230
v -0.87206280 0.48077109 0.12601660
v -0.87829268 0.44962600 0.14316630
v -0.88273668 0.47118211 0.15729070
v -0.88706559 0.42149109 0.17199150
v -0.88448310 0.44165659 0.21536480
v -0.87925512 0.37903020 0.16793519
v -0.87776399 0.37514961 0.19878830
v -0.88016957 0.40846661 0.21007089
v -0.87977672 0.47477221 0.20791900
v -0.82145047 0.51697910 0.12233680
v -0.87019098 0.49387711 0.15228941
v -0.83937919 0.51296377 0.15005340
v -0.85920179 0.50220078 0.19418681
v -0.82492530 0.51868081 0.19700690
v -0.76411790 0.53777730 0.14638330
v -0.71246189 0.54508293 0.13882311
v -0.78786808 0.53155708 0.19042380
v -0.70591080 0.54402828 0.21673870
v -1.21242166 0.10059905 0.21690577
v -1.21242166 0.10059905 0.24401900
v -1.21242166 0.16577901 0.21690577
v -1.21242166 0.16577901 0.24401900
v -1.21242166 0.10059905 0.27113223
v -1.21242166 0.10059905 0.29824543
v -1.21242166 0.16577901 0.27113223
v -1.21242166 0.16577901 0.29824543
v -1.21242166 0.23095897 0.21690577
v -1.21242166 0.23095897 0.24401900
v -1.21242166 0.29613894 0.21690577
v -1.21242166 0.29613894 0.24401900
v -1.21242166 0.23095897 0.27113223
v -1.21242166 0.23095897 0.29824543
v -1.21242166 0.29613894 0.27113223
v -1.21242166 0.29613894 0.29824543
v -1.21242166 0.10059905 0.32535866
v -1.21242166 0.10059905 0.35247189
v -1.21242166 0.16577901 0.32535866
v -1.21242166 0.16577901 0.35247189
v -1.21242166 0.10059905 0.37958512
v -1.21242166 0.10059905 0.40669832
v -1.21242166 0.16577901 0.37958512
v -1.21242166 0.16577901 0.40669832
v -1.21242166 0.23095897 0.32535866
v -1.21242166 0.23095897 0.35247189
v -1.21242166 0.29613894 0.32535866
v -1.21242166 0.29613894 0.35247189
v -1.21242166 0.23095897 0.37958512
v -1.21242166 0.23095897 0.40669832
v -1.21242166 0.29613894 0.37958512
v -1.21242166 0.29613894 0.40669832
v -1.21242166 0.36131889 0.21690577
v -1.21242166 0.36131889 0.24401900
v -1.21242166 0.42649886 0.21690577
v -1.21242166 0.42649886 0.24401900
v -1.21242166 0.36131889 0.27113223
v -1.21242166 0.36131889 0.29824543
v -1.21242166 0.42649886 0.27113223
v -1.21242166 0.42649886 0.29824543
v -1.21242166 0.49167880 0.21690577
v -1.21242166 0.49167880 0.24401900
v -1.21242166 0.55685878 0.21690577
v -1.21242166 0.55685878 0.24401900
v -1.21242166 0.49167880 0.27113223
v -1.21242166 0.49167880 0.29824543
v -1.21242166 0.55685878 0.27113223
v -1.21242166 0.55685878 0.29824543
v -1.21242166 0.36131889 0.32535866
v -1.21242166 0.36131889 0.35247189
v -1.21242166 0.42649886 0.32535866
v -1.21242166 0.42649886 0.35247189
v -1.21242166 0.36131889 0.37958512
v -1.21242166 0.36131889 0.40669832
v -1.21242166 0.42649886 0.37958512
v -1.21242166 0.42649886 0.40669832
v -1.21242166 0.49167880 0.32535866
v -1.21242166 0.49167880 0.35247189
v -1.21242166 0.55685878 0.32535866
v -1.21242166 0.55685878 0.35247189
v -1.21242166 0.49167880 0.37958512
v -1.21242166 0.49167880 0.40669832
v -1.21242166 0.55685878 0.37958512
v -1.21242166 0.55685878 0.40669832
v -0.90078253 0.17849180 0.22585540
v -0.91109848 0.21584851 0.22784790
v -0.89516079 0.19036470 0.25911719
v -0.88156652 0.15605140 0.23884059
v -0.85874140 0.13384300 0.23079810
v -0.82402408 0.10659850 0.23721761
v -0.88665521 0.16775531 0.29784951
v -0.89423531 0.20850790 0.28283399
v -0.89652920 0.20286161 0.31605661
v -0.86020797 0.14270790 0.27500170
v -0.82395649 0.11852400 0.29405540
v -0.86835921 0.13655280 0.31753170
v -0.89522332 0.29427311 0.24346200
v -0.90464258 0.24168000 0.25341681
v -0.88246799 0.32262269 0.23867700
v -0.86182243 0.35535711 0.25089821
v -0.89212418 0.26946661 0.28762391
v -0.86343402 0.35559931 0.29445961
v -0.87371898 0.31687951 0.30049121
v -0.81030732 0.10966700 0.27576020
v -0.88959831 0.15824020 0.34650919
v -0.90091163 0.19772071 0.36653051
v -0.89818072 0.22547640 0.35308790
v -0.82796949 0.11185420 0.33096439
v -0.87252933 0.13453290 0.36465970
v -0.84854913 0.11665830 0.35909221
v -0.89173651 0.17808799 0.39831719
v -0.89573431 0.20391820 0.40245411
v -0.88050258 0.14804120 0.38807049
v -0.81929082 0.10669470 0.38175341
v -0.84455079 0.12312600 0.40651301
v -0.86817813 0.14727460 0.41349441
v -0.88101858 0.22306719 0.42648280
v -0.88768840 0.26804471 0.35246360
v -0.87333113 0.30405459 0.36870629
v -0.89170742 0.24302250 0.39430329
v -0.86786330 0.28327250 0.41592431
v -0.80009937 0.11481450 0.42751050
v -0.86505508 0.37367481 0.24228130
v -0.87740701 0.41073969 0.25143331
v -0.85422838 0.48550141 0.25178170
v -0.86457157 0.45977089 0.26774070
v -0.86627722 0.38635159 0.28334019
v -0.86435241 0.42325339 0.29896471
v -0.83660263 0.50078541 0.25014979
v -0.78562027 0.52266967 0.25036699
v -0.74443841 0.53621447 0.23718961
v -0.79001909 0.51000249 0.28669989
v -0.70094651 0.53024471 0.28604969
v -0.74809653 0.51932728 0.29867700
v -0.86660439 0.37386250 0.33006549
v -0.84908849 0.42312229 0.34520349
v -0.86147308 0.37477839 0.36406580
v -0.83126909 0.45400441 0.33668989
v -0.83061868 0.41461030 0.38524759
v -0.84098113 0.37100151 0.40909481
v -0.80529201 0.48202741 0.32618970
v -0.72758001 0.47988519 0.37873340
v -0.79493511 0.43881381 0.39250079
v -0.76310933 0.46815041 0.38150880
v -0.70154119 0.46196339 0.40327051
v -0.74687231 0.44384879 0.41689041
v -0.76307130 0.49481621 0.33983061
v -0.72766483 0.50834018 0.33231080
v -1.21242166 0.62203872 0.00000000
v -1.21242166 0.68721867 0.00000000
v -1.14679670 0.62203872 0.00000000
v -1.14679670 0.68721867 0.00000000
v -1.21242166 0.62203872 0.02711322
v -1.21242166 0.68721867 0.02711322
v -1.08117175 0.62203872 0.00000000
v -1.08117175 0.68721867 0.00000000
v -1.21242166 0.62203872 0.05422644
v -1.21242166 0.68721867 0.05422644
v -1.21242166 0.62203872 0.08133966
v -1.21242166 0.68721867 0.08133966
v -1.21242166 0.75239867 0.00000000
v -1.14679670 0.75239867 0.00000000
v -1.21242166 0.75239867 0.02711322
v -1.21242166 0.81757861 0.00000000
v -1.14679670 0.81757861 0.00000000
v -1.21242166 0.81757861 0.02711322
v -1.08117175 0.75239867 0.00000000
v -1.08117175 0.81757861 0.00000000
v -1.21242166 0.75239867 0.05422644
v -1.21242166 0.75239867 0.08133966
v -1.21242166 0.81757861 0.05422644
v -1.21242166 0.81757861 0.08133966
v -1.01554668 0.62203872 0.00000000
v -1.01554668 0.68721867 0.00000000
v -0.94992167 0.62203872 0.00000000
v -0.94992167 0.68721867 0.00000000
v -1.01554668 0.75239867 0.00000000
v -1.01554668 0.81757861 0.00000000
v -0.94992167 0.75239867 0.00000000
v -0.94992167 0.81757861 0.00000000
v -1.21242166 0.62203872 0.10845289
v -1.21242166 0.68721867 0.10845289
v -1.21242166 0.62203872 0.13556612
v -1.21242166 0.68721867 0.13556612
v -1.21242166 0.62203872 0.16267933
v -1.21242166 0.68721867 0.16267933
v -1.21242166 0.62203872 0.18979256
v -1.21242166 0.68721867 0.18979256
v -1.21242166 0.75239867 0.10845289
v -1.21242166 0.75239867 0.13556612
v -1.21242166 0.81757861 0.10845289
v -1.21242166 0.81757861 0.13556612
v -1.21242166 0.75239867 0.16267933
v -1.21242166 0.75239867 0.18979256
v -1.21242166 0.81757861 0.16267933
v -1.21242166 0.81757861 0.18979256
v -1.21242166 0.88275856 0.00000000
v -1.21242166 0.94793850 0.00000000
v -1.14679670 0.88275856 0.00000000
v -1.14679670 0.94793850 0.00000000
v -1.21242166 0.88275856 0.02711322
v -1.21242166 0.94793850 0.02711322
v -1.08117175 0.88275856 0.00000000
v -1.08117175 0.94793850 0.00000000
v -1.21242166 0.88275856 0.05422644
v -1.21242166 0.94793850 0.05422644
v -1.21242166 0.88275856 0.08133966
v -1.21242166 0.94793850 0.08133966
v -1.21242166 1.01311851 0.00000000
v -1.14679670 1.01311851 0.00000000
v -1.21242166 1.01311851 0.02711322
v -1.21242166 1.07829845 0.00000000
v -1.21242166 1.14347839 0.00000000
v -1.14679670 1.07829845 0.00000000
v -1.14679670 1.14347839 0.00000000
v -1.21242166 1.07829845 0.02711322
v -1.21242166 1.14347839 0.02711322
v -1.14679670 1.14347839 0.02711322
v -1.08117175 1.01311851 0.00000000
v -1.08117175 1.07829845 0.00000000
v -1.08117175 1.14347839 0.00000000
v -1.08117175 1.14347839 0.02711322
v -1.21242166 1.01311851 0.05422644
v -1.21242166 1.01311851 0.08133966
v -1.21242166 1.07829845 0.05422644
v -1.21242166 1.14347839 0.05422644
v -1.14679670 1.14347839 0.05422644
v -1.21242166 1.07829845 0.08133966
v -1.21242166 1.14347839 0.08133966
v -1.14679670 1.14347839 0.08133966
v -1.08117175 1.14347839 0.05422644
v -1.08117175 1.14347839 0.08133966
v -1.01554668 0.88275856 0.00000000
v -1.01554668 0.94793850 0.00000000
v -0.94992167 0.88275856 0.00000000
v -0.94992167 0.94793850 0.00000000
v -1.01554668 1.01311851 0.00000000
v -1.01554668 1.07829845 0.00000000
v -1.01554668 1.14347839 0.00000000
v -1.01554668 1.14347839 0.02711322
v -0.94992167 1.01311851 0.00000000
v -0.94992167 1.07829845 0.00000000
v -0.94992167 1.14347839 0.00000000
v -0.94992167 1.14347839 0.02711322
v -1.01554668 1.14347839 0.05422644
v -1.01554668 1.14347839 0.08133966
v -0.94992167 1.14347839 0.05422644
v -0.94992167 1.14347839 0.08133966
v -1.21242166 0.88275856 0.10845289
v -1.21242166 0.94793850 0.10845289
v -1.21242166 0.88275856 0.13556612
v -1.21242166 0.94793850 0.13556612
v -1.21242166 0.88275856 0.16267933
v -1.21242166 0.94793850 0.16267933
v -1.21242166 0.88275856 0.18979256
v -1.21242166 0.94793850 0.18979256
v -1.21242166 1.01311851 0.10845289
v -1.21242166 1.01311851 0.13556612
v -1.21242166 1.07829845 0.10845289
v -1.21242166 1.14347839 0.10845289
v -1.14679670 1.14347839 0.10845289
v -1.21242166 1.07829845 0.13556612
v -1.21242166 1.14347839 0.13556612
v -1.14679670 1.14347839 0.13556612
v -1.08117175 1.14347839 0.10845289
v -1.08117175 1.14347839 0.13556612
v -1.21242166 1.01311851 0.16267933
v -1.21242166 1.01311851 0.18979256
v -1.21242166 1.07829845 0.16267933
v -1.21242166 1.14347839 0.16267933
v -1.14679670 1.14347839 0.16267933
v -1.21242166 1.07829845 0.18979256
v -1.21242166 1.14347839 0.18979256
v -1.14679670 1.14347839 0.18979256
v -1.08117175 1.14347839 0.16267933
v -1.08117175 1.14347839 0.18979256
v -1.01554668 1.14347839 0.10845289
v -1.01554668 1.14347839 0.13556612
v -0.94992167 1.14347839 0.10845289
v -0.94992167 1.14347839 0.13556612
v -1.01554668 1.14347839 0.16267933
v -1.01554668 1.14347839 0.18979256
v -0.94992167 1.14347839 0.16267933
v -0.94992167 1.14347839 0.18979256
v -0.88429666 0.62203872 0.00000000
v -0.88429666 0.68721867 0.00000000
v -0.81867170 0.62203872 0.00000000
v -0.81867170 0.68721867 0.00000000
v -0.88429666 0.75239867 0.00000000
v -0.88429666 0.81757861 0.00000000
v -0.81867170 0.75239867 0.00000000
v -0.81867170 0.81757861 0.00000000
v -0.75304669 0.62203872 0.00000000
v -0.75304669 0.68721867 0.00000000
v -0.68742168 0.62203872 0.00000000
v -0.68742168 0.68721867 0.00000000
v -0.75304669 0.75239867 0.00000000
v -0.75304669 0.81757861 0.00000000
v -0.68742168 0.75239867 0.00000000
v -0.68742168 0.81757861 0.00000000
v -0.88429666 0.88275856 0.00000000
v -0.88429666 0.94793850 0.00000000
v -0.81867170 0.88275856 0.00000000
v -0.81867170 0.94793850 0.00000000
v -0.88429666 1.01311851 0.00000000
v -0.88429666 1.07829845 0.00000000
v -0.88429666 1.14347839 0.00000000
v -0.88429666 1.14347839 0.02711322
v -0.81867170 1.01311851 0.00000000
v -0.81867170 1.07829845 0.00000000
v -0.81867170 1.14347839 0.00000000
v -0.81867170 1.14347839 0.02711322
v -0.88429666 1.14347839 0.05422644
v -0.88429666 1.14347839 0.08133966
v -0.81867170 1.14347839 0.05422644
v -0.81867170 1.14347839 0.08133966
v -0.75304669 0.88275856 0.00000000
v -0.75304669 0.94793850 0.00000000
v -0.68742168 0.88275856 0.00000000
v -0.68742168 0.94793850 0.00000000
v -0.75304669 1.01311851 0.00000000
v -0.75304669 1.07829845 0.00000000
v -0.75304669 1.14347839 0.00000000
v -0.75304669 1.14347839 0.02711322
v -0.68742168 1.01311851 0.00000000
v -0.68742168 1.07829845 0.00000000
v -0.68742168 1.14347839 0.00000000
v -0.68742168 1.14347839 0.02711322
v -0.75304669 1.14347839 0.05422644
v -0.75304669 1.14347839 0.08133966
v -0.68742168 1.14347839 0.05422644
v -0.68742168 1.14347839 0.08133966
v -0.88429666 1.14347839 0.10845289
v -0.88429666 1.14347839 0.13556612
v -0.81867170 1.14347839 0.10845289
v -0.81867170 1.14347839 0.13556612
v -0.88429666 1.14347839 0.16267933
v -0.88429666 1.14347839 0.18979256
v -0.81867170 1.14347839 0.16267933
v -0.81867170 1.14347839 0.18979256
v -0.75304669 1.14347839 0.10845289
v -0.75304669 1.14347839 0.13556612
v -0.68742168 1.14347839 0.10845289
v -0.68742168 1.14347839 0.13556612
v -0.75304669 1.14347839 0.16267933
v -0.75304669 1.14347839 0.18979256
v -0.68742168 1.14347839 0.16267933
v -0.68742168 1.14347839 0.18979256
v -1.21242166 0.62203872 0.21690577
v -1.21242166 0.68721867 0.21690577
v -1.21242166 0.62203872 0.24401900
v -1.21242166 0.68721867 0.24401900
v -1.21242166 0.62203872 0.27113223
v -1.21242166 0.62203872 0.29824543
v -1.21242166 0.68721867 0.27113223
v -1.21242166 0.68721867 0.29824543
v -1.21242166 0.75239867 0.21690577
v -1.21242166 0.75239867 0.24401900
v -1.21242166 0.81757861 0.21690577
v -1.21242166 0.81757861 0.24401900
v -1.21242166 0.75239867 0.27113223
v -1.21242166 0.75239867 0.29824543
v -1.21242166 0.81757861 0.27113223
v -1.21242166 0.81757861 0.29824543
v -1.21242166 0.62203872 0.32535866
v -1.21242166 0.68721867 0.32535866
v -1.21242166 0.62203872 0.35247189
v -1.21242166 0.68721867 0.35247189
v -1.21242166 0.62203872 0.37958512
v -1.21242166 0.62203872 0.40669832
v -1.21242166 0.68721867 0.37958512
v -1.21242166 0.68721867 0.40669832
v -1.21242166 0.75239867 0.32535866
v -1.21242166 0.75239867 0.35247189
v -1.21242166 0.81757861 0.32535866
v -1.21242166 0.81757861 0.35247189
v -1.21242166 0.75239867 0.37958512
v -1.21242166 0.75239867 0.40669832
v -1.21242166 0.81757861 0.37958512
v -1.21242166 0.81757861 0.40669832
v -1.21242166 0.88275856 0.21690577
v -1.21242166 0.94793850 0.21690577
v -1.21242166 0.88275856 0.24401900
v -1.21242166 0.94793850 0.24401900
v -1.21242166 0.88275856 0.27113223
v -1.21242166 0.88275856 0.29824543
v -1.21242166 0.94793850 0.27113223
v -1.21242166 0.94793850 0.29824543
v -1.21242166 1.01311851 0.21690577
v -1.21242166 1.01311851 0.24401900
v -1.21242166 1.07829845 0.21690577
v -1.21242166 1.14347839 0.21690577
v -1.14679670 1.14347839 0.21690577
v -1.21242166 1.07829845 0.24401900
v -1.21242166 1.14347839 0.24401900
v -1.14679670 1.14347839 0.24401900
v -1.08117175 1.14347839 0.21690577
v -1.08117175 1.14347839 0.24401900
v -1.21242166 1.01311851 0.27113223
v -1.21242166 1.01311851 0.29824543
v -1.21242166 1.07829845 0.27113223
v -1.21242166 1.07829845 0.29824543
v -1.21242166 1.14347839 0.27113223
v -1.21242166 1.14347839 0.29824543
v -1.14679670 1.14347839 0.27113223
v -1.14679670 1.14347839 0.29824543
v -1.08117175 1.14347839 0.27113223
v -1.08117175 1.14347839 0.29824543
v -1.01554668 1.14347839 0.21690577
v -1.01554668 1.14347839 0.24401900
v -0.94992167 1.14347839 0.21690577
v -0.94992167 1.14347839 0.24401900
v -1.01554668 1.14347839 0.27113223
v -1.01554668 1.14347839 0.29824543
v -0.94992167 1.14347839 0.27113223
v -0.94992167 1.14347839 0.29824543
v -1.21242166 0.88275856 0.32535866
v -1.21242166 0.94793850 0.32535866
v -1.21242166 0.88275856 0.35247189
v -1.21242166 0.94793850 0.35247189
v -1.21242166 0.88275856 0.37958512
v -1.21242166 0.88275856 0.40669832
v -1.21242166 0.94793850 0.37958512
v -1.21242166 0.94793850 0.40669832
v -1.21242166 1.01311851 0.32535866
v -1.21242166 1.01311851 0.35247189
v -1.21242166 1.07829845 0.32535866
v -1.21242166 1.14347839 0.32535866
v -1.14679670 1.14347839 0.32535866
v -1.21242166 1.07829845 0.35247189
v -1.21242166 1.14347839 0.35247189
v -1.14679670 1.14347839 0.35247189
v -1.08117175 1.14347839 0.32535866
v -1.08117175 1.14347839 0.35247189
v -1.21242166 1.01311851 0.37958512
v -1.21242166 1.01311851 0.40669832
v -1.21242166 1.07829845 0.37958512
v -1.21242166 1.07829845 0.40669832
v -1.21242166 1.14347839 0.37958512
v -1.21242166 1.14347839 0.40669832
v -1.14679670 1.14347839 0.37958512
v -1.14679670 1.14347839 0.40669832
v -1.08117175 1.14347839 0.37958512
v -1.08117175 1.14347839 0.40669832
v -1.01554668 1.14347839 0.32535866
v -1.01554668 1.14347839 0.35247189
v -0.94992167 1.14347839 0.32535866
v -0.94992167 1.14347839 0.35247189
v -1.01554668 1.14347839 0.37958512
v -1.01554668 1.14347839 0.40669832
v -0.94992167 1.14347839 0.37958512
v -0.94992167 1.14347839 0.40669832
v -0.88429666 1.14347839 0.21690577
v -0.88429666 1.14347839 0.24401900
v -0.81867170 1.14347839 0.21690577
v -0.81867170 1.14347839 0.24401900
v -0.88429666 1.14347839 0.27113223
v -0.88429666 1.14347839 0.29824543
v -0.81867170 1.14347839 0.27113223
v -0.81867170 1.14347839 0.29824543
v -0.75304669 1.14347839 0.21690577
v -0.75304669 1.14347839 0.24401900
v -0.68742168 1.14347839 0.21690577
v -0.68742168 1.14347839 0.24401900
v -0.75304669 1.14347839 0.27113223
v -0.75304669 1.14347839 0.29824543
v -0.68742168 1.14347839 0.27113223
v -0.68742168 1.14347839 0.29824543
v -0.88429666 1.14347839 0.32535866
v -0.88429666 1.14347839 0.35247189
v -0.81867170 1.14347839 0.32535866
v -0.81867170 1.14347839 0.35247189
v -0.88429666 1.14347839 0.37958512
v -0.88429666 1.14347839 0.40669832
v -0.81867170 1.14347839 0.37958512
v -0.81867170 1.14347839 0.40669832
v -0.75304669 1.14347839 0.32535866
v -0.75304669 1.14347839 0.35247189
v -0.68742168 1.14347839 0.32535866
v -0.68742168 1.14347839 0.35247189
v -0.75304669 1.14347839 0.37958512
v -0.75304669 1.14347839 0.40669832
v -0.68742168 1.14347839 0.37958512
v -0.68742168 1.14347839 0.40669832
v -0.50171721 0.35942516 0.00000000
v -0.46635342 0.29376945 0.00000000
v -0.45747384 0.28667390 0.00000000
v -0.44093102 0.27801773 0.00000000
v -0.42870843 0.27656305 0.00000000
v -0.43827030 0.28198019 0.01529310
v -0.47629553 0.31437382 0.00000000
v -0.48798510 0.33812469 0.00000000
v -0.42492166 0.29613894 0.00000000
v -0.45717609 0.29782149 0.01634690
v -0.47045520 0.35419920 0.06580070
v -0.45200941 0.31995419 0.07851240
v -0.43578619 0.30450061 0.10775160
v -0.42813680 0.25444049 0.20103760
v -0.43721700 0.28623059 0.19699940
v -0.47471809 0.35694060 0.18671820
v -0.45000699 0.32348040 0.16328029
v -0.67505091 0.54746622 0.00000000
v -0.66734201 0.54399914 0.00000000
v -0.66805881 0.53990728 0.01582650
v -0.62980735 0.52119702 0.00000000
v -0.63148367 0.52355409 0.00883470
v -0.64935046 0.52922958 0.00000000
v -0.62179667 0.55685878 0.00000000
v -0.61961210 0.52041781 0.00000000
v -0.60316879 0.50213486 0.00000000
v -0.59405196 0.50513846 0.00000000
v -0.59081870 0.51532608 0.00966580
v -0.58530605 0.49654388 0.00000000
v -0.57673323 0.50553727 0.00000000
v -0.55887502 0.52959788 0.00000000
v -0.61018622 0.52694899 0.02874180
v -0.58472431 0.54072881 0.04190260
v -0.55617166 0.55685878 0.00000000
v -0.68379623 0.54092050 0.06676190
v -0.63898271 0.53730202 0.06918230
v -0.57601261 0.54608113 0.07657610
v -0.59592009 0.54208851 0.10730740
v -0.50773704 0.39097595 0.00000000
v -0.49054667 0.36131889 0.00000000
v -0.50640994 0.40371385 0.00000000
v -0.50677031 0.43072918 0.00000000
v -0.49054667 0.42649886 0.00000000
v -0.48690069 0.36166629 0.01887680
v -0.48599860 0.42168209 0.01464910
v -0.42492166 0.36131889 0.00000000
v -0.48093289 0.40002260 0.05117730
v -0.48437163 0.43618470 0.00000000
v -0.45990965 0.43917337 0.00000000
v -0.42492166 0.42649886 0.00000000
v -0.42885163 0.45617291 0.00000000
v -0.43351790 0.44999149 0.01654570
v -0.46426779 0.43039110 0.04108550
v -0.47779250 0.41655469 0.08674470
v -0.46856990 0.44324481 0.08087970
v -0.44054639 0.45329949 0.05463500
v -0.43389890 0.49093959 0.07390960
v -0.54546976 0.55620295 0.00000000
v -0.55101198 0.55752480 0.00582410
v -0.54053700 0.56880057 0.00000000
v -0.53629100 0.58734918 0.01330580
v -0.52195823 0.59801614 0.00000000
v -0.51278341 0.60913914 0.00000000
v -0.50092351 0.62044758 0.01690730
v -0.55607998 0.57066190 0.04023730
v -0.54595160 0.56107211 0.07906700
v -0.50115943 0.58849251 0.06904650
v -0.43795019 0.55301440 0.06964160
v -0.44562230 0.51451772 0.08703610
v -0.45102251 0.57455039 0.07542480
v -0.45738059 0.61111391 0.05872060
v -0.48571661 0.56062192 0.09082070
v -0.65526772 0.54522198 0.13801619
v -0.55766457 0.54012161 0.12551410
v -0.66252452 0.54672939 0.20299511
v -0.60050708 0.54390103 0.17434759
v -0.49408859 0.43943721 0.13804670
v -0.46823850 0.36545691 0.12804569
v -0.48813710 0.40460309 0.15750021
v -0.47708991 0.47745919 0.10899190
v -0.50383019 0.40653729 0.19828320
v -0.50627702 0.45516559 0.18305050
v -0.50431627 0.48714039 0.16868560
v -0.52825439 0.53637719 0.12193020
v -0.50677139 0.51579893 0.12497520
v -0.53527921 0.52859598 0.15623289
v -0.51549989 0.51226228 0.15674730
v -0.49031830 0.51253098 0.11423760
v -0.55360681 0.53476143 0.18679941
v -0.40644473 0.27283934 0.00000000
v -0.40720901 0.27556199 0.01039400
v -0.36176217 0.26471871 0.00000000
v -0.37886479 0.27586070 0.04867220
v -0.35929665 0.29613894 0.00000000
v -0.35650474 0.26329207 0.00000000
v -0.33162954 0.25314426 0.00000000
v -0.35821709 0.26492691 0.00342940
v -0.30715930 0.24374072 0.00000000
v -0.29873106 0.23930673 0.00000000
v -0.29527879 0.24199469 0.01061820
v -0.32638881 0.25552821 0.01656260
v -0.29367167 0.29613894 0.00000000
v -0.41503149 0.28555170 0.08961830
v -0.35019109 0.27096191 0.09522620
v -0.30770490 0.25758150 0.09680450
v -0.28692639 0.23879512 0.00000000
v -0.24587031 0.24103722 0.00000000
v -0.24478802 0.24116039 0.00000000
v -0.24566761 0.24147721 0.00124580
v -0.24264403 0.24160790 0.00000000
v -0.24807820 0.25019121 0.04402330
v -0.22804666 0.29613894 0.00000000
v -0.16242164 0.29613894 0.00000000
v -0.28081349 0.24957910 0.07503680
v -0.22725220 0.26076129 0.10631240
v -0.36290339 0.26773360 0.14811429
v -0.29748109 0.25032711 0.16042970
v -0.41614309 0.27169681 0.16282240
v -0.38748321 0.25654370 0.18955290
v -0.30889231 0.24591070 0.18755490
v -0.34036419 0.24463721 0.20916280
v -0.26472661 0.22714280 0.20938680
v -0.22679441 0.25528729 0.16061340
v -0.25429091 0.24595740 0.16814640
v -0.35929665 0.36131889 0.00000000
v -0.39886981 0.46917081 0.00000000
v -0.35929665 0.42649886 0.00000000
v -0.37356722 0.48436484 0.00000000
v -0.38609979 0.47836140 0.01548460
v -0.40279871 0.48544669 0.04389520
v -0.29367167 0.36131889 0.00000000
v -0.29367167 0.42649886 0.00000000
v -0.35929665 0.49167880 0.00000000
v -0.41342199 0.55614972 0.05028660
v -0.36520660 0.53917921 0.04224770
v -0.36407036 0.60419732 0.00000000
v -0.36625659 0.60180229 0.00238650
v -0.36303210 0.60286558 0.00000000
v -0.36066586 0.62168884 0.00000000
v -0.40218139 0.58036792 0.03419850
v -0.34291390 0.50341046 0.00000000
v -0.34113699 0.50491768 0.00000000
v -0.33890724 0.50724381 0.00000000
v -0.33360621 0.52907878 0.01595580
v -0.29367167 0.49167880 0.00000000
v -0.30526519 0.53485012 0.00000000
v -0.35844240 0.58117688 0.01556130
v -0.34335905 0.59153318 0.00000000
v -0.32570645 0.58763206 0.00000000
v -0.29963905 0.58700138 0.00000000
v -0.31709400 0.57753521 0.02123250
v -0.30313131 0.56411552 0.01849270
v -0.35530040 0.56336021 0.04047000
v -0.40414059 0.54209238 0.06240190
v -0.42269981 0.60099518 0.05579440
v -0.22804666 0.36131889 0.00000000
v -0.22804666 0.42649886 0.00000000
v -0.16242164 0.36131889 0.00000000
v -0.16242164 0.42649886 0.00000000
v -0.29183927 0.54864967 0.00000000
v -0.22804666 0.49167880 0.00000000
v -0.27052686 0.56575751 0.00000000
v -0.26619145 0.57868350 0.00000000
v -0.26461470 0.57579035 0.00000000
v -0.22804666 0.55685878 0.00000000
v -0.16242164 0.49167880 0.00000000
v -0.16242164 0.55685878 0.00000000
v -0.44326940 0.20285051 0.26745149
v -0.46252689 0.21658631 0.27874431
v -0.47390100 0.17368490 0.30531311
v -0.48014370 0.20196331 0.31093809
v -0.49285260 0.33951339 0.26667771
v -0.45426369 0.25387761 0.26088199
v -0.46177390 0.32166281 0.22113431
v -0.46071920 0.29996479 0.24674881
v -0.51447213 0.31392980 0.31881809
v -0.47861579 0.28758800 0.29253110
v -0.47889671 0.24329570 0.30721769
v -0.66586268 0.10126420 0.37707680
v -0.57227618 0.13013330 0.35029840
v -0.61661571 0.10272330 0.36330220
v -0.61594391 0.12563330 0.36742991
v -0.63418669 0.13097499 0.40911561
v -0.61487943 0.15436549 0.41156721
v -0.59064507 0.16695219 0.38335481
v -0.57401073 0.19562469 0.39199969
v -0.59096283 0.30970979 0.37621909
v -0.60079211 0.35045329 0.35480621
v -0.56267810 0.31866661 0.35691091
v -0.61259568 0.29605451 0.40284371
v -0.57944119 0.26599941 0.39415580
v -0.59465897 0.23190960 0.41630799
v -0.62149793 0.33729109 0.38617399
v -0.52399111 0.14279120 0.33685389
v -0.55135077 0.15345210 0.35281390
v -0.50539052 0.17405060 0.32646579
v -0.54002541 0.17397670 0.36014760
v -0.52906102 0.20268440 0.36206150
v -0.52371258 0.22846350 0.36326981
v -0.48141611 0.13219310 0.33950210
v -0.55428869 0.22867450 0.38893729
v -0.50214517 0.25051191 0.33437771
v -0.53670871 0.28822309 0.35381511
v -0.55023998 0.25607309 0.38115630
v -0.56360137 0.37807569 0.31842250
v -0.56322318 0.39876339 0.31361949
v -0.63553798 0.54047382 0.25152490
v -0.59088701 0.54089153 0.21768330
v -0.57594663 0.53148907 0.25496310
v -0.65563548 0.52974439 0.29228419
v -0.60034502 0.52513731 0.29811981
v -0.58056033 0.51292253 0.31794080
v -0.49780500 0.36946079 0.22875381
v -0.51568282 0.42793101 0.23454671
v -0.52041829 0.48405021 0.24233121
v -0.52911568 0.41497931 0.28016850
v -0.51313269 0.36542940 0.27326581
v -0.54169607 0.36314741 0.30907530
v -0.53084862 0.45317400 0.27493340
v -0.54205668 0.48588800 0.28874511
v -0.54913563 0.43890110 0.30684900
v -0.52643520 0.51459980 0.21756870
v -0.54148370 0.52271700 0.24525720
v -0.54744679 0.51198047 0.28643829
v -0.63507468 0.48212859 0.36892080
v -0.58014983 0.41664550 0.34270951
v -0.60676187 0.36768410 0.35458991
v -0.60365659 0.39734110 0.35736689
v -0.56654680 0.45074961 0.32684621
v -0.57163572 0.48965901 0.33342731
v -0.59257591 0.43941459 0.35902950
v -0.61827391 0.45630789 0.37204561
v -0.63249058 0.39023539 0.39935389
v -0.65426153 0.40367761 0.42409471
v -0.66416389 0.43395719 0.41610450
v -0.67228317 0.51564670 0.32739651
v -0.67887288 0.49969471 0.35497960
v -0.61812520 0.51121628 0.33334541
v -0.39300469 0.22155949 0.25416121
v -0.35240000 0.21511750 0.26750571
v -0.30316129 0.20942409 0.25107521
v -0.39000681 0.16384910 0.31380859
v -0.36784989 0.15007450 0.32075319
v -0.41487449 0.17993949 0.29626060
v -0.29747039 0.15686530 0.31766209
v -0.35102010 0.18389860 0.29654071
v -0.42020071 0.23940960 0.21770111
v -0.36356029 0.23665030 0.23505080
v -0.24991719 0.21348169 0.25212491
v -0.27645171 0.18623941 0.28894350
v -0.19859490 0.19381510 0.31906259
v -0.19441940 0.24457189 0.22803970
v -0.40111551 0.12084950 0.34680620
v -0.34274831 0.12278320 0.33889779
v -0.24100889 0.15642670 0.32961041
v -0.24073580 0.11953200 0.36311319
v -0.20187350 0.13871139 0.36613670
v -0.62179667 0.62203872 0.00000000
v -0.62179667 0.68721867 0.00000000
v -0.55617166 0.62203872 0.00000000
v -0.55617166 0.68721867 0.00000000
v -0.62179667 0.75239867 0.00000000
v -0.62179667 0.81757861 0.00000000
v -0.55617166 0.75239867 0.00000000
v -0.55617166 0.81757861 0.00000000
v -0.49054667 0.68721867 0.00000000
v -0.48812678 0.63218039 0.00000000
v -0.45091218 0.65888941 0.00000000
v -0.44544199 0.66174078 0.00712920
v -0.43987083 0.66742188 0.00000000
v -0.43202326 0.67160892 0.00000000
v -0.42492166 0.68721867 0.00000000
v -0.49054667 0.75239867 0.00000000
v -0.49054667 0.81757861 0.00000000
v -0.42492166 0.75239867 0.00000000
v -0.42492166 0.81757861 0.00000000
v -0.62179667 0.88275856 0.00000000
v -0.62179667 0.94793850 0.00000000
v -0.55617166 0.88275856 0.00000000
v -0.55617166 0.94793850 0.00000000
v -0.62179667 1.01311851 0.00000000
v -0.62179667 1.07829845 0.00000000
v -0.62179667 1.14347839 0.00000000
v -0.62179667 1.14347839 0.02711322
v -0.55617166 1.01311851 0.00000000
v -0.55617166 1.07829845 0.00000000
v -0.55617166 1.14347839 0.00000000
v -0.55617166 1.14347839 0.02711322
v -0.62179667 1.14347839 0.05422644
v -0.62179667 1.14347839 0.08133966
v -0.55617166 1.14347839 0.05422644
v -0.55617166 1.14347839 0.08133966
v -0.49054667 0.88275856 0.00000000
v -0.49054667 0.94793850 0.00000000
v -0.42492166 0.88275856 0.00000000
v -0.42492166 0.94793850 0.00000000
v -0.49054667 1.01311851 0.00000000
v -0.49054667 1.07829845 0.00000000
v -0.49054667 1.14347839 0.00000000
v -0.49054667 1.14347839 0.02711322
v -0.42492166 1.01311851 0.00000000
v -0.42492166 1.07829845 0.00000000
v -0.42492166 1.14347839 0.00000000
v -0.42492166 1.14347839 0.02711322
v -0.49054667 1.14347839 0.05422644
v -0.49054667 1.14347839 0.08133966
v -0.42492166 1.14347839 0.05422644
v -0.42492166 1.14347839 0.08133966
v -0.62179667 1.14347839 0.10845289
v -0.62179667 1.14347839 0.13556612
v -0.55617166 1.14347839 0.10845289
v -0.55617166 1.14347839 0.13556612
v -0.62179667 1.14347839 0.16267933
v -0.62179667 1.14347839 0.18979256
v -0.55617166 1.14347839 0.16267933
v -0.55617166 1.14347839 0.18979256
v -0.49054667 1.14347839 0.10845289
v -0.49054667 1.14347839 0.13556612
v -0.42492166 1.14347839 0.10845289
v -0.42492166 1.14347839 0.13556612
v -0.49054667 1.14347839 0.16267933
v -0.49054667 1.14347839 0.18979256
v -0.42492166 1.14347839 0.16267933
v -0.42492166 1.14347839 0.18979256
v -0.40632951 0.68260539 0.00000000
v -0.42266220 0.66203302 0.02264610
v -0.35929665 0.62203872 0.00000000
v -0.36598480 0.68014610 0.01376260
v -0.39445570 0.62465048 0.03620360
v -0.40123671 0.65485722 0.03167640
v -0.37719721 0.69494432 0.00000000
v -0.35930768 0.69222313 0.00000000
v -0.36250275 0.69691259 0.00000000
v -0.35709670 0.64299929 0.00000000
v -0.35487807 0.64877009 0.00000000
v -0.35766080 0.66943443 0.01281550
v -0.29367167 0.62203872 0.00000000
v -0.29367167 0.68721867 0.00000000
v -0.34320572 0.68817043 0.00000000
v -0.35929665 0.75239867 0.00000000
v -0.35929665 0.81757861 0.00000000
v -0.29367167 0.75239867 0.00000000
v -0.29367167 0.81757861 0.00000000
v -0.22804666 0.62203872 0.00000000
v -0.22804666 0.68721867 0.00000000
v -0.16242164 0.62203872 0.00000000
v -0.16242164 0.68721867 0.00000000
v -0.22804666 0.75239867 0.00000000
v -0.22804666 0.81757861 0.00000000
v -0.16242164 0.75239867 0.00000000
v -0.16242164 0.81757861 0.00000000
v -0.35929665 0.88275856 0.00000000
v -0.35929665 0.94793850 0.00000000
v -0.29367167 0.88275856 0.00000000
v -0.29367167 0.94793850 0.00000000
v -0.35929665 1.01311851 0.00000000
v -0.35929665 1.07829845 0.00000000
v -0.35929665 1.14347839 0.00000000
v -0.35929665 1.14347839 0.02711322
v -0.29367167 1.01311851 0.00000000
v -0.29367167 1.07829845 0.00000000
v -0.29367167 1.14347839 0.00000000
v -0.29367167 1.14347839 0.02711322
v -0.35929665 1.14347839 0.05422644
v -0.35929665 1.14347839 0.08133966
v -0.29367167 1.14347839 0.05422644
v -0.29367167 1.14347839 0.08133966
v -0.22804666 0.88275856 0.00000000
v -0.22804666 0.94793850 0.00000000
v -0.16242164 0.88275856 0.00000000
v -0.16242164 0.94793850 0.00000000
v -0.22804666 1.01311851 0.00000000
v -0.22804666 1.07829845 0.00000000
v -0.22804666 1.14347839 0.00000000
v -0.22804666 1.14347839 0.02711322
v -0.16242164 1.01311851 0.00000000
v -0.16242164 1.07829845 0.00000000
v -0.16242164 1.14347839 0.00000000
v -0.16242164 1.14347839 0.02711322
v -0.22804666 1.14347839 0.05422644
v -0.22804666 1.14347839 0.08133966
v -0.16242164 1.14347839 0.05422644
v -0.16242164 1.14347839 0.08133966
v -0.35929665 1.14347839 0.10845289
v -0.35929665 1.14347839 0.13556612
v -0.29367167 1.14347839 0.10845289
v -0.29367167 1.14347839 0.13556612
v -0.35929665 1.14347839 0.16267933
v -0.35929665 1.14347839 0.18979256
v -0.29367167 1.14347839 0.16267933
v -0.29367167 1.14347839 0.18979256
v -0.22804666 1.14347839 0.10845289
v -0.22804666 1.14347839 0.13556612
v -0.16242164 1.14347839 0.10845289
v -0.16242164 1.14347839 0.13556612
v -0.22804666 1.14347839 0.16267933
v -0.22804666 1.14347839 0.18979256
v -0.16242164 1.14347839 0.16267933
v -0.16242164 1.14347839 0.18979256
v -0.62179667 1.14347839 0.21690577
v -0.62179667 1.14347839 0.24401900
v -0.55617166 1.14347839 0.21690577
v -0.55617166 1.14347839 0.24401900
v -0.62179667 1.14347839 0.27113223
v -0.62179667 1.14347839 0.29824543
v -0.55617166 1.14347839 0.27113223
v -0.55617166 1.14347839 0.29824543
v -0.49054667 1.14347839 0.21690577
v -0.49054667 1.14347839 0.24401900
v -0.42492166 1.14347839 0.21690577
v -0.42492166 1.14347839 0.24401900
v -0.49054667 1.14347839 0.27113223
v -0.49054667 1.14347839 0.29824543
v -0.42492166 1.14347839 0.27113223
v -0.42492166 1.14347839 0.29824543
v -0.62179667 1.14347839 0.32535866
v -0.62179667 1.14347839 0.35247189
v -0.55617166 1.14347839 0.32535866
v -0.55617166 1.14347839 0.35247189
v -0.62179667 1.14347839 0.37958512
v -0.62179667 1.14347839 0.40669832
v -0.55617166 1.14347839 0.37958512
v -0.55617166 1.14347839 0.40669832
v -0.49054667 1.14347839 0.32535866
v -0.49054667 1.14347839 0.35247189
v -0.42492166 1.14347839 0.32535866
v -0.42492166 1.14347839 0.35247189
v -0.49054667 1.14347839 0.37958512
v -0.49054667 1.14347839 0.40669832
v -0.42492166 1.14347839 0.37958512
v -0.42492166 1.14347839 0.40669832
v -0.35929665 1.14347839 0.21690577
v -0.35929665 1.14347839 0.24401900
v -0.29367167 1.14347839 0.21690577
v -0.29367167 1.14347839 0.24401900
v -0.35929665 1.14347839 0.27113223
v -0.35929665 1.14347839 0.29824543
v -0.29367167 1.14347839 0.27113223
v -0.29367167 1.14347839 0.29824543
v -0.22804666 1.14347839 0.21690577
v -0.22804666 1.14347839 0.24401900
v -0.16242164 1.14347839 0.21690577
v -0.16242164 1.14347839 0.24401900
v -0.22804666 1.14347839 0.27113223
v -0.22804666 1.14347839 0.29824543
v -0.16242164 1.14347839 0.27113223
v -0.16242164 1.14347839 0.29824543
v -0.35929665 1.14347839 0.32535866
v -0.35929665 1.14347839 0.35247189
v -0.29367167 1.14347839 0.32535866
v -0.29367167 1.14347839 0.35247189
v -0.35929665 1.14347839 0.37958512
v -0.35929665 1.14347839 0.40669832
v -0.29367167 1.14347839 0.37958512
v -0.29367167 1.14347839 0.40669832
v -0.22804666 1.14347839 0.32535866
v -0.22804666 1.14347839 0.35247189
v -0.16242164 1.14347839 0.32535866
v -0.16242164 1.14347839 0.35247189
v -0.22804666 1.14347839 0.37958512
v -0.22804666 1.14347839 0.40669832
v -0.16242164 1.14347839 0.37958512
v -0.16242164 1.14347839 0.40669832
v -1.21242166 0.10059905 0.43381155
v -1.21242166 0.10059905 0.46092477
v -1.21242166 0.16577901 0.43381155
v -1.21242166 0.16577901 0.46092477
v -1.21242166 0.10059905 0.48803800
v -1.21242166 0.10059905 0.51515120
v -1.21242166 0.16577901 0.48803800
v -1.21242166 0.16577901 0.51515120
v -1.21242166 0.23095897 0.43381155
v -1.21242166 0.23095897 0.46092477
v -1.21242166 0.29613894 0.43381155
v -1.21242166 0.29613894 0.46092477
v -1.21242166 0.23095897 0.48803800
v -1.21242166 0.23095897 0.51515120
v -1.21242166 0.29613894 0.48803800
v -1.21242166 0.29613894 0.51515120
v -1.21242166 0.10059905 0.54226446
v -1.21242166 0.10059905 0.56937766
v -1.21242166 0.10059905 0.59649086
v -1.21242166 0.16577901 0.54226446
v -1.21242166 0.16577901 0.56937766
v -1.21242166 0.16577901 0.59649086
v -1.21242166 0.10059905 0.62360412
v -1.21242166 0.16577901 0.62360412
v -1.21242166 0.23095897 0.54226446
v -1.21242166 0.23095897 0.56937766
v -1.21242166 0.23095897 0.59649086
v -1.21242166 0.29613894 0.54226446
v -1.21242166 0.29613894 0.56937766
v -1.21242166 0.29613894 0.59649086
v -1.21242166 0.23095897 0.62360412
v -1.21242166 0.29613894 0.62360412
v -1.21242166 0.36131889 0.43381155
v -1.21242166 0.36131889 0.46092477
v -1.21242166 0.42649886 0.43381155
v -1.21242166 0.42649886 0.46092477
v -1.21242166 0.36131889 0.48803800
v -1.21242166 0.36131889 0.51515120
v -1.21242166 0.42649886 0.48803800
v -1.21242166 0.42649886 0.51515120
v -1.21242166 0.49167880 0.43381155
v -1.21242166 0.49167880 0.46092477
v -1.21242166 0.55685878 0.43381155
v -1.21242166 0.55685878 0.46092477
v -1.21242166 0.49167880 0.48803800
v -1.21242166 0.49167880 0.51515120
v -1.21242166 0.55685878 0.48803800
v -1.21242166 0.55685878 0.51515120
v -1.21242166 0.36131889 0.54226446
v -1.21242166 0.36131889 0.56937766
v -1.21242166 0.36131889 0.59649086
v -1.21242166 0.42649886 0.54226446
v -1.21242166 0.42649886 0.56937766
v -1.21242166 0.42649886 0.59649086
v -1.21242166 0.36131889 0.62360412
v -1.21242166 0.42649886 0.62360412
v -1.21242166 0.49167880 0.54226446
v -1.21242166 0.49167880 0.56937766
v -1.21242166 0.49167880 0.59649086
v -1.21242166 0.55685878 0.54226446
v -1.21242166 0.55685878 0.56937766
v -1.21242166 0.55685878 0.59649086
v -1.21242166 0.49167880 0.62360412
v -1.21242166 0.55685878 0.62360412
v -0.85618699 0.15949710 0.43883479
v -0.85812229 0.19047201 0.45011911
v -0.82343757 0.16745090 0.46538731
v -0.83516610 0.21208230 0.46802670
v -0.85317618 0.26276469 0.44607049
v -0.83288908 0.26691040 0.46949151
v -0.83725393 0.31439659 0.45227429
v -0.81536889 0.13663140 0.44966850
v -0.77793407 0.13372640 0.45092490
v -0.79960728 0.16185990 0.46905240
v -0.77388608 0.16393170 0.47141051
v -0.80798697 0.20088249 0.47542289
v -0.79663873 0.21383110 0.47723591
v -0.72665989 0.11403580 0.45154110
v -0.69640797 0.10955330 0.43853080
v -0.75137132 0.13352580 0.46554750
v -0.68931931 0.13057460 0.47800440
v -0.76227331 0.18297359 0.48939601
v -0.75485182 0.22981890 0.50403380
v -0.74019933 0.16428269 0.49777269
v -0.72407770 0.14348070 0.49088109
v -0.69851398 0.15128130 0.49952200
v -0.70573783 0.17904250 0.51271129
v -0.71423489 0.20465420 0.51620328
v -0.81017017 0.25003949 0.48763290
v -0.81093317 0.32451451 0.47480461
v -0.81352723 0.28812090 0.48805061
v -0.78746992 0.29365060 0.50384688
v -0.78210479 0.24980870 0.50421149
v -0.76376820 0.27802190 0.51382059
v -0.77126253 0.33586681 0.49294811
v -0.73200500 0.24633060 0.51322120
v -0.70249671 0.29300961 0.49950179
v -0.74494439 0.31117359 0.50717992
v -0.71995562 0.34153041 0.49003431
v -0.81049812 0.38217130 0.43401080
v -0.78253460 0.37982270 0.45784339
v -0.75828362 0.38218561 0.46722361
v -0.70231372 0.39871010 0.45414609
v -0.73456669 0.37182081 0.47580069
v -0.68770051 0.37151679 0.46262759
v -0.71572161 0.42848131 0.43498841
v -1.21242166 0.10059905 0.65071732
v -1.21242166 0.10059905 0.67783052
v -1.21242166 0.16577901 0.65071732
v -1.21242166 0.16577901 0.67783052
v -1.21242166 0.10059905 0.70494378
v -1.21242166 0.10059905 0.73205698
v -1.21242166 0.16577901 0.70494378
v -1.21242166 0.16577901 0.73205698
v -1.21242166 0.23095897 0.65071732
v -1.21242166 0.23095897 0.67783052
v -1.21242166 0.29613894 0.65071732
v -1.21242166 0.29613894 0.67783052
v -1.21242166 0.23095897 0.70494378
v -1.21242166 0.23095897 0.73205698
v -1.21242166 0.29613894 0.70494378
v -1.21242166 0.29613894 0.73205698
v -1.21242166 0.10059905 0.75917023
v -1.21242166 0.10059905 0.78628343
v -1.21242166 0.10059905 0.81339663
v -1.21242166 0.16577901 0.75917023
v -1.21242166 0.16577901 0.78628343
v -1.21242166 0.16577901 0.81339663
v -1.21242166 0.10059905 0.84050989
v -1.21242166 0.10059905 0.86762309
v -1.14679670 0.10059905 0.86762309
v -1.21242166 0.16577901 0.84050989
v -1.21242166 0.16577901 0.86762309
v -1.14679670 0.16577901 0.86762309
v -1.08117175 0.10059905 0.86762309
v -1.08117175 0.16577901 0.86762309
v -1.21242166 0.23095897 0.75917023
v -1.21242166 0.23095897 0.78628343
v -1.21242166 0.23095897 0.81339663
v -1.21242166 0.29613894 0.75917023
v -1.21242166 0.29613894 0.78628343
v -1.21242166 0.29613894 0.81339663
v -1.21242166 0.23095897 0.84050989
v -1.21242166 0.23095897 0.86762309
v -1.14679670 0.23095897 0.86762309
v -1.21242166 0.29613894 0.84050989
v -1.21242166 0.29613894 0.86762309
v -1.14679670 0.29613894 0.86762309
v -1.08117175 0.23095897 0.86762309
v -1.08117175 0.29613894 0.86762309
v -1.01554668 0.10059905 0.86762309
v -1.01554668 0.16577901 0.86762309
v -0.94992167 0.10059905 0.86762309
v -0.94992167 0.16577901 0.86762309
v -1.01554668 0.23095897 0.86762309
v -1.01554668 0.29613894 0.86762309
v -0.94992167 0.23095897 0.86762309
v -0.94992167 0.29613894 0.86762309
v -1.21242166 0.36131889 0.65071732
v -1.21242166 0.36131889 0.67783052
v -1.21242166 0.42649886 0.65071732
v -1.21242166 0.42649886 0.67783052
v -1.21242166 0.36131889 0.70494378
v -1.21242166 0.36131889 0.73205698
v -1.21242166 0.42649886 0.70494378
v -1.21242166 0.42649886 0.73205698
v -1.21242166 0.49167880 0.65071732
v -1.21242166 0.49167880 0.67783052
v -1.21242166 0.55685878 0.65071732
v -1.21242166 0.55685878 0.67783052
v -1.21242166 0.49167880 0.70494378
v -1.21242166 0.49167880 0.73205698
v -1.21242166 0.55685878 0.70494378
v -1.21242166 0.55685878 0.73205698
v -1.21242166 0.36131889 0.75917023
v -1.21242166 0.36131889 0.78628343
v -1.21242166 0.36131889 0.81339663
v -1.21242166 0.42649886 0.75917023
v -1.21242166 0.42649886 0.78628343
v -1.21242166 0.42649886 0.81339663
v -1.21242166 0.36131889 0.84050989
v -1.21242166 0.36131889 0.86762309
v -1.14679670 0.36131889 0.86762309
v -1.21242166 0.42649886 0.84050989
v -1.21242166 0.42649886 0.86762309
v -1.14679670 0.42649886 0.86762309
v -1.08117175 0.36131889 0.86762309
v -1.08117175 0.42649886 0.86762309
v -1.21242166 0.49167880 0.75917023
v -1.21242166 0.49167880 0.78628343
v -1.21242166 0.49167880 0.81339663
v -1.21242166 0.55685878 0.75917023
v -1.21242166 0.55685878 0.78628343
v -1.21242166 0.55685878 0.81339663
v -1.21242166 0.49167880 0.84050989
v -1.21242166 0.49167880 0.86762309
v -1.14679670 0.49167880 0.86762309
v -1.21242166 0.55685878 0.84050989
v -1.21242166 0.55685878 0.86762309
v -1.14679670 0.55685878 0.86762309
v -1.08117175 0.49167880 0.86762309
v -1.08117175 0.55685878 0.86762309
v -1.01554668 0.36131889 0.86762309
v -1.01554668 0.42649886 0.86762309
v -0.94992167 0.36131889 0.86762309
v -0.94992167 0.42649886 0.86762309
v -1.01554668 0.49167880 0.86762309
v -1.01554668 0.55685878 0.86762309
v -0.94992167 0.49167880 0.86762309
v -0.94992167 0.55685878 0.86762309
v -0.88429666 0.10059905 0.86762309
v -0.88429666 0.16577901 0.86762309
v -0.81867170 0.10059905 0.86762309
v -0.81867170 0.16577901 0.86762309
v -0.88429666 0.23095897 0.86762309
v -0.88429666 0.29613894 0.86762309
v -0.81867170 0.23095897 0.86762309
v -0.81867170 0.29613894 0.86762309
v -0.75304669 0.10059905 0.86762309
v -0.75304669 0.16577901 0.86762309
v -0.68742168 0.10059905 0.86762309
v -0.68742168 0.16577901 0.86762309
v -0.75304669 0.23095897 0.86762309
v -0.75304669 0.29613894 0.86762309
v -0.68742168 0.23095897 0.86762309
v -0.68742168 0.29613894 0.86762309
v -0.88429666 0.36131889 0.86762309
v -0.88429666 0.42649886 0.86762309
v -0.81867170 0.36131889 0.86762309
v -0.81867170 0.42649886 0.86762309
v -0.88429666 0.49167880 0.86762309
v -0.88429666 0.55685878 0.86762309
v -0.81867170 0.49167880 0.86762309
v -0.81867170 0.55685878 0.86762309
v -0.75304669 0.36131889 0.86762309
v -0.75304669 0.42649886 0.86762309
v -0.68742168 0.36131889 0.86762309
v -0.68742168 0.42649886 0.86762309
v -0.75304669 0.49167880 0.86762309
v -0.75304669 0.55685878 0.86762309
v -0.68742168 0.49167880 0.86762309
v -0.68742168 0.55685878 0.86762309
v -1.21242166 0.62203872 0.43381155
v -1.21242166 0.68721867 0.43381155
v -1.21242166 0.62203872 0.46092477
v -1.21242166 0.68721867 0.46092477
v -1.21242166 0.62203872 0.48803800
v -1.21242166 0.62203872 0.51515120
v -1.21242166 0.68721867 0.48803800
v -1.21242166 0.68721867 0.51515120
v -1.21242166 0.75239867 0.43381155
v -1.21242166 0.75239867 0.46092477
v -1.21242166 0.81757861 0.43381155
v -1.21242166 0.81757861 0.46092477
v -1.21242166 0.75239867 0.48803800
v -1.21242166 0.75239867 0.51515120
v -1.21242166 0.81757861 0.48803800
v -1.21242166 0.81757861 0.51515120
v -1.21242166 0.62203872 0.54226446
v -1.21242166 0.68721867 0.54226446
v -1.21242166 0.62203872 0.56937766
v -1.21242166 0.62203872 0.59649086
v -1.21242166 0.68721867 0.56937766
v -1.21242166 0.68721867 0.59649086
v -1.21242166 0.62203872 0.62360412
v -1.21242166 0.68721867 0.62360412
v -1.21242166 0.75239867 0.54226446
v -1.21242166 0.75239867 0.56937766
v -1.21242166 0.75239867 0.59649086
v -1.21242166 0.81757861 0.54226446
v -1.21242166 0.81757861 0.56937766
v -1.21242166 0.81757861 0.59649086
v -1.21242166 0.75239867 0.62360412
v -1.21242166 0.81757861 0.62360412
v -1.21242166 0.88275856 0.43381155
v -1.21242166 0.94793850 0.43381155
v -1.21242166 0.88275856 0.46092477
v -1.21242166 0.94793850 0.46092477
v -1.21242166 0.88275856 0.48803800
v -1.21242166 0.88275856 0.51515120
v -1.21242166 0.94793850 0.48803800
v -1.21242166 0.94793850 0.51515120
v -1.21242166 1.01311851 0.43381155
v -1.21242166 1.01311851 0.46092477
v -1.21242166 1.07829845 0.43381155
v -1.21242166 1.14347839 0.43381155
v -1.14679670 1.14347839 0.43381155
v -1.21242166 1.07829845 0.46092477
v -1.21242166 1.14347839 0.46092477
v -1.14679670 1.14347839 0.46092477
v -1.08117175 1.14347839 0.43381155
v -1.08117175 1.14347839 0.46092477
v -1.21242166 1.01311851 0.48803800
v -1.21242166 1.01311851 0.51515120
v -1.21242166 1.07829845 0.48803800
v -1.21242166 1.07829845 0.51515120
v -1.21242166 1.14347839 0.48803800
v -1.21242166 1.14347839 0.51515120
v -1.14679670 1.14347839 0.48803800
v -1.14679670 1.14347839 0.51515120
v -1.08117175 1.14347839 0.48803800
v -1.08117175 1.14347839 0.51515120
v -1.01554668 1.14347839 0.43381155
v -1.01554668 1.14347839 0.46092477
v -0.94992167 1.14347839 0.43381155
v -0.94992167 1.14347839 0.46092477
v -1.01554668 1.14347839 0.48803800
v -1.01554668 1.14347839 0.51515120
v -0.94992167 1.14347839 0.48803800
v -0.94992167 1.14347839 0.51515120
v -1.21242166 0.88275856 0.54226446
v -1.21242166 0.94793850 0.54226446
v -1.21242166 0.88275856 0.56937766
v -1.21242166 0.88275856 0.59649086
v -1.21242166 0.94793850 0.56937766
v -1.21242166 0.94793850 0.59649086
v -1.21242166 0.88275856 0.62360412
v -1.21242166 0.94793850 0.62360412
v -1.21242166 1.01311851 0.54226446
v -1.21242166 1.01311851 0.56937766
v -1.21242166 1.01311851 0.59649086
v -1.21242166 1.07829845 0.54226446
v -1.21242166 1.14347839 0.54226446
v -1.14679670 1.14347839 0.54226446
v -1.21242166 1.07829845 0.56937766
v -1.21242166 1.07829845 0.59649086
v -1.21242166 1.14347839 0.56937766
v -1.21242166 1.14347839 0.59649086
v -1.14679670 1.14347839 0.56937766
v -1.14679670 1.14347839 0.59649086
v -1.08117175 1.14347839 0.54226446
v -1.08117175 1.14347839 0.56937766
v -1.08117175 1.14347839 0.59649086
v -1.21242166 1.01311851 0.62360412
v -1.21242166 1.07829845 0.62360412
v -1.21242166 1.14347839 0.62360412
v -1.14679670 1.14347839 0.62360412
v -1.08117175 1.14347839 0.62360412
v -1.01554668 1.14347839 0.54226446
v -1.01554668 1.14347839 0.56937766
v -1.01554668 1.14347839 0.59649086
v -0.94992167 1.14347839 0.54226446
v -0.94992167 1.14347839 0.56937766
v -0.94992167 1.14347839 0.59649086
v -1.01554668 1.14347839 0.62360412
v -0.94992167 1.14347839 0.62360412
v -0.88429666 1.14347839 0.43381155
v -0.88429666 1.14347839 0.46092477
v -0.81867170 1.14347839 0.43381155
v -0.81867170 1.14347839 0.46092477
v -0.88429666 1.14347839 0.48803800
v -0.88429666 1.14347839 0.51515120
v -0.81867170 1.14347839 0.48803800
v -0.81867170 1.14347839 0.51515120
v -0.75304669 1.14347839 0.43381155
v -0.75304669 1.14347839 0.46092477
v -0.68742168 1.14347839 0.43381155
v -0.68742168 1.14347839 0.46092477
v -0.75304669 1.14347839 0.48803800
v -0.75304669 1.14347839 0.51515120
v -0.68742168 1.14347839 0.48803800
v -0.68742168 1.14347839 0.51515120
v -0.88429666 1.14347839 0.54226446
v -0.88429666 1.14347839 0.56937766
v -0.88429666 1.14347839 0.59649086
v -0.81867170 1.14347839 0.54226446
v -0.81867170 1.14347839 0.56937766
v -0.81867170 1.14347839 0.59649086
v -0.88429666 1.14347839 0.62360412
v -0.81867170 1.14347839 0.62360412
v -0.75304669 1.14347839 0.54226446
v -0.75304669 1.14347839 0.56937766
v -0.75304669 1.14347839 0.59649086
v -0.68742168 1.14347839 0.54226446
v -0.68742168 1.14347839 0.56937766
v -0.68742168 1.14347839 0.59649086
v -0.75304669 1.14347839 0.62360412
v -0.68742168 1.14347839 0.62360412
v -1.21242166 0.62203872 0.65071732
v -1.21242166 0.62203872 0.67783052
v -1.21242166 0.68721867 0.65071732
v -1.21242166 0.68721867 0.67783052
v -1.21242166 0.62203872 0.70494378
v -1.21242166 0.62203872 0.73205698
v -1.21242166 0.68721867 0.70494378
v -1.21242166 0.68721867 0.73205698
v -1.21242166 0.75239867 0.65071732
v -1.21242166 0.75239867 0.67783052
v -1.21242166 0.81757861 0.65071732
v -1.21242166 0.81757861 0.67783052
v -1.21242166 0.75239867 0.70494378
v -1.21242166 0.75239867 0.73205698
v -1.21242166 0.81757861 0.70494378
v -1.21242166 0.81757861 0.73205698
v -1.21242166 0.62203872 0.75917023
v -1.21242166 0.68721867 0.75917023
v -1.21242166 0.62203872 0.78628343
v -1.21242166 0.62203872 0.81339663
v -1.21242166 0.68721867 0.78628343
v -1.21242166 0.68721867 0.81339663
v -1.21242166 0.62203872 0.84050989
v -1.21242166 0.62203872 0.86762309
v -1.21242166 0.68721867 0.84050989
v -1.21242166 0.68721867 0.86762309
v -1.14679670 0.62203872 0.86762309
v -1.14679670 0.68721867 0.86762309
v -1.08117175 0.62203872 0.86762309
v -1.08117175 0.68721867 0.86762309
v -1.21242166 0.75239867 0.75917023
v -1.21242166 0.75239867 0.78628343
v -1.21242166 0.75239867 0.81339663
v -1.21242166 0.81757861 0.75917023
v -1.21242166 0.81757861 0.78628343
v -1.21242166 0.81757861 0.81339663
v -1.21242166 0.75239867 0.84050989
v -1.21242166 0.75239867 0.86762309
v -1.14679670 0.75239867 0.86762309
v -1.21242166 0.81757861 0.84050989
v -1.21242166 0.81757861 0.86762309
v -1.14679670 0.81757861 0.86762309
v -1.08117175 0.75239867 0.86762309
v -1.08117175 0.81757861 0.86762309
v -1.01554668 0.62203872 0.86762309
v -1.01554668 0.68721867 0.86762309
v -0.94992167 0.62203872 0.86762309
v -0.94992167 0.68721867 0.86762309
v -1.01554668 0.75239867 0.86762309
v -1.01554668 0.81757861 0.86762309
v -0.94992167 0.75239867 0.86762309
v -0.94992167 0.81757861 0.86762309
v -1.21242166 0.88275856 0.65071732
v -1.21242166 0.88275856 0.67783052
v -1.21242166 0.94793850 0.65071732
v -1.21242166 0.94793850 0.67783052
v -1.21242166 0.88275856 0.70494378
v -1.21242166 0.88275856 0.73205698
v -1.21242166 0.94793850 0.70494378
v -1.21242166 0.94793850 0.73205698
v -1.21242166 1.01311851 0.65071732
v -1.21242166 1.01311851 0.67783052
v -1.21242166 1.07829845 0.65071732
v -1.21242166 1.07829845 0.67783052
v -1.21242166 1.14347839 0.65071732
v -1.21242166 1.14347839 0.67783052
v -1.14679670 1.14347839 0.65071732
v -1.14679670 1.14347839 0.67783052
v -1.08117175 1.14347839 0.65071732
v -1.08117175 1.14347839 0.67783052
v -1.21242166 1.01311851 0.70494378
v -1.21242166 1.01311851 0.73205698
v -1.21242166 1.07829845 0.70494378
v -1.21242166 1.07829845 0.73205698
v -1.21242166 1.14347839 0.70494378
v -1.21242166 1.14347839 0.73205698
v -1.14679670 1.14347839 0.70494378
v -1.14679670 1.14347839 0.73205698
v -1.08117175 1.14347839 0.70494378
v -1.08117175 1.14347839 0.73205698
v -1.01554668 1.14347839 0.65071732
v -1.01554668 1.14347839 0.67783052
v -0.94992167 1.14347839 0.65071732
v -0.94992167 1.14347839 0.67783052
v -1.01554668 1.14347839 0.70494378
v -1.01554668 1.14347839 0.73205698
v -0.94992167 1.14347839 0.70494378
v -0.94992167 1.14347839 0.73205698
v -1.21242166 0.88275856 0.75917023
v -1.21242166 0.94793850 0.75917023
v -1.21242166 0.88275856 0.78628343
v -1.21242166 0.88275856 0.81339663
v -1.21242166 0.94793850 0.78628343
v -1.21242166 0.94793850 0.81339663
v -1.21242166 0.88275856 0.84050989
v -1.21242166 0.88275856 0.86762309
v -1.21242166 0.94793850 0.84050989
v -1.21242166 0.94793850 0.86762309
v -1.14679670 0.88275856 0.86762309
v -1.14679670 0.94793850 0.86762309
v -1.08117175 0.88275856 0.86762309
v -1.08117175 0.94793850 0.86762309
v -1.21242166 1.01311851 0.75917023
v -1.21242166 1.01311851 0.78628343
v -1.21242166 1.01311851 0.81339663
v -1.21242166 1.07829845 0.75917023
v -1.21242166 1.14347839 0.75917023
v -1.14679670 1.14347839 0.75917023
v -1.21242166 1.07829845 0.78628343
v -1.21242166 1.07829845 0.81339663
v -1.21242166 1.14347839 0.78628343
v -1.21242166 1.14347839 0.81339663
v -1.14679670 1.14347839 0.78628343
v -1.14679670 1.14347839 0.81339663
v -1.08117175 1.14347839 0.75917023
v -1.08117175 1.14347839 0.78628343
v -1.08117175 1.14347839 0.81339663
v -1.21242166 1.01311851 0.84050989
v -1.21242166 1.01311851 0.86762309
v -1.14679670 1.01311851 0.86762309
v -1.21242166 1.07829845 0.84050989
v -1.21242166 1.07829845 0.86762309
v -1.21242166 1.14347839 0.84050989
v -1.21242166 1.14347839 0.86762309
v -1.14679670 1.07829845 0.86762309
v -1.14679670 1.14347839 0.84050989
v -1.14679670 1.14347839 0.86762309
v -1.08117175 1.01311851 0.86762309
v -1.08117175 1.07829845 0.86762309
v -1.08117175 1.14347839 0.84050989
v -1.08117175 1.14347839 0.86762309
v -1.01554668 0.88275856 0.86762309
v -1.01554668 0.94793850 0.86762309
v -0.94992167 0.88275856 0.86762309
v -0.94992167 0.94793850 0.86762309
v -1.01554668 1.14347839 0.75917023
v -1.01554668 1.14347839 0.78628343
v -1.01554668 1.14347839 0.81339663
v -0.94992167 1.14347839 0.75917023
v -0.94992167 1.14347839 0.78628343
v -0.94992167 1.14347839 0.81339663
v -1.01554668 1.01311851 0.86762309
v -1.01554668 1.07829845 0.86762309
v -1.01554668 1.14347839 0.84050989
v -1.01554668 1.14347839 0.86762309
v -0.94992167 1.01311851 0.86762309
v -0.94992167 1.07829845 0.86762309
v -0.94992167 1.14347839 0.84050989
v -0.94992167 1.14347839 0.86762309
v -0.88429666 0.62203872 0.86762309
v -0.88429666 0.68721867 0.86762309
v -0.81867170 0.62203872 0.86762309
v -0.81867170 0.68721867 0.86762309
v -0.88429666 0.75239867 0.86762309
v -0.88429666 0.81757861 0.86762309
v -0.81867170 0.75239867 0.86762309
v -0.81867170 0.81757861 0.86762309
v -0.75304669 0.62203872 0.86762309
v -0.75304669 0.68721867 0.86762309
v -0.68742168 0.62203872 0.86762309
v -0.68742168 0.68721867 0.86762309
v -0.75304669 0.75239867 0.86762309
v -0.75304669 0.81757861 0.86762309
v -0.68742168 0.75239867 0.86762309
v -0.68742168 0.81757861 0.86762309
v -0.88429666 1.14347839 0.65071732
v -0.88429666 1.14347839 0.67783052
v -0.81867170 1.14347839 0.65071732
v -0.81867170 1.14347839 0.67783052
v -0.88429666 1.14347839 0.70494378
v -0.88429666 1.14347839 0.73205698
v -0.81867170 1.14347839 0.70494378
v -0.81867170 1.14347839 0.73205698
v -0.75304669 1.14347839 0.65071732
v -0.75304669 1.14347839 0.67783052
v -0.68742168 1.14347839 0.65071732
v -0.68742168 1.14347839 0.67783052
v -0.75304669 1.14347839 0.70494378
v -0.75304669 1.14347839 0.73205698
v -0.68742168 1.14347839 0.70494378
v -0.68742168 1.14347839 0.73205698
v -0.88429666 0.88275856 0.86762309
v -0.88429666 0.94793850 0.86762309
v -0.81867170 0.88275856 0.86762309
v -0.81867170 0.94793850 0.86762309
v -0.88429666 1.14347839 0.75917023
v -0.88429666 1.14347839 0.78628343
v -0.88429666 1.14347839 0.81339663
v -0.81867170 1.14347839 0.75917023
v -0.81867170 1.14347839 0.78628343
v -0.81867170 1.14347839 0.81339663
v -0.88429666 1.01311851 0.86762309
v -0.88429666 1.07829845 0.86762309
v -0.88429666 1.14347839 0.84050989
v -0.88429666 1.14347839 0.86762309
v -0.81867170 1.01311851 0.86762309
v -0.81867170 1.07829845 0.86762309
v -0.81867170 1.14347839 0.84050989
v -0.81867170 1.14347839 0.86762309
v -0.75304669 0.88275856 0.86762309
v -0.75304669 0.94793850 0.86762309
v -0.68742168 0.88275856 0.86762309
v -0.68742168 0.94793850 0.86762309
v -0.75304669 1.14347839 0.75917023
v -0.75304669 1.14347839 0.78628343
v -0.75304669 1.14347839 0.81339663
v -0.68742168 1.14347839 0.75917023
v -0.68742168 1.14347839 0.78628343
v -0.68742168 1.14347839 0.81339663
v -0.75304669 1.01311851 0.86762309
v -0.75304669 1.07829845 0.86762309
v -0.75304669 1.14347839 0.84050989
v -0.75304669 1.14347839 0.86762309
v -0.68742168 1.01311851 0.86762309
v -0.68742168 1.07829845 0.86762309
v -0.68742168 1.14347839 0.84050989
v -0.68742168 1.14347839 0.86762309
v -0.66789943 0.11893990 0.43813121
v -0.65259773 0.14011890 0.46438801
v -0.63223761 0.17181560 0.47115061
v -0.60896081 0.19574291 0.43731400
v -0.62070131 0.21937370 0.46412009
v -0.65825957 0.16167380 0.49450389
v -0.67781472 0.17552720 0.50961357
v -0.68476158 0.22039160 0.51503432
v -0.66095978 0.22376190 0.50694239
v -0.64595479 0.19110890 0.49778119
v -0.64094901 0.22838610 0.48932889
v -0.62208569 0.25651541 0.45099029
v -0.65879208 0.26817349 0.48481461
v -0.64484417 0.31282991 0.43968651
v -0.67440951 0.33528301 0.46660349
v -0.62179667 0.10059905 0.86762309
v -0.62179667 0.16577901 0.86762309
v -0.55617166 0.10059905 0.86762309
v -0.55617166 0.16577901 0.86762309
v -0.62179667 0.23095897 0.86762309
v -0.62179667 0.29613894 0.86762309
v -0.55617166 0.23095897 0.86762309
v -0.55617166 0.29613894 0.86762309
v -0.49054667 0.10059905 0.86762309
v -0.49054667 0.16577901 0.86762309
v -0.42492166 0.10059905 0.86762309
v -0.42492166 0.16577901 0.86762309
v -0.49054667 0.23095897 0.86762309
v -0.49054667 0.29613894 0.86762309
v -0.42492166 0.23095897 0.86762309
v -0.42492166 0.29613894 0.86762309
v -0.62179667 0.36131889 0.86762309
v -0.62179667 0.42649886 0.86762309
v -0.55617166 0.36131889 0.86762309
v -0.55617166 0.42649886 0.86762309
v -0.62179667 0.49167880 0.86762309
v -0.62179667 0.55685878 0.86762309
v -0.55617166 0.49167880 0.86762309
v -0.55617166 0.55685878 0.86762309
v -0.49054667 0.36131889 0.86762309
v -0.49054667 0.42649886 0.86762309
v -0.42492166 0.36131889 0.86762309
v -0.42492166 0.42649886 0.86762309
v -0.49054667 0.49167880 0.86762309
v -0.49054667 0.55685878 0.86762309
v -0.42492166 0.49167880 0.86762309
v -0.42492166 0.55685878 0.86762309
v -0.35929665 0.10059905 0.86762309
v -0.35929665 0.16577901 0.86762309
v -0.29367167 0.10059905 0.86762309
v -0.29367167 0.16577901 0.86762309
v -0.35929665 0.23095897 0.86762309
v -0.35929665 0.29613894 0.86762309
v -0.29367167 0.23095897 0.86762309
v -0.29367167 0.29613894 0.86762309
v -0.22804666 0.10059905 0.86762309
v -0.22804666 0.16577901 0.86762309
v -0.16242164 0.10059905 0.86762309
v -0.16242164 0.16577901 0.86762309
v -0.22804666 0.23095897 0.86762309
v -0.22804666 0.29613894 0.86762309
v -0.16242164 0.23095897 0.86762309
v -0.16242164 0.29613894 0.86762309
v -0.35929665 0.36131889 0.86762309
v -0.35929665 0.42649886 0.86762309
v -0.29367167 0.36131889 0.86762309
v -0.29367167 0.42649886 0.86762309
v -0.35929665 0.49167880 0.86762309
v -0.35929665 0.55685878 0.86762309
v -0.29367167 0.49167880 0.86762309
v -0.29367167 0.55685878 0.86762309
v -0.22804666 0.36131889 0.86762309
v -0.22804666 0.42649886 0.86762309
v -0.16242164 0.36131889 0.86762309
v -0.16242164 0.42649886 0.86762309
v -0.22804666 0.49167880 0.86762309
v -0.22804666 0.55685878 0.86762309
v -0.16242164 0.49167880 0.86762309
v -0.16242164 0.55685878 0.86762309
v -0.62179667 1.14347839 0.43381155
v -0.62179667 1.14347839 0.46092477
v -0.55617166 1.14347839 0.43381155
v -0.55617166 1.14347839 0.46092477
v -0.62179667 1.14347839 0.48803800
v -0.62179667 1.14347839 0.51515120
v -0.55617166 1.14347839 0.48803800
v -0.55617166 1.14347839 0.51515120
v -0.49054667 1.14347839 0.43381155
v -0.49054667 1.14347839 0.46092477
v -0.42492166 1.14347839 0.43381155
v -0.42492166 1.14347839 0.46092477
v -0.49054667 1.14347839 0.48803800
v -0.49054667 1.14347839 0.51515120
v -0.42492166 1.14347839 0.48803800
v -0.42492166 1.14347839 0.51515120
v -0.62179667 1.14347839 0.54226446
v -0.62179667 1.14347839 0.56937766
v -0.62179667 1.14347839 0.59649086
v -0.55617166 1.14347839 0.54226446
v -0.55617166 1.14347839 0.56937766
v -0.55617166 1.14347839 0.59649086
v -0.62179667 1.14347839 0.62360412
v -0.55617166 1.14347839 0.62360412
v -0.49054667 1.14347839 0.54226446
v -0.49054667 1.14347839 0.56937766
v -0.49054667 1.14347839 0.59649086
v -0.42492166 1.14347839 0.54226446
v -0.42492166 1.14347839 0.56937766
v -0.42492166 1.14347839 0.59649086
v -0.49054667 1.14347839 0.62360412
v -0.42492166 1.14347839 0.62360412
v -0.35929665 1.14347839 0.43381155
v -0.35929665 1.14347839 0.46092477
v -0.29367167 1.14347839 0.43381155
v -0.29367167 1.14347839 0.46092477
v -0.35929665 1.14347839 0.48803800
v -0.35929665 1.14347839 0.51515120
v -0.29367167 1.14347839 0.48803800
v -0.29367167 1.14347839 0.51515120
v -0.22804666 1.14347839 0.43381155
v -0.22804666 1.14347839 0.46092477
v -0.16242164 1.14347839 0.43381155
v -0.16242164 1.14347839 0.46092477
v -0.22804666 1.14347839 0.48803800
v -0.22804666 1.14347839 0.51515120
v -0.16242164 1.14347839 0.48803800
v -0.16242164 1.14347839 0.51515120
v -0.35929665 1.14347839 0.54226446
v -0.35929665 1.14347839 0.56937766
v -0.35929665 1.14347839 0.59649086
v -0.29367167 1.14347839 0.54226446
v -0.29367167 1.14347839 0.56937766
v -0.29367167 1.14347839 0.59649086
v -0.35929665 1.14347839 0.62360412
v -0.29367167 1.14347839 0.62360412
v -0.22804666 1.14347839 0.54226446
v -0.22804666 1.14347839 0.56937766
v -0.22804666 1.14347839 0.59649086
v -0.16242164 1.14347839 0.54226446
v -0.16242164 1.14347839 0.56937766
v -0.16242164 1.14347839 0.59649086
v -0.22804666 1.14347839 0.62360412
v -0.16242164 1.14347839 0.62360412
v -0.62179667 0.62203872 0.86762309
v -0.62179667 0.68721867 0.86762309
v -0.55617166 0.62203872 0.86762309
v -0.55617166 0.68721867 0.86762309
v -0.62179667 0.75239867 0.86762309
v -0.62179667 0.81757861 0.86762309
v -0.55617166 0.75239867 0.86762309
v -0.55617166 0.81757861 0.86762309
v -0.49054667 0.62203872 0.86762309
v -0.49054667 0.68721867 0.86762309
v -0.42492166 0.62203872 0.86762309
v -0.42492166 0.68721867 0.86762309
v -0.49054667 0.75239867 0.86762309
v -0.49054667 0.81757861 0.86762309
v -0.42492166 0.75239867 0.86762309
v -0.42492166 0.81757861 0.86762309
v -0.62179667 1.14347839 0.65071732
v -0.62179667 1.14347839 0.67783052
v -0.55617166 1.14347839 0.65071732
v -0.55617166 1.14347839 0.67783052
v -0.62179667 1.14347839 0.70494378
v -0.62179667 1.14347839 0.73205698
v -0.55617166 1.14347839 0.70494378
v -0.55617166 1.14347839 0.73205698
v -0.49054667 1.14347839 0.65071732
v -0.49054667 1.14347839 0.67783052
v -0.42492166 1.14347839 0.65071732
v -0.42492166 1.14347839 0.67783052
v -0.49054667 1.14347839 0.70494378
v -0.49054667 1.14347839 0.73205698
v -0.42492166 1.14347839 0.70494378
v -0.42492166 1.14347839 0.73205698
v -0.62179667 0.88275856 0.86762309
v -0.62179667 0.94793850 0.86762309
v -0.55617166 0.88275856 0.86762309
v -0.55617166 0.94793850 0.86762309
v -0.62179667 1.14347839 0.75917023
v -0.62179667 1.14347839 0.78628343
v -0.62179667 1.14347839 0.81339663
v -0.55617166 1.14347839 0.75917023
v -0.55617166 1.14347839 0.78628343
v -0.55617166 1.14347839 0.81339663
v -0.62179667 1.01311851 0.86762309
v -0.62179667 1.07829845 0.86762309
v -0.62179667 1.14347839 0.84050989
v -0.62179667 1.14347839 0.86762309
v -0.55617166 1.01311851 0.86762309
v -0.55617166 1.07829845 0.86762309
v -0.55617166 1.14347839 0.84050989
v -0.55617166 1.14347839 0.86762309
v -0.49054667 0.88275856 0.86762309
v -0.49054667 0.94793850 0.86762309
v -0.42492166 0.88275856 0.86762309
v -0.42492166 0.94793850 0.86762309
v -0.49054667 1.14347839 0.75917023
v -0.49054667 1.14347839 0.78628343
v -0.49054667 1.14347839 0.81339663
v -0.42492166 1.14347839 0.75917023
v -0.42492166 1.14347839 0.78628343
v -0.42492166 1.14347839 0.81339663
v -0.49054667 1.01311851 0.86762309
v -0.49054667 1.07829845 0.86762309
v -0.49054667 1.14347839 0.84050989
v -0.49054667 1.14347839 0.86762309
v -0.42492166 1.01311851 0.86762309
v -0.42492166 1.07829845 0.86762309
v -0.42492166 1.14347839 0.84050989
v -0.42492166 1.14347839 0.86762309
v -0.35929665 0.62203872 0.86762309
v -0.35929665 0.68721867 0.86762309
v -0.29367167 0.62203872 0.86762309
v -0.29367167 0.68721867 0.86762309
v -0.35929665 0.75239867 0.86762309
v -0.35929665 0.81757861 0.86762309
v -0.29367167 0.75239867 0.86762309
v -0.29367167 0.81757861 0.86762309
v -0.22804666 0.62203872 0.86762309
v -0.22804666 0.68721867 0.86762309
v -0.16242164 0.62203872 0.86762309
v -0.16242164 0.68721867 0.86762309
v -0.22804666 0.75239867 0.86762309
v -0.22804666 0.81757861 0.86762309
v -0.16242164 0.75239867 0.86762309
v -0.16242164 0.81757861 0.86762309
v -0.35929665 1.14347839 0.65071732
v -0.35929665 1.14347839 0.67783052
v -0.29367167 1.14347839 0.65071732
v -0.29367167 1.14347839 0.67783052
v -0.35929665 1.14347839 0.70494378
v -0.35929665 1.14347839 0.73205698
v -0.29367167 1.14347839 0.70494378
v -0.29367167 1.14347839 0.73205698
v -0.22804666 1.14347839 0.65071732
v -0.22804666 1.14347839 0.67783052
v -0.16242164 1.14347839 0.65071732
v -0.16242164 1.14347839 0.67783052
v -0.22804666 1.14347839 0.70494378
v -0.22804666 1.14347839 0.73205698
v -0.16242164 1.14347839 0.70494378
v -0.16242164 1.14347839 0.73205698
v -0.35929665 0.88275856 0.86762309
v -0.35929665 0.94793850 0.86762309
v -0.29367167 0.88275856 0.86762309
v -0.29367167 0.94793850 0.86762309
v -0.35929665 1.14347839 0.75917023
v -0.35929665 1.14347839 0.78628343
v -0.35929665 1.14347839 0.81339663
v -0.29367167 1.14347839 0.75917023
v -0.29367167 1.14347839 0.78628343
v -0.29367167 1.14347839 0.81339663
v -0.35929665 1.01311851 0.86762309
v -0.35929665 1.07829845 0.86762309
v -0.35929665 1.14347839 0.84050989
v -0.35929665 1.14347839 0.86762309
v -0.29367167 1.01311851 0.86762309
v -0.29367167 1.07829845 0.86762309
v -0.29367167 1.14347839 0.84050989
v -0.29367167 1.14347839 0.86762309
v -0.22804666 0.88275856 0.86762309
v -0.22804666 0.94793850 0.86762309
v -0.16242164 0.88275856 0.86762309
v -0.16242164 0.94793850 0.86762309
v -0.22804666 1.14347839 0.75917023
v -0.22804666 1.14347839 0.78628343
v -0.22804666 1.14347839 0.81339663
v -0.16242164 1.14347839 0.75917023
v -0.16242164 1.14347839 0.78628343
v -0.16242164 1.14347839 0.81339663
v -0.22804666 1.01311851 0.86762309
v -0.22804666 1.07829845 0.86762309
v -0.22804666 1.14347839 0.84050989
v -0.22804666 1.14347839 0.86762309
v -0.16242164 1.01311851 0.86762309
v -0.16242164 1.07829845 0.86762309
v -0.16242164 1.14347839 0.84050989
v -0.16242164 1.14347839 0.86762309
v -0.09679665 -0.94228029 0.00000000
v -0.09679665 -0.87710035 0.00000000
v -0.09679665 -0.94228029 0.02711322
v -0.09679665 -0.81192040 0.00000000
v -0.03117164 -0.94228029 0.00000000
v -0.03117164 -0.87710035 0.00000000
v -0.03117164 -0.94228029 0.02711322
v -0.03117164 -0.81192040 0.00000000
v -0.09679665 -0.94228029 0.05422644
v -0.09679665 -0.94228029 0.08133966
v -0.03117164 -0.94228029 0.05422644
v -0.03117164 -0.94228029 0.08133966
v -0.09679665 -0.74674040 0.00000000
v -0.03117164 -0.74674040 0.00000000
v 0.03445336 -0.94228029 0.00000000
v 0.03445336 -0.87710035 0.00000000
v 0.03445336 -0.94228029 0.02711322
v 0.03445336 -0.81192040 0.00000000
v 0.10007836 -0.94228029 0.00000000
v 0.10007836 -0.87710035 0.00000000
v 0.10007836 -0.94228029 0.02711322
v 0.10007836 -0.81192040 0.00000000
v 0.03445336 -0.94228029 0.05422644
v 0.03445336 -0.94228029 0.08133966
v 0.10007836 -0.94228029 0.05422644
v 0.10007836 -0.94228029 0.08133966
v 0.03445336 -0.74674040 0.00000000
v 0.10007836 -0.74674040 0.00000000
v -0.09679665 -0.94228029 0.10845289
v -0.09679665 -0.94228029 0.13556612
v -0.03117164 -0.94228029 0.10845289
v -0.03117164 -0.94228029 0.13556612
v -0.09679665 -0.94228029 0.16267933
v -0.09679665 -0.94228029 0.18979256
v -0.03117164 -0.94228029 0.16267933
v -0.03117164 -0.94228029 0.18979256
v 0.03445336 -0.94228029 0.10845289
v 0.03445336 -0.94228029 0.13556612
v 0.10007836 -0.94228029 0.10845289
v 0.10007836 -0.94228029 0.13556612
v 0.03445336 -0.94228029 0.16267933
v 0.03445336 -0.94228029 0.18979256
v 0.10007836 -0.94228029 0.16267933
v 0.10007836 -0.94228029 0.18979256
v -0.09679665 -0.68156046 0.00000000
v -0.09679665 -0.61638051 0.00000000
v -0.14438182 -0.59171027 0.00000000
v -0.12265994 -0.59130406 0.00000000
v -0.03117164 -0.68156046 0.00000000
v -0.03117164 -0.61638051 0.00000000
v -0.09641285 -0.59046316 0.00000000
v -0.05188430 -0.58915675 0.00000000
v -0.10077380 -0.59221572 0.06022140
v -0.16005890 -0.59416980 0.09876100
v 0.03445336 -0.68156046 0.00000000
v 0.02248880 -0.62257540 0.02247300
v -0.02113769 -0.58932245 0.00000000
v -0.00192756 -0.58981729 0.00000000
v -0.01343480 -0.59064221 0.02316960
v 0.00663015 -0.59229887 0.00000000
v 0.01791860 -0.59828258 0.00000000
v 0.02853663 -0.61207366 0.00000000
v -0.00784420 -0.60250568 0.04613470
v 0.04391823 -0.62547702 0.00000000
v 0.05911656 -0.63090932 0.00000000
v 0.10007836 -0.68156046 0.00000000
v 0.09753788 -0.63313782 0.00000000
v 0.08482224 -0.63186312 0.00000000
v 0.09231040 -0.63336003 0.01659130
v 0.03835850 -0.63367331 0.04810010
v 0.09115730 -0.61598009 0.04376970
v -0.00298190 -0.62147027 0.07986040
v 0.06012610 -0.62464499 0.06331510
v 0.04753700 -0.63563699 0.08861810
v -0.03572500 -0.59526879 0.12612981
v -0.09190310 -0.59353000 0.15052921
v 0.03044510 -0.63439751 0.11371110
v 0.00886640 -0.62784219 0.15114820
v -0.01362050 -0.61440760 0.12514129
v 0.02792730 -0.62945801 0.18222991
v -0.01363450 -0.60660702 0.16417360
v -0.01060950 -0.59550983 0.19747791
v 0.01645770 -0.61326861 0.20475350
v 0.07834870 -0.62746018 0.17531601
v 0.16570337 -0.94228029 0.00000000
v 0.16570337 -0.87710035 0.00000000
v 0.16570337 -0.94228029 0.02711322
v 0.16570337 -0.81192040 0.00000000
v 0.23132837 -0.94228029 0.00000000
v 0.23132837 -0.87710035 0.00000000
v 0.23132837 -0.94228029 0.02711322
v 0.23132837 -0.81192040 0.00000000
v 0.16570337 -0.94228029 0.05422644
v 0.16570337 -0.94228029 0.08133966
v 0.23132837 -0.94228029 0.05422644
v 0.23132837 -0.94228029 0.08133966
v 0.16570337 -0.74674040 0.00000000
v 0.23132837 -0.74674040 0.00000000
v 0.29695338 -0.94228029 0.00000000
v 0.29695338 -0.87710035 0.00000000
v 0.29695338 -0.94228029 0.02711322
v 0.29695338 -0.81192040 0.00000000
v 0.36257836 -0.94228029 0.00000000
v 0.36257836 -0.87710035 0.00000000
v 0.36257836 -0.94228029 0.02711322
v 0.36257836 -0.81192040 0.00000000
v 0.29695338 -0.94228029 0.05422644
v 0.29695338 -0.94228029 0.08133966
v 0.36257836 -0.94228029 0.05422644
v 0.36257836 -0.94228029 0.08133966
v 0.29695338 -0.74674040 0.00000000
v 0.36257836 -0.74674040 0.00000000
v 0.16570337 -0.94228029 0.10845289
v 0.16570337 -0.94228029 0.13556612
v 0.23132837 -0.94228029 0.10845289
v 0.23132837 -0.94228029 0.13556612
v 0.16570337 -0.94228029 0.16267933
v 0.16570337 -0.94228029 0.18979256
v 0.23132837 -0.94228029 0.16267933
v 0.23132837 -0.94228029 0.18979256
v 0.29695338 -0.94228029 0.10845289
v 0.29695338 -0.94228029 0.13556612
v 0.36257836 -0.94228029 0.10845289
v 0.36257836 -0.94228029 0.13556612
v 0.29695338 -0.94228029 0.16267933
v 0.29695338 -0.94228029 0.18979256
v 0.36257836 -0.94228029 0.16267933
v 0.36257836 -0.94228029 0.18979256
v 0.16570337 -0.68156046 0.00000000
v 0.14637160 -0.63195187 0.00000000
v 0.15611497 -0.63170189 0.00000000
v 0.15819369 -0.63179219 0.02218550
v 0.13548310 -0.61913753 0.03758610
v 0.14813299 -0.61395657 0.03541060
v 0.17726462 -0.62941581 0.00000000
v 0.23132837 -0.68156046 0.00000000
v 0.20484187 -0.62799013 0.00000000
v 0.23132837 -0.61638051 0.00000000
v 0.22963309 -0.62912500 0.03855910
v 0.21973906 -0.61577851 0.00000000
v 0.20615670 -0.62957603 0.05456720
v 0.20203020 -0.61688203 0.08492790
v 0.29695338 -0.68156046 0.00000000
v 0.29695338 -0.61638051 0.00000000
v 0.28119391 -0.61820769 0.03444610
v 0.27715868 -0.60481769 0.00000000
v 0.28048682 -0.60422176 0.00000000
v 0.36257836 -0.68156046 0.00000000
v 0.36257836 -0.61638051 0.00000000
v 0.34538952 -0.58385539 0.00000000
v 0.24295180 -0.63032162 0.10646400
v 0.28866169 -0.62613338 0.09507910
v 0.31292871 -0.61805278 0.06791050
v 0.34422070 -0.61118293 0.09489150
v 0.21512970 -0.61063498 0.13514860
v 0.12837650 -0.63194019 0.20711340
v 0.13846450 -0.63149542 0.20875201
v 0.20784910 -0.61813903 0.17565250
v 0.16908540 -0.62936097 0.21308020
v 0.27309319 -0.62549329 0.15484130
v 0.32362741 -0.61194932 0.15726070
v 0.36011019 -0.60167682 0.14323179
v 0.23135030 -0.62771338 0.17149310
v 0.28875300 -0.61386871 0.19211429
v -0.09679665 -0.94228029 0.21690577
v -0.09679665 -0.94228029 0.24401900
v -0.03117164 -0.94228029 0.21690577
v -0.03117164 -0.94228029 0.24401900
v -0.09679665 -0.94228029 0.27113223
v -0.09679665 -0.94228029 0.29824543
v -0.03117164 -0.94228029 0.27113223
v -0.03117164 -0.94228029 0.29824543
v 0.03445336 -0.94228029 0.21690577
v 0.03445336 -0.94228029 0.24401900
v 0.10007836 -0.94228029 0.21690577
v 0.10007836 -0.94228029 0.24401900
v 0.03445336 -0.94228029 0.27113223
v 0.03445336 -0.94228029 0.29824543
v 0.10007836 -0.94228029 0.27113223
v 0.10007836 -0.94228029 0.29824543
v -0.09679665 -0.94228029 0.32535866
v -0.09679665 -0.94228029 0.35247189
v -0.03117164 -0.94228029 0.32535866
v -0.03117164 -0.94228029 0.35247189
v -0.09679665 -0.94228029 0.37958512
v -0.09679665 -0.94228029 0.40669832
v -0.03117164 -0.94228029 0.37958512
v -0.03117164 -0.94228029 0.40669832
v 0.03445336 -0.94228029 0.32535866
v 0.03445336 -0.94228029 0.35247189
v 0.10007836 -0.94228029 0.32535866
v 0.10007836 -0.94228029 0.35247189
v 0.03445336 -0.94228029 0.37958512
v 0.03445336 -0.94228029 0.40669832
v 0.10007836 -0.94228029 0.37958512
v 0.10007836 -0.94228029 0.40669832
v -0.14433740 -0.59071797 0.28401470
v -0.02556270 -0.58991009 0.24295621
v 0.03115090 -0.59009027 0.25037590
v 0.06439080 -0.62396228 0.23507400
v 0.08104550 -0.62837082 0.23257381
v 0.04332660 -0.60546732 0.23932160
v 0.06676780 -0.58723038 0.28565991
v 0.08702330 -0.60766089 0.27535120
v 0.09752000 -0.60614568 0.29797620
v 0.05075130 -0.58236909 0.32164899
v -0.10914400 -0.58215559 0.37552491
v -0.04796340 -0.58374387 0.35481811
v -0.15923710 -0.62775141 0.42232129
v 0.08245190 -0.62702429 0.35059249
v 0.08682200 -0.60042512 0.32773560
v 0.04767860 -0.62773198 0.42016950
v 0.16570337 -0.94228029 0.21690577
v 0.16570337 -0.94228029 0.24401900
v 0.23132837 -0.94228029 0.21690577
v 0.23132837 -0.94228029 0.24401900
v 0.16570337 -0.94228029 0.27113223
v 0.16570337 -0.94228029 0.29824543
v 0.23132837 -0.94228029 0.27113223
v 0.23132837 -0.94228029 0.29824543
v 0.29695338 -0.94228029 0.21690577
v 0.29695338 -0.94228029 0.24401900
v 0.36257836 -0.94228029 0.21690577
v 0.36257836 -0.94228029 0.24401900
v 0.29695338 -0.94228029 0.27113223
v 0.29695338 -0.94228029 0.29824543
v 0.36257836 -0.94228029 0.27113223
v 0.36257836 -0.94228029 0.29824543
v 0.16570337 -0.94228029 0.32535866
v 0.16570337 -0.94228029 0.35247189
v 0.23132837 -0.94228029 0.32535866
v 0.23132837 -0.94228029 0.35247189
v 0.16570337 -0.94228029 0.37958512
v 0.16570337 -0.94228029 0.40669832
v 0.23132837 -0.94228029 0.37958512
v 0.23132837 -0.94228029 0.40669832
v 0.29695338 -0.94228029 0.32535866
v 0.29695338 -0.94228029 0.35247189
v 0.36257836 -0.94228029 0.32535866
v 0.36257836 -0.94228029 0.35247189
v 0.29695338 -0.94228029 0.37958512
v 0.29695338 -0.94228029 0.40669832
v 0.36257836 -0.94228029 0.37958512
v 0.36257836 -0.94228029 0.40669832
v 0.19413510 -0.62427199 0.27087119
v 0.22805080 -0.61733150 0.24495180
v 0.12758170 -0.62752891 0.30579221
v 0.21550380 -0.60609132 0.32000369
v 0.27985820 -0.58572477 0.26329219
v 0.32467419 -0.59400100 0.22166270
v 0.33882329 -0.56818849 0.26073599
v 0.24158099 -0.59592789 0.28450999
v 0.27852541 -0.54519588 0.31088439
v 0.31355539 -0.52603811 0.29308689
v 0.33680019 -0.54711848 0.27991551
v 0.34334460 -0.47658321 0.30394420
v 0.33119011 -0.46226299 0.31668639
v 0.14935289 -0.62736797 0.35755101
v 0.18492191 -0.61974800 0.35423881
v 0.22894660 -0.57989973 0.35913521
v 0.15892720 -0.61980158 0.39908400
v 0.11817700 -0.62422591 0.41203400
v 0.10970130 -0.61421478 0.43167540
v 0.12794590 -0.59255898 0.43021739
v 0.16133550 -0.60683268 0.41570780
v 0.14254031 -0.55133808 0.43030289
v 0.19576970 -0.60628593 0.38019520
v 0.20970100 -0.57604241 0.39488259
v 0.18839370 -0.56978029 0.41223201
v 0.14547840 -0.52195972 0.42337671
v 0.16186699 -0.49602029 0.42226270
v 0.21872900 -0.54259157 0.39544460
v 0.20913360 -0.49903360 0.39341289
v 0.18298639 -0.53652090 0.41579700
v 0.22890671 -0.46667549 0.39688200
v 0.18775439 -0.46815571 0.43309301
v 0.26361990 -0.53363842 0.34950411
v 0.24963200 -0.51644152 0.37004471
v 0.26099089 -0.46818969 0.37463489
v 0.30245969 -0.45324299 0.35686201
v 0.27989900 -0.42171341 0.39046001
v 0.23478660 -0.43299231 0.41654161
v 0.36224213 0.08134170 0.00000000
v 0.35780835 0.08905770 0.00000000
v 0.36000031 0.08521556 0.00000000
v 0.36174491 0.08469850 0.00328430
v -0.14616840 0.00176890 0.43020591
v -0.11214020 0.01286820 0.42722240
v -0.14997500 0.04460820 0.41492301
v -0.14675280 0.08053440 0.40942231
v -0.12393540 0.04663540 0.42020410
v -0.11222610 0.09754520 0.41062981
v -0.07378540 0.03188580 0.42257211
v -0.06046680 0.01420570 0.42848271
v -0.07545180 0.05238930 0.42368221
v -0.09081270 0.07425680 0.42009661
v -0.03768530 0.05718030 0.42582569
v -0.00918060 0.01608720 0.42817381
v 0.00025930 0.04563300 0.42320311
v 0.01136910 0.09259780 0.41244209
v 0.05109070 0.09367420 0.40289241
v 0.09476100 0.09950640 0.38617170
v 0.08643090 0.07114690 0.39872009
v 0.04110220 0.05307810 0.41148260
v 0.09393240 0.05305520 0.42153949
v 0.35175201 -0.41329089 0.32484171
v 0.32457471 -0.39860809 0.37037110
v 0.34166601 -0.36849591 0.36355579
v 0.34775659 -0.31977591 0.36525121
v 0.29052481 -0.36327949 0.40164360
v 0.26115659 -0.38471070 0.42009509
v 0.25240520 -0.30684051 0.42442879
v 0.28386521 -0.32132119 0.40883210
v 0.31941730 -0.36710581 0.38458660
v 0.32254550 -0.31605259 0.38408431
v 0.35087579 -0.27577841 0.35880509
v 0.34292549 -0.25783581 0.37202689
v 0.35745630 -0.19209839 0.35961500
v 0.28752789 -0.28132370 0.40268850
v 0.24805360 -0.28225791 0.43058929
v 0.28018701 -0.24805400 0.42002571
v 0.27822399 -0.16622080 0.43046769
v 0.31881991 -0.25373629 0.39140290
v 0.30258039 -0.23046941 0.41279271
v 0.29858080 -0.20057710 0.41946039
v 0.35536131 -0.00533250 0.31745780
v 0.31945810 0.07652280 0.30854899
v 0.14506041 0.07271810 0.40421689
v 0.19461900 0.07328660 0.38983020
v 0.23062530 0.06205740 0.38068709
v 0.19970380 0.04274230 0.41574731
v 0.34942001 -0.14798860 0.36675480
v 0.34079519 -0.08613970 0.37881011
v 0.29432681 -0.14295790 0.41580921
v 0.27478230 -0.11345750 0.42763361
v 0.27868521 -0.07360520 0.42459700
v 0.31931800 -0.15434539 0.40252459
v 0.33260620 -0.12388130 0.39225131
v 0.31667280 -0.10419560 0.40811741
v 0.31333929 -0.05811030 0.39530590
v 0.28277409 0.06547100 0.35373661
v 0.27778950 0.03725340 0.36770529
v 0.32991701 -0.02603530 0.36340469
v 0.25242701 0.01104840 0.40345579
v 0.29165551 0.00715210 0.38094461
v 0.23600011 -0.01672660 0.43201491
v 0.27856541 -0.02933470 0.40852579
v 0.42820337 -0.94228029 0.00000000
v 0.42820337 -0.87710035 0.00000000
v 0.42820337 -0.94228029 0.02711322
v 0.42820337 -0.81192040 0.00000000
v 0.49382839 -0.94228029 0.00000000
v 0.49382839 -0.87710035 0.00000000
v 0.49382839 -0.94228029 0.02711322
v 0.49382839 -0.81192040 0.00000000
v 0.42820337 -0.94228029 0.05422644
v 0.42820337 -0.94228029 0.08133966
v 0.49382839 -0.94228029 0.05422644
v 0.49382839 -0.94228029 0.08133966
v 0.42820337 -0.74674040 0.00000000
v 0.49382839 -0.74674040 0.00000000
v 0.55945337 -0.94228029 0.00000000
v 0.55945337 -0.87710035 0.00000000
v 0.55945337 -0.94228029 0.02711322
v 0.55945337 -0.81192040 0.00000000
v 0.62507838 -0.94228029 0.00000000
v 0.62507838 -0.87710035 0.00000000
v 0.62507838 -0.94228029 0.02711322
v 0.62507838 -0.81192040 0.00000000
v 0.55945337 -0.94228029 0.05422644
v 0.55945337 -0.94228029 0.08133966
v 0.62507838 -0.94228029 0.05422644
v 0.62507838 -0.94228029 0.08133966
v 0.55945337 -0.74674040 0.00000000
v 0.62507838 -0.74674040 0.00000000
v 0.42820337 -0.94228029 0.10845289
v 0.42820337 -0.94228029 0.13556612
v 0.49382839 -0.94228029 0.10845289
v 0.49382839 -0.94228029 0.13556612
v 0.42820337 -0.94228029 0.16267933
v 0.42820337 -0.94228029 0.18979256
v 0.49382839 -0.94228029 0.16267933
v 0.49382839 -0.94228029 0.18979256
v 0.55945337 -0.94228029 0.10845289
v 0.55945337 -0.94228029 0.13556612
v 0.62507838 -0.94228029 0.10845289
v 0.62507838 -0.94228029 0.13556612
v 0.55945337 -0.94228029 0.16267933
v 0.55945337 -0.94228029 0.18979256
v 0.62507838 -0.94228029 0.16267933
v 0.62507838 -0.94228029 0.18979256
v 0.42820337 -0.68156046 0.00000000
v 0.42820337 -0.61638051 0.00000000
v 0.36297584 -0.57847363 0.00000000
v 0.37780437 -0.57087868 0.00000000
v 0.42820337 -0.55120057 0.00000000
v 0.41853860 -0.55958247 0.01994830
v 0.37061200 -0.58890688 0.02990940
v 0.49382839 -0.68156046 0.00000000
v 0.49382839 -0.61638051 0.00000000
v 0.49382839 -0.55120057 0.00000000
v 0.41298661 -0.57782578 0.08635160
v 0.45140669 -0.55377072 0.06346660
v 0.42145479 -0.54358763 0.00000000
v 0.44025108 -0.53128964 0.00000000
v 0.47128171 -0.52670473 0.02225790
v 0.46116093 -0.51634413 0.00000000
v 0.48599249 -0.49628267 0.00000000
v 0.55945337 -0.68156046 0.00000000
v 0.55945337 -0.61638051 0.00000000
v 0.55945337 -0.55120057 0.00000000
v 0.62507838 -0.68156046 0.00000000
v 0.62507838 -0.61638051 0.00000000
v 0.62507838 -0.55120057 0.00000000
v 0.49723569 -0.49557361 0.01005520
v 0.55945337 -0.48602059 0.00000000
v 0.51226050 -0.50270319 0.04874350
v 0.49471855 -0.48586941 0.00000000
v 0.50583518 -0.47490695 0.00000000
v 0.51473600 -0.46333024 0.00000000
v 0.52853107 -0.43014616 0.00000000
v 0.53127998 -0.42253697 0.00000000
v 0.53420508 -0.46723771 0.03099650
v 0.55512422 -0.42280629 0.03890740
v 0.62507838 -0.48602059 0.00000000
v 0.51046127 -0.51437938 0.10080990
v 0.55015731 -0.46567270 0.07012630
v 0.54844213 -0.47594339 0.10273720
v 0.43384269 -0.56570369 0.15475960
v 0.39889359 -0.57194787 0.20061910
v 0.47927231 -0.54071409 0.14098060
v 0.47385901 -0.53338838 0.19972500
v 0.54645348 -0.47971460 0.15046950
v 0.56242931 -0.45365420 0.14677590
v 0.52314848 -0.50245792 0.16902640
v 0.50911993 -0.50341958 0.20496300
v 0.54640788 -0.46952251 0.19277510
v 0.56870002 -0.42772159 0.18027860
v 0.69070339 -0.94228029 0.00000000
v 0.69070339 -0.87710035 0.00000000
v 0.69070339 -0.94228029 0.02711322
v 0.69070339 -0.81192040 0.00000000
v 0.75632840 -0.94228029 0.00000000
v 0.75632840 -0.87710035 0.00000000
v 0.75632840 -0.94228029 0.02711322
v 0.75632840 -0.81192040 0.00000000
v 0.69070339 -0.94228029 0.05422644
v 0.69070339 -0.94228029 0.08133966
v 0.75632840 -0.94228029 0.05422644
v 0.75632840 -0.94228029 0.08133966
v 0.69070339 -0.74674040 0.00000000
v 0.75632840 -0.74674040 0.00000000
v 0.82195342 -0.94228029 0.00000000
v 0.82195342 -0.87710035 0.00000000
v 0.82195342 -0.94228029 0.02711322
v 0.82195342 -0.81192040 0.00000000
v 0.88757843 -0.94228029 0.00000000
v 0.88757843 -0.87710035 0.00000000
v 0.88757843 -0.94228029 0.02711322
v 0.88757843 -0.87710035 0.02711322
v 0.88757843 -0.81192040 0.00000000
v 0.88757843 -0.81192040 0.02711322
v 0.82195342 -0.94228029 0.05422644
v 0.82195342 -0.94228029 0.08133966
v 0.88757843 -0.94228029 0.05422644
v 0.88757843 -0.87710035 0.05422644
v 0.88757843 -0.94228029 0.08133966
v 0.88757843 -0.87710035 0.08133966
v 0.88757843 -0.81192040 0.05422644
v 0.88757843 -0.81192040 0.08133966
v 0.82195342 -0.74674040 0.00000000
v 0.88757843 -0.74674040 0.00000000
v 0.88757843 -0.74674040 0.02711322
v 0.88757843 -0.74674040 0.05422644
v 0.88757843 -0.74674040 0.08133966
v 0.69070339 -0.94228029 0.10845289
v 0.69070339 -0.94228029 0.13556612
v 0.75632840 -0.94228029 0.10845289
v 0.75632840 -0.94228029 0.13556612
v 0.69070339 -0.94228029 0.16267933
v 0.69070339 -0.94228029 0.18979256
v 0.75632840 -0.94228029 0.16267933
v 0.75632840 -0.94228029 0.18979256
v 0.82195342 -0.94228029 0.10845289
v 0.82195342 -0.94228029 0.13556612
v 0.88757843 -0.94228029 0.10845289
v 0.88757843 -0.87710035 0.10845289
v 0.88757843 -0.94228029 0.13556612
v 0.88757843 -0.87710035 0.13556612
v 0.88757843 -0.81192040 0.10845289
v 0.88757843 -0.81192040 0.13556612
v 0.82195342 -0.94228029 0.16267933
v 0.82195342 -0.94228029 0.18979256
v 0.88757843 -0.94228029 0.16267933
v 0.88757843 -0.87710035 0.16267933
v 0.88757843 -0.94228029 0.18979256
v 0.88757843 -0.87710035 0.18979256
v 0.88757843 -0.81192040 0.16267933
v 0.88757843 -0.81192040 0.18979256
v 0.88757843 -0.74674040 0.10845289
v 0.88757843 -0.74674040 0.13556612
v 0.88757843 -0.74674040 0.16267933
v 0.88757843 -0.74674040 0.18979256
v 0.69070339 -0.68156046 0.00000000
v 0.69070339 -0.61638051 0.00000000
v 0.69070339 -0.55120057 0.00000000
v 0.75632840 -0.68156046 0.00000000
v 0.75632840 -0.61638051 0.00000000
v 0.75632840 -0.55120057 0.00000000
v 0.69070339 -0.48602059 0.00000000
v 0.75632840 -0.48602059 0.00000000
v 0.82195342 -0.68156046 0.00000000
v 0.82195342 -0.61638051 0.00000000
v 0.82195342 -0.55120057 0.00000000
v 0.88757843 -0.68156046 0.00000000
v 0.88757843 -0.61638051 0.00000000
v 0.88757843 -0.68156046 0.02711322
v 0.88757843 -0.61638051 0.02711322
v 0.88757843 -0.55120057 0.00000000
v 0.88757843 -0.55120057 0.02711322
v 0.88757843 -0.68156046 0.05422644
v 0.88757843 -0.61638051 0.05422644
v 0.88757843 -0.68156046 0.08133966
v 0.88757843 -0.61638051 0.08133966
v 0.88757843 -0.55120057 0.05422644
v 0.88757843 -0.55120057 0.08133966
v 0.82195342 -0.48602059 0.00000000
v 0.88757843 -0.48602059 0.00000000
v 0.88757843 -0.48602059 0.02711322
v 0.88757843 -0.48602059 0.05422644
v 0.88757843 -0.48602059 0.08133966
v 0.88757843 -0.68156046 0.10845289
v 0.88757843 -0.61638051 0.10845289
v 0.88757843 -0.68156046 0.13556612
v 0.88757843 -0.61638051 0.13556612
v 0.88757843 -0.55120057 0.10845289
v 0.88757843 -0.55120057 0.13556612
v 0.88757843 -0.68156046 0.16267933
v 0.88757843 -0.61638051 0.16267933
v 0.88757843 -0.68156046 0.18979256
v 0.88757843 -0.61638051 0.18979256
v 0.88757843 -0.55120057 0.16267933
v 0.88757843 -0.55120057 0.18979256
v 0.88757843 -0.48602059 0.10845289
v 0.88757843 -0.48602059 0.13556612
v 0.88757843 -0.48602059 0.16267933
v 0.88757843 -0.48602059 0.18979256
v 0.42820337 -0.94228029 0.21690577
v 0.42820337 -0.94228029 0.24401900
v 0.49382839 -0.94228029 0.21690577
v 0.49382839 -0.94228029 0.24401900
v 0.42820337 -0.94228029 0.27113223
v 0.42820337 -0.94228029 0.29824543
v 0.49382839 -0.94228029 0.27113223
v 0.49382839 -0.94228029 0.29824543
v 0.55945337 -0.94228029 0.21690577
v 0.55945337 -0.94228029 0.24401900
v 0.62507838 -0.94228029 0.21690577
v 0.62507838 -0.94228029 0.24401900
v 0.55945337 -0.94228029 0.27113223
v 0.55945337 -0.94228029 0.29824543
v 0.62507838 -0.94228029 0.27113223
v 0.62507838 -0.94228029 0.29824543
v 0.42820337 -0.94228029 0.32535866
v 0.42820337 -0.94228029 0.35247189
v 0.49382839 -0.94228029 0.32535866
v 0.49382839 -0.94228029 0.35247189
v 0.42820337 -0.94228029 0.37958512
v 0.42820337 -0.94228029 0.40669832
v 0.49382839 -0.94228029 0.37958512
v 0.49382839 -0.94228029 0.40669832
v 0.55945337 -0.94228029 0.32535866
v 0.55945337 -0.94228029 0.35247189
v 0.62507838 -0.94228029 0.32535866
v 0.62507838 -0.94228029 0.35247189
v 0.55945337 -0.94228029 0.37958512
v 0.55945337 -0.94228029 0.40669832
v 0.62507838 -0.94228029 0.37958512
v 0.62507838 -0.94228029 0.40669832
v 0.37590191 -0.56761771 0.24146070
v 0.43636170 -0.53288782 0.24668060
v 0.38287899 -0.52985108 0.28995079
v 0.40890139 -0.52505392 0.28075281
v 0.37217179 -0.49966091 0.30682141
v 0.42329451 -0.49249440 0.30301210
v 0.36729479 -0.48292860 0.30841240
v 0.39419651 -0.43686971 0.30950209
v 0.41875261 -0.46018699 0.31411710
v 0.46476251 -0.49088719 0.27228951
v 0.46148479 -0.45433369 0.29773241
v 0.45109621 -0.43530610 0.30913550
v 0.49984580 -0.49197549 0.23345020
v 0.54096699 -0.45050171 0.22426370
v 0.50100541 -0.44925180 0.26998410
v 0.69070339 -0.94228029 0.21690577
v 0.69070339 -0.94228029 0.24401900
v 0.75632840 -0.94228029 0.21690577
v 0.75632840 -0.94228029 0.24401900
v 0.69070339 -0.94228029 0.27113223
v 0.69070339 -0.94228029 0.29824543
v 0.75632840 -0.94228029 0.27113223
v 0.75632840 -0.94228029 0.29824543
v 0.82195342 -0.94228029 0.21690577
v 0.82195342 -0.94228029 0.24401900
v 0.88757843 -0.94228029 0.21690577
v 0.88757843 -0.87710035 0.21690577
v 0.88757843 -0.94228029 0.24401900
v 0.88757843 -0.87710035 0.24401900
v 0.88757843 -0.81192040 0.21690577
v 0.88757843 -0.81192040 0.24401900
v 0.82195342 -0.94228029 0.27113223
v 0.82195342 -0.94228029 0.29824543
v 0.88757843 -0.94228029 0.27113223
v 0.88757843 -0.94228029 0.29824543
v 0.88757843 -0.87710035 0.27113223
v 0.88757843 -0.87710035 0.29824543
v 0.88757843 -0.81192040 0.27113223
v 0.88757843 -0.81192040 0.29824543
v 0.88757843 -0.74674040 0.21690577
v 0.88757843 -0.74674040 0.24401900
v 0.88757843 -0.74674040 0.27113223
v 0.88757843 -0.74674040 0.29824543
v 0.69070339 -0.94228029 0.32535866
v 0.69070339 -0.94228029 0.35247189
v 0.75632840 -0.94228029 0.32535866
v 0.75632840 -0.94228029 0.35247189
v 0.69070339 -0.94228029 0.37958512
v 0.69070339 -0.94228029 0.40669832
v 0.75632840 -0.94228029 0.37958512
v 0.75632840 -0.94228029 0.40669832
v 0.82195342 -0.94228029 0.32535866
v 0.82195342 -0.94228029 0.35247189
v 0.88757843 -0.94228029 0.32535866
v 0.88757843 -0.87710035 0.32535866
v 0.88757843 -0.94228029 0.35247189
v 0.88757843 -0.87710035 0.35247189
v 0.88757843 -0.81192040 0.32535866
v 0.88757843 -0.81192040 0.35247189
v 0.82195342 -0.94228029 0.37958512
v 0.82195342 -0.94228029 0.40669832
v 0.88757843 -0.94228029 0.37958512
v 0.88757843 -0.94228029 0.40669832
v 0.88757843 -0.87710035 0.37958512
v 0.88757843 -0.87710035 0.40669832
v 0.88757843 -0.81192040 0.37958512
v 0.88757843 -0.81192040 0.40669832
v 0.88757843 -0.74674040 0.32535866
v 0.88757843 -0.74674040 0.35247189
v 0.88757843 -0.74674040 0.37958512
v 0.88757843 -0.74674040 0.40669832
v 0.88757843 -0.68156046 0.21690577
v 0.88757843 -0.61638051 0.21690577
v 0.88757843 -0.68156046 0.24401900
v 0.88757843 -0.61638051 0.24401900
v 0.88757843 -0.55120057 0.21690577
v 0.88757843 -0.55120057 0.24401900
v 0.88757843 -0.68156046 0.27113223
v 0.88757843 -0.68156046 0.29824543
v 0.88757843 -0.61638051 0.27113223
v 0.88757843 -0.61638051 0.29824543
v 0.88757843 -0.55120057 0.27113223
v 0.88757843 -0.55120057 0.29824543
v 0.88757843 -0.48602059 0.21690577
v 0.88757843 -0.48602059 0.24401900
v 0.88757843 -0.48602059 0.27113223
v 0.88757843 -0.48602059 0.29824543
v 0.88757843 -0.68156046 0.32535866
v 0.88757843 -0.61638051 0.32535866
v 0.88757843 -0.68156046 0.35247189
v 0.88757843 -0.61638051 0.35247189
v 0.88757843 -0.55120057 0.32535866
v 0.88757843 -0.55120057 0.35247189
v 0.88757843 -0.68156046 0.37958512
v 0.88757843 -0.68156046 0.40669832
v 0.88757843 -0.61638051 0.37958512
v 0.88757843 -0.61638051 0.40669832
v 0.88757843 -0.55120057 0.37958512
v 0.88757843 -0.55120057 0.40669832
v 0.88757843 -0.48602059 0.32535866
v 0.88757843 -0.48602059 0.35247189
v 0.88757843 -0.48602059 0.37958512
v 0.88757843 -0.48602059 0.40669832
v 0.42320511 -0.30639997 0.00000000
v 0.44310898 -0.32508987 0.00000000
v 0.45474029 -0.32403955 0.00000000
v 0.43507969 -0.31162640 0.00000000
v 0.47183079 -0.30248851 0.01638920
v 0.42820337 -0.29048070 0.00000000
v 0.42624491 -0.28438389 0.00000000
v 0.42931899 -0.28991070 0.00916140
v 0.42916235 -0.25796708 0.00000000
v 0.43188417 -0.23792006 0.00000000
v 0.44103089 -0.24229260 0.02520690
v 0.49382839 -0.29048070 0.00000000
v 0.44467869 -0.28937319 0.02914100
v 0.43242347 -0.18853688 0.00000000
v 0.43233663 -0.18131234 0.00000000
v 0.43465239 -0.18179160 0.00590870
v 0.43301418 -0.17256202 0.00000000
v 0.49382839 -0.22530074 0.00000000
v 0.46899569 -0.27019539 0.05800980
v 0.45277169 -0.24548620 0.09802350
v 0.44714770 -0.21629269 0.06684180
v 0.53427368 -0.41271180 0.00000000
v 0.53801394 -0.38835508 0.00000000
v 0.55945337 -0.42084062 0.00000000
v 0.53491122 -0.36339539 0.00000000
v 0.54001582 -0.35612020 0.00667410
v 0.55945337 -0.35566068 0.00000000
v 0.55400968 -0.38478979 0.01825840
v 0.50228918 -0.32646140 0.00000000
v 0.52361470 -0.34323132 0.00000000
v 0.51167572 -0.32761014 0.00000000
v 0.51678067 -0.32972270 0.00000000
v 0.55824572 -0.34405270 0.02540380
v 0.54433000 -0.30913901 0.02564300
v 0.62507838 -0.42084062 0.00000000
v 0.62507838 -0.35566068 0.00000000
v 0.57552153 -0.37937599 0.05645520
v 0.57268792 -0.41941711 0.09138750
v 0.58757842 -0.36833641 0.10116050
v 0.57577640 -0.35429230 0.05749350
v 0.56432158 -0.30626109 0.05534410
v 0.57847577 -0.32215840 0.08230840
v 0.55945337 -0.29048070 0.00000000
v 0.51292223 -0.29039419 0.03025090
v 0.54578048 -0.28804821 0.04755600
v 0.55945337 -0.22530074 0.00000000
v 0.62507838 -0.29048070 0.00000000
v 0.62507838 -0.22530074 0.00000000
v 0.51948428 -0.26797989 0.06574860
v 0.55278963 -0.27687091 0.07763730
v 0.50025618 -0.25957030 0.08763330
v 0.54030132 -0.26264450 0.10314870
v 0.45869240 -0.25189269 0.12016710
v 0.48842809 -0.25473019 0.15629320
v 0.44741991 -0.20345280 0.14294671
v 0.44810429 -0.24814050 0.17744020
v 0.46603921 -0.26149079 0.16429541
v 0.49093121 -0.26674429 0.19992539
v 0.57809782 -0.41480190 0.12899069
v 0.58580083 -0.36803991 0.15073121
v 0.58709669 -0.32811901 0.13510150
v 0.58081013 -0.30566499 0.11073630
v 0.57895368 -0.30195460 0.15633890
v 0.55438358 -0.29258010 0.20450130
v 0.57127202 -0.40400511 0.19596121
v 0.58095390 -0.32921299 0.17917070
v 0.57154101 -0.35400659 0.20844869
v 0.56450802 -0.31908351 0.21248619
v 0.49823460 -0.25377530 0.12276450
v 0.53093261 -0.25701469 0.14717390
v 0.56433553 -0.27610990 0.12638059
v 0.52220380 -0.25969979 0.18056950
v 0.54957318 -0.26807860 0.16569480
v 0.52551877 -0.27339479 0.20670301
v 0.56496757 -0.28563821 0.17188430
v 0.42683944 -0.07342508 0.00000000
v 0.41719720 -0.03654101 0.00000000
v 0.42820337 -0.02976087 0.00000000
v 0.43031088 -0.14772490 0.00000000
v 0.43147099 -0.15050989 0.00799160
v 0.43179673 -0.13463075 0.00000000
v 0.43118715 -0.11644592 0.00000000
v 0.49382839 -0.16012079 0.00000000
v 0.43997890 -0.12368600 0.03757320
v 0.42860889 -0.08428638 0.00000000
v 0.43206891 -0.06823790 0.02171970
v 0.49382839 -0.09494083 0.00000000
v 0.49382839 -0.02976087 0.00000000
v 0.44391689 -0.12288210 0.08143540
v 0.43633059 -0.05912990 0.06026400
v 0.39298862 0.03019644 0.00000000
v 0.40661922 -0.00474307 0.00000000
v 0.41208652 -0.02027327 0.00000000
v 0.41584790 -0.01987730 0.00991720
v 0.41781151 -0.00251660 0.04848560
v 0.36563367 0.07602440 0.00000000
v 0.42820337 0.03541909 0.00000000
v 0.39886931 0.03735280 0.02587080
v 0.49382839 0.03541909 0.00000000
v 0.41453269 0.01151120 0.09160250
v 0.39396331 0.05607360 0.07257780
v 0.55945337 -0.16012079 0.00000000
v 0.55945337 -0.09494083 0.00000000
v 0.55945337 -0.02976087 0.00000000
v 0.62507838 -0.16012079 0.00000000
v 0.62507838 -0.09494083 0.00000000
v 0.62507838 -0.02976087 0.00000000
v 0.55945337 0.03541909 0.00000000
v 0.62507838 0.03541909 0.00000000
v 0.44081989 -0.11209780 0.12687680
v 0.43230930 -0.04779980 0.11624870
v 0.44027671 -0.15863089 0.19045770
v 0.43151411 -0.06721580 0.17239130
v 0.42852631 -0.08632030 0.21362750
v 0.40036950 0.02992190 0.16027650
v 0.37808040 0.08259560 0.12705331
v 0.42099729 -0.02279270 0.16738920
v 0.37914670 0.06714500 0.19770201
v 0.69070339 -0.42084062 0.00000000
v 0.69070339 -0.35566068 0.00000000
v 0.75632840 -0.42084062 0.00000000
v 0.75632840 -0.35566068 0.00000000
v 0.69070339 -0.29048070 0.00000000
v 0.69070339 -0.22530074 0.00000000
v 0.75632840 -0.29048070 0.00000000
v 0.75632840 -0.22530074 0.00000000
v 0.82195342 -0.42084062 0.00000000
v 0.82195342 -0.35566068 0.00000000
v 0.88757843 -0.42084062 0.00000000
v 0.88757843 -0.35566068 0.00000000
v 0.88757843 -0.42084062 0.02711322
v 0.88757843 -0.35566068 0.02711322
v 0.88757843 -0.42084062 0.05422644
v 0.88757843 -0.35566068 0.05422644
v 0.88757843 -0.42084062 0.08133966
v 0.88757843 -0.35566068 0.08133966
v 0.82195342 -0.29048070 0.00000000
v 0.82195342 -0.22530074 0.00000000
v 0.88757843 -0.29048070 0.00000000
v 0.88757843 -0.29048070 0.02711322
v 0.88757843 -0.22530074 0.00000000
v 0.88757843 -0.22530074 0.02711322
v 0.88757843 -0.29048070 0.05422644
v 0.88757843 -0.29048070 0.08133966
v 0.88757843 -0.22530074 0.05422644
v 0.88757843 -0.22530074 0.08133966
v 0.88757843 -0.42084062 0.10845289
v 0.88757843 -0.35566068 0.10845289
v 0.88757843 -0.42084062 0.13556612
v 0.88757843 -0.35566068 0.13556612
v 0.88757843 -0.42084062 0.16267933
v 0.88757843 -0.35566068 0.16267933
v 0.88757843 -0.42084062 0.18979256
v 0.88757843 -0.35566068 0.18979256
v 0.88757843 -0.29048070 0.10845289
v 0.88757843 -0.29048070 0.13556612
v 0.88757843 -0.22530074 0.10845289
v 0.88757843 -0.22530074 0.13556612
v 0.88757843 -0.29048070 0.16267933
v 0.88757843 -0.29048070 0.18979256
v 0.88757843 -0.22530074 0.16267933
v 0.88757843 -0.22530074 0.18979256
v 0.69070339 -0.16012079 0.00000000
v 0.69070339 -0.09494083 0.00000000
v 0.69070339 -0.02976087 0.00000000
v 0.75632840 -0.16012079 0.00000000
v 0.75632840 -0.09494083 0.00000000
v 0.75632840 -0.02976087 0.00000000
v 0.69070339 0.03541909 0.00000000
v 0.75632840 0.03541909 0.00000000
v 0.82195342 -0.16012079 0.00000000
v 0.82195342 -0.09494083 0.00000000
v 0.82195342 -0.02976087 0.00000000
v 0.88757843 -0.16012079 0.00000000
v 0.88757843 -0.16012079 0.02711322
v 0.88757843 -0.09494083 0.00000000
v 0.88757843 -0.02976087 0.00000000
v 0.88757843 -0.09494083 0.02711322
v 0.88757843 -0.02976087 0.02711322
v 0.88757843 -0.16012079 0.05422644
v 0.88757843 -0.16012079 0.08133966
v 0.88757843 -0.09494083 0.05422644
v 0.88757843 -0.02976087 0.05422644
v 0.88757843 -0.09494083 0.08133966
v 0.88757843 -0.02976087 0.08133966
v 0.82195342 0.03541909 0.00000000
v 0.88757843 0.03541909 0.00000000
v 0.88757843 0.03541909 0.02711322
v 0.88757843 0.03541909 0.05422644
v 0.88757843 0.03541909 0.08133966
v 0.88757843 -0.16012079 0.10845289
v 0.88757843 -0.16012079 0.13556612
v 0.88757843 -0.09494083 0.10845289
v 0.88757843 -0.02976087 0.10845289
v 0.88757843 -0.09494083 0.13556612
v 0.88757843 -0.02976087 0.13556612
v 0.88757843 -0.16012079 0.16267933
v 0.88757843 -0.16012079 0.18979256
v 0.88757843 -0.09494083 0.16267933
v 0.88757843 -0.02976087 0.16267933
v 0.88757843 -0.09494083 0.18979256
v 0.88757843 -0.02976087 0.18979256
v 0.88757843 0.03541909 0.10845289
v 0.88757843 0.03541909 0.13556612
v 0.88757843 0.03541909 0.16267933
v 0.88757843 0.03541909 0.18979256
v 0.41592529 -0.34755820 0.27106881
v 0.41488791 -0.31940791 0.26097119
v 0.44199011 -0.29251570 0.22766300
v 0.44554141 -0.32166770 0.25917560
v 0.48724160 -0.31375450 0.25958630
v 0.39284709 -0.36902949 0.28848991
v 0.40906009 -0.39296329 0.29822671
v 0.37399939 -0.41856810 0.30151859
v 0.38579991 -0.34209189 0.30633041
v 0.44647899 -0.36578831 0.29218441
v 0.49112141 -0.41027829 0.29003811
v 0.46897000 -0.36703891 0.29338169
v 0.48736021 -0.38123211 0.29239380
v 0.44119409 -0.40936449 0.30928439
v 0.43659770 -0.27761829 0.21781521
v 0.43380481 -0.23424670 0.22385310
v 0.48105481 -0.28530559 0.22942901
v 0.42972109 -0.17304970 0.23736510
v 0.40754390 -0.29030979 0.27376619
v 0.38572970 -0.28472909 0.31632039
v 0.40806410 -0.20191100 0.28216690
v 0.54787350 -0.41353881 0.23484190
v 0.55761528 -0.37078789 0.23397049
v 0.52640992 -0.40027431 0.26733521
v 0.52723789 -0.29921231 0.23702450
v 0.54536939 -0.31020221 0.23172310
v 0.54931271 -0.34857029 0.24445300
v 0.52895617 -0.33884460 0.26082581
v 0.52150309 -0.37080151 0.27328569
v 0.50587338 -0.34242231 0.27341491
v 0.36271620 -0.37398049 0.33223310
v 0.36835930 -0.32935819 0.33964321
v 0.37167791 -0.23296350 0.33885169
v 0.41406929 -0.13719150 0.26946929
v 0.41978690 -0.07624450 0.23722520
v 0.39467320 -0.04424640 0.27705011
v 0.39699969 -0.08977570 0.28894791
v 0.37495869 -0.04633390 0.31438881
v 0.39944881 -0.00242000 0.23468550
v 0.37985039 0.01462340 0.26634431
v 0.36304280 0.06869570 0.25428849
v 0.37136301 -0.11849570 0.34015879
v 0.88757843 -0.42084062 0.21690577
v 0.88757843 -0.35566068 0.21690577
v 0.88757843 -0.42084062 0.24401900
v 0.88757843 -0.35566068 0.24401900
v 0.88757843 -0.42084062 0.27113223
v 0.88757843 -0.42084062 0.29824543
v 0.88757843 -0.35566068 0.27113223
v 0.88757843 -0.35566068 0.29824543
v 0.88757843 -0.29048070 0.21690577
v 0.88757843 -0.29048070 0.24401900
v 0.88757843 -0.22530074 0.21690577
v 0.88757843 -0.22530074 0.24401900
v 0.88757843 -0.29048070 0.27113223
v 0.88757843 -0.29048070 0.29824543
v 0.88757843 -0.22530074 0.27113223
v 0.88757843 -0.22530074 0.29824543
v 0.88757843 -0.42084062 0.32535866
v 0.88757843 -0.35566068 0.32535866
v 0.88757843 -0.42084062 0.35247189
v 0.88757843 -0.35566068 0.35247189
v 0.88757843 -0.42084062 0.37958512
v 0.88757843 -0.42084062 0.40669832
v 0.88757843 -0.35566068 0.37958512
v 0.88757843 -0.35566068 0.40669832
v 0.88757843 -0.29048070 0.32535866
v 0.88757843 -0.29048070 0.35247189
v 0.88757843 -0.22530074 0.32535866
v 0.88757843 -0.22530074 0.35247189
v 0.88757843 -0.29048070 0.37958512
v 0.88757843 -0.29048070 0.40669832
v 0.88757843 -0.22530074 0.37958512
v 0.88757843 -0.22530074 0.40669832
v 0.88757843 -0.16012079 0.21690577
v 0.88757843 -0.16012079 0.24401900
v 0.88757843 -0.09494083 0.21690577
v 0.88757843 -0.02976087 0.21690577
v 0.88757843 -0.09494083 0.24401900
v 0.88757843 -0.02976087 0.24401900
v 0.88757843 -0.16012079 0.27113223
v 0.88757843 -0.16012079 0.29824543
v 0.88757843 -0.09494083 0.27113223
v 0.88757843 -0.09494083 0.29824543
v 0.88757843 -0.02976087 0.27113223
v 0.88757843 -0.02976087 0.29824543
v 0.88757843 0.03541909 0.21690577
v 0.88757843 0.03541909 0.24401900
v 0.88757843 0.03541909 0.27113223
v 0.88757843 0.03541909 0.29824543
v 0.88757843 -0.16012079 0.32535866
v 0.88757843 -0.16012079 0.35247189
v 0.88757843 -0.09494083 0.32535866
v 0.88757843 -0.02976087 0.32535866
v 0.88757843 -0.09494083 0.35247189
v 0.88757843 -0.02976087 0.35247189
v 0.88757843 -0.16012079 0.37958512
v 0.88757843 -0.16012079 0.40669832
v 0.88757843 -0.09494083 0.37958512
v 0.88757843 -0.09494083 0.40669832
v 0.88757843 -0.02976087 0.37958512
v 0.88757843 -0.02976087 0.40669832
v 0.88757843 0.03541909 0.32535866
v 0.88757843 0.03541909 0.35247189
v 0.88757843 0.03541909 0.37958512
v 0.88757843 0.03541909 0.40669832
v -0.09679665 -0.94228029 0.43381155
v -0.09679665 -0.94228029 0.46092477
v -0.03117164 -0.94228029 0.43381155
v -0.03117164 -0.94228029 0.46092477
v -0.09679665 -0.94228029 0.48803800
v -0.09679665 -0.94228029 0.51515120
v -0.03117164 -0.94228029 0.48803800
v -0.03117164 -0.94228029 0.51515120
v 0.03445336 -0.94228029 0.43381155
v 0.03445336 -0.94228029 0.46092477
v 0.10007836 -0.94228029 0.43381155
v 0.10007836 -0.94228029 0.46092477
v 0.03445336 -0.94228029 0.48803800
v 0.03445336 -0.94228029 0.51515120
v 0.10007836 -0.94228029 0.48803800
v 0.10007836 -0.94228029 0.51515120
v -0.09679665 -0.94228029 0.54226446
v -0.09679665 -0.94228029 0.56937766
v -0.09679665 -0.94228029 0.59649086
v -0.03117164 -0.94228029 0.54226446
v -0.03117164 -0.94228029 0.56937766
v -0.03117164 -0.94228029 0.59649086
v -0.09679665 -0.94228029 0.62360412
v -0.03117164 -0.94228029 0.62360412
v 0.03445336 -0.94228029 0.54226446
v 0.03445336 -0.94228029 0.56937766
v 0.03445336 -0.94228029 0.59649086
v 0.10007836 -0.94228029 0.54226446
v 0.10007836 -0.94228029 0.56937766
v 0.10007836 -0.94228029 0.59649086
v 0.03445336 -0.94228029 0.62360412
v 0.10007836 -0.94228029 0.62360412
v -0.14797480 -0.62355918 0.48466811
v -0.11060000 -0.60041177 0.48604009
v -0.07860240 -0.62586093 0.45922890
v -0.09162880 -0.61649072 0.47790471
v -0.03426050 -0.55189067 0.45960721
v -0.07132200 -0.58738339 0.47302490
v -0.14483030 -0.55274498 0.49695271
v -0.12928750 -0.50130421 0.46291661
v -0.11788040 -0.48605001 0.47839081
v -0.15708891 -0.43943530 0.48634180
v -0.06768460 -0.51557249 0.45906591
v -0.06300710 -0.52891672 0.45923260
v -0.14994369 -0.52652979 0.48968771
v -0.13877399 -0.43811959 0.49024129
v -0.10099180 -0.44529501 0.50230932
v -0.07544200 -0.47929260 0.49293220
v -0.04165810 -0.43773979 0.52115738
v -0.02732220 -0.62704998 0.44094780
v 0.03181240 -0.61788398 0.44494241
v -0.01676640 -0.58266199 0.45691350
v -0.03077800 -0.61405140 0.46281269
v 0.04707040 -0.59730297 0.44342479
v 0.04766550 -0.55843669 0.44203040
v 0.00364450 -0.52988732 0.44973090
v -0.00612570 -0.50806522 0.47503039
v 0.08916510 -0.53772467 0.43559229
v 0.05787180 -0.51293677 0.47441870
v 0.08798110 -0.49567690 0.47712141
v -0.02595120 -0.46886989 0.51418269
v 0.01331510 -0.45866781 0.51381743
v 0.01996990 -0.47991729 0.50551510
v -0.01448720 -0.42364460 0.52814257
v -0.00234570 -0.43707749 0.52824318
v 0.07803960 -0.46571130 0.50052029
v 0.07555400 -0.43210179 0.50996238
v 0.03507850 -0.45000640 0.51646352
v 0.16570337 -0.94228029 0.43381155
v 0.16570337 -0.94228029 0.46092477
v 0.23132837 -0.94228029 0.43381155
v 0.23132837 -0.94228029 0.46092477
v 0.16570337 -0.94228029 0.48803800
v 0.16570337 -0.94228029 0.51515120
v 0.23132837 -0.94228029 0.48803800
v 0.23132837 -0.94228029 0.51515120
v 0.29695338 -0.94228029 0.43381155
v 0.29695338 -0.94228029 0.46092477
v 0.36257836 -0.94228029 0.43381155
v 0.36257836 -0.94228029 0.46092477
v 0.29695338 -0.94228029 0.48803800
v 0.29695338 -0.94228029 0.51515120
v 0.36257836 -0.94228029 0.48803800
v 0.36257836 -0.94228029 0.51515120
v 0.16570337 -0.94228029 0.54226446
v 0.16570337 -0.94228029 0.56937766
v 0.16570337 -0.94228029 0.59649086
v 0.23132837 -0.94228029 0.54226446
v 0.23132837 -0.94228029 0.56937766
v 0.23132837 -0.94228029 0.59649086
v 0.16570337 -0.94228029 0.62360412
v 0.23132837 -0.94228029 0.62360412
v 0.29695338 -0.94228029 0.54226446
v 0.29695338 -0.94228029 0.56937766
v 0.29695338 -0.94228029 0.59649086
v 0.36257836 -0.94228029 0.54226446
v 0.36257836 -0.94228029 0.56937766
v 0.36257836 -0.94228029 0.59649086
v 0.29695338 -0.94228029 0.62360412
v 0.36257836 -0.94228029 0.62360412
v 0.10276260 -0.51271790 0.44926769
v 0.13587870 -0.45652920 0.46978080
v 0.21158271 -0.44295970 0.43602750
v 0.18566050 -0.43098211 0.46135339
v -0.09679665 -0.94228029 0.65071732
v -0.09679665 -0.94228029 0.67783052
v -0.03117164 -0.94228029 0.65071732
v -0.03117164 -0.94228029 0.67783052
v -0.09679665 -0.94228029 0.70494378
v -0.09679665 -0.94228029 0.73205698
v -0.03117164 -0.94228029 0.70494378
v -0.03117164 -0.94228029 0.73205698
v 0.03445336 -0.94228029 0.65071732
v 0.03445336 -0.94228029 0.67783052
v 0.10007836 -0.94228029 0.65071732
v 0.10007836 -0.94228029 0.67783052
v 0.03445336 -0.94228029 0.70494378
v 0.03445336 -0.94228029 0.73205698
v 0.10007836 -0.94228029 0.70494378
v 0.10007836 -0.94228029 0.73205698
v -0.09679665 -0.94228029 0.75917023
v -0.09679665 -0.94228029 0.78628343
v -0.09679665 -0.94228029 0.81339663
v -0.03117164 -0.94228029 0.75917023
v -0.03117164 -0.94228029 0.78628343
v -0.03117164 -0.94228029 0.81339663
v -0.09679665 -0.94228029 0.84050989
v -0.09679665 -0.94228029 0.86762309
v -0.09679665 -0.87710035 0.86762309
v -0.09679665 -0.81192040 0.86762309
v -0.03117164 -0.94228029 0.84050989
v -0.03117164 -0.94228029 0.86762309
v -0.03117164 -0.87710035 0.86762309
v -0.03117164 -0.81192040 0.86762309
v -0.09679665 -0.74674040 0.86762309
v -0.03117164 -0.74674040 0.86762309
v 0.03445336 -0.94228029 0.75917023
v 0.03445336 -0.94228029 0.78628343
v 0.03445336 -0.94228029 0.81339663
v 0.10007836 -0.94228029 0.75917023
v 0.10007836 -0.94228029 0.78628343
v 0.10007836 -0.94228029 0.81339663
v 0.03445336 -0.94228029 0.84050989
v 0.03445336 -0.94228029 0.86762309
v 0.03445336 -0.87710035 0.86762309
v 0.03445336 -0.81192040 0.86762309
v 0.10007836 -0.94228029 0.84050989
v 0.10007836 -0.94228029 0.86762309
v 0.10007836 -0.87710035 0.86762309
v 0.10007836 -0.81192040 0.86762309
v 0.03445336 -0.74674040 0.86762309
v 0.10007836 -0.74674040 0.86762309
v -0.09679665 -0.68156046 0.86762309
v -0.09679665 -0.61638051 0.86762309
v -0.09679665 -0.55120057 0.86762309
v -0.03117164 -0.68156046 0.86762309
v -0.03117164 -0.61638051 0.86762309
v -0.03117164 -0.55120057 0.86762309
v -0.09679665 -0.48602059 0.86762309
v -0.03117164 -0.48602059 0.86762309
v 0.03445336 -0.68156046 0.86762309
v 0.03445336 -0.61638051 0.86762309
v 0.03445336 -0.55120057 0.86762309
v 0.10007836 -0.68156046 0.86762309
v 0.10007836 -0.61638051 0.86762309
v 0.10007836 -0.55120057 0.86762309
v 0.03445336 -0.48602059 0.86762309
v 0.10007836 -0.48602059 0.86762309
v 0.16570337 -0.94228029 0.65071732
v 0.16570337 -0.94228029 0.67783052
v 0.23132837 -0.94228029 0.65071732
v 0.23132837 -0.94228029 0.67783052
v 0.16570337 -0.94228029 0.70494378
v 0.16570337 -0.94228029 0.73205698
v 0.23132837 -0.94228029 0.70494378
v 0.23132837 -0.94228029 0.73205698
v 0.29695338 -0.94228029 0.65071732
v 0.29695338 -0.94228029 0.67783052
v 0.36257836 -0.94228029 0.65071732
v 0.36257836 -0.94228029 0.67783052
v 0.29695338 -0.94228029 0.70494378
v 0.29695338 -0.94228029 0.73205698
v 0.36257836 -0.94228029 0.70494378
v 0.36257836 -0.94228029 0.73205698
v 0.16570337 -0.94228029 0.75917023
v 0.16570337 -0.94228029 0.78628343
v 0.16570337 -0.94228029 0.81339663
v 0.23132837 -0.94228029 0.75917023
v 0.23132837 -0.94228029 0.78628343
v 0.23132837 -0.94228029 0.81339663
v 0.16570337 -0.94228029 0.84050989
v 0.16570337 -0.94228029 0.86762309
v 0.16570337 -0.87710035 0.86762309
v 0.16570337 -0.81192040 0.86762309
v 0.23132837 -0.94228029 0.84050989
v 0.23132837 -0.94228029 0.86762309
v 0.23132837 -0.87710035 0.86762309
v 0.23132837 -0.81192040 0.86762309
v 0.16570337 -0.74674040 0.86762309
v 0.23132837 -0.74674040 0.86762309
v 0.29695338 -0.94228029 0.75917023
v 0.29695338 -0.94228029 0.78628343
v 0.29695338 -0.94228029 0.81339663
v 0.36257836 -0.94228029 0.75917023
v 0.36257836 -0.94228029 0.78628343
v 0.36257836 -0.94228029 0.81339663
v 0.29695338 -0.94228029 0.84050989
v 0.29695338 -0.94228029 0.86762309
v 0.29695338 -0.87710035 0.86762309
v 0.29695338 -0.81192040 0.86762309
v 0.36257836 -0.94228029 0.84050989
v 0.36257836 -0.94228029 0.86762309
v 0.36257836 -0.87710035 0.86762309
v 0.36257836 -0.81192040 0.86762309
v 0.29695338 -0.74674040 0.86762309
v 0.36257836 -0.74674040 0.86762309
v 0.16570337 -0.68156046 0.86762309
v 0.16570337 -0.61638051 0.86762309
v 0.16570337 -0.55120057 0.86762309
v 0.23132837 -0.68156046 0.86762309
v 0.23132837 -0.61638051 0.86762309
v 0.23132837 -0.55120057 0.86762309
v 0.16570337 -0.48602059 0.86762309
v 0.23132837 -0.48602059 0.86762309
v 0.29695338 -0.68156046 0.86762309
v 0.29695338 -0.61638051 0.86762309
v 0.29695338 -0.55120057 0.86762309
v 0.36257836 -0.68156046 0.86762309
v 0.36257836 -0.61638051 0.86762309
v 0.36257836 -0.55120057 0.86762309
v 0.29695338 -0.48602059 0.86762309
v 0.36257836 -0.48602059 0.86762309
v -0.15193330 -0.37629819 0.50624228
v -0.11588990 -0.40848869 0.50998342
v -0.12200010 -0.36844760 0.52614409
v -0.14255710 -0.33027190 0.51944250
v -0.11009200 -0.33840650 0.53091908
v -0.09940970 -0.29795879 0.53451169
v -0.08247170 -0.38271299 0.53469861
v -0.04470950 -0.40591311 0.52195460
v -0.04165010 -0.37054041 0.53836793
v -0.14735369 -0.27878281 0.53175819
v -0.13316920 -0.27899519 0.52876937
v -0.00425600 -0.40026930 0.52671778
v -0.00826380 -0.37851661 0.53968573
v 0.03143340 -0.38591090 0.53620052
v 0.05025320 -0.41308281 0.51647139
v 0.06245040 -0.38137910 0.52958530
v 0.09658950 -0.35781100 0.52213371
v 0.06723250 -0.33881599 0.53750408
v 0.05116960 -0.30685619 0.53819382
v 0.07440340 -0.26461321 0.54198021
v 0.09777570 -0.22504920 0.53419441
v 0.07912660 -0.18359400 0.53533238
v -0.05558790 -0.33118960 0.54305571
v -0.04836110 -0.29091460 0.55000770
v -0.11471470 -0.25680050 0.54379672
v -0.14073730 -0.22394630 0.54614788
v -0.14738640 -0.16247471 0.55041462
v -0.11000310 -0.19209200 0.55780327
v -0.09613370 -0.22625761 0.55480331
v -0.07072470 -0.24968690 0.56044072
v -0.06161540 -0.26646250 0.56045312
v -0.03139920 -0.23237130 0.56762308
v -0.05743070 -0.20020230 0.56042272
v 0.02575920 -0.35815191 0.54645687
v -0.00109140 -0.29446080 0.54698449
v 0.00245250 -0.32875159 0.54688269
v -0.02893990 -0.26644209 0.56233072
v 0.00021120 -0.25378141 0.55778170
v -0.00100690 -0.22104800 0.56255841
v -0.01989420 -0.18125370 0.55640107
v 0.02647090 -0.19955030 0.54833221
v 0.04054000 -0.25939721 0.54426730
v 0.05382970 -0.22573510 0.54454279
v -0.14734310 -0.07661820 0.53961241
v -0.13915411 -0.04987870 0.52198160
v -0.08574250 -0.04202270 0.52635592
v -0.05435230 -0.06295510 0.54035097
v -0.15335350 -0.02634820 0.48472169
v -0.07284150 0.00450470 0.45909649
v -0.11314270 -0.02311810 0.49876589
v -0.05667340 -0.02317140 0.50989872
v -0.00118390 -0.06328230 0.53556317
v -0.01178340 -0.03427430 0.52026469
v 0.03913300 -0.03799040 0.51176560
v 0.09194230 -0.04121440 0.49217770
v 0.04639420 -0.07823150 0.52895832
v 0.09094790 -0.09105820 0.52411461
v -0.01983450 0.01148150 0.44108811
v 0.02329340 0.00406810 0.45377329
v -0.02079850 -0.00299380 0.48192191
v 0.04973960 0.01829090 0.43912640
v 0.09330020 0.01296190 0.45797870
v 0.06954400 -0.00858090 0.46809509
v 0.02977780 -0.01391810 0.48855269
v -0.16128610 -0.12065370 0.54854482
v -0.13173030 -0.09627990 0.54789889
v -0.11993500 -0.14041550 0.55363572
v -0.10511070 -0.10557180 0.54781300
v -0.10840960 -0.07135290 0.54239702
v -0.06667100 -0.14804940 0.55267662
v -0.08215510 -0.15232660 0.55689782
v -0.03717170 -0.14461830 0.55296087
v -0.06400900 -0.09021530 0.54988438
v -0.01202550 -0.10299620 0.54671699
v 0.01213890 -0.15372750 0.55536282
v 0.03391180 -0.12961730 0.55151403
v 0.05946310 -0.15797460 0.54586017
v 0.07386530 -0.12876929 0.54251868
v 0.14409180 -0.41953689 0.47876099
v 0.22413060 -0.39726350 0.44345799
v 0.21174110 -0.37578580 0.45710170
v 0.17183770 -0.40123239 0.47239909
v 0.18887430 -0.38421789 0.46960929
v 0.19457710 -0.34702179 0.46326280
v 0.20293871 -0.29400381 0.47374120
v 0.11354850 -0.41636649 0.50187862
v 0.10060010 -0.39235181 0.50739199
v 0.14038651 -0.37088519 0.48821691
v 0.12490000 -0.34361640 0.50697422
v 0.16017380 -0.32364041 0.49313751
v 0.10839320 -0.32060239 0.52187222
v 0.22609140 -0.28684479 0.45449400
v 0.21933120 -0.23779970 0.47672799
v 0.21017940 -0.18848141 0.48748690
v 0.14755760 -0.27238271 0.50964481
v 0.11414430 -0.27867591 0.52436942
v 0.13606280 -0.22327390 0.52418429
v 0.13944410 -0.19007780 0.51968169
v 0.16605620 -0.25793669 0.50103313
v 0.17507620 -0.23144430 0.50742972
v 0.17302340 -0.19557810 0.51005208
v 0.23851730 -0.34853771 0.43701541
v 0.25042310 -0.23405960 0.44873241
v 0.24431279 -0.20323139 0.46429631
v 0.15236500 -0.06325910 0.48278770
v 0.20229390 -0.12988870 0.47789410
v 0.19953009 -0.03040010 0.45409161
v 0.22989359 -0.04373680 0.44806230
v 0.17275250 -0.08554210 0.47093180
v 0.20728700 -0.08113040 0.46445861
v 0.12750570 -0.15019301 0.51301330
v 0.16213369 -0.10733200 0.48843020
v 0.10572590 -0.13263559 0.52912748
v 0.12117700 -0.09815530 0.51619202
v 0.12968341 -0.06451430 0.49756390
v 0.17445230 -0.15587750 0.49580529
v 0.13038640 0.00983320 0.45876381
v 0.16409060 -0.02552640 0.45863459
v 0.16273090 0.03507190 0.43781421
v 0.12802650 -0.02908760 0.47129160
v 0.11580060 0.04146610 0.43886831
v 0.19643520 0.00650190 0.44238931
v 0.25012559 -0.10890200 0.45103920
v 0.23307081 -0.14747220 0.46686539
v -0.09679665 -0.42084062 0.86762309
v -0.09679665 -0.35566068 0.86762309
v -0.03117164 -0.42084062 0.86762309
v -0.03117164 -0.35566068 0.86762309
v -0.09679665 -0.29048070 0.86762309
v -0.09679665 -0.22530074 0.86762309
v -0.03117164 -0.29048070 0.86762309
v -0.03117164 -0.22530074 0.86762309
v 0.03445336 -0.42084062 0.86762309
v 0.03445336 -0.35566068 0.86762309
v 0.10007836 -0.42084062 0.86762309
v 0.10007836 -0.35566068 0.86762309
v 0.03445336 -0.29048070 0.86762309
v 0.03445336 -0.22530074 0.86762309
v 0.10007836 -0.29048070 0.86762309
v 0.10007836 -0.22530074 0.86762309
v -0.09679665 -0.16012079 0.86762309
v -0.09679665 -0.09494083 0.86762309
v -0.09679665 -0.02976087 0.86762309
v -0.03117164 -0.16012079 0.86762309
v -0.03117164 -0.09494083 0.86762309
v -0.03117164 -0.02976087 0.86762309
v -0.09679665 0.03541909 0.86762309
v -0.03117164 0.03541909 0.86762309
v 0.03445336 -0.16012079 0.86762309
v 0.03445336 -0.09494083 0.86762309
v 0.03445336 -0.02976087 0.86762309
v 0.10007836 -0.16012079 0.86762309
v 0.10007836 -0.09494083 0.86762309
v 0.10007836 -0.02976087 0.86762309
v 0.03445336 0.03541909 0.86762309
v 0.10007836 0.03541909 0.86762309
v 0.16570337 -0.42084062 0.86762309
v 0.16570337 -0.35566068 0.86762309
v 0.23132837 -0.42084062 0.86762309
v 0.23132837 -0.35566068 0.86762309
v 0.16570337 -0.29048070 0.86762309
v 0.16570337 -0.22530074 0.86762309
v 0.23132837 -0.29048070 0.86762309
v 0.23132837 -0.22530074 0.86762309
v 0.29695338 -0.42084062 0.86762309
v 0.29695338 -0.35566068 0.86762309
v 0.36257836 -0.42084062 0.86762309
v 0.36257836 -0.35566068 0.86762309
v 0.29695338 -0.29048070 0.86762309
v 0.29695338 -0.22530074 0.86762309
v 0.36257836 -0.29048070 0.86762309
v 0.36257836 -0.22530074 0.86762309
v 0.16570337 -0.16012079 0.86762309
v 0.16570337 -0.09494083 0.86762309
v 0.16570337 -0.02976087 0.86762309
v 0.23132837 -0.16012079 0.86762309
v 0.23132837 -0.09494083 0.86762309
v 0.23132837 -0.02976087 0.86762309
v 0.16570337 0.03541909 0.86762309
v 0.23132837 0.03541909 0.86762309
v 0.29695338 -0.16012079 0.86762309
v 0.29695338 -0.09494083 0.86762309
v 0.29695338 -0.02976087 0.86762309
v 0.36257836 -0.16012079 0.86762309
v 0.36257836 -0.09494083 0.86762309
v 0.36257836 -0.02976087 0.86762309
v 0.29695338 0.03541909 0.86762309
v 0.36257836 0.03541909 0.86762309
v 0.42820337 -0.94228029 0.43381155
v 0.42820337 -0.94228029 0.46092477
v 0.49382839 -0.94228029 0.43381155
v 0.49382839 -0.94228029 0.46092477
v 0.42820337 -0.94228029 0.48803800
v 0.42820337 -0.94228029 0.51515120
v 0.49382839 -0.94228029 0.48803800
v 0.49382839 -0.94228029 0.51515120
v 0.55945337 -0.94228029 0.43381155
v 0.55945337 -0.94228029 0.46092477
v 0.62507838 -0.94228029 0.43381155
v 0.62507838 -0.94228029 0.46092477
v 0.55945337 -0.94228029 0.48803800
v 0.55945337 -0.94228029 0.51515120
v 0.62507838 -0.94228029 0.48803800
v 0.62507838 -0.94228029 0.51515120
v 0.42820337 -0.94228029 0.54226446
v 0.42820337 -0.94228029 0.56937766
v 0.42820337 -0.94228029 0.59649086
v 0.49382839 -0.94228029 0.54226446
v 0.49382839 -0.94228029 0.56937766
v 0.49382839 -0.94228029 0.59649086
v 0.42820337 -0.94228029 0.62360412
v 0.49382839 -0.94228029 0.62360412
v 0.55945337 -0.94228029 0.54226446
v 0.55945337 -0.94228029 0.56937766
v 0.55945337 -0.94228029 0.59649086
v 0.62507838 -0.94228029 0.54226446
v 0.62507838 -0.94228029 0.56937766
v 0.62507838 -0.94228029 0.59649086
v 0.55945337 -0.94228029 0.62360412
v 0.62507838 -0.94228029 0.62360412
v 0.69070339 -0.94228029 0.43381155
v 0.69070339 -0.94228029 0.46092477
v 0.75632840 -0.94228029 0.43381155
v 0.75632840 -0.94228029 0.46092477
v 0.69070339 -0.94228029 0.48803800
v 0.69070339 -0.94228029 0.51515120
v 0.75632840 -0.94228029 0.48803800
v 0.75632840 -0.94228029 0.51515120
v 0.82195342 -0.94228029 0.43381155
v 0.82195342 -0.94228029 0.46092477
v 0.88757843 -0.94228029 0.43381155
v 0.88757843 -0.87710035 0.43381155
v 0.88757843 -0.94228029 0.46092477
v 0.88757843 -0.87710035 0.46092477
v 0.88757843 -0.81192040 0.43381155
v 0.88757843 -0.81192040 0.46092477
v 0.82195342 -0.94228029 0.48803800
v 0.82195342 -0.94228029 0.51515120
v 0.88757843 -0.94228029 0.48803800
v 0.88757843 -0.94228029 0.51515120
v 0.88757843 -0.87710035 0.48803800
v 0.88757843 -0.87710035 0.51515120
v 0.88757843 -0.81192040 0.48803800
v 0.88757843 -0.81192040 0.51515120
v 0.88757843 -0.74674040 0.43381155
v 0.88757843 -0.74674040 0.46092477
v 0.88757843 -0.74674040 0.48803800
v 0.88757843 -0.74674040 0.51515120
v 0.69070339 -0.94228029 0.54226446
v 0.69070339 -0.94228029 0.56937766
v 0.69070339 -0.94228029 0.59649086
v 0.75632840 -0.94228029 0.54226446
v 0.75632840 -0.94228029 0.56937766
v 0.75632840 -0.94228029 0.59649086
v 0.69070339 -0.94228029 0.62360412
v 0.75632840 -0.94228029 0.62360412
v 0.82195342 -0.94228029 0.54226446
v 0.82195342 -0.94228029 0.56937766
v 0.82195342 -0.94228029 0.59649086
v 0.88757843 -0.94228029 0.54226446
v 0.88757843 -0.87710035 0.54226446
v 0.88757843 -0.94228029 0.56937766
v 0.88757843 -0.94228029 0.59649086
v 0.88757843 -0.87710035 0.56937766
v 0.88757843 -0.87710035 0.59649086
v 0.88757843 -0.81192040 0.54226446
v 0.88757843 -0.81192040 0.56937766
v 0.88757843 -0.81192040 0.59649086
v 0.82195342 -0.94228029 0.62360412
v 0.88757843 -0.94228029 0.62360412
v 0.88757843 -0.87710035 0.62360412
v 0.88757843 -0.81192040 0.62360412
v 0.88757843 -0.74674040 0.54226446
v 0.88757843 -0.74674040 0.56937766
v 0.88757843 -0.74674040 0.59649086
v 0.88757843 -0.74674040 0.62360412
v 0.88757843 -0.68156046 0.43381155
v 0.88757843 -0.61638051 0.43381155
v 0.88757843 -0.68156046 0.46092477
v 0.88757843 -0.61638051 0.46092477
v 0.88757843 -0.55120057 0.43381155
v 0.88757843 -0.55120057 0.46092477
v 0.88757843 -0.68156046 0.48803800
v 0.88757843 -0.68156046 0.51515120
v 0.88757843 -0.61638051 0.48803800
v 0.88757843 -0.61638051 0.51515120
v 0.88757843 -0.55120057 0.48803800
v 0.88757843 -0.55120057 0.51515120
v 0.88757843 -0.48602059 0.43381155
v 0.88757843 -0.48602059 0.46092477
v 0.88757843 -0.48602059 0.48803800
v 0.88757843 -0.48602059 0.51515120
v 0.88757843 -0.68156046 0.54226446
v 0.88757843 -0.61638051 0.54226446
v 0.88757843 -0.68156046 0.56937766
v 0.88757843 -0.68156046 0.59649086
v 0.88757843 -0.61638051 0.56937766
v 0.88757843 -0.61638051 0.59649086
v 0.88757843 -0.55120057 0.54226446
v 0.88757843 -0.55120057 0.56937766
v 0.88757843 -0.55120057 0.59649086
v 0.88757843 -0.68156046 0.62360412
v 0.88757843 -0.61638051 0.62360412
v 0.88757843 -0.55120057 0.62360412
v 0.88757843 -0.48602059 0.54226446
v 0.88757843 -0.48602059 0.56937766
v 0.88757843 -0.48602059 0.59649086
v 0.88757843 -0.48602059 0.62360412
v 0.42820337 -0.94228029 0.65071732
v 0.42820337 -0.94228029 0.67783052
v 0.49382839 -0.94228029 0.65071732
v 0.49382839 -0.94228029 0.67783052
v 0.42820337 -0.94228029 0.70494378
v 0.42820337 -0.94228029 0.73205698
v 0.49382839 -0.94228029 0.70494378
v 0.49382839 -0.94228029 0.73205698
v 0.55945337 -0.94228029 0.65071732
v 0.55945337 -0.94228029 0.67783052
v 0.62507838 -0.94228029 0.65071732
v 0.62507838 -0.94228029 0.67783052
v 0.55945337 -0.94228029 0.70494378
v 0.55945337 -0.94228029 0.73205698
v 0.62507838 -0.94228029 0.70494378
v 0.62507838 -0.94228029 0.73205698
v 0.42820337 -0.94228029 0.75917023
v 0.42820337 -0.94228029 0.78628343
v 0.42820337 -0.94228029 0.81339663
v 0.49382839 -0.94228029 0.75917023
v 0.49382839 -0.94228029 0.78628343
v 0.49382839 -0.94228029 0.81339663
v 0.42820337 -0.94228029 0.84050989
v 0.42820337 -0.94228029 0.86762309
v 0.42820337 -0.87710035 0.86762309
v 0.42820337 -0.81192040 0.86762309
v 0.49382839 -0.94228029 0.84050989
v 0.49382839 -0.94228029 0.86762309
v 0.49382839 -0.87710035 0.86762309
v 0.49382839 -0.81192040 0.86762309
v 0.42820337 -0.74674040 0.86762309
v 0.49382839 -0.74674040 0.86762309
v 0.55945337 -0.94228029 0.75917023
v 0.55945337 -0.94228029 0.78628343
v 0.55945337 -0.94228029 0.81339663
v 0.62507838 -0.94228029 0.75917023
v 0.62507838 -0.94228029 0.78628343
v 0.62507838 -0.94228029 0.81339663
v 0.55945337 -0.94228029 0.84050989
v 0.55945337 -0.94228029 0.86762309
v 0.55945337 -0.87710035 0.86762309
v 0.55945337 -0.81192040 0.86762309
v 0.62507838 -0.94228029 0.84050989
v 0.62507838 -0.94228029 0.86762309
v 0.62507838 -0.87710035 0.86762309
v 0.62507838 -0.81192040 0.86762309
v 0.55945337 -0.74674040 0.86762309
v 0.62507838 -0.74674040 0.86762309
v 0.42820337 -0.68156046 0.86762309
v 0.42820337 -0.61638051 0.86762309
v 0.42820337 -0.55120057 0.86762309
v 0.49382839 -0.68156046 0.86762309
v 0.49382839 -0.61638051 0.86762309
v 0.49382839 -0.55120057 0.86762309
v 0.42820337 -0.48602059 0.86762309
v 0.49382839 -0.48602059 0.86762309
v 0.55945337 -0.68156046 0.86762309
v 0.55945337 -0.61638051 0.86762309
v 0.55945337 -0.55120057 0.86762309
v 0.62507838 -0.68156046 0.86762309
v 0.62507838 -0.61638051 0.86762309
v 0.62507838 -0.55120057 0.86762309
v 0.55945337 -0.48602059 0.86762309
v 0.62507838 -0.48602059 0.86762309
v 0.69070339 -0.94228029 0.65071732
v 0.69070339 -0.94228029 0.67783052
v 0.75632840 -0.94228029 0.65071732
v 0.75632840 -0.94228029 0.67783052
v 0.69070339 -0.94228029 0.70494378
v 0.69070339 -0.94228029 0.73205698
v 0.75632840 -0.94228029 0.70494378
v 0.75632840 -0.94228029 0.73205698
v 0.82195342 -0.94228029 0.65071732
v 0.82195342 -0.94228029 0.67783052
v 0.88757843 -0.94228029 0.65071732
v 0.88757843 -0.94228029 0.67783052
v 0.88757843 -0.87710035 0.65071732
v 0.88757843 -0.87710035 0.67783052
v 0.88757843 -0.81192040 0.65071732
v 0.88757843 -0.81192040 0.67783052
v 0.82195342 -0.94228029 0.70494378
v 0.82195342 -0.94228029 0.73205698
v 0.88757843 -0.94228029 0.70494378
v 0.88757843 -0.94228029 0.73205698
v 0.88757843 -0.87710035 0.70494378
v 0.88757843 -0.87710035 0.73205698
v 0.88757843 -0.81192040 0.70494378
v 0.88757843 -0.81192040 0.73205698
v 0.88757843 -0.74674040 0.65071732
v 0.88757843 -0.74674040 0.67783052
v 0.88757843 -0.74674040 0.70494378
v 0.88757843 -0.74674040 0.73205698
v 0.69070339 -0.94228029 0.75917023
v 0.69070339 -0.94228029 0.78628343
v 0.69070339 -0.94228029 0.81339663
v 0.75632840 -0.94228029 0.75917023
v 0.75632840 -0.94228029 0.78628343
v 0.75632840 -0.94228029 0.81339663
v 0.69070339 -0.94228029 0.84050989
v 0.69070339 -0.94228029 0.86762309
v 0.69070339 -0.87710035 0.86762309
v 0.69070339 -0.81192040 0.86762309
v 0.75632840 -0.94228029 0.84050989
v 0.75632840 -0.94228029 0.86762309
v 0.75632840 -0.87710035 0.86762309
v 0.75632840 -0.81192040 0.86762309
v 0.69070339 -0.74674040 0.86762309
v 0.75632840 -0.74674040 0.86762309
v 0.82195342 -0.94228029 0.75917023
v 0.82195342 -0.94228029 0.78628343
v 0.82195342 -0.94228029 0.81339663
v 0.88757843 -0.94228029 0.75917023
v 0.88757843 -0.87710035 0.75917023
v 0.88757843 -0.94228029 0.78628343
v 0.88757843 -0.94228029 0.81339663
v 0.88757843 -0.87710035 0.78628343
v 0.88757843 -0.87710035 0.81339663
v 0.88757843 -0.81192040 0.75917023
v 0.88757843 -0.81192040 0.78628343
v 0.88757843 -0.81192040 0.81339663
v 0.82195342 -0.94228029 0.84050989
v 0.82195342 -0.94228029 0.86762309
v 0.82195342 -0.87710035 0.86762309
v 0.82195342 -0.81192040 0.86762309
v 0.88757843 -0.94228029 0.84050989
v 0.88757843 -0.94228029 0.86762309
v 0.88757843 -0.87710035 0.84050989
v 0.88757843 -0.87710035 0.86762309
v 0.88757843 -0.81192040 0.84050989
v 0.88757843 -0.81192040 0.86762309
v 0.88757843 -0.74674040 0.75917023
v 0.88757843 -0.74674040 0.78628343
v 0.88757843 -0.74674040 0.81339663
v 0.82195342 -0.74674040 0.86762309
v 0.88757843 -0.74674040 0.84050989
v 0.88757843 -0.74674040 0.86762309
v 0.88757843 -0.68156046 0.65071732
v 0.88757843 -0.68156046 0.67783052
v 0.88757843 -0.61638051 0.65071732
v 0.88757843 -0.61638051 0.67783052
v 0.88757843 -0.55120057 0.65071732
v 0.88757843 -0.55120057 0.67783052
v 0.88757843 -0.68156046 0.70494378
v 0.88757843 -0.68156046 0.73205698
v 0.88757843 -0.61638051 0.70494378
v 0.88757843 -0.61638051 0.73205698
v 0.88757843 -0.55120057 0.70494378
v 0.88757843 -0.55120057 0.73205698
v 0.88757843 -0.48602059 0.65071732
v 0.88757843 -0.48602059 0.67783052
v 0.88757843 -0.48602059 0.70494378
v 0.88757843 -0.48602059 0.73205698
v 0.69070339 -0.68156046 0.86762309
v 0.69070339 -0.61638051 0.86762309
v 0.69070339 -0.55120057 0.86762309
v 0.75632840 -0.68156046 0.86762309
v 0.75632840 -0.61638051 0.86762309
v 0.75632840 -0.55120057 0.86762309
v 0.69070339 -0.48602059 0.86762309
v 0.75632840 -0.48602059 0.86762309
v 0.88757843 -0.68156046 0.75917023
v 0.88757843 -0.61638051 0.75917023
v 0.88757843 -0.68156046 0.78628343
v 0.88757843 -0.68156046 0.81339663
v 0.88757843 -0.61638051 0.78628343
v 0.88757843 -0.61638051 0.81339663
v 0.88757843 -0.55120057 0.75917023
v 0.88757843 -0.55120057 0.78628343
v 0.88757843 -0.55120057 0.81339663
v 0.82195342 -0.68156046 0.86762309
v 0.82195342 -0.61638051 0.86762309
v 0.82195342 -0.55120057 0.86762309
v 0.88757843 -0.68156046 0.84050989
v 0.88757843 -0.68156046 0.86762309
v 0.88757843 -0.61638051 0.84050989
v 0.88757843 -0.61638051 0.86762309
v 0.88757843 -0.55120057 0.84050989
v 0.88757843 -0.55120057 0.86762309
v 0.88757843 -0.48602059 0.75917023
v 0.88757843 -0.48602059 0.78628343
v 0.88757843 -0.48602059 0.81339663
v 0.82195342 -0.48602059 0.86762309
v 0.88757843 -0.48602059 0.84050989
v 0.88757843 -0.48602059 0.86762309
v 0.88757843 -0.42084062 0.43381155
v 0.88757843 -0.35566068 0.43381155
v 0.88757843 -0.42084062 0.46092477
v 0.88757843 -0.35566068 0.46092477
v 0.88757843 -0.42084062 0.48803800
v 0.88757843 -0.42084062 0.51515120
v 0.88757843 -0.35566068 0.48803800
v 0.88757843 -0.35566068 0.51515120
v 0.88757843 -0.29048070 0.43381155
v 0.88757843 -0.29048070 0.46092477
v 0.88757843 -0.22530074 0.43381155
v 0.88757843 -0.22530074 0.46092477
v 0.88757843 -0.29048070 0.48803800
v 0.88757843 -0.29048070 0.51515120
v 0.88757843 -0.22530074 0.48803800
v 0.88757843 -0.22530074 0.51515120
v 0.88757843 -0.42084062 0.54226446
v 0.88757843 -0.35566068 0.54226446
v 0.88757843 -0.42084062 0.56937766
v 0.88757843 -0.42084062 0.59649086
v 0.88757843 -0.35566068 0.56937766
v 0.88757843 -0.35566068 0.59649086
v 0.88757843 -0.42084062 0.62360412
v 0.88757843 -0.35566068 0.62360412
v 0.88757843 -0.29048070 0.54226446
v 0.88757843 -0.29048070 0.56937766
v 0.88757843 -0.29048070 0.59649086
v 0.88757843 -0.22530074 0.54226446
v 0.88757843 -0.22530074 0.56937766
v 0.88757843 -0.22530074 0.59649086
v 0.88757843 -0.29048070 0.62360412
v 0.88757843 -0.22530074 0.62360412
v 0.88757843 -0.16012079 0.43381155
v 0.88757843 -0.16012079 0.46092477
v 0.88757843 -0.09494083 0.43381155
v 0.88757843 -0.02976087 0.43381155
v 0.88757843 -0.09494083 0.46092477
v 0.88757843 -0.02976087 0.46092477
v 0.88757843 -0.16012079 0.48803800
v 0.88757843 -0.16012079 0.51515120
v 0.88757843 -0.09494083 0.48803800
v 0.88757843 -0.09494083 0.51515120
v 0.88757843 -0.02976087 0.48803800
v 0.88757843 -0.02976087 0.51515120
v 0.88757843 0.03541909 0.43381155
v 0.88757843 0.03541909 0.46092477
v 0.88757843 0.03541909 0.48803800
v 0.88757843 0.03541909 0.51515120
v 0.88757843 -0.16012079 0.54226446
v 0.88757843 -0.16012079 0.56937766
v 0.88757843 -0.16012079 0.59649086
v 0.88757843 -0.09494083 0.54226446
v 0.88757843 -0.02976087 0.54226446
v 0.88757843 -0.09494083 0.56937766
v 0.88757843 -0.09494083 0.59649086
v 0.88757843 -0.02976087 0.56937766
v 0.88757843 -0.02976087 0.59649086
v 0.88757843 -0.16012079 0.62360412
v 0.88757843 -0.09494083 0.62360412
v 0.88757843 -0.02976087 0.62360412
v 0.88757843 0.03541909 0.54226446
v 0.88757843 0.03541909 0.56937766
v 0.88757843 0.03541909 0.59649086
v 0.88757843 0.03541909 0.62360412
v 0.42820337 -0.42084062 0.86762309
v 0.42820337 -0.35566068 0.86762309
v 0.49382839 -0.42084062 0.86762309
v 0.49382839 -0.35566068 0.86762309
v 0.42820337 -0.29048070 0.86762309
v 0.42820337 -0.22530074 0.86762309
v 0.49382839 -0.29048070 0.86762309
v 0.49382839 -0.22530074 0.86762309
v 0.55945337 -0.42084062 0.86762309
v 0.55945337 -0.35566068 0.86762309
v 0.62507838 -0.42084062 0.86762309
v 0.62507838 -0.35566068 0.86762309
v 0.55945337 -0.29048070 0.86762309
v 0.55945337 -0.22530074 0.86762309
v 0.62507838 -0.29048070 0.86762309
v 0.62507838 -0.22530074 0.86762309
v 0.42820337 -0.16012079 0.86762309
v 0.42820337 -0.09494083 0.86762309
v 0.42820337 -0.02976087 0.86762309
v 0.49382839 -0.16012079 0.86762309
v 0.49382839 -0.09494083 0.86762309
v 0.49382839 -0.02976087 0.86762309
v 0.42820337 0.03541909 0.86762309
v 0.49382839 0.03541909 0.86762309
v 0.55945337 -0.16012079 0.86762309
v 0.55945337 -0.09494083 0.86762309
v 0.55945337 -0.02976087 0.86762309
v 0.62507838 -0.16012079 0.86762309
v 0.62507838 -0.09494083 0.86762309
v 0.62507838 -0.02976087 0.86762309
v 0.55945337 0.03541909 0.86762309
v 0.62507838 0.03541909 0.86762309
v 0.88757843 -0.42084062 0.65071732
v 0.88757843 -0.42084062 0.67783052
v 0.88757843 -0.35566068 0.65071732
v 0.88757843 -0.35566068 0.67783052
v 0.88757843 -0.42084062 0.70494378
v 0.88757843 -0.42084062 0.73205698
v 0.88757843 -0.35566068 0.70494378
v 0.88757843 -0.35566068 0.73205698
v 0.88757843 -0.29048070 0.65071732
v 0.88757843 -0.29048070 0.67783052
v 0.88757843 -0.22530074 0.65071732
v 0.88757843 -0.22530074 0.67783052
v 0.88757843 -0.29048070 0.70494378
v 0.88757843 -0.29048070 0.73205698
v 0.88757843 -0.22530074 0.70494378
v 0.88757843 -0.22530074 0.73205698
v 0.69070339 -0.42084062 0.86762309
v 0.69070339 -0.35566068 0.86762309
v 0.75632840 -0.42084062 0.86762309
v 0.75632840 -0.35566068 0.86762309
v 0.69070339 -0.29048070 0.86762309
v 0.69070339 -0.22530074 0.86762309
v 0.75632840 -0.29048070 0.86762309
v 0.75632840 -0.22530074 0.86762309
v 0.88757843 -0.42084062 0.75917023
v 0.88757843 -0.35566068 0.75917023
v 0.88757843 -0.42084062 0.78628343
v 0.88757843 -0.42084062 0.81339663
v 0.88757843 -0.35566068 0.78628343
v 0.88757843 -0.35566068 0.81339663
v 0.82195342 -0.42084062 0.86762309
v 0.82195342 -0.35566068 0.86762309
v 0.88757843 -0.42084062 0.84050989
v 0.88757843 -0.42084062 0.86762309
v 0.88757843 -0.35566068 0.84050989
v 0.88757843 -0.35566068 0.86762309
v 0.88757843 -0.29048070 0.75917023
v 0.88757843 -0.29048070 0.78628343
v 0.88757843 -0.29048070 0.81339663
v 0.88757843 -0.22530074 0.75917023
v 0.88757843 -0.22530074 0.78628343
v 0.88757843 -0.22530074 0.81339663
v 0.82195342 -0.29048070 0.86762309
v 0.82195342 -0.22530074 0.86762309
v 0.88757843 -0.29048070 0.84050989
v 0.88757843 -0.29048070 0.86762309
v 0.88757843 -0.22530074 0.84050989
v 0.88757843 -0.22530074 0.86762309
v 0.88757843 -0.16012079 0.65071732
v 0.88757843 -0.16012079 0.67783052
v 0.88757843 -0.09494083 0.65071732
v 0.88757843 -0.09494083 0.67783052
v 0.88757843 -0.02976087 0.65071732
v 0.88757843 -0.02976087 0.67783052
v 0.88757843 -0.16012079 0.70494378
v 0.88757843 -0.16012079 0.73205698
v 0.88757843 -0.09494083 0.70494378
v 0.88757843 -0.09494083 0.73205698
v 0.88757843 -0.02976087 0.70494378
v 0.88757843 -0.02976087 0.73205698
v 0.88757843 0.03541909 0.65071732
v 0.88757843 0.03541909 0.67783052
v 0.88757843 0.03541909 0.70494378
v 0.88757843 0.03541909 0.73205698
v 0.69070339 -0.16012079 0.86762309
v 0.69070339 -0.09494083 0.86762309
v 0.69070339 -0.02976087 0.86762309
v 0.75632840 -0.16012079 0.86762309
v 0.75632840 -0.09494083 0.86762309
v 0.75632840 -0.02976087 0.86762309
v 0.69070339 0.03541909 0.86762309
v 0.75632840 0.03541909 0.86762309
v 0.88757843 -0.16012079 0.75917023
v 0.88757843 -0.16012079 0.78628343
v 0.88757843 -0.16012079 0.81339663
v 0.88757843 -0.09494083 0.75917023
v 0.88757843 -0.02976087 0.75917023
v 0.88757843 -0.09494083 0.78628343
v 0.88757843 -0.09494083 0.81339663
v 0.88757843 -0.02976087 0.78628343
v 0.88757843 -0.02976087 0.81339663
v 0.82195342 -0.16012079 0.86762309
v 0.82195342 -0.09494083 0.86762309
v 0.82195342 -0.02976087 0.86762309
v 0.88757843 -0.16012079 0.84050989
v 0.88757843 -0.16012079 0.86762309
v 0.88757843 -0.09494083 0.84050989
v 0.88757843 -0.09494083 0.86762309
v 0.88757843 -0.02976087 0.84050989
v 0.88757843 -0.02976087 0.86762309
v 0.88757843 0.03541909 0.75917023
v 0.88757843 0.03541909 0.78628343
v 0.88757843 0.03541909 0.81339663
v 0.82195342 0.03541909 0.86762309
v 0.88757843 0.03541909 0.84050989
v 0.88757843 0.03541909 0.86762309
v -0.14226693 0.26350895 0.00000000
v -0.13302349 0.26623622 0.00000000
v -0.13698541 0.27003101 0.01264560
v -0.11227297 0.27210489 0.00000000
v -0.09679665 0.29613894 0.00000000
v -0.08904330 0.27663916 0.00000000
v -0.06390383 0.28141782 0.00000000
v -0.03117164 0.29613894 0.00000000
v -0.13045180 0.28110489 0.05770590
v -0.10379490 0.29153079 0.10628230
v -0.05414700 0.29988250 0.10166390
v -0.02955081 0.28704539 0.00000000
v -0.01810753 0.28877759 0.00000000
v 0.00186276 0.28834310 0.00000000
v 0.03445336 0.29613894 0.00000000
v 0.00936160 0.29868659 0.02500580
v 0.04727240 0.28885326 0.00000000
v 0.05804264 0.28875899 0.00000000
v 0.06397365 0.28860781 0.00000000
v 0.06294670 0.29271331 0.00897930
v 0.10007836 0.29613894 0.00000000
v -0.03004080 0.29951739 0.05455220
v 0.03457640 0.30590609 0.06968910
v 0.08141080 0.30126619 0.06066770
v -0.15731990 0.27743849 0.16128860
v -0.14720760 0.27167320 0.20828800
v -0.07815270 0.29542220 0.16311260
v -0.08689990 0.28785589 0.21294390
v -0.03296790 0.29555950 0.21031010
v 0.02313400 0.30820021 0.11557580
v -0.01737910 0.30380860 0.15816650
v 0.07481650 0.30672970 0.11294500
v 0.05714040 0.30609429 0.16264340
v 0.03502700 0.29989401 0.20464720
v 0.09191690 0.29651731 0.20026220
v -0.09679665 0.36131889 0.00000000
v -0.09679665 0.42649886 0.00000000
v -0.03117164 0.36131889 0.00000000
v -0.03117164 0.42649886 0.00000000
v -0.09679665 0.49167880 0.00000000
v -0.09679665 0.55685878 0.00000000
v -0.03117164 0.49167880 0.00000000
v -0.03117164 0.55685878 0.00000000
v 0.03445336 0.36131889 0.00000000
v 0.03445336 0.42649886 0.00000000
v 0.10007836 0.36131889 0.00000000
v 0.10007836 0.42649886 0.00000000
v 0.03445336 0.49167880 0.00000000
v 0.03445336 0.55685878 0.00000000
v 0.10007836 0.49167880 0.00000000
v 0.10007836 0.55685878 0.00000000
v 0.10903219 0.27958319 0.00000000
v 0.11724259 0.27792796 0.00000000
v 0.11909730 0.28316680 0.01289280
v 0.15839814 0.26267841 0.00000000
v 0.16060264 0.26169151 0.00000000
v 0.16159409 0.26248649 0.00215880
v 0.16482949 0.25963983 0.00000000
v 0.16570337 0.29613894 0.00000000
v 0.20467773 0.23800972 0.00000000
v 0.20369190 0.24391550 0.01063240
v 0.23132837 0.23095897 0.00000000
v 0.18622240 0.26244181 0.05370490
v 0.23132837 0.29613894 0.00000000
v 0.13222811 0.28930509 0.06702220
v 0.24727264 0.20881152 0.00000000
v 0.24889874 0.20760345 0.00000000
v 0.24859995 0.20783906 0.00000000
v 0.24987772 0.20685060 0.00000000
v 0.30231240 0.16349974 0.00000000
v 0.30610093 0.15678704 0.00000000
v 0.32381102 0.13362065 0.00000000
v 0.34037128 0.11509356 0.00000000
v 0.36257836 0.10059905 0.00000000
v 0.31728631 0.16250260 0.04298030
v 0.35508651 0.11040760 0.03738480
v 0.30454400 0.16922620 0.01629460
v 0.36257836 0.16577901 0.00000000
v 0.28161931 0.19844849 0.05908530
v 0.34901571 0.12484580 0.10142920
v 0.31784111 0.16596730 0.08986660
v 0.29695338 0.23095897 0.00000000
v 0.23440400 0.23231480 0.04714300
v 0.29695338 0.29613894 0.00000000
v 0.36257836 0.23095897 0.00000000
v 0.36257836 0.29613894 0.00000000
v 0.24500801 0.23202400 0.09649970
v 0.15274380 0.28293961 0.12796730
v 0.10416340 0.30012301 0.13864860
v 0.18678010 0.26717499 0.10920700
v 0.12786460 0.28841659 0.19034910
v 0.18380050 0.26696679 0.17195161
v 0.20788489 0.25031859 0.20545951
v 0.28280449 0.20137340 0.11890360
v 0.25607300 0.21805809 0.19719850
v 0.29432240 0.18481679 0.20129400
v 0.32544190 0.15463211 0.16609991
v 0.35940379 0.10534650 0.18185830
v 0.32452121 0.14975050 0.21073590
v 0.23202220 0.24111260 0.15001941
v 0.16570337 0.36131889 0.00000000
v 0.16570337 0.42649886 0.00000000
v 0.23132837 0.36131889 0.00000000
v 0.23132837 0.42649886 0.00000000
v 0.16570337 0.49167880 0.00000000
v 0.16570337 0.55685878 0.00000000
v 0.23132837 0.49167880 0.00000000
v 0.23132837 0.55685878 0.00000000
v 0.29695338 0.36131889 0.00000000
v 0.29695338 0.42649886 0.00000000
v 0.36257836 0.36131889 0.00000000
v 0.36257836 0.42649886 0.00000000
v 0.29695338 0.49167880 0.00000000
v 0.29695338 0.55685878 0.00000000
v 0.36257836 0.49167880 0.00000000
v 0.36257836 0.55685878 0.00000000
v -0.11983080 0.22138751 0.32471430
v -0.10504900 0.26266500 0.26658529
v -0.04102820 0.28424311 0.24970379
v -0.15691631 0.23281600 0.28593519
v -0.06367450 0.25783309 0.29221329
v -0.04448920 0.23722470 0.32358980
v 0.02409060 0.29088101 0.24020921
v 0.08389870 0.28227791 0.25287130
v -0.01502280 0.26875749 0.28260839
v 0.04172090 0.27144909 0.27694339
v 0.05840320 0.24358720 0.31567141
v -0.16137511 0.15408510 0.36594489
v -0.12522660 0.15650450 0.37626091
v -0.13526370 0.19217710 0.35046139
v -0.06215460 0.21523550 0.34552461
v -0.07300860 0.11689040 0.40641820
v -0.07196680 0.16615631 0.37977621
v 0.00029890 0.22631989 0.33594200
v -0.03089620 0.18733770 0.37074411
v 0.03367240 0.19604990 0.35684589
v 0.06432020 0.16423690 0.37428981
v 0.09807900 0.21722570 0.33564511
v 0.07098810 0.20528740 0.34777269
v 0.00782150 0.16034630 0.38831940
v -0.02073870 0.11297250 0.41025561
v 0.03641470 0.12237510 0.40114960
v 0.08108410 0.13162459 0.38469461
v 0.22561140 0.22996479 0.24047050
v 0.15786260 0.22014700 0.30332121
v 0.13354459 0.22694270 0.31421840
v 0.22688900 0.16256429 0.32422119
v 0.18433911 0.20980570 0.30905461
v 0.21024200 0.20724690 0.29852051
v 0.16416940 0.26491800 0.22168989
v 0.13444009 0.27224931 0.24275289
v 0.19681890 0.23917770 0.25044921
v 0.10552550 0.25705120 0.28864241
v 0.16271460 0.24288981 0.27480400
v 0.27722201 0.19188941 0.23729730
v 0.25278661 0.19721860 0.26399991
v 0.32892579 0.13333140 0.23777460
v 0.32264191 0.12115150 0.26864141
v 0.29292870 0.15264390 0.27731201
v 0.25695419 0.16702840 0.29841551
v 0.12549689 0.13453950 0.37029329
v 0.14633860 0.15436940 0.35800621
v 0.16022860 0.18517570 0.33877099
v 0.19005480 0.12195670 0.36296850
v 0.19483019 0.18126680 0.33131689
v 0.28096709 0.11358300 0.32681710
v 0.23942640 0.10696150 0.35507101
v -0.09679665 0.62203872 0.00000000
v -0.09679665 0.68721867 0.00000000
v -0.03117164 0.62203872 0.00000000
v -0.03117164 0.68721867 0.00000000
v -0.09679665 0.75239867 0.00000000
v -0.09679665 0.81757861 0.00000000
v -0.03117164 0.75239867 0.00000000
v -0.03117164 0.81757861 0.00000000
v 0.03445336 0.62203872 0.00000000
v 0.03445336 0.68721867 0.00000000
v 0.10007836 0.62203872 0.00000000
v 0.10007836 0.68721867 0.00000000
v 0.03445336 0.75239867 0.00000000
v 0.03445336 0.81757861 0.00000000
v 0.10007836 0.75239867 0.00000000
v 0.10007836 0.81757861 0.00000000
v -0.09679665 0.88275856 0.00000000
v -0.09679665 0.94793850 0.00000000
v -0.03117164 0.88275856 0.00000000
v -0.03117164 0.94793850 0.00000000
v -0.09679665 1.01311851 0.00000000
v -0.09679665 1.07829845 0.00000000
v -0.09679665 1.14347839 0.00000000
v -0.09679665 1.14347839 0.02711322
v -0.03117164 1.01311851 0.00000000
v -0.03117164 1.07829845 0.00000000
v -0.03117164 1.14347839 0.00000000
v -0.03117164 1.14347839 0.02711322
v -0.09679665 1.14347839 0.05422644
v -0.09679665 1.14347839 0.08133966
v -0.03117164 1.14347839 0.05422644
v -0.03117164 1.14347839 0.08133966
v 0.03445336 0.88275856 0.00000000
v 0.03445336 0.94793850 0.00000000
v 0.10007836 0.88275856 0.00000000
v 0.10007836 0.94793850 0.00000000
v 0.03445336 1.01311851 0.00000000
v 0.03445336 1.07829845 0.00000000
v 0.03445336 1.14347839 0.00000000
v 0.03445336 1.14347839 0.02711322
v 0.10007836 1.01311851 0.00000000
v 0.10007836 1.07829845 0.00000000
v 0.10007836 1.14347839 0.00000000
v 0.10007836 1.14347839 0.02711322
v 0.03445336 1.14347839 0.05422644
v 0.03445336 1.14347839 0.08133966
v 0.10007836 1.14347839 0.05422644
v 0.10007836 1.14347839 0.08133966
v -0.09679665 1.14347839 0.10845289
v -0.09679665 1.14347839 0.13556612
v -0.03117164 1.14347839 0.10845289
v -0.03117164 1.14347839 0.13556612
v -0.09679665 1.14347839 0.16267933
v -0.09679665 1.14347839 0.18979256
v -0.03117164 1.14347839 0.16267933
v -0.03117164 1.14347839 0.18979256
v 0.03445336 1.14347839 0.10845289
v 0.03445336 1.14347839 0.13556612
v 0.10007836 1.14347839 0.10845289
v 0.10007836 1.14347839 0.13556612
v 0.03445336 1.14347839 0.16267933
v 0.03445336 1.14347839 0.18979256
v 0.10007836 1.14347839 0.16267933
v 0.10007836 1.14347839 0.18979256
v 0.16570337 0.62203872 0.00000000
v 0.16570337 0.68721867 0.00000000
v 0.23132837 0.62203872 0.00000000
v 0.23132837 0.68721867 0.00000000
v 0.16570337 0.75239867 0.00000000
v 0.16570337 0.81757861 0.00000000
v 0.23132837 0.75239867 0.00000000
v 0.23132837 0.81757861 0.00000000
v 0.29695338 0.62203872 0.00000000
v 0.29695338 0.68721867 0.00000000
v 0.36257836 0.62203872 0.00000000
v 0.36257836 0.68721867 0.00000000
v 0.29695338 0.75239867 0.00000000
v 0.29695338 0.81757861 0.00000000
v 0.36257836 0.75239867 0.00000000
v 0.36257836 0.81757861 0.00000000
v 0.16570337 0.88275856 0.00000000
v 0.16570337 0.94793850 0.00000000
v 0.23132837 0.88275856 0.00000000
v 0.23132837 0.94793850 0.00000000
v 0.16570337 1.01311851 0.00000000
v 0.16570337 1.07829845 0.00000000
v 0.16570337 1.14347839 0.00000000
v 0.16570337 1.14347839 0.02711322
v 0.23132837 1.01311851 0.00000000
v 0.23132837 1.07829845 0.00000000
v 0.23132837 1.14347839 0.00000000
v 0.23132837 1.14347839 0.02711322
v 0.16570337 1.14347839 0.05422644
v 0.16570337 1.14347839 0.08133966
v 0.23132837 1.14347839 0.05422644
v 0.23132837 1.14347839 0.08133966
v 0.29695338 0.88275856 0.00000000
v 0.29695338 0.94793850 0.00000000
v 0.36257836 0.88275856 0.00000000
v 0.36257836 0.94793850 0.00000000
v 0.29695338 1.01311851 0.00000000
v 0.29695338 1.07829845 0.00000000
v 0.29695338 1.14347839 0.00000000
v 0.29695338 1.14347839 0.02711322
v 0.36257836 1.01311851 0.00000000
v 0.36257836 1.07829845 0.00000000
v 0.36257836 1.14347839 0.00000000
v 0.36257836 1.14347839 0.02711322
v 0.29695338 1.14347839 0.05422644
v 0.29695338 1.14347839 0.08133966
v 0.36257836 1.14347839 0.05422644
v 0.36257836 1.14347839 0.08133966
v 0.16570337 1.14347839 0.10845289
v 0.16570337 1.14347839 0.13556612
v 0.23132837 1.14347839 0.10845289
v 0.23132837 1.14347839 0.13556612
v 0.16570337 1.14347839 0.16267933
v 0.16570337 1.14347839 0.18979256
v 0.23132837 1.14347839 0.16267933
v 0.23132837 1.14347839 0.18979256
v 0.29695338 1.14347839 0.10845289
v 0.29695338 1.14347839 0.13556612
v 0.36257836 1.14347839 0.10845289
v 0.36257836 1.14347839 0.13556612
v 0.29695338 1.14347839 0.16267933
v 0.29695338 1.14347839 0.18979256
v 0.36257836 1.14347839 0.16267933
v 0.36257836 1.14347839 0.18979256
v -0.09679665 1.14347839 0.21690577
v -0.09679665 1.14347839 0.24401900
v -0.03117164 1.14347839 0.21690577
v -0.03117164 1.14347839 0.24401900
v -0.09679665 1.14347839 0.27113223
v -0.09679665 1.14347839 0.29824543
v -0.03117164 1.14347839 0.27113223
v -0.03117164 1.14347839 0.29824543
v 0.03445336 1.14347839 0.21690577
v 0.03445336 1.14347839 0.24401900
v 0.10007836 1.14347839 0.21690577
v 0.10007836 1.14347839 0.24401900
v 0.03445336 1.14347839 0.27113223
v 0.03445336 1.14347839 0.29824543
v 0.10007836 1.14347839 0.27113223
v 0.10007836 1.14347839 0.29824543
v -0.09679665 1.14347839 0.32535866
v -0.09679665 1.14347839 0.35247189
v -0.03117164 1.14347839 0.32535866
v -0.03117164 1.14347839 0.35247189
v -0.09679665 1.14347839 0.37958512
v -0.09679665 1.14347839 0.40669832
v -0.03117164 1.14347839 0.37958512
v -0.03117164 1.14347839 0.40669832
v 0.03445336 1.14347839 0.32535866
v 0.03445336 1.14347839 0.35247189
v 0.10007836 1.14347839 0.32535866
v 0.10007836 1.14347839 0.35247189
v 0.03445336 1.14347839 0.37958512
v 0.03445336 1.14347839 0.40669832
v 0.10007836 1.14347839 0.37958512
v 0.10007836 1.14347839 0.40669832
v 0.16570337 1.14347839 0.21690577
v 0.16570337 1.14347839 0.24401900
v 0.23132837 1.14347839 0.21690577
v 0.23132837 1.14347839 0.24401900
v 0.16570337 1.14347839 0.27113223
v 0.16570337 1.14347839 0.29824543
v 0.23132837 1.14347839 0.27113223
v 0.23132837 1.14347839 0.29824543
v 0.29695338 1.14347839 0.21690577
v 0.29695338 1.14347839 0.24401900
v 0.36257836 1.14347839 0.21690577
v 0.36257836 1.14347839 0.24401900
v 0.29695338 1.14347839 0.27113223
v 0.29695338 1.14347839 0.29824543
v 0.36257836 1.14347839 0.27113223
v 0.36257836 1.14347839 0.29824543
v 0.16570337 1.14347839 0.32535866
v 0.16570337 1.14347839 0.35247189
v 0.23132837 1.14347839 0.32535866
v 0.23132837 1.14347839 0.35247189
v 0.16570337 1.14347839 0.37958512
v 0.16570337 1.14347839 0.40669832
v 0.23132837 1.14347839 0.37958512
v 0.23132837 1.14347839 0.40669832
v 0.29695338 1.14347839 0.32535866
v 0.29695338 1.14347839 0.35247189
v 0.36257836 1.14347839 0.32535866
v 0.36257836 1.14347839 0.35247189
v 0.29695338 1.14347839 0.37958512
v 0.29695338 1.14347839 0.40669832
v 0.36257836 1.14347839 0.37958512
v 0.36257836 1.14347839 0.40669832
v 0.42820337 0.10059905 0.00000000
v 0.42820337 0.16577901 0.00000000
v 0.49382839 0.10059905 0.00000000
v 0.49382839 0.16577901 0.00000000
v 0.42820337 0.23095897 0.00000000
v 0.42820337 0.29613894 0.00000000
v 0.49382839 0.23095897 0.00000000
v 0.49382839 0.29613894 0.00000000
v 0.55945337 0.10059905 0.00000000
v 0.55945337 0.16577901 0.00000000
v 0.62507838 0.10059905 0.00000000
v 0.62507838 0.16577901 0.00000000
v 0.55945337 0.23095897 0.00000000
v 0.55945337 0.29613894 0.00000000
v 0.62507838 0.23095897 0.00000000
v 0.62507838 0.29613894 0.00000000
v 0.42820337 0.36131889 0.00000000
v 0.42820337 0.42649886 0.00000000
v 0.49382839 0.36131889 0.00000000
v 0.49382839 0.42649886 0.00000000
v 0.42820337 0.49167880 0.00000000
v 0.42820337 0.55685878 0.00000000
v 0.49382839 0.49167880 0.00000000
v 0.49382839 0.55685878 0.00000000
v 0.55945337 0.36131889 0.00000000
v 0.55945337 0.42649886 0.00000000
v 0.62507838 0.36131889 0.00000000
v 0.62507838 0.42649886 0.00000000
v 0.55945337 0.49167880 0.00000000
v 0.55945337 0.55685878 0.00000000
v 0.62507838 0.49167880 0.00000000
v 0.62507838 0.55685878 0.00000000
v 0.69070339 0.10059905 0.00000000
v 0.69070339 0.16577901 0.00000000
v 0.75632840 0.10059905 0.00000000
v 0.75632840 0.16577901 0.00000000
v 0.69070339 0.23095897 0.00000000
v 0.69070339 0.29613894 0.00000000
v 0.75632840 0.23095897 0.00000000
v 0.75632840 0.29613894 0.00000000
v 0.82195342 0.10059905 0.00000000
v 0.82195342 0.16577901 0.00000000
v 0.88757843 0.10059905 0.00000000
v 0.88757843 0.10059905 0.02711322
v 0.88757843 0.16577901 0.00000000
v 0.88757843 0.16577901 0.02711322
v 0.88757843 0.10059905 0.05422644
v 0.88757843 0.10059905 0.08133966
v 0.88757843 0.16577901 0.05422644
v 0.88757843 0.16577901 0.08133966
v 0.82195342 0.23095897 0.00000000
v 0.82195342 0.29613894 0.00000000
v 0.88757843 0.23095897 0.00000000
v 0.88757843 0.23095897 0.02711322
v 0.88757843 0.29613894 0.00000000
v 0.88757843 0.29613894 0.02711322
v 0.88757843 0.23095897 0.05422644
v 0.88757843 0.23095897 0.08133966
v 0.88757843 0.29613894 0.05422644
v 0.88757843 0.29613894 0.08133966
v 0.88757843 0.10059905 0.10845289
v 0.88757843 0.10059905 0.13556612
v 0.88757843 0.16577901 0.10845289
v 0.88757843 0.16577901 0.13556612
v 0.88757843 0.10059905 0.16267933
v 0.88757843 0.10059905 0.18979256
v 0.88757843 0.16577901 0.16267933
v 0.88757843 0.16577901 0.18979256
v 0.88757843 0.23095897 0.10845289
v 0.88757843 0.23095897 0.13556612
v 0.88757843 0.29613894 0.10845289
v 0.88757843 0.29613894 0.13556612
v 0.88757843 0.23095897 0.16267933
v 0.88757843 0.23095897 0.18979256
v 0.88757843 0.29613894 0.16267933
v 0.88757843 0.29613894 0.18979256
v 0.69070339 0.36131889 0.00000000
v 0.69070339 0.42649886 0.00000000
v 0.75632840 0.36131889 0.00000000
v 0.75632840 0.42649886 0.00000000
v 0.69070339 0.49167880 0.00000000
v 0.69070339 0.55685878 0.00000000
v 0.75632840 0.49167880 0.00000000
v 0.75632840 0.55685878 0.00000000
v 0.82195342 0.36131889 0.00000000
v 0.82195342 0.42649886 0.00000000
v 0.88757843 0.36131889 0.00000000
v 0.88757843 0.36131889 0.02711322
v 0.88757843 0.42649886 0.00000000
v 0.88757843 0.42649886 0.02711322
v 0.88757843 0.36131889 0.05422644
v 0.88757843 0.36131889 0.08133966
v 0.88757843 0.42649886 0.05422644
v 0.88757843 0.42649886 0.08133966
v 0.82195342 0.49167880 0.00000000
v 0.82195342 0.55685878 0.00000000
v 0.88757843 0.49167880 0.00000000
v 0.88757843 0.49167880 0.02711322
v 0.88757843 0.55685878 0.00000000
v 0.88757843 0.55685878 0.02711322
v 0.88757843 0.49167880 0.05422644
v 0.88757843 0.49167880 0.08133966
v 0.88757843 0.55685878 0.05422644
v 0.88757843 0.55685878 0.08133966
v 0.88757843 0.36131889 0.10845289
v 0.88757843 0.36131889 0.13556612
v 0.88757843 0.42649886 0.10845289
v 0.88757843 0.42649886 0.13556612
v 0.88757843 0.36131889 0.16267933
v 0.88757843 0.36131889 0.18979256
v 0.88757843 0.42649886 0.16267933
v 0.88757843 0.42649886 0.18979256
v 0.88757843 0.49167880 0.10845289
v 0.88757843 0.49167880 0.13556612
v 0.88757843 0.55685878 0.10845289
v 0.88757843 0.55685878 0.13556612
v 0.88757843 0.49167880 0.16267933
v 0.88757843 0.49167880 0.18979256
v 0.88757843 0.55685878 0.16267933
v 0.88757843 0.55685878 0.18979256
v 0.88757843 0.10059905 0.21690577
v 0.88757843 0.10059905 0.24401900
v 0.88757843 0.16577901 0.21690577
v 0.88757843 0.16577901 0.24401900
v 0.88757843 0.10059905 0.27113223
v 0.88757843 0.10059905 0.29824543
v 0.88757843 0.16577901 0.27113223
v 0.88757843 0.16577901 0.29824543
v 0.88757843 0.23095897 0.21690577
v 0.88757843 0.23095897 0.24401900
v 0.88757843 0.29613894 0.21690577
v 0.88757843 0.29613894 0.24401900
v 0.88757843 0.23095897 0.27113223
v 0.88757843 0.23095897 0.29824543
v 0.88757843 0.29613894 0.27113223
v 0.88757843 0.29613894 0.29824543
v 0.88757843 0.10059905 0.32535866
v 0.88757843 0.10059905 0.35247189
v 0.88757843 0.16577901 0.32535866
v 0.88757843 0.16577901 0.35247189
v 0.88757843 0.10059905 0.37958512
v 0.88757843 0.10059905 0.40669832
v 0.88757843 0.16577901 0.37958512
v 0.88757843 0.16577901 0.40669832
v 0.88757843 0.23095897 0.32535866
v 0.88757843 0.23095897 0.35247189
v 0.88757843 0.29613894 0.32535866
v 0.88757843 0.29613894 0.35247189
v 0.88757843 0.23095897 0.37958512
v 0.88757843 0.23095897 0.40669832
v 0.88757843 0.29613894 0.37958512
v 0.88757843 0.29613894 0.40669832
v 0.88757843 0.36131889 0.21690577
v 0.88757843 0.36131889 0.24401900
v 0.88757843 0.42649886 0.21690577
v 0.88757843 0.42649886 0.24401900
v 0.88757843 0.36131889 0.27113223
v 0.88757843 0.36131889 0.29824543
v 0.88757843 0.42649886 0.27113223
v 0.88757843 0.42649886 0.29824543
v 0.88757843 0.49167880 0.21690577
v 0.88757843 0.49167880 0.24401900
v 0.88757843 0.55685878 0.21690577
v 0.88757843 0.55685878 0.24401900
v 0.88757843 0.49167880 0.27113223
v 0.88757843 0.49167880 0.29824543
v 0.88757843 0.55685878 0.27113223
v 0.88757843 0.55685878 0.29824543
v 0.88757843 0.36131889 0.32535866
v 0.88757843 0.36131889 0.35247189
v 0.88757843 0.42649886 0.32535866
v 0.88757843 0.42649886 0.35247189
v 0.88757843 0.36131889 0.37958512
v 0.88757843 0.36131889 0.40669832
v 0.88757843 0.42649886 0.37958512
v 0.88757843 0.42649886 0.40669832
v 0.88757843 0.49167880 0.32535866
v 0.88757843 0.49167880 0.35247189
v 0.88757843 0.55685878 0.32535866
v 0.88757843 0.55685878 0.35247189
v 0.88757843 0.49167880 0.37958512
v 0.88757843 0.49167880 0.40669832
v 0.88757843 0.55685878 0.37958512
v 0.88757843 0.55685878 0.40669832
v 0.42820337 0.62203872 0.00000000
v 0.42820337 0.68721867 0.00000000
v 0.49382839 0.62203872 0.00000000
v 0.49382839 0.68721867 0.00000000
v 0.42820337 0.75239867 0.00000000
v 0.42820337 0.81757861 0.00000000
v 0.49382839 0.75239867 0.00000000
v 0.49382839 0.81757861 0.00000000
v 0.55945337 0.62203872 0.00000000
v 0.55945337 0.68721867 0.00000000
v 0.62507838 0.62203872 0.00000000
v 0.62507838 0.68721867 0.00000000
v 0.55945337 0.75239867 0.00000000
v 0.55945337 0.81757861 0.00000000
v 0.62507838 0.75239867 0.00000000
v 0.62507838 0.81757861 0.00000000
v 0.42820337 0.88275856 0.00000000
v 0.42820337 0.94793850 0.00000000
v 0.49382839 0.88275856 0.00000000
v 0.49382839 0.94793850 0.00000000
v 0.42820337 1.01311851 0.00000000
v 0.42820337 1.07829845 0.00000000
v 0.42820337 1.14347839 0.00000000
v 0.42820337 1.14347839 0.02711322
v 0.49382839 1.01311851 0.00000000
v 0.49382839 1.07829845 0.00000000
v 0.49382839 1.14347839 0.00000000
v 0.49382839 1.14347839 0.02711322
v 0.42820337 1.14347839 0.05422644
v 0.42820337 1.14347839 0.08133966
v 0.49382839 1.14347839 0.05422644
v 0.49382839 1.14347839 0.08133966
v 0.55945337 0.88275856 0.00000000
v 0.55945337 0.94793850 0.00000000
v 0.62507838 0.88275856 0.00000000
v 0.62507838 0.94793850 0.00000000
v 0.55945337 1.01311851 0.00000000
v 0.55945337 1.07829845 0.00000000
v 0.55945337 1.14347839 0.00000000
v 0.55945337 1.14347839 0.02711322
v 0.62507838 1.01311851 0.00000000
v 0.62507838 1.07829845 0.00000000
v 0.62507838 1.14347839 0.00000000
v 0.62507838 1.14347839 0.02711322
v 0.55945337 1.14347839 0.05422644
v 0.55945337 1.14347839 0.08133966
v 0.62507838 1.14347839 0.05422644
v 0.62507838 1.14347839 0.08133966
v 0.42820337 1.14347839 0.10845289
v 0.42820337 1.14347839 0.13556612
v 0.49382839 1.14347839 0.10845289
v 0.49382839 1.14347839 0.13556612
v 0.42820337 1.14347839 0.16267933
v 0.42820337 1.14347839 0.18979256
v 0.49382839 1.14347839 0.16267933
v 0.49382839 1.14347839 0.18979256
v 0.55945337 1.14347839 0.10845289
v 0.55945337 1.14347839 0.13556612
v 0.62507838 1.14347839 0.10845289
v 0.62507838 1.14347839 0.13556612
v 0.55945337 1.14347839 0.16267933
v 0.55945337 1.14347839 0.18979256
v 0.62507838 1.14347839 0.16267933
v 0.62507838 1.14347839 0.18979256
v 0.69070339 0.62203872 0.00000000
v 0.69070339 0.68721867 0.00000000
v 0.75632840 0.62203872 0.00000000
v 0.75632840 0.68721867 0.00000000
v 0.69070339 0.75239867 0.00000000
v 0.69070339 0.81757861 0.00000000
v 0.75632840 0.75239867 0.00000000
v 0.75632840 0.81757861 0.00000000
v 0.82195342 0.62203872 0.00000000
v 0.82195342 0.68721867 0.00000000
v 0.88757843 0.62203872 0.00000000
v 0.88757843 0.68721867 0.00000000
v 0.88757843 0.62203872 0.02711322
v 0.88757843 0.68721867 0.02711322
v 0.88757843 0.62203872 0.05422644
v 0.88757843 0.68721867 0.05422644
v 0.88757843 0.62203872 0.08133966
v 0.88757843 0.68721867 0.08133966
v 0.82195342 0.75239867 0.00000000
v 0.82195342 0.81757861 0.00000000
v 0.88757843 0.75239867 0.00000000
v 0.88757843 0.75239867 0.02711322
v 0.88757843 0.81757861 0.00000000
v 0.88757843 0.81757861 0.02711322
v 0.88757843 0.75239867 0.05422644
v 0.88757843 0.75239867 0.08133966
v 0.88757843 0.81757861 0.05422644
v 0.88757843 0.81757861 0.08133966
v 0.88757843 0.62203872 0.10845289
v 0.88757843 0.68721867 0.10845289
v 0.88757843 0.62203872 0.13556612
v 0.88757843 0.68721867 0.13556612
v 0.88757843 0.62203872 0.16267933
v 0.88757843 0.68721867 0.16267933
v 0.88757843 0.62203872 0.18979256
v 0.88757843 0.68721867 0.18979256
v 0.88757843 0.75239867 0.10845289
v 0.88757843 0.75239867 0.13556612
v 0.88757843 0.81757861 0.10845289
v 0.88757843 0.81757861 0.13556612
v 0.88757843 0.75239867 0.16267933
v 0.88757843 0.75239867 0.18979256
v 0.88757843 0.81757861 0.16267933
v 0.88757843 0.81757861 0.18979256
v 0.69070339 0.88275856 0.00000000
v 0.69070339 0.94793850 0.00000000
v 0.75632840 0.88275856 0.00000000
v 0.75632840 0.94793850 0.00000000
v 0.69070339 1.01311851 0.00000000
v 0.69070339 1.07829845 0.00000000
v 0.69070339 1.14347839 0.00000000
v 0.69070339 1.14347839 0.02711322
v 0.75632840 1.01311851 0.00000000
v 0.75632840 1.07829845 0.00000000
v 0.75632840 1.14347839 0.00000000
v 0.75632840 1.14347839 0.02711322
v 0.69070339 1.14347839 0.05422644
v 0.69070339 1.14347839 0.08133966
v 0.75632840 1.14347839 0.05422644
v 0.75632840 1.14347839 0.08133966
v 0.82195342 0.88275856 0.00000000
v 0.82195342 0.94793850 0.00000000
v 0.88757843 0.88275856 0.00000000
v 0.88757843 0.94793850 0.00000000
v 0.88757843 0.88275856 0.02711322
v 0.88757843 0.94793850 0.02711322
v 0.88757843 0.88275856 0.05422644
v 0.88757843 0.94793850 0.05422644
v 0.88757843 0.88275856 0.08133966
v 0.88757843 0.94793850 0.08133966
v 0.82195342 1.01311851 0.00000000
v 0.82195342 1.07829845 0.00000000
v 0.82195342 1.14347839 0.00000000
v 0.82195342 1.14347839 0.02711322
v 0.88757843 1.01311851 0.00000000
v 0.88757843 1.01311851 0.02711322
v 0.88757843 1.07829845 0.00000000
v 0.88757843 1.14347839 0.00000000
v 0.88757843 1.07829845 0.02711322
v 0.88757843 1.14347839 0.02711322
v 0.82195342 1.14347839 0.05422644
v 0.82195342 1.14347839 0.08133966
v 0.88757843 1.01311851 0.05422644
v 0.88757843 1.01311851 0.08133966
v 0.88757843 1.07829845 0.05422644
v 0.88757843 1.14347839 0.05422644
v 0.88757843 1.07829845 0.08133966
v 0.88757843 1.14347839 0.08133966
v 0.69070339 1.14347839 0.10845289
v 0.69070339 1.14347839 0.13556612
v 0.75632840 1.14347839 0.10845289
v 0.75632840 1.14347839 0.13556612
v 0.69070339 1.14347839 0.16267933
v 0.69070339 1.14347839 0.18979256
v 0.75632840 1.14347839 0.16267933
v 0.75632840 1.14347839 0.18979256
v 0.88757843 0.88275856 0.10845289
v 0.88757843 0.94793850 0.10845289
v 0.88757843 0.88275856 0.13556612
v 0.88757843 0.94793850 0.13556612
v 0.88757843 0.88275856 0.16267933
v 0.88757843 0.94793850 0.16267933
v 0.88757843 0.88275856 0.18979256
v 0.88757843 0.94793850 0.18979256
v 0.82195342 1.14347839 0.10845289
v 0.82195342 1.14347839 0.13556612
v 0.88757843 1.01311851 0.10845289
v 0.88757843 1.01311851 0.13556612
v 0.88757843 1.07829845 0.10845289
v 0.88757843 1.14347839 0.10845289
v 0.88757843 1.07829845 0.13556612
v 0.88757843 1.14347839 0.13556612
v 0.82195342 1.14347839 0.16267933
v 0.82195342 1.14347839 0.18979256
v 0.88757843 1.01311851 0.16267933
v 0.88757843 1.01311851 0.18979256
v 0.88757843 1.07829845 0.16267933
v 0.88757843 1.14347839 0.16267933
v 0.88757843 1.07829845 0.18979256
v 0.88757843 1.14347839 0.18979256
v 0.42820337 1.14347839 0.21690577
v 0.42820337 1.14347839 0.24401900
v 0.49382839 1.14347839 0.21690577
v 0.49382839 1.14347839 0.24401900
v 0.42820337 1.14347839 0.27113223
v 0.42820337 1.14347839 0.29824543
v 0.49382839 1.14347839 0.27113223
v 0.49382839 1.14347839 0.29824543
v 0.55945337 1.14347839 0.21690577
v 0.55945337 1.14347839 0.24401900
v 0.62507838 1.14347839 0.21690577
v 0.62507838 1.14347839 0.24401900
v 0.55945337 1.14347839 0.27113223
v 0.55945337 1.14347839 0.29824543
v 0.62507838 1.14347839 0.27113223
v 0.62507838 1.14347839 0.29824543
v 0.42820337 1.14347839 0.32535866
v 0.42820337 1.14347839 0.35247189
v 0.49382839 1.14347839 0.32535866
v 0.49382839 1.14347839 0.35247189
v 0.42820337 1.14347839 0.37958512
v 0.42820337 1.14347839 0.40669832
v 0.49382839 1.14347839 0.37958512
v 0.49382839 1.14347839 0.40669832
v 0.55945337 1.14347839 0.32535866
v 0.55945337 1.14347839 0.35247189
v 0.62507838 1.14347839 0.32535866
v 0.62507838 1.14347839 0.35247189
v 0.55945337 1.14347839 0.37958512
v 0.55945337 1.14347839 0.40669832
v 0.62507838 1.14347839 0.37958512
v 0.62507838 1.14347839 0.40669832
v 0.88757843 0.62203872 0.21690577
v 0.88757843 0.68721867 0.21690577
v 0.88757843 0.62203872 0.24401900
v 0.88757843 0.68721867 0.24401900
v 0.88757843 0.62203872 0.27113223
v 0.88757843 0.62203872 0.29824543
v 0.88757843 0.68721867 0.27113223
v 0.88757843 0.68721867 0.29824543
v 0.88757843 0.75239867 0.21690577
v 0.88757843 0.75239867 0.24401900
v 0.88757843 0.81757861 0.21690577
v 0.88757843 0.81757861 0.24401900
v 0.88757843 0.75239867 0.27113223
v 0.88757843 0.75239867 0.29824543
v 0.88757843 0.81757861 0.27113223
v 0.88757843 0.81757861 0.29824543
v 0.88757843 0.62203872 0.32535866
v 0.88757843 0.68721867 0.32535866
v 0.88757843 0.62203872 0.35247189
v 0.88757843 0.68721867 0.35247189
v 0.88757843 0.62203872 0.37958512
v 0.88757843 0.62203872 0.40669832
v 0.88757843 0.68721867 0.37958512
v 0.88757843 0.68721867 0.40669832
v 0.88757843 0.75239867 0.32535866
v 0.88757843 0.75239867 0.35247189
v 0.88757843 0.81757861 0.32535866
v 0.88757843 0.81757861 0.35247189
v 0.88757843 0.75239867 0.37958512
v 0.88757843 0.75239867 0.40669832
v 0.88757843 0.81757861 0.37958512
v 0.88757843 0.81757861 0.40669832
v 0.69070339 1.14347839 0.21690577
v 0.69070339 1.14347839 0.24401900
v 0.75632840 1.14347839 0.21690577
v 0.75632840 1.14347839 0.24401900
v 0.69070339 1.14347839 0.27113223
v 0.69070339 1.14347839 0.29824543
v 0.75632840 1.14347839 0.27113223
v 0.75632840 1.14347839 0.29824543
v 0.88757843 0.88275856 0.21690577
v 0.88757843 0.94793850 0.21690577
v 0.88757843 0.88275856 0.24401900
v 0.88757843 0.94793850 0.24401900
v 0.88757843 0.88275856 0.27113223
v 0.88757843 0.88275856 0.29824543
v 0.88757843 0.94793850 0.27113223
v 0.88757843 0.94793850 0.29824543
v 0.82195342 1.14347839 0.21690577
v 0.82195342 1.14347839 0.24401900
v 0.88757843 1.01311851 0.21690577
v 0.88757843 1.01311851 0.24401900
v 0.88757843 1.07829845 0.21690577
v 0.88757843 1.14347839 0.21690577
v 0.88757843 1.07829845 0.24401900
v 0.88757843 1.14347839 0.24401900
v 0.82195342 1.14347839 0.27113223
v 0.82195342 1.14347839 0.29824543
v 0.88757843 1.01311851 0.27113223
v 0.88757843 1.01311851 0.29824543
v 0.88757843 1.07829845 0.27113223
v 0.88757843 1.07829845 0.29824543
v 0.88757843 1.14347839 0.27113223
v 0.88757843 1.14347839 0.29824543
v 0.69070339 1.14347839 0.32535866
v 0.69070339 1.14347839 0.35247189
v 0.75632840 1.14347839 0.32535866
v 0.75632840 1.14347839 0.35247189
v 0.69070339 1.14347839 0.37958512
v 0.69070339 1.14347839 0.40669832
v 0.75632840 1.14347839 0.37958512
v 0.75632840 1.14347839 0.40669832
v 0.88757843 0.88275856 0.32535866
v 0.88757843 0.94793850 0.32535866
v 0.88757843 0.88275856 0.35247189
v 0.88757843 0.94793850 0.35247189
v 0.88757843 0.88275856 0.37958512
v 0.88757843 0.88275856 0.40669832
v 0.88757843 0.94793850 0.37958512
v 0.88757843 0.94793850 0.40669832
v 0.82195342 1.14347839 0.32535866
v 0.82195342 1.14347839 0.35247189
v 0.88757843 1.01311851 0.32535866
v 0.88757843 1.01311851 0.35247189
v 0.88757843 1.07829845 0.32535866
v 0.88757843 1.14347839 0.32535866
v 0.88757843 1.07829845 0.35247189
v 0.88757843 1.14347839 0.35247189
v 0.82195342 1.14347839 0.37958512
v 0.82195342 1.14347839 0.40669832
v 0.88757843 1.01311851 0.37958512
v 0.88757843 1.01311851 0.40669832
v 0.88757843 1.07829845 0.37958512
v 0.88757843 1.07829845 0.40669832
v 0.88757843 1.14347839 0.37958512
v 0.88757843 1.14347839 0.40669832
v -0.09679665 0.10059905 0.86762309
v -0.09679665 0.16577901 0.86762309
v -0.03117164 0.10059905 0.86762309
v -0.03117164 0.16577901 0.86762309
v -0.09679665 0.23095897 0.86762309
v -0.09679665 0.29613894 0.86762309
v -0.03117164 0.23095897 0.86762309
v -0.03117164 0.29613894 0.86762309
v 0.03445336 0.10059905 0.86762309
v 0.03445336 0.16577901 0.86762309
v 0.10007836 0.10059905 0.86762309
v 0.10007836 0.16577901 0.86762309
v 0.03445336 0.23095897 0.86762309
v 0.03445336 0.29613894 0.86762309
v 0.10007836 0.23095897 0.86762309
v 0.10007836 0.29613894 0.86762309
v -0.09679665 0.36131889 0.86762309
v -0.09679665 0.42649886 0.86762309
v -0.03117164 0.36131889 0.86762309
v -0.03117164 0.42649886 0.86762309
v -0.09679665 0.49167880 0.86762309
v -0.09679665 0.55685878 0.86762309
v -0.03117164 0.49167880 0.86762309
v -0.03117164 0.55685878 0.86762309
v 0.03445336 0.36131889 0.86762309
v 0.03445336 0.42649886 0.86762309
v 0.10007836 0.36131889 0.86762309
v 0.10007836 0.42649886 0.86762309
v 0.03445336 0.49167880 0.86762309
v 0.03445336 0.55685878 0.86762309
v 0.10007836 0.49167880 0.86762309
v 0.10007836 0.55685878 0.86762309
v 0.16570337 0.10059905 0.86762309
v 0.16570337 0.16577901 0.86762309
v 0.23132837 0.10059905 0.86762309
v 0.23132837 0.16577901 0.86762309
v 0.16570337 0.23095897 0.86762309
v 0.16570337 0.29613894 0.86762309
v 0.23132837 0.23095897 0.86762309
v 0.23132837 0.29613894 0.86762309
v 0.29695338 0.10059905 0.86762309
v 0.29695338 0.16577901 0.86762309
v 0.36257836 0.10059905 0.86762309
v 0.36257836 0.16577901 0.86762309
v 0.29695338 0.23095897 0.86762309
v 0.29695338 0.29613894 0.86762309
v 0.36257836 0.23095897 0.86762309
v 0.36257836 0.29613894 0.86762309
v 0.16570337 0.36131889 0.86762309
v 0.16570337 0.42649886 0.86762309
v 0.23132837 0.36131889 0.86762309
v 0.23132837 0.42649886 0.86762309
v 0.16570337 0.49167880 0.86762309
v 0.16570337 0.55685878 0.86762309
v 0.23132837 0.49167880 0.86762309
v 0.23132837 0.55685878 0.86762309
v 0.29695338 0.36131889 0.86762309
v 0.29695338 0.42649886 0.86762309
v 0.36257836 0.36131889 0.86762309
v 0.36257836 0.42649886 0.86762309
v 0.29695338 0.49167880 0.86762309
v 0.29695338 0.55685878 0.86762309
v 0.36257836 0.49167880 0.86762309
v 0.36257836 0.55685878 0.86762309
v -0.09679665 1.14347839 0.43381155
v -0.09679665 1.14347839 0.46092477
v -0.03117164 1.14347839 0.43381155
v -0.03117164 1.14347839 0.46092477
v -0.09679665 1.14347839 0.48803800
v -0.09679665 1.14347839 0.51515120
v -0.03117164 1.14347839 0.48803800
v -0.03117164 1.14347839 0.51515120
v 0.03445336 1.14347839 0.43381155
v 0.03445336 1.14347839 0.46092477
v 0.10007836 1.14347839 0.43381155
v 0.10007836 1.14347839 0.46092477
v 0.03445336 1.14347839 0.48803800
v 0.03445336 1.14347839 0.51515120
v 0.10007836 1.14347839 0.48803800
v 0.10007836 1.14347839 0.51515120
v -0.09679665 1.14347839 0.54226446
v -0.09679665 1.14347839 0.56937766
v -0.09679665 1.14347839 0.59649086
v -0.03117164 1.14347839 0.54226446
v -0.03117164 1.14347839 0.56937766
v -0.03117164 1.14347839 0.59649086
v -0.09679665 1.14347839 0.62360412
v -0.03117164 1.14347839 0.62360412
v 0.03445336 1.14347839 0.54226446
v 0.03445336 1.14347839 0.56937766
v 0.03445336 1.14347839 0.59649086
v 0.10007836 1.14347839 0.54226446
v 0.10007836 1.14347839 0.56937766
v 0.10007836 1.14347839 0.59649086
v 0.03445336 1.14347839 0.62360412
v 0.10007836 1.14347839 0.62360412
v 0.16570337 1.14347839 0.43381155
v 0.16570337 1.14347839 0.46092477
v 0.23132837 1.14347839 0.43381155
v 0.23132837 1.14347839 0.46092477
v 0.16570337 1.14347839 0.48803800
v 0.16570337 1.14347839 0.51515120
v 0.23132837 1.14347839 0.48803800
v 0.23132837 1.14347839 0.51515120
v 0.29695338 1.14347839 0.43381155
v 0.29695338 1.14347839 0.46092477
v 0.36257836 1.14347839 0.43381155
v 0.36257836 1.14347839 0.46092477
v 0.29695338 1.14347839 0.48803800
v 0.29695338 1.14347839 0.51515120
v 0.36257836 1.14347839 0.48803800
v 0.36257836 1.14347839 0.51515120
v 0.16570337 1.14347839 0.54226446
v 0.16570337 1.14347839 0.56937766
v 0.16570337 1.14347839 0.59649086
v 0.23132837 1.14347839 0.54226446
v 0.23132837 1.14347839 0.56937766
v 0.23132837 1.14347839 0.59649086
v 0.16570337 1.14347839 0.62360412
v 0.23132837 1.14347839 0.62360412
v 0.29695338 1.14347839 0.54226446
v 0.29695338 1.14347839 0.56937766
v 0.29695338 1.14347839 0.59649086
v 0.36257836 1.14347839 0.54226446
v 0.36257836 1.14347839 0.56937766
v 0.36257836 1.14347839 0.59649086
v 0.29695338 1.14347839 0.62360412
v 0.36257836 1.14347839 0.62360412
v -0.09679665 0.62203872 0.86762309
v -0.09679665 0.68721867 0.86762309
v -0.03117164 0.62203872 0.86762309
v -0.03117164 0.68721867 0.86762309
v -0.09679665 0.75239867 0.86762309
v -0.09679665 0.81757861 0.86762309
v -0.03117164 0.75239867 0.86762309
v -0.03117164 0.81757861 0.86762309
v 0.03445336 0.62203872 0.86762309
v 0.03445336 0.68721867 0.86762309
v 0.10007836 0.62203872 0.86762309
v 0.10007836 0.68721867 0.86762309
v 0.03445336 0.75239867 0.86762309
v 0.03445336 0.81757861 0.86762309
v 0.10007836 0.75239867 0.86762309
v 0.10007836 0.81757861 0.86762309
v -0.09679665 1.14347839 0.65071732
v -0.09679665 1.14347839 0.67783052
v -0.03117164 1.14347839 0.65071732
v -0.03117164 1.14347839 0.67783052
v -0.09679665 1.14347839 0.70494378
v -0.09679665 1.14347839 0.73205698
v -0.03117164 1.14347839 0.70494378
v -0.03117164 1.14347839 0.73205698
v 0.03445336 1.14347839 0.65071732
v 0.03445336 1.14347839 0.67783052
v 0.10007836 1.14347839 0.65071732
v 0.10007836 1.14347839 0.67783052
v 0.03445336 1.14347839 0.70494378
v 0.03445336 1.14347839 0.73205698
v 0.10007836 1.14347839 0.70494378
v 0.10007836 1.14347839 0.73205698
v -0.09679665 0.88275856 0.86762309
v -0.09679665 0.94793850 0.86762309
v -0.03117164 0.88275856 0.86762309
v -0.03117164 0.94793850 0.86762309
v -0.09679665 1.14347839 0.75917023
v -0.09679665 1.14347839 0.78628343
v -0.09679665 1.14347839 0.81339663
v -0.03117164 1.14347839 0.75917023
v -0.03117164 1.14347839 0.78628343
v -0.03117164 1.14347839 0.81339663
v -0.09679665 1.01311851 0.86762309
v -0.09679665 1.07829845 0.86762309
v -0.09679665 1.14347839 0.84050989
v -0.09679665 1.14347839 0.86762309
v -0.03117164 1.01311851 0.86762309
v -0.03117164 1.07829845 0.86762309
v -0.03117164 1.14347839 0.84050989
v -0.03117164 1.14347839 0.86762309
v 0.03445336 0.88275856 0.86762309
v 0.03445336 0.94793850 0.86762309
v 0.10007836 0.88275856 0.86762309
v 0.10007836 0.94793850 0.86762309
v 0.03445336 1.14347839 0.75917023
v 0.03445336 1.14347839 0.78628343
v 0.03445336 1.14347839 0.81339663
v 0.10007836 1.14347839 0.75917023
v 0.10007836 1.14347839 0.78628343
v 0.10007836 1.14347839 0.81339663
v 0.03445336 1.01311851 0.86762309
v 0.03445336 1.07829845 0.86762309
v 0.03445336 1.14347839 0.84050989
v 0.03445336 1.14347839 0.86762309
v 0.10007836 1.01311851 0.86762309
v 0.10007836 1.07829845 0.86762309
v 0.10007836 1.14347839 0.84050989
v 0.10007836 1.14347839 0.86762309
v 0.16570337 0.62203872 0.86762309
v 0.16570337 0.68721867 0.86762309
v 0.23132837 0.62203872 0.86762309
v 0.23132837 0.68721867 0.86762309
v 0.16570337 0.75239867 0.86762309
v 0.16570337 0.81757861 0.86762309
v 0.23132837 0.75239867 0.86762309
v 0.23132837 0.81757861 0.86762309
v 0.29695338 0.62203872 0.86762309
v 0.29695338 0.68721867 0.86762309
v 0.36257836 0.62203872 0.86762309
v 0.36257836 0.68721867 0.86762309
v 0.29695338 0.75239867 0.86762309
v 0.29695338 0.81757861 0.86762309
v 0.36257836 0.75239867 0.86762309
v 0.36257836 0.81757861 0.86762309
v 0.16570337 1.14347839 0.65071732
v 0.16570337 1.14347839 0.67783052
v 0.23132837 1.14347839 0.65071732
v 0.23132837 1.14347839 0.67783052
v 0.16570337 1.14347839 0.70494378
v 0.16570337 1.14347839 0.73205698
v 0.23132837 1.14347839 0.70494378
v 0.23132837 1.14347839 0.73205698
v 0.29695338 1.14347839 0.65071732
v 0.29695338 1.14347839 0.67783052
v 0.36257836 1.14347839 0.65071732
v 0.36257836 1.14347839 0.67783052
v 0.29695338 1.14347839 0.70494378
v 0.29695338 1.14347839 0.73205698
v 0.36257836 1.14347839 0.70494378
v 0.36257836 1.14347839 0.73205698
v 0.16570337 0.88275856 0.86762309
v 0.16570337 0.94793850 0.86762309
v 0.23132837 0.88275856 0.86762309
v 0.23132837 0.94793850 0.86762309
v 0.16570337 1.14347839 0.75917023
v 0.16570337 1.14347839 0.78628343
v 0.16570337 1.14347839 0.81339663
v 0.23132837 1.14347839 0.75917023
v 0.23132837 1.14347839 0.78628343
v 0.23132837 1.14347839 0.81339663
v 0.16570337 1.01311851 0.86762309
v 0.16570337 1.07829845 0.86762309
v 0.16570337 1.14347839 0.84050989
v 0.16570337 1.14347839 0.86762309
v 0.23132837 1.01311851 0.86762309
v 0.23132837 1.07829845 0.86762309
v 0.23132837 1.14347839 0.84050989
v 0.23132837 1.14347839 0.86762309
v 0.29695338 0.88275856 0.86762309
v 0.29695338 0.94793850 0.86762309
v 0.36257836 0.88275856 0.86762309
v 0.36257836 0.94793850 0.86762309
v 0.29695338 1.14347839 0.75917023
v 0.29695338 1.14347839 0.78628343
v 0.29695338 1.14347839 0.81339663
v 0.36257836 1.14347839 0.75917023
v 0.36257836 1.14347839 0.78628343
v 0.36257836 1.14347839 0.81339663
v 0.29695338 1.01311851 0.86762309
v 0.29695338 1.07829845 0.86762309
v 0.29695338 1.14347839 0.84050989
v 0.29695338 1.14347839 0.86762309
v 0.36257836 1.01311851 0.86762309
v 0.36257836 1.07829845 0.86762309
v 0.36257836 1.14347839 0.84050989
v 0.36257836 1.14347839 0.86762309
v 0.88757843 0.10059905 0.43381155
v 0.88757843 0.10059905 0.46092477
v 0.88757843 0.16577901 0.43381155
v 0.88757843 0.16577901 0.46092477
v 0.88757843 0.10059905 0.48803800
v 0.88757843 0.10059905 0.51515120
v 0.88757843 0.16577901 0.48803800
v 0.88757843 0.16577901 0.51515120
v 0.88757843 0.23095897 0.43381155
v 0.88757843 0.23095897 0.46092477
v 0.88757843 0.29613894 0.43381155
v 0.88757843 0.29613894 0.46092477
v 0.88757843 0.23095897 0.48803800
v 0.88757843 0.23095897 0.51515120
v 0.88757843 0.29613894 0.48803800
v 0.88757843 0.29613894 0.51515120
v 0.88757843 0.10059905 0.54226446
v 0.88757843 0.10059905 0.56937766
v 0.88757843 0.10059905 0.59649086
v 0.88757843 0.16577901 0.54226446
v 0.88757843 0.16577901 0.56937766
v 0.88757843 0.16577901 0.59649086
v 0.88757843 0.10059905 0.62360412
v 0.88757843 0.16577901 0.62360412
v 0.88757843 0.23095897 0.54226446
v 0.88757843 0.23095897 0.56937766
v 0.88757843 0.23095897 0.59649086
v 0.88757843 0.29613894 0.54226446
v 0.88757843 0.29613894 0.56937766
v 0.88757843 0.29613894 0.59649086
v 0.88757843 0.23095897 0.62360412
v 0.88757843 0.29613894 0.62360412
v 0.88757843 0.36131889 0.43381155
v 0.88757843 0.36131889 0.46092477
v 0.88757843 0.42649886 0.43381155
v 0.88757843 0.42649886 0.46092477
v 0.88757843 0.36131889 0.48803800
v 0.88757843 0.36131889 0.51515120
v 0.88757843 0.42649886 0.48803800
v 0.88757843 0.42649886 0.51515120
v 0.88757843 0.49167880 0.43381155
v 0.88757843 0.49167880 0.46092477
v 0.88757843 0.55685878 0.43381155
v 0.88757843 0.55685878 0.46092477
v 0.88757843 0.49167880 0.48803800
v 0.88757843 0.49167880 0.51515120
v 0.88757843 0.55685878 0.48803800
v 0.88757843 0.55685878 0.51515120
v 0.88757843 0.36131889 0.54226446
v 0.88757843 0.36131889 0.56937766
v 0.88757843 0.36131889 0.59649086
v 0.88757843 0.42649886 0.54226446
v 0.88757843 0.42649886 0.56937766
v 0.88757843 0.42649886 0.59649086
v 0.88757843 0.36131889 0.62360412
v 0.88757843 0.42649886 0.62360412
v 0.88757843 0.49167880 0.54226446
v 0.88757843 0.49167880 0.56937766
v 0.88757843 0.49167880 0.59649086
v 0.88757843 0.55685878 0.54226446
v 0.88757843 0.55685878 0.56937766
v 0.88757843 0.55685878 0.59649086
v 0.88757843 0.49167880 0.62360412
v 0.88757843 0.55685878 0.62360412
v 0.42820337 0.10059905 0.86762309
v 0.42820337 0.16577901 0.86762309
v 0.49382839 0.10059905 0.86762309
v 0.49382839 0.16577901 0.86762309
v 0.42820337 0.23095897 0.86762309
v 0.42820337 0.29613894 0.86762309
v 0.49382839 0.23095897 0.86762309
v 0.49382839 0.29613894 0.86762309
v 0.55945337 0.10059905 0.86762309
v 0.55945337 0.16577901 0.86762309
v 0.62507838 0.10059905 0.86762309
v 0.62507838 0.16577901 0.86762309
v 0.55945337 0.23095897 0.86762309
v 0.55945337 0.29613894 0.86762309
v 0.62507838 0.23095897 0.86762309
v 0.62507838 0.29613894 0.86762309
v 0.42820337 0.36131889 0.86762309
v 0.42820337 0.42649886 0.86762309
v 0.49382839 0.36131889 0.86762309
v 0.49382839 0.42649886 0.86762309
v 0.42820337 0.49167880 0.86762309
v 0.42820337 0.55685878 0.86762309
v 0.49382839 0.49167880 0.86762309
v 0.49382839 0.55685878 0.86762309
v 0.55945337 0.36131889 0.86762309
v 0.55945337 0.42649886 0.86762309
v 0.62507838 0.36131889 0.86762309
v 0.62507838 0.42649886 0.86762309
v 0.55945337 0.49167880 0.86762309
v 0.55945337 0.55685878 0.86762309
v 0.62507838 0.49167880 0.86762309
v 0.62507838 0.55685878 0.86762309
v 0.88757843 0.10059905 0.65071732
v 0.88757843 0.10059905 0.67783052
v 0.88757843 0.16577901 0.65071732
v 0.88757843 0.16577901 0.67783052
v 0.88757843 0.10059905 0.70494378
v 0.88757843 0.10059905 0.73205698
v 0.88757843 0.16577901 0.70494378
v 0.88757843 0.16577901 0.73205698
v 0.88757843 0.23095897 0.65071732
v 0.88757843 0.23095897 0.67783052
v 0.88757843 0.29613894 0.65071732
v 0.88757843 0.29613894 0.67783052
v 0.88757843 0.23095897 0.70494378
v 0.88757843 0.23095897 0.73205698
v 0.88757843 0.29613894 0.70494378
v 0.88757843 0.29613894 0.73205698
v 0.69070339 0.10059905 0.86762309
v 0.69070339 0.16577901 0.86762309
v 0.75632840 0.10059905 0.86762309
v 0.75632840 0.16577901 0.86762309
v 0.69070339 0.23095897 0.86762309
v 0.69070339 0.29613894 0.86762309
v 0.75632840 0.23095897 0.86762309
v 0.75632840 0.29613894 0.86762309
v 0.88757843 0.10059905 0.75917023
v 0.88757843 0.10059905 0.78628343
v 0.88757843 0.10059905 0.81339663
v 0.88757843 0.16577901 0.75917023
v 0.88757843 0.16577901 0.78628343
v 0.88757843 0.16577901 0.81339663
v 0.82195342 0.10059905 0.86762309
v 0.82195342 0.16577901 0.86762309
v 0.88757843 0.10059905 0.84050989
v 0.88757843 0.10059905 0.86762309
v 0.88757843 0.16577901 0.84050989
v 0.88757843 0.16577901 0.86762309
v 0.88757843 0.23095897 0.75917023
v 0.88757843 0.23095897 0.78628343
v 0.88757843 0.23095897 0.81339663
v 0.88757843 0.29613894 0.75917023
v 0.88757843 0.29613894 0.78628343
v 0.88757843 0.29613894 0.81339663
v 0.82195342 0.23095897 0.86762309
v 0.82195342 0.29613894 0.86762309
v 0.88757843 0.23095897 0.84050989
v 0.88757843 0.23095897 0.86762309
v 0.88757843 0.29613894 0.84050989
v 0.88757843 0.29613894 0.86762309
v 0.88757843 0.36131889 0.65071732
v 0.88757843 0.36131889 0.67783052
v 0.88757843 0.42649886 0.65071732
v 0.88757843 0.42649886 0.67783052
v 0.88757843 0.36131889 0.70494378
v 0.88757843 0.36131889 0.73205698
v 0.88757843 0.42649886 0.70494378
v 0.88757843 0.42649886 0.73205698
v 0.88757843 0.49167880 0.65071732
v 0.88757843 0.49167880 0.67783052
v 0.88757843 0.55685878 0.65071732
v 0.88757843 0.55685878 0.67783052
v 0.88757843 0.49167880 0.70494378
v 0.88757843 0.49167880 0.73205698
v 0.88757843 0.55685878 0.70494378
v 0.88757843 0.55685878 0.73205698
v 0.69070339 0.36131889 0.86762309
v 0.69070339 0.42649886 0.86762309
v 0.75632840 0.36131889 0.86762309
v 0.75632840 0.42649886 0.86762309
v 0.69070339 0.49167880 0.86762309
v 0.69070339 0.55685878 0.86762309
v 0.75632840 0.49167880 0.86762309
v 0.75632840 0.55685878 0.86762309
v 0.88757843 0.36131889 0.75917023
v 0.88757843 0.36131889 0.78628343
v 0.88757843 0.36131889 0.81339663
v 0.88757843 0.42649886 0.75917023
v 0.88757843 0.42649886 0.78628343
v 0.88757843 0.42649886 0.81339663
v 0.82195342 0.36131889 0.86762309
v 0.82195342 0.42649886 0.86762309
v 0.88757843 0.36131889 0.84050989
v 0.88757843 0.36131889 0.86762309
v 0.88757843 0.42649886 0.84050989
v 0.88757843 0.42649886 0.86762309
v 0.88757843 0.49167880 0.75917023
v 0.88757843 0.49167880 0.78628343
v 0.88757843 0.49167880 0.81339663
v 0.88757843 0.55685878 0.75917023
v 0.88757843 0.55685878 0.78628343
v 0.88757843 0.55685878 0.81339663
v 0.82195342 0.49167880 0.86762309
v 0.82195342 0.55685878 0.86762309
v 0.88757843 0.49167880 0.84050989
v 0.88757843 0.49167880 0.86762309
v 0.88757843 0.55685878 0.84050989
v 0.88757843 0.55685878 0.86762309
v 0.42820337 1.14347839 0.43381155
v 0.42820337 1.14347839 0.46092477
v 0.49382839 1.14347839 0.43381155
v 0.49382839 1.14347839 0.46092477
v 0.42820337 1.14347839 0.48803800
v 0.42820337 1.14347839 0.51515120
v 0.49382839 1.14347839 0.48803800
v 0.49382839 1.14347839 0.51515120
v 0.55945337 1.14347839 0.43381155
v 0.55945337 1.14347839 0.46092477
v 0.62507838 1.14347839 0.43381155
v 0.62507838 1.14347839 0.46092477
v 0.55945337 1.14347839 0.48803800
v 0.55945337 1.14347839 0.51515120
v 0.62507838 1.14347839 0.48803800
v 0.62507838 1.14347839 0.51515120
v 0.42820337 1.14347839 0.54226446
v 0.42820337 1.14347839 0.56937766
v 0.42820337 1.14347839 0.59649086
v 0.49382839 1.14347839 0.54226446
v 0.49382839 1.14347839 0.56937766
v 0.49382839 1.14347839 0.59649086
v 0.42820337 1.14347839 0.62360412
v 0.49382839 1.14347839 0.62360412
v 0.55945337 1.14347839 0.54226446
v 0.55945337 1.14347839 0.56937766
v 0.55945337 1.14347839 0.59649086
v 0.62507838 1.14347839 0.54226446
v 0.62507838 1.14347839 0.56937766
v 0.62507838 1.14347839 0.59649086
v 0.55945337 1.14347839 0.62360412
v 0.62507838 1.14347839 0.62360412
v 0.88757843 0.62203872 0.43381155
v 0.88757843 0.68721867 0.43381155
v 0.88757843 0.62203872 0.46092477
v 0.88757843 0.68721867 0.46092477
v 0.88757843 0.62203872 0.48803800
v 0.88757843 0.62203872 0.51515120
v 0.88757843 0.68721867 0.48803800
v 0.88757843 0.68721867 0.51515120
v 0.88757843 0.75239867 0.43381155
v 0.88757843 0.75239867 0.46092477
v 0.88757843 0.81757861 0.43381155
v 0.88757843 0.81757861 0.46092477
v 0.88757843 0.75239867 0.48803800
v 0.88757843 0.75239867 0.51515120
v 0.88757843 0.81757861 0.48803800
v 0.88757843 0.81757861 0.51515120
v 0.88757843 0.62203872 0.54226446
v 0.88757843 0.68721867 0.54226446
v 0.88757843 0.62203872 0.56937766
v 0.88757843 0.62203872 0.59649086
v 0.88757843 0.68721867 0.56937766
v 0.88757843 0.68721867 0.59649086
v 0.88757843 0.62203872 0.62360412
v 0.88757843 0.68721867 0.62360412
v 0.88757843 0.75239867 0.54226446
v 0.88757843 0.75239867 0.56937766
v 0.88757843 0.75239867 0.59649086
v 0.88757843 0.81757861 0.54226446
v 0.88757843 0.81757861 0.56937766
v 0.88757843 0.81757861 0.59649086
v 0.88757843 0.75239867 0.62360412
v 0.88757843 0.81757861 0.62360412
v 0.69070339 1.14347839 0.43381155
v 0.69070339 1.14347839 0.46092477
v 0.75632840 1.14347839 0.43381155
v 0.75632840 1.14347839 0.46092477
v 0.69070339 1.14347839 0.48803800
v 0.69070339 1.14347839 0.51515120
v 0.75632840 1.14347839 0.48803800
v 0.75632840 1.14347839 0.51515120
v 0.88757843 0.88275856 0.43381155
v 0.88757843 0.94793850 0.43381155
v 0.88757843 0.88275856 0.46092477
v 0.88757843 0.94793850 0.46092477
v 0.88757843 0.88275856 0.48803800
v 0.88757843 0.88275856 0.51515120
v 0.88757843 0.94793850 0.48803800
v 0.88757843 0.94793850 0.51515120
v 0.82195342 1.14347839 0.43381155
v 0.82195342 1.14347839 0.46092477
v 0.88757843 1.01311851 0.43381155
v 0.88757843 1.01311851 0.46092477
v 0.88757843 1.07829845 0.43381155
v 0.88757843 1.14347839 0.43381155
v 0.88757843 1.07829845 0.46092477
v 0.88757843 1.14347839 0.46092477
v 0.82195342 1.14347839 0.48803800
v 0.82195342 1.14347839 0.51515120
v 0.88757843 1.01311851 0.48803800
v 0.88757843 1.01311851 0.51515120
v 0.88757843 1.07829845 0.48803800
v 0.88757843 1.07829845 0.51515120
v 0.88757843 1.14347839 0.48803800
v 0.88757843 1.14347839 0.51515120
v 0.69070339 1.14347839 0.54226446
v 0.69070339 1.14347839 0.56937766
v 0.69070339 1.14347839 0.59649086
v 0.75632840 1.14347839 0.54226446
v 0.75632840 1.14347839 0.56937766
v 0.75632840 1.14347839 0.59649086
v 0.69070339 1.14347839 0.62360412
v 0.75632840 1.14347839 0.62360412
v 0.88757843 0.88275856 0.54226446
v 0.88757843 0.94793850 0.54226446
v 0.88757843 0.88275856 0.56937766
v 0.88757843 0.88275856 0.59649086
v 0.88757843 0.94793850 0.56937766
v 0.88757843 0.94793850 0.59649086
v 0.88757843 0.88275856 0.62360412
v 0.88757843 0.94793850 0.62360412
v 0.82195342 1.14347839 0.54226446
v 0.82195342 1.14347839 0.56937766
v 0.82195342 1.14347839 0.59649086
v 0.88757843 1.01311851 0.54226446
v 0.88757843 1.01311851 0.56937766
v 0.88757843 1.01311851 0.59649086
v 0.88757843 1.07829845 0.54226446
v 0.88757843 1.14347839 0.54226446
v 0.88757843 1.07829845 0.56937766
v 0.88757843 1.07829845 0.59649086
v 0.88757843 1.14347839 0.56937766
v 0.88757843 1.14347839 0.59649086
v 0.82195342 1.14347839 0.62360412
v 0.88757843 1.01311851 0.62360412
v 0.88757843 1.07829845 0.62360412
v 0.88757843 1.14347839 0.62360412
v 0.42820337 0.62203872 0.86762309
v 0.42820337 0.68721867 0.86762309
v 0.49382839 0.62203872 0.86762309
v 0.49382839 0.68721867 0.86762309
v 0.42820337 0.75239867 0.86762309
v 0.42820337 0.81757861 0.86762309
v 0.49382839 0.75239867 0.86762309
v 0.49382839 0.81757861 0.86762309
v 0.55945337 0.62203872 0.86762309
v 0.55945337 0.68721867 0.86762309
v 0.62507838 0.62203872 0.86762309
v 0.62507838 0.68721867 0.86762309
v 0.55945337 0.75239867 0.86762309
v 0.55945337 0.81757861 0.86762309
v 0.62507838 0.75239867 0.86762309
v 0.62507838 0.81757861 0.86762309
v 0.42820337 1.14347839 0.65071732
v 0.42820337 1.14347839 0.67783052
v 0.49382839 1.14347839 0.65071732
v 0.49382839 1.14347839 0.67783052
v 0.42820337 1.14347839 0.70494378
v 0.42820337 1.14347839 0.73205698
v 0.49382839 1.14347839 0.70494378
v 0.49382839 1.14347839 0.73205698
v 0.55945337 1.14347839 0.65071732
v 0.55945337 1.14347839 0.67783052
v 0.62507838 1.14347839 0.65071732
v 0.62507838 1.14347839 0.67783052
v 0.55945337 1.14347839 0.70494378
v 0.55945337 1.14347839 0.73205698
v 0.62507838 1.14347839 0.70494378
v 0.62507838 1.14347839 0.73205698
v 0.42820337 0.88275856 0.86762309
v 0.42820337 0.94793850 0.86762309
v 0.49382839 0.88275856 0.86762309
v 0.49382839 0.94793850 0.86762309
v 0.42820337 1.14347839 0.75917023
v 0.42820337 1.14347839 0.78628343
v 0.42820337 1.14347839 0.81339663
v 0.49382839 1.14347839 0.75917023
v 0.49382839 1.14347839 0.78628343
v 0.49382839 1.14347839 0.81339663
v 0.42820337 1.01311851 0.86762309
v 0.42820337 1.07829845 0.86762309
v 0.42820337 1.14347839 0.84050989
v 0.42820337 1.14347839 0.86762309
v 0.49382839 1.01311851 0.86762309
v 0.49382839 1.07829845 0.86762309
v 0.49382839 1.14347839 0.84050989
v 0.49382839 1.14347839 0.86762309
v 0.55945337 0.88275856 0.86762309
v 0.55945337 0.94793850 0.86762309
v 0.62507838 0.88275856 0.86762309
v 0.62507838 0.94793850 0.86762309
v 0.55945337 1.14347839 0.75917023
v 0.55945337 1.14347839 0.78628343
v 0.55945337 1.14347839 0.81339663
v 0.62507838 1.14347839 0.75917023
v 0.62507838 1.14347839 0.78628343
v 0.62507838 1.14347839 0.81339663
v 0.55945337 1.01311851 0.86762309
v 0.55945337 1.07829845 0.86762309
v 0.55945337 1.14347839 0.84050989
v 0.55945337 1.14347839 0.86762309
v 0.62507838 1.01311851 0.86762309
v 0.62507838 1.07829845 0.86762309
v 0.62507838 1.14347839 0.84050989
v 0.62507838 1.14347839 0.86762309
v 0.88757843 0.62203872 0.65071732
v 0.88757843 0.62203872 0.67783052
v 0.88757843 0.68721867 0.65071732
v 0.88757843 0.68721867 0.67783052
v 0.88757843 0.62203872 0.70494378
v 0.88757843 0.62203872 0.73205698
v 0.88757843 0.68721867 0.70494378
v 0.88757843 0.68721867 0.73205698
v 0.88757843 0.75239867 0.65071732
v 0.88757843 0.75239867 0.67783052
v 0.88757843 0.81757861 0.65071732
v 0.88757843 0.81757861 0.67783052
v 0.88757843 0.75239867 0.70494378
v 0.88757843 0.75239867 0.73205698
v 0.88757843 0.81757861 0.70494378
v 0.88757843 0.81757861 0.73205698
v 0.69070339 0.62203872 0.86762309
v 0.69070339 0.68721867 0.86762309
v 0.75632840 0.62203872 0.86762309
v 0.75632840 0.68721867 0.86762309
v 0.69070339 0.75239867 0.86762309
v 0.69070339 0.81757861 0.86762309
v 0.75632840 0.75239867 0.86762309
v 0.75632840 0.81757861 0.86762309
v 0.88757843 0.62203872 0.75917023
v 0.88757843 0.68721867 0.75917023
v 0.88757843 0.62203872 0.78628343
v 0.88757843 0.62203872 0.81339663
v 0.88757843 0.68721867 0.78628343
v 0.88757843 0.68721867 0.81339663
v 0.82195342 0.62203872 0.86762309
v 0.82195342 0.68721867 0.86762309
v 0.88757843 0.62203872 0.84050989
v 0.88757843 0.62203872 0.86762309
v 0.88757843 0.68721867 0.84050989
v 0.88757843 0.68721867 0.86762309
v 0.88757843 0.75239867 0.75917023
v 0.88757843 0.75239867 0.78628343
v 0.88757843 0.75239867 0.81339663
v 0.88757843 0.81757861 0.75917023
v 0.88757843 0.81757861 0.78628343
v 0.88757843 0.81757861 0.81339663
v 0.82195342 0.75239867 0.86762309
v 0.82195342 0.81757861 0.86762309
v 0.88757843 0.75239867 0.84050989
v 0.88757843 0.75239867 0.86762309
v 0.88757843 0.81757861 0.84050989
v 0.88757843 0.81757861 0.86762309
v 0.69070339 1.14347839 0.65071732
v 0.69070339 1.14347839 0.67783052
v 0.75632840 1.14347839 0.65071732
v 0.75632840 1.14347839 0.67783052
v 0.69070339 1.14347839 0.70494378
v 0.69070339 1.14347839 0.73205698
v 0.75632840 1.14347839 0.70494378
v 0.75632840 1.14347839 0.73205698
v 0.88757843 0.88275856 0.65071732
v 0.88757843 0.88275856 0.67783052
v 0.88757843 0.94793850 0.65071732
v 0.88757843 0.94793850 0.67783052
v 0.88757843 0.88275856 0.70494378
v 0.88757843 0.88275856 0.73205698
v 0.88757843 0.94793850 0.70494378
v 0.88757843 0.94793850 0.73205698
v 0.82195342 1.14347839 0.65071732
v 0.82195342 1.14347839 0.67783052
v 0.88757843 1.01311851 0.65071732
v 0.88757843 1.01311851 0.67783052
v 0.88757843 1.07829845 0.65071732
v 0.88757843 1.07829845 0.67783052
v 0.88757843 1.14347839 0.65071732
v 0.88757843 1.14347839 0.67783052
v 0.82195342 1.14347839 0.70494378
v 0.82195342 1.14347839 0.73205698
v 0.88757843 1.01311851 0.70494378
v 0.88757843 1.01311851 0.73205698
v 0.88757843 1.07829845 0.70494378
v 0.88757843 1.07829845 0.73205698
v 0.88757843 1.14347839 0.70494378
v 0.88757843 1.14347839 0.73205698
v 0.69070339 0.88275856 0.86762309
v 0.69070339 0.94793850 0.86762309
v 0.75632840 0.88275856 0.86762309
v 0.75632840 0.94793850 0.86762309
v 0.69070339 1.14347839 0.75917023
v 0.69070339 1.14347839 0.78628343
v 0.69070339 1.14347839 0.81339663
v 0.75632840 1.14347839 0.75917023
v 0.75632840 1.14347839 0.78628343
v 0.75632840 1.14347839 0.81339663
v 0.69070339 1.01311851 0.86762309
v 0.69070339 1.07829845 0.86762309
v 0.69070339 1.14347839 0.84050989
v 0.69070339 1.14347839 0.86762309
v 0.75632840 1.01311851 0.86762309
v 0.75632840 1.07829845 0.86762309
v 0.75632840 1.14347839 0.84050989
v 0.75632840 1.14347839 0.86762309
v 0.88757843 0.88275856 0.75917023
v 0.88757843 0.94793850 0.75917023
v 0.88757843 0.88275856 0.78628343
v 0.88757843 0.88275856 0.81339663
v 0.88757843 0.94793850 0.78628343
v 0.88757843 0.94793850 0.81339663
v 0.82195342 0.88275856 0.86762309
v 0.82195342 0.94793850 0.86762309
v 0.88757843 0.88275856 0.84050989
v 0.88757843 0.88275856 0.86762309
v 0.88757843 0.94793850 0.84050989
v 0.88757843 0.94793850 0.86762309
v 0.82195342 1.14347839 0.75917023
v 0.82195342 1.14347839 0.78628343
v 0.82195342 1.14347839 0.81339663
v 0.88757843 1.01311851 0.75917023
v 0.88757843 1.01311851 0.78628343
v 0.88757843 1.01311851 0.81339663
v 0.88757843 1.07829845 0.75917023
v 0.88757843 1.14347839 0.75917023
v 0.88757843 1.07829845 0.78628343
v 0.88757843 1.07829845 0.81339663
v 0.88757843 1.14347839 0.78628343
v 0.88757843 1.14347839 0.81339663
v 0.82195342 1.01311851 0.86762309
v 0.82195342 1.07829845 0.86762309
v 0.82195342 1.14347839 0.84050989
v 0.82195342 1.14347839 0.86762309
v 0.88757843 1.01311851 0.84050989
v 0.88757843 1.01311851 0.86762309
v 0.88757843 1.07829845 0.84050989
v 0.88757843 1.07829845 0.86762309
v 0.88757843 1.14347839 0.84050989
v 0.88757843 1.14347839 0.86762309
f 1 3 5
f 1 2 3
f 1 5 6
f 1 6 2
f 3 7 5
f 2 4 3
f 5 7 15
f 5 15 16
f 5 16 6
f 7 17 15
f 2 8 4
f 2 6 10
f 2 10 8
f 4 8 9
f 6 16 21
f 6 21 10
f 3 11 7
f 3 4 11
f 7 11 13
f 4 12 11
f 7 13 17
f 13 23 17
f 4 9 12
f 9 14 12
f 15 17 18
f 15 18 19
f 15 19 16
f 17 20 18
f 18 20 45
f 18 45 46
f 18 46 19
f 20 47 45
f 16 19 22
f 16 22 21
f 19 46 51
f 19 51 22
f 17 23 20
f 20 23 24
f 20 24 47
f 24 53 47
f 8 25 9
f 8 10 27
f 8 27 25
f 9 25 26
f 10 21 29
f 10 29 27
f 25 77 26
f 25 27 81
f 25 81 77
f 26 77 79
f 27 29 89
f 27 89 81
f 9 26 14
f 14 26 28
f 26 79 28
f 28 79 86
f 21 22 30
f 21 30 29
f 22 51 65
f 22 65 30
f 29 30 91
f 29 91 89
f 30 65 109
f 30 109 91
f 11 31 13
f 11 12 31
f 13 31 33
f 12 32 31
f 13 33 23
f 23 33 39
f 12 14 32
f 14 34 32
f 31 35 33
f 31 32 35
f 33 35 37
f 32 36 35
f 33 37 39
f 37 41 39
f 32 34 36
f 34 38 36
f 23 39 24
f 24 39 40
f 24 40 53
f 40 69 53
f 39 41 40
f 40 41 42
f 40 42 69
f 42 71 69
f 14 28 34
f 28 43 34
f 28 86 43
f 43 86 101
f 34 43 38
f 38 43 44
f 43 101 44
f 44 101 104
f 45 47 48
f 45 48 49
f 45 49 46
f 47 50 48
f 48 50 55
f 48 55 56
f 48 56 49
f 50 57 55
f 46 49 52
f 46 52 51
f 49 56 61
f 49 61 52
f 47 53 50
f 50 53 54
f 50 54 57
f 54 63 57
f 55 57 58
f 55 58 59
f 55 59 56
f 57 60 58
f 58 60 194
f 58 194 195
f 58 195 59
f 60 196 194
f 56 59 62
f 56 62 61
f 59 195 200
f 59 200 62
f 57 63 60
f 60 63 64
f 60 64 196
f 64 202 196
f 51 52 66
f 51 66 65
f 52 61 67
f 52 67 66
f 65 66 111
f 65 111 109
f 66 67 115
f 66 115 111
f 61 62 68
f 61 68 67
f 62 200 214
f 62 214 68
f 67 68 117
f 67 117 115
f 68 214 258
f 68 258 117
f 53 69 54
f 54 69 70
f 54 70 63
f 63 70 73
f 69 71 70
f 70 71 72
f 70 72 73
f 72 75 73
f 63 73 64
f 64 73 74
f 64 74 202
f 74 218 202
f 73 75 74
f 74 75 76
f 74 76 218
f 76 220 218
f 77 78 79
f 77 81 82
f 77 82 78
f 78 80 79
f 81 89 90
f 81 90 82
f 78 83 80
f 78 82 85
f 78 85 83
f 80 83 84
f 82 90 93
f 82 93 85
f 79 80 86
f 80 87 86
f 80 84 87
f 84 88 87
f 89 91 92
f 89 92 90
f 91 109 110
f 91 110 92
f 90 92 94
f 90 94 93
f 92 110 113
f 92 113 94
f 83 95 84
f 83 85 97
f 83 97 95
f 84 95 96
f 85 93 99
f 85 99 97
f 95 322 96
f 95 97 326
f 95 326 322
f 96 322 324
f 97 99 330
f 97 330 326
f 84 96 88
f 88 96 98
f 96 324 98
f 98 324 328
f 93 94 100
f 93 100 99
f 94 113 121
f 94 121 100
f 99 100 332
f 99 332 330
f 100 121 354
f 100 354 332
f 86 87 101
f 87 102 101
f 87 88 102
f 88 103 102
f 101 102 104
f 102 105 104
f 102 103 105
f 103 106 105
f 88 98 103
f 98 107 103
f 98 328 107
f 107 328 346
f 103 107 106
f 106 107 108
f 107 346 108
f 108 346 348
f 109 111 112
f 109 112 110
f 111 115 116
f 111 116 112
f 110 112 114
f 110 114 113
f 112 116 119
f 112 119 114
f 115 117 118
f 115 118 116
f 117 258 259
f 117 259 118
f 116 118 120
f 116 120 119
f 118 259 262
f 118 262 120
f 113 114 122
f 113 122 121
f 114 119 123
f 114 123 122
f 121 122 356
f 121 356 354
f 122 123 358
f 122 358 356
f 119 120 124
f 119 124 123
f 120 262 270
f 120 270 124
f 123 124 360
f 123 360 358
f 124 270 522
f 124 522 360
f 35 125 37
f 35 36 125
f 37 125 127
f 36 126 125
f 37 127 41
f 41 127 133
f 36 38 126
f 38 128 126
f 125 129 127
f 125 126 129
f 127 129 131
f 126 130 129
f 127 131 133
f 131 135 133
f 126 128 130
f 128 132 130
f 41 133 42
f 42 133 134
f 42 134 71
f 71 134 153
f 133 135 134
f 134 135 136
f 134 136 153
f 136 155 153
f 38 44 128
f 44 137 128
f 44 104 137
f 104 169 137
f 128 137 132
f 132 137 138
f 137 169 138
f 138 169 172
f 129 139 131
f 129 130 139
f 131 139 141
f 130 140 139
f 131 141 135
f 135 141 147
f 130 132 140
f 132 142 140
f 139 143 141
f 139 140 143
f 141 143 145
f 140 144 143
f 141 145 147
f 145 149 147
f 140 142 144
f 142 146 144
f 135 147 136
f 136 147 148
f 136 148 155
f 148 161 155
f 147 149 148
f 148 149 150
f 148 150 161
f 150 163 161
f 132 138 142
f 138 151 142
f 138 172 151
f 151 172 177
f 142 151 146
f 146 151 152
f 151 177 152
f 152 177 180
f 71 153 72
f 72 153 154
f 72 154 75
f 75 154 157
f 153 155 154
f 154 155 156
f 154 156 157
f 156 159 157
f 75 157 76
f 76 157 158
f 76 158 220
f 158 290 220
f 157 159 158
f 158 159 160
f 158 160 290
f 160 292 290
f 155 161 156
f 156 161 162
f 156 162 159
f 159 162 165
f 161 163 162
f 162 163 164
f 162 164 165
f 164 167 165
f 159 165 160
f 160 165 166
f 160 166 292
f 166 298 292
f 165 167 166
f 166 167 168
f 166 168 298
f 168 300 298
f 104 105 169
f 105 170 169
f 105 106 170
f 106 171 170
f 169 170 172
f 170 173 172
f 170 171 173
f 171 174 173
f 106 108 171
f 108 175 171
f 108 348 175
f 175 348 418
f 171 175 174
f 174 175 176
f 175 418 176
f 176 418 420
f 172 173 177
f 173 178 177
f 173 174 178
f 174 179 178
f 177 178 180
f 178 674 180
f 178 181 674
f 178 179 181
f 179 183 181
f 179 186 183
f 174 176 179
f 176 192 179
f 176 420 192
f 192 420 428
f 179 192 186
f 186 192 193
f 192 428 193
f 193 428 430
f 194 196 197
f 194 197 198
f 194 198 195
f 196 199 197
f 197 199 204
f 197 204 206
f 197 206 198
f 199 208 204
f 195 198 201
f 195 201 200
f 198 206 210
f 198 210 201
f 196 202 199
f 199 202 203
f 199 203 208
f 203 212 208
f 204 208 205
f 204 205 207
f 204 207 206
f 205 208 209
f 205 209 226
f 205 226 227
f 205 227 207
f 209 228 226
f 206 207 211
f 206 211 210
f 207 227 232
f 207 232 211
f 208 212 209
f 209 212 213
f 209 213 228
f 213 234 228
f 200 201 215
f 200 215 214
f 201 210 216
f 201 216 215
f 214 215 260
f 214 260 258
f 215 216 264
f 215 264 260
f 210 211 217
f 210 217 216
f 211 232 246
f 211 246 217
f 216 217 265
f 216 265 264
f 217 246 274
f 217 274 265
f 202 218 203
f 203 218 219
f 203 219 212
f 212 219 222
f 218 220 219
f 219 220 221
f 219 221 222
f 221 224 222
f 212 222 213
f 213 222 223
f 213 223 234
f 223 250 234
f 222 224 223
f 223 224 225
f 223 225 250
f 225 252 250
f 226 228 229
f 226 229 230
f 226 230 227
f 228 231 229
f 229 231 236
f 229 236 238
f 229 238 230
f 231 240 236
f 227 230 233
f 227 233 232
f 230 238 242
f 230 242 233
f 228 234 231
f 231 234 235
f 231 235 240
f 235 244 240
f 236 240 237
f 236 237 239
f 236 239 238
f 237 240 241
f 237 241 1151
f 237 1151 1152
f 237 1152 239
f 241 1153 1151
f 238 239 243
f 238 243 242
f 239 1152 1157
f 239 1157 243
f 240 244 241
f 241 244 245
f 241 245 1153
f 245 1159 1153
f 232 233 247
f 232 247 246
f 233 242 248
f 233 248 247
f 246 247 276
f 246 276 274
f 247 248 280
f 247 280 276
f 242 243 249
f 242 249 248
f 243 1157 1171
f 243 1171 249
f 248 249 281
f 248 281 280
f 249 1171 1215
f 249 1215 281
f 234 250 235
f 235 250 251
f 235 251 244
f 244 251 254
f 250 252 251
f 251 252 253
f 251 253 254
f 253 256 254
f 244 254 245
f 245 254 255
f 245 255 1159
f 255 1175 1159
f 254 256 255
f 255 256 257
f 255 257 1175
f 257 1177 1175
f 258 260 261
f 258 261 259
f 260 264 266
f 260 266 261
f 259 261 263
f 259 263 262
f 261 266 268
f 261 268 263
f 264 265 267
f 264 267 266
f 265 274 275
f 265 275 267
f 266 267 269
f 266 269 268
f 267 275 278
f 267 278 269
f 262 263 271
f 262 271 270
f 263 268 272
f 263 272 271
f 270 271 524
f 270 524 522
f 271 272 526
f 271 526 524
f 268 269 273
f 268 273 272
f 269 278 286
f 269 286 273
f 272 273 527
f 272 527 526
f 273 286 538
f 273 538 527
f 274 276 277
f 274 277 275
f 276 280 282
f 276 282 277
f 275 277 279
f 275 279 278
f 277 282 284
f 277 284 279
f 280 281 283
f 280 283 282
f 281 1215 1216
f 281 1216 283
f 282 283 285
f 282 285 284
f 283 1216 1219
f 283 1219 285
f 278 279 287
f 278 287 286
f 279 284 288
f 279 288 287
f 286 287 540
f 286 540 538
f 287 288 542
f 287 542 540
f 284 285 289
f 284 289 288
f 285 1219 1227
f 285 1227 289
f 288 289 543
f 288 543 542
f 289 1227 1479
f 289 1479 543
f 220 290 221
f 221 290 291
f 221 291 224
f 224 291 294
f 290 292 291
f 291 292 293
f 291 293 294
f 293 296 294
f 224 294 225
f 225 294 295
f 225 295 252
f 252 295 306
f 294 296 295
f 295 296 297
f 295 297 306
f 297 308 306
f 292 298 293
f 293 298 299
f 293 299 296
f 296 299 302
f 298 300 299
f 299 300 301
f 299 301 302
f 301 304 302
f 296 302 297
f 297 302 303
f 297 303 308
f 303 314 308
f 302 304 303
f 303 304 305
f 303 305 314
f 305 316 314
f 252 306 253
f 253 306 307
f 253 307 256
f 256 307 310
f 306 308 307
f 307 308 309
f 307 309 310
f 309 312 310
f 256 310 257
f 257 310 311
f 257 311 1177
f 311 1247 1177
f 310 312 311
f 311 312 313
f 311 313 1247
f 313 1249 1247
f 308 314 309
f 309 314 315
f 309 315 312
f 312 315 318
f 314 316 315
f 315 316 317
f 315 317 318
f 317 320 318
f 312 318 313
f 313 318 319
f 313 319 1249
f 319 1255 1249
f 318 320 319
f 319 320 321
f 319 321 1255
f 321 1257 1255
f 322 323 324
f 322 326 327
f 322 327 323
f 323 325 324
f 326 330 331
f 326 331 327
f 323 334 325
f 323 327 336
f 323 336 334
f 325 334 335
f 327 331 342
f 327 342 336
f 324 325 328
f 325 329 328
f 325 335 329
f 329 335 340
f 330 332 333
f 330 333 331
f 332 354 355
f 332 355 333
f 331 333 343
f 331 343 342
f 333 355 362
f 333 362 343
f 334 337 335
f 334 336 339
f 334 339 337
f 335 337 338
f 336 342 344
f 336 344 339
f 337 370 338
f 337 339 372
f 337 372 370
f 338 370 371
f 339 344 382
f 339 382 372
f 335 338 340
f 338 341 340
f 338 371 341
f 341 371 379
f 342 343 345
f 342 345 344
f 343 362 364
f 343 364 345
f 344 345 383
f 344 383 382
f 345 364 402
f 345 402 383
f 328 329 346
f 329 347 346
f 329 340 347
f 340 350 347
f 346 347 348
f 347 349 348
f 347 350 349
f 349 350 352
f 340 341 350
f 341 351 350
f 341 379 351
f 351 379 394
f 350 351 352
f 351 353 352
f 351 394 353
f 353 394 397
f 354 356 357
f 354 357 355
f 356 358 359
f 356 359 357
f 355 357 363
f 355 363 362
f 357 359 366
f 357 366 363
f 358 360 361
f 358 361 359
f 360 522 523
f 360 523 361
f 359 361 367
f 359 367 366
f 361 523 530
f 361 530 367
f 362 363 365
f 362 365 364
f 363 366 368
f 363 368 365
f 364 365 403
f 364 403 402
f 365 368 408
f 365 408 403
f 366 367 369
f 366 369 368
f 367 530 532
f 367 532 369
f 368 369 409
f 368 409 408
f 369 532 554
f 369 554 409
f 370 373 371
f 370 372 377
f 370 377 373
f 371 373 375
f 372 382 384
f 372 384 377
f 373 374 375
f 373 377 378
f 373 378 374
f 374 376 375
f 377 384 385
f 377 385 378
f 371 375 379
f 375 380 379
f 375 376 380
f 376 381 380
f 382 383 386
f 382 386 384
f 383 402 404
f 383 404 386
f 384 386 387
f 384 387 385
f 386 404 405
f 386 405 387
f 374 388 376
f 374 378 390
f 374 390 388
f 376 388 389
f 378 385 392
f 378 392 390
f 388 2011 389
f 388 390 2013
f 388 2013 2011
f 389 2011 2012
f 390 392 2019
f 390 2019 2013
f 376 389 381
f 381 389 391
f 389 2012 391
f 391 2012 2017
f 385 387 393
f 385 393 392
f 387 405 414
f 387 414 393
f 392 393 2020
f 392 2020 2019
f 393 414 2043
f 393 2043 2020
f 379 380 394
f 380 395 394
f 380 381 395
f 381 396 395
f 394 395 397
f 395 398 397
f 395 396 398
f 396 399 398
f 381 391 396
f 391 400 396
f 391 2017 400
f 400 2017 2035
f 396 400 399
f 399 400 401
f 400 2035 401
f 401 2035 2037
f 402 403 406
f 402 406 404
f 403 408 410
f 403 410 406
f 404 406 407
f 404 407 405
f 406 410 411
f 406 411 407
f 408 409 412
f 408 412 410
f 409 554 556
f 409 556 412
f 410 412 413
f 410 413 411
f 412 556 557
f 412 557 413
f 405 407 415
f 405 415 414
f 407 411 416
f 407 416 415
f 414 415 2044
f 414 2044 2043
f 415 416 2047
f 415 2047 2044
f 411 413 417
f 411 417 416
f 413 557 566
f 413 566 417
f 416 417 2048
f 416 2048 2047
f 417 566 2212
f 417 2212 2048
f 348 349 418
f 349 419 418
f 349 352 419
f 352 422 419
f 418 419 420
f 419 421 420
f 419 422 421
f 421 422 424
f 352 353 422
f 353 423 422
f 353 397 423
f 397 467 423
f 422 423 424
f 423 425 424
f 423 467 425
f 425 467 470
f 420 421 428
f 421 429 428
f 421 424 429
f 424 440 429
f 428 429 430
f 429 431 430
f 429 440 431
f 440 432 433
f 431 433 434
f 431 440 433
f 424 425 440
f 425 441 442
f 425 438 441
f 440 442 443
f 425 442 440
f 425 446 445
f 425 445 438
f 425 470 446
f 470 471 446
f 440 443 449
f 440 449 432
f 397 398 467
f 398 468 467
f 398 399 468
f 399 469 468
f 467 468 470
f 468 474 473
f 468 471 470
f 468 472 471
f 468 473 472
f 468 476 474
f 468 469 476
f 469 478 476
f 469 480 478
f 469 479 480
f 469 481 479
f 469 482 481
f 469 489 482
f 399 401 469
f 401 488 469
f 401 2037 488
f 488 2037 2107
f 469 488 489
f 488 490 489
f 488 491 490
f 488 494 491
f 494 500 491
f 488 2107 494
f 494 2107 2109
f 494 501 500
f 494 2109 501
f 2109 503 501
f 2109 504 503
f 522 524 525
f 522 525 523
f 524 526 528
f 524 528 525
f 523 525 531
f 523 531 530
f 525 528 534
f 525 534 531
f 526 527 529
f 526 529 528
f 527 538 539
f 527 539 529
f 528 529 535
f 528 535 534
f 529 539 546
f 529 546 535
f 530 531 533
f 530 533 532
f 531 534 536
f 531 536 533
f 532 533 555
f 532 555 554
f 533 536 560
f 533 560 555
f 534 535 537
f 534 537 536
f 535 546 548
f 535 548 537
f 536 537 561
f 536 561 560
f 537 548 570
f 537 570 561
f 538 540 541
f 538 541 539
f 540 542 544
f 540 544 541
f 539 541 547
f 539 547 546
f 541 544 550
f 541 550 547
f 542 543 545
f 542 545 544
f 543 1479 1480
f 543 1480 545
f 544 545 551
f 544 551 550
f 545 1480 1487
f 545 1487 551
f 546 547 549
f 546 549 548
f 547 550 552
f 547 552 549
f 548 549 571
f 548 571 570
f 549 552 576
f 549 576 571
f 550 551 553
f 550 553 552
f 551 1487 1489
f 551 1489 553
f 552 553 577
f 552 577 576
f 553 1489 1511
f 553 1511 577
f 554 555 558
f 554 558 556
f 555 560 562
f 555 562 558
f 556 558 559
f 556 559 557
f 558 562 564
f 558 564 559
f 560 561 563
f 560 563 562
f 561 570 572
f 561 572 563
f 562 563 565
f 562 565 564
f 563 572 573
f 563 573 565
f 557 559 567
f 557 567 566
f 559 564 568
f 559 568 567
f 566 567 2213
f 566 2213 2212
f 567 568 2216
f 567 2216 2213
f 564 565 569
f 564 569 568
f 565 573 582
f 565 582 569
f 568 569 2217
f 568 2217 2216
f 569 582 2228
f 569 2228 2217
f 570 571 574
f 570 574 572
f 571 576 578
f 571 578 574
f 572 574 575
f 572 575 573
f 574 578 580
f 574 580 575
f 576 577 579
f 576 579 578
f 577 1511 1513
f 577 1513 579
f 578 579 581
f 578 581 580
f 579 1513 1514
f 579 1514 581
f 573 575 583
f 573 583 582
f 575 580 584
f 575 584 583
f 582 583 2229
f 582 2229 2228
f 583 584 2232
f 583 2232 2229
f 580 581 585
f 580 585 584
f 581 1514 1523
f 581 1523 585
f 584 585 2233
f 584 2233 2232
f 585 1523 3139
f 585 3139 2233
f 143 630 145
f 143 144 630
f 145 630 632
f 144 631 630
f 145 632 149
f 149 632 638
f 144 146 631
f 146 633 631
f 630 634 632
f 630 631 634
f 632 634 636
f 631 635 634
f 632 636 638
f 636 640 638
f 631 633 635
f 633 637 635
f 149 638 150
f 150 638 639
f 150 639 163
f 163 639 658
f 638 640 639
f 639 640 641
f 639 641 658
f 641 660 658
f 146 152 633
f 152 642 633
f 152 180 642
f 180 678 642
f 633 642 637
f 637 642 643
f 642 678 643
f 643 678 686
f 634 644 636
f 634 635 644
f 636 644 646
f 635 645 644
f 636 646 640
f 640 646 652
f 635 637 645
f 637 647 645
f 644 648 646
f 644 645 648
f 646 648 650
f 645 649 648
f 646 650 652
f 650 654 652
f 645 647 649
f 647 651 649
f 640 652 641
f 641 652 653
f 641 653 660
f 653 666 660
f 652 654 653
f 653 654 655
f 653 655 666
f 655 668 666
f 637 643 647
f 643 656 647
f 643 686 656
f 656 686 711
f 647 656 651
f 651 656 657
f 656 711 657
f 657 711 716
f 163 658 164
f 164 658 659
f 164 659 167
f 167 659 662
f 658 660 659
f 659 660 661
f 659 661 662
f 661 664 662
f 167 662 168
f 168 662 663
f 168 663 300
f 300 663 828
f 662 664 663
f 663 664 665
f 663 665 828
f 665 830 828
f 660 666 661
f 661 666 667
f 661 667 664
f 664 667 670
f 666 668 667
f 667 668 669
f 667 669 670
f 669 672 670
f 664 670 665
f 665 670 671
f 665 671 830
f 671 836 830
f 670 672 671
f 671 672 673
f 671 673 836
f 673 838 836
f 180 674 675
f 180 676 677
f 180 675 676
f 180 677 678
f 678 677 679
f 186 681 183
f 186 682 681
f 186 683 682
f 678 679 687
f 678 687 686
f 686 687 688
f 686 688 689
f 186 193 683
f 193 695 683
f 697 699 695
f 193 697 695
f 193 430 697
f 430 984 697
f 697 700 699
f 697 702 700
f 697 704 702
f 697 705 704
f 705 723 704
f 697 984 705
f 705 984 993
f 686 689 712
f 686 712 711
f 711 712 713
f 711 713 714
f 711 714 715
f 711 715 717
f 711 717 716
f 716 717 718
f 705 724 723
f 705 993 724
f 993 725 724
f 648 754 650
f 648 649 754
f 650 754 756
f 649 755 754
f 650 756 654
f 654 756 762
f 649 651 755
f 651 757 755
f 754 758 756
f 754 755 758
f 756 758 760
f 755 759 758
f 756 760 762
f 760 764 762
f 755 757 759
f 757 761 759
f 654 762 655
f 655 762 763
f 655 763 668
f 668 763 782
f 762 764 763
f 763 764 765
f 763 765 782
f 765 784 782
f 651 657 757
f 657 766 757
f 657 716 766
f 716 798 766
f 757 766 761
f 761 766 767
f 766 798 767
f 767 798 801
f 758 768 760
f 758 759 768
f 760 768 770
f 759 769 768
f 760 770 764
f 764 770 776
f 759 761 769
f 761 771 769
f 768 772 770
f 768 769 772
f 770 772 774
f 769 773 772
f 770 774 776
f 774 778 776
f 769 771 773
f 771 775 773
f 764 776 765
f 765 776 777
f 765 777 784
f 777 790 784
f 776 778 777
f 777 778 779
f 777 779 790
f 779 792 790
f 761 767 771
f 767 780 771
f 767 801 780
f 780 801 811
f 771 780 775
f 775 780 781
f 780 811 781
f 781 811 813
f 668 782 669
f 669 782 783
f 669 783 672
f 672 783 786
f 782 784 783
f 783 784 785
f 783 785 786
f 785 788 786
f 672 786 673
f 673 786 787
f 673 787 838
f 787 916 838
f 786 788 787
f 787 788 789
f 787 789 916
f 789 918 916
f 784 790 785
f 785 790 791
f 785 791 788
f 788 791 794
f 790 792 791
f 791 792 793
f 791 793 794
f 793 796 794
f 788 794 789
f 789 794 795
f 789 795 918
f 795 924 918
f 794 796 795
f 795 796 797
f 795 797 924
f 797 926 924
f 716 718 799
f 716 799 798
f 798 799 803
f 798 803 801
f 801 803 802
f 802 803 804
f 802 804 805
f 802 805 806
f 802 806 807
f 802 807 808
f 801 802 811
f 802 812 811
f 802 808 815
f 802 815 812
f 811 812 813
f 812 814 813
f 812 815 816
f 812 816 814
f 814 816 817
f 300 828 301
f 301 828 829
f 301 829 304
f 304 829 832
f 828 830 829
f 829 830 831
f 829 831 832
f 831 834 832
f 304 832 305
f 305 832 833
f 305 833 316
f 316 833 844
f 832 834 833
f 833 834 835
f 833 835 844
f 835 846 844
f 830 836 831
f 831 836 837
f 831 837 834
f 834 837 840
f 836 838 837
f 837 838 839
f 837 839 840
f 839 842 840
f 834 840 835
f 835 840 841
f 835 841 846
f 841 852 846
f 840 842 841
f 841 842 843
f 841 843 852
f 843 854 852
f 316 844 317
f 317 844 845
f 317 845 320
f 320 845 848
f 844 846 845
f 845 846 847
f 845 847 848
f 847 850 848
f 320 848 321
f 321 848 849
f 321 849 1257
f 849 1679 1257
f 848 850 849
f 849 850 851
f 849 851 1679
f 851 1681 1679
f 846 852 847
f 847 852 853
f 847 853 850
f 850 853 856
f 852 854 853
f 853 854 855
f 853 855 856
f 855 858 856
f 850 856 851
f 851 856 857
f 851 857 1681
f 857 1687 1681
f 856 858 857
f 857 858 859
f 857 859 1687
f 859 1689 1687
f 838 916 839
f 839 916 917
f 839 917 842
f 842 917 920
f 916 918 917
f 917 918 919
f 917 919 920
f 919 922 920
f 842 920 843
f 843 920 921
f 843 921 854
f 854 921 932
f 920 922 921
f 921 922 923
f 921 923 932
f 923 934 932
f 918 924 919
f 919 924 925
f 919 925 922
f 922 925 928
f 924 926 925
f 925 926 927
f 925 927 928
f 927 930 928
f 922 928 923
f 923 928 929
f 923 929 934
f 929 940 934
f 928 930 929
f 929 930 931
f 929 931 940
f 931 942 940
f 854 932 855
f 855 932 933
f 855 933 858
f 858 933 936
f 932 934 933
f 933 934 935
f 933 935 936
f 935 938 936
f 858 936 859
f 859 936 937
f 859 937 1689
f 937 1720 1689
f 936 938 937
f 937 938 939
f 937 939 1720
f 939 1722 1720
f 934 940 935
f 935 940 941
f 935 941 938
f 938 941 944
f 940 942 941
f 941 942 943
f 941 943 944
f 943 946 944
f 938 944 939
f 939 944 945
f 939 945 1722
f 945 1728 1722
f 944 946 945
f 945 946 947
f 945 947 1728
f 947 1730 1728
f 430 431 984
f 431 989 985
f 431 985 984
f 984 985 986
f 984 986 991
f 431 434 989
f 984 992 993
f 984 991 992
f 993 992 996
f 993 996 994
f 993 994 1000
f 993 999 725
f 993 1000 999
f 1151 1153 1154
f 1151 1154 1155
f 1151 1155 1152
f 1153 1156 1154
f 1154 1156 1161
f 1154 1161 1163
f 1154 1163 1155
f 1156 1165 1161
f 1152 1155 1158
f 1152 1158 1157
f 1155 1163 1167
f 1155 1167 1158
f 1153 1159 1156
f 1156 1159 1160
f 1156 1160 1165
f 1160 1169 1165
f 1161 1165 1162
f 1161 1162 1164
f 1161 1164 1163
f 1162 1165 1166
f 1162 1166 1183
f 1162 1183 1184
f 1162 1184 1164
f 1166 1185 1183
f 1163 1164 1168
f 1163 1168 1167
f 1164 1184 1192
f 1164 1192 1168
f 1165 1169 1166
f 1166 1169 1170
f 1166 1170 1185
f 1170 1195 1185
f 1157 1158 1172
f 1157 1172 1171
f 1158 1167 1173
f 1158 1173 1172
f 1171 1172 1217
f 1171 1217 1215
f 1172 1173 1221
f 1172 1221 1217
f 1167 1168 1174
f 1167 1174 1173
f 1168 1192 1203
f 1168 1203 1174
f 1173 1174 1222
f 1173 1222 1221
f 1174 1203 1231
f 1174 1231 1222
f 1159 1175 1160
f 1160 1175 1176
f 1160 1176 1169
f 1169 1176 1179
f 1175 1177 1176
f 1176 1177 1178
f 1176 1178 1179
f 1178 1181 1179
f 1169 1179 1170
f 1170 1179 1180
f 1170 1180 1195
f 1180 1207 1195
f 1179 1181 1180
f 1180 1181 1182
f 1180 1182 1207
f 1182 1210 1207
f 1183 1185 1186
f 1183 1186 1188
f 1183 1188 1184
f 1185 1190 1186
f 1186 1190 1187
f 1186 1187 1189
f 1186 1189 1188
f 1187 1190 1191
f 1184 1188 1193
f 1184 1193 1192
f 1188 1189 1194
f 1188 1194 1193
f 1185 1195 1190
f 1190 1195 1196
f 1190 1196 1191
f 1191 1196 1197
f 1187 1191 1198
f 1187 1198 1199
f 1187 1199 1189
f 1191 1200 1198
f 1198 1200 1279
f 1198 1279 1281
f 1198 1281 1199
f 1200 1283 1279
f 1189 1199 1201
f 1189 1201 1194
f 1199 1281 1285
f 1199 1285 1201
f 1191 1197 1200
f 1197 1202 1200
f 1200 1202 1283
f 1202 1287 1283
f 1192 1193 1204
f 1192 1204 1203
f 1193 1194 1205
f 1193 1205 1204
f 1203 1204 1233
f 1203 1233 1231
f 1204 1205 1234
f 1204 1234 1233
f 1194 1201 1206
f 1194 1206 1205
f 1201 1285 1299
f 1201 1299 1206
f 1205 1206 1240
f 1205 1240 1234
f 1206 1299 1363
f 1206 1363 1240
f 1195 1207 1196
f 1196 1207 1208
f 1196 1208 1197
f 1197 1208 1209
f 1207 1210 1208
f 1208 1210 1211
f 1208 1211 1209
f 1209 1211 1212
f 1197 1209 1202
f 1202 1209 1213
f 1202 1213 1287
f 1213 1303 1287
f 1209 1212 1213
f 1212 1214 1213
f 1213 1214 1303
f 1214 1305 1303
f 1215 1217 1218
f 1215 1218 1216
f 1217 1221 1223
f 1217 1223 1218
f 1216 1218 1220
f 1216 1220 1219
f 1218 1223 1225
f 1218 1225 1220
f 1221 1222 1224
f 1221 1224 1223
f 1222 1231 1232
f 1222 1232 1224
f 1223 1224 1226
f 1223 1226 1225
f 1224 1232 1237
f 1224 1237 1226
f 1219 1220 1228
f 1219 1228 1227
f 1220 1225 1229
f 1220 1229 1228
f 1227 1228 1481
f 1227 1481 1479
f 1228 1229 1483
f 1228 1483 1481
f 1225 1226 1230
f 1225 1230 1229
f 1226 1237 1243
f 1226 1243 1230
f 1229 1230 1484
f 1229 1484 1483
f 1230 1243 1495
f 1230 1495 1484
f 1231 1233 1235
f 1231 1235 1232
f 1233 1234 1236
f 1233 1236 1235
f 1232 1235 1238
f 1232 1238 1237
f 1235 1236 1239
f 1235 1239 1238
f 1234 1240 1241
f 1234 1241 1236
f 1240 1363 1365
f 1240 1365 1241
f 1236 1241 1242
f 1236 1242 1239
f 1241 1365 1367
f 1241 1367 1242
f 1237 1238 1244
f 1237 1244 1243
f 1238 1239 1245
f 1238 1245 1244
f 1243 1244 1497
f 1243 1497 1495
f 1244 1245 1498
f 1244 1498 1497
f 1239 1242 1246
f 1239 1246 1245
f 1242 1367 1375
f 1242 1375 1246
f 1245 1246 1501
f 1245 1501 1498
f 1246 1375 1543
f 1246 1543 1501
f 1177 1247 1178
f 1178 1247 1248
f 1178 1248 1181
f 1181 1248 1251
f 1247 1249 1248
f 1248 1249 1250
f 1248 1250 1251
f 1250 1253 1251
f 1181 1251 1182
f 1182 1251 1252
f 1182 1252 1210
f 1210 1252 1263
f 1251 1253 1252
f 1252 1253 1254
f 1252 1254 1263
f 1254 1266 1263
f 1249 1255 1250
f 1250 1255 1256
f 1250 1256 1253
f 1253 1256 1259
f 1255 1257 1256
f 1256 1257 1258
f 1256 1258 1259
f 1258 1261 1259
f 1253 1259 1254
f 1254 1259 1260
f 1254 1260 1266
f 1260 1271 1266
f 1259 1261 1260
f 1260 1261 1262
f 1260 1262 1271
f 1262 1274 1271
f 1210 1263 1211
f 1211 1263 1264
f 1211 1264 1212
f 1212 1264 1265
f 1263 1266 1264
f 1264 1266 1267
f 1264 1267 1265
f 1265 1267 1268
f 1212 1265 1214
f 1214 1265 1269
f 1214 1269 1305
f 1269 1415 1305
f 1265 1268 1269
f 1268 1270 1269
f 1269 1270 1415
f 1270 1417 1415
f 1266 1271 1267
f 1267 1271 1272
f 1267 1272 1268
f 1268 1272 1273
f 1271 1274 1272
f 1272 1274 1275
f 1272 1275 1273
f 1273 1275 1276
f 1268 1273 1270
f 1270 1273 1277
f 1270 1277 1417
f 1277 1423 1417
f 1273 1276 1277
f 1276 1278 1277
f 1277 1278 1423
f 1278 1425 1423
f 1279 1283 1280
f 1279 1280 1282
f 1279 1282 1281
f 1280 1283 1284
f 1280 1284 1289
f 1280 1289 1291
f 1280 1291 1282
f 1284 1293 1289
f 1281 1282 1286
f 1281 1286 1285
f 1282 1291 1295
f 1282 1295 1286
f 1283 1287 1284
f 1284 1287 1288
f 1284 1288 1293
f 1288 1297 1293
f 1289 1293 1290
f 1289 1290 1292
f 1289 1292 1291
f 1290 1293 1294
f 1290 1294 1311
f 1290 1311 1312
f 1290 1312 1292
f 1294 1313 1311
f 1291 1292 1296
f 1291 1296 1295
f 1292 1312 1320
f 1292 1320 1296
f 1293 1297 1294
f 1294 1297 1298
f 1294 1298 1313
f 1298 1323 1313
f 1285 1286 1300
f 1285 1300 1299
f 1286 1295 1301
f 1286 1301 1300
f 1299 1300 1364
f 1299 1364 1363
f 1300 1301 1369
f 1300 1369 1364
f 1295 1296 1302
f 1295 1302 1301
f 1296 1320 1340
f 1296 1340 1302
f 1301 1302 1370
f 1301 1370 1369
f 1302 1340 1379
f 1302 1379 1370
f 1287 1303 1288
f 1288 1303 1304
f 1288 1304 1297
f 1297 1304 1307
f 1303 1305 1304
f 1304 1305 1306
f 1304 1306 1307
f 1306 1309 1307
f 1297 1307 1298
f 1298 1307 1308
f 1298 1308 1323
f 1308 1347 1323
f 1307 1309 1308
f 1308 1309 1310
f 1308 1310 1347
f 1310 1350 1347
f 1311 1313 1314
f 1311 1314 1316
f 1311 1316 1312
f 1313 1318 1314
f 1314 1318 1315
f 1314 1315 1317
f 1314 1317 1316
f 1315 1318 1319
f 1312 1316 1321
f 1312 1321 1320
f 1316 1317 1322
f 1316 1322 1321
f 1313 1323 1318
f 1318 1323 1324
f 1318 1324 1319
f 1319 1324 1325
f 1315 1319 1326
f 1315 1326 1328
f 1315 1328 1317
f 1319 1330 1326
f 1326 1330 1327
f 1326 1327 1329
f 1326 1329 1328
f 1327 1332 1329
f 1327 1330 1331
f 1327 1331 1332
f 1317 1328 1333
f 1317 1333 1322
f 1328 1329 1334
f 1328 1334 1333
f 1329 1335 1334
f 1329 1332 1335
f 1319 1325 1330
f 1325 1336 1330
f 1330 1336 1331
f 1331 1338 1332
f 1331 1336 1337
f 1331 1337 1338
f 1332 1339 1335
f 1332 1338 1339
f 1320 1321 1341
f 1320 1341 1340
f 1321 1322 1342
f 1321 1342 1341
f 1340 1341 1381
f 1340 1381 1379
f 1341 1342 1382
f 1341 1382 1381
f 1322 1333 1343
f 1322 1343 1342
f 1333 1334 1344
f 1333 1344 1343
f 1334 1345 1344
f 1334 1335 1345
f 1342 1343 1388
f 1342 1388 1382
f 1343 1344 1389
f 1343 1389 1388
f 1344 1392 1389
f 1344 1345 1392
f 1335 1346 1345
f 1335 1339 1346
f 1345 1397 1392
f 1345 1346 1397
f 1323 1347 1324
f 1324 1347 1348
f 1324 1348 1325
f 1325 1348 1349
f 1347 1350 1348
f 1348 1350 1351
f 1348 1351 1349
f 1349 1351 1352
f 1325 1349 1336
f 1336 1349 1353
f 1336 1353 1337
f 1337 1355 1338
f 1337 1353 1354
f 1337 1354 1355
f 1338 1356 1339
f 1338 1355 1356
f 1349 1352 1353
f 1352 1357 1353
f 1353 1357 1354
f 1354 1359 1355
f 1354 1357 1358
f 1354 1358 1359
f 1355 1360 1356
f 1355 1359 1360
f 1339 1361 1346
f 1339 1356 1361
f 1346 1407 1397
f 1346 1361 1407
f 1356 1362 1361
f 1356 1360 1362
f 1361 1410 1407
f 1361 1362 1410
f 1363 1364 1366
f 1363 1366 1365
f 1364 1369 1371
f 1364 1371 1366
f 1365 1366 1368
f 1365 1368 1367
f 1366 1371 1373
f 1366 1373 1368
f 1369 1370 1372
f 1369 1372 1371
f 1370 1379 1380
f 1370 1380 1372
f 1371 1372 1374
f 1371 1374 1373
f 1372 1380 1385
f 1372 1385 1374
f 1367 1368 1376
f 1367 1376 1375
f 1368 1373 1377
f 1368 1377 1376
f 1375 1376 1544
f 1375 1544 1543
f 1376 1377 1547
f 1376 1547 1544
f 1373 1374 1378
f 1373 1378 1377
f 1374 1385 1400
f 1374 1400 1378
f 1377 1378 1548
f 1377 1548 1547
f 1378 1400 1559
f 1378 1559 1548
f 1379 1381 1383
f 1379 1383 1380
f 1381 1382 1384
f 1381 1384 1383
f 1380 1383 1386
f 1380 1386 1385
f 1383 1384 1387
f 1383 1387 1386
f 1382 1388 1390
f 1382 1390 1384
f 1388 1389 1391
f 1388 1391 1390
f 1389 1393 1391
f 1389 1392 1393
f 1384 1390 1394
f 1384 1394 1387
f 1390 1391 1395
f 1390 1395 1394
f 1391 1396 1395
f 1391 1393 1396
f 1392 1398 1393
f 1392 1397 1398
f 1393 1399 1396
f 1393 1398 1399
f 1385 1386 1401
f 1385 1401 1400
f 1386 1387 1402
f 1386 1402 1401
f 1400 1401 1561
f 1400 1561 1559
f 1401 1402 1562
f 1401 1562 1561
f 1387 1394 1403
f 1387 1403 1402
f 1394 1395 1404
f 1394 1404 1403
f 1395 1405 1404
f 1395 1396 1405
f 1402 1403 1565
f 1402 1565 1562
f 1403 1404 1566
f 1403 1566 1565
f 1404 1569 1566
f 1404 1405 1569
f 1396 1406 1405
f 1396 1399 1406
f 1405 1571 1569
f 1405 1406 1571
f 1397 1408 1398
f 1397 1407 1408
f 1398 1409 1399
f 1398 1408 1409
f 1407 1411 1408
f 1407 1410 1411
f 1408 1412 1409
f 1408 1411 1412
f 1399 1413 1406
f 1399 1409 1413
f 1406 1587 1571
f 1406 1413 1587
f 1409 1414 1413
f 1409 1412 1414
f 1413 1589 1587
f 1413 1414 1589
f 1305 1415 1306
f 1306 1415 1416
f 1306 1416 1309
f 1309 1416 1419
f 1415 1417 1416
f 1416 1417 1418
f 1416 1418 1419
f 1418 1421 1419
f 1309 1419 1310
f 1310 1419 1420
f 1310 1420 1350
f 1350 1420 1431
f 1419 1421 1420
f 1420 1421 1422
f 1420 1422 1431
f 1422 1434 1431
f 1417 1423 1418
f 1418 1423 1424
f 1418 1424 1421
f 1421 1424 1427
f 1423 1425 1424
f 1424 1425 1426
f 1424 1426 1427
f 1426 1429 1427
f 1421 1427 1422
f 1422 1427 1428
f 1422 1428 1434
f 1428 1447 1434
f 1427 1429 1428
f 1428 1429 1430
f 1428 1430 1447
f 1430 1450 1447
f 1350 1431 1351
f 1351 1431 1432
f 1351 1432 1352
f 1352 1432 1433
f 1431 1434 1432
f 1432 1434 1435
f 1432 1435 1433
f 1433 1435 1436
f 1352 1433 1357
f 1357 1433 1437
f 1357 1437 1358
f 1358 1439 1359
f 1358 1437 1438
f 1358 1438 1439
f 1359 1440 1360
f 1359 1439 1440
f 1433 1436 1437
f 1436 1441 1437
f 1437 1441 1438
f 1438 1443 1439
f 1438 1441 1442
f 1438 1442 1443
f 1439 1444 1440
f 1439 1443 1444
f 1360 1445 1362
f 1360 1440 1445
f 1362 1463 1410
f 1362 1445 1463
f 1440 1446 1445
f 1440 1444 1446
f 1445 1466 1463
f 1445 1446 1466
f 1434 1447 1435
f 1435 1447 1448
f 1435 1448 1436
f 1436 1448 1449
f 1447 1450 1448
f 1448 1450 1451
f 1448 1451 1449
f 1449 1451 1452
f 1436 1449 1441
f 1441 1449 1453
f 1441 1453 1442
f 1442 1455 1443
f 1442 1453 1454
f 1442 1454 1455
f 1443 1456 1444
f 1443 1455 1456
f 1449 1452 1453
f 1452 1457 1453
f 1453 1457 1454
f 1454 1459 1455
f 1454 1457 1458
f 1454 1458 1459
f 1455 1460 1456
f 1455 1459 1460
f 1444 1461 1446
f 1444 1456 1461
f 1446 1471 1466
f 1446 1461 1471
f 1456 1462 1461
f 1456 1460 1462
f 1461 1474 1471
f 1461 1462 1474
f 1410 1464 1411
f 1410 1463 1464
f 1411 1465 1412
f 1411 1464 1465
f 1463 1467 1464
f 1463 1466 1467
f 1464 1468 1465
f 1464 1467 1468
f 1412 1469 1414
f 1412 1465 1469
f 1414 1647 1589
f 1414 1469 1647
f 1465 1470 1469
f 1465 1468 1470
f 1469 1649 1647
f 1469 1470 1649
f 1466 1472 1467
f 1466 1471 1472
f 1467 1473 1468
f 1467 1472 1473
f 1471 1475 1472
f 1471 1474 1475
f 1472 1476 1473
f 1472 1475 1476
f 1468 1477 1470
f 1468 1473 1477
f 1470 1655 1649
f 1470 1477 1655
f 1473 1478 1477
f 1473 1476 1478
f 1477 1657 1655
f 1477 1478 1657
f 1479 1481 1482
f 1479 1482 1480
f 1481 1483 1485
f 1481 1485 1482
f 1480 1482 1488
f 1480 1488 1487
f 1482 1485 1491
f 1482 1491 1488
f 1483 1484 1486
f 1483 1486 1485
f 1484 1495 1496
f 1484 1496 1486
f 1485 1486 1492
f 1485 1492 1491
f 1486 1496 1503
f 1486 1503 1492
f 1487 1488 1490
f 1487 1490 1489
f 1488 1491 1493
f 1488 1493 1490
f 1489 1490 1512
f 1489 1512 1511
f 1490 1493 1517
f 1490 1517 1512
f 1491 1492 1494
f 1491 1494 1493
f 1492 1503 1506
f 1492 1506 1494
f 1493 1494 1518
f 1493 1518 1517
f 1494 1506 1527
f 1494 1527 1518
f 1495 1497 1499
f 1495 1499 1496
f 1497 1498 1500
f 1497 1500 1499
f 1496 1499 1504
f 1496 1504 1503
f 1499 1500 1505
f 1499 1505 1504
f 1498 1501 1502
f 1498 1502 1500
f 1501 1543 1545
f 1501 1545 1502
f 1500 1502 1509
f 1500 1509 1505
f 1502 1545 1551
f 1502 1551 1509
f 1503 1504 1507
f 1503 1507 1506
f 1504 1505 1508
f 1504 1508 1507
f 1506 1507 1528
f 1506 1528 1527
f 1507 1508 1529
f 1507 1529 1528
f 1505 1509 1510
f 1505 1510 1508
f 1509 1551 1553
f 1509 1553 1510
f 1508 1510 1536
f 1508 1536 1529
f 1510 1553 1595
f 1510 1595 1536
f 1511 1512 1515
f 1511 1515 1513
f 1512 1517 1519
f 1512 1519 1515
f 1513 1515 1516
f 1513 1516 1514
f 1515 1519 1521
f 1515 1521 1516
f 1517 1518 1520
f 1517 1520 1519
f 1518 1527 1530
f 1518 1530 1520
f 1519 1520 1522
f 1519 1522 1521
f 1520 1530 1531
f 1520 1531 1522
f 1514 1516 1524
f 1514 1524 1523
f 1516 1521 1525
f 1516 1525 1524
f 1523 1524 3140
f 1523 3140 3139
f 1524 1525 3143
f 1524 3143 3140
f 1521 1522 1526
f 1521 1526 1525
f 1522 1531 1539
f 1522 1539 1526
f 1525 1526 3144
f 1525 3144 3143
f 1526 1539 3155
f 1526 3155 3144
f 1527 1528 1532
f 1527 1532 1530
f 1528 1529 1533
f 1528 1533 1532
f 1530 1532 1534
f 1530 1534 1531
f 1532 1533 1535
f 1532 1535 1534
f 1529 1536 1537
f 1529 1537 1533
f 1536 1595 1597
f 1536 1597 1537
f 1533 1537 1538
f 1533 1538 1535
f 1537 1597 1599
f 1537 1599 1538
f 1531 1534 1540
f 1531 1540 1539
f 1534 1535 1541
f 1534 1541 1540
f 1539 1540 3156
f 1539 3156 3155
f 1540 1541 3157
f 1540 3157 3156
f 1535 1538 1542
f 1535 1542 1541
f 1538 1599 1607
f 1538 1607 1542
f 1541 1542 3161
f 1541 3161 3157
f 1542 1607 3245
f 1542 3245 3161
f 1543 1544 1546
f 1543 1546 1545
f 1544 1547 1549
f 1544 1549 1546
f 1545 1546 1552
f 1545 1552 1551
f 1546 1549 1555
f 1546 1555 1552
f 1547 1548 1550
f 1547 1550 1549
f 1548 1559 1560
f 1548 1560 1550
f 1549 1550 1556
f 1549 1556 1555
f 1550 1560 1573
f 1550 1573 1556
f 1551 1552 1554
f 1551 1554 1553
f 1552 1555 1557
f 1552 1557 1554
f 1553 1554 1596
f 1553 1596 1595
f 1554 1557 1601
f 1554 1601 1596
f 1555 1556 1558
f 1555 1558 1557
f 1556 1573 1576
f 1556 1576 1558
f 1557 1558 1602
f 1557 1602 1601
f 1558 1576 1611
f 1558 1611 1602
f 1559 1561 1563
f 1559 1563 1560
f 1561 1562 1564
f 1561 1564 1563
f 1560 1563 1574
f 1560 1574 1573
f 1563 1564 1575
f 1563 1575 1574
f 1562 1565 1567
f 1562 1567 1564
f 1565 1566 1568
f 1565 1568 1567
f 1566 1570 1568
f 1566 1569 1570
f 1564 1567 1579
f 1564 1579 1575
f 1567 1568 1580
f 1567 1580 1579
f 1568 1581 1580
f 1568 1570 1581
f 1569 1572 1570
f 1569 1571 1572
f 1570 1585 1581
f 1570 1572 1585
f 1573 1574 1577
f 1573 1577 1576
f 1574 1575 1578
f 1574 1578 1577
f 1576 1577 1612
f 1576 1612 1611
f 1577 1578 1613
f 1577 1613 1612
f 1575 1579 1582
f 1575 1582 1578
f 1579 1580 1583
f 1579 1583 1582
f 1580 1584 1583
f 1580 1581 1584
f 1578 1582 1620
f 1578 1620 1613
f 1582 1583 1621
f 1582 1621 1620
f 1583 1622 1621
f 1583 1584 1622
f 1581 1586 1584
f 1581 1585 1586
f 1584 1629 1622
f 1584 1586 1629
f 1571 1588 1572
f 1571 1587 1588
f 1572 1591 1585
f 1572 1588 1591
f 1587 1590 1588
f 1587 1589 1590
f 1588 1593 1591
f 1588 1590 1593
f 1585 1592 1586
f 1585 1591 1592
f 1586 1639 1629
f 1586 1592 1639
f 1591 1594 1592
f 1591 1593 1594
f 1592 1642 1639
f 1592 1594 1642
f 1595 1596 1598
f 1595 1598 1597
f 1596 1601 1603
f 1596 1603 1598
f 1597 1598 1600
f 1597 1600 1599
f 1598 1603 1605
f 1598 1605 1600
f 1601 1602 1604
f 1601 1604 1603
f 1602 1611 1614
f 1602 1614 1604
f 1603 1604 1606
f 1603 1606 1605
f 1604 1614 1615
f 1604 1615 1606
f 1599 1600 1608
f 1599 1608 1607
f 1600 1605 1609
f 1600 1609 1608
f 1607 1608 3246
f 1607 3246 3245
f 1608 1609 3249
f 1608 3249 3246
f 1605 1606 1610
f 1605 1610 1609
f 1606 1615 1632
f 1606 1632 1610
f 1609 1610 3250
f 1609 3250 3249
f 1610 1632 3261
f 1610 3261 3250
f 1611 1612 1616
f 1611 1616 1614
f 1612 1613 1617
f 1612 1617 1616
f 1614 1616 1618
f 1614 1618 1615
f 1616 1617 1619
f 1616 1619 1618
f 1613 1620 1623
f 1613 1623 1617
f 1620 1621 1624
f 1620 1624 1623
f 1621 1627 1624
f 1621 1622 1627
f 1617 1623 1625
f 1617 1625 1619
f 1623 1624 1626
f 1623 1626 1625
f 1624 1628 1626
f 1624 1627 1628
f 1622 1630 1627
f 1622 1629 1630
f 1627 1631 1628
f 1627 1630 1631
f 1615 1618 1633
f 1615 1633 1632
f 1618 1619 1634
f 1618 1634 1633
f 1632 1633 3262
f 1632 3262 3261
f 1633 1634 3263
f 1633 3263 3262
f 1619 1625 1635
f 1619 1635 1634
f 1625 1626 1636
f 1625 1636 1635
f 1626 1637 1636
f 1626 1628 1637
f 1634 1635 3267
f 1634 3267 3263
f 1635 1636 3268
f 1635 3268 3267
f 1636 3269 3268
f 1636 1637 3269
f 1628 1638 1637
f 1628 1631 1638
f 1637 3273 3269
f 1637 1638 3273
f 1629 1640 1630
f 1629 1639 1640
f 1630 1641 1631
f 1630 1640 1641
f 1639 1643 1640
f 1639 1642 1643
f 1640 1644 1641
f 1640 1643 1644
f 1631 1645 1638
f 1631 1641 1645
f 1638 3289 3273
f 1638 1645 3289
f 1641 1646 1645
f 1641 1644 1646
f 1645 3291 3289
f 1645 1646 3291
f 1589 1648 1590
f 1589 1647 1648
f 1590 1651 1593
f 1590 1648 1651
f 1647 1650 1648
f 1647 1649 1650
f 1648 1653 1651
f 1648 1650 1653
f 1593 1652 1594
f 1593 1651 1652
f 1594 1663 1642
f 1594 1652 1663
f 1651 1654 1652
f 1651 1653 1654
f 1652 1666 1663
f 1652 1654 1666
f 1649 1656 1650
f 1649 1655 1656
f 1650 1659 1653
f 1650 1656 1659
f 1655 1658 1656
f 1655 1657 1658
f 1656 1661 1659
f 1656 1658 1661
f 1653 1660 1654
f 1653 1659 1660
f 1654 1671 1666
f 1654 1660 1671
f 1659 1662 1660
f 1659 1661 1662
f 1660 1674 1671
f 1660 1662 1674
f 1642 1664 1643
f 1642 1663 1664
f 1643 1665 1644
f 1643 1664 1665
f 1663 1667 1664
f 1663 1666 1667
f 1664 1668 1665
f 1664 1667 1668
f 1644 1669 1646
f 1644 1665 1669
f 1646 3349 3291
f 1646 1669 3349
f 1665 1670 1669
f 1665 1668 1670
f 1669 3351 3349
f 1669 1670 3351
f 1666 1672 1667
f 1666 1671 1672
f 1667 1673 1668
f 1667 1672 1673
f 1671 1675 1672
f 1671 1674 1675
f 1672 1676 1673
f 1672 1675 1676
f 1668 1677 1670
f 1668 1673 1677
f 1670 3357 3351
f 1670 1677 3357
f 1673 1678 1677
f 1673 1676 1678
f 1677 3359 3357
f 1677 1678 3359
f 1257 1679 1258
f 1258 1679 1680
f 1258 1680 1261
f 1261 1680 1683
f 1679 1681 1680
f 1680 1681 1682
f 1680 1682 1683
f 1682 1685 1683
f 1261 1683 1262
f 1262 1683 1684
f 1262 1684 1274
f 1274 1684 1695
f 1683 1685 1684
f 1684 1685 1686
f 1684 1686 1695
f 1686 1698 1695
f 1681 1687 1682
f 1682 1687 1688
f 1682 1688 1685
f 1685 1688 1691
f 1687 1689 1688
f 1688 1689 1690
f 1688 1690 1691
f 1690 1693 1691
f 1685 1691 1686
f 1686 1691 1692
f 1686 1692 1698
f 1692 1703 1698
f 1691 1693 1692
f 1692 1693 1694
f 1692 1694 1703
f 1694 1706 1703
f 1274 1695 1275
f 1275 1695 1696
f 1275 1696 1276
f 1276 1696 1697
f 1695 1698 1696
f 1696 1698 1699
f 1696 1699 1697
f 1697 1699 1700
f 1276 1697 1278
f 1278 1697 1701
f 1278 1701 1425
f 1425 1701 1783
f 1697 1700 1701
f 1700 1702 1701
f 1701 1702 1783
f 1702 1785 1783
f 1698 1703 1699
f 1699 1703 1704
f 1699 1704 1700
f 1700 1704 1705
f 1703 1706 1704
f 1704 1706 1707
f 1704 1707 1705
f 1705 1707 1708
f 1700 1705 1702
f 1702 1705 1709
f 1702 1709 1785
f 1709 1791 1785
f 1705 1708 1709
f 1708 1710 1709
f 1709 1710 1791
f 1710 1793 1791
f 1689 1720 1690
f 1690 1720 1721
f 1690 1721 1693
f 1693 1721 1724
f 1720 1722 1721
f 1721 1722 1723
f 1721 1723 1724
f 1723 1726 1724
f 1693 1724 1694
f 1694 1724 1725
f 1694 1725 1706
f 1706 1725 1736
f 1724 1726 1725
f 1725 1726 1727
f 1725 1727 1736
f 1727 1739 1736
f 1722 1728 1723
f 1723 1728 1729
f 1723 1729 1726
f 1726 1729 1732
f 1728 1730 1729
f 1729 1730 1731
f 1729 1731 1732
f 1731 1734 1732
f 1726 1732 1727
f 1727 1732 1733
f 1727 1733 1739
f 1733 1744 1739
f 1732 1734 1733
f 1733 1734 1735
f 1733 1735 1744
f 1735 1747 1744
f 1706 1736 1707
f 1707 1736 1737
f 1707 1737 1708
f 1708 1737 1738
f 1736 1739 1737
f 1737 1739 1740
f 1737 1740 1738
f 1738 1740 1741
f 1708 1738 1710
f 1710 1738 1742
f 1710 1742 1793
f 1742 1847 1793
f 1738 1741 1742
f 1741 1743 1742
f 1742 1743 1847
f 1743 1849 1847
f 1739 1744 1740
f 1740 1744 1745
f 1740 1745 1741
f 1741 1745 1746
f 1744 1747 1745
f 1745 1747 1748
f 1745 1748 1746
f 1746 1748 1749
f 1741 1746 1743
f 1743 1746 1750
f 1743 1750 1849
f 1750 1855 1849
f 1746 1749 1750
f 1749 1751 1750
f 1750 1751 1855
f 1751 1857 1855
f 1425 1783 1426
f 1426 1783 1784
f 1426 1784 1429
f 1429 1784 1787
f 1783 1785 1784
f 1784 1785 1786
f 1784 1786 1787
f 1786 1789 1787
f 1429 1787 1430
f 1430 1787 1788
f 1430 1788 1450
f 1450 1788 1799
f 1787 1789 1788
f 1788 1789 1790
f 1788 1790 1799
f 1790 1802 1799
f 1785 1791 1786
f 1786 1791 1792
f 1786 1792 1789
f 1789 1792 1795
f 1791 1793 1792
f 1792 1793 1794
f 1792 1794 1795
f 1794 1797 1795
f 1789 1795 1790
f 1790 1795 1796
f 1790 1796 1802
f 1796 1815 1802
f 1795 1797 1796
f 1796 1797 1798
f 1796 1798 1815
f 1798 1818 1815
f 1450 1799 1451
f 1451 1799 1800
f 1451 1800 1452
f 1452 1800 1801
f 1799 1802 1800
f 1800 1802 1803
f 1800 1803 1801
f 1801 1803 1804
f 1452 1801 1457
f 1457 1801 1805
f 1457 1805 1458
f 1458 1807 1459
f 1458 1805 1806
f 1458 1806 1807
f 1459 1808 1460
f 1459 1807 1808
f 1801 1804 1805
f 1804 1809 1805
f 1805 1809 1806
f 1806 1811 1807
f 1806 1809 1810
f 1806 1810 1811
f 1807 1812 1808
f 1807 1811 1812
f 1460 1813 1462
f 1460 1808 1813
f 1462 1831 1474
f 1462 1813 1831
f 1808 1814 1813
f 1808 1812 1814
f 1813 1834 1831
f 1813 1814 1834
f 1802 1815 1803
f 1803 1815 1816
f 1803 1816 1804
f 1804 1816 1817
f 1815 1818 1816
f 1816 1818 1819
f 1816 1819 1817
f 1817 1819 1820
f 1804 1817 1809
f 1809 1817 1821
f 1809 1821 1810
f 1810 1823 1811
f 1810 1821 1822
f 1810 1822 1823
f 1811 1824 1812
f 1811 1823 1824
f 1817 1820 1821
f 1820 1825 1821
f 1821 1825 1822
f 1822 1827 1823
f 1822 1825 1826
f 1822 1826 1827
f 1823 1828 1824
f 1823 1827 1828
f 1812 1829 1814
f 1812 1824 1829
f 1814 1839 1834
f 1814 1829 1839
f 1824 1830 1829
f 1824 1828 1830
f 1829 1842 1839
f 1829 1830 1842
f 1474 1832 1475
f 1474 1831 1832
f 1475 1833 1476
f 1475 1832 1833
f 1831 1835 1832
f 1831 1834 1835
f 1832 1836 1833
f 1832 1835 1836
f 1476 1837 1478
f 1476 1833 1837
f 1478 1947 1657
f 1478 1837 1947
f 1833 1838 1837
f 1833 1836 1838
f 1837 1949 1947
f 1837 1838 1949
f 1834 1840 1835
f 1834 1839 1840
f 1835 1841 1836
f 1835 1840 1841
f 1839 1843 1840
f 1839 1842 1843
f 1840 1844 1841
f 1840 1843 1844
f 1836 1845 1838
f 1836 1841 1845
f 1838 1955 1949
f 1838 1845 1955
f 1841 1846 1845
f 1841 1844 1846
f 1845 1957 1955
f 1845 1846 1957
f 1793 1847 1794
f 1794 1847 1848
f 1794 1848 1797
f 1797 1848 1851
f 1847 1849 1848
f 1848 1849 1850
f 1848 1850 1851
f 1850 1853 1851
f 1797 1851 1798
f 1798 1851 1852
f 1798 1852 1818
f 1818 1852 1863
f 1851 1853 1852
f 1852 1853 1854
f 1852 1854 1863
f 1854 1866 1863
f 1849 1855 1850
f 1850 1855 1856
f 1850 1856 1853
f 1853 1856 1859
f 1855 1857 1856
f 1856 1857 1858
f 1856 1858 1859
f 1858 1861 1859
f 1853 1859 1854
f 1854 1859 1860
f 1854 1860 1866
f 1860 1879 1866
f 1859 1861 1860
f 1860 1861 1862
f 1860 1862 1879
f 1862 1882 1879
f 1818 1863 1819
f 1819 1863 1864
f 1819 1864 1820
f 1820 1864 1865
f 1863 1866 1864
f 1864 1866 1867
f 1864 1867 1865
f 1865 1867 1868
f 1820 1865 1825
f 1825 1865 1869
f 1825 1869 1826
f 1826 1871 1827
f 1826 1869 1870
f 1826 1870 1871
f 1827 1872 1828
f 1827 1871 1872
f 1865 1868 1869
f 1868 1873 1869
f 1869 1873 1870
f 1870 1875 1871
f 1870 1873 1874
f 1870 1874 1875
f 1871 1876 1872
f 1871 1875 1876
f 1828 1877 1830
f 1828 1872 1877
f 1830 1895 1842
f 1830 1877 1895
f 1872 1878 1877
f 1872 1876 1878
f 1877 1898 1895
f 1877 1878 1898
f 1866 1879 1867
f 1867 1879 1880
f 1867 1880 1868
f 1868 1880 1881
f 1879 1882 1880
f 1880 1882 1883
f 1880 1883 1881
f 1881 1883 1884
f 1868 1881 1873
f 1873 1881 1885
f 1873 1885 1874
f 1874 1887 1875
f 1874 1885 1886
f 1874 1886 1887
f 1875 1888 1876
f 1875 1887 1888
f 1881 1884 1885
f 1884 1889 1885
f 1885 1889 1886
f 1886 1891 1887
f 1886 1889 1890
f 1886 1890 1891
f 1887 1892 1888
f 1887 1891 1892
f 1876 1893 1878
f 1876 1888 1893
f 1878 1903 1898
f 1878 1893 1903
f 1888 1894 1893
f 1888 1892 1894
f 1893 1906 1903
f 1893 1894 1906
f 1842 1896 1843
f 1842 1895 1896
f 1843 1897 1844
f 1843 1896 1897
f 1895 1899 1896
f 1895 1898 1899
f 1896 1900 1897
f 1896 1899 1900
f 1844 1901 1846
f 1844 1897 1901
f 1846 1979 1957
f 1846 1901 1979
f 1897 1902 1901
f 1897 1900 1902
f 1901 1981 1979
f 1901 1902 1981
f 1898 1904 1899
f 1898 1903 1904
f 1899 1905 1900
f 1899 1904 1905
f 1903 1907 1904
f 1903 1906 1907
f 1904 1908 1905
f 1904 1907 1908
f 1900 1909 1902
f 1900 1905 1909
f 1902 1987 1981
f 1902 1909 1987
f 1905 1910 1909
f 1905 1908 1910
f 1909 1989 1987
f 1909 1910 1989
f 1657 1948 1658
f 1657 1947 1948
f 1658 1951 1661
f 1658 1948 1951
f 1947 1950 1948
f 1947 1949 1950
f 1948 1953 1951
f 1948 1950 1953
f 1661 1952 1662
f 1661 1951 1952
f 1662 1963 1674
f 1662 1952 1963
f 1951 1954 1952
f 1951 1953 1954
f 1952 1966 1963
f 1952 1954 1966
f 1949 1956 1950
f 1949 1955 1956
f 1950 1959 1953
f 1950 1956 1959
f 1955 1958 1956
f 1955 1957 1958
f 1956 1961 1959
f 1956 1958 1961
f 1953 1960 1954
f 1953 1959 1960
f 1954 1971 1966
f 1954 1960 1971
f 1959 1962 1960
f 1959 1961 1962
f 1960 1974 1971
f 1960 1962 1974
f 1674 1964 1675
f 1674 1963 1964
f 1675 1965 1676
f 1675 1964 1965
f 1963 1967 1964
f 1963 1966 1967
f 1964 1968 1965
f 1964 1967 1968
f 1676 1969 1678
f 1676 1965 1969
f 1678 3749 3359
f 1678 1969 3749
f 1965 1970 1969
f 1965 1968 1970
f 1969 3751 3749
f 1969 1970 3751
f 1966 1972 1967
f 1966 1971 1972
f 1967 1973 1968
f 1967 1972 1973
f 1971 1975 1972
f 1971 1974 1975
f 1972 1976 1973
f 1972 1975 1976
f 1968 1977 1970
f 1968 1973 1977
f 1970 3757 3751
f 1970 1977 3757
f 1973 1978 1977
f 1973 1976 1978
f 1977 3759 3757
f 1977 1978 3759
f 1957 1980 1958
f 1957 1979 1980
f 1958 1983 1961
f 1958 1980 1983
f 1979 1982 1980
f 1979 1981 1982
f 1980 1985 1983
f 1980 1982 1985
f 1961 1984 1962
f 1961 1983 1984
f 1962 1995 1974
f 1962 1984 1995
f 1983 1986 1984
f 1983 1985 1986
f 1984 1998 1995
f 1984 1986 1998
f 1981 1988 1982
f 1981 1987 1988
f 1982 1991 1985
f 1982 1988 1991
f 1987 1990 1988
f 1987 1989 1990
f 1988 1993 1991
f 1988 1990 1993
f 1985 1992 1986
f 1985 1991 1992
f 1986 2003 1998
f 1986 1992 2003
f 1991 1994 1992
f 1991 1993 1994
f 1992 2006 2003
f 1992 1994 2006
f 1974 1996 1975
f 1974 1995 1996
f 1975 1997 1976
f 1975 1996 1997
f 1995 1999 1996
f 1995 1998 1999
f 1996 2000 1997
f 1996 1999 2000
f 1976 2001 1978
f 1976 1997 2001
f 1978 3781 3759
f 1978 2001 3781
f 1997 2002 2001
f 1997 2000 2002
f 2001 3783 3781
f 2001 2002 3783
f 1998 2004 1999
f 1998 2003 2004
f 1999 2005 2000
f 1999 2004 2005
f 2003 2007 2004
f 2003 2006 2007
f 2004 2008 2005
f 2004 2007 2008
f 2000 2009 2002
f 2000 2005 2009
f 2002 3789 3783
f 2002 2009 3789
f 2005 2010 2009
f 2005 2008 2010
f 2009 3791 3789
f 2009 2010 3791
f 2011 2014 2012
f 2011 2013 2016
f 2011 2016 2014
f 2012 2014 2015
f 2013 2019 2021
f 2013 2021 2016
f 2014 2023 2015
f 2014 2016 2025
f 2014 2025 2023
f 2015 2023 2024
f 2016 2021 2031
f 2016 2031 2025
f 2012 2015 2017
f 2015 2018 2017
f 2015 2024 2018
f 2018 2024 2029
f 2019 2020 2022
f 2019 2022 2021
f 2020 2043 2045
f 2020 2045 2022
f 2021 2022 2032
f 2021 2032 2031
f 2022 2045 2051
f 2022 2051 2032
f 2023 2026 2024
f 2023 2025 2028
f 2023 2028 2026
f 2024 2026 2027
f 2025 2031 2033
f 2025 2033 2028
f 2026 2059 2027
f 2026 2028 2061
f 2026 2061 2059
f 2027 2059 2060
f 2028 2033 2067
f 2028 2067 2061
f 2024 2027 2029
f 2027 2030 2029
f 2027 2060 2030
f 2030 2060 2065
f 2031 2032 2034
f 2031 2034 2033
f 2032 2051 2053
f 2032 2053 2034
f 2033 2034 2068
f 2033 2068 2067
f 2034 2053 2091
f 2034 2091 2068
f 2017 2018 2035
f 2018 2036 2035
f 2018 2029 2036
f 2029 2039 2036
f 2035 2036 2037
f 2036 2038 2037
f 2036 2039 2038
f 2038 2039 2041
f 2029 2030 2039
f 2030 2040 2039
f 2030 2065 2040
f 2040 2065 2083
f 2039 2040 2041
f 2040 2042 2041
f 2040 2083 2042
f 2042 2083 2085
f 2043 2044 2046
f 2043 2046 2045
f 2044 2047 2049
f 2044 2049 2046
f 2045 2046 2052
f 2045 2052 2051
f 2046 2049 2055
f 2046 2055 2052
f 2047 2048 2050
f 2047 2050 2049
f 2048 2212 2214
f 2048 2214 2050
f 2049 2050 2056
f 2049 2056 2055
f 2050 2214 2220
f 2050 2220 2056
f 2051 2052 2054
f 2051 2054 2053
f 2052 2055 2057
f 2052 2057 2054
f 2053 2054 2092
f 2053 2092 2091
f 2054 2057 2095
f 2054 2095 2092
f 2055 2056 2058
f 2055 2058 2057
f 2056 2220 2222
f 2056 2222 2058
f 2057 2058 2096
f 2057 2096 2095
f 2058 2222 2244
f 2058 2244 2096
f 2059 2062 2060
f 2059 2061 2064
f 2059 2064 2062
f 2060 2062 2063
f 2061 2067 2069
f 2061 2069 2064
f 2062 2071 2063
f 2062 2064 2073
f 2062 2073 2071
f 2063 2071 2072
f 2064 2069 2079
f 2064 2079 2073
f 2060 2063 2065
f 2063 2066 2065
f 2063 2072 2066
f 2066 2072 2077
f 2067 2068 2070
f 2067 2070 2069
f 2068 2091 2093
f 2068 2093 2070
f 2069 2070 2080
f 2069 2080 2079
f 2070 2093 2099
f 2070 2099 2080
f 2071 2074 2072
f 2071 2073 2076
f 2071 2076 2074
f 2072 2074 2075
f 2073 2079 2081
f 2073 2081 2076
f 2074 2340 2075
f 2074 2076 2344
f 2074 2344 2340
f 2075 2340 2342
f 2076 2081 2348
f 2076 2348 2344
f 2072 2075 2077
f 2075 2078 2077
f 2075 2342 2078
f 2078 2342 2346
f 2079 2080 2082
f 2079 2082 2081
f 2080 2099 2101
f 2080 2101 2082
f 2081 2082 2350
f 2081 2350 2348
f 2082 2101 2372
f 2082 2372 2350
f 2065 2066 2083
f 2066 2084 2083
f 2066 2077 2084
f 2077 2087 2084
f 2083 2084 2085
f 2084 2086 2085
f 2084 2087 2086
f 2086 2087 2089
f 2077 2078 2087
f 2078 2088 2087
f 2078 2346 2088
f 2088 2346 2364
f 2087 2088 2089
f 2088 2090 2089
f 2088 2364 2090
f 2090 2364 2366
f 2091 2092 2094
f 2091 2094 2093
f 2092 2095 2097
f 2092 2097 2094
f 2093 2094 2100
f 2093 2100 2099
f 2094 2097 2103
f 2094 2103 2100
f 2095 2096 2098
f 2095 2098 2097
f 2096 2244 2246
f 2096 2246 2098
f 2097 2098 2104
f 2097 2104 2103
f 2098 2246 2252
f 2098 2252 2104
f 2099 2100 2102
f 2099 2102 2101
f 2100 2103 2105
f 2100 2105 2102
f 2101 2102 2374
f 2101 2374 2372
f 2102 2105 2376
f 2102 2376 2374
f 2103 2104 2106
f 2103 2106 2105
f 2104 2252 2254
f 2104 2254 2106
f 2105 2106 2378
f 2105 2378 2376
f 2106 2254 2540
f 2106 2540 2378
f 2037 2038 2107
f 2038 2108 2107
f 2038 2041 2108
f 2041 2121 2108
f 2107 2108 2109
f 2108 2139 2109
f 2108 2121 2113
f 2121 2112 2111
f 2121 2111 2113
f 2121 2114 2112
f 2121 2123 2114
f 2108 2113 2139
f 2041 2042 2121
f 2042 2122 2121
f 2042 2085 2122
f 2085 2155 2122
f 2121 2122 2125
f 2121 2125 2123
f 2122 2126 2125
f 2122 2127 2126
f 2122 2155 2127
f 2155 2130 2127
f 2155 2132 2130
f 2155 2157 2132
f 2109 2138 2137
f 2109 2139 2138
f 2109 2137 504
f 2157 2140 2132
f 2085 2086 2155
f 2086 2156 2155
f 2086 2089 2156
f 2089 2165 2156
f 2155 2156 2157
f 2156 2160 2157
f 2156 2165 2160
f 2160 2165 2167
f 2089 2090 2165
f 2090 2166 2165
f 2090 2366 2166
f 2166 2366 2476
f 2165 2166 2167
f 2166 2168 2167
f 2166 2476 2168
f 2168 2476 2478
f 2157 2170 2140
f 2157 2160 2170
f 2160 2171 2170
f 2160 2173 2171
f 2160 2174 2173
f 2160 2167 2174
f 2167 2175 2174
f 2167 2176 2175
f 2167 2168 2176
f 2168 2179 2176
f 2168 2182 2179
f 2182 2183 2179
f 2168 2478 2182
f 2182 2478 2484
f 2182 2184 2183
f 2182 2185 2184
f 2182 2186 2185
f 2182 2188 2186
f 2182 2484 2188
f 2188 2484 2486
f 2212 2213 2215
f 2212 2215 2214
f 2213 2216 2218
f 2213 2218 2215
f 2214 2215 2221
f 2214 2221 2220
f 2215 2218 2224
f 2215 2224 2221
f 2216 2217 2219
f 2216 2219 2218
f 2217 2228 2230
f 2217 2230 2219
f 2218 2219 2225
f 2218 2225 2224
f 2219 2230 2236
f 2219 2236 2225
f 2220 2221 2223
f 2220 2223 2222
f 2221 2224 2226
f 2221 2226 2223
f 2222 2223 2245
f 2222 2245 2244
f 2223 2226 2248
f 2223 2248 2245
f 2224 2225 2227
f 2224 2227 2226
f 2225 2236 2238
f 2225 2238 2227
f 2226 2227 2249
f 2226 2249 2248
f 2227 2238 2260
f 2227 2260 2249
f 2228 2229 2231
f 2228 2231 2230
f 2229 2232 2234
f 2229 2234 2231
f 2230 2231 2237
f 2230 2237 2236
f 2231 2234 2240
f 2231 2240 2237
f 2232 2233 2235
f 2232 2235 2234
f 2233 3139 3141
f 2233 3141 2235
f 2234 2235 2241
f 2234 2241 2240
f 2235 3141 3147
f 2235 3147 2241
f 2236 2237 2239
f 2236 2239 2238
f 2237 2240 2242
f 2237 2242 2239
f 2238 2239 2261
f 2238 2261 2260
f 2239 2242 2264
f 2239 2264 2261
f 2240 2241 2243
f 2240 2243 2242
f 2241 3147 3149
f 2241 3149 2243
f 2242 2243 2265
f 2242 2265 2264
f 2243 3149 3171
f 2243 3171 2265
f 2244 2245 2247
f 2244 2247 2246
f 2245 2248 2250
f 2245 2250 2247
f 2246 2247 2253
f 2246 2253 2252
f 2247 2250 2256
f 2247 2256 2253
f 2248 2249 2251
f 2248 2251 2250
f 2249 2260 2262
f 2249 2262 2251
f 2250 2251 2257
f 2250 2257 2256
f 2251 2262 2268
f 2251 2268 2257
f 2252 2253 2255
f 2252 2255 2254
f 2253 2256 2258
f 2253 2258 2255
f 2254 2255 2542
f 2254 2542 2540
f 2255 2258 2544
f 2255 2544 2542
f 2256 2257 2259
f 2256 2259 2258
f 2257 2268 2270
f 2257 2270 2259
f 2258 2259 2545
f 2258 2545 2544
f 2259 2270 2556
f 2259 2556 2545
f 2260 2261 2263
f 2260 2263 2262
f 2261 2264 2266
f 2261 2266 2263
f 2262 2263 2269
f 2262 2269 2268
f 2263 2266 2272
f 2263 2272 2269
f 2264 2265 2267
f 2264 2267 2266
f 2265 3171 3173
f 2265 3173 2267
f 2266 2267 2273
f 2266 2273 2272
f 2267 3173 3179
f 2267 3179 2273
f 2268 2269 2271
f 2268 2271 2270
f 2269 2272 2274
f 2269 2274 2271
f 2270 2271 2558
f 2270 2558 2556
f 2271 2274 2560
f 2271 2560 2558
f 2272 2273 2275
f 2272 2275 2274
f 2273 3179 3181
f 2273 3181 2275
f 2274 2275 2561
f 2274 2561 2560
f 2275 3181 3381
f 2275 3381 2561
f 2340 2341 2342
f 2340 2344 2345
f 2340 2345 2341
f 2341 2343 2342
f 2344 2348 2349
f 2344 2349 2345
f 2341 2352 2343
f 2341 2345 2354
f 2341 2354 2352
f 2343 2352 2353
f 2345 2349 2360
f 2345 2360 2354
f 2342 2343 2346
f 2343 2347 2346
f 2343 2353 2347
f 2347 2353 2358
f 2348 2350 2351
f 2348 2351 2349
f 2350 2372 2373
f 2350 2373 2351
f 2349 2351 2361
f 2349 2361 2360
f 2351 2373 2380
f 2351 2380 2361
f 2352 2355 2353
f 2352 2354 2357
f 2352 2357 2355
f 2353 2355 2356
f 2354 2360 2362
f 2354 2362 2357
f 2355 2388 2356
f 2355 2357 2392
f 2355 2392 2388
f 2356 2388 2390
f 2357 2362 2396
f 2357 2396 2392
f 2353 2356 2358
f 2356 2359 2358
f 2356 2390 2359
f 2359 2390 2394
f 2360 2361 2363
f 2360 2363 2362
f 2361 2380 2382
f 2361 2382 2363
f 2362 2363 2398
f 2362 2398 2396
f 2363 2382 2440
f 2363 2440 2398
f 2346 2347 2364
f 2347 2365 2364
f 2347 2358 2365
f 2358 2368 2365
f 2364 2365 2366
f 2365 2367 2366
f 2365 2368 2367
f 2367 2368 2370
f 2358 2359 2368
f 2359 2369 2368
f 2359 2394 2369
f 2369 2394 2424
f 2368 2369 2370
f 2369 2371 2370
f 2369 2424 2371
f 2371 2424 2426
f 2372 2374 2375
f 2372 2375 2373
f 2374 2376 2377
f 2374 2377 2375
f 2373 2375 2381
f 2373 2381 2380
f 2375 2377 2384
f 2375 2384 2381
f 2376 2378 2379
f 2376 2379 2377
f 2378 2540 2541
f 2378 2541 2379
f 2377 2379 2385
f 2377 2385 2384
f 2379 2541 2548
f 2379 2548 2385
f 2380 2381 2383
f 2380 2383 2382
f 2381 2384 2386
f 2381 2386 2383
f 2382 2383 2442
f 2382 2442 2440
f 2383 2386 2444
f 2383 2444 2442
f 2384 2385 2387
f 2384 2387 2386
f 2385 2548 2550
f 2385 2550 2387
f 2386 2387 2446
f 2386 2446 2444
f 2387 2550 2572
f 2387 2572 2446
f 2388 2389 2390
f 2388 2392 2393
f 2388 2393 2389
f 2389 2391 2390
f 2392 2396 2397
f 2392 2397 2393
f 2389 2400 2391
f 2389 2393 2402
f 2389 2402 2400
f 2391 2400 2401
f 2393 2397 2414
f 2393 2414 2402
f 2390 2391 2394
f 2391 2395 2394
f 2391 2401 2395
f 2395 2401 2410
f 2396 2398 2399
f 2396 2399 2397
f 2398 2440 2441
f 2398 2441 2399
f 2397 2399 2415
f 2397 2415 2414
f 2399 2441 2448
f 2399 2448 2415
f 2400 2403 2401
f 2400 2402 2407
f 2400 2407 2403
f 2401 2403 2405
f 2402 2414 2416
f 2402 2416 2407
f 2403 2404 2405
f 2403 2407 2408
f 2403 2408 2404
f 2404 2408 2409
f 2404 2406 2405
f 2404 2409 2406
f 2407 2416 2417
f 2407 2417 2408
f 2408 2417 2418
f 2408 2418 2409
f 2401 2405 2410
f 2405 2411 2410
f 2405 2406 2411
f 2406 2409 2413
f 2406 2412 2411
f 2406 2413 2412
f 2409 2418 2422
f 2409 2422 2413
f 2414 2415 2419
f 2414 2419 2416
f 2415 2448 2450
f 2415 2450 2419
f 2416 2419 2420
f 2416 2420 2417
f 2417 2420 2421
f 2417 2421 2418
f 2419 2450 2451
f 2419 2451 2420
f 2420 2451 2452
f 2420 2452 2421
f 2418 2421 2423
f 2418 2423 2422
f 2421 2452 2456
f 2421 2456 2423
f 2394 2395 2424
f 2395 2425 2424
f 2395 2410 2425
f 2410 2428 2425
f 2424 2425 2426
f 2425 2427 2426
f 2425 2428 2427
f 2427 2428 2432
f 2410 2411 2428
f 2411 2429 2428
f 2411 2412 2429
f 2412 2413 2431
f 2412 2430 2429
f 2412 2431 2430
f 2413 2422 2436
f 2413 2436 2431
f 2428 2429 2432
f 2429 2433 2432
f 2429 2430 2433
f 2430 2431 2435
f 2430 2434 2433
f 2430 2435 2434
f 2431 2436 2438
f 2431 2438 2435
f 2422 2423 2437
f 2422 2437 2436
f 2423 2456 2468
f 2423 2468 2437
f 2436 2437 2439
f 2436 2439 2438
f 2437 2468 2470
f 2437 2470 2439
f 2440 2442 2443
f 2440 2443 2441
f 2442 2444 2445
f 2442 2445 2443
f 2441 2443 2449
f 2441 2449 2448
f 2443 2445 2458
f 2443 2458 2449
f 2444 2446 2447
f 2444 2447 2445
f 2446 2572 2573
f 2446 2573 2447
f 2445 2447 2459
f 2445 2459 2458
f 2447 2573 2580
f 2447 2580 2459
f 2448 2449 2453
f 2448 2453 2450
f 2449 2458 2460
f 2449 2460 2453
f 2450 2453 2454
f 2450 2454 2451
f 2451 2454 2455
f 2451 2455 2452
f 2453 2460 2461
f 2453 2461 2454
f 2454 2461 2462
f 2454 2462 2455
f 2452 2455 2457
f 2452 2457 2456
f 2455 2462 2466
f 2455 2466 2457
f 2458 2459 2463
f 2458 2463 2460
f 2459 2580 2582
f 2459 2582 2463
f 2460 2463 2464
f 2460 2464 2461
f 2461 2464 2465
f 2461 2465 2462
f 2463 2582 2583
f 2463 2583 2464
f 2464 2583 2584
f 2464 2584 2465
f 2462 2465 2467
f 2462 2467 2466
f 2465 2584 2588
f 2465 2588 2467
f 2456 2457 2469
f 2456 2469 2468
f 2457 2466 2472
f 2457 2472 2469
f 2468 2469 2471
f 2468 2471 2470
f 2469 2472 2474
f 2469 2474 2471
f 2466 2467 2473
f 2466 2473 2472
f 2467 2588 2600
f 2467 2600 2473
f 2472 2473 2475
f 2472 2475 2474
f 2473 2600 2602
f 2473 2602 2475
f 2366 2367 2476
f 2367 2477 2476
f 2367 2370 2477
f 2370 2480 2477
f 2476 2477 2478
f 2477 2479 2478
f 2477 2480 2479
f 2479 2480 2482
f 2370 2371 2480
f 2371 2481 2480
f 2371 2426 2481
f 2426 2492 2481
f 2480 2481 2482
f 2481 2483 2482
f 2481 2492 2483
f 2483 2492 2494
f 2478 2479 2484
f 2479 2485 2484
f 2479 2482 2485
f 2482 2488 2485
f 2484 2485 2486
f 2485 2487 2486
f 2485 2488 2487
f 2487 2488 2490
f 2482 2483 2488
f 2483 2489 2488
f 2483 2494 2489
f 2489 2494 2508
f 2488 2489 2490
f 2489 2491 2490
f 2489 2508 2491
f 2491 2508 2510
f 2426 2427 2492
f 2427 2493 2492
f 2427 2432 2493
f 2432 2496 2493
f 2492 2493 2494
f 2493 2495 2494
f 2493 2496 2495
f 2495 2496 2500
f 2432 2433 2496
f 2433 2497 2496
f 2433 2434 2497
f 2434 2435 2499
f 2434 2498 2497
f 2434 2499 2498
f 2435 2438 2504
f 2435 2504 2499
f 2496 2497 2500
f 2497 2501 2500
f 2497 2498 2501
f 2498 2499 2503
f 2498 2502 2501
f 2498 2503 2502
f 2499 2504 2506
f 2499 2506 2503
f 2438 2439 2505
f 2438 2505 2504
f 2439 2470 2524
f 2439 2524 2505
f 2504 2505 2507
f 2504 2507 2506
f 2505 2524 2526
f 2505 2526 2507
f 2494 2495 2508
f 2495 2509 2508
f 2495 2500 2509
f 2500 2512 2509
f 2508 2509 2510
f 2509 2511 2510
f 2509 2512 2511
f 2511 2512 2516
f 2500 2501 2512
f 2501 2513 2512
f 2501 2502 2513
f 2502 2503 2515
f 2502 2514 2513
f 2502 2515 2514
f 2503 2506 2520
f 2503 2520 2515
f 2512 2513 2516
f 2513 2517 2516
f 2513 2514 2517
f 2514 2515 2519
f 2514 2518 2517
f 2514 2519 2518
f 2515 2520 2522
f 2515 2522 2519
f 2506 2507 2521
f 2506 2521 2520
f 2507 2526 2532
f 2507 2532 2521
f 2520 2521 2523
f 2520 2523 2522
f 2521 2532 2534
f 2521 2534 2523
f 2470 2471 2525
f 2470 2525 2524
f 2471 2474 2528
f 2471 2528 2525
f 2524 2525 2527
f 2524 2527 2526
f 2525 2528 2530
f 2525 2530 2527
f 2474 2475 2529
f 2474 2529 2528
f 2475 2602 2644
f 2475 2644 2529
f 2528 2529 2531
f 2528 2531 2530
f 2529 2644 2646
f 2529 2646 2531
f 2526 2527 2533
f 2526 2533 2532
f 2527 2530 2536
f 2527 2536 2533
f 2532 2533 2535
f 2532 2535 2534
f 2533 2536 2538
f 2533 2538 2535
f 2530 2531 2537
f 2530 2537 2536
f 2531 2646 2652
f 2531 2652 2537
f 2536 2537 2539
f 2536 2539 2538
f 2537 2652 2654
f 2537 2654 2539
f 2540 2542 2543
f 2540 2543 2541
f 2542 2544 2546
f 2542 2546 2543
f 2541 2543 2549
f 2541 2549 2548
f 2543 2546 2552
f 2543 2552 2549
f 2544 2545 2547
f 2544 2547 2546
f 2545 2556 2557
f 2545 2557 2547
f 2546 2547 2553
f 2546 2553 2552
f 2547 2557 2564
f 2547 2564 2553
f 2548 2549 2551
f 2548 2551 2550
f 2549 2552 2554
f 2549 2554 2551
f 2550 2551 2574
f 2550 2574 2572
f 2551 2554 2576
f 2551 2576 2574
f 2552 2553 2555
f 2552 2555 2554
f 2553 2564 2566
f 2553 2566 2555
f 2554 2555 2577
f 2554 2577 2576
f 2555 2566 2608
f 2555 2608 2577
f 2556 2558 2559
f 2556 2559 2557
f 2558 2560 2562
f 2558 2562 2559
f 2557 2559 2565
f 2557 2565 2564
f 2559 2562 2568
f 2559 2568 2565
f 2560 2561 2563
f 2560 2563 2562
f 2561 3381 3382
f 2561 3382 2563
f 2562 2563 2569
f 2562 2569 2568
f 2563 3382 3389
f 2563 3389 2569
f 2564 2565 2567
f 2564 2567 2566
f 2565 2568 2570
f 2565 2570 2567
f 2566 2567 2610
f 2566 2610 2608
f 2567 2570 2612
f 2567 2612 2610
f 2568 2569 2571
f 2568 2571 2570
f 2569 3389 3391
f 2569 3391 2571
f 2570 2571 2613
f 2570 2613 2612
f 2571 3391 3413
f 2571 3413 2613
f 2572 2574 2575
f 2572 2575 2573
f 2574 2576 2578
f 2574 2578 2575
f 2573 2575 2581
f 2573 2581 2580
f 2575 2578 2590
f 2575 2590 2581
f 2576 2577 2579
f 2576 2579 2578
f 2577 2608 2609
f 2577 2609 2579
f 2578 2579 2591
f 2578 2591 2590
f 2579 2609 2616
f 2579 2616 2591
f 2580 2581 2585
f 2580 2585 2582
f 2581 2590 2592
f 2581 2592 2585
f 2582 2585 2586
f 2582 2586 2583
f 2583 2586 2587
f 2583 2587 2584
f 2585 2592 2594
f 2585 2594 2586
f 2586 2594 2596
f 2586 2596 2587
f 2584 2587 2589
f 2584 2589 2588
f 2587 2596 2598
f 2587 2598 2589
f 2590 2591 2593
f 2590 2593 2592
f 2591 2616 2618
f 2591 2618 2593
f 2592 2593 2595
f 2592 2595 2594
f 2594 2595 2597
f 2594 2597 2596
f 2593 2618 2619
f 2593 2619 2595
f 2595 2619 2620
f 2595 2620 2597
f 2596 2597 2599
f 2596 2599 2598
f 2597 2620 2624
f 2597 2624 2599
f 2588 2589 2601
f 2588 2601 2600
f 2589 2598 2604
f 2589 2604 2601
f 2600 2601 2603
f 2600 2603 2602
f 2601 2604 2606
f 2601 2606 2603
f 2598 2599 2605
f 2598 2605 2604
f 2599 2624 2636
f 2599 2636 2605
f 2604 2605 2607
f 2604 2607 2606
f 2605 2636 2638
f 2605 2638 2607
f 2608 2610 2611
f 2608 2611 2609
f 2610 2612 2614
f 2610 2614 2611
f 2609 2611 2617
f 2609 2617 2616
f 2611 2614 2626
f 2611 2626 2617
f 2612 2613 2615
f 2612 2615 2614
f 2613 3413 3414
f 2613 3414 2615
f 2614 2615 2627
f 2614 2627 2626
f 2615 3414 3421
f 2615 3421 2627
f 2616 2617 2621
f 2616 2621 2618
f 2617 2626 2628
f 2617 2628 2621
f 2618 2621 2622
f 2618 2622 2619
f 2619 2622 2623
f 2619 2623 2620
f 2621 2628 2630
f 2621 2630 2622
f 2622 2630 2632
f 2622 2632 2623
f 2620 2623 2625
f 2620 2625 2624
f 2623 2632 2634
f 2623 2634 2625
f 2626 2627 2629
f 2626 2629 2628
f 2627 3421 3423
f 2627 3423 2629
f 2628 2629 2631
f 2628 2631 2630
f 2630 2631 2633
f 2630 2633 2632
f 2629 3423 3424
f 2629 3424 2631
f 2631 3424 3425
f 2631 3425 2633
f 2632 2633 2635
f 2632 2635 2634
f 2633 3425 3429
f 2633 3429 2635
f 2624 2625 2637
f 2624 2637 2636
f 2625 2634 2640
f 2625 2640 2637
f 2636 2637 2639
f 2636 2639 2638
f 2637 2640 2642
f 2637 2642 2639
f 2634 2635 2641
f 2634 2641 2640
f 2635 3429 3441
f 2635 3441 2641
f 2640 2641 2643
f 2640 2643 2642
f 2641 3441 3443
f 2641 3443 2643
f 2602 2603 2645
f 2602 2645 2644
f 2603 2606 2648
f 2603 2648 2645
f 2644 2645 2647
f 2644 2647 2646
f 2645 2648 2650
f 2645 2650 2647
f 2606 2607 2649
f 2606 2649 2648
f 2607 2638 2660
f 2607 2660 2649
f 2648 2649 2651
f 2648 2651 2650
f 2649 2660 2662
f 2649 2662 2651
f 2646 2647 2653
f 2646 2653 2652
f 2647 2650 2656
f 2647 2656 2653
f 2652 2653 2655
f 2652 2655 2654
f 2653 2656 2658
f 2653 2658 2655
f 2650 2651 2657
f 2650 2657 2656
f 2651 2662 2668
f 2651 2668 2657
f 2656 2657 2659
f 2656 2659 2658
f 2657 2668 2670
f 2657 2670 2659
f 2638 2639 2661
f 2638 2661 2660
f 2639 2642 2664
f 2639 2664 2661
f 2660 2661 2663
f 2660 2663 2662
f 2661 2664 2666
f 2661 2666 2663
f 2642 2643 2665
f 2642 2665 2664
f 2643 3443 3485
f 2643 3485 2665
f 2664 2665 2667
f 2664 2667 2666
f 2665 3485 3487
f 2665 3487 2667
f 2662 2663 2669
f 2662 2669 2668
f 2663 2666 2672
f 2663 2672 2669
f 2668 2669 2671
f 2668 2671 2670
f 2669 2672 2674
f 2669 2674 2671
f 2666 2667 2673
f 2666 2673 2672
f 2667 3487 3493
f 2667 3493 2673
f 2672 2673 2675
f 2672 2675 2674
f 2673 3493 3495
f 2673 3495 2675
f 2715 2683 2676
f 2684 2678 2677
f 2684 2679 2678
f 2684 2680 2679
f 2684 2682 2683
f 2684 2683 2715
f 2684 2677 2682
f 2684 2715 2721
f 2188 2699 2186
f 2699 2693 2186
f 2699 2694 2693
f 2699 2698 2694
f 2699 2696 2698
f 2699 2700 2696
f 2188 2486 2699
f 2486 2933 2699
f 2700 2702 2701
f 2699 2705 2702
f 2699 2702 2700
f 2702 2705 2704
f 2699 2706 2705
f 2699 2709 2706
f 2699 2933 2709
f 2709 2933 2935
f 2715 2676 2714
f 2715 2714 2716
f 2715 2716 2718
f 2718 2716 2717
f 2718 2717 2723
f 2715 2718 2721
f 2718 2725 2721
f 2718 2723 2724
f 2718 2724 2725
f 2725 2724 2726
f 2709 2733 2706
f 2709 2735 2733
f 2709 2935 2735
f 2935 2737 2735
f 2935 2738 2737
f 2684 2765 2680
f 2684 2769 2765
f 2769 2767 2765
f 2684 2721 2769
f 2721 2800 2769
f 2769 2770 2767
f 2769 2771 2770
f 2769 2773 2771
f 2777 2774 2773
f 2769 2777 2773
f 2769 2800 2777
f 2777 2800 2806
f 2777 2781 2774
f 2777 2782 2781
f 2777 2783 2782
f 2777 2785 2783
f 2777 2787 2785
f 2777 2806 2787
f 2787 2806 2831
f 2787 2788 2785
f 2788 5923 2785
f 2787 2831 2788
f 2788 2831 2833
f 2721 2725 2800
f 2725 2802 2800
f 2725 2726 2801
f 2725 2801 2802
f 2802 2801 2803
f 2802 2803 2808
f 2800 2802 2806
f 2802 2807 2806
f 2802 2808 2807
f 2807 2808 2820
f 3002 2813 2811
f 3002 2811 2814
f 2808 2803 2816
f 2808 2816 2820
f 2820 2817 2818
f 2820 2816 2817
f 2820 2818 2821
f 2820 2821 2835
f 3002 2823 2813
f 3002 2824 2823
f 3002 3012 2824
f 3012 2825 2824
f 2806 2807 2831
f 2807 2832 2831
f 2807 2820 2832
f 2820 2836 2832
f 2831 2832 2833
f 2832 2834 2833
f 2832 2836 2834
f 2834 2836 2841
f 2820 2835 2836
f 2836 2835 2837
f 2836 2837 2840
f 2840 2838 3012
f 3012 2838 2825
f 2840 2837 2839
f 2840 2839 2838
f 2840 3012 3019
f 2836 2840 2841
f 2840 2842 2841
f 2840 3019 2842
f 2842 3019 3021
f 2486 2487 2933
f 2487 2934 2933
f 2487 2490 2934
f 2490 2937 2934
f 2933 2934 2935
f 2934 2936 2935
f 2934 2937 2936
f 2936 2937 2939
f 2490 2491 2937
f 2491 2938 2937
f 2491 2510 2938
f 2510 2952 2938
f 2937 2938 2939
f 2938 2940 2939
f 2938 2952 2940
f 2940 2952 2954
f 2935 2936 2738
f 2941 2942 2738
f 2936 2941 2738
f 2936 2939 2941
f 2939 2948 2941
f 2941 2943 2942
f 2941 2945 2943
f 2941 2946 2945
f 2941 2947 2946
f 2941 2948 2947
f 2947 2948 2950
f 2939 2940 2948
f 2940 2949 2948
f 2940 2954 2949
f 2949 2954 2968
f 2948 2949 2950
f 2949 2951 2950
f 2949 2968 2951
f 2951 2968 2970
f 2510 2511 2952
f 2511 2953 2952
f 2511 2516 2953
f 2516 2956 2953
f 2952 2953 2954
f 2953 2955 2954
f 2953 2956 2955
f 2955 2956 2960
f 2516 2517 2956
f 2517 2957 2956
f 2517 2518 2957
f 2518 2519 2959
f 2518 2958 2957
f 2518 2959 2958
f 2519 2522 2964
f 2519 2964 2959
f 2956 2957 2960
f 2957 2961 2960
f 2957 2958 2961
f 2958 2959 2963
f 2958 2962 2961
f 2958 2963 2962
f 2959 2964 2966
f 2959 2966 2963
f 2522 2523 2965
f 2522 2965 2964
f 2523 2534 2984
f 2523 2984 2965
f 2964 2965 2967
f 2964 2967 2966
f 2965 2984 2986
f 2965 2986 2967
f 2954 2955 2968
f 2955 2969 2968
f 2955 2960 2969
f 2960 2972 2969
f 2968 2969 2970
f 2969 2971 2970
f 2969 2972 2971
f 2971 2972 2976
f 2960 2961 2972
f 2961 2973 2972
f 2961 2962 2973
f 2962 2963 2975
f 2962 2974 2973
f 2962 2975 2974
f 2963 2966 2980
f 2963 2980 2975
f 2972 2973 2976
f 2973 2977 2976
f 2973 2974 2977
f 2974 2975 2979
f 2974 2978 2977
f 2974 2979 2978
f 2975 2980 2982
f 2975 2982 2979
f 2966 2967 2981
f 2966 2981 2980
f 2967 2986 2992
f 2967 2992 2981
f 2980 2981 2983
f 2980 2983 2982
f 2981 2992 2994
f 2981 2994 2983
f 2534 2535 2985
f 2534 2985 2984
f 2535 2538 2988
f 2535 2988 2985
f 2984 2985 2987
f 2984 2987 2986
f 2985 2988 2990
f 2985 2990 2987
f 2538 2539 2989
f 2538 2989 2988
f 2539 2654 3075
f 2539 3075 2989
f 2988 2989 2991
f 2988 2991 2990
f 2989 3075 3077
f 2989 3077 2991
f 2986 2987 2993
f 2986 2993 2992
f 2987 2990 2996
f 2987 2996 2993
f 2992 2993 2995
f 2992 2995 2994
f 2993 2996 2998
f 2993 2998 2995
f 2990 2991 2997
f 2990 2997 2996
f 2991 3077 3083
f 2991 3083 2997
f 2996 2997 2999
f 2996 2999 2998
f 2997 3083 3085
f 2997 3085 2999
f 2947 3000 2946
f 2947 2950 3000
f 2950 3006 3000
f 3015 3008 3006
f 3015 3007 3008
f 2950 3015 3006
f 3002 2814 3009
f 3002 3009 3012
f 3012 3009 3010
f 3012 3010 3014
f 3012 3014 3013
f 3015 3014 3007
f 3013 3014 3015
f 3013 3015 3017
f 2950 2951 3015
f 2951 3016 3015
f 2951 2970 3016
f 2970 3027 3016
f 3015 3016 3017
f 3016 3018 3017
f 3016 3027 3018
f 3018 3027 3029
f 3012 3013 3019
f 3013 3020 3019
f 3013 3017 3020
f 3017 3023 3020
f 3019 3020 3021
f 3020 3022 3021
f 3020 3023 3022
f 3022 3023 3025
f 3017 3018 3023
f 3018 3024 3023
f 3018 3029 3024
f 3024 3029 3043
f 3023 3024 3025
f 3024 3026 3025
f 3024 3043 3026
f 3026 3043 3045
f 2970 2971 3027
f 2971 3028 3027
f 2971 2976 3028
f 2976 3031 3028
f 3027 3028 3029
f 3028 3030 3029
f 3028 3031 3030
f 3030 3031 3035
f 2976 2977 3031
f 2977 3032 3031
f 2977 2978 3032
f 2978 2979 3034
f 2978 3033 3032
f 2978 3034 3033
f 2979 2982 3039
f 2979 3039 3034
f 3031 3032 3035
f 3032 3036 3035
f 3032 3033 3036
f 3033 3034 3038
f 3033 3037 3036
f 3033 3038 3037
f 3034 3039 3041
f 3034 3041 3038
f 2982 2983 3040
f 2982 3040 3039
f 2983 2994 3059
f 2983 3059 3040
f 3039 3040 3042
f 3039 3042 3041
f 3040 3059 3061
f 3040 3061 3042
f 3029 3030 3043
f 3030 3044 3043
f 3030 3035 3044
f 3035 3047 3044
f 3043 3044 3045
f 3044 3046 3045
f 3044 3047 3046
f 3046 3047 3051
f 3035 3036 3047
f 3036 3048 3047
f 3036 3037 3048
f 3037 3038 3050
f 3037 3049 3048
f 3037 3050 3049
f 3038 3041 3055
f 3038 3055 3050
f 3047 3048 3051
f 3048 3052 3051
f 3048 3049 3052
f 3049 3050 3054
f 3049 3053 3052
f 3049 3054 3053
f 3050 3055 3057
f 3050 3057 3054
f 3041 3042 3056
f 3041 3056 3055
f 3042 3061 3067
f 3042 3067 3056
f 3055 3056 3058
f 3055 3058 3057
f 3056 3067 3069
f 3056 3069 3058
f 2994 2995 3060
f 2994 3060 3059
f 2995 2998 3063
f 2995 3063 3060
f 3059 3060 3062
f 3059 3062 3061
f 3060 3063 3065
f 3060 3065 3062
f 2998 2999 3064
f 2998 3064 3063
f 2999 3085 3107
f 2999 3107 3064
f 3063 3064 3066
f 3063 3066 3065
f 3064 3107 3109
f 3064 3109 3066
f 3061 3062 3068
f 3061 3068 3067
f 3062 3065 3071
f 3062 3071 3068
f 3067 3068 3070
f 3067 3070 3069
f 3068 3071 3073
f 3068 3073 3070
f 3065 3066 3072
f 3065 3072 3071
f 3066 3109 3115
f 3066 3115 3072
f 3071 3072 3074
f 3071 3074 3073
f 3072 3115 3117
f 3072 3117 3074
f 2654 2655 3076
f 2654 3076 3075
f 2655 2658 3079
f 2655 3079 3076
f 3075 3076 3078
f 3075 3078 3077
f 3076 3079 3081
f 3076 3081 3078
f 2658 2659 3080
f 2658 3080 3079
f 2659 2670 3091
f 2659 3091 3080
f 3079 3080 3082
f 3079 3082 3081
f 3080 3091 3093
f 3080 3093 3082
f 3077 3078 3084
f 3077 3084 3083
f 3078 3081 3087
f 3078 3087 3084
f 3083 3084 3086
f 3083 3086 3085
f 3084 3087 3089
f 3084 3089 3086
f 3081 3082 3088
f 3081 3088 3087
f 3082 3093 3099
f 3082 3099 3088
f 3087 3088 3090
f 3087 3090 3089
f 3088 3099 3101
f 3088 3101 3090
f 2670 2671 3092
f 2670 3092 3091
f 2671 2674 3095
f 2671 3095 3092
f 3091 3092 3094
f 3091 3094 3093
f 3092 3095 3097
f 3092 3097 3094
f 2674 2675 3096
f 2674 3096 3095
f 2675 3495 3813
f 2675 3813 3096
f 3095 3096 3098
f 3095 3098 3097
f 3096 3813 3815
f 3096 3815 3098
f 3093 3094 3100
f 3093 3100 3099
f 3094 3097 3103
f 3094 3103 3100
f 3099 3100 3102
f 3099 3102 3101
f 3100 3103 3105
f 3100 3105 3102
f 3097 3098 3104
f 3097 3104 3103
f 3098 3815 3821
f 3098 3821 3104
f 3103 3104 3106
f 3103 3106 3105
f 3104 3821 3823
f 3104 3823 3106
f 3085 3086 3108
f 3085 3108 3107
f 3086 3089 3111
f 3086 3111 3108
f 3107 3108 3110
f 3107 3110 3109
f 3108 3111 3113
f 3108 3113 3110
f 3089 3090 3112
f 3089 3112 3111
f 3090 3101 3123
f 3090 3123 3112
f 3111 3112 3114
f 3111 3114 3113
f 3112 3123 3125
f 3112 3125 3114
f 3109 3110 3116
f 3109 3116 3115
f 3110 3113 3119
f 3110 3119 3116
f 3115 3116 3118
f 3115 3118 3117
f 3116 3119 3121
f 3116 3121 3118
f 3113 3114 3120
f 3113 3120 3119
f 3114 3125 3131
f 3114 3131 3120
f 3119 3120 3122
f 3119 3122 3121
f 3120 3131 3133
f 3120 3133 3122
f 3101 3102 3124
f 3101 3124 3123
f 3102 3105 3127
f 3102 3127 3124
f 3123 3124 3126
f 3123 3126 3125
f 3124 3127 3129
f 3124 3129 3126
f 3105 3106 3128
f 3105 3128 3127
f 3106 3823 3845
f 3106 3845 3128
f 3127 3128 3130
f 3127 3130 3129
f 3128 3845 3847
f 3128 3847 3130
f 3125 3126 3132
f 3125 3132 3131
f 3126 3129 3135
f 3126 3135 3132
f 3131 3132 3134
f 3131 3134 3133
f 3132 3135 3137
f 3132 3137 3134
f 3129 3130 3136
f 3129 3136 3135
f 3130 3847 3853
f 3130 3853 3136
f 3135 3136 3138
f 3135 3138 3137
f 3136 3853 3855
f 3136 3855 3138
f 3139 3140 3142
f 3139 3142 3141
f 3140 3143 3145
f 3140 3145 3142
f 3141 3142 3148
f 3141 3148 3147
f 3142 3145 3151
f 3142 3151 3148
f 3143 3144 3146
f 3143 3146 3145
f 3144 3155 3158
f 3144 3158 3146
f 3145 3146 3152
f 3145 3152 3151
f 3146 3158 3163
f 3146 3163 3152
f 3147 3148 3150
f 3147 3150 3149
f 3148 3151 3153
f 3148 3153 3150
f 3149 3150 3172
f 3149 3172 3171
f 3150 3153 3175
f 3150 3175 3172
f 3151 3152 3154
f 3151 3154 3153
f 3152 3163 3166
f 3152 3166 3154
f 3153 3154 3176
f 3153 3176 3175
f 3154 3166 3187
f 3154 3187 3176
f 3155 3156 3159
f 3155 3159 3158
f 3156 3157 3160
f 3156 3160 3159
f 3158 3159 3164
f 3158 3164 3163
f 3159 3160 3165
f 3159 3165 3164
f 3157 3161 3162
f 3157 3162 3160
f 3161 3245 3247
f 3161 3247 3162
f 3160 3162 3169
f 3160 3169 3165
f 3162 3247 3253
f 3162 3253 3169
f 3163 3164 3167
f 3163 3167 3166
f 3164 3165 3168
f 3164 3168 3167
f 3166 3167 3188
f 3166 3188 3187
f 3167 3168 3189
f 3167 3189 3188
f 3165 3169 3170
f 3165 3170 3168
f 3169 3253 3255
f 3169 3255 3170
f 3168 3170 3193
f 3168 3193 3189
f 3170 3255 3297
f 3170 3297 3193
f 3171 3172 3174
f 3171 3174 3173
f 3172 3175 3177
f 3172 3177 3174
f 3173 3174 3180
f 3173 3180 3179
f 3174 3177 3183
f 3174 3183 3180
f 3175 3176 3178
f 3175 3178 3177
f 3176 3187 3190
f 3176 3190 3178
f 3177 3178 3184
f 3177 3184 3183
f 3178 3190 3195
f 3178 3195 3184
f 3179 3180 3182
f 3179 3182 3181
f 3180 3183 3185
f 3180 3185 3182
f 3181 3182 3383
f 3181 3383 3381
f 3182 3185 3385
f 3182 3385 3383
f 3183 3184 3186
f 3183 3186 3185
f 3184 3195 3198
f 3184 3198 3186
f 3185 3186 3386
f 3185 3386 3385
f 3186 3198 3397
f 3186 3397 3386
f 3187 3188 3191
f 3187 3191 3190
f 3188 3189 3192
f 3188 3192 3191
f 3190 3191 3196
f 3190 3196 3195
f 3191 3192 3197
f 3191 3197 3196
f 3189 3193 3194
f 3189 3194 3192
f 3193 3297 3299
f 3193 3299 3194
f 3192 3194 3201
f 3192 3201 3197
f 3194 3299 3305
f 3194 3305 3201
f 3195 3196 3199
f 3195 3199 3198
f 3196 3197 3200
f 3196 3200 3199
f 3198 3199 3399
f 3198 3399 3397
f 3199 3200 3400
f 3199 3400 3399
f 3197 3201 3202
f 3197 3202 3200
f 3201 3305 3307
f 3201 3307 3202
f 3200 3202 3403
f 3200 3403 3400
f 3202 3307 3517
f 3202 3517 3403
f 3245 3246 3248
f 3245 3248 3247
f 3246 3249 3251
f 3246 3251 3248
f 3247 3248 3254
f 3247 3254 3253
f 3248 3251 3257
f 3248 3257 3254
f 3249 3250 3252
f 3249 3252 3251
f 3250 3261 3264
f 3250 3264 3252
f 3251 3252 3258
f 3251 3258 3257
f 3252 3264 3275
f 3252 3275 3258
f 3253 3254 3256
f 3253 3256 3255
f 3254 3257 3259
f 3254 3259 3256
f 3255 3256 3298
f 3255 3298 3297
f 3256 3259 3301
f 3256 3301 3298
f 3257 3258 3260
f 3257 3260 3259
f 3258 3275 3278
f 3258 3278 3260
f 3259 3260 3302
f 3259 3302 3301
f 3260 3278 3313
f 3260 3313 3302
f 3261 3262 3265
f 3261 3265 3264
f 3262 3263 3266
f 3262 3266 3265
f 3264 3265 3276
f 3264 3276 3275
f 3265 3266 3277
f 3265 3277 3276
f 3263 3267 3270
f 3263 3270 3266
f 3267 3268 3271
f 3267 3271 3270
f 3268 3272 3271
f 3268 3269 3272
f 3266 3270 3281
f 3266 3281 3277
f 3270 3271 3282
f 3270 3282 3281
f 3271 3283 3282
f 3271 3272 3283
f 3269 3274 3272
f 3269 3273 3274
f 3272 3287 3283
f 3272 3274 3287
f 3275 3276 3279
f 3275 3279 3278
f 3276 3277 3280
f 3276 3280 3279
f 3278 3279 3314
f 3278 3314 3313
f 3279 3280 3315
f 3279 3315 3314
f 3277 3281 3284
f 3277 3284 3280
f 3281 3282 3285
f 3281 3285 3284
f 3282 3286 3285
f 3282 3283 3286
f 3280 3284 3319
f 3280 3319 3315
f 3284 3285 3320
f 3284 3320 3319
f 3285 3321 3320
f 3285 3286 3321
f 3283 3288 3286
f 3283 3287 3288
f 3286 3325 3321
f 3286 3288 3325
f 3273 3290 3274
f 3273 3289 3290
f 3274 3293 3287
f 3274 3290 3293
f 3289 3292 3290
f 3289 3291 3292
f 3290 3295 3293
f 3290 3292 3295
f 3287 3294 3288
f 3287 3293 3294
f 3288 3341 3325
f 3288 3294 3341
f 3293 3296 3294
f 3293 3295 3296
f 3294 3343 3341
f 3294 3296 3343
f 3297 3298 3300
f 3297 3300 3299
f 3298 3301 3303
f 3298 3303 3300
f 3299 3300 3306
f 3299 3306 3305
f 3300 3303 3309
f 3300 3309 3306
f 3301 3302 3304
f 3301 3304 3303
f 3302 3313 3316
f 3302 3316 3304
f 3303 3304 3310
f 3303 3310 3309
f 3304 3316 3327
f 3304 3327 3310
f 3305 3306 3308
f 3305 3308 3307
f 3306 3309 3311
f 3306 3311 3308
f 3307 3308 3518
f 3307 3518 3517
f 3308 3311 3521
f 3308 3521 3518
f 3309 3310 3312
f 3309 3312 3311
f 3310 3327 3330
f 3310 3330 3312
f 3311 3312 3522
f 3311 3522 3521
f 3312 3330 3533
f 3312 3533 3522
f 3313 3314 3317
f 3313 3317 3316
f 3314 3315 3318
f 3314 3318 3317
f 3316 3317 3328
f 3316 3328 3327
f 3317 3318 3329
f 3317 3329 3328
f 3315 3319 3322
f 3315 3322 3318
f 3319 3320 3323
f 3319 3323 3322
f 3320 3324 3323
f 3320 3321 3324
f 3318 3322 3333
f 3318 3333 3329
f 3322 3323 3334
f 3322 3334 3333
f 3323 3335 3334
f 3323 3324 3335
f 3321 3326 3324
f 3321 3325 3326
f 3324 3339 3335
f 3324 3326 3339
f 3327 3328 3331
f 3327 3331 3330
f 3328 3329 3332
f 3328 3332 3331
f 3330 3331 3535
f 3330 3535 3533
f 3331 3332 3536
f 3331 3536 3535
f 3329 3333 3336
f 3329 3336 3332
f 3333 3334 3337
f 3333 3337 3336
f 3334 3338 3337
f 3334 3335 3338
f 3332 3336 3539
f 3332 3539 3536
f 3336 3337 3540
f 3336 3540 3539
f 3337 3543 3540
f 3337 3338 3543
f 3335 3340 3338
f 3335 3339 3340
f 3338 3545 3543
f 3338 3340 3545
f 3325 3342 3326
f 3325 3341 3342
f 3326 3345 3339
f 3326 3342 3345
f 3341 3344 3342
f 3341 3343 3344
f 3342 3347 3345
f 3342 3344 3347
f 3339 3346 3340
f 3339 3345 3346
f 3340 3561 3545
f 3340 3346 3561
f 3345 3348 3346
f 3345 3347 3348
f 3346 3563 3561
f 3346 3348 3563
f 3291 3350 3292
f 3291 3349 3350
f 3292 3353 3295
f 3292 3350 3353
f 3349 3352 3350
f 3349 3351 3352
f 3350 3355 3353
f 3350 3352 3355
f 3295 3354 3296
f 3295 3353 3354
f 3296 3365 3343
f 3296 3354 3365
f 3353 3356 3354
f 3353 3355 3356
f 3354 3367 3365
f 3354 3356 3367
f 3351 3358 3352
f 3351 3357 3358
f 3352 3361 3355
f 3352 3358 3361
f 3357 3360 3358
f 3357 3359 3360
f 3358 3363 3361
f 3358 3360 3363
f 3355 3362 3356
f 3355 3361 3362
f 3356 3373 3367
f 3356 3362 3373
f 3361 3364 3362
f 3361 3363 3364
f 3362 3375 3373
f 3362 3364 3375
f 3343 3366 3344
f 3343 3365 3366
f 3344 3369 3347
f 3344 3366 3369
f 3365 3368 3366
f 3365 3367 3368
f 3366 3371 3369
f 3366 3368 3371
f 3347 3370 3348
f 3347 3369 3370
f 3348 3666 3563
f 3348 3370 3666
f 3369 3372 3370
f 3369 3371 3372
f 3370 3668 3666
f 3370 3372 3668
f 3367 3374 3368
f 3367 3373 3374
f 3368 3377 3371
f 3368 3374 3377
f 3373 3376 3374
f 3373 3375 3376
f 3374 3379 3377
f 3374 3376 3379
f 3371 3378 3372
f 3371 3377 3378
f 3372 3674 3668
f 3372 3378 3674
f 3377 3380 3378
f 3377 3379 3380
f 3378 3676 3674
f 3378 3380 3676
f 3381 3383 3384
f 3381 3384 3382
f 3383 3385 3387
f 3383 3387 3384
f 3382 3384 3390
f 3382 3390 3389
f 3384 3387 3393
f 3384 3393 3390
f 3385 3386 3388
f 3385 3388 3387
f 3386 3397 3398
f 3386 3398 3388
f 3387 3388 3394
f 3387 3394 3393
f 3388 3398 3405
f 3388 3405 3394
f 3389 3390 3392
f 3389 3392 3391
f 3390 3393 3395
f 3390 3395 3392
f 3391 3392 3415
f 3391 3415 3413
f 3392 3395 3417
f 3392 3417 3415
f 3393 3394 3396
f 3393 3396 3395
f 3394 3405 3408
f 3394 3408 3396
f 3395 3396 3418
f 3395 3418 3417
f 3396 3408 3449
f 3396 3449 3418
f 3397 3399 3401
f 3397 3401 3398
f 3399 3400 3402
f 3399 3402 3401
f 3398 3401 3406
f 3398 3406 3405
f 3401 3402 3407
f 3401 3407 3406
f 3400 3403 3404
f 3400 3404 3402
f 3403 3517 3519
f 3403 3519 3404
f 3402 3404 3411
f 3402 3411 3407
f 3404 3519 3525
f 3404 3525 3411
f 3405 3406 3409
f 3405 3409 3408
f 3406 3407 3410
f 3406 3410 3409
f 3408 3409 3451
f 3408 3451 3449
f 3409 3410 3452
f 3409 3452 3451
f 3407 3411 3412
f 3407 3412 3410
f 3411 3525 3527
f 3411 3527 3412
f 3410 3412 3455
f 3410 3455 3452
f 3412 3527 3569
f 3412 3569 3455
f 3413 3415 3416
f 3413 3416 3414
f 3415 3417 3419
f 3415 3419 3416
f 3414 3416 3422
f 3414 3422 3421
f 3416 3419 3431
f 3416 3431 3422
f 3417 3418 3420
f 3417 3420 3419
f 3418 3449 3450
f 3418 3450 3420
f 3419 3420 3432
f 3419 3432 3431
f 3420 3450 3457
f 3420 3457 3432
f 3421 3422 3426
f 3421 3426 3423
f 3422 3431 3433
f 3422 3433 3426
f 3423 3426 3427
f 3423 3427 3424
f 3424 3427 3428
f 3424 3428 3425
f 3426 3433 3435
f 3426 3435 3427
f 3427 3435 3437
f 3427 3437 3428
f 3425 3428 3430
f 3425 3430 3429
f 3428 3437 3439
f 3428 3439 3430
f 3431 3432 3434
f 3431 3434 3433
f 3432 3457 3460
f 3432 3460 3434
f 3433 3434 3436
f 3433 3436 3435
f 3435 3436 3438
f 3435 3438 3437
f 3434 3460 3461
f 3434 3461 3436
f 3436 3461 3462
f 3436 3462 3438
f 3437 3438 3440
f 3437 3440 3439
f 3438 3462 3469
f 3438 3469 3440
f 3429 3430 3442
f 3429 3442 3441
f 3430 3439 3445
f 3430 3445 3442
f 3441 3442 3444
f 3441 3444 3443
f 3442 3445 3447
f 3442 3447 3444
f 3439 3440 3446
f 3439 3446 3445
f 3440 3469 3477
f 3440 3477 3446
f 3445 3446 3448
f 3445 3448 3447
f 3446 3477 3480
f 3446 3480 3448
f 3449 3451 3453
f 3449 3453 3450
f 3451 3452 3454
f 3451 3454 3453
f 3450 3453 3458
f 3450 3458 3457
f 3453 3454 3459
f 3453 3459 3458
f 3452 3455 3456
f 3452 3456 3454
f 3455 3569 3571
f 3455 3571 3456
f 3454 3456 3472
f 3454 3472 3459
f 3456 3571 3577
f 3456 3577 3472
f 3457 3458 3463
f 3457 3463 3460
f 3458 3459 3464
f 3458 3464 3463
f 3460 3463 3465
f 3460 3465 3461
f 3461 3465 3467
f 3461 3467 3462
f 3463 3464 3466
f 3463 3466 3465
f 3465 3466 3468
f 3465 3468 3467
f 3462 3467 3470
f 3462 3470 3469
f 3467 3468 3471
f 3467 3471 3470
f 3459 3472 3473
f 3459 3473 3464
f 3472 3577 3579
f 3472 3579 3473
f 3464 3473 3474
f 3464 3474 3466
f 3466 3474 3475
f 3466 3475 3468
f 3473 3579 3581
f 3473 3581 3474
f 3474 3581 3583
f 3474 3583 3475
f 3468 3475 3476
f 3468 3476 3471
f 3475 3583 3585
f 3475 3585 3476
f 3469 3470 3478
f 3469 3478 3477
f 3470 3471 3479
f 3470 3479 3478
f 3477 3478 3481
f 3477 3481 3480
f 3478 3479 3482
f 3478 3482 3481
f 3471 3476 3483
f 3471 3483 3479
f 3476 3585 3597
f 3476 3597 3483
f 3479 3483 3484
f 3479 3484 3482
f 3483 3597 3599
f 3483 3599 3484
f 3443 3444 3486
f 3443 3486 3485
f 3444 3447 3489
f 3444 3489 3486
f 3485 3486 3488
f 3485 3488 3487
f 3486 3489 3491
f 3486 3491 3488
f 3447 3448 3490
f 3447 3490 3489
f 3448 3480 3501
f 3448 3501 3490
f 3489 3490 3492
f 3489 3492 3491
f 3490 3501 3504
f 3490 3504 3492
f 3487 3488 3494
f 3487 3494 3493
f 3488 3491 3497
f 3488 3497 3494
f 3493 3494 3496
f 3493 3496 3495
f 3494 3497 3499
f 3494 3499 3496
f 3491 3492 3498
f 3491 3498 3497
f 3492 3504 3509
f 3492 3509 3498
f 3497 3498 3500
f 3497 3500 3499
f 3498 3509 3512
f 3498 3512 3500
f 3480 3481 3502
f 3480 3502 3501
f 3481 3482 3503
f 3481 3503 3502
f 3501 3502 3505
f 3501 3505 3504
f 3502 3503 3506
f 3502 3506 3505
f 3482 3484 3507
f 3482 3507 3503
f 3484 3599 3682
f 3484 3682 3507
f 3503 3507 3508
f 3503 3508 3506
f 3507 3682 3684
f 3507 3684 3508
f 3504 3505 3510
f 3504 3510 3509
f 3505 3506 3511
f 3505 3511 3510
f 3509 3510 3513
f 3509 3513 3512
f 3510 3511 3514
f 3510 3514 3513
f 3506 3508 3515
f 3506 3515 3511
f 3508 3684 3690
f 3508 3690 3515
f 3511 3515 3516
f 3511 3516 3514
f 3515 3690 3692
f 3515 3692 3516
f 3517 3518 3520
f 3517 3520 3519
f 3518 3521 3523
f 3518 3523 3520
f 3519 3520 3526
f 3519 3526 3525
f 3520 3523 3529
f 3520 3529 3526
f 3521 3522 3524
f 3521 3524 3523
f 3522 3533 3534
f 3522 3534 3524
f 3523 3524 3530
f 3523 3530 3529
f 3524 3534 3547
f 3524 3547 3530
f 3525 3526 3528
f 3525 3528 3527
f 3526 3529 3531
f 3526 3531 3528
f 3527 3528 3570
f 3527 3570 3569
f 3528 3531 3573
f 3528 3573 3570
f 3529 3530 3532
f 3529 3532 3531
f 3530 3547 3550
f 3530 3550 3532
f 3531 3532 3574
f 3531 3574 3573
f 3532 3550 3605
f 3532 3605 3574
f 3533 3535 3537
f 3533 3537 3534
f 3535 3536 3538
f 3535 3538 3537
f 3534 3537 3548
f 3534 3548 3547
f 3537 3538 3549
f 3537 3549 3548
f 3536 3539 3541
f 3536 3541 3538
f 3539 3540 3542
f 3539 3542 3541
f 3540 3544 3542
f 3540 3543 3544
f 3538 3541 3553
f 3538 3553 3549
f 3541 3542 3554
f 3541 3554 3553
f 3542 3555 3554
f 3542 3544 3555
f 3543 3546 3544
f 3543 3545 3546
f 3544 3559 3555
f 3544 3546 3559
f 3547 3548 3551
f 3547 3551 3550
f 3548 3549 3552
f 3548 3552 3551
f 3550 3551 3607
f 3550 3607 3605
f 3551 3552 3608
f 3551 3608 3607
f 3549 3553 3556
f 3549 3556 3552
f 3553 3554 3557
f 3553 3557 3556
f 3554 3558 3557
f 3554 3555 3558
f 3552 3556 3611
f 3552 3611 3608
f 3556 3557 3612
f 3556 3612 3611
f 3557 3615 3612
f 3557 3558 3615
f 3555 3560 3558
f 3555 3559 3560
f 3558 3617 3615
f 3558 3560 3617
f 3545 3562 3546
f 3545 3561 3562
f 3546 3565 3559
f 3546 3562 3565
f 3561 3564 3562
f 3561 3563 3564
f 3562 3567 3565
f 3562 3564 3567
f 3559 3566 3560
f 3559 3565 3566
f 3560 3648 3617
f 3560 3566 3648
f 3565 3568 3566
f 3565 3567 3568
f 3566 3650 3648
f 3566 3568 3650
f 3569 3570 3572
f 3569 3572 3571
f 3570 3573 3575
f 3570 3575 3572
f 3571 3572 3578
f 3571 3578 3577
f 3572 3575 3587
f 3572 3587 3578
f 3573 3574 3576
f 3573 3576 3575
f 3574 3605 3606
f 3574 3606 3576
f 3575 3576 3588
f 3575 3588 3587
f 3576 3606 3619
f 3576 3619 3588
f 3577 3578 3580
f 3577 3580 3579
f 3578 3587 3589
f 3578 3589 3580
f 3579 3580 3582
f 3579 3582 3581
f 3581 3582 3584
f 3581 3584 3583
f 3580 3589 3591
f 3580 3591 3582
f 3582 3591 3593
f 3582 3593 3584
f 3583 3584 3586
f 3583 3586 3585
f 3584 3593 3595
f 3584 3595 3586
f 3587 3588 3590
f 3587 3590 3589
f 3588 3619 3622
f 3588 3622 3590
f 3589 3590 3592
f 3589 3592 3591
f 3591 3592 3594
f 3591 3594 3593
f 3590 3622 3623
f 3590 3623 3592
f 3592 3623 3624
f 3592 3624 3594
f 3593 3594 3596
f 3593 3596 3595
f 3594 3624 3631
f 3594 3631 3596
f 3585 3586 3598
f 3585 3598 3597
f 3586 3595 3601
f 3586 3601 3598
f 3597 3598 3600
f 3597 3600 3599
f 3598 3601 3603
f 3598 3603 3600
f 3595 3596 3602
f 3595 3602 3601
f 3596 3631 3652
f 3596 3652 3602
f 3601 3602 3604
f 3601 3604 3603
f 3602 3652 3655
f 3602 3655 3604
f 3605 3607 3609
f 3605 3609 3606
f 3607 3608 3610
f 3607 3610 3609
f 3606 3609 3620
f 3606 3620 3619
f 3609 3610 3621
f 3609 3621 3620
f 3608 3611 3613
f 3608 3613 3610
f 3611 3612 3614
f 3611 3614 3613
f 3612 3616 3614
f 3612 3615 3616
f 3610 3613 3634
f 3610 3634 3621
f 3613 3614 3635
f 3613 3635 3634
f 3614 3636 3635
f 3614 3616 3636
f 3615 3618 3616
f 3615 3617 3618
f 3616 3644 3636
f 3616 3618 3644
f 3619 3620 3625
f 3619 3625 3622
f 3620 3621 3626
f 3620 3626 3625
f 3622 3625 3627
f 3622 3627 3623
f 3623 3627 3629
f 3623 3629 3624
f 3625 3626 3628
f 3625 3628 3627
f 3627 3628 3630
f 3627 3630 3629
f 3624 3629 3632
f 3624 3632 3631
f 3629 3630 3633
f 3629 3633 3632
f 3621 3634 3637
f 3621 3637 3626
f 3634 3635 3638
f 3634 3638 3637
f 3635 3641 3638
f 3635 3636 3641
f 3626 3637 3639
f 3626 3639 3628
f 3628 3639 3642
f 3628 3642 3630
f 3637 3638 3640
f 3637 3640 3639
f 3638 3643 3640
f 3639 3640 3643
f 3638 3641 3643
f 3639 3643 3642
f 3636 3645 3641
f 3636 3644 3645
f 3630 3642 3646
f 3630 3646 3633
f 3641 3647 3643
f 3642 3643 3647
f 3641 3645 3647
f 3642 3647 3646
f 3617 3649 3618
f 3617 3648 3649
f 3618 3658 3644
f 3618 3649 3658
f 3648 3651 3649
f 3648 3650 3651
f 3649 3662 3658
f 3649 3651 3662
f 3631 3632 3653
f 3631 3653 3652
f 3632 3633 3654
f 3632 3654 3653
f 3652 3653 3656
f 3652 3656 3655
f 3653 3654 3657
f 3653 3657 3656
f 3644 3659 3645
f 3644 3658 3659
f 3633 3646 3660
f 3633 3660 3654
f 3645 3661 3647
f 3646 3647 3661
f 3645 3659 3661
f 3646 3661 3660
f 3658 3663 3659
f 3658 3662 3663
f 3654 3660 3664
f 3654 3664 3657
f 3659 3665 3661
f 3660 3661 3665
f 3659 3663 3665
f 3660 3665 3664
f 3563 3667 3564
f 3563 3666 3667
f 3564 3670 3567
f 3564 3667 3670
f 3666 3669 3667
f 3666 3668 3669
f 3667 3672 3670
f 3667 3669 3672
f 3567 3671 3568
f 3567 3670 3671
f 3568 3698 3650
f 3568 3671 3698
f 3670 3673 3671
f 3670 3672 3673
f 3671 3700 3698
f 3671 3673 3700
f 3668 3675 3669
f 3668 3674 3675
f 3669 3678 3672
f 3669 3675 3678
f 3674 3677 3675
f 3674 3676 3677
f 3675 3680 3678
f 3675 3677 3680
f 3672 3679 3673
f 3672 3678 3679
f 3673 3716 3700
f 3673 3679 3716
f 3678 3681 3679
f 3678 3680 3681
f 3679 3718 3716
f 3679 3681 3718
f 3599 3600 3683
f 3599 3683 3682
f 3600 3603 3686
f 3600 3686 3683
f 3682 3683 3685
f 3682 3685 3684
f 3683 3686 3688
f 3683 3688 3685
f 3603 3604 3687
f 3603 3687 3686
f 3604 3655 3702
f 3604 3702 3687
f 3686 3687 3689
f 3686 3689 3688
f 3687 3702 3705
f 3687 3705 3689
f 3684 3685 3691
f 3684 3691 3690
f 3685 3688 3694
f 3685 3694 3691
f 3690 3691 3693
f 3690 3693 3692
f 3691 3694 3696
f 3691 3696 3693
f 3688 3689 3695
f 3688 3695 3694
f 3689 3705 3720
f 3689 3720 3695
f 3694 3695 3697
f 3694 3697 3696
f 3695 3720 3723
f 3695 3723 3697
f 3650 3699 3651
f 3650 3698 3699
f 3651 3708 3662
f 3651 3699 3708
f 3698 3701 3699
f 3698 3700 3701
f 3699 3712 3708
f 3699 3701 3712
f 3655 3656 3703
f 3655 3703 3702
f 3656 3657 3704
f 3656 3704 3703
f 3702 3703 3706
f 3702 3706 3705
f 3703 3704 3707
f 3703 3707 3706
f 3662 3709 3663
f 3662 3708 3709
f 3657 3664 3710
f 3657 3710 3704
f 3663 3711 3665
f 3664 3665 3711
f 3663 3709 3711
f 3664 3711 3710
f 3708 3713 3709
f 3708 3712 3713
f 3704 3710 3714
f 3704 3714 3707
f 3709 3715 3711
f 3710 3711 3715
f 3709 3713 3715
f 3710 3715 3714
f 3700 3717 3701
f 3700 3716 3717
f 3701 3726 3712
f 3701 3717 3726
f 3716 3719 3717
f 3716 3718 3719
f 3717 3730 3726
f 3717 3719 3730
f 3705 3706 3721
f 3705 3721 3720
f 3706 3707 3722
f 3706 3722 3721
f 3720 3721 3724
f 3720 3724 3723
f 3721 3722 3725
f 3721 3725 3724
f 3712 3727 3713
f 3712 3726 3727
f 3707 3714 3728
f 3707 3728 3722
f 3713 3729 3715
f 3714 3715 3729
f 3713 3727 3729
f 3714 3729 3728
f 3726 3731 3727
f 3726 3730 3731
f 3722 3728 3732
f 3722 3732 3725
f 3727 3733 3729
f 3728 3729 3733
f 3727 3731 3733
f 3728 3733 3732
f 3359 3750 3360
f 3359 3749 3750
f 3360 3753 3363
f 3360 3750 3753
f 3749 3752 3750
f 3749 3751 3752
f 3750 3755 3753
f 3750 3752 3755
f 3363 3754 3364
f 3363 3753 3754
f 3364 3765 3375
f 3364 3754 3765
f 3753 3756 3754
f 3753 3755 3756
f 3754 3767 3765
f 3754 3756 3767
f 3751 3758 3752
f 3751 3757 3758
f 3752 3761 3755
f 3752 3758 3761
f 3757 3760 3758
f 3757 3759 3760
f 3758 3763 3761
f 3758 3760 3763
f 3755 3762 3756
f 3755 3761 3762
f 3756 3773 3767
f 3756 3762 3773
f 3761 3764 3762
f 3761 3763 3764
f 3762 3775 3773
f 3762 3764 3775
f 3375 3766 3376
f 3375 3765 3766
f 3376 3769 3379
f 3376 3766 3769
f 3765 3768 3766
f 3765 3767 3768
f 3766 3771 3769
f 3766 3768 3771
f 3379 3770 3380
f 3379 3769 3770
f 3380 3877 3676
f 3380 3770 3877
f 3769 3772 3770
f 3769 3771 3772
f 3770 3879 3877
f 3770 3772 3879
f 3767 3774 3768
f 3767 3773 3774
f 3768 3777 3771
f 3768 3774 3777
f 3773 3776 3774
f 3773 3775 3776
f 3774 3779 3777
f 3774 3776 3779
f 3771 3778 3772
f 3771 3777 3778
f 3772 3885 3879
f 3772 3778 3885
f 3777 3780 3778
f 3777 3779 3780
f 3778 3887 3885
f 3778 3780 3887
f 3759 3782 3760
f 3759 3781 3782
f 3760 3785 3763
f 3760 3782 3785
f 3781 3784 3782
f 3781 3783 3784
f 3782 3787 3785
f 3782 3784 3787
f 3763 3786 3764
f 3763 3785 3786
f 3764 3797 3775
f 3764 3786 3797
f 3785 3788 3786
f 3785 3787 3788
f 3786 3799 3797
f 3786 3788 3799
f 3783 3790 3784
f 3783 3789 3790
f 3784 3793 3787
f 3784 3790 3793
f 3789 3792 3790
f 3789 3791 3792
f 3790 3795 3793
f 3790 3792 3795
f 3787 3794 3788
f 3787 3793 3794
f 3788 3805 3799
f 3788 3794 3805
f 3793 3796 3794
f 3793 3795 3796
f 3794 3807 3805
f 3794 3796 3807
f 3775 3798 3776
f 3775 3797 3798
f 3776 3801 3779
f 3776 3798 3801
f 3797 3800 3798
f 3797 3799 3800
f 3798 3803 3801
f 3798 3800 3803
f 3779 3802 3780
f 3779 3801 3802
f 3780 3945 3887
f 3780 3802 3945
f 3801 3804 3802
f 3801 3803 3804
f 3802 3947 3945
f 3802 3804 3947
f 3799 3806 3800
f 3799 3805 3806
f 3800 3809 3803
f 3800 3806 3809
f 3805 3808 3806
f 3805 3807 3808
f 3806 3811 3809
f 3806 3808 3811
f 3803 3810 3804
f 3803 3809 3810
f 3804 3953 3947
f 3804 3810 3953
f 3809 3812 3810
f 3809 3811 3812
f 3810 3955 3953
f 3810 3812 3955
f 3495 3496 3814
f 3495 3814 3813
f 3496 3499 3817
f 3496 3817 3814
f 3813 3814 3816
f 3813 3816 3815
f 3814 3817 3819
f 3814 3819 3816
f 3499 3500 3818
f 3499 3818 3817
f 3500 3512 3829
f 3500 3829 3818
f 3817 3818 3820
f 3817 3820 3819
f 3818 3829 3832
f 3818 3832 3820
f 3815 3816 3822
f 3815 3822 3821
f 3816 3819 3825
f 3816 3825 3822
f 3821 3822 3824
f 3821 3824 3823
f 3822 3825 3827
f 3822 3827 3824
f 3819 3820 3826
f 3819 3826 3825
f 3820 3832 3837
f 3820 3837 3826
f 3825 3826 3828
f 3825 3828 3827
f 3826 3837 3840
f 3826 3840 3828
f 3512 3513 3830
f 3512 3830 3829
f 3513 3514 3831
f 3513 3831 3830
f 3829 3830 3833
f 3829 3833 3832
f 3830 3831 3834
f 3830 3834 3833
f 3514 3516 3835
f 3514 3835 3831
f 3516 3692 3893
f 3516 3893 3835
f 3831 3835 3836
f 3831 3836 3834
f 3835 3893 3895
f 3835 3895 3836
f 3832 3833 3838
f 3832 3838 3837
f 3833 3834 3839
f 3833 3839 3838
f 3837 3838 3841
f 3837 3841 3840
f 3838 3839 3842
f 3838 3842 3841
f 3834 3836 3843
f 3834 3843 3839
f 3836 3895 3901
f 3836 3901 3843
f 3839 3843 3844
f 3839 3844 3842
f 3843 3901 3903
f 3843 3903 3844
f 3823 3824 3846
f 3823 3846 3845
f 3824 3827 3849
f 3824 3849 3846
f 3845 3846 3848
f 3845 3848 3847
f 3846 3849 3851
f 3846 3851 3848
f 3827 3828 3850
f 3827 3850 3849
f 3828 3840 3861
f 3828 3861 3850
f 3849 3850 3852
f 3849 3852 3851
f 3850 3861 3864
f 3850 3864 3852
f 3847 3848 3854
f 3847 3854 3853
f 3848 3851 3857
f 3848 3857 3854
f 3853 3854 3856
f 3853 3856 3855
f 3854 3857 3859
f 3854 3859 3856
f 3851 3852 3858
f 3851 3858 3857
f 3852 3864 3869
f 3852 3869 3858
f 3857 3858 3860
f 3857 3860 3859
f 3858 3869 3872
f 3858 3872 3860
f 3840 3841 3862
f 3840 3862 3861
f 3841 3842 3863
f 3841 3863 3862
f 3861 3862 3865
f 3861 3865 3864
f 3862 3863 3866
f 3862 3866 3865
f 3842 3844 3867
f 3842 3867 3863
f 3844 3903 3961
f 3844 3961 3867
f 3863 3867 3868
f 3863 3868 3866
f 3867 3961 3963
f 3867 3963 3868
f 3864 3865 3870
f 3864 3870 3869
f 3865 3866 3871
f 3865 3871 3870
f 3869 3870 3873
f 3869 3873 3872
f 3870 3871 3874
f 3870 3874 3873
f 3866 3868 3875
f 3866 3875 3871
f 3868 3963 3969
f 3868 3969 3875
f 3871 3875 3876
f 3871 3876 3874
f 3875 3969 3971
f 3875 3971 3876
f 3676 3878 3677
f 3676 3877 3878
f 3677 3881 3680
f 3677 3878 3881
f 3877 3880 3878
f 3877 3879 3880
f 3878 3883 3881
f 3878 3880 3883
f 3680 3882 3681
f 3680 3881 3882
f 3681 3909 3718
f 3681 3882 3909
f 3881 3884 3882
f 3881 3883 3884
f 3882 3911 3909
f 3882 3884 3911
f 3879 3886 3880
f 3879 3885 3886
f 3880 3889 3883
f 3880 3886 3889
f 3885 3888 3886
f 3885 3887 3888
f 3886 3891 3889
f 3886 3888 3891
f 3883 3890 3884
f 3883 3889 3890
f 3884 3927 3911
f 3884 3890 3927
f 3889 3892 3890
f 3889 3891 3892
f 3890 3929 3927
f 3890 3892 3929
f 3692 3693 3894
f 3692 3894 3893
f 3693 3696 3897
f 3693 3897 3894
f 3893 3894 3896
f 3893 3896 3895
f 3894 3897 3899
f 3894 3899 3896
f 3696 3697 3898
f 3696 3898 3897
f 3697 3723 3913
f 3697 3913 3898
f 3897 3898 3900
f 3897 3900 3899
f 3898 3913 3916
f 3898 3916 3900
f 3895 3896 3902
f 3895 3902 3901
f 3896 3899 3905
f 3896 3905 3902
f 3901 3902 3904
f 3901 3904 3903
f 3902 3905 3907
f 3902 3907 3904
f 3899 3900 3906
f 3899 3906 3905
f 3900 3916 3931
f 3900 3931 3906
f 3905 3906 3908
f 3905 3908 3907
f 3906 3931 3934
f 3906 3934 3908
f 3718 3910 3719
f 3718 3909 3910
f 3719 3919 3730
f 3719 3910 3919
f 3909 3912 3910
f 3909 3911 3912
f 3910 3923 3919
f 3910 3912 3923
f 3723 3724 3914
f 3723 3914 3913
f 3724 3725 3915
f 3724 3915 3914
f 3913 3914 3917
f 3913 3917 3916
f 3914 3915 3918
f 3914 3918 3917
f 3730 3920 3731
f 3730 3919 3920
f 3725 3732 3921
f 3725 3921 3915
f 3731 3922 3733
f 3732 3733 3922
f 3731 3920 3922
f 3732 3922 3921
f 3919 3924 3920
f 3919 3923 3924
f 3915 3921 3925
f 3915 3925 3918
f 3920 3926 3922
f 3921 3922 3926
f 3920 3924 3926
f 3921 3926 3925
f 3911 3928 3912
f 3911 3927 3928
f 3912 3937 3923
f 3912 3928 3937
f 3927 3930 3928
f 3927 3929 3930
f 3928 3941 3937
f 3928 3930 3941
f 3916 3917 3932
f 3916 3932 3931
f 3917 3918 3933
f 3917 3933 3932
f 3931 3932 3935
f 3931 3935 3934
f 3932 3933 3936
f 3932 3936 3935
f 3923 3938 3924
f 3923 3937 3938
f 3918 3925 3939
f 3918 3939 3933
f 3924 3940 3926
f 3925 3926 3940
f 3924 3938 3940
f 3925 3940 3939
f 3937 3942 3938
f 3937 3941 3942
f 3933 3939 3943
f 3933 3943 3936
f 3938 3944 3940
f 3939 3940 3944
f 3938 3942 3944
f 3939 3944 3943
f 3887 3946 3888
f 3887 3945 3946
f 3888 3949 3891
f 3888 3946 3949
f 3945 3948 3946
f 3945 3947 3948
f 3946 3951 3949
f 3946 3948 3951
f 3891 3950 3892
f 3891 3949 3950
f 3892 3977 3929
f 3892 3950 3977
f 3949 3952 3950
f 3949 3951 3952
f 3950 3979 3977
f 3950 3952 3979
f 3947 3954 3948
f 3947 3953 3954
f 3948 3957 3951
f 3948 3954 3957
f 3953 3956 3954
f 3953 3955 3956
f 3954 3959 3957
f 3954 3956 3959
f 3951 3958 3952
f 3951 3957 3958
f 3952 3995 3979
f 3952 3958 3995
f 3957 3960 3958
f 3957 3959 3960
f 3958 3997 3995
f 3958 3960 3997
f 3903 3904 3962
f 3903 3962 3961
f 3904 3907 3965
f 3904 3965 3962
f 3961 3962 3964
f 3961 3964 3963
f 3962 3965 3967
f 3962 3967 3964
f 3907 3908 3966
f 3907 3966 3965
f 3908 3934 3981
f 3908 3981 3966
f 3965 3966 3968
f 3965 3968 3967
f 3966 3981 3984
f 3966 3984 3968
f 3963 3964 3970
f 3963 3970 3969
f 3964 3967 3973
f 3964 3973 3970
f 3969 3970 3972
f 3969 3972 3971
f 3970 3973 3975
f 3970 3975 3972
f 3967 3968 3974
f 3967 3974 3973
f 3968 3984 3999
f 3968 3999 3974
f 3973 3974 3976
f 3973 3976 3975
f 3974 3999 4002
f 3974 4002 3976
f 3929 3978 3930
f 3929 3977 3978
f 3930 3987 3941
f 3930 3978 3987
f 3977 3980 3978
f 3977 3979 3980
f 3978 3991 3987
f 3978 3980 3991
f 3934 3935 3982
f 3934 3982 3981
f 3935 3936 3983
f 3935 3983 3982
f 3981 3982 3985
f 3981 3985 3984
f 3982 3983 3986
f 3982 3986 3985
f 3941 3988 3942
f 3941 3987 3988
f 3936 3943 3989
f 3936 3989 3983
f 3942 3990 3944
f 3943 3944 3990
f 3942 3988 3990
f 3943 3990 3989
f 3987 3992 3988
f 3987 3991 3992
f 3983 3989 3993
f 3983 3993 3986
f 3988 3994 3990
f 3989 3990 3994
f 3988 3992 3994
f 3989 3994 3993
f 3979 3996 3980
f 3979 3995 3996
f 3980 4005 3991
f 3980 3996 4005
f 3995 3998 3996
f 3995 3997 3998
f 3996 4009 4005
f 3996 3998 4009
f 3984 3985 4000
f 3984 4000 3999
f 3985 3986 4001
f 3985 4001 4000
f 3999 4000 4003
f 3999 4003 4002
f 4000 4001 4004
f 4000 4004 4003
f 3991 4006 3992
f 3991 4005 4006
f 3986 3993 4007
f 3986 4007 4001
f 3992 4008 3994
f 3993 3994 4008
f 3992 4006 4008
f 3993 4008 4007
f 4005 4010 4006
f 4005 4009 4010
f 4001 4007 4011
f 4001 4011 4004
f 4006 4012 4008
f 4007 4008 4012
f 4006 4010 4012
f 4007 4012 4011
f 772 4013 774
f 772 773 4013
f 774 4013 4015
f 773 4014 4013
f 774 4015 778
f 778 4015 4021
f 773 775 4014
f 775 4016 4014
f 4013 4017 4015
f 4013 4014 4017
f 4015 4017 4019
f 4014 4018 4017
f 4015 4019 4021
f 4019 4023 4021
f 4014 4016 4018
f 4016 4020 4018
f 778 4021 779
f 779 4021 4022
f 779 4022 792
f 792 4022 4041
f 4021 4023 4022
f 4022 4023 4024
f 4022 4024 4041
f 4024 4043 4041
f 775 781 4016
f 781 4025 4016
f 781 813 4025
f 813 4057 4025
f 4016 4025 4020
f 4020 4025 4026
f 4025 4057 4026
f 4026 4057 4061
f 4017 4027 4019
f 4017 4018 4027
f 4019 4027 4029
f 4018 4028 4027
f 4019 4029 4023
f 4023 4029 4035
f 4018 4020 4028
f 4020 4030 4028
f 4027 4031 4029
f 4027 4028 4031
f 4029 4031 4033
f 4028 4032 4031
f 4029 4033 4035
f 4033 4037 4035
f 4028 4030 4032
f 4030 4034 4032
f 4023 4035 4024
f 4024 4035 4036
f 4024 4036 4043
f 4036 4049 4043
f 4035 4037 4036
f 4036 4037 4038
f 4036 4038 4049
f 4038 4051 4049
f 4020 4026 4030
f 4026 4039 4030
f 4026 4061 4039
f 4039 4061 4067
f 4030 4039 4034
f 4034 4039 4040
f 4039 4067 4040
f 4040 4067 4078
f 792 4041 793
f 793 4041 4042
f 793 4042 796
f 796 4042 4045
f 4041 4043 4042
f 4042 4043 4044
f 4042 4044 4045
f 4044 4047 4045
f 796 4045 797
f 797 4045 4046
f 797 4046 926
f 926 4046 4177
f 4045 4047 4046
f 4046 4047 4048
f 4046 4048 4177
f 4048 4179 4177
f 4043 4049 4044
f 4044 4049 4050
f 4044 4050 4047
f 4047 4050 4053
f 4049 4051 4050
f 4050 4051 4052
f 4050 4052 4053
f 4052 4055 4053
f 4047 4053 4048
f 4048 4053 4054
f 4048 4054 4179
f 4054 4185 4179
f 4053 4055 4054
f 4054 4055 4056
f 4054 4056 4185
f 4056 4187 4185
f 813 814 4057
f 814 4058 4057
f 814 817 4059
f 814 4059 4060
f 814 4060 4058
f 4058 4060 4063
f 4057 4058 4061
f 4058 4062 4061
f 4058 4063 4064
f 4058 4064 4062
f 4062 4064 4069
f 4061 4062 4067
f 4062 4076 4067
f 4062 4074 4076
f 4062 4069 4070
f 4062 4072 4073
f 4062 4070 4072
f 4062 4073 4074
f 4067 4076 4078
f 4078 4076 4077
f 4078 4077 4080
f 4078 4080 4079
f 4031 4097 4033
f 4031 4032 4097
f 4033 4097 4099
f 4032 4098 4097
f 4033 4099 4037
f 4037 4099 4105
f 4032 4034 4098
f 4034 4100 4098
f 4097 4101 4099
f 4097 4098 4101
f 4099 4101 4103
f 4098 4102 4101
f 4099 4103 4105
f 4103 4107 4105
f 4098 4100 4102
f 4100 4104 4102
f 4037 4105 4038
f 4038 4105 4106
f 4038 4106 4051
f 4051 4106 4125
f 4105 4107 4106
f 4106 4107 4108
f 4106 4108 4125
f 4108 4127 4125
f 4034 4040 4100
f 4040 4109 4100
f 4040 4078 4109
f 4078 4141 4109
f 4100 4109 4104
f 4104 4109 4110
f 4109 4141 4110
f 4110 4141 4148
f 4101 4111 4103
f 4101 4102 4111
f 4103 4111 4113
f 4102 4112 4111
f 4103 4113 4107
f 4107 4113 4119
f 4102 4104 4112
f 4104 4114 4112
f 4111 4115 4113
f 4111 4112 4115
f 4113 4115 4117
f 4112 4116 4115
f 4113 4117 4119
f 4117 4121 4119
f 4112 4114 4116
f 4114 4118 4116
f 4107 4119 4108
f 4108 4119 4120
f 4108 4120 4127
f 4120 4133 4127
f 4119 4121 4120
f 4120 4121 4122
f 4120 4122 4133
f 4122 4135 4133
f 4104 4110 4114
f 4110 4123 4114
f 4110 4148 4123
f 4123 4148 4155
f 4114 4123 4118
f 4118 4123 4124
f 4123 4155 4124
f 4124 4155 4160
f 4051 4125 4052
f 4052 4125 4126
f 4052 4126 4055
f 4055 4126 4129
f 4125 4127 4126
f 4126 4127 4128
f 4126 4128 4129
f 4128 4131 4129
f 4055 4129 4056
f 4056 4129 4130
f 4056 4130 4187
f 4130 4225 4187
f 4129 4131 4130
f 4130 4131 4132
f 4130 4132 4225
f 4132 4227 4225
f 4127 4133 4128
f 4128 4133 4134
f 4128 4134 4131
f 4131 4134 4137
f 4133 4135 4134
f 4134 4135 4136
f 4134 4136 4137
f 4136 4139 4137
f 4131 4137 4132
f 4132 4137 4138
f 4132 4138 4227
f 4138 4233 4227
f 4137 4139 4138
f 4138 4139 4140
f 4138 4140 4233
f 4140 4235 4233
f 4078 4079 4142
f 4078 4142 4141
f 4141 4142 4143
f 4141 4143 4147
f 4141 4147 4149
f 4141 4149 4148
f 4148 4149 4152
f 4148 4152 4150
f 4148 4150 4155
f 4150 4156 4155
f 4150 4152 4158
f 4150 4158 4159
f 4150 4159 4156
f 4155 4156 4160
f 4156 4161 4160
f 4156 4159 4162
f 4156 4162 4161
f 4161 4162 4406
f 926 4177 927
f 927 4177 4178
f 927 4178 930
f 930 4178 4181
f 4177 4179 4178
f 4178 4179 4180
f 4178 4180 4181
f 4180 4183 4181
f 930 4181 931
f 931 4181 4182
f 931 4182 942
f 942 4182 4193
f 4181 4183 4182
f 4182 4183 4184
f 4182 4184 4193
f 4184 4195 4193
f 4179 4185 4180
f 4180 4185 4186
f 4180 4186 4183
f 4183 4186 4189
f 4185 4187 4186
f 4186 4187 4188
f 4186 4188 4189
f 4188 4191 4189
f 4183 4189 4184
f 4184 4189 4190
f 4184 4190 4195
f 4190 4201 4195
f 4189 4191 4190
f 4190 4191 4192
f 4190 4192 4201
f 4192 4203 4201
f 942 4193 943
f 943 4193 4194
f 943 4194 946
f 946 4194 4197
f 4193 4195 4194
f 4194 4195 4196
f 4194 4196 4197
f 4196 4199 4197
f 946 4197 947
f 947 4197 4198
f 947 4198 1730
f 1730 4198 5007
f 4197 4199 4198
f 4198 4199 4200
f 4198 4200 5007
f 4200 5009 5007
f 4195 4201 4196
f 4196 4201 4202
f 4196 4202 4199
f 4199 4202 4205
f 4201 4203 4202
f 4202 4203 4204
f 4202 4204 4205
f 4204 4207 4205
f 4199 4205 4200
f 4200 4205 4206
f 4200 4206 5009
f 4206 5015 5009
f 4205 4207 4206
f 4206 4207 4208
f 4206 4208 5015
f 4208 5017 5015
f 4187 4225 4188
f 4188 4225 4226
f 4188 4226 4191
f 4191 4226 4229
f 4225 4227 4226
f 4226 4227 4228
f 4226 4228 4229
f 4228 4231 4229
f 4191 4229 4192
f 4192 4229 4230
f 4192 4230 4203
f 4203 4230 4241
f 4229 4231 4230
f 4230 4231 4232
f 4230 4232 4241
f 4232 4243 4241
f 4227 4233 4228
f 4228 4233 4234
f 4228 4234 4231
f 4231 4234 4237
f 4233 4235 4234
f 4234 4235 4236
f 4234 4236 4237
f 4236 4239 4237
f 4231 4237 4232
f 4232 4237 4238
f 4232 4238 4243
f 4238 4249 4243
f 4237 4239 4238
f 4238 4239 4240
f 4238 4240 4249
f 4240 4251 4249
f 4203 4241 4204
f 4204 4241 4242
f 4204 4242 4207
f 4207 4242 4245
f 4241 4243 4242
f 4242 4243 4244
f 4242 4244 4245
f 4244 4247 4245
f 4207 4245 4208
f 4208 4245 4246
f 4208 4246 5017
f 4246 5075 5017
f 4245 4247 4246
f 4246 4247 4248
f 4246 4248 5075
f 4248 5077 5075
f 4243 4249 4244
f 4244 4249 4250
f 4244 4250 4247
f 4247 4250 4253
f 4249 4251 4250
f 4250 4251 4252
f 4250 4252 4253
f 4252 4255 4253
f 4247 4253 4248
f 4248 4253 4254
f 4248 4254 5077
f 4254 5083 5077
f 4253 4255 4254
f 4254 4255 4256
f 4254 4256 5083
f 4256 5085 5083
f 5996 4297 4296
f 5996 4295 4297
f 4115 4360 4117
f 4115 4116 4360
f 4117 4360 4362
f 4116 4361 4360
f 4117 4362 4121
f 4121 4362 4368
f 4116 4118 4361
f 4118 4363 4361
f 4360 4364 4362
f 4360 4361 4364
f 4362 4364 4366
f 4361 4365 4364
f 4362 4366 4368
f 4366 4370 4368
f 4361 4363 4365
f 4363 4367 4365
f 4121 4368 4122
f 4122 4368 4369
f 4122 4369 4135
f 4135 4369 4388
f 4368 4370 4369
f 4369 4370 4371
f 4369 4371 4388
f 4371 4390 4388
f 4118 4124 4363
f 4124 4372 4363
f 4124 4160 4372
f 4160 4404 4372
f 4363 4372 4367
f 4367 4372 4373
f 4372 4404 4373
f 4373 4404 4411
f 4364 4374 4366
f 4364 4365 4374
f 4366 4374 4376
f 4365 4375 4374
f 4366 4376 4370
f 4370 4376 4382
f 4365 4367 4375
f 4367 4377 4375
f 4374 4378 4376
f 4374 4375 4378
f 4376 4378 4380
f 4375 4379 4378
f 4376 4380 4382
f 4380 4384 4382
f 4375 4377 4379
f 4377 4381 4379
f 4370 4382 4371
f 4371 4382 4383
f 4371 4383 4390
f 4383 4396 4390
f 4382 4384 4383
f 4383 4384 4385
f 4383 4385 4396
f 4385 4398 4396
f 4367 4373 4377
f 4373 4386 4377
f 4373 4411 4386
f 4386 4411 4421
f 4377 4386 4381
f 4381 4386 4387
f 4386 4421 4387
f 4387 4421 4424
f 4135 4388 4136
f 4136 4388 4389
f 4136 4389 4139
f 4139 4389 4392
f 4388 4390 4389
f 4389 4390 4391
f 4389 4391 4392
f 4391 4394 4392
f 4139 4392 4140
f 4140 4392 4393
f 4140 4393 4235
f 4235 4393 4560
f 4392 4394 4393
f 4393 4394 4395
f 4393 4395 4560
f 4395 4562 4560
f 4390 4396 4391
f 4391 4396 4397
f 4391 4397 4394
f 4394 4397 4400
f 4396 4398 4397
f 4397 4398 4399
f 4397 4399 4400
f 4399 4402 4400
f 4394 4400 4395
f 4395 4400 4401
f 4395 4401 4562
f 4401 4568 4562
f 4400 4402 4401
f 4401 4402 4403
f 4401 4403 4568
f 4403 4570 4568
f 4160 4161 4404
f 4161 4405 4404
f 4161 4406 4405
f 4405 4406 4407
f 4405 4407 4416
f 4405 4416 4408
f 4404 4405 4411
f 4405 4412 4411
f 4405 4408 4412
f 4408 4413 4412
f 4408 4416 4417
f 4408 4417 4413
f 4413 4417 4419
f 4413 4419 4420
f 4413 4420 4430
f 4411 4412 4421
f 4412 4422 4421
f 4412 4413 4422
f 4413 4423 4422
f 4421 4422 4424
f 4422 4425 4424
f 4422 4423 4425
f 4423 4426 4425
f 4413 4430 4423
f 4423 4430 4428
f 4428 4430 4431
f 4428 4431 4432
f 4428 4432 4433
f 4718 4433 4434
f 4428 4433 4718
f 4423 4428 4426
f 4426 4428 4437
f 4428 4718 4437
f 4437 4718 4729
f 4378 4451 4380
f 4378 4379 4451
f 4380 4451 4453
f 4379 4452 4451
f 4380 4453 4384
f 4384 4453 4459
f 4379 4381 4452
f 4381 4454 4452
f 4451 4455 4453
f 4451 4452 4455
f 4453 4455 4457
f 4452 4456 4455
f 4453 4457 4459
f 4457 4461 4459
f 4452 4454 4456
f 4454 4458 4456
f 4384 4459 4385
f 4385 4459 4460
f 4385 4460 4398
f 4398 4460 4488
f 4459 4461 4460
f 4460 4461 4462
f 4460 4462 4488
f 4462 4490 4488
f 4381 4387 4454
f 4387 4463 4454
f 4387 4424 4463
f 4424 4516 4463
f 4454 4463 4458
f 4458 4463 4464
f 4463 4516 4464
f 4464 4516 4519
f 4455 4465 4457
f 4455 4456 4465
f 4457 4465 4467
f 4456 4466 4465
f 4457 4467 4461
f 4461 4467 4475
f 4456 4458 4466
f 4458 4468 4466
f 4465 4469 4467
f 4465 4466 4469
f 4469 4470 4471
f 4467 4469 4471
f 4466 4470 4469
f 4470 4472 4471
f 4467 4471 4475
f 4471 4472 4477
f 4471 4477 4475
f 4472 4478 4477
f 4466 4468 4470
f 4470 4473 4472
f 4468 4473 4470
f 4472 4473 4474
f 4472 4474 4478
f 4474 4481 4478
f 4461 4475 4462
f 4462 4475 4476
f 4462 4476 4490
f 4476 4496 4490
f 4475 4477 4476
f 4477 4478 4479
f 4476 4477 4479
f 4478 4480 4479
f 4476 4479 4496
f 4479 4480 4498
f 4479 4498 4496
f 4480 4499 4498
f 4478 4481 4480
f 4480 4481 4482
f 4480 4482 4499
f 4482 4502 4499
f 4458 4464 4468
f 4464 4483 4468
f 4464 4519 4483
f 4483 4519 4524
f 4468 4483 4473
f 4473 4484 4474
f 4473 4483 4484
f 4474 4484 4485
f 4474 4485 4481
f 4481 4485 4486
f 4483 4524 4484
f 4484 4527 4485
f 4484 4524 4527
f 4485 4527 4529
f 4485 4529 4486
f 4486 4529 4533
f 4481 4486 4482
f 4482 4486 4487
f 4482 4487 4502
f 4487 4512 4502
f 4486 4533 4487
f 4487 4533 4535
f 4487 4535 4512
f 4512 4535 4544
f 4398 4488 4399
f 4399 4488 4489
f 4399 4489 4402
f 4402 4489 4492
f 4488 4490 4489
f 4489 4490 4491
f 4489 4491 4492
f 4491 4494 4492
f 4402 4492 4403
f 4403 4492 4493
f 4403 4493 4570
f 4493 4607 4570
f 4492 4494 4493
f 4493 4494 4495
f 4493 4495 4607
f 4495 4609 4607
f 4490 4496 4491
f 4491 4496 4497
f 4491 4497 4494
f 4494 4497 4504
f 4496 4498 4497
f 4498 4499 4500
f 4497 4498 4500
f 4499 4501 4500
f 4497 4500 4504
f 4500 4501 4506
f 4500 4506 4504
f 4501 4507 4506
f 4499 4502 4501
f 4501 4502 4503
f 4501 4503 4507
f 4503 4510 4507
f 4494 4504 4495
f 4495 4504 4505
f 4495 4505 4609
f 4505 4615 4609
f 4504 4506 4505
f 4506 4507 4508
f 4505 4506 4508
f 4507 4509 4508
f 4505 4508 4615
f 4508 4509 4617
f 4508 4617 4615
f 4509 4618 4617
f 4507 4510 4509
f 4509 4510 4511
f 4509 4511 4618
f 4511 4621 4618
f 4502 4512 4503
f 4503 4512 4513
f 4503 4513 4510
f 4510 4513 4514
f 4512 4544 4513
f 4513 4544 4546
f 4513 4546 4514
f 4514 4546 4550
f 4510 4514 4511
f 4511 4514 4515
f 4511 4515 4621
f 4515 4631 4621
f 4514 4550 4515
f 4515 4550 4552
f 4515 4552 4631
f 4552 4663 4631
f 4424 4425 4516
f 4425 4517 4516
f 4425 4426 4517
f 4426 4518 4517
f 4516 4517 4519
f 4517 4520 4519
f 4517 4518 4520
f 4518 4521 4520
f 4426 4437 4518
f 4437 4522 4518
f 4437 4729 4522
f 4522 4729 4813
f 4518 4522 4521
f 4521 4522 4523
f 4522 4813 4523
f 4523 4813 4815
f 4519 4520 4524
f 4520 4525 4524
f 4520 4521 4525
f 4521 4526 4525
f 4524 4525 4527
f 4527 4528 4529
f 4525 4528 4527
f 4528 4530 4529
f 4529 4530 4533
f 4530 4534 4533
f 4525 4526 4528
f 4528 4531 4530
f 4526 4531 4528
f 4530 4531 4532
f 4530 4532 4534
f 4532 4537 4534
f 4533 4534 4535
f 4534 4536 4535
f 4535 4536 4544
f 4536 4545 4544
f 4534 4537 4536
f 4536 4537 4538
f 4536 4538 4545
f 4538 4548 4545
f 4521 4523 4526
f 4523 4539 4526
f 4523 4815 4539
f 4539 4815 4821
f 4526 4539 4531
f 4531 4540 4532
f 4531 4539 4540
f 4532 4540 4541
f 4532 4541 4537
f 4537 4541 4542
f 4539 4821 4540
f 4540 4823 4541
f 4540 4821 4823
f 4541 4823 4825
f 4541 4825 4542
f 4542 4825 4827
f 4537 4542 4538
f 4538 4542 4543
f 4538 4543 4548
f 4543 4556 4548
f 4542 4827 4543
f 4543 4827 4829
f 4543 4829 4556
f 4556 4829 4841
f 4544 4545 4546
f 4545 4547 4546
f 4546 4547 4550
f 4547 4551 4550
f 4545 4548 4547
f 4547 4548 4549
f 4547 4549 4551
f 4549 4554 4551
f 4550 4551 4552
f 4551 4553 4552
f 4552 4553 4663
f 4553 4664 4663
f 4551 4554 4553
f 4553 4554 4555
f 4553 4555 4664
f 4555 4667 4664
f 4548 4556 4549
f 4549 4556 4557
f 4549 4557 4554
f 4554 4557 4558
f 4556 4841 4557
f 4557 4841 4843
f 4557 4843 4558
f 4558 4843 4845
f 4554 4558 4555
f 4555 4558 4559
f 4555 4559 4667
f 4559 4675 4667
f 4558 4845 4559
f 4559 4845 4847
f 4559 4847 4675
f 4675 4847 4943
f 4235 4560 4236
f 4236 4560 4561
f 4236 4561 4239
f 4239 4561 4564
f 4560 4562 4561
f 4561 4562 4563
f 4561 4563 4564
f 4563 4566 4564
f 4239 4564 4240
f 4240 4564 4565
f 4240 4565 4251
f 4251 4565 4576
f 4564 4566 4565
f 4565 4566 4567
f 4565 4567 4576
f 4567 4578 4576
f 4562 4568 4563
f 4563 4568 4569
f 4563 4569 4566
f 4566 4569 4572
f 4568 4570 4569
f 4569 4570 4571
f 4569 4571 4572
f 4571 4574 4572
f 4566 4572 4567
f 4567 4572 4573
f 4567 4573 4578
f 4573 4584 4578
f 4572 4574 4573
f 4573 4574 4575
f 4573 4575 4584
f 4575 4586 4584
f 4251 4576 4252
f 4252 4576 4577
f 4252 4577 4255
f 4255 4577 4580
f 4576 4578 4577
f 4577 4578 4579
f 4577 4579 4580
f 4579 4582 4580
f 4255 4580 4256
f 4256 4580 4581
f 4256 4581 5085
f 4581 5427 5085
f 4580 4582 4581
f 4581 4582 4583
f 4581 4583 5427
f 4583 5429 5427
f 4578 4584 4579
f 4579 4584 4585
f 4579 4585 4582
f 4582 4585 4588
f 4584 4586 4585
f 4585 4586 4587
f 4585 4587 4588
f 4587 4590 4588
f 4582 4588 4583
f 4583 4588 4589
f 4583 4589 5429
f 4589 5435 5429
f 4588 4590 4589
f 4589 4590 4591
f 4589 4591 5435
f 4591 5437 5435
f 4570 4607 4571
f 4571 4607 4608
f 4571 4608 4574
f 4574 4608 4611
f 4607 4609 4608
f 4608 4609 4610
f 4608 4610 4611
f 4610 4613 4611
f 4574 4611 4575
f 4575 4611 4612
f 4575 4612 4586
f 4586 4612 4635
f 4611 4613 4612
f 4612 4613 4614
f 4612 4614 4635
f 4614 4637 4635
f 4609 4615 4610
f 4610 4615 4616
f 4610 4616 4613
f 4613 4616 4623
f 4615 4617 4616
f 4617 4618 4619
f 4616 4617 4619
f 4618 4620 4619
f 4616 4619 4623
f 4619 4620 4625
f 4619 4625 4623
f 4620 4627 4625
f 4618 4621 4620
f 4620 4621 4622
f 4620 4622 4627
f 4622 4629 4627
f 4613 4623 4614
f 4614 4623 4624
f 4614 4624 4637
f 4624 4643 4637
f 4623 4625 4624
f 4625 4627 4626
f 4624 4625 4626
f 4626 4627 4628
f 4624 4626 4643
f 4626 4628 4645
f 4626 4645 4643
f 4628 4646 4645
f 4627 4629 4628
f 4628 4629 4630
f 4628 4630 4646
f 4630 4649 4646
f 4621 4631 4622
f 4622 4631 4632
f 4622 4632 4629
f 4629 4632 4633
f 4631 4663 4632
f 4632 4663 4665
f 4632 4665 4633
f 4633 4665 4669
f 4629 4633 4630
f 4630 4633 4634
f 4630 4634 4649
f 4634 4659 4649
f 4633 4669 4634
f 4634 4669 4670
f 4634 4670 4659
f 4659 4670 4679
f 4586 4635 4587
f 4587 4635 4636
f 4587 4636 4590
f 4590 4636 4639
f 4635 4637 4636
f 4636 4637 4638
f 4636 4638 4639
f 4638 4641 4639
f 4590 4639 4591
f 4591 4639 4640
f 4591 4640 5437
f 4640 5459 5437
f 4639 4641 4640
f 4640 4641 4642
f 4640 4642 5459
f 4642 5461 5459
f 4637 4643 4638
f 4638 4643 4644
f 4638 4644 4641
f 4641 4644 4651
f 4643 4645 4644
f 4645 4646 4647
f 4644 4645 4647
f 4646 4648 4647
f 4644 4647 4651
f 4647 4648 4653
f 4647 4653 4651
f 4648 4655 4653
f 4646 4649 4648
f 4648 4649 4650
f 4648 4650 4655
f 4650 4657 4655
f 4641 4651 4642
f 4642 4651 4652
f 4642 4652 5461
f 4652 5467 5461
f 4651 4653 4652
f 4653 4655 4654
f 4652 4653 4654
f 4654 4655 4656
f 4652 4654 5467
f 4654 4656 5469
f 4654 5469 5467
f 4656 5470 5469
f 4655 4657 4656
f 4656 4657 4658
f 4656 4658 5470
f 4658 5473 5470
f 4649 4659 4650
f 4650 4659 4660
f 4650 4660 4657
f 4657 4660 4661
f 4659 4679 4660
f 4660 4679 4681
f 4660 4681 4661
f 4661 4681 4685
f 4657 4661 4658
f 4658 4661 4662
f 4658 4662 5473
f 4662 5483 5473
f 4661 4685 4662
f 4662 4685 4686
f 4662 4686 5483
f 4686 5515 5483
f 4663 4664 4665
f 4664 4666 4665
f 4665 4666 4669
f 4666 4671 4669
f 4664 4667 4666
f 4666 4667 4668
f 4666 4668 4671
f 4668 4673 4671
f 4669 4671 4670
f 4670 4671 4672
f 4670 4672 4679
f 4672 4680 4679
f 4671 4673 4672
f 4672 4673 4674
f 4672 4674 4680
f 4674 4683 4680
f 4667 4675 4668
f 4668 4675 4676
f 4668 4676 4673
f 4673 4676 4677
f 4675 4943 4676
f 4676 4943 4945
f 4676 4945 4677
f 4677 4945 4947
f 4673 4677 4674
f 4674 4677 4678
f 4674 4678 4683
f 4678 4691 4683
f 4677 4947 4678
f 4678 4947 4948
f 4678 4948 4691
f 4691 4948 4959
f 4679 4680 4681
f 4680 4682 4681
f 4681 4682 4685
f 4682 4687 4685
f 4680 4683 4682
f 4682 4683 4684
f 4682 4684 4687
f 4684 4689 4687
f 4685 4687 4686
f 4686 4687 4688
f 4686 4688 5515
f 4688 5516 5515
f 4687 4689 4688
f 4688 4689 4690
f 4688 4690 5516
f 4690 5519 5516
f 4683 4691 4684
f 4684 4691 4692
f 4684 4692 4689
f 4689 4692 4693
f 4691 4959 4692
f 4692 4959 4961
f 4692 4961 4693
f 4693 4961 4963
f 4689 4693 4690
f 4690 4693 4694
f 4690 4694 5519
f 4694 5527 5519
f 4693 4963 4694
f 4694 4963 4964
f 4694 4964 5527
f 4964 5731 5527
f 4700 4695 4701
f 4698 4697 4696
f 4700 4697 4698
f 4700 4698 4695
f 4700 4706 4697
f 4706 4723 4697
f 4700 4701 4703
f 4700 4703 4706
f 4706 4703 4704
f 4706 4704 4708
f 4706 4708 4712
f 4712 4708 4709
f 4712 4709 4711
f 4712 4711 4773
f 4712 4773 4777
f 4718 4434 4716
f 4718 4716 4717
f 4718 4717 4721
f 4721 4717 4719
f 4706 4721 4726
f 4706 4726 4725
f 4706 4725 4723
f 4721 4724 4726
f 4721 4719 4724
f 4706 4737 4721
f 4718 4721 4729
f 4721 4730 4729
f 4721 4737 4730
f 4730 4737 4741
f 4706 4712 4737
f 4712 4740 4737
f 4712 4777 4740
f 4740 4777 4796
f 4737 4740 4741
f 4740 4742 4741
f 4740 4796 4742
f 4742 4796 4799
f 4772 4770 4771
f 4777 4773 4775
f 4777 4775 4776
f 4777 4776 4779
f 4777 4779 4781
f 4781 4779 4770
f 4772 4781 4770
f 4772 4782 4781
f 4772 4771 4787
f 4772 4787 4786
f 4772 4786 4791
f 4791 4786 4785
f 5996 4790 4295
f 4791 4790 5996
f 4791 4785 4790
f 4791 5996 6282
f 4772 4791 4782
f 4782 4791 4793
f 4791 6282 4793
f 4793 6282 6284
f 4777 4781 4796
f 4781 4797 4796
f 4781 4782 4797
f 4782 4798 4797
f 4796 4797 4799
f 4797 4800 4799
f 4797 4798 4800
f 4798 4801 4800
f 4782 4793 4798
f 4793 4802 4798
f 4793 6284 4802
f 4802 6284 6290
f 4798 4802 4801
f 4801 4802 4803
f 4802 6290 4803
f 4803 6290 6292
f 4729 4730 4813
f 4730 4814 4813
f 4730 4741 4814
f 4741 4817 4814
f 4813 4814 4815
f 4814 4816 4815
f 4814 4817 4816
f 4816 4817 4819
f 4741 4742 4817
f 4742 4818 4817
f 4742 4799 4818
f 4799 4857 4818
f 4817 4818 4819
f 4818 4820 4819
f 4818 4857 4820
f 4820 4857 4860
f 4815 4816 4821
f 4816 4822 4821
f 4816 4819 4822
f 4819 4831 4822
f 4821 4822 4823
f 4823 4824 4825
f 4822 4824 4823
f 4824 4826 4825
f 4825 4826 4827
f 4826 4828 4827
f 4822 4831 4824
f 4824 4833 4826
f 4824 4831 4833
f 4826 4833 4834
f 4826 4834 4828
f 4828 4834 4837
f 4827 4828 4829
f 4828 4830 4829
f 4829 4830 4841
f 4830 4842 4841
f 4828 4837 4830
f 4830 4837 4838
f 4830 4838 4842
f 4838 4849 4842
f 4819 4820 4831
f 4820 4832 4831
f 4820 4860 4832
f 4832 4860 4865
f 4831 4832 4833
f 4833 4835 4834
f 4832 4835 4833
f 4834 4835 4836
f 4834 4836 4837
f 4836 4839 4837
f 4832 4865 4835
f 4835 4868 4836
f 4835 4865 4868
f 4836 4868 4869
f 4836 4869 4839
f 4839 4869 4874
f 4837 4839 4838
f 4838 4839 4840
f 4838 4840 4849
f 4840 4851 4849
f 4839 4874 4840
f 4840 4874 4875
f 4840 4875 4851
f 4851 4875 4885
f 4841 4842 4843
f 4842 4844 4843
f 4843 4844 4845
f 4844 4846 4845
f 4842 4849 4844
f 4844 4849 4850
f 4844 4850 4846
f 4846 4850 4853
f 4845 4846 4847
f 4846 4848 4847
f 4847 4848 4943
f 4848 4944 4943
f 4846 4853 4848
f 4848 4853 4854
f 4848 4854 4944
f 4854 4951 4944
f 4849 4851 4850
f 4850 4851 4852
f 4850 4852 4853
f 4852 4855 4853
f 4851 4885 4852
f 4852 4885 4886
f 4852 4886 4855
f 4855 4886 4891
f 4853 4855 4854
f 4854 4855 4856
f 4854 4856 4951
f 4856 4953 4951
f 4855 4891 4856
f 4856 4891 4892
f 4856 4892 4953
f 4892 4975 4953
f 4799 4800 4857
f 4800 4858 4857
f 4800 4801 4858
f 4801 4859 4858
f 4857 4858 4860
f 4858 4861 4860
f 4858 4859 4861
f 4859 4862 4861
f 4801 4803 4859
f 4803 4863 4859
f 4803 6292 4863
f 4863 6292 6314
f 4859 4863 4862
f 4862 4863 4864
f 4863 6314 4864
f 4864 6314 6316
f 4860 4861 4865
f 4861 4866 4865
f 4861 4862 4866
f 4862 4867 4866
f 4865 4866 4868
f 4868 4870 4869
f 4866 4870 4868
f 4869 4870 4872
f 4869 4872 4874
f 4872 4876 4874
f 4866 4867 4870
f 4870 4871 4872
f 4867 4871 4870
f 4871 4873 4872
f 4872 4873 4876
f 4873 4877 4876
f 4874 4876 4875
f 4875 4876 4878
f 4875 4878 4885
f 4878 4887 4885
f 4876 4877 4878
f 4877 4879 4878
f 4878 4879 4887
f 4879 4888 4887
f 4862 4864 4867
f 4864 4880 4867
f 4864 6316 4880
f 4880 6316 6322
f 4867 4880 4871
f 4871 4881 4873
f 4871 4880 4881
f 4873 4881 4882
f 4873 4882 4877
f 4877 4882 4883
f 4880 6322 4881
f 4881 6324 4882
f 4881 6322 6324
f 4882 6324 6325
f 4882 6325 4883
f 4883 6325 6328
f 4877 4883 4879
f 4879 4883 4884
f 4879 4884 4888
f 4884 4897 4888
f 4883 6328 4884
f 4884 6328 6329
f 4884 6329 4897
f 4897 6329 6342
f 4885 4887 4886
f 4886 4887 4889
f 4886 4889 4891
f 4889 4893 4891
f 4887 4888 4889
f 4888 4890 4889
f 4889 4890 4893
f 4890 4894 4893
f 4891 4893 4892
f 4892 4893 4895
f 4892 4895 4975
f 4895 4977 4975
f 4893 4894 4895
f 4894 4896 4895
f 4895 4896 4977
f 4896 4978 4977
f 4888 4897 4890
f 4890 4897 4898
f 4890 4898 4894
f 4894 4898 4899
f 4897 6342 4898
f 4898 6342 6343
f 4898 6343 4899
f 4899 6343 6346
f 4894 4899 4896
f 4896 4899 4900
f 4896 4900 4978
f 4900 4987 4978
f 4899 6346 4900
f 4900 6346 6347
f 4900 6347 4987
f 4987 6347 6402
f 4943 4944 4945
f 4944 4946 4945
f 4945 4946 4947
f 4946 4949 4947
f 4944 4951 4946
f 4946 4951 4952
f 4946 4952 4949
f 4949 4952 4955
f 4947 4949 4948
f 4948 4949 4950
f 4948 4950 4959
f 4950 4960 4959
f 4949 4955 4950
f 4950 4955 4956
f 4950 4956 4960
f 4956 4967 4960
f 4951 4953 4952
f 4952 4953 4954
f 4952 4954 4955
f 4954 4957 4955
f 4953 4975 4954
f 4954 4975 4976
f 4954 4976 4957
f 4957 4976 4981
f 4955 4957 4956
f 4956 4957 4958
f 4956 4958 4967
f 4958 4969 4967
f 4957 4981 4958
f 4958 4981 4982
f 4958 4982 4969
f 4969 4982 4991
f 4959 4960 4961
f 4960 4962 4961
f 4961 4962 4963
f 4962 4965 4963
f 4960 4967 4962
f 4962 4967 4968
f 4962 4968 4965
f 4965 4968 4971
f 4963 4965 4964
f 4964 4965 4966
f 4964 4966 5731
f 4966 5732 5731
f 4965 4971 4966
f 4966 4971 4972
f 4966 4972 5732
f 4972 5739 5732
f 4967 4969 4968
f 4968 4969 4970
f 4968 4970 4971
f 4970 4973 4971
f 4969 4991 4970
f 4970 4991 4992
f 4970 4992 4973
f 4973 4992 4997
f 4971 4973 4972
f 4972 4973 4974
f 4972 4974 5739
f 4974 5741 5739
f 4973 4997 4974
f 4974 4997 4998
f 4974 4998 5741
f 4998 5763 5741
f 4975 4977 4976
f 4976 4977 4979
f 4976 4979 4981
f 4979 4983 4981
f 4977 4978 4979
f 4978 4980 4979
f 4979 4980 4983
f 4980 4985 4983
f 4981 4983 4982
f 4982 4983 4984
f 4982 4984 4991
f 4984 4993 4991
f 4983 4985 4984
f 4984 4985 4986
f 4984 4986 4993
f 4986 4994 4993
f 4978 4987 4980
f 4980 4987 4988
f 4980 4988 4985
f 4985 4988 4989
f 4987 6402 4988
f 4988 6402 6403
f 4988 6403 4989
f 4989 6403 6406
f 4985 4989 4986
f 4986 4989 4990
f 4986 4990 4994
f 4990 5003 4994
f 4989 6406 4990
f 4990 6406 6407
f 4990 6407 5003
f 5003 6407 6418
f 4991 4993 4992
f 4992 4993 4995
f 4992 4995 4997
f 4995 4999 4997
f 4993 4994 4995
f 4994 4996 4995
f 4995 4996 4999
f 4996 5001 4999
f 4997 4999 4998
f 4998 4999 5000
f 4998 5000 5763
f 5000 5765 5763
f 4999 5001 5000
f 5000 5001 5002
f 5000 5002 5765
f 5002 5766 5765
f 4994 5003 4996
f 4996 5003 5004
f 4996 5004 5001
f 5001 5004 5005
f 5003 6418 5004
f 5004 6418 6419
f 5004 6419 5005
f 5005 6419 6422
f 5001 5005 5002
f 5002 5005 5006
f 5002 5006 5766
f 5006 5775 5766
f 5005 6422 5006
f 5006 6422 6423
f 5006 6423 5775
f 5775 6423 7042
f 1730 5007 1731
f 1731 5007 5008
f 1731 5008 1734
f 1734 5008 5011
f 5007 5009 5008
f 5008 5009 5010
f 5008 5010 5011
f 5010 5013 5011
f 1734 5011 1735
f 1735 5011 5012
f 1735 5012 1747
f 1747 5012 5023
f 5011 5013 5012
f 5012 5013 5014
f 5012 5014 5023
f 5014 5026 5023
f 5009 5015 5010
f 5010 5015 5016
f 5010 5016 5013
f 5013 5016 5019
f 5015 5017 5016
f 5016 5017 5018
f 5016 5018 5019
f 5018 5021 5019
f 5013 5019 5014
f 5014 5019 5020
f 5014 5020 5026
f 5020 5031 5026
f 5019 5021 5020
f 5020 5021 5022
f 5020 5022 5031
f 5022 5034 5031
f 1747 5023 1748
f 1748 5023 5024
f 1748 5024 1749
f 1749 5024 5025
f 5023 5026 5024
f 5024 5026 5027
f 5024 5027 5025
f 5025 5027 5028
f 1749 5025 1751
f 1751 5025 5029
f 1751 5029 1857
f 1857 5029 5111
f 5025 5028 5029
f 5028 5030 5029
f 5029 5030 5111
f 5030 5113 5111
f 5026 5031 5027
f 5027 5031 5032
f 5027 5032 5028
f 5028 5032 5033
f 5031 5034 5032
f 5032 5034 5035
f 5032 5035 5033
f 5033 5035 5036
f 5028 5033 5030
f 5030 5033 5037
f 5030 5037 5113
f 5037 5119 5113
f 5033 5036 5037
f 5036 5038 5037
f 5037 5038 5119
f 5038 5121 5119
f 5017 5075 5018
f 5018 5075 5076
f 5018 5076 5021
f 5021 5076 5079
f 5075 5077 5076
f 5076 5077 5078
f 5076 5078 5079
f 5078 5081 5079
f 5021 5079 5022
f 5022 5079 5080
f 5022 5080 5034
f 5034 5080 5091
f 5079 5081 5080
f 5080 5081 5082
f 5080 5082 5091
f 5082 5094 5091
f 5077 5083 5078
f 5078 5083 5084
f 5078 5084 5081
f 5081 5084 5087
f 5083 5085 5084
f 5084 5085 5086
f 5084 5086 5087
f 5086 5089 5087
f 5081 5087 5082
f 5082 5087 5088
f 5082 5088 5094
f 5088 5099 5094
f 5087 5089 5088
f 5088 5089 5090
f 5088 5090 5099
f 5090 5102 5099
f 5034 5091 5035
f 5035 5091 5092
f 5035 5092 5036
f 5036 5092 5093
f 5091 5094 5092
f 5092 5094 5095
f 5092 5095 5093
f 5093 5095 5096
f 5036 5093 5038
f 5038 5093 5097
f 5038 5097 5121
f 5097 5175 5121
f 5093 5096 5097
f 5096 5098 5097
f 5097 5098 5175
f 5098 5177 5175
f 5094 5099 5095
f 5095 5099 5100
f 5095 5100 5096
f 5096 5100 5101
f 5099 5102 5100
f 5100 5102 5103
f 5100 5103 5101
f 5101 5103 5104
f 5096 5101 5098
f 5098 5101 5105
f 5098 5105 5177
f 5105 5183 5177
f 5101 5104 5105
f 5104 5106 5105
f 5105 5106 5183
f 5106 5185 5183
f 1857 5111 1858
f 1858 5111 5112
f 1858 5112 1861
f 1861 5112 5115
f 5111 5113 5112
f 5112 5113 5114
f 5112 5114 5115
f 5114 5117 5115
f 1861 5115 1862
f 1862 5115 5116
f 1862 5116 1882
f 1882 5116 5127
f 5115 5117 5116
f 5116 5117 5118
f 5116 5118 5127
f 5118 5130 5127
f 5113 5119 5114
f 5114 5119 5120
f 5114 5120 5117
f 5117 5120 5123
f 5119 5121 5120
f 5120 5121 5122
f 5120 5122 5123
f 5122 5125 5123
f 5117 5123 5118
f 5118 5123 5124
f 5118 5124 5130
f 5124 5143 5130
f 5123 5125 5124
f 5124 5125 5126
f 5124 5126 5143
f 5126 5146 5143
f 1882 5127 1883
f 1883 5127 5128
f 1883 5128 1884
f 1884 5128 5129
f 5127 5130 5128
f 5128 5130 5131
f 5128 5131 5129
f 5129 5131 5132
f 1884 5129 1889
f 1889 5129 5133
f 1889 5133 1890
f 1890 5135 1891
f 1890 5133 5134
f 1890 5134 5135
f 1891 5136 1892
f 1891 5135 5136
f 5129 5132 5133
f 5132 5137 5133
f 5133 5137 5134
f 5134 5139 5135
f 5134 5137 5138
f 5134 5138 5139
f 5135 5140 5136
f 5135 5139 5140
f 1892 5141 1894
f 1892 5136 5141
f 1894 5159 1906
f 1894 5141 5159
f 5136 5142 5141
f 5136 5140 5142
f 5141 5162 5159
f 5141 5142 5162
f 5130 5143 5131
f 5131 5143 5144
f 5131 5144 5132
f 5132 5144 5145
f 5143 5146 5144
f 5144 5146 5147
f 5144 5147 5145
f 5145 5147 5148
f 5132 5145 5137
f 5137 5145 5149
f 5137 5149 5138
f 5138 5151 5139
f 5138 5149 5150
f 5138 5150 5151
f 5139 5152 5140
f 5139 5151 5152
f 5145 5148 5149
f 5148 5153 5149
f 5149 5153 5150
f 5150 5155 5151
f 5150 5153 5154
f 5150 5154 5155
f 5151 5156 5152
f 5151 5155 5156
f 5140 5157 5142
f 5140 5152 5157
f 5142 5167 5162
f 5142 5157 5167
f 5152 5158 5157
f 5152 5156 5158
f 5157 5170 5167
f 5157 5158 5170
f 1906 5160 1907
f 1906 5159 5160
f 1907 5161 1908
f 1907 5160 5161
f 5159 5163 5160
f 5159 5162 5163
f 5160 5164 5161
f 5160 5163 5164
f 1908 5165 1910
f 1908 5161 5165
f 1910 5363 1989
f 1910 5165 5363
f 5161 5166 5165
f 5161 5164 5166
f 5165 5365 5363
f 5165 5166 5365
f 5162 5168 5163
f 5162 5167 5168
f 5163 5169 5164
f 5163 5168 5169
f 5167 5171 5168
f 5167 5170 5171
f 5168 5172 5169
f 5168 5171 5172
f 5164 5173 5166
f 5164 5169 5173
f 5166 5371 5365
f 5166 5173 5371
f 5169 5174 5173
f 5169 5172 5174
f 5173 5373 5371
f 5173 5174 5373
f 5121 5175 5122
f 5122 5175 5176
f 5122 5176 5125
f 5125 5176 5179
f 5175 5177 5176
f 5176 5177 5178
f 5176 5178 5179
f 5178 5181 5179
f 5125 5179 5126
f 5126 5179 5180
f 5126 5180 5146
f 5146 5180 5191
f 5179 5181 5180
f 5180 5181 5182
f 5180 5182 5191
f 5182 5194 5191
f 5177 5183 5178
f 5178 5183 5184
f 5178 5184 5181
f 5181 5184 5187
f 5183 5185 5184
f 5184 5185 5186
f 5184 5186 5187
f 5186 5189 5187
f 5181 5187 5182
f 5182 5187 5188
f 5182 5188 5194
f 5188 5207 5194
f 5187 5189 5188
f 5188 5189 5190
f 5188 5190 5207
f 5190 5210 5207
f 5146 5191 5147
f 5147 5191 5192
f 5147 5192 5148
f 5148 5192 5193
f 5191 5194 5192
f 5192 5194 5195
f 5192 5195 5193
f 5193 5195 5196
f 5148 5193 5153
f 5153 5193 5197
f 5153 5197 5154
f 5154 5199 5155
f 5154 5197 5198
f 5154 5198 5199
f 5155 5200 5156
f 5155 5199 5200
f 5193 5196 5197
f 5196 5201 5197
f 5197 5201 5198
f 5198 5203 5199
f 5198 5201 5202
f 5198 5202 5203
f 5199 5204 5200
f 5199 5203 5204
f 5156 5205 5158
f 5156 5200 5205
f 5158 5223 5170
f 5158 5205 5223
f 5200 5206 5205
f 5200 5204 5206
f 5205 5226 5223
f 5205 5206 5226
f 5194 5207 5195
f 5195 5207 5208
f 5195 5208 5196
f 5196 5208 5209
f 5207 5210 5208
f 5208 5210 5211
f 5208 5211 5209
f 5209 5211 5212
f 5196 5209 5201
f 5201 5209 5213
f 5201 5213 5202
f 5202 5215 5203
f 5202 5213 5214
f 5202 5214 5215
f 5203 5216 5204
f 5203 5215 5216
f 5209 5212 5213
f 5212 5217 5213
f 5213 5217 5214
f 5214 5219 5215
f 5214 5217 5218
f 5214 5218 5219
f 5215 5220 5216
f 5215 5219 5220
f 5204 5221 5206
f 5204 5216 5221
f 5206 5231 5226
f 5206 5221 5231
f 5216 5222 5221
f 5216 5220 5222
f 5221 5234 5231
f 5221 5222 5234
f 5170 5224 5171
f 5170 5223 5224
f 5171 5225 5172
f 5171 5224 5225
f 5223 5227 5224
f 5223 5226 5227
f 5224 5228 5225
f 5224 5227 5228
f 5172 5229 5174
f 5172 5225 5229
f 5174 5395 5373
f 5174 5229 5395
f 5225 5230 5229
f 5225 5228 5230
f 5229 5397 5395
f 5229 5230 5397
f 5226 5232 5227
f 5226 5231 5232
f 5227 5233 5228
f 5227 5232 5233
f 5231 5235 5232
f 5231 5234 5235
f 5232 5236 5233
f 5232 5235 5236
f 5228 5237 5230
f 5228 5233 5237
f 5230 5403 5397
f 5230 5237 5403
f 5233 5238 5237
f 5233 5236 5238
f 5237 5405 5403
f 5237 5238 5405
f 1989 5364 1990
f 1989 5363 5364
f 1990 5367 1993
f 1990 5364 5367
f 5363 5366 5364
f 5363 5365 5366
f 5364 5369 5367
f 5364 5366 5369
f 1993 5368 1994
f 1993 5367 5368
f 1994 5379 2006
f 1994 5368 5379
f 5367 5370 5368
f 5367 5369 5370
f 5368 5382 5379
f 5368 5370 5382
f 5365 5372 5366
f 5365 5371 5372
f 5366 5375 5369
f 5366 5372 5375
f 5371 5374 5372
f 5371 5373 5374
f 5372 5377 5375
f 5372 5374 5377
f 5369 5376 5370
f 5369 5375 5376
f 5370 5387 5382
f 5370 5376 5387
f 5375 5378 5376
f 5375 5377 5378
f 5376 5390 5387
f 5376 5378 5390
f 2006 5380 2007
f 2006 5379 5380
f 2007 5381 2008
f 2007 5380 5381
f 5379 5383 5380
f 5379 5382 5383
f 5380 5384 5381
f 5380 5383 5384
f 2008 5385 2010
f 2008 5381 5385
f 2010 6778 3791
f 2010 5385 6778
f 5381 5386 5385
f 5381 5384 5386
f 5385 6780 6778
f 5385 5386 6780
f 5382 5388 5383
f 5382 5387 5388
f 5383 5389 5384
f 5383 5388 5389
f 5387 5391 5388
f 5387 5390 5391
f 5388 5392 5389
f 5388 5391 5392
f 5384 5393 5386
f 5384 5389 5393
f 5386 6786 6780
f 5386 5393 6786
f 5389 5394 5393
f 5389 5392 5394
f 5393 6788 6786
f 5393 5394 6788
f 5373 5396 5374
f 5373 5395 5396
f 5374 5399 5377
f 5374 5396 5399
f 5395 5398 5396
f 5395 5397 5398
f 5396 5401 5399
f 5396 5398 5401
f 5377 5400 5378
f 5377 5399 5400
f 5378 5411 5390
f 5378 5400 5411
f 5399 5402 5400
f 5399 5401 5402
f 5400 5414 5411
f 5400 5402 5414
f 5397 5404 5398
f 5397 5403 5404
f 5398 5407 5401
f 5398 5404 5407
f 5403 5406 5404
f 5403 5405 5406
f 5404 5409 5407
f 5404 5406 5409
f 5401 5408 5402
f 5401 5407 5408
f 5402 5419 5414
f 5402 5408 5419
f 5407 5410 5408
f 5407 5409 5410
f 5408 5422 5419
f 5408 5410 5422
f 5390 5412 5391
f 5390 5411 5412
f 5391 5413 5392
f 5391 5412 5413
f 5411 5415 5412
f 5411 5414 5415
f 5412 5416 5413
f 5412 5415 5416
f 5392 5417 5394
f 5392 5413 5417
f 5394 6810 6788
f 5394 5417 6810
f 5413 5418 5417
f 5413 5416 5418
f 5417 6812 6810
f 5417 5418 6812
f 5414 5420 5415
f 5414 5419 5420
f 5415 5421 5416
f 5415 5420 5421
f 5419 5423 5420
f 5419 5422 5423
f 5420 5424 5421
f 5420 5423 5424
f 5416 5425 5418
f 5416 5421 5425
f 5418 6818 6812
f 5418 5425 6818
f 5421 5426 5425
f 5421 5424 5426
f 5425 6820 6818
f 5425 5426 6820
f 5085 5427 5086
f 5086 5427 5428
f 5086 5428 5089
f 5089 5428 5431
f 5427 5429 5428
f 5428 5429 5430
f 5428 5430 5431
f 5430 5433 5431
f 5089 5431 5090
f 5090 5431 5432
f 5090 5432 5102
f 5102 5432 5443
f 5431 5433 5432
f 5432 5433 5434
f 5432 5434 5443
f 5434 5446 5443
f 5429 5435 5430
f 5430 5435 5436
f 5430 5436 5433
f 5433 5436 5439
f 5435 5437 5436
f 5436 5437 5438
f 5436 5438 5439
f 5438 5441 5439
f 5433 5439 5434
f 5434 5439 5440
f 5434 5440 5446
f 5440 5451 5446
f 5439 5441 5440
f 5440 5441 5442
f 5440 5442 5451
f 5442 5454 5451
f 5102 5443 5103
f 5103 5443 5444
f 5103 5444 5104
f 5104 5444 5445
f 5443 5446 5444
f 5444 5446 5447
f 5444 5447 5445
f 5445 5447 5448
f 5104 5445 5106
f 5106 5445 5449
f 5106 5449 5185
f 5185 5449 5547
f 5445 5448 5449
f 5448 5450 5449
f 5449 5450 5547
f 5450 5549 5547
f 5446 5451 5447
f 5447 5451 5452
f 5447 5452 5448
f 5448 5452 5453
f 5451 5454 5452
f 5452 5454 5455
f 5452 5455 5453
f 5453 5455 5456
f 5448 5453 5450
f 5450 5453 5457
f 5450 5457 5549
f 5457 5555 5549
f 5453 5456 5457
f 5456 5458 5457
f 5457 5458 5555
f 5458 5557 5555
f 5437 5459 5438
f 5438 5459 5460
f 5438 5460 5441
f 5441 5460 5463
f 5459 5461 5460
f 5460 5461 5462
f 5460 5462 5463
f 5462 5465 5463
f 5441 5463 5442
f 5442 5463 5464
f 5442 5464 5454
f 5454 5464 5487
f 5463 5465 5464
f 5464 5465 5466
f 5464 5466 5487
f 5466 5490 5487
f 5461 5467 5462
f 5462 5467 5468
f 5462 5468 5465
f 5465 5468 5475
f 5467 5469 5468
f 5469 5470 5471
f 5468 5469 5471
f 5470 5472 5471
f 5468 5471 5475
f 5471 5472 5477
f 5471 5477 5475
f 5472 5479 5477
f 5470 5473 5472
f 5472 5473 5474
f 5472 5474 5479
f 5474 5481 5479
f 5465 5475 5466
f 5466 5475 5476
f 5466 5476 5490
f 5476 5495 5490
f 5475 5477 5476
f 5477 5479 5478
f 5476 5477 5478
f 5478 5479 5480
f 5476 5478 5495
f 5478 5480 5498
f 5478 5498 5495
f 5480 5499 5498
f 5479 5481 5480
f 5480 5481 5482
f 5480 5482 5499
f 5482 5504 5499
f 5473 5483 5474
f 5474 5483 5484
f 5474 5484 5481
f 5481 5484 5485
f 5483 5515 5484
f 5484 5515 5517
f 5484 5517 5485
f 5485 5517 5521
f 5481 5485 5482
f 5482 5485 5486
f 5482 5486 5504
f 5486 5511 5504
f 5485 5521 5486
f 5486 5521 5522
f 5486 5522 5511
f 5511 5522 5531
f 5454 5487 5455
f 5455 5487 5488
f 5455 5488 5456
f 5456 5488 5489
f 5487 5490 5488
f 5488 5490 5491
f 5488 5491 5489
f 5489 5491 5492
f 5456 5489 5458
f 5458 5489 5493
f 5458 5493 5557
f 5493 5611 5557
f 5489 5492 5493
f 5492 5494 5493
f 5493 5494 5611
f 5494 5613 5611
f 5490 5495 5491
f 5491 5495 5496
f 5491 5496 5492
f 5492 5496 5497
f 5495 5498 5496
f 5498 5499 5500
f 5496 5498 5500
f 5499 5502 5500
f 5496 5500 5497
f 5500 5502 5501
f 5497 5500 5501
f 5501 5502 5503
f 5499 5504 5502
f 5502 5504 5505
f 5502 5505 5503
f 5503 5505 5506
f 5492 5497 5494
f 5494 5497 5507
f 5494 5507 5613
f 5507 5619 5613
f 5497 5501 5507
f 5501 5503 5508
f 5501 5508 5507
f 5503 5509 5508
f 5507 5508 5619
f 5508 5509 5621
f 5508 5621 5619
f 5509 5623 5621
f 5503 5506 5509
f 5506 5510 5509
f 5509 5510 5623
f 5510 5625 5623
f 5504 5511 5505
f 5505 5511 5512
f 5505 5512 5506
f 5506 5512 5513
f 5511 5531 5512
f 5512 5531 5533
f 5512 5533 5513
f 5513 5533 5534
f 5506 5513 5510
f 5510 5513 5514
f 5510 5514 5625
f 5514 5635 5625
f 5513 5534 5514
f 5514 5534 5540
f 5514 5540 5635
f 5540 5683 5635
f 5515 5516 5517
f 5516 5518 5517
f 5517 5518 5521
f 5518 5523 5521
f 5516 5519 5518
f 5518 5519 5520
f 5518 5520 5523
f 5520 5525 5523
f 5521 5523 5522
f 5522 5523 5524
f 5522 5524 5531
f 5524 5532 5531
f 5523 5525 5524
f 5524 5525 5526
f 5524 5526 5532
f 5526 5537 5532
f 5519 5527 5520
f 5520 5527 5528
f 5520 5528 5525
f 5525 5528 5529
f 5527 5731 5528
f 5528 5731 5733
f 5528 5733 5529
f 5529 5733 5735
f 5525 5529 5526
f 5526 5529 5530
f 5526 5530 5537
f 5530 5543 5537
f 5529 5735 5530
f 5530 5735 5736
f 5530 5736 5543
f 5543 5736 5747
f 5531 5532 5533
f 5532 5535 5533
f 5533 5535 5534
f 5534 5535 5536
f 5532 5537 5535
f 5535 5537 5538
f 5535 5538 5536
f 5536 5538 5539
f 5534 5536 5540
f 5536 5541 5540
f 5540 5541 5683
f 5541 5685 5683
f 5536 5539 5541
f 5539 5542 5541
f 5541 5542 5685
f 5542 5687 5685
f 5537 5543 5538
f 5538 5543 5544
f 5538 5544 5539
f 5539 5544 5545
f 5543 5747 5544
f 5544 5747 5749
f 5544 5749 5545
f 5545 5749 5750
f 5539 5545 5542
f 5542 5545 5546
f 5542 5546 5687
f 5546 5695 5687
f 5545 5750 5546
f 5546 5750 5753
f 5546 5753 5695
f 5695 5753 5827
f 5185 5547 5186
f 5186 5547 5548
f 5186 5548 5189
f 5189 5548 5551
f 5547 5549 5548
f 5548 5549 5550
f 5548 5550 5551
f 5550 5553 5551
f 5189 5551 5190
f 5190 5551 5552
f 5190 5552 5210
f 5210 5552 5563
f 5551 5553 5552
f 5552 5553 5554
f 5552 5554 5563
f 5554 5566 5563
f 5549 5555 5550
f 5550 5555 5556
f 5550 5556 5553
f 5553 5556 5559
f 5555 5557 5556
f 5556 5557 5558
f 5556 5558 5559
f 5558 5561 5559
f 5553 5559 5554
f 5554 5559 5560
f 5554 5560 5566
f 5560 5579 5566
f 5559 5561 5560
f 5560 5561 5562
f 5560 5562 5579
f 5562 5582 5579
f 5210 5563 5211
f 5211 5563 5564
f 5211 5564 5212
f 5212 5564 5565
f 5563 5566 5564
f 5564 5566 5567
f 5564 5567 5565
f 5565 5567 5568
f 5212 5565 5217
f 5217 5565 5569
f 5217 5569 5218
f 5218 5571 5219
f 5218 5569 5570
f 5218 5570 5571
f 5219 5572 5220
f 5219 5571 5572
f 5565 5568 5569
f 5568 5573 5569
f 5569 5573 5570
f 5570 5575 5571
f 5570 5573 5574
f 5570 5574 5575
f 5571 5576 5572
f 5571 5575 5576
f 5220 5577 5222
f 5220 5572 5577
f 5222 5595 5234
f 5222 5577 5595
f 5572 5578 5577
f 5572 5576 5578
f 5577 5598 5595
f 5577 5578 5598
f 5566 5579 5567
f 5567 5579 5580
f 5567 5580 5568
f 5568 5580 5581
f 5579 5582 5580
f 5580 5582 5583
f 5580 5583 5581
f 5581 5583 5584
f 5568 5581 5573
f 5573 5581 5585
f 5573 5585 5574
f 5574 5587 5575
f 5574 5585 5586
f 5574 5586 5587
f 5575 5588 5576
f 5575 5587 5588
f 5581 5584 5585
f 5584 5589 5585
f 5585 5589 5586
f 5586 5591 5587
f 5586 5589 5590
f 5586 5590 5591
f 5587 5592 5588
f 5587 5591 5592
f 5576 5593 5578
f 5576 5588 5593
f 5578 5603 5598
f 5578 5593 5603
f 5588 5594 5593
f 5588 5592 5594
f 5593 5606 5603
f 5593 5594 5606
f 5234 5596 5235
f 5234 5595 5596
f 5235 5597 5236
f 5235 5596 5597
f 5595 5599 5596
f 5595 5598 5599
f 5596 5600 5597
f 5596 5599 5600
f 5236 5601 5238
f 5236 5597 5601
f 5238 5795 5405
f 5238 5601 5795
f 5597 5602 5601
f 5597 5600 5602
f 5601 5797 5795
f 5601 5602 5797
f 5598 5604 5599
f 5598 5603 5604
f 5599 5605 5600
f 5599 5604 5605
f 5603 5607 5604
f 5603 5606 5607
f 5604 5608 5605
f 5604 5607 5608
f 5600 5609 5602
f 5600 5605 5609
f 5602 5803 5797
f 5602 5609 5803
f 5605 5610 5609
f 5605 5608 5610
f 5609 5805 5803
f 5609 5610 5805
f 5557 5611 5558
f 5558 5611 5612
f 5558 5612 5561
f 5561 5612 5615
f 5611 5613 5612
f 5612 5613 5614
f 5612 5614 5615
f 5614 5617 5615
f 5561 5615 5562
f 5562 5615 5616
f 5562 5616 5582
f 5582 5616 5639
f 5615 5617 5616
f 5616 5617 5618
f 5616 5618 5639
f 5618 5642 5639
f 5613 5619 5614
f 5614 5619 5620
f 5614 5620 5617
f 5617 5620 5627
f 5619 5621 5620
f 5621 5623 5622
f 5620 5621 5622
f 5622 5623 5624
f 5620 5622 5627
f 5622 5624 5629
f 5622 5629 5627
f 5624 5631 5629
f 5623 5625 5624
f 5624 5625 5626
f 5624 5626 5631
f 5626 5633 5631
f 5617 5627 5618
f 5618 5627 5628
f 5618 5628 5642
f 5628 5655 5642
f 5627 5629 5628
f 5629 5631 5630
f 5628 5629 5630
f 5630 5631 5632
f 5628 5630 5655
f 5630 5632 5658
f 5630 5658 5655
f 5632 5659 5658
f 5631 5633 5632
f 5632 5633 5634
f 5632 5634 5659
f 5634 5664 5659
f 5625 5635 5626
f 5626 5635 5636
f 5626 5636 5633
f 5633 5636 5637
f 5635 5683 5636
f 5636 5683 5684
f 5636 5684 5637
f 5637 5684 5689
f 5633 5637 5634
f 5634 5637 5638
f 5634 5638 5664
f 5638 5677 5664
f 5637 5689 5638
f 5638 5689 5690
f 5638 5690 5677
f 5677 5690 5707
f 5582 5639 5583
f 5583 5639 5640
f 5583 5640 5584
f 5584 5640 5641
f 5639 5642 5640
f 5640 5642 5643
f 5640 5643 5641
f 5641 5643 5644
f 5584 5641 5589
f 5589 5641 5645
f 5589 5645 5590
f 5590 5647 5591
f 5590 5645 5646
f 5590 5646 5647
f 5591 5648 5592
f 5591 5647 5648
f 5641 5644 5645
f 5644 5649 5645
f 5645 5649 5646
f 5646 5651 5647
f 5646 5649 5650
f 5646 5650 5651
f 5647 5652 5648
f 5647 5651 5652
f 5592 5653 5594
f 5592 5648 5653
f 5594 5699 5606
f 5594 5653 5699
f 5648 5654 5653
f 5648 5652 5654
f 5653 5702 5699
f 5653 5654 5702
f 5642 5655 5643
f 5643 5655 5656
f 5643 5656 5644
f 5644 5656 5657
f 5655 5658 5656
f 5658 5659 5660
f 5656 5658 5660
f 5659 5662 5660
f 5656 5660 5657
f 5660 5662 5661
f 5657 5660 5661
f 5661 5662 5663
f 5659 5664 5662
f 5662 5664 5665
f 5662 5665 5663
f 5663 5665 5666
f 5644 5657 5649
f 5649 5657 5667
f 5649 5667 5650
f 5650 5669 5651
f 5650 5667 5668
f 5650 5668 5669
f 5651 5670 5652
f 5651 5669 5670
f 5657 5661 5667
f 5661 5663 5671
f 5661 5671 5667
f 5663 5673 5671
f 5667 5671 5668
f 5668 5674 5669
f 5671 5673 5672
f 5668 5671 5672
f 5668 5672 5674
f 5672 5673 5674
f 5663 5666 5673
f 5666 5675 5673
f 5669 5676 5670
f 5673 5675 5674
f 5669 5674 5676
f 5674 5675 5676
f 5664 5677 5665
f 5665 5677 5678
f 5665 5678 5666
f 5666 5678 5679
f 5677 5707 5678
f 5678 5707 5709
f 5678 5709 5679
f 5679 5709 5710
f 5652 5680 5654
f 5652 5670 5680
f 5654 5716 5702
f 5654 5680 5716
f 5666 5679 5675
f 5675 5679 5681
f 5670 5682 5680
f 5675 5681 5676
f 5670 5676 5682
f 5676 5681 5682
f 5679 5710 5681
f 5681 5710 5719
f 5680 5720 5716
f 5681 5719 5682
f 5680 5682 5720
f 5682 5719 5720
f 5683 5685 5684
f 5684 5685 5686
f 5684 5686 5689
f 5686 5691 5689
f 5685 5687 5686
f 5686 5687 5688
f 5686 5688 5691
f 5688 5693 5691
f 5689 5691 5690
f 5690 5691 5692
f 5690 5692 5707
f 5692 5708 5707
f 5691 5693 5692
f 5692 5693 5694
f 5692 5694 5708
f 5694 5713 5708
f 5687 5695 5688
f 5688 5695 5696
f 5688 5696 5693
f 5693 5696 5697
f 5695 5827 5696
f 5696 5827 5828
f 5696 5828 5697
f 5697 5828 5831
f 5693 5697 5694
f 5694 5697 5698
f 5694 5698 5713
f 5698 5725 5713
f 5697 5831 5698
f 5698 5831 5832
f 5698 5832 5725
f 5725 5832 5851
f 5606 5700 5607
f 5606 5699 5700
f 5607 5701 5608
f 5607 5700 5701
f 5699 5703 5700
f 5699 5702 5703
f 5700 5704 5701
f 5700 5703 5704
f 5608 5705 5610
f 5608 5701 5705
f 5610 5843 5805
f 5610 5705 5843
f 5701 5706 5705
f 5701 5704 5706
f 5705 5845 5843
f 5705 5706 5845
f 5707 5708 5709
f 5708 5711 5709
f 5709 5711 5710
f 5710 5711 5712
f 5708 5713 5711
f 5711 5713 5714
f 5711 5714 5712
f 5712 5714 5715
f 5702 5717 5703
f 5702 5716 5717
f 5703 5718 5704
f 5703 5717 5718
f 5710 5712 5719
f 5712 5721 5719
f 5716 5722 5717
f 5719 5721 5720
f 5716 5720 5722
f 5720 5721 5722
f 5712 5715 5721
f 5715 5723 5721
f 5717 5724 5718
f 5721 5723 5722
f 5717 5722 5724
f 5722 5723 5724
f 5713 5725 5714
f 5714 5725 5726
f 5714 5726 5715
f 5715 5726 5727
f 5725 5851 5726
f 5726 5851 5853
f 5726 5853 5727
f 5727 5853 5854
f 5704 5728 5706
f 5704 5718 5728
f 5706 5857 5845
f 5706 5728 5857
f 5715 5727 5723
f 5723 5727 5729
f 5718 5730 5728
f 5723 5729 5724
f 5718 5724 5730
f 5724 5729 5730
f 5727 5854 5729
f 5729 5854 5859
f 5728 5860 5857
f 5729 5859 5730
f 5728 5730 5860
f 5730 5859 5860
f 5731 5732 5733
f 5732 5734 5733
f 5733 5734 5735
f 5734 5737 5735
f 5732 5739 5734
f 5734 5739 5740
f 5734 5740 5737
f 5737 5740 5743
f 5735 5737 5736
f 5736 5737 5738
f 5736 5738 5747
f 5738 5748 5747
f 5737 5743 5738
f 5738 5743 5744
f 5738 5744 5748
f 5744 5755 5748
f 5739 5741 5740
f 5740 5741 5742
f 5740 5742 5743
f 5742 5745 5743
f 5741 5763 5742
f 5742 5763 5764
f 5742 5764 5745
f 5745 5764 5769
f 5743 5745 5744
f 5744 5745 5746
f 5744 5746 5755
f 5746 5758 5755
f 5745 5769 5746
f 5746 5769 5770
f 5746 5770 5758
f 5758 5770 5779
f 5747 5748 5749
f 5748 5751 5749
f 5749 5751 5750
f 5750 5751 5752
f 5748 5755 5751
f 5751 5755 5756
f 5751 5756 5752
f 5752 5756 5757
f 5750 5752 5753
f 5752 5754 5753
f 5753 5754 5827
f 5754 5829 5827
f 5752 5757 5754
f 5754 5757 5761
f 5754 5761 5829
f 5761 5835 5829
f 5755 5758 5756
f 5756 5758 5759
f 5756 5759 5757
f 5757 5759 5760
f 5758 5779 5759
f 5759 5779 5780
f 5759 5780 5760
f 5760 5780 5781
f 5757 5760 5761
f 5760 5762 5761
f 5761 5762 5835
f 5762 5837 5835
f 5760 5781 5762
f 5762 5781 5788
f 5762 5788 5837
f 5788 5875 5837
f 5763 5765 5764
f 5764 5765 5767
f 5764 5767 5769
f 5767 5771 5769
f 5765 5766 5767
f 5766 5768 5767
f 5767 5768 5771
f 5768 5773 5771
f 5769 5771 5770
f 5770 5771 5772
f 5770 5772 5779
f 5772 5782 5779
f 5771 5773 5772
f 5772 5773 5774
f 5772 5774 5782
f 5774 5783 5782
f 5766 5775 5768
f 5768 5775 5776
f 5768 5776 5773
f 5773 5776 5777
f 5775 7042 5776
f 5776 7042 7043
f 5776 7043 5777
f 5777 7043 7046
f 5773 5777 5774
f 5774 5777 5778
f 5774 5778 5783
f 5778 5791 5783
f 5777 7046 5778
f 5778 7046 7047
f 5778 7047 5791
f 5791 7047 7058
f 5779 5782 5780
f 5780 5782 5784
f 5780 5784 5781
f 5781 5784 5785
f 5782 5783 5784
f 5783 5786 5784
f 5784 5786 5785
f 5785 5786 5787
f 5781 5785 5788
f 5785 5789 5788
f 5788 5789 5875
f 5789 5877 5875
f 5785 5787 5789
f 5787 5790 5789
f 5789 5790 5877
f 5790 5879 5877
f 5783 5791 5786
f 5786 5791 5792
f 5786 5792 5787
f 5787 5792 5793
f 5791 7058 5792
f 5792 7058 7059
f 5792 7059 5793
f 5793 7059 7060
f 5787 5793 5790
f 5790 5793 5794
f 5790 5794 5879
f 5794 5887 5879
f 5793 7060 5794
f 5794 7060 7064
f 5794 7064 5887
f 5887 7064 7138
f 5405 5796 5406
f 5405 5795 5796
f 5406 5799 5409
f 5406 5796 5799
f 5795 5798 5796
f 5795 5797 5798
f 5796 5801 5799
f 5796 5798 5801
f 5409 5800 5410
f 5409 5799 5800
f 5410 5811 5422
f 5410 5800 5811
f 5799 5802 5800
f 5799 5801 5802
f 5800 5814 5811
f 5800 5802 5814
f 5797 5804 5798
f 5797 5803 5804
f 5798 5807 5801
f 5798 5804 5807
f 5803 5806 5804
f 5803 5805 5806
f 5804 5809 5807
f 5804 5806 5809
f 5801 5808 5802
f 5801 5807 5808
f 5802 5819 5814
f 5802 5808 5819
f 5807 5810 5808
f 5807 5809 5810
f 5808 5822 5819
f 5808 5810 5822
f 5422 5812 5423
f 5422 5811 5812
f 5423 5813 5424
f 5423 5812 5813
f 5811 5815 5812
f 5811 5814 5815
f 5812 5816 5813
f 5812 5815 5816
f 5424 5817 5426
f 5424 5813 5817
f 5426 7106 6820
f 5426 5817 7106
f 5813 5818 5817
f 5813 5816 5818
f 5817 7108 7106
f 5817 5818 7108
f 5814 5820 5815
f 5814 5819 5820
f 5815 5821 5816
f 5815 5820 5821
f 5819 5823 5820
f 5819 5822 5823
f 5820 5824 5821
f 5820 5823 5824
f 5816 5825 5818
f 5816 5821 5825
f 5818 7114 7108
f 5818 5825 7114
f 5821 5826 5825
f 5821 5824 5826
f 5825 7116 7114
f 5825 5826 7116
f 5827 5829 5828
f 5828 5829 5830
f 5828 5830 5831
f 5830 5833 5831
f 5829 5835 5830
f 5830 5835 5836
f 5830 5836 5833
f 5833 5836 5839
f 5831 5833 5832
f 5832 5833 5834
f 5832 5834 5851
f 5834 5852 5851
f 5833 5839 5834
f 5834 5839 5840
f 5834 5840 5852
f 5840 5863 5852
f 5835 5837 5836
f 5836 5837 5838
f 5836 5838 5839
f 5838 5841 5839
f 5837 5875 5838
f 5838 5875 5876
f 5838 5876 5841
f 5841 5876 5881
f 5839 5841 5840
f 5840 5841 5842
f 5840 5842 5863
f 5842 5866 5863
f 5841 5881 5842
f 5842 5881 5882
f 5842 5882 5866
f 5866 5882 5899
f 5805 5844 5806
f 5805 5843 5844
f 5806 5847 5809
f 5806 5844 5847
f 5843 5846 5844
f 5843 5845 5846
f 5844 5849 5847
f 5844 5846 5849
f 5809 5848 5810
f 5809 5847 5848
f 5810 5891 5822
f 5810 5848 5891
f 5847 5850 5848
f 5847 5849 5850
f 5848 5894 5891
f 5848 5850 5894
f 5851 5852 5853
f 5852 5855 5853
f 5853 5855 5854
f 5854 5855 5856
f 5852 5863 5855
f 5855 5863 5864
f 5855 5864 5856
f 5856 5864 5865
f 5845 5858 5846
f 5845 5857 5858
f 5846 5869 5849
f 5846 5858 5869
f 5854 5856 5859
f 5856 5861 5859
f 5857 5862 5858
f 5859 5861 5860
f 5857 5860 5862
f 5860 5861 5862
f 5856 5865 5861
f 5861 5865 5871
f 5858 5872 5869
f 5861 5871 5862
f 5858 5862 5872
f 5862 5871 5872
f 5863 5866 5864
f 5864 5866 5867
f 5864 5867 5865
f 5865 5867 5868
f 5866 5899 5867
f 5867 5899 5900
f 5867 5900 5868
f 5868 5900 5901
f 5849 5870 5850
f 5849 5869 5870
f 5850 5908 5894
f 5850 5870 5908
f 5865 5868 5871
f 5868 5873 5871
f 5869 5874 5870
f 5871 5873 5872
f 5869 5872 5874
f 5872 5873 5874
f 5868 5901 5873
f 5873 5901 5911
f 5870 5912 5908
f 5873 5911 5874
f 5870 5874 5912
f 5874 5911 5912
f 5875 5877 5876
f 5876 5877 5878
f 5876 5878 5881
f 5878 5883 5881
f 5877 5879 5878
f 5878 5879 5880
f 5878 5880 5883
f 5880 5885 5883
f 5881 5883 5882
f 5882 5883 5884
f 5882 5884 5899
f 5884 5902 5899
f 5883 5885 5884
f 5884 5885 5886
f 5884 5886 5902
f 5886 5903 5902
f 5879 5887 5880
f 5880 5887 5888
f 5880 5888 5885
f 5885 5888 5889
f 5887 7138 5888
f 5888 7138 7139
f 5888 7139 5889
f 5889 7139 7142
f 5885 5889 5886
f 5886 5889 5890
f 5886 5890 5903
f 5890 5917 5903
f 5889 7142 5890
f 5890 7142 7143
f 5890 7143 5917
f 5917 7143 7162
f 5822 5892 5823
f 5822 5891 5892
f 5823 5893 5824
f 5823 5892 5893
f 5891 5895 5892
f 5891 5894 5895
f 5892 5896 5893
f 5892 5895 5896
f 5824 5897 5826
f 5824 5893 5897
f 5826 7154 7116
f 5826 5897 7154
f 5893 5898 5897
f 5893 5896 5898
f 5897 7156 7154
f 5897 5898 7156
f 5899 5902 5900
f 5900 5902 5904
f 5900 5904 5901
f 5901 5904 5905
f 5902 5903 5904
f 5903 5906 5904
f 5904 5906 5905
f 5905 5906 5907
f 5894 5909 5895
f 5894 5908 5909
f 5895 5910 5896
f 5895 5909 5910
f 5901 5905 5911
f 5905 5913 5911
f 5908 5914 5909
f 5911 5913 5912
f 5908 5912 5914
f 5912 5913 5914
f 5905 5907 5913
f 5907 5915 5913
f 5909 5916 5910
f 5913 5915 5914
f 5909 5914 5916
f 5914 5915 5916
f 5903 5917 5906
f 5906 5917 5918
f 5906 5918 5907
f 5907 5918 5919
f 5917 7162 5918
f 5918 7162 7163
f 5918 7163 5919
f 5919 7163 7164
f 5896 5920 5898
f 5896 5910 5920
f 5898 7168 7156
f 5898 5920 7168
f 5907 5919 5915
f 5915 5919 5921
f 5910 5922 5920
f 5915 5921 5916
f 5910 5916 5922
f 5916 5921 5922
f 5919 7164 5921
f 5921 7164 7170
f 5920 7171 7168
f 5921 7170 5922
f 5920 5922 7171
f 5922 7170 7171
f 2788 5924 5923
f 2788 5926 5924
f 2788 5927 5926
f 5927 5928 5926
f 2788 2833 5927
f 2833 5958 5927
f 5927 5929 5928
f 5927 5930 5929
f 5930 5934 5929
f 5927 5958 5930
f 5930 5958 5960
f 5930 5935 5934
f 5930 5936 5935
f 5930 5937 5936
f 5937 5939 5936
f 5930 5960 5937
f 5937 5960 5966
f 5937 5943 5939
f 5943 5940 5939
f 5943 5941 5940
f 5943 5974 5941
f 5937 5966 5943
f 5943 5966 5968
f 2833 2834 5958
f 2834 5959 5958
f 2834 2841 5959
f 2841 5962 5959
f 5958 5959 5960
f 5959 5961 5960
f 5959 5962 5961
f 5961 5962 5964
f 2841 2842 5962
f 2842 5963 5962
f 2842 3021 5963
f 3021 6090 5963
f 5962 5963 5964
f 5963 5965 5964
f 5963 6090 5965
f 5965 6090 6092
f 5960 5961 5966
f 5961 5967 5966
f 5961 5964 5967
f 5964 5970 5967
f 5966 5967 5968
f 5967 5969 5968
f 5967 5970 5969
f 5969 5970 5972
f 5964 5965 5970
f 5965 5971 5970
f 5965 6092 5971
f 5971 6092 6098
f 5970 5971 5972
f 5971 5973 5972
f 5971 6098 5973
f 5973 6098 6100
f 5984 5988 5982
f 5943 5975 5974
f 5943 5981 5975
f 5981 5977 5975
f 5981 5978 5977
f 5981 5980 5978
f 5943 5968 5981
f 5968 6023 5981
f 5981 5982 5980
f 5981 5984 5982
f 5981 5986 5984
f 5981 6023 5986
f 5986 6023 6025
f 5984 5991 5989
f 5984 5989 5990
f 5984 5990 5988
f 5984 6004 5991
f 6000 5993 5992
f 5996 5995 5994
f 5996 5994 5993
f 5996 4296 5995
f 5996 5993 6000
f 6000 5992 5991
f 6000 5991 6004
f 6000 6004 6007
f 5984 5986 6004
f 5986 6006 6004
f 5986 6025 6006
f 6006 6025 6031
f 6004 6006 6007
f 6006 6008 6007
f 6006 6031 6008
f 6008 6031 6033
f 5968 5969 6023
f 5969 6024 6023
f 5969 5972 6024
f 5972 6027 6024
f 6023 6024 6025
f 6024 6026 6025
f 6024 6027 6026
f 6026 6027 6029
f 5972 5973 6027
f 5973 6028 6027
f 5973 6100 6028
f 6028 6100 6154
f 6027 6028 6029
f 6028 6030 6029
f 6028 6154 6030
f 6030 6154 6156
f 6025 6026 6031
f 6026 6032 6031
f 6026 6029 6032
f 6029 6035 6032
f 6031 6032 6033
f 6032 6034 6033
f 6032 6035 6034
f 6034 6035 6037
f 6029 6030 6035
f 6030 6036 6035
f 6030 6156 6036
f 6036 6156 6162
f 6035 6036 6037
f 6036 6038 6037
f 6036 6162 6038
f 6038 6162 6164
f 3021 3022 6090
f 3022 6091 6090
f 3022 3025 6091
f 3025 6094 6091
f 6090 6091 6092
f 6091 6093 6092
f 6091 6094 6093
f 6093 6094 6096
f 3025 3026 6094
f 3026 6095 6094
f 3026 3045 6095
f 3045 6106 6095
f 6094 6095 6096
f 6095 6097 6096
f 6095 6106 6097
f 6097 6106 6108
f 6092 6093 6098
f 6093 6099 6098
f 6093 6096 6099
f 6096 6102 6099
f 6098 6099 6100
f 6099 6101 6100
f 6099 6102 6101
f 6101 6102 6104
f 6096 6097 6102
f 6097 6103 6102
f 6097 6108 6103
f 6103 6108 6122
f 6102 6103 6104
f 6103 6105 6104
f 6103 6122 6105
f 6105 6122 6124
f 3045 3046 6106
f 3046 6107 6106
f 3046 3051 6107
f 3051 6110 6107
f 6106 6107 6108
f 6107 6109 6108
f 6107 6110 6109
f 6109 6110 6114
f 3051 3052 6110
f 3052 6111 6110
f 3052 3053 6111
f 3053 3054 6113
f 3053 6112 6111
f 3053 6113 6112
f 3054 3057 6118
f 3054 6118 6113
f 6110 6111 6114
f 6111 6115 6114
f 6111 6112 6115
f 6112 6113 6117
f 6112 6116 6115
f 6112 6117 6116
f 6113 6118 6120
f 6113 6120 6117
f 3057 3058 6119
f 3057 6119 6118
f 3058 3069 6138
f 3058 6138 6119
f 6118 6119 6121
f 6118 6121 6120
f 6119 6138 6140
f 6119 6140 6121
f 6108 6109 6122
f 6109 6123 6122
f 6109 6114 6123
f 6114 6126 6123
f 6122 6123 6124
f 6123 6125 6124
f 6123 6126 6125
f 6125 6126 6130
f 6114 6115 6126
f 6115 6127 6126
f 6115 6116 6127
f 6116 6117 6129
f 6116 6128 6127
f 6116 6129 6128
f 6117 6120 6134
f 6117 6134 6129
f 6126 6127 6130
f 6127 6131 6130
f 6127 6128 6131
f 6128 6129 6133
f 6128 6132 6131
f 6128 6133 6132
f 6129 6134 6136
f 6129 6136 6133
f 6120 6121 6135
f 6120 6135 6134
f 6121 6140 6146
f 6121 6146 6135
f 6134 6135 6137
f 6134 6137 6136
f 6135 6146 6148
f 6135 6148 6137
f 3069 3070 6139
f 3069 6139 6138
f 3070 3073 6142
f 3070 6142 6139
f 6138 6139 6141
f 6138 6141 6140
f 6139 6142 6144
f 6139 6144 6141
f 3073 3074 6143
f 3073 6143 6142
f 3074 3117 6218
f 3074 6218 6143
f 6142 6143 6145
f 6142 6145 6144
f 6143 6218 6220
f 6143 6220 6145
f 6140 6141 6147
f 6140 6147 6146
f 6141 6144 6150
f 6141 6150 6147
f 6146 6147 6149
f 6146 6149 6148
f 6147 6150 6152
f 6147 6152 6149
f 6144 6145 6151
f 6144 6151 6150
f 6145 6220 6226
f 6145 6226 6151
f 6150 6151 6153
f 6150 6153 6152
f 6151 6226 6228
f 6151 6228 6153
f 6100 6101 6154
f 6101 6155 6154
f 6101 6104 6155
f 6104 6158 6155
f 6154 6155 6156
f 6155 6157 6156
f 6155 6158 6157
f 6157 6158 6160
f 6104 6105 6158
f 6105 6159 6158
f 6105 6124 6159
f 6124 6170 6159
f 6158 6159 6160
f 6159 6161 6160
f 6159 6170 6161
f 6161 6170 6172
f 6156 6157 6162
f 6157 6163 6162
f 6157 6160 6163
f 6160 6166 6163
f 6162 6163 6164
f 6163 6165 6164
f 6163 6166 6165
f 6165 6166 6168
f 6160 6161 6166
f 6161 6167 6166
f 6161 6172 6167
f 6167 6172 6186
f 6166 6167 6168
f 6167 6169 6168
f 6167 6186 6169
f 6169 6186 6188
f 6124 6125 6170
f 6125 6171 6170
f 6125 6130 6171
f 6130 6174 6171
f 6170 6171 6172
f 6171 6173 6172
f 6171 6174 6173
f 6173 6174 6178
f 6130 6131 6174
f 6131 6175 6174
f 6131 6132 6175
f 6132 6133 6177
f 6132 6176 6175
f 6132 6177 6176
f 6133 6136 6182
f 6133 6182 6177
f 6174 6175 6178
f 6175 6179 6178
f 6175 6176 6179
f 6176 6177 6181
f 6176 6180 6179
f 6176 6181 6180
f 6177 6182 6184
f 6177 6184 6181
f 6136 6137 6183
f 6136 6183 6182
f 6137 6148 6202
f 6137 6202 6183
f 6182 6183 6185
f 6182 6185 6184
f 6183 6202 6204
f 6183 6204 6185
f 6172 6173 6186
f 6173 6187 6186
f 6173 6178 6187
f 6178 6190 6187
f 6186 6187 6188
f 6187 6189 6188
f 6187 6190 6189
f 6189 6190 6194
f 6178 6179 6190
f 6179 6191 6190
f 6179 6180 6191
f 6180 6181 6193
f 6180 6192 6191
f 6180 6193 6192
f 6181 6184 6198
f 6181 6198 6193
f 6190 6191 6194
f 6191 6195 6194
f 6191 6192 6195
f 6192 6193 6197
f 6192 6196 6195
f 6192 6197 6196
f 6193 6198 6200
f 6193 6200 6197
f 6184 6185 6199
f 6184 6199 6198
f 6185 6204 6210
f 6185 6210 6199
f 6198 6199 6201
f 6198 6201 6200
f 6199 6210 6212
f 6199 6212 6201
f 6148 6149 6203
f 6148 6203 6202
f 6149 6152 6206
f 6149 6206 6203
f 6202 6203 6205
f 6202 6205 6204
f 6203 6206 6208
f 6203 6208 6205
f 6152 6153 6207
f 6152 6207 6206
f 6153 6228 6250
f 6153 6250 6207
f 6206 6207 6209
f 6206 6209 6208
f 6207 6250 6252
f 6207 6252 6209
f 6204 6205 6211
f 6204 6211 6210
f 6205 6208 6214
f 6205 6214 6211
f 6210 6211 6213
f 6210 6213 6212
f 6211 6214 6216
f 6211 6216 6213
f 6208 6209 6215
f 6208 6215 6214
f 6209 6252 6258
f 6209 6258 6215
f 6214 6215 6217
f 6214 6217 6216
f 6215 6258 6260
f 6215 6260 6217
f 3117 3118 6219
f 3117 6219 6218
f 3118 3121 6222
f 3118 6222 6219
f 6218 6219 6221
f 6218 6221 6220
f 6219 6222 6224
f 6219 6224 6221
f 3121 3122 6223
f 3121 6223 6222
f 3122 3133 6234
f 3122 6234 6223
f 6222 6223 6225
f 6222 6225 6224
f 6223 6234 6236
f 6223 6236 6225
f 6220 6221 6227
f 6220 6227 6226
f 6221 6224 6230
f 6221 6230 6227
f 6226 6227 6229
f 6226 6229 6228
f 6227 6230 6232
f 6227 6232 6229
f 6224 6225 6231
f 6224 6231 6230
f 6225 6236 6242
f 6225 6242 6231
f 6230 6231 6233
f 6230 6233 6232
f 6231 6242 6244
f 6231 6244 6233
f 3133 3134 6235
f 3133 6235 6234
f 3134 3137 6238
f 3134 6238 6235
f 6234 6235 6237
f 6234 6237 6236
f 6235 6238 6240
f 6235 6240 6237
f 3137 3138 6239
f 3137 6239 6238
f 3138 3855 6842
f 3138 6842 6239
f 6238 6239 6241
f 6238 6241 6240
f 6239 6842 6844
f 6239 6844 6241
f 6236 6237 6243
f 6236 6243 6242
f 6237 6240 6246
f 6237 6246 6243
f 6242 6243 6245
f 6242 6245 6244
f 6243 6246 6248
f 6243 6248 6245
f 6240 6241 6247
f 6240 6247 6246
f 6241 6844 6850
f 6241 6850 6247
f 6246 6247 6249
f 6246 6249 6248
f 6247 6850 6852
f 6247 6852 6249
f 6228 6229 6251
f 6228 6251 6250
f 6229 6232 6254
f 6229 6254 6251
f 6250 6251 6253
f 6250 6253 6252
f 6251 6254 6256
f 6251 6256 6253
f 6232 6233 6255
f 6232 6255 6254
f 6233 6244 6266
f 6233 6266 6255
f 6254 6255 6257
f 6254 6257 6256
f 6255 6266 6268
f 6255 6268 6257
f 6252 6253 6259
f 6252 6259 6258
f 6253 6256 6262
f 6253 6262 6259
f 6258 6259 6261
f 6258 6261 6260
f 6259 6262 6264
f 6259 6264 6261
f 6256 6257 6263
f 6256 6263 6262
f 6257 6268 6274
f 6257 6274 6263
f 6262 6263 6265
f 6262 6265 6264
f 6263 6274 6276
f 6263 6276 6265
f 6244 6245 6267
f 6244 6267 6266
f 6245 6248 6270
f 6245 6270 6267
f 6266 6267 6269
f 6266 6269 6268
f 6267 6270 6272
f 6267 6272 6269
f 6248 6249 6271
f 6248 6271 6270
f 6249 6852 6874
f 6249 6874 6271
f 6270 6271 6273
f 6270 6273 6272
f 6271 6874 6876
f 6271 6876 6273
f 6268 6269 6275
f 6268 6275 6274
f 6269 6272 6278
f 6269 6278 6275
f 6274 6275 6277
f 6274 6277 6276
f 6275 6278 6280
f 6275 6280 6277
f 6272 6273 6279
f 6272 6279 6278
f 6273 6876 6882
f 6273 6882 6279
f 6278 6279 6281
f 6278 6281 6280
f 6279 6882 6884
f 6279 6884 6281
f 5996 6000 6282
f 6000 6283 6282
f 6000 6007 6283
f 6007 6286 6283
f 6282 6283 6284
f 6283 6285 6284
f 6283 6286 6285
f 6285 6286 6288
f 6007 6008 6286
f 6008 6287 6286
f 6008 6033 6287
f 6033 6298 6287
f 6286 6287 6288
f 6287 6289 6288
f 6287 6298 6289
f 6289 6298 6300
f 6284 6285 6290
f 6285 6291 6290
f 6285 6288 6291
f 6288 6294 6291
f 6290 6291 6292
f 6291 6293 6292
f 6291 6294 6293
f 6293 6294 6296
f 6288 6289 6294
f 6289 6295 6294
f 6289 6300 6295
f 6295 6300 6306
f 6294 6295 6296
f 6295 6297 6296
f 6295 6306 6297
f 6297 6306 6308
f 6033 6034 6298
f 6034 6299 6298
f 6034 6037 6299
f 6037 6302 6299
f 6298 6299 6300
f 6299 6301 6300
f 6299 6302 6301
f 6301 6302 6304
f 6037 6038 6302
f 6038 6303 6302
f 6038 6164 6303
f 6164 6466 6303
f 6302 6303 6304
f 6303 6305 6304
f 6303 6466 6305
f 6305 6466 6468
f 6300 6301 6306
f 6301 6307 6306
f 6301 6304 6307
f 6304 6310 6307
f 6306 6307 6308
f 6307 6309 6308
f 6307 6310 6309
f 6309 6310 6312
f 6304 6305 6310
f 6305 6311 6310
f 6305 6468 6311
f 6311 6468 6474
f 6310 6311 6312
f 6311 6313 6312
f 6311 6474 6313
f 6313 6474 6476
f 6292 6293 6314
f 6293 6315 6314
f 6293 6296 6315
f 6296 6318 6315
f 6314 6315 6316
f 6315 6317 6316
f 6315 6318 6317
f 6317 6318 6320
f 6296 6297 6318
f 6297 6319 6318
f 6297 6308 6319
f 6308 6358 6319
f 6318 6319 6320
f 6319 6321 6320
f 6319 6358 6321
f 6321 6358 6360
f 6316 6317 6322
f 6317 6323 6322
f 6317 6320 6323
f 6320 6332 6323
f 6322 6323 6324
f 6324 6326 6325
f 6323 6326 6324
f 6325 6326 6327
f 6325 6327 6328
f 6327 6330 6328
f 6323 6332 6326
f 6326 6334 6327
f 6326 6332 6334
f 6327 6334 6335
f 6327 6335 6330
f 6330 6335 6338
f 6328 6330 6329
f 6329 6330 6331
f 6329 6331 6342
f 6331 6344 6342
f 6330 6338 6331
f 6331 6338 6339
f 6331 6339 6344
f 6339 6350 6344
f 6320 6321 6332
f 6321 6333 6332
f 6321 6360 6333
f 6333 6360 6366
f 6332 6333 6334
f 6334 6336 6335
f 6333 6336 6334
f 6335 6336 6337
f 6335 6337 6338
f 6337 6340 6338
f 6333 6366 6336
f 6336 6368 6337
f 6336 6366 6368
f 6337 6368 6369
f 6337 6369 6340
f 6340 6369 6372
f 6338 6340 6339
f 6339 6340 6341
f 6339 6341 6350
f 6341 6352 6350
f 6340 6372 6341
f 6341 6372 6373
f 6341 6373 6352
f 6352 6373 6386
f 6342 6344 6343
f 6343 6344 6345
f 6343 6345 6346
f 6345 6348 6346
f 6344 6350 6345
f 6345 6350 6351
f 6345 6351 6348
f 6348 6351 6354
f 6346 6348 6347
f 6347 6348 6349
f 6347 6349 6402
f 6349 6404 6402
f 6348 6354 6349
f 6349 6354 6355
f 6349 6355 6404
f 6355 6410 6404
f 6350 6352 6351
f 6351 6352 6353
f 6351 6353 6354
f 6353 6356 6354
f 6352 6386 6353
f 6353 6386 6387
f 6353 6387 6356
f 6356 6387 6390
f 6354 6356 6355
f 6355 6356 6357
f 6355 6357 6410
f 6357 6412 6410
f 6356 6390 6357
f 6357 6390 6391
f 6357 6391 6412
f 6391 6434 6412
f 6308 6309 6358
f 6309 6359 6358
f 6309 6312 6359
f 6312 6362 6359
f 6358 6359 6360
f 6359 6361 6360
f 6359 6362 6361
f 6361 6362 6364
f 6312 6313 6362
f 6313 6363 6362
f 6313 6476 6363
f 6363 6476 6530
f 6362 6363 6364
f 6363 6365 6364
f 6363 6530 6365
f 6365 6530 6532
f 6360 6361 6366
f 6361 6367 6366
f 6361 6364 6367
f 6364 6376 6367
f 6366 6367 6368
f 6368 6370 6369
f 6367 6370 6368
f 6369 6370 6371
f 6369 6371 6372
f 6371 6374 6372
f 6367 6376 6370
f 6370 6378 6371
f 6370 6376 6378
f 6371 6378 6379
f 6371 6379 6374
f 6374 6379 6382
f 6372 6374 6373
f 6373 6374 6375
f 6373 6375 6386
f 6375 6388 6386
f 6374 6382 6375
f 6375 6382 6383
f 6375 6383 6388
f 6383 6394 6388
f 6364 6365 6376
f 6365 6377 6376
f 6365 6532 6377
f 6377 6532 6538
f 6376 6377 6378
f 6378 6380 6379
f 6377 6380 6378
f 6379 6380 6381
f 6379 6381 6382
f 6381 6384 6382
f 6377 6538 6380
f 6380 6540 6381
f 6380 6538 6540
f 6381 6540 6542
f 6381 6542 6384
f 6384 6542 6544
f 6382 6384 6383
f 6383 6384 6385
f 6383 6385 6394
f 6385 6396 6394
f 6384 6544 6385
f 6385 6544 6546
f 6385 6546 6396
f 6396 6546 6558
f 6386 6388 6387
f 6387 6388 6389
f 6387 6389 6390
f 6389 6392 6390
f 6388 6394 6389
f 6389 6394 6395
f 6389 6395 6392
f 6392 6395 6398
f 6390 6392 6391
f 6391 6392 6393
f 6391 6393 6434
f 6393 6436 6434
f 6392 6398 6393
f 6393 6398 6399
f 6393 6399 6436
f 6399 6442 6436
f 6394 6396 6395
f 6395 6396 6397
f 6395 6397 6398
f 6397 6400 6398
f 6396 6558 6397
f 6397 6558 6560
f 6397 6560 6400
f 6400 6560 6562
f 6398 6400 6399
f 6399 6400 6401
f 6399 6401 6442
f 6401 6444 6442
f 6400 6562 6401
f 6401 6562 6564
f 6401 6564 6444
f 6444 6564 6682
f 6402 6404 6403
f 6403 6404 6405
f 6403 6405 6406
f 6405 6408 6406
f 6404 6410 6405
f 6405 6410 6411
f 6405 6411 6408
f 6408 6411 6414
f 6406 6408 6407
f 6407 6408 6409
f 6407 6409 6418
f 6409 6420 6418
f 6408 6414 6409
f 6409 6414 6415
f 6409 6415 6420
f 6415 6426 6420
f 6410 6412 6411
f 6411 6412 6413
f 6411 6413 6414
f 6413 6416 6414
f 6412 6434 6413
f 6413 6434 6435
f 6413 6435 6416
f 6416 6435 6438
f 6414 6416 6415
f 6415 6416 6417
f 6415 6417 6426
f 6417 6428 6426
f 6416 6438 6417
f 6417 6438 6439
f 6417 6439 6428
f 6428 6439 6450
f 6418 6420 6419
f 6419 6420 6421
f 6419 6421 6422
f 6421 6424 6422
f 6420 6426 6421
f 6421 6426 6427
f 6421 6427 6424
f 6424 6427 6430
f 6422 6424 6423
f 6423 6424 6425
f 6423 6425 7042
f 6425 7044 7042
f 6424 6430 6425
f 6425 6430 6431
f 6425 6431 7044
f 6431 7050 7044
f 6426 6428 6427
f 6427 6428 6429
f 6427 6429 6430
f 6429 6432 6430
f 6428 6450 6429
f 6429 6450 6451
f 6429 6451 6432
f 6432 6451 6454
f 6430 6432 6431
f 6431 6432 6433
f 6431 6433 7050
f 6433 7052 7050
f 6432 6454 6433
f 6433 6454 6455
f 6433 6455 7052
f 6455 7074 7052
f 6434 6436 6435
f 6435 6436 6437
f 6435 6437 6438
f 6437 6440 6438
f 6436 6442 6437
f 6437 6442 6443
f 6437 6443 6440
f 6440 6443 6446
f 6438 6440 6439
f 6439 6440 6441
f 6439 6441 6450
f 6441 6452 6450
f 6440 6446 6441
f 6441 6446 6447
f 6441 6447 6452
f 6447 6458 6452
f 6442 6444 6443
f 6443 6444 6445
f 6443 6445 6446
f 6445 6448 6446
f 6444 6682 6445
f 6445 6682 6684
f 6445 6684 6448
f 6448 6684 6686
f 6446 6448 6447
f 6447 6448 6449
f 6447 6449 6458
f 6449 6460 6458
f 6448 6686 6449
f 6449 6686 6687
f 6449 6687 6460
f 6460 6687 6698
f 6450 6452 6451
f 6451 6452 6453
f 6451 6453 6454
f 6453 6456 6454
f 6452 6458 6453
f 6453 6458 6459
f 6453 6459 6456
f 6456 6459 6462
f 6454 6456 6455
f 6455 6456 6457
f 6455 6457 7074
f 6457 7076 7074
f 6456 6462 6457
f 6457 6462 6463
f 6457 6463 7076
f 6463 7082 7076
f 6458 6460 6459
f 6459 6460 6461
f 6459 6461 6462
f 6461 6464 6462
f 6460 6698 6461
f 6461 6698 6700
f 6461 6700 6464
f 6464 6700 6702
f 6462 6464 6463
f 6463 6464 6465
f 6463 6465 7082
f 6465 7084 7082
f 6464 6702 6465
f 6465 6702 6703
f 6465 6703 7084
f 6703 7266 7084
f 6164 6165 6466
f 6165 6467 6466
f 6165 6168 6467
f 6168 6470 6467
f 6466 6467 6468
f 6467 6469 6468
f 6467 6470 6469
f 6469 6470 6472
f 6168 6169 6470
f 6169 6471 6470
f 6169 6188 6471
f 6188 6482 6471
f 6470 6471 6472
f 6471 6473 6472
f 6471 6482 6473
f 6473 6482 6484
f 6468 6469 6474
f 6469 6475 6474
f 6469 6472 6475
f 6472 6478 6475
f 6474 6475 6476
f 6475 6477 6476
f 6475 6478 6477
f 6477 6478 6480
f 6472 6473 6478
f 6473 6479 6478
f 6473 6484 6479
f 6479 6484 6498
f 6478 6479 6480
f 6479 6481 6480
f 6479 6498 6481
f 6481 6498 6500
f 6188 6189 6482
f 6189 6483 6482
f 6189 6194 6483
f 6194 6486 6483
f 6482 6483 6484
f 6483 6485 6484
f 6483 6486 6485
f 6485 6486 6490
f 6194 6195 6486
f 6195 6487 6486
f 6195 6196 6487
f 6196 6197 6489
f 6196 6488 6487
f 6196 6489 6488
f 6197 6200 6494
f 6197 6494 6489
f 6486 6487 6490
f 6487 6491 6490
f 6487 6488 6491
f 6488 6489 6493
f 6488 6492 6491
f 6488 6493 6492
f 6489 6494 6496
f 6489 6496 6493
f 6200 6201 6495
f 6200 6495 6494
f 6201 6212 6514
f 6201 6514 6495
f 6494 6495 6497
f 6494 6497 6496
f 6495 6514 6516
f 6495 6516 6497
f 6484 6485 6498
f 6485 6499 6498
f 6485 6490 6499
f 6490 6502 6499
f 6498 6499 6500
f 6499 6501 6500
f 6499 6502 6501
f 6501 6502 6506
f 6490 6491 6502
f 6491 6503 6502
f 6491 6492 6503
f 6492 6493 6505
f 6492 6504 6503
f 6492 6505 6504
f 6493 6496 6510
f 6493 6510 6505
f 6502 6503 6506
f 6503 6507 6506
f 6503 6504 6507
f 6504 6505 6509
f 6504 6508 6507
f 6504 6509 6508
f 6505 6510 6512
f 6505 6512 6509
f 6496 6497 6511
f 6496 6511 6510
f 6497 6516 6522
f 6497 6522 6511
f 6510 6511 6513
f 6510 6513 6512
f 6511 6522 6524
f 6511 6524 6513
f 6212 6213 6515
f 6212 6515 6514
f 6213 6216 6518
f 6213 6518 6515
f 6514 6515 6517
f 6514 6517 6516
f 6515 6518 6520
f 6515 6520 6517
f 6216 6217 6519
f 6216 6519 6518
f 6217 6260 6650
f 6217 6650 6519
f 6518 6519 6521
f 6518 6521 6520
f 6519 6650 6652
f 6519 6652 6521
f 6516 6517 6523
f 6516 6523 6522
f 6517 6520 6526
f 6517 6526 6523
f 6522 6523 6525
f 6522 6525 6524
f 6523 6526 6528
f 6523 6528 6525
f 6520 6521 6527
f 6520 6527 6526
f 6521 6652 6658
f 6521 6658 6527
f 6526 6527 6529
f 6526 6529 6528
f 6527 6658 6660
f 6527 6660 6529
f 6476 6477 6530
f 6477 6531 6530
f 6477 6480 6531
f 6480 6534 6531
f 6530 6531 6532
f 6531 6533 6532
f 6531 6534 6533
f 6533 6534 6536
f 6480 6481 6534
f 6481 6535 6534
f 6481 6500 6535
f 6500 6574 6535
f 6534 6535 6536
f 6535 6537 6536
f 6535 6574 6537
f 6537 6574 6576
f 6532 6533 6538
f 6533 6539 6538
f 6533 6536 6539
f 6536 6548 6539
f 6538 6539 6540
f 6540 6541 6542
f 6539 6541 6540
f 6541 6543 6542
f 6542 6543 6544
f 6543 6545 6544
f 6539 6548 6541
f 6541 6550 6543
f 6541 6548 6550
f 6543 6550 6551
f 6543 6551 6545
f 6545 6551 6554
f 6544 6545 6546
f 6545 6547 6546
f 6546 6547 6558
f 6547 6559 6558
f 6545 6554 6547
f 6547 6554 6555
f 6547 6555 6559
f 6555 6566 6559
f 6536 6537 6548
f 6537 6549 6548
f 6537 6576 6549
f 6549 6576 6590
f 6548 6549 6550
f 6550 6552 6551
f 6549 6552 6550
f 6551 6552 6553
f 6551 6553 6554
f 6553 6556 6554
f 6549 6590 6552
f 6552 6592 6553
f 6552 6590 6592
f 6553 6592 6594
f 6553 6594 6556
f 6556 6594 6596
f 6554 6556 6555
f 6555 6556 6557
f 6555 6557 6566
f 6557 6568 6566
f 6556 6596 6557
f 6557 6596 6598
f 6557 6598 6568
f 6568 6598 6626
f 6558 6559 6560
f 6559 6561 6560
f 6560 6561 6562
f 6561 6563 6562
f 6559 6566 6561
f 6561 6566 6567
f 6561 6567 6563
f 6563 6567 6570
f 6562 6563 6564
f 6563 6565 6564
f 6564 6565 6682
f 6565 6683 6682
f 6563 6570 6565
f 6565 6570 6571
f 6565 6571 6683
f 6571 6690 6683
f 6566 6568 6567
f 6567 6568 6569
f 6567 6569 6570
f 6569 6572 6570
f 6568 6626 6569
f 6569 6626 6628
f 6569 6628 6572
f 6572 6628 6630
f 6570 6572 6571
f 6571 6572 6573
f 6571 6573 6690
f 6573 6692 6690
f 6572 6630 6573
f 6573 6630 6632
f 6573 6632 6692
f 6632 6722 6692
f 6500 6501 6574
f 6501 6575 6574
f 6501 6506 6575
f 6506 6578 6575
f 6574 6575 6576
f 6575 6577 6576
f 6575 6578 6577
f 6577 6578 6582
f 6506 6507 6578
f 6507 6579 6578
f 6507 6508 6579
f 6508 6509 6581
f 6508 6580 6579
f 6508 6581 6580
f 6509 6512 6586
f 6509 6586 6581
f 6578 6579 6582
f 6579 6583 6582
f 6579 6580 6583
f 6580 6581 6585
f 6580 6584 6583
f 6580 6585 6584
f 6581 6586 6588
f 6581 6588 6585
f 6512 6513 6587
f 6512 6587 6586
f 6513 6524 6618
f 6513 6618 6587
f 6586 6587 6589
f 6586 6589 6588
f 6587 6618 6620
f 6587 6620 6589
f 6576 6577 6590
f 6577 6591 6590
f 6577 6582 6591
f 6582 6600 6591
f 6590 6591 6592
f 6592 6593 6594
f 6591 6593 6592
f 6593 6595 6594
f 6594 6595 6596
f 6595 6597 6596
f 6591 6600 6593
f 6593 6604 6595
f 6593 6600 6604
f 6595 6604 6605
f 6595 6605 6597
f 6597 6605 6612
f 6596 6597 6598
f 6597 6599 6598
f 6598 6599 6626
f 6599 6627 6626
f 6597 6612 6599
f 6599 6612 6613
f 6599 6613 6627
f 6613 6636 6627
f 6582 6583 6600
f 6583 6601 6600
f 6583 6584 6601
f 6584 6585 6603
f 6584 6602 6601
f 6584 6603 6602
f 6585 6588 6610
f 6585 6610 6603
f 6600 6601 6604
f 6604 6606 6605
f 6601 6606 6604
f 6605 6606 6608
f 6605 6608 6612
f 6608 6614 6612
f 6601 6602 6606
f 6602 6603 6609
f 6606 6607 6608
f 6602 6607 6606
f 6602 6609 6607
f 6607 6609 6608
f 6603 6610 6615
f 6608 6609 6614
f 6603 6615 6609
f 6609 6615 6614
f 6588 6589 6611
f 6588 6611 6610
f 6589 6620 6634
f 6589 6634 6611
f 6612 6614 6613
f 6613 6614 6616
f 6613 6616 6636
f 6616 6638 6636
f 6610 6611 6617
f 6614 6615 6616
f 6610 6617 6615
f 6615 6617 6616
f 6611 6634 6639
f 6616 6617 6638
f 6611 6639 6617
f 6617 6639 6638
f 6524 6525 6619
f 6524 6619 6618
f 6525 6528 6622
f 6525 6622 6619
f 6618 6619 6621
f 6618 6621 6620
f 6619 6622 6624
f 6619 6624 6621
f 6528 6529 6623
f 6528 6623 6622
f 6529 6660 6714
f 6529 6714 6623
f 6622 6623 6625
f 6622 6625 6624
f 6623 6714 6716
f 6623 6716 6625
f 6626 6627 6628
f 6627 6629 6628
f 6628 6629 6630
f 6629 6631 6630
f 6627 6636 6629
f 6629 6636 6637
f 6629 6637 6631
f 6631 6637 6644
f 6630 6631 6632
f 6631 6633 6632
f 6632 6633 6722
f 6633 6723 6722
f 6631 6644 6633
f 6633 6644 6645
f 6633 6645 6723
f 6645 6732 6723
f 6620 6621 6635
f 6620 6635 6634
f 6621 6624 6642
f 6621 6642 6635
f 6636 6638 6637
f 6637 6638 6640
f 6637 6640 6644
f 6640 6646 6644
f 6634 6635 6641
f 6638 6639 6640
f 6634 6641 6639
f 6639 6641 6640
f 6635 6642 6647
f 6640 6641 6646
f 6635 6647 6641
f 6641 6647 6646
f 6624 6625 6643
f 6624 6643 6642
f 6625 6716 6730
f 6625 6730 6643
f 6644 6646 6645
f 6645 6646 6648
f 6645 6648 6732
f 6648 6734 6732
f 6642 6643 6649
f 6646 6647 6648
f 6642 6649 6647
f 6647 6649 6648
f 6643 6730 6735
f 6648 6649 6734
f 6643 6735 6649
f 6649 6735 6734
f 6260 6261 6651
f 6260 6651 6650
f 6261 6264 6654
f 6261 6654 6651
f 6650 6651 6653
f 6650 6653 6652
f 6651 6654 6656
f 6651 6656 6653
f 6264 6265 6655
f 6264 6655 6654
f 6265 6276 6666
f 6265 6666 6655
f 6654 6655 6657
f 6654 6657 6656
f 6655 6666 6668
f 6655 6668 6657
f 6652 6653 6659
f 6652 6659 6658
f 6653 6656 6662
f 6653 6662 6659
f 6658 6659 6661
f 6658 6661 6660
f 6659 6662 6664
f 6659 6664 6661
f 6656 6657 6663
f 6656 6663 6662
f 6657 6668 6674
f 6657 6674 6663
f 6662 6663 6665
f 6662 6665 6664
f 6663 6674 6676
f 6663 6676 6665
f 6276 6277 6667
f 6276 6667 6666
f 6277 6280 6670
f 6277 6670 6667
f 6666 6667 6669
f 6666 6669 6668
f 6667 6670 6672
f 6667 6672 6669
f 6280 6281 6671
f 6280 6671 6670
f 6281 6884 7234
f 6281 7234 6671
f 6670 6671 6673
f 6670 6673 6672
f 6671 7234 7236
f 6671 7236 6673
f 6668 6669 6675
f 6668 6675 6674
f 6669 6672 6678
f 6669 6678 6675
f 6674 6675 6677
f 6674 6677 6676
f 6675 6678 6680
f 6675 6680 6677
f 6672 6673 6679
f 6672 6679 6678
f 6673 7236 7242
f 6673 7242 6679
f 6678 6679 6681
f 6678 6681 6680
f 6679 7242 7244
f 6679 7244 6681
f 6682 6683 6684
f 6683 6685 6684
f 6684 6685 6686
f 6685 6688 6686
f 6683 6690 6685
f 6685 6690 6691
f 6685 6691 6688
f 6688 6691 6694
f 6686 6688 6687
f 6687 6688 6689
f 6687 6689 6698
f 6689 6699 6698
f 6688 6694 6689
f 6689 6694 6695
f 6689 6695 6699
f 6695 6706 6699
f 6690 6692 6691
f 6691 6692 6693
f 6691 6693 6694
f 6693 6696 6694
f 6692 6722 6693
f 6693 6722 6724
f 6693 6724 6696
f 6696 6724 6726
f 6694 6696 6695
f 6695 6696 6697
f 6695 6697 6706
f 6697 6708 6706
f 6696 6726 6697
f 6697 6726 6727
f 6697 6727 6708
f 6708 6727 6754
f 6698 6699 6700
f 6699 6701 6700
f 6700 6701 6702
f 6701 6704 6702
f 6699 6706 6701
f 6701 6706 6707
f 6701 6707 6704
f 6704 6707 6710
f 6702 6704 6703
f 6703 6704 6705
f 6703 6705 7266
f 6705 7267 7266
f 6704 6710 6705
f 6705 6710 6711
f 6705 6711 7267
f 6711 7274 7267
f 6706 6708 6707
f 6707 6708 6709
f 6707 6709 6710
f 6709 6712 6710
f 6708 6754 6709
f 6709 6754 6756
f 6709 6756 6712
f 6712 6756 6758
f 6710 6712 6711
f 6711 6712 6713
f 6711 6713 7274
f 6713 7276 7274
f 6712 6758 6713
f 6713 6758 6759
f 6713 6759 7276
f 6759 7306 7276
f 6660 6661 6715
f 6660 6715 6714
f 6661 6664 6718
f 6661 6718 6715
f 6714 6715 6717
f 6714 6717 6716
f 6715 6718 6720
f 6715 6720 6717
f 6664 6665 6719
f 6664 6719 6718
f 6665 6676 6746
f 6665 6746 6719
f 6718 6719 6721
f 6718 6721 6720
f 6719 6746 6748
f 6719 6748 6721
f 6722 6723 6724
f 6723 6725 6724
f 6724 6725 6726
f 6725 6728 6726
f 6723 6732 6725
f 6725 6732 6733
f 6725 6733 6728
f 6728 6733 6740
f 6726 6728 6727
f 6727 6728 6729
f 6727 6729 6754
f 6729 6755 6754
f 6728 6740 6729
f 6729 6740 6741
f 6729 6741 6755
f 6741 6764 6755
f 6716 6717 6731
f 6716 6731 6730
f 6717 6720 6738
f 6717 6738 6731
f 6732 6734 6733
f 6733 6734 6736
f 6733 6736 6740
f 6736 6742 6740
f 6730 6731 6737
f 6734 6735 6736
f 6730 6737 6735
f 6735 6737 6736
f 6731 6738 6744
f 6736 6737 6742
f 6731 6744 6737
f 6737 6744 6742
f 6720 6721 6739
f 6720 6739 6738
f 6721 6748 6762
f 6721 6762 6739
f 6740 6742 6741
f 6741 6742 6743
f 6741 6743 6764
f 6743 6766 6764
f 6738 6739 6745
f 6742 6744 6743
f 6738 6745 6744
f 6743 6744 6745
f 6739 6762 6767
f 6743 6745 6766
f 6739 6767 6745
f 6745 6767 6766
f 6676 6677 6747
f 6676 6747 6746
f 6677 6680 6750
f 6677 6750 6747
f 6746 6747 6749
f 6746 6749 6748
f 6747 6750 6752
f 6747 6752 6749
f 6680 6681 6751
f 6680 6751 6750
f 6681 7244 7298
f 6681 7298 6751
f 6750 6751 6753
f 6750 6753 6752
f 6751 7298 7300
f 6751 7300 6753
f 6754 6755 6756
f 6755 6757 6756
f 6756 6757 6758
f 6757 6760 6758
f 6755 6764 6757
f 6757 6764 6765
f 6757 6765 6760
f 6760 6765 6772
f 6758 6760 6759
f 6759 6760 6761
f 6759 6761 7306
f 6761 7307 7306
f 6760 6772 6761
f 6761 6772 6773
f 6761 6773 7307
f 6773 7316 7307
f 6748 6749 6763
f 6748 6763 6762
f 6749 6752 6770
f 6749 6770 6763
f 6764 6766 6765
f 6765 6766 6768
f 6765 6768 6772
f 6768 6774 6772
f 6762 6763 6769
f 6766 6767 6768
f 6762 6769 6767
f 6767 6769 6768
f 6763 6770 6776
f 6768 6769 6774
f 6763 6776 6769
f 6769 6776 6774
f 6752 6753 6771
f 6752 6771 6770
f 6753 7300 7314
f 6753 7314 6771
f 6772 6774 6773
f 6773 6774 6775
f 6773 6775 7316
f 6775 7318 7316
f 6770 6771 6777
f 6774 6776 6775
f 6770 6777 6776
f 6775 6776 6777
f 6771 7314 7319
f 6775 6777 7318
f 6771 7319 6777
f 6777 7319 7318
f 3791 6779 3792
f 3791 6778 6779
f 3792 6782 3795
f 3792 6779 6782
f 6778 6781 6779
f 6778 6780 6781
f 6779 6784 6782
f 6779 6781 6784
f 3795 6783 3796
f 3795 6782 6783
f 3796 6794 3807
f 3796 6783 6794
f 6782 6785 6783
f 6782 6784 6785
f 6783 6796 6794
f 6783 6785 6796
f 6780 6787 6781
f 6780 6786 6787
f 6781 6790 6784
f 6781 6787 6790
f 6786 6789 6787
f 6786 6788 6789
f 6787 6792 6790
f 6787 6789 6792
f 6784 6791 6785
f 6784 6790 6791
f 6785 6802 6796
f 6785 6791 6802
f 6790 6793 6791
f 6790 6792 6793
f 6791 6804 6802
f 6791 6793 6804
f 3807 6795 3808
f 3807 6794 6795
f 3808 6798 3811
f 3808 6795 6798
f 6794 6797 6795
f 6794 6796 6797
f 6795 6800 6798
f 6795 6797 6800
f 3811 6799 3812
f 3811 6798 6799
f 3812 6906 3955
f 3812 6799 6906
f 6798 6801 6799
f 6798 6800 6801
f 6799 6908 6906
f 6799 6801 6908
f 6796 6803 6797
f 6796 6802 6803
f 6797 6806 6800
f 6797 6803 6806
f 6802 6805 6803
f 6802 6804 6805
f 6803 6808 6806
f 6803 6805 6808
f 6800 6807 6801
f 6800 6806 6807
f 6801 6914 6908
f 6801 6807 6914
f 6806 6809 6807
f 6806 6808 6809
f 6807 6916 6914
f 6807 6809 6916
f 6788 6811 6789
f 6788 6810 6811
f 6789 6814 6792
f 6789 6811 6814
f 6810 6813 6811
f 6810 6812 6813
f 6811 6816 6814
f 6811 6813 6816
f 6792 6815 6793
f 6792 6814 6815
f 6793 6826 6804
f 6793 6815 6826
f 6814 6817 6815
f 6814 6816 6817
f 6815 6828 6826
f 6815 6817 6828
f 6812 6819 6813
f 6812 6818 6819
f 6813 6822 6816
f 6813 6819 6822
f 6818 6821 6819
f 6818 6820 6821
f 6819 6824 6822
f 6819 6821 6824
f 6816 6823 6817
f 6816 6822 6823
f 6817 6834 6828
f 6817 6823 6834
f 6822 6825 6823
f 6822 6824 6825
f 6823 6836 6834
f 6823 6825 6836
f 6804 6827 6805
f 6804 6826 6827
f 6805 6830 6808
f 6805 6827 6830
f 6826 6829 6827
f 6826 6828 6829
f 6827 6832 6830
f 6827 6829 6832
f 6808 6831 6809
f 6808 6830 6831
f 6809 6974 6916
f 6809 6831 6974
f 6830 6833 6831
f 6830 6832 6833
f 6831 6976 6974
f 6831 6833 6976
f 6828 6835 6829
f 6828 6834 6835
f 6829 6838 6832
f 6829 6835 6838
f 6834 6837 6835
f 6834 6836 6837
f 6835 6840 6838
f 6835 6837 6840
f 6832 6839 6833
f 6832 6838 6839
f 6833 6982 6976
f 6833 6839 6982
f 6838 6841 6839
f 6838 6840 6841
f 6839 6984 6982
f 6839 6841 6984
f 3855 3856 6843
f 3855 6843 6842
f 3856 3859 6846
f 3856 6846 6843
f 6842 6843 6845
f 6842 6845 6844
f 6843 6846 6848
f 6843 6848 6845
f 3859 3860 6847
f 3859 6847 6846
f 3860 3872 6858
f 3860 6858 6847
f 6846 6847 6849
f 6846 6849 6848
f 6847 6858 6861
f 6847 6861 6849
f 6844 6845 6851
f 6844 6851 6850
f 6845 6848 6854
f 6845 6854 6851
f 6850 6851 6853
f 6850 6853 6852
f 6851 6854 6856
f 6851 6856 6853
f 6848 6849 6855
f 6848 6855 6854
f 6849 6861 6866
f 6849 6866 6855
f 6854 6855 6857
f 6854 6857 6856
f 6855 6866 6869
f 6855 6869 6857
f 3872 3873 6859
f 3872 6859 6858
f 3873 3874 6860
f 3873 6860 6859
f 6858 6859 6862
f 6858 6862 6861
f 6859 6860 6863
f 6859 6863 6862
f 3874 3876 6864
f 3874 6864 6860
f 3876 3971 6922
f 3876 6922 6864
f 6860 6864 6865
f 6860 6865 6863
f 6864 6922 6924
f 6864 6924 6865
f 6861 6862 6867
f 6861 6867 6866
f 6862 6863 6868
f 6862 6868 6867
f 6866 6867 6870
f 6866 6870 6869
f 6867 6868 6871
f 6867 6871 6870
f 6863 6865 6872
f 6863 6872 6868
f 6865 6924 6930
f 6865 6930 6872
f 6868 6872 6873
f 6868 6873 6871
f 6872 6930 6932
f 6872 6932 6873
f 6852 6853 6875
f 6852 6875 6874
f 6853 6856 6878
f 6853 6878 6875
f 6874 6875 6877
f 6874 6877 6876
f 6875 6878 6880
f 6875 6880 6877
f 6856 6857 6879
f 6856 6879 6878
f 6857 6869 6890
f 6857 6890 6879
f 6878 6879 6881
f 6878 6881 6880
f 6879 6890 6893
f 6879 6893 6881
f 6876 6877 6883
f 6876 6883 6882
f 6877 6880 6886
f 6877 6886 6883
f 6882 6883 6885
f 6882 6885 6884
f 6883 6886 6888
f 6883 6888 6885
f 6880 6881 6887
f 6880 6887 6886
f 6881 6893 6898
f 6881 6898 6887
f 6886 6887 6889
f 6886 6889 6888
f 6887 6898 6901
f 6887 6901 6889
f 6869 6870 6891
f 6869 6891 6890
f 6870 6871 6892
f 6870 6892 6891
f 6890 6891 6894
f 6890 6894 6893
f 6891 6892 6895
f 6891 6895 6894
f 6871 6873 6896
f 6871 6896 6892
f 6873 6932 6990
f 6873 6990 6896
f 6892 6896 6897
f 6892 6897 6895
f 6896 6990 6992
f 6896 6992 6897
f 6893 6894 6899
f 6893 6899 6898
f 6894 6895 6900
f 6894 6900 6899
f 6898 6899 6902
f 6898 6902 6901
f 6899 6900 6903
f 6899 6903 6902
f 6895 6897 6904
f 6895 6904 6900
f 6897 6992 6998
f 6897 6998 6904
f 6900 6904 6905
f 6900 6905 6903
f 6904 6998 7000
f 6904 7000 6905
f 3955 6907 3956
f 3955 6906 6907
f 3956 6910 3959
f 3956 6907 6910
f 6906 6909 6907
f 6906 6908 6909
f 6907 6912 6910
f 6907 6909 6912
f 3959 6911 3960
f 3959 6910 6911
f 3960 6938 3997
f 3960 6911 6938
f 6910 6913 6911
f 6910 6912 6913
f 6911 6940 6938
f 6911 6913 6940
f 6908 6915 6909
f 6908 6914 6915
f 6909 6918 6912
f 6909 6915 6918
f 6914 6917 6915
f 6914 6916 6917
f 6915 6920 6918
f 6915 6917 6920
f 6912 6919 6913
f 6912 6918 6919
f 6913 6956 6940
f 6913 6919 6956
f 6918 6921 6919
f 6918 6920 6921
f 6919 6958 6956
f 6919 6921 6958
f 3971 3972 6923
f 3971 6923 6922
f 3972 3975 6926
f 3972 6926 6923
f 6922 6923 6925
f 6922 6925 6924
f 6923 6926 6928
f 6923 6928 6925
f 3975 3976 6927
f 3975 6927 6926
f 3976 4002 6942
f 3976 6942 6927
f 6926 6927 6929
f 6926 6929 6928
f 6927 6942 6945
f 6927 6945 6929
f 6924 6925 6931
f 6924 6931 6930
f 6925 6928 6934
f 6925 6934 6931
f 6930 6931 6933
f 6930 6933 6932
f 6931 6934 6936
f 6931 6936 6933
f 6928 6929 6935
f 6928 6935 6934
f 6929 6945 6960
f 6929 6960 6935
f 6934 6935 6937
f 6934 6937 6936
f 6935 6960 6963
f 6935 6963 6937
f 3997 6939 3998
f 3997 6938 6939
f 3998 6948 4009
f 3998 6939 6948
f 6938 6941 6939
f 6938 6940 6941
f 6939 6952 6948
f 6939 6941 6952
f 4002 4003 6943
f 4002 6943 6942
f 4003 4004 6944
f 4003 6944 6943
f 6942 6943 6946
f 6942 6946 6945
f 6943 6944 6947
f 6943 6947 6946
f 4009 6949 4010
f 4009 6948 6949
f 4004 4011 6950
f 4004 6950 6944
f 4010 6951 4012
f 4011 4012 6951
f 4010 6949 6951
f 4011 6951 6950
f 6948 6953 6949
f 6948 6952 6953
f 6944 6950 6954
f 6944 6954 6947
f 6949 6955 6951
f 6950 6951 6955
f 6949 6953 6955
f 6950 6955 6954
f 6940 6957 6941
f 6940 6956 6957
f 6941 6966 6952
f 6941 6957 6966
f 6956 6959 6957
f 6956 6958 6959
f 6957 6970 6966
f 6957 6959 6970
f 6945 6946 6961
f 6945 6961 6960
f 6946 6947 6962
f 6946 6962 6961
f 6960 6961 6964
f 6960 6964 6963
f 6961 6962 6965
f 6961 6965 6964
f 6952 6967 6953
f 6952 6966 6967
f 6947 6954 6968
f 6947 6968 6962
f 6953 6969 6955
f 6954 6955 6969
f 6953 6967 6969
f 6954 6969 6968
f 6966 6971 6967
f 6966 6970 6971
f 6962 6968 6972
f 6962 6972 6965
f 6967 6973 6969
f 6968 6969 6973
f 6967 6971 6973
f 6968 6973 6972
f 6916 6975 6917
f 6916 6974 6975
f 6917 6978 6920
f 6917 6975 6978
f 6974 6977 6975
f 6974 6976 6977
f 6975 6980 6978
f 6975 6977 6980
f 6920 6979 6921
f 6920 6978 6979
f 6921 7006 6958
f 6921 6979 7006
f 6978 6981 6979
f 6978 6980 6981
f 6979 7008 7006
f 6979 6981 7008
f 6976 6983 6977
f 6976 6982 6983
f 6977 6986 6980
f 6977 6983 6986
f 6982 6985 6983
f 6982 6984 6985
f 6983 6988 6986
f 6983 6985 6988
f 6980 6987 6981
f 6980 6986 6987
f 6981 7024 7008
f 6981 6987 7024
f 6986 6989 6987
f 6986 6988 6989
f 6987 7026 7024
f 6987 6989 7026
f 6932 6933 6991
f 6932 6991 6990
f 6933 6936 6994
f 6933 6994 6991
f 6990 6991 6993
f 6990 6993 6992
f 6991 6994 6996
f 6991 6996 6993
f 6936 6937 6995
f 6936 6995 6994
f 6937 6963 7010
f 6937 7010 6995
f 6994 6995 6997
f 6994 6997 6996
f 6995 7010 7013
f 6995 7013 6997
f 6992 6993 6999
f 6992 6999 6998
f 6993 6996 7002
f 6993 7002 6999
f 6998 6999 7001
f 6998 7001 7000
f 6999 7002 7004
f 6999 7004 7001
f 6996 6997 7003
f 6996 7003 7002
f 6997 7013 7028
f 6997 7028 7003
f 7002 7003 7005
f 7002 7005 7004
f 7003 7028 7031
f 7003 7031 7005
f 6958 7007 6959
f 6958 7006 7007
f 6959 7016 6970
f 6959 7007 7016
f 7006 7009 7007
f 7006 7008 7009
f 7007 7020 7016
f 7007 7009 7020
f 6963 6964 7011
f 6963 7011 7010
f 6964 6965 7012
f 6964 7012 7011
f 7010 7011 7014
f 7010 7014 7013
f 7011 7012 7015
f 7011 7015 7014
f 6970 7017 6971
f 6970 7016 7017
f 6965 6972 7018
f 6965 7018 7012
f 6971 7019 6973
f 6972 6973 7019
f 6971 7017 7019
f 6972 7019 7018
f 7016 7021 7017
f 7016 7020 7021
f 7012 7018 7022
f 7012 7022 7015
f 7017 7023 7019
f 7018 7019 7023
f 7017 7021 7023
f 7018 7023 7022
f 7008 7025 7009
f 7008 7024 7025
f 7009 7034 7020
f 7009 7025 7034
f 7024 7027 7025
f 7024 7026 7027
f 7025 7038 7034
f 7025 7027 7038
f 7013 7014 7029
f 7013 7029 7028
f 7014 7015 7030
f 7014 7030 7029
f 7028 7029 7032
f 7028 7032 7031
f 7029 7030 7033
f 7029 7033 7032
f 7020 7035 7021
f 7020 7034 7035
f 7015 7022 7036
f 7015 7036 7030
f 7021 7037 7023
f 7022 7023 7037
f 7021 7035 7037
f 7022 7037 7036
f 7034 7039 7035
f 7034 7038 7039
f 7030 7036 7040
f 7030 7040 7033
f 7035 7041 7037
f 7036 7037 7041
f 7035 7039 7041
f 7036 7041 7040
f 7042 7044 7043
f 7043 7044 7045
f 7043 7045 7046
f 7045 7048 7046
f 7044 7050 7045
f 7045 7050 7051
f 7045 7051 7048
f 7048 7051 7054
f 7046 7048 7047
f 7047 7048 7049
f 7047 7049 7058
f 7049 7061 7058
f 7048 7054 7049
f 7049 7054 7055
f 7049 7055 7061
f 7055 7066 7061
f 7050 7052 7051
f 7051 7052 7053
f 7051 7053 7054
f 7053 7056 7054
f 7052 7074 7053
f 7053 7074 7075
f 7053 7075 7056
f 7056 7075 7078
f 7054 7056 7055
f 7055 7056 7057
f 7055 7057 7066
f 7057 7069 7066
f 7056 7078 7057
f 7057 7078 7079
f 7057 7079 7069
f 7069 7079 7090
f 7058 7061 7059
f 7059 7061 7062
f 7059 7062 7060
f 7060 7062 7063
f 7061 7066 7062
f 7062 7066 7067
f 7062 7067 7063
f 7063 7067 7068
f 7060 7063 7064
f 7063 7065 7064
f 7064 7065 7138
f 7065 7140 7138
f 7063 7068 7065
f 7065 7068 7072
f 7065 7072 7140
f 7072 7146 7140
f 7066 7069 7067
f 7067 7069 7070
f 7067 7070 7068
f 7068 7070 7071
f 7069 7090 7070
f 7070 7090 7091
f 7070 7091 7071
f 7071 7091 7092
f 7068 7071 7072
f 7071 7073 7072
f 7072 7073 7146
f 7073 7148 7146
f 7071 7092 7073
f 7073 7092 7096
f 7073 7096 7148
f 7096 7186 7148
f 7074 7076 7075
f 7075 7076 7077
f 7075 7077 7078
f 7077 7080 7078
f 7076 7082 7077
f 7077 7082 7083
f 7077 7083 7080
f 7080 7083 7086
f 7078 7080 7079
f 7079 7080 7081
f 7079 7081 7090
f 7081 7093 7090
f 7080 7086 7081
f 7081 7086 7087
f 7081 7087 7093
f 7087 7098 7093
f 7082 7084 7083
f 7083 7084 7085
f 7083 7085 7086
f 7085 7088 7086
f 7084 7266 7085
f 7085 7266 7268
f 7085 7268 7088
f 7088 7268 7270
f 7086 7088 7087
f 7087 7088 7089
f 7087 7089 7098
f 7089 7101 7098
f 7088 7270 7089
f 7089 7270 7271
f 7089 7271 7101
f 7101 7271 7282
f 7090 7093 7091
f 7091 7093 7094
f 7091 7094 7092
f 7092 7094 7095
f 7093 7098 7094
f 7094 7098 7099
f 7094 7099 7095
f 7095 7099 7100
f 7092 7095 7096
f 7095 7097 7096
f 7096 7097 7186
f 7097 7188 7186
f 7095 7100 7097
f 7097 7100 7104
f 7097 7104 7188
f 7104 7194 7188
f 7098 7101 7099
f 7099 7101 7102
f 7099 7102 7100
f 7100 7102 7103
f 7101 7282 7102
f 7102 7282 7284
f 7102 7284 7103
f 7103 7284 7285
f 7100 7103 7104
f 7103 7105 7104
f 7104 7105 7194
f 7105 7196 7194
f 7103 7285 7105
f 7105 7285 7288
f 7105 7288 7196
f 7196 7288 7430
f 6820 7107 6821
f 6820 7106 7107
f 6821 7110 6824
f 6821 7107 7110
f 7106 7109 7107
f 7106 7108 7109
f 7107 7112 7110
f 7107 7109 7112
f 6824 7111 6825
f 6824 7110 7111
f 6825 7122 6836
f 6825 7111 7122
f 7110 7113 7111
f 7110 7112 7113
f 7111 7124 7122
f 7111 7113 7124
f 7108 7115 7109
f 7108 7114 7115
f 7109 7118 7112
f 7109 7115 7118
f 7114 7117 7115
f 7114 7116 7117
f 7115 7120 7118
f 7115 7117 7120
f 7112 7119 7113
f 7112 7118 7119
f 7113 7130 7124
f 7113 7119 7130
f 7118 7121 7119
f 7118 7120 7121
f 7119 7132 7130
f 7119 7121 7132
f 6836 7123 6837
f 6836 7122 7123
f 6837 7126 6840
f 6837 7123 7126
f 7122 7125 7123
f 7122 7124 7125
f 7123 7128 7126
f 7123 7125 7128
f 6840 7127 6841
f 6840 7126 7127
f 6841 7362 6984
f 6841 7127 7362
f 7126 7129 7127
f 7126 7128 7129
f 7127 7364 7362
f 7127 7129 7364
f 7124 7131 7125
f 7124 7130 7131
f 7125 7134 7128
f 7125 7131 7134
f 7130 7133 7131
f 7130 7132 7133
f 7131 7136 7134
f 7131 7133 7136
f 7128 7135 7129
f 7128 7134 7135
f 7129 7370 7364
f 7129 7135 7370
f 7134 7137 7135
f 7134 7136 7137
f 7135 7372 7370
f 7135 7137 7372
f 7138 7140 7139
f 7139 7140 7141
f 7139 7141 7142
f 7141 7144 7142
f 7140 7146 7141
f 7141 7146 7147
f 7141 7147 7144
f 7144 7147 7150
f 7142 7144 7143
f 7143 7144 7145
f 7143 7145 7162
f 7145 7165 7162
f 7144 7150 7145
f 7145 7150 7151
f 7145 7151 7165
f 7151 7174 7165
f 7146 7148 7147
f 7147 7148 7149
f 7147 7149 7150
f 7149 7152 7150
f 7148 7186 7149
f 7149 7186 7187
f 7149 7187 7152
f 7152 7187 7190
f 7150 7152 7151
f 7151 7152 7153
f 7151 7153 7174
f 7153 7177 7174
f 7152 7190 7153
f 7153 7190 7191
f 7153 7191 7177
f 7177 7191 7210
f 7116 7155 7117
f 7116 7154 7155
f 7117 7158 7120
f 7117 7155 7158
f 7154 7157 7155
f 7154 7156 7157
f 7155 7160 7158
f 7155 7157 7160
f 7120 7159 7121
f 7120 7158 7159
f 7121 7202 7132
f 7121 7159 7202
f 7158 7161 7159
f 7158 7160 7161
f 7159 7204 7202
f 7159 7161 7204
f 7162 7165 7163
f 7163 7165 7166
f 7163 7166 7164
f 7164 7166 7167
f 7165 7174 7166
f 7166 7174 7175
f 7166 7175 7167
f 7167 7175 7176
f 7156 7169 7157
f 7156 7168 7169
f 7157 7180 7160
f 7157 7169 7180
f 7164 7167 7170
f 7167 7172 7170
f 7168 7173 7169
f 7170 7172 7171
f 7168 7171 7173
f 7171 7172 7173
f 7167 7176 7172
f 7172 7176 7182
f 7169 7183 7180
f 7172 7182 7173
f 7169 7173 7183
f 7173 7182 7183
f 7174 7177 7175
f 7175 7177 7178
f 7175 7178 7176
f 7176 7178 7179
f 7177 7210 7178
f 7178 7210 7211
f 7178 7211 7179
f 7179 7211 7212
f 7160 7181 7161
f 7160 7180 7181
f 7161 7216 7204
f 7161 7181 7216
f 7176 7179 7182
f 7179 7184 7182
f 7180 7185 7181
f 7182 7184 7183
f 7180 7183 7185
f 7183 7184 7185
f 7179 7212 7184
f 7184 7212 7218
f 7181 7219 7216
f 7184 7218 7185
f 7181 7185 7219
f 7185 7218 7219
f 7186 7188 7187
f 7187 7188 7189
f 7187 7189 7190
f 7189 7192 7190
f 7188 7194 7189
f 7189 7194 7195
f 7189 7195 7192
f 7192 7195 7198
f 7190 7192 7191
f 7191 7192 7193
f 7191 7193 7210
f 7193 7213 7210
f 7192 7198 7193
f 7193 7198 7199
f 7193 7199 7213
f 7199 7222 7213
f 7194 7196 7195
f 7195 7196 7197
f 7195 7197 7198
f 7197 7200 7198
f 7196 7430 7197
f 7197 7430 7431
f 7197 7431 7200
f 7200 7431 7434
f 7198 7200 7199
f 7199 7200 7201
f 7199 7201 7222
f 7201 7225 7222
f 7200 7434 7201
f 7201 7434 7435
f 7201 7435 7225
f 7225 7435 7454
f 7132 7203 7133
f 7132 7202 7203
f 7133 7206 7136
f 7133 7203 7206
f 7202 7205 7203
f 7202 7204 7205
f 7203 7208 7206
f 7203 7205 7208
f 7136 7207 7137
f 7136 7206 7207
f 7137 7446 7372
f 7137 7207 7446
f 7206 7209 7207
f 7206 7208 7209
f 7207 7448 7446
f 7207 7209 7448
f 7210 7213 7211
f 7211 7213 7214
f 7211 7214 7212
f 7212 7214 7215
f 7213 7222 7214
f 7214 7222 7223
f 7214 7223 7215
f 7215 7223 7224
f 7204 7217 7205
f 7204 7216 7217
f 7205 7228 7208
f 7205 7217 7228
f 7212 7215 7218
f 7215 7220 7218
f 7216 7221 7217
f 7218 7220 7219
f 7216 7219 7221
f 7219 7220 7221
f 7215 7224 7220
f 7220 7224 7230
f 7217 7231 7228
f 7220 7230 7221
f 7217 7221 7231
f 7221 7230 7231
f 7222 7225 7223
f 7223 7225 7226
f 7223 7226 7224
f 7224 7226 7227
f 7225 7454 7226
f 7226 7454 7456
f 7226 7456 7227
f 7227 7456 7457
f 7208 7229 7209
f 7208 7228 7229
f 7209 7460 7448
f 7209 7229 7460
f 7224 7227 7230
f 7227 7232 7230
f 7228 7233 7229
f 7230 7232 7231
f 7228 7231 7233
f 7231 7232 7233
f 7227 7457 7232
f 7232 7457 7462
f 7229 7463 7460
f 7232 7462 7233
f 7229 7233 7463
f 7233 7462 7463
f 6884 6885 7235
f 6884 7235 7234
f 6885 6888 7238
f 6885 7238 7235
f 7234 7235 7237
f 7234 7237 7236
f 7235 7238 7240
f 7235 7240 7237
f 6888 6889 7239
f 6888 7239 7238
f 6889 6901 7250
f 6889 7250 7239
f 7238 7239 7241
f 7238 7241 7240
f 7239 7250 7253
f 7239 7253 7241
f 7236 7237 7243
f 7236 7243 7242
f 7237 7240 7246
f 7237 7246 7243
f 7242 7243 7245
f 7242 7245 7244
f 7243 7246 7248
f 7243 7248 7245
f 7240 7241 7247
f 7240 7247 7246
f 7241 7253 7258
f 7241 7258 7247
f 7246 7247 7249
f 7246 7249 7248
f 7247 7258 7261
f 7247 7261 7249
f 6901 6902 7251
f 6901 7251 7250
f 6902 6903 7252
f 6902 7252 7251
f 7250 7251 7254
f 7250 7254 7253
f 7251 7252 7255
f 7251 7255 7254
f 6903 6905 7256
f 6903 7256 7252
f 6905 7000 7378
f 6905 7378 7256
f 7252 7256 7257
f 7252 7257 7255
f 7256 7378 7380
f 7256 7380 7257
f 7253 7254 7259
f 7253 7259 7258
f 7254 7255 7260
f 7254 7260 7259
f 7258 7259 7262
f 7258 7262 7261
f 7259 7260 7263
f 7259 7263 7262
f 7255 7257 7264
f 7255 7264 7260
f 7257 7380 7386
f 7257 7386 7264
f 7260 7264 7265
f 7260 7265 7263
f 7264 7386 7388
f 7264 7388 7265
f 7266 7267 7268
f 7267 7269 7268
f 7268 7269 7270
f 7269 7272 7270
f 7267 7274 7269
f 7269 7274 7275
f 7269 7275 7272
f 7272 7275 7278
f 7270 7272 7271
f 7271 7272 7273
f 7271 7273 7282
f 7273 7283 7282
f 7272 7278 7273
f 7273 7278 7279
f 7273 7279 7283
f 7279 7290 7283
f 7274 7276 7275
f 7275 7276 7277
f 7275 7277 7278
f 7277 7280 7278
f 7276 7306 7277
f 7277 7306 7308
f 7277 7308 7280
f 7280 7308 7310
f 7278 7280 7279
f 7279 7280 7281
f 7279 7281 7290
f 7281 7293 7290
f 7280 7310 7281
f 7281 7310 7311
f 7281 7311 7293
f 7293 7311 7338
f 7282 7283 7284
f 7283 7286 7284
f 7284 7286 7285
f 7285 7286 7287
f 7283 7290 7286
f 7286 7290 7291
f 7286 7291 7287
f 7287 7291 7292
f 7285 7287 7288
f 7287 7289 7288
f 7288 7289 7430
f 7289 7432 7430
f 7287 7292 7289
f 7289 7292 7296
f 7289 7296 7432
f 7296 7438 7432
f 7290 7293 7291
f 7291 7293 7294
f 7291 7294 7292
f 7292 7294 7295
f 7293 7338 7294
f 7294 7338 7340
f 7294 7340 7295
f 7295 7340 7341
f 7292 7295 7296
f 7295 7297 7296
f 7296 7297 7438
f 7297 7440 7438
f 7295 7341 7297
f 7297 7341 7344
f 7297 7344 7440
f 7344 7486 7440
f 7244 7245 7299
f 7244 7299 7298
f 7245 7248 7302
f 7245 7302 7299
f 7298 7299 7301
f 7298 7301 7300
f 7299 7302 7304
f 7299 7304 7301
f 7248 7249 7303
f 7248 7303 7302
f 7249 7261 7330
f 7249 7330 7303
f 7302 7303 7305
f 7302 7305 7304
f 7303 7330 7333
f 7303 7333 7305
f 7306 7307 7308
f 7307 7309 7308
f 7308 7309 7310
f 7309 7312 7310
f 7307 7316 7309
f 7309 7316 7317
f 7309 7317 7312
f 7312 7317 7324
f 7310 7312 7311
f 7311 7312 7313
f 7311 7313 7338
f 7313 7339 7338
f 7312 7324 7313
f 7313 7324 7325
f 7313 7325 7339
f 7325 7349 7339
f 7300 7301 7315
f 7300 7315 7314
f 7301 7304 7322
f 7301 7322 7315
f 7316 7318 7317
f 7317 7318 7320
f 7317 7320 7324
f 7320 7326 7324
f 7314 7315 7321
f 7318 7319 7320
f 7314 7321 7319
f 7319 7321 7320
f 7315 7322 7328
f 7320 7321 7326
f 7315 7328 7321
f 7321 7328 7326
f 7304 7305 7323
f 7304 7323 7322
f 7305 7333 7346
f 7305 7346 7323
f 7324 7326 7325
f 7325 7326 7327
f 7325 7327 7349
f 7327 7352 7349
f 7322 7323 7329
f 7326 7328 7327
f 7322 7329 7328
f 7327 7328 7329
f 7323 7346 7353
f 7327 7329 7352
f 7323 7353 7329
f 7329 7353 7352
f 7261 7262 7331
f 7261 7331 7330
f 7262 7263 7332
f 7262 7332 7331
f 7330 7331 7334
f 7330 7334 7333
f 7331 7332 7335
f 7331 7335 7334
f 7263 7265 7336
f 7263 7336 7332
f 7265 7388 7478
f 7265 7478 7336
f 7332 7336 7337
f 7332 7337 7335
f 7336 7478 7480
f 7336 7480 7337
f 7338 7339 7340
f 7339 7342 7340
f 7340 7342 7341
f 7341 7342 7343
f 7339 7349 7342
f 7342 7349 7350
f 7342 7350 7343
f 7343 7350 7351
f 7341 7343 7344
f 7343 7345 7344
f 7344 7345 7486
f 7345 7488 7486
f 7343 7351 7345
f 7345 7351 7359
f 7345 7359 7488
f 7359 7496 7488
f 7333 7334 7347
f 7333 7347 7346
f 7334 7335 7348
f 7334 7348 7347
f 7349 7352 7350
f 7350 7352 7354
f 7350 7354 7351
f 7351 7354 7355
f 7346 7347 7356
f 7352 7353 7354
f 7346 7356 7353
f 7353 7356 7354
f 7347 7348 7357
f 7354 7356 7355
f 7347 7357 7356
f 7355 7356 7357
f 7335 7337 7358
f 7335 7358 7348
f 7337 7480 7494
f 7337 7494 7358
f 7351 7355 7359
f 7355 7360 7359
f 7359 7360 7496
f 7360 7498 7496
f 7348 7358 7361
f 7355 7357 7360
f 7348 7361 7357
f 7357 7361 7360
f 7358 7494 7500
f 7360 7361 7498
f 7358 7500 7361
f 7361 7500 7498
f 6984 7363 6985
f 6984 7362 7363
f 6985 7366 6988
f 6985 7363 7366
f 7362 7365 7363
f 7362 7364 7365
f 7363 7368 7366
f 7363 7365 7368
f 6988 7367 6989
f 6988 7366 7367
f 6989 7394 7026
f 6989 7367 7394
f 7366 7369 7367
f 7366 7368 7369
f 7367 7396 7394
f 7367 7369 7396
f 7364 7371 7365
f 7364 7370 7371
f 7365 7374 7368
f 7365 7371 7374
f 7370 7373 7371
f 7370 7372 7373
f 7371 7376 7374
f 7371 7373 7376
f 7368 7375 7369
f 7368 7374 7375
f 7369 7412 7396
f 7369 7375 7412
f 7374 7377 7375
f 7374 7376 7377
f 7375 7414 7412
f 7375 7377 7414
f 7000 7001 7379
f 7000 7379 7378
f 7001 7004 7382
f 7001 7382 7379
f 7378 7379 7381
f 7378 7381 7380
f 7379 7382 7384
f 7379 7384 7381
f 7004 7005 7383
f 7004 7383 7382
f 7005 7031 7398
f 7005 7398 7383
f 7382 7383 7385
f 7382 7385 7384
f 7383 7398 7401
f 7383 7401 7385
f 7380 7381 7387
f 7380 7387 7386
f 7381 7384 7390
f 7381 7390 7387
f 7386 7387 7389
f 7386 7389 7388
f 7387 7390 7392
f 7387 7392 7389
f 7384 7385 7391
f 7384 7391 7390
f 7385 7401 7416
f 7385 7416 7391
f 7390 7391 7393
f 7390 7393 7392
f 7391 7416 7419
f 7391 7419 7393
f 7026 7395 7027
f 7026 7394 7395
f 7027 7404 7038
f 7027 7395 7404
f 7394 7397 7395
f 7394 7396 7397
f 7395 7408 7404
f 7395 7397 7408
f 7031 7032 7399
f 7031 7399 7398
f 7032 7033 7400
f 7032 7400 7399
f 7398 7399 7402
f 7398 7402 7401
f 7399 7400 7403
f 7399 7403 7402
f 7038 7405 7039
f 7038 7404 7405
f 7033 7040 7406
f 7033 7406 7400
f 7039 7407 7041
f 7040 7041 7407
f 7039 7405 7407
f 7040 7407 7406
f 7404 7409 7405
f 7404 7408 7409
f 7400 7406 7410
f 7400 7410 7403
f 7405 7411 7407
f 7406 7407 7411
f 7405 7409 7411
f 7406 7411 7410
f 7396 7413 7397
f 7396 7412 7413
f 7397 7422 7408
f 7397 7413 7422
f 7412 7415 7413
f 7412 7414 7415
f 7413 7426 7422
f 7413 7415 7426
f 7401 7402 7417
f 7401 7417 7416
f 7402 7403 7418
f 7402 7418 7417
f 7416 7417 7420
f 7416 7420 7419
f 7417 7418 7421
f 7417 7421 7420
f 7408 7423 7409
f 7408 7422 7423
f 7403 7410 7424
f 7403 7424 7418
f 7409 7425 7411
f 7410 7411 7425
f 7409 7423 7425
f 7410 7425 7424
f 7422 7427 7423
f 7422 7426 7427
f 7418 7424 7428
f 7418 7428 7421
f 7423 7429 7425
f 7424 7425 7429
f 7423 7427 7429
f 7424 7429 7428
f 7430 7432 7431
f 7431 7432 7433
f 7431 7433 7434
f 7433 7436 7434
f 7432 7438 7433
f 7433 7438 7439
f 7433 7439 7436
f 7436 7439 7442
f 7434 7436 7435
f 7435 7436 7437
f 7435 7437 7454
f 7437 7455 7454
f 7436 7442 7437
f 7437 7442 7443
f 7437 7443 7455
f 7443 7466 7455
f 7438 7440 7439
f 7439 7440 7441
f 7439 7441 7442
f 7441 7444 7442
f 7440 7486 7441
f 7441 7486 7487
f 7441 7487 7444
f 7444 7487 7490
f 7442 7444 7443
f 7443 7444 7445
f 7443 7445 7466
f 7445 7469 7466
f 7444 7490 7445
f 7445 7490 7491
f 7445 7491 7469
f 7469 7491 7528
f 7372 7447 7373
f 7372 7446 7447
f 7373 7450 7376
f 7373 7447 7450
f 7446 7449 7447
f 7446 7448 7449
f 7447 7452 7450
f 7447 7449 7452
f 7376 7451 7377
f 7376 7450 7451
f 7377 7510 7414
f 7377 7451 7510
f 7450 7453 7451
f 7450 7452 7453
f 7451 7512 7510
f 7451 7453 7512
f 7454 7455 7456
f 7455 7458 7456
f 7456 7458 7457
f 7457 7458 7459
f 7455 7466 7458
f 7458 7466 7467
f 7458 7467 7459
f 7459 7467 7468
f 7448 7461 7449
f 7448 7460 7461
f 7449 7472 7452
f 7449 7461 7472
f 7457 7459 7462
f 7459 7464 7462
f 7460 7465 7461
f 7462 7464 7463
f 7460 7463 7465
f 7463 7464 7465
f 7459 7468 7464
f 7464 7468 7474
f 7461 7475 7472
f 7464 7474 7465
f 7461 7465 7475
f 7465 7474 7475
f 7466 7469 7467
f 7467 7469 7470
f 7467 7470 7468
f 7468 7470 7471
f 7469 7528 7470
f 7470 7528 7530
f 7470 7530 7471
f 7471 7530 7531
f 7452 7473 7453
f 7452 7472 7473
f 7453 7534 7512
f 7453 7473 7534
f 7468 7471 7474
f 7471 7476 7474
f 7472 7477 7473
f 7474 7476 7475
f 7472 7475 7477
f 7475 7476 7477
f 7471 7531 7476
f 7476 7531 7536
f 7473 7537 7534
f 7476 7536 7477
f 7473 7477 7537
f 7477 7536 7537
f 7388 7389 7479
f 7388 7479 7478
f 7389 7392 7482
f 7389 7482 7479
f 7478 7479 7481
f 7478 7481 7480
f 7479 7482 7484
f 7479 7484 7481
f 7392 7393 7483
f 7392 7483 7482
f 7393 7419 7514
f 7393 7514 7483
f 7482 7483 7485
f 7482 7485 7484
f 7483 7514 7517
f 7483 7517 7485
f 7486 7488 7487
f 7487 7488 7489
f 7487 7489 7490
f 7489 7492 7490
f 7488 7496 7489
f 7489 7496 7497
f 7489 7497 7492
f 7492 7497 7504
f 7490 7492 7491
f 7491 7492 7493
f 7491 7493 7528
f 7493 7529 7528
f 7492 7504 7493
f 7493 7504 7505
f 7493 7505 7529
f 7505 7543 7529
f 7480 7481 7495
f 7480 7495 7494
f 7481 7484 7502
f 7481 7502 7495
f 7496 7498 7497
f 7497 7498 7499
f 7497 7499 7504
f 7499 7506 7504
f 7494 7495 7501
f 7498 7500 7499
f 7494 7501 7500
f 7499 7500 7501
f 7495 7502 7508
f 7499 7501 7506
f 7495 7508 7501
f 7501 7508 7506
f 7484 7485 7503
f 7484 7503 7502
f 7485 7517 7540
f 7485 7540 7503
f 7504 7506 7505
f 7505 7506 7507
f 7505 7507 7543
f 7507 7546 7543
f 7502 7503 7509
f 7506 7508 7507
f 7502 7509 7508
f 7507 7508 7509
f 7503 7540 7547
f 7507 7509 7546
f 7503 7547 7509
f 7509 7547 7546
f 7414 7511 7415
f 7414 7510 7511
f 7415 7520 7426
f 7415 7511 7520
f 7510 7513 7511
f 7510 7512 7513
f 7511 7524 7520
f 7511 7513 7524
f 7419 7420 7515
f 7419 7515 7514
f 7420 7421 7516
f 7420 7516 7515
f 7514 7515 7518
f 7514 7518 7517
f 7515 7516 7519
f 7515 7519 7518
f 7426 7521 7427
f 7426 7520 7521
f 7421 7428 7522
f 7421 7522 7516
f 7427 7523 7429
f 7428 7429 7523
f 7427 7521 7523
f 7428 7523 7522
f 7520 7525 7521
f 7520 7524 7525
f 7516 7522 7526
f 7516 7526 7519
f 7521 7527 7523
f 7522 7523 7527
f 7521 7525 7527
f 7522 7527 7526
f 7528 7529 7530
f 7529 7532 7530
f 7530 7532 7531
f 7531 7532 7533
f 7529 7543 7532
f 7532 7543 7544
f 7532 7544 7533
f 7533 7544 7545
f 7512 7535 7513
f 7512 7534 7535
f 7513 7552 7524
f 7513 7535 7552
f 7531 7533 7536
f 7533 7538 7536
f 7534 7539 7535
f 7536 7538 7537
f 7534 7537 7539
f 7537 7538 7539
f 7533 7545 7538
f 7538 7545 7556
f 7535 7557 7552
f 7538 7556 7539
f 7535 7539 7557
f 7539 7556 7557
f 7517 7518 7541
f 7517 7541 7540
f 7518 7519 7542
f 7518 7542 7541
f 7543 7546 7544
f 7544 7546 7548
f 7544 7548 7545
f 7545 7548 7549
f 7540 7541 7550
f 7546 7547 7548
f 7540 7550 7547
f 7547 7550 7548
f 7541 7542 7551
f 7548 7550 7549
f 7541 7551 7550
f 7549 7550 7551
f 7524 7553 7525
f 7524 7552 7553
f 7519 7526 7554
f 7519 7554 7542
f 7525 7555 7527
f 7526 7527 7555
f 7525 7553 7555
f 7526 7555 7554
f 7545 7549 7556
f 7549 7558 7556
f 7552 7559 7553
f 7556 7558 7557
f 7552 7557 7559
f 7557 7558 7559
f 7542 7554 7560
f 7549 7551 7558
f 7542 7560 7551
f 7551 7560 7558
f 7553 7561 7555
f 7554 7555 7561
f 7558 7560 7559
f 7553 7559 7561
f 7554 7561 7560
f 7559 7560 7561
f 182 674 181
f 185 182 181
f 182 187 188
f 185 181 183
f 185 183 681
f 185 681 184
f 185 184 187
f 185 187 182
f 187 685 189
f 182 188 690
f 188 191 729
f 187 191 188
f 187 189 191
f 189 190 191
f 426 447 472
f 427 448 426
f 427 426 507
f 435 990 434
f 435 433 432
f 435 434 433
f 450 435 432
f 450 437 435
f 435 436 990
f 437 436 435
f 450 458 437
f 437 459 436
f 450 443 444
f 444 442 441
f 439 441 438
f 444 443 442
f 439 444 441
f 439 448 444
f 444 448 451
f 450 444 451
f 439 438 445
f 439 445 447
f 447 445 446
f 447 446 471
f 447 471 472
f 439 447 448
f 426 448 447
f 450 449 443
f 450 432 449
f 448 453 451
f 450 451 458
f 451 453 452
f 458 451 452
f 427 453 448
f 427 454 453
f 427 456 454
f 427 507 455
f 427 455 456
f 454 456 457
f 456 455 457
f 454 457 466
f 437 458 461
f 437 460 459
f 436 459 460
f 437 461 460
f 461 462 460
f 460 462 1009
f 461 1009 462
f 461 465 586
f 461 586 1009
f 452 453 463
f 458 452 464
f 464 452 463
f 458 464 461
f 453 454 463
f 464 463 465
f 464 465 461
f 465 463 588
f 454 588 463
f 454 466 588
f 475 473 474
f 475 474 476
f 475 477 473
f 426 472 473
f 475 476 478
f 477 426 473
f 475 483 477
f 483 478 480
f 483 480 479
f 475 478 483
f 483 479 484
f 484 481 482
f 484 479 481
f 484 482 495
f 483 484 486
f 477 506 485
f 477 485 426
f 477 487 506
f 426 485 507
f 477 483 487
f 483 486 487
f 484 495 486
f 486 510 487
f 486 496 510
f 493 489 490
f 495 482 489
f 492 490 491
f 492 491 500
f 493 490 492
f 495 489 493
f 493 492 497
f 492 502 497
f 497 502 505
f 495 496 486
f 495 493 496
f 493 497 496
f 496 499 514
f 496 497 499
f 497 498 499
f 497 505 498
f 499 498 516
f 498 2142 516
f 492 500 501
f 492 501 502
f 502 501 503
f 505 503 504
f 502 503 505
f 485 506 508
f 507 485 508
f 506 512 508
f 507 508 509
f 507 457 455
f 507 509 511
f 506 487 512
f 487 510 512
f 508 513 511
f 507 511 457
f 508 511 509
f 457 511 466
f 508 512 513
f 512 510 519
f 513 512 519
f 513 519 601
f 496 514 510
f 514 517 510
f 514 515 518
f 514 518 517
f 514 499 515
f 499 516 515
f 518 515 521
f 516 521 515
f 516 2147 521
f 510 517 519
f 519 517 518
f 519 518 520
f 518 605 520
f 518 521 605
f 521 610 605
f 465 587 586
f 587 1016 586
f 465 588 591
f 588 592 591
f 466 590 588
f 600 590 466
f 588 590 589
f 590 592 589
f 588 589 592
f 465 591 587
f 590 606 593
f 590 593 592
f 593 596 592
f 593 607 597
f 593 597 596
f 587 591 594
f 591 592 594
f 587 594 1016
f 592 596 594
f 1027 1016 594
f 1027 594 595
f 596 595 594
f 596 598 595
f 596 597 598
f 597 1031 598
f 600 466 511
f 513 599 511
f 600 511 599
f 600 599 606
f 599 602 606
f 513 602 599
f 513 601 602
f 519 603 601
f 601 603 602
f 602 603 608
f 519 604 603
f 519 520 604
f 520 605 604
f 604 605 609
f 603 604 609
f 521 2281 610
f 600 606 590
f 602 615 606
f 593 606 607
f 607 606 615
f 602 608 615
f 603 612 608
f 615 608 616
f 608 612 616
f 605 610 609
f 610 2281 613
f 603 609 612
f 609 611 612
f 612 611 624
f 609 610 614
f 609 614 611
f 610 613 614
f 613 2295 621
f 611 614 624
f 613 625 614
f 613 621 625
f 607 617 597
f 607 615 617
f 615 616 618
f 597 617 1031
f 615 618 617
f 618 616 620
f 616 623 620
f 617 1054 1031
f 617 618 1054
f 618 619 1054
f 618 620 619
f 620 1058 619
f 621 2299 622
f 621 622 626
f 622 629 626
f 612 623 616
f 612 624 623
f 624 627 623
f 623 627 1066
f 624 614 625
f 624 625 626
f 621 626 625
f 624 626 627
f 626 628 627
f 628 1063 627
f 622 2305 629
f 620 623 1066
f 626 629 628
f 628 3217 2854
f 629 3216 628
f 182 675 674
f 182 676 675
f 680 677 676
f 680 679 677
f 182 691 676
f 691 680 676
f 184 681 682
f 187 184 685
f 184 682 684
f 184 684 685
f 684 682 683
f 684 683 696
f 684 696 685
f 189 685 692
f 680 687 679
f 680 688 687
f 732 689 688
f 182 690 691
f 188 729 690
f 691 736 680
f 189 692 190
f 190 692 694
f 191 190 693
f 191 693 729
f 190 694 693
f 694 707 734
f 680 732 688
f 696 683 695
f 696 695 701
f 701 695 699
f 696 701 698
f 685 698 692
f 685 696 698
f 701 699 700
f 701 700 703
f 698 701 703
f 703 700 702
f 703 702 704
f 703 704 706
f 706 704 723
f 698 703 709
f 703 706 709
f 692 707 694
f 692 698 707
f 698 708 707
f 698 709 708
f 707 708 738
f 708 710 738
f 708 709 710
f 720 713 712
f 720 714 713
f 739 712 689
f 719 715 714
f 719 717 715
f 719 718 717
f 719 714 721
f 720 721 714
f 720 712 739
f 732 739 689
f 720 722 721
f 720 739 722
f 722 810 721
f 722 739 810
f 706 723 724
f 706 724 726
f 726 724 725
f 726 725 1001
f 706 726 727
f 726 1001 727
f 710 709 741
f 706 727 709
f 1001 728 727
f 709 727 743
f 709 743 741
f 727 728 743
f 690 729 730
f 690 730 691
f 691 730 736
f 729 735 730
f 729 693 731
f 693 694 731
f 731 694 734
f 729 731 735
f 731 733 735
f 731 734 733
f 680 736 732
f 730 735 736
f 736 735 861
f 736 873 732
f 735 733 737
f 737 733 734
f 737 734 747
f 735 737 861
f 737 864 862
f 737 865 864
f 737 747 865
f 707 738 734
f 738 747 734
f 738 710 747
f 732 740 739
f 732 949 740
f 739 740 948
f 740 949 948
f 710 741 742
f 710 742 747
f 742 752 748
f 741 743 744
f 741 744 742
f 743 728 744
f 728 745 744
f 742 744 752
f 728 1011 745
f 744 745 746
f 752 744 746
f 742 748 747
f 747 748 749
f 748 752 749
f 749 752 753
f 865 747 875
f 747 749 875
f 749 753 750
f 749 750 875
f 745 1012 746
f 751 746 1012
f 753 877 750
f 753 751 877
f 752 746 753
f 753 746 751
f 719 800 718
f 800 799 718
f 719 721 800
f 800 803 799
f 800 804 803
f 819 807 806
f 822 805 804
f 822 806 805
f 800 721 809
f 721 810 809
f 809 810 820
f 800 822 804
f 800 809 820
f 800 820 822
f 822 823 806
f 819 808 807
f 818 815 808
f 819 818 808
f 818 816 815
f 818 817 816
f 818 4066 817
f 819 806 823
f 819 826 818
f 810 739 821
f 810 821 820
f 820 951 822
f 739 950 821
f 739 948 950
f 950 820 821
f 950 951 820
f 822 955 823
f 819 823 825
f 819 825 824
f 819 824 826
f 818 827 4066
f 818 826 827
f 824 825 953
f 862 866 861
f 862 860 866
f 860 868 867
f 737 862 861
f 736 861 871
f 736 871 873
f 862 864 860
f 860 864 863
f 864 865 863
f 860 863 868
f 863 865 868
f 868 865 872
f 861 866 882
f 866 881 882
f 860 867 866
f 868 870 867
f 866 867 881
f 867 870 869
f 867 869 881
f 869 870 883
f 861 882 871
f 873 871 884
f 868 872 870
f 865 876 872
f 872 876 878
f 872 892 870
f 872 878 892
f 892 878 893
f 732 873 949
f 873 874 949
f 873 897 874
f 873 884 897
f 865 875 876
f 875 750 877
f 876 875 879
f 875 877 879
f 877 751 1022
f 751 1012 1022
f 877 880 879
f 877 1022 880
f 876 879 878
f 878 879 902
f 878 902 893
f 879 880 1025
f 879 1025 907
f 879 907 902
f 882 881 885
f 882 885 887
f 881 869 886
f 869 883 886
f 883 870 892
f 881 886 885
f 883 894 886
f 882 887 871
f 871 887 888
f 871 888 884
f 887 885 890
f 887 890 888
f 888 890 1711
f 888 1711 1713
f 885 886 889
f 886 896 889
f 885 889 890
f 889 1712 890
f 889 896 891
f 889 891 1712
f 911 1716 891
f 883 892 894
f 892 893 895
f 892 895 894
f 886 894 895
f 893 903 895
f 886 895 896
f 896 895 911
f 896 911 891
f 884 898 897
f 897 899 874
f 874 899 952
f 897 898 899
f 888 898 884
f 888 1713 898
f 898 1713 900
f 898 900 899
f 899 900 957
f 900 1713 1719
f 900 1719 960
f 1719 901 960
f 915 901 914
f 893 902 903
f 903 902 904
f 895 903 904
f 902 905 904
f 902 908 905
f 902 907 908
f 905 908 913
f 913 908 906
f 907 910 908
f 907 1025 910
f 908 909 906
f 908 910 909
f 909 910 1040
f 895 904 911
f 911 904 905
f 911 905 913
f 911 912 1718
f 911 913 912
f 906 909 967
f 913 906 915
f 906 967 915
f 913 914 912
f 913 915 914
f 949 951 948
f 948 951 950
f 823 955 825
f 822 951 955
f 949 874 952
f 949 955 951
f 949 952 955
f 825 955 953
f 824 953 826
f 826 954 827
f 827 954 4209
f 826 953 976
f 826 976 954
f 954 978 4209
f 899 957 952
f 952 957 956
f 952 956 955
f 955 956 953
f 957 958 956
f 900 960 958
f 900 958 957
f 958 960 961
f 961 960 969
f 915 969 901
f 969 960 901
f 958 961 963
f 961 969 959
f 961 959 962
f 959 970 962
f 958 1752 956
f 958 963 1752
f 956 1752 977
f 970 1757 962
f 972 1094 965
f 972 965 964
f 964 966 979
f 964 979 975
f 964 965 966
f 915 967 969
f 967 968 969
f 967 909 968
f 959 969 968
f 959 973 970
f 959 968 973
f 909 972 968
f 968 972 973
f 909 971 972
f 909 1040 971
f 972 971 1094
f 972 964 973
f 973 964 975
f 973 975 974
f 970 973 1757
f 973 974 1757
f 974 1758 1757
f 974 982 1758
f 975 982 974
f 953 956 976
f 954 976 978
f 956 977 976
f 977 4221 976
f 976 4221 978
f 979 966 980
f 979 980 981
f 980 1112 981
f 975 979 982
f 979 981 982
f 1112 1920 981
f 982 981 983
f 982 983 1776
f 983 981 1777
f 1777 981 1920
f 990 985 989
f 990 987 985
f 987 986 985
f 987 991 986
f 990 988 987
f 987 988 991
f 990 989 434
f 988 992 991
f 988 996 992
f 995 994 996
f 995 1000 994
f 1001 1000 995
f 988 995 996
f 988 998 995
f 1001 995 998
f 997 990 436
f 997 988 990
f 997 998 988
f 997 1003 998
f 1001 998 1002
f 998 1005 1002
f 1001 999 1000
f 1001 725 999
f 1001 1002 728
f 997 436 460
f 997 460 1004
f 997 1004 1003
f 1003 1004 1007
f 1004 460 1009
f 998 1003 1005
f 1003 1006 1005
f 1003 1007 1006
f 1005 1006 1011
f 1004 1009 1007
f 1007 1009 1008
f 1007 1008 1010
f 1007 1010 1006
f 1006 1014 1011
f 1006 1010 1014
f 1002 1011 728
f 1002 1005 1011
f 1011 1012 745
f 1014 1012 1011
f 1014 1019 1012
f 1009 1013 1008
f 1009 586 1013
f 1008 1013 1015
f 586 1016 1013
f 1008 1015 1010
f 1010 1015 1014
f 1014 1015 1017
f 1014 1017 1020
f 1013 1018 1015
f 1013 1016 1018
f 1016 1028 1018
f 1015 1018 1017
f 1018 1026 1017
f 1017 1026 1024
f 1027 1028 1016
f 1014 1020 1019
f 1012 1019 1021
f 1012 1021 1022
f 1020 1021 1019
f 1020 1024 1021
f 1020 1017 1024
f 1022 1023 880
f 1022 1021 1023
f 1021 1024 1036
f 1021 1036 1023
f 880 1023 1025
f 1028 1026 1018
f 1028 1030 1026
f 1026 1030 1037
f 1027 595 1028
f 595 598 1029
f 1028 595 1029
f 1028 1029 1030
f 598 1031 1033
f 598 1033 1029
f 1031 1056 1033
f 1030 1029 1032
f 1029 1033 1032
f 1030 1032 1042
f 1032 1034 1043
f 1033 1056 1060
f 1033 1060 1035
f 1033 1034 1032
f 1033 1035 1034
f 1035 1060 1061
f 1034 1035 1911
f 1035 1061 1911
f 1026 1036 1024
f 1026 1037 1036
f 1036 1037 1038
f 1030 1042 1037
f 1037 1042 1038
f 1023 1039 1025
f 1025 1039 910
f 1023 1036 1039
f 910 1039 1040
f 1039 1036 1041
f 1036 1038 1041
f 1038 1047 1041
f 1039 1041 1040
f 1041 1095 1040
f 1041 1049 1095
f 1042 1047 1038
f 1032 1043 1042
f 1042 1043 1047
f 1047 1043 1048
f 1043 1045 1044
f 1043 1044 1048
f 1034 1046 1043
f 1034 1911 1046
f 1043 1046 1045
f 1044 1045 1051
f 1046 1911 1051
f 1051 1911 1915
f 1045 1046 1051
f 1047 1050 1041
f 1047 1048 1050
f 1041 1050 1049
f 1044 1050 1048
f 1049 1050 1052
f 1049 1052 1101
f 1044 1051 1050
f 1050 1051 1053
f 1050 1053 1052
f 1052 1053 1102
f 1053 1051 1076
f 1031 1054 1056
f 1054 1057 1055
f 1054 1055 1056
f 1055 1059 1056
f 1056 1059 1913
f 1054 619 1057
f 619 1058 1057
f 1057 1058 1067
f 1055 1057 1059
f 1057 1067 1069
f 1057 1069 1059
f 1056 1912 1060
f 1056 1913 1912
f 1060 1912 1061
f 1061 1912 1072
f 1059 1062 1913
f 1069 1062 1059
f 1913 1062 1914
f 1914 1062 1916
f 1066 627 1064
f 627 1063 1064
f 628 2854 1063
f 1063 2856 1064
f 1063 2854 2856
f 1064 2856 1068
f 1071 2856 1065
f 620 1066 1058
f 1058 1066 1067
f 1067 1066 1068
f 1067 1068 1069
f 1066 1064 1068
f 1069 1068 1070
f 1070 1068 1071
f 1070 1071 1086
f 1069 1070 1062
f 1070 1073 1062
f 1068 2856 1071
f 1071 1065 1086
f 1061 1072 1915
f 1061 1915 1911
f 1072 1074 1915
f 1072 1916 1074
f 1916 1073 1074
f 1062 1073 1916
f 1074 1075 1078
f 1073 1075 1074
f 1051 1917 1076
f 1077 1917 1078
f 1053 1076 1118
f 1077 1118 1076
f 1077 1076 1917
f 1077 1080 1118
f 1077 1078 1080
f 1074 1078 1918
f 1075 1079 1078
f 1118 1080 1081
f 1080 1078 1081
f 1081 1078 1079
f 1065 1082 1087
f 1082 1083 1092
f 1085 1086 1088
f 1070 1084 1073
f 1073 1084 1075
f 1070 1086 1084
f 1084 1085 1075
f 1085 1079 1075
f 1084 1086 1085
f 1065 1087 1086
f 1086 1087 1088
f 1088 1087 1082
f 1085 1088 1089
f 1089 1093 1090
f 1085 1089 1079
f 1089 1081 1079
f 1089 1090 1081
f 1088 1082 1091
f 1082 1092 1091
f 1088 1091 1089
f 1091 1092 1089
f 1083 1093 1092
f 1089 1092 1093
f 1083 1133 1093
f 1094 1098 965
f 965 1111 966
f 965 1098 1111
f 1098 1100 1111
f 1100 1114 1111
f 971 1040 1095
f 971 1095 1096
f 971 1096 1094
f 1094 1096 1098
f 1095 1097 1096
f 1096 1097 1099
f 1098 1099 1100
f 1096 1099 1098
f 1095 1104 1097
f 1049 1101 1095
f 1095 1101 1103
f 1095 1103 1104
f 1052 1102 1101
f 1101 1102 1103
f 1104 1103 1108
f 1102 1119 1103
f 1103 1119 1108
f 1097 1104 1099
f 1099 1104 1105
f 1100 1105 1114
f 1099 1105 1100
f 1114 1105 1116
f 1105 1106 1107
f 1105 1107 1116
f 1104 1108 1105
f 1108 1106 1105
f 1108 1109 1106
f 1107 1106 1123
f 966 1110 980
f 966 1111 1110
f 980 1110 1112
f 1110 1113 1112
f 1110 1111 1114
f 1110 1114 1115
f 1110 1115 1113
f 1112 1113 1920
f 1115 1919 1113
f 1115 1117 1919
f 1113 1921 1920
f 1113 1919 1921
f 1114 1116 1115
f 1115 1116 1117
f 1116 1107 1117
f 1117 1107 1926
f 1107 1137 1926
f 1102 1053 1118
f 1102 1118 1119
f 1108 1119 1121
f 1119 1120 1121
f 1118 1120 1119
f 1121 1120 1122
f 1118 1131 1120
f 1118 1081 1131
f 1120 1125 1122
f 1120 1131 1126
f 1108 1121 1109
f 1109 1123 1106
f 1121 1123 1109
f 1121 1122 1123
f 1122 1124 1123
f 1107 1123 1137
f 1123 1124 1137
f 1124 1138 1137
f 1124 1127 1138
f 1120 1126 1125
f 1122 1125 1124
f 1124 1125 1127
f 1127 1125 1139
f 1126 1139 1125
f 1126 1135 1139
f 1083 2928 1133
f 1132 1128 1129
f 1133 2929 1128
f 1129 1130 1136
f 1128 2929 1129
f 1129 2929 1130
f 1131 1133 1132
f 1090 1093 1131
f 1131 1132 1126
f 1132 1129 1134
f 1081 1090 1131
f 1126 1132 1134
f 1131 1093 1133
f 1133 1128 1132
f 1129 1136 1134
f 1134 1136 1142
f 1126 1134 1135
f 1134 1142 1135
f 1136 1130 1142
f 1127 1139 1138
f 1138 1139 1936
f 1139 1135 1141
f 1139 1141 1936
f 1936 1141 1140
f 1142 1141 1135
f 1142 1143 1141
f 1141 1143 1140
f 1140 1143 1145
f 1146 1145 1143
f 1142 1144 1143
f 1144 1146 1143
f 1130 2931 1142
f 1142 2931 1144
f 1144 2931 1149
f 1145 1147 1148
f 1146 1150 1147
f 1146 1147 1145
f 1150 1148 1147
f 1150 4299 1148
f 1150 1149 4302
f 1144 1149 1146
f 1146 1149 1150
f 890 1715 1711
f 890 1712 1715
f 1715 1712 1716
f 1712 891 1716
f 1711 1714 1713
f 1714 1719 1713
f 1711 1715 1714
f 1714 1715 1717
f 911 1718 1716
f 1715 1716 1718
f 1714 1717 1719
f 1715 1718 1717
f 1717 1718 914
f 1717 901 1719
f 1717 914 901
f 1718 912 914
f 961 1753 963
f 961 962 1753
f 963 1755 1752
f 1752 1755 1761
f 963 1753 1755
f 962 1757 1753
f 1753 1757 1754
f 1755 1753 1756
f 1753 1754 1756
f 1754 1759 1756
f 1755 1762 1761
f 1755 1756 1762
f 1757 1758 1772
f 1757 1772 1759
f 1754 1757 1759
f 977 1752 1761
f 977 1761 1760
f 977 1760 4221
f 1761 1762 1764
f 1761 1764 1767
f 1762 1756 1763
f 1762 1763 1764
f 1756 1766 1763
f 1756 1780 1766
f 1764 1763 1765
f 1764 1765 1770
f 1764 1770 1767
f 1770 1765 1771
f 1763 1766 1765
f 1765 1766 1771
f 1761 1767 1760
f 1760 1767 1768
f 1760 1768 5039
f 1767 1770 1768
f 1770 1769 1768
f 1771 1781 5045
f 1771 5045 1769
f 1770 1771 1769
f 1766 1781 1771
f 982 1772 1758
f 982 1773 1772
f 982 1776 1773
f 1759 1773 1780
f 1759 1772 1773
f 1776 1774 1773
f 1773 1774 1782
f 1776 1778 1775
f 1776 1775 1774
f 1774 1775 1782
f 1775 5051 1782
f 1776 983 1777
f 1776 1777 1778
f 1777 1779 1778
f 1777 1920 1779
f 1779 1920 1922
f 1779 1922 5048
f 1756 1759 1780
f 1766 1780 1782
f 1773 1782 1780
f 1766 1782 1781
f 1781 5051 5045
f 1781 1782 5051
f 1912 1913 1914
f 1912 1914 1916
f 1912 1916 1072
f 1051 1915 1917
f 1915 1918 1917
f 1915 1074 1918
f 1917 1918 1078
f 1920 1921 1922
f 1922 1921 5239
f 1919 1923 1921
f 1919 1925 1923
f 1921 1924 5239
f 1921 1923 1924
f 1919 1117 1925
f 1117 1927 1925
f 1925 1927 1930
f 1117 1926 1927
f 1926 1137 1934
f 1926 1928 1927
f 1926 1934 1929
f 1927 1928 1930
f 1926 1929 1928
f 1928 1929 1940
f 1923 1925 1930
f 1923 1930 1924
f 1924 1932 5248
f 1924 1930 1932
f 1928 1931 1930
f 1928 1940 1931
f 1930 1931 1932
f 1931 1940 1946
f 1931 1946 1932
f 1932 1946 1933
f 1137 1935 1934
f 1137 1138 1935
f 1934 1935 1939
f 1935 1937 1939
f 1138 1936 1935
f 1935 1936 1937
f 1937 1936 1938
f 1936 1140 1938
f 1937 1938 1942
f 1938 1140 1145
f 1942 1938 1943
f 1938 1945 1943
f 1945 5286 1943
f 1934 1939 1929
f 1937 1942 1939
f 1929 1939 1940
f 1939 1941 1940
f 1939 1942 1941
f 1941 5282 5303
f 1942 1943 1944
f 1944 1943 5283
f 1943 5286 5283
f 1942 1944 1941
f 1941 1944 5282
f 1938 1145 1148
f 1938 1148 1945
f 1945 1148 4299
f 1940 1941 1946
f 1946 1941 5303
f 1946 5303 1933
f 2110 2139 2113
f 2117 2110 2113
f 2117 2118 2110
f 505 2110 2118
f 2115 2111 2112
f 2117 2113 2111
f 2115 2112 2114
f 2115 2114 2124
f 2124 2114 2123
f 2117 2111 2115
f 2141 2115 2116
f 2120 2133 2116
f 498 2118 2119
f 2117 2119 2118
f 498 505 2118
f 498 2119 2142
f 2117 2141 2119
f 2117 2115 2141
f 2115 2120 2116
f 2128 2124 2125
f 2128 2125 2126
f 2124 2123 2125
f 2129 2126 2127
f 2128 2126 2129
f 2115 2124 2128
f 2115 2128 2120
f 2129 2127 2130
f 2129 2130 2131
f 2131 2130 2132
f 2131 2132 2140
f 2131 2140 2158
f 2128 2129 2135
f 2135 2129 2131
f 2135 2131 2136
f 2131 2159 2136
f 2133 2134 2148
f 2128 2133 2120
f 2128 2135 2133
f 2133 2135 2134
f 2135 2136 2134
f 2134 2136 2150
f 2136 2161 2150
f 505 504 2137
f 505 2137 2138
f 505 2138 2110
f 2110 2138 2139
f 2119 2141 2144
f 2141 2145 2144
f 2141 2116 2146
f 2141 2146 2145
f 2116 2148 2146
f 2119 2143 2142
f 2142 2143 2147
f 2119 2144 2143
f 516 2142 2147
f 2144 2276 2279
f 2144 2145 2276
f 2145 2277 2276
f 2145 2146 2277
f 2146 2152 2277
f 2144 2147 2143
f 2144 2279 2147
f 2147 2279 2280
f 521 2147 2281
f 2147 2280 2281
f 2116 2133 2148
f 2148 2134 2149
f 2148 2149 2153
f 2134 2150 2149
f 2148 2151 2146
f 2148 2153 2151
f 2146 2151 2152
f 2151 2153 2152
f 2152 2153 2288
f 2149 2154 2153
f 2153 2154 2290
f 2149 2150 2154
f 2150 2199 2154
f 2131 2158 2159
f 2159 2158 2162
f 2158 2172 2162
f 2159 2161 2136
f 2159 2162 2161
f 2162 2191 2161
f 2162 2178 2163
f 2162 2163 2164
f 2163 2180 2169
f 2162 2164 2193
f 2164 2169 2194
f 2163 2169 2164
f 2169 2180 2189
f 2169 2189 2203
f 2158 2140 2170
f 2158 2170 2172
f 2172 2170 2171
f 2172 2171 2173
f 2172 2173 2178
f 2162 2172 2178
f 2178 2173 2174
f 2178 2174 2175
f 2178 2177 2180
f 2178 2175 2177
f 2177 2175 2176
f 2177 2176 2179
f 2163 2178 2180
f 2181 2179 2183
f 2177 2179 2181
f 2180 2181 2189
f 2177 2181 2180
f 2187 2183 2184
f 2181 2183 2187
f 2187 2184 2185
f 2187 2185 2186
f 2187 2186 2695
f 2181 2187 2190
f 2187 2695 2710
f 2203 2189 2181
f 2203 2181 2190
f 2190 2187 2710
f 2190 2710 2209
f 2161 2191 2150
f 2162 2193 2191
f 2193 2192 2191
f 2150 2191 2199
f 2199 2191 2192
f 2192 2195 2197
f 2164 2195 2193
f 2164 2194 2195
f 2194 2169 2204
f 2193 2195 2192
f 2195 2194 2196
f 2196 2194 2204
f 2199 2192 2197
f 2199 2197 2201
f 2199 2200 2154
f 2199 2201 2200
f 2200 2314 2154
f 2197 2198 2201
f 2195 2196 2198
f 2197 2195 2198
f 2196 2204 2202
f 2204 2206 2202
f 2196 2202 2198
f 2169 2203 2204
f 2203 2205 2204
f 2204 2205 2206
f 2205 2207 2206
f 2206 2207 2320
f 2203 2190 2208
f 2203 2210 2205
f 2203 2208 2210
f 2190 2209 2208
f 2205 2210 2207
f 2207 2210 2321
f 2210 2208 2322
f 2208 2209 2211
f 2209 2750 2211
f 2208 2211 2322
f 2276 2277 2278
f 2276 2278 2279
f 2279 2278 2282
f 2277 2289 2283
f 2278 2277 2283
f 2279 2285 2280
f 2279 2282 2285
f 2280 2285 2281
f 2281 2285 2295
f 2278 2283 2282
f 2283 2292 2284
f 2282 2283 2284
f 2282 2284 2296
f 2285 2282 2287
f 2285 2286 2295
f 2285 2287 2299
f 2287 2282 2296
f 2285 2299 2286
f 2277 2152 2289
f 2152 2292 2289
f 2152 2288 2292
f 2290 2292 2288
f 2153 2290 2288
f 2154 2314 2291
f 2290 2154 2294
f 2154 2291 2294
f 2289 2292 2283
f 2284 2292 2309
f 2292 2294 2309
f 2290 2294 2292
f 2291 2293 2294
f 2294 2293 2310
f 613 2281 2295
f 621 2295 2286
f 621 2286 2299
f 2296 2302 2304
f 2296 2284 2297
f 2284 2298 2297
f 2296 2297 2302
f 2297 2298 2303
f 2287 2300 2301
f 2287 2296 2300
f 2287 2301 2299
f 2300 2306 2301
f 2296 2304 2300
f 2299 2301 2305
f 2302 2297 2303
f 2298 2311 2303
f 2303 2311 2308
f 2300 2304 2306
f 2302 2307 2304
f 2304 2307 2306
f 2301 2306 2305
f 2305 2306 2313
f 2302 3203 2307
f 2307 3203 2306
f 2306 3210 2313
f 2306 3203 3210
f 2302 2303 3204
f 2302 3204 3203
f 2303 2308 3204
f 2284 2309 2298
f 2298 2309 2311
f 2309 2310 2311
f 2309 2294 2310
f 2326 2310 2293
f 2326 2328 2310
f 2311 2310 2312
f 2311 2312 2308
f 2312 3207 2308
f 2312 2310 2328
f 2312 2328 2331
f 2312 2331 3209
f 622 2299 2305
f 629 2305 2313
f 629 2313 3216
f 628 3216 3217
f 2200 2201 2314
f 2201 2198 2315
f 2314 2201 2315
f 2314 2315 2318
f 2291 2314 2293
f 2315 2198 2319
f 2198 2202 2317
f 2206 2316 2202
f 2317 2202 2316
f 2198 2317 2319
f 2314 2318 2293
f 2315 2319 2318
f 2326 2293 2318
f 2326 2318 2319
f 2316 2320 2332
f 2317 2316 2329
f 2317 2327 2319
f 2317 2329 2327
f 2329 2316 2332
f 2206 2320 2316
f 2207 2321 2320
f 2210 2322 2321
f 2320 2321 2323
f 2321 2322 2325
f 2322 2211 2324
f 2211 2885 2324
f 2320 2323 2332
f 2321 2325 2323
f 2323 2338 2332
f 2323 2325 2338
f 2322 2324 2325
f 2339 2325 2324
f 2338 2325 2339
f 2339 2324 2911
f 2326 2319 2328
f 2328 2319 2327
f 2328 2327 2331
f 2327 2329 2330
f 2329 2334 2330
f 2331 2327 2330
f 2331 2330 3238
f 2329 2332 2334
f 2335 2332 2338
f 2334 2332 2335
f 2335 2338 2339
f 2335 2339 2333
f 2336 2333 2912
f 2330 2334 3238
f 2334 3239 3238
f 2334 2337 3239
f 2334 2335 2337
f 2335 2333 2337
f 2337 2333 2336
f 2337 2336 3244
f 2339 2911 2912
f 2339 2912 2333
f 2719 2676 2683
f 2685 2677 2678
f 2681 2678 2679
f 2681 2685 2678
f 2681 2679 2680
f 2685 2682 2677
f 2685 2719 2682
f 2719 2683 2682
f 2685 2687 2686
f 2685 2686 2719
f 2681 2687 2685
f 2681 2778 2688
f 2681 2688 2687
f 2687 2753 2686
f 2687 2688 2692
f 2687 2692 2753
f 2753 2692 2691
f 2793 2692 2688
f 2793 2690 2692
f 2793 2689 2690
f 2692 2849 2691
f 2690 2849 2692
f 2695 2186 2693
f 2695 2694 2698
f 2695 2693 2694
f 2697 2696 2707
f 2695 2698 2697
f 2697 2698 2696
f 2695 2711 2710
f 2695 2697 2711
f 2697 2707 2711
f 2707 2696 2700
f 2707 2700 2701
f 2703 2701 2702
f 2703 2702 2704
f 2703 2707 2701
f 2703 2708 2707
f 2703 2704 2705
f 2703 2705 2706
f 2703 2706 2734
f 2703 2734 2708
f 2708 2734 2740
f 2708 2740 2712
f 2710 2711 2748
f 2711 2713 2748
f 2707 2708 2713
f 2711 2707 2713
f 2708 2712 2713
f 2712 2741 2749
f 2713 2712 2749
f 2712 2740 2741
f 2719 2714 2676
f 2719 2720 2714
f 2720 2716 2714
f 2720 2717 2716
f 2720 2723 2717
f 2719 2686 2722
f 2719 2722 2720
f 2720 2722 2728
f 2720 2724 2723
f 2720 2727 2724
f 2720 2728 2727
f 2727 2726 2724
f 2728 2731 2727
f 2727 2731 2805
f 2686 2729 2722
f 2722 2730 2728
f 2722 2729 2730
f 2686 2753 2729
f 2728 2730 2731
f 2731 2732 2805
f 2730 2732 2731
f 2729 2752 2730
f 2730 2755 2732
f 2734 2706 2733
f 2734 2733 2735
f 2734 2735 2736
f 2736 2735 2737
f 2734 2736 2740
f 2736 2737 2738
f 2740 2736 2739
f 2736 2738 2739
f 2739 2738 2942
f 2741 2740 2739
f 2741 2739 2944
f 2741 2944 2742
f 2742 3001 2746
f 2741 2742 2759
f 2759 2742 2747
f 2744 2829 2732
f 2744 2745 2743
f 2744 2743 2829
f 2744 2755 2763
f 2763 2747 2745
f 2744 2763 2745
f 2744 2732 2755
f 2747 2742 2746
f 2747 2746 2745
f 2745 2830 2743
f 2745 2746 2830
f 2710 2748 2209
f 2209 2748 2750
f 2713 2751 2748
f 2713 2749 2751
f 2749 2764 2751
f 2748 2751 2750
f 2750 2751 2883
f 2751 2764 2883
f 2752 2758 2755
f 2753 2754 2729
f 2729 2754 2752
f 2753 2691 2754
f 2730 2752 2755
f 2756 2752 2754
f 2888 2756 2754
f 2756 2889 2752
f 2752 2889 2757
f 2752 2757 2758
f 2757 2890 2758
f 2691 2888 2754
f 2741 2759 2749
f 2749 2759 2761
f 2760 2762 2759
f 2755 2758 2763
f 2760 2759 2747
f 2760 2747 2763
f 2759 2762 2761
f 2749 2761 2764
f 2760 2763 2758
f 2760 2758 2762
f 2762 2897 2761
f 2764 2761 2897
f 2762 2758 2897
f 2764 2897 2898
f 2758 2890 2897
f 2766 2680 2765
f 2681 2680 2766
f 2766 2765 2772
f 2772 2765 2767
f 2766 2772 2768
f 2681 2766 2778
f 2766 2768 2778
f 2772 2770 2771
f 2772 2771 2776
f 2772 2767 2770
f 2772 2776 2768
f 2776 2771 2773
f 2775 2773 2774
f 2776 2773 2775
f 2768 2776 2779
f 2776 2775 2780
f 2768 2779 2778
f 2779 2776 2780
f 2775 2789 2780
f 2775 2774 2781
f 2775 2781 2784
f 2784 2781 2782
f 2784 2782 2783
f 2784 2783 2785
f 2775 2784 2789
f 2789 2784 2786
f 2784 2785 5925
f 2784 5925 2786
f 5925 2785 5923
f 2786 5925 5931
f 2789 2786 2790
f 2786 5931 2790
f 2778 2793 2688
f 2778 2791 2793
f 2778 2779 2791
f 2779 2792 2791
f 2779 2780 2792
f 2791 2796 2794
f 2793 2791 2794
f 2793 2922 2689
f 2793 2794 2922
f 2794 2796 2923
f 2791 2795 2796
f 2791 2792 2795
f 2795 2792 2916
f 2795 2916 2796
f 2792 2797 2916
f 2797 2799 2924
f 2780 2789 2799
f 2789 2790 2798
f 2789 2798 2799
f 2780 2799 2792
f 2790 5932 5947
f 2790 5947 2798
f 2792 2799 2797
f 2799 2927 2924
f 2798 2927 2799
f 2798 5947 5948
f 2798 5948 2927
f 2727 2801 2726
f 2727 2804 2801
f 2727 2805 2804
f 2804 2803 2801
f 2804 2816 2803
f 2805 2817 2804
f 2805 2732 2810
f 2805 2810 2819
f 2809 2828 2829
f 2810 2829 2828
f 2815 2812 2822
f 2822 2812 2813
f 2812 2811 2813
f 2812 2814 2811
f 2812 3004 2814
f 2815 3004 2812
f 2809 2743 2815
f 2743 3004 2815
f 2743 2830 3004
f 2809 2815 2822
f 2809 2822 2828
f 2804 2817 2816
f 2819 2818 2817
f 2805 2819 2817
f 2828 2827 2819
f 2819 2821 2818
f 2819 2827 2821
f 2827 2835 2821
f 2810 2828 2819
f 2822 2823 2824
f 2822 2824 2826
f 2828 2822 2826
f 2822 2813 2823
f 2826 2824 2825
f 2826 2825 2838
f 2827 2826 2838
f 2828 2826 2827
f 2810 2732 2829
f 2809 2829 2743
f 2827 2837 2835
f 2827 2839 2837
f 2827 2838 2839
f 2848 2843 2844
f 2869 2871 2845
f 2875 2919 2917
f 2843 2845 2844
f 2843 2875 2845
f 2845 2846 2844
f 2871 2846 2845
f 2846 2853 2844
f 2843 2919 2875
f 2888 2847 2892
f 2848 2689 2922
f 2848 2690 2689
f 2848 2850 2690
f 2848 2852 2850
f 2848 2922 2843
f 2691 2849 2847
f 2691 2847 2888
f 2690 2850 2849
f 2847 2849 2850
f 2847 2850 2852
f 2877 2851 2852
f 2847 2852 2851
f 2847 2851 2892
f 2893 2892 2851
f 2848 2844 2853
f 2848 2853 2852
f 2877 2852 2853
f 2877 2853 2846
f 2854 2857 2856
f 2856 2857 2855
f 2857 2860 2855
f 1065 2856 2855
f 2860 2870 2855
f 2860 2861 2870
f 2854 2858 2857
f 2854 3217 3734
f 2854 3734 2858
f 2858 3735 2859
f 2857 2859 2860
f 2858 2859 2857
f 2860 3737 2861
f 2867 2876 2861
f 2860 2859 3737
f 2867 2861 3737
f 2866 2864 2878
f 2893 2862 2863
f 2893 2864 2862
f 2863 2868 2902
f 2862 2868 2863
f 2866 2862 2864
f 3745 3747 2865
f 2865 3747 2868
f 2908 2868 3747
f 2866 2865 2862
f 2867 2865 2866
f 2876 2866 2879
f 2867 2866 2876
f 2867 3745 2865
f 2862 2865 2868
f 1065 2855 2869
f 2870 2871 2869
f 2855 2870 2869
f 1082 2869 2875
f 2869 2845 2875
f 1065 2869 1082
f 2870 2872 2871
f 2872 2873 2871
f 2871 2873 2846
f 2877 2846 2874
f 2846 2873 2874
f 2870 2861 2872
f 2872 2861 2873
f 2876 2874 2873
f 1082 2875 1083
f 1083 2875 2928
f 2861 2876 2873
f 2877 2874 2878
f 2877 2878 2851
f 2876 2879 2874
f 2879 2878 2874
f 2879 2866 2878
f 2893 2851 2878
f 2893 2878 2864
f 2893 2880 2881
f 2881 2904 2896
f 2904 2905 2895
f 2750 2882 2211
f 2750 2883 2882
f 2211 2882 2885
f 2882 2883 2884
f 2764 2884 2883
f 2764 2898 2884
f 2882 2884 2886
f 2882 2886 2885
f 2324 2885 2911
f 2885 2886 2913
f 2911 2885 2913
f 2884 2887 2886
f 2884 2899 2887
f 2913 2886 2887
f 2899 2905 2887
f 2888 2892 2756
f 2892 2889 2756
f 2892 2891 2889
f 2757 2889 2890
f 2889 2891 2894
f 2895 2890 2894
f 2889 2894 2890
f 2893 2891 2892
f 2893 2881 2891
f 2881 2896 2891
f 2896 2894 2891
f 2896 2895 2894
f 2896 2904 2895
f 2899 2897 2890
f 2898 2897 2899
f 2884 2898 2899
f 2895 2899 2890
f 2895 2905 2899
f 2336 2912 2900
f 2880 2863 2902
f 2902 2903 2881
f 2880 2902 2881
f 2893 2863 2880
f 2881 2903 2901
f 2881 2901 2904
f 2908 2903 2902
f 2901 2903 2906
f 2908 2907 2903
f 2901 2906 2904
f 2904 2906 2905
f 2903 2907 2906
f 2907 2900 2905
f 2907 2905 2906
f 2908 2909 2907
f 2908 3747 2909
f 2336 2900 3244
f 2910 3244 2900
f 2907 2909 2900
f 2910 2900 2909
f 2908 2902 2868
f 2911 2913 2912
f 2912 2913 2900
f 2900 2913 2887
f 2900 2887 2905
f 2922 2914 2843
f 2923 2915 2914
f 2915 2796 2916
f 2843 2914 2919
f 2914 2921 2919
f 2914 2915 2921
f 2919 2921 2917
f 2921 2918 2917
f 2921 2929 2918
f 2921 2920 2929
f 2915 2920 2921
f 2915 2916 2920
f 2794 2914 2922
f 2794 2923 2914
f 2923 2796 2915
f 2916 2797 2924
f 2916 2924 2925
f 2924 2927 6042
f 2916 2925 2920
f 2924 2926 2925
f 2925 2930 2920
f 2925 2926 2930
f 2924 6042 2926
f 2926 6042 6052
f 2927 5948 6042
f 2875 2917 2928
f 2928 2918 2929
f 2928 2917 2918
f 1133 2928 2929
f 1130 2929 2920
f 1130 2920 2931
f 2920 2930 2931
f 2930 2926 2931
f 2931 2926 2932
f 2932 2926 6050
f 1149 2931 2932
f 1149 2932 6050
f 1149 6050 6051
f 2926 6052 6050
f 2739 2942 2944
f 2944 2942 2943
f 2944 2943 2945
f 2944 2945 2946
f 2944 2946 3000
f 2742 2944 3001
f 2746 3001 3005
f 2746 3005 2830
f 2944 3000 3001
f 3001 3000 3006
f 3005 3001 3003
f 3004 3009 2814
f 3004 3011 3009
f 3001 3006 3003
f 3003 3007 3011
f 3004 3003 3011
f 2830 3005 3004
f 3005 3003 3004
f 3003 3006 3008
f 3003 3008 3007
f 3011 3010 3009
f 3011 3014 3010
f 3011 3007 3014
f 3203 3205 3210
f 3204 2308 3207
f 3203 3204 3205
f 3204 3207 3206
f 3204 3206 3205
f 3205 3206 3214
f 2312 3209 3207
f 3207 3209 3208
f 3206 3207 3208
f 3206 3208 3227
f 3208 3229 3227
f 3208 3228 3229
f 2331 3228 3209
f 2331 3238 3228
f 3208 3209 3228
f 2313 3210 3211
f 3210 3212 3211
f 2313 3211 3218
f 2313 3218 3216
f 3205 3212 3210
f 3211 3212 3213
f 3211 3213 3218
f 3213 3222 3218
f 3205 3214 3212
f 3212 3215 3213
f 3212 3214 3215
f 3206 3215 3214
f 3206 3227 3215
f 3213 3220 3222
f 3213 3215 3221
f 3216 3219 3217
f 3216 3218 3223
f 3218 3222 3223
f 3216 3223 3219
f 3213 3221 3220
f 3222 3225 3223
f 3223 3224 3219
f 3223 3225 3224
f 3220 3221 3222
f 3222 3221 3226
f 3221 3234 3226
f 3222 3226 3225
f 3225 3740 3224
f 3225 3741 3740
f 3234 3741 3226
f 3225 3226 3741
f 3228 3239 3233
f 3243 3748 3235
f 3237 3243 3235
f 3215 3227 3221
f 3227 3229 3230
f 3227 3230 3231
f 3227 3231 3221
f 3231 3232 3221
f 3231 3230 3232
f 3232 3230 3236
f 3229 3228 3230
f 3228 3233 3230
f 3233 3236 3230
f 3221 3232 3234
f 3232 3236 3234
f 3234 3236 3235
f 3234 3235 3741
f 3236 3237 3235
f 3233 3242 3236
f 3242 3237 3236
f 3228 3238 3239
f 2337 3240 3239
f 3233 3239 3240
f 3233 3240 3242
f 2337 3244 3240
f 3242 3240 3244
f 2910 3241 3244
f 3242 3244 3241
f 3242 3241 3237
f 3237 3241 3243
f 3217 3219 3734
f 3219 3735 3734
f 2858 3734 3735
f 2859 3735 3736
f 3219 3739 3735
f 3735 3739 3736
f 3736 3743 3737
f 3739 3743 3736
f 3743 3738 3737
f 3743 3744 3738
f 2859 3736 3737
f 2867 3737 3738
f 3219 3224 3739
f 3739 3224 3740
f 3739 3740 3743
f 3740 3741 3743
f 3743 3741 3742
f 3743 3742 3744
f 3746 3747 3745
f 3744 3745 3738
f 3744 3746 3745
f 3747 3748 2909
f 3746 3748 3747
f 3746 3235 3748
f 2867 3738 3745
f 3746 3741 3235
f 3746 3742 3741
f 3744 3742 3746
f 3243 2909 3748
f 2910 3243 3241
f 2910 2909 3243
f 4065 4060 4059
f 4065 4063 4060
f 4066 4059 817
f 4066 4065 4059
f 4065 4064 4063
f 4065 4069 4064
f 4065 4071 4069
f 4066 4088 4065
f 4065 4088 4071
f 4071 4088 4087
f 4068 4076 4074
f 4068 4084 4082
f 4071 4070 4069
f 4071 4072 4070
f 4075 4073 4071
f 4071 4073 4072
f 4075 4074 4073
f 4075 4068 4074
f 4075 4084 4068
f 4068 4077 4076
f 4068 4082 4077
f 4082 4081 4077
f 4081 4080 4077
f 4081 4079 4080
f 4082 4085 4083
f 4082 4083 4081
f 4084 4089 4082
f 4084 4091 4089
f 4075 4071 4087
f 4075 4087 4084
f 4082 4086 4085
f 4082 4089 4086
f 4083 4085 4096
f 827 4088 4066
f 4087 4088 4210
f 827 4210 4088
f 4091 4090 4089
f 4090 4092 4089
f 4087 4091 4084
f 4087 4093 4091
f 4091 4093 4090
f 4087 4094 4093
f 4086 4096 4085
f 4086 4089 4092
f 4083 4096 4168
f 4090 4095 4092
f 4087 4210 4094
f 4093 4094 4095
f 4093 4095 4090
f 4094 4214 4095
f 4086 4092 4213
f 4086 4213 4096
f 4095 4212 4092
f 4092 4212 4213
f 4096 4213 4168
f 4081 4142 4079
f 4081 4144 4142
f 4081 4145 4144
f 4144 4143 4142
f 4144 4147 4143
f 4081 4083 4145
f 4145 4146 4144
f 4144 4149 4147
f 4144 4151 4149
f 4151 4152 4149
f 4144 4146 4153
f 4144 4153 4151
f 4083 4168 4145
f 4145 4169 4146
f 4146 4154 4153
f 4153 4163 4151
f 4153 4154 4163
f 4151 4158 4152
f 4151 4157 4158
f 4157 4159 4158
f 4157 4162 4159
f 4157 4410 4162
f 4410 4406 4162
f 4157 4165 4410
f 4151 4163 4164
f 4151 4164 4157
f 4157 4164 4165
f 4164 4166 4165
f 4410 4165 4166
f 4146 4169 4154
f 4145 4168 4169
f 4154 4167 4163
f 4154 4169 4167
f 4163 4167 4175
f 4170 4175 4167
f 4170 4167 4171
f 4169 4171 4167
f 4170 4171 4175
f 4163 4172 4164
f 4163 4175 4172
f 4164 4172 4173
f 4164 4173 4166
f 4166 4173 4174
f 4172 4176 4173
f 4175 4258 4172
f 4172 4258 4176
f 4173 4442 4174
f 4176 4262 4173
f 4173 4262 4442
f 827 4209 4210
f 4210 4209 4220
f 4094 4210 4211
f 4094 4211 4214
f 4212 4216 4213
f 4095 4214 4212
f 4214 4216 4212
f 4214 4211 4216
f 4211 4215 4216
f 4213 4216 4217
f 4210 4218 4211
f 4210 4220 4218
f 4211 4218 4215
f 4216 4215 4217
f 4215 4218 4223
f 4215 4223 4217
f 978 4219 4209
f 4209 4219 4220
f 4220 4221 4222
f 978 4221 4219
f 4219 4221 4220
f 4221 5056 4224
f 4220 4222 4218
f 4218 4222 4223
f 4217 4223 4222
f 4221 4274 4222
f 4221 4224 4274
f 4224 5057 4275
f 4224 4275 4274
f 4168 4259 4169
f 4213 4259 4168
f 4171 4257 4175
f 4169 4257 4171
f 4257 4258 4175
f 4213 4217 4259
f 4169 4270 4257
f 4169 4259 4270
f 4217 4222 4259
f 4257 4271 4260
f 4257 4260 4258
f 4258 4260 4264
f 4264 4260 4272
f 4176 4258 4264
f 4176 4264 4261
f 4176 4261 4262
f 4262 4263 4592
f 4261 4263 4262
f 4261 4267 4263
f 4261 4264 4265
f 4261 4265 4266
f 4264 4272 4265
f 4261 4266 4267
f 4263 4267 4594
f 4266 4596 4267
f 4265 4269 4266
f 4266 4269 4268
f 4266 4268 4596
f 4268 4598 4596
f 4268 4269 4908
f 4269 4318 4908
f 4222 4270 4259
f 4222 4274 4270
f 4270 4273 4271
f 4257 4270 4271
f 4271 4279 4260
f 4273 4279 4271
f 4279 4272 4260
f 4279 4280 4272
f 4274 4273 4270
f 4274 4277 4273
f 4274 4275 4277
f 4277 4276 4281
f 4277 4275 4276
f 4286 4276 4278
f 4273 4277 4279
f 4277 4280 4279
f 4281 4284 4280
f 4277 4281 4280
f 4281 4276 4286
f 5064 4282 4278
f 4286 4278 4282
f 5107 4283 4282
f 4280 4284 4289
f 4286 4290 4284
f 4286 4285 4290
f 4285 4283 4287
f 4286 4282 4285
f 4281 4286 4284
f 4285 4282 4283
f 4283 4288 4287
f 4288 5109 4287
f 5109 4294 4287
f 5109 5318 4294
f 4272 4289 4265
f 4280 4289 4272
f 4265 4289 4269
f 4290 4289 4284
f 4285 4291 4290
f 4290 4292 4289
f 4290 4291 4292
f 4291 4293 4292
f 4289 4292 4269
f 4269 4292 4318
f 4292 4319 4318
f 4292 4293 4319
f 4285 4287 4291
f 4287 4294 4291
f 4291 4294 4293
f 4298 4297 4295
f 4298 4296 4297
f 4298 5998 4296
f 1150 4301 4299
f 4301 4300 4299
f 4301 4303 4300
f 4303 4305 4300
f 1150 4302 4301
f 4301 4302 4303
f 4303 4302 4304
f 4303 4304 4308
f 4300 4305 4306
f 4305 4310 4306
f 4303 4308 4305
f 4308 4307 4305
f 4308 4309 4307
f 4304 6054 4308
f 4308 6054 4309
f 4305 4307 4309
f 4305 4309 4311
f 4309 6054 6063
f 4306 4310 5296
f 4305 4311 4310
f 4310 4316 5299
f 4309 6063 4311
f 4312 4311 6063
f 4312 4316 4311
f 4310 4311 4316
f 4316 4313 4315
f 4313 4314 4315
f 4316 4317 5299
f 4312 4313 4316
f 4316 4315 4317
f 4318 4320 4931
f 4931 4320 4932
f 4319 4326 4320
f 4318 4319 4320
f 4920 4321 4328
f 4326 4327 4320
f 4320 4321 4932
f 4320 4327 4321
f 4321 4327 4328
f 4293 4323 4322
f 4293 4322 4326
f 4294 5318 4293
f 4293 5318 4323
f 4323 5318 5340
f 4323 4325 4322
f 4323 5340 4325
f 4325 5340 4324
f 5340 4332 4324
f 4325 4324 4331
f 4293 4326 4319
f 4322 4327 4326
f 4322 4325 4327
f 4325 4331 4327
f 4327 4329 4328
f 4328 4329 4933
f 4933 4329 4330
f 4329 4335 4330
f 4330 4349 4344
f 4331 4333 4335
f 4331 4324 4332
f 4332 5341 4333
f 4331 4332 4333
f 4333 4337 4336
f 4333 5341 4337
f 4337 4334 4346
f 4331 4335 4327
f 4327 4335 4329
f 4333 4336 4335
f 4336 4337 4335
f 4337 4330 4335
f 4337 4349 4330
f 4337 4346 4349
f 4812 4941 6079
f 4941 4338 4339
f 4941 4339 6080
f 4341 6089 4342
f 4315 6083 4340
f 4340 6084 4341
f 4317 4315 4340
f 4317 4340 5359
f 4340 5357 5359
f 4343 5360 5357
f 4343 4356 4358
f 4343 4358 5360
f 4340 4341 4343
f 4341 4342 4356
f 4343 4341 4356
f 4340 4343 5357
f 4330 4344 4942
f 4942 4344 4350
f 4942 4350 4345
f 4942 4345 4938
f 4345 4338 4938
f 4345 4352 4355
f 4345 4355 4338
f 4346 4334 4347
f 4346 4347 4348
f 4359 4348 4356
f 4359 4352 4348
f 4349 4351 4350
f 4344 4349 4350
f 4345 4350 4351
f 4346 4348 4349
f 4349 4348 4351
f 4345 4351 4352
f 4351 4348 4352
f 4354 4353 4355
f 4353 6088 4339
f 4353 6089 6088
f 4342 4353 4354
f 4342 6089 4353
f 4338 4355 4339
f 4357 4354 4355
f 4353 4339 4355
f 4357 4359 4356
f 4357 4352 4359
f 4357 4356 4354
f 4356 4348 4358
f 4356 4342 4354
f 4357 4355 4352
f 4410 4407 4406
f 4410 4409 4407
f 4409 4416 4407
f 4410 4415 4409
f 4410 4166 4414
f 4410 4414 4415
f 4166 4174 4414
f 4414 4443 4415
f 4409 4417 4416
f 4418 4419 4417
f 4409 4418 4417
f 4418 4420 4419
f 4418 4427 4420
f 4427 4430 4420
f 4418 4429 4427
f 4409 4415 4418
f 4415 4429 4418
f 4415 4438 4429
f 4415 4443 4438
f 4427 4429 4435
f 4427 4431 4430
f 4427 4432 4431
f 4435 4433 4432
f 4427 4435 4432
f 4436 4434 4433
f 4435 4436 4433
f 4429 4439 4435
f 4435 4439 4436
f 4429 4438 4440
f 4429 4440 4439
f 4439 4732 4436
f 4439 4440 4732
f 4174 4441 4414
f 4414 4441 4443
f 4174 4442 4441
f 4442 4444 4441
f 4441 4444 4443
f 4443 4444 4447
f 4442 4593 4444
f 4438 4445 4440
f 4438 4443 4447
f 4438 4447 4445
f 4440 4445 4446
f 4440 4446 4732
f 4732 4446 4753
f 4753 4446 4450
f 4447 4448 4449
f 4444 4448 4447
f 4444 4604 4448
f 4449 4448 4604
f 4447 4449 4445
f 4445 4449 4446
f 4449 4450 4446
f 4449 4604 4605
f 4449 4605 4450
f 4450 4605 4759
f 4442 4262 4592
f 4442 4592 4593
f 4263 4594 4592
f 4592 4594 4595
f 4592 4595 4593
f 4444 4593 4604
f 4593 4601 4604
f 4601 4606 4604
f 4267 4596 4594
f 4593 4595 4597
f 4594 4597 4595
f 4594 4596 4597
f 4268 4599 4598
f 4596 4598 4600
f 4598 4599 4600
f 4268 4908 4599
f 4596 4600 4597
f 4599 4914 4600
f 4593 4597 4601
f 4601 4597 4602
f 4601 4602 4606
f 4606 4602 4911
f 4597 4600 4602
f 4600 4603 4602
f 4600 4914 4603
f 4603 4911 4602
f 4604 4606 4605
f 4759 4605 4922
f 4606 4922 4605
f 4606 4924 4922
f 4702 4701 4695
f 4707 4698 4696
f 4702 4695 4698
f 4702 4698 4707
f 4699 4696 4697
f 4707 4696 4699
f 4699 4697 4723
f 4702 4703 4701
f 4702 4705 4703
f 4702 4707 4705
f 4705 4704 4703
f 4707 4713 4705
f 4707 4699 4713
f 4699 4738 4713
f 4705 4708 4704
f 4705 4710 4708
f 4710 4709 4708
f 4710 4711 4709
f 4710 4773 4711
f 4705 4715 4710
f 4710 4715 4778
f 4705 4713 4714
f 4705 4714 4715
f 4713 4747 4714
f 4713 4745 4747
f 4714 4749 4715
f 4715 4749 4783
f 4436 4716 4434
f 4722 4717 4716
f 4436 4722 4716
f 4720 4719 4717
f 4722 4720 4717
f 4722 4727 4720
f 4738 4723 4725
f 4728 4725 4726
f 4699 4723 4738
f 4738 4725 4728
f 4720 4724 4719
f 4720 4726 4724
f 4720 4728 4726
f 4720 4727 4728
f 4738 4728 4739
f 4727 4735 4728
f 4728 4735 4739
f 4436 4731 4722
f 4722 4731 4727
f 4731 4734 4727
f 4727 4734 4735
f 4436 4732 4731
f 4731 4733 4734
f 4731 4732 4733
f 4732 4753 4733
f 4734 4736 4735
f 4733 4736 4734
f 4733 4756 4736
f 4735 4736 4756
f 4735 4756 4765
f 4738 4743 4713
f 4738 4739 4743
f 4713 4743 4745
f 4739 4744 4743
f 4739 4735 4744
f 4745 4743 4746
f 4745 4746 4763
f 4744 4746 4743
f 4744 4765 4746
f 4735 4765 4744
f 4747 4749 4714
f 4747 4745 4763
f 4747 4750 4749
f 4747 4751 4750
f 4747 4763 4751
f 4763 4748 4751
f 4915 4750 4751
f 4751 4748 4752
f 4915 4751 4903
f 4915 4916 4750
f 4903 4751 4752
f 4750 4806 4749
f 4750 4916 4806
f 4753 4754 4733
f 4753 4450 4754
f 4733 4755 4756
f 4733 4754 4755
f 4756 4757 4765
f 4756 4755 4757
f 4754 4760 4755
f 4755 4760 4757
f 4762 4926 4758
f 4450 4759 4754
f 4754 4759 4761
f 4759 4923 4761
f 4754 4761 4760
f 4760 4762 4757
f 4757 4762 4769
f 4760 4761 4762
f 4769 4762 4758
f 4763 4746 4764
f 4765 4764 4746
f 4763 4764 4748
f 4748 4764 4766
f 4765 4767 4764
f 4765 4769 4767
f 4765 4757 4769
f 4748 4766 4752
f 4764 4767 4766
f 4768 4766 4767
f 4769 4768 4767
f 4768 4752 4766
f 4917 4752 4768
f 4769 4758 4768
f 4925 4768 4758
f 4780 4771 4770
f 4780 4788 4771
f 4780 4789 4788
f 4710 4774 4773
f 4774 4775 4773
f 4710 4778 4774
f 4774 4778 4775
f 4778 4776 4775
f 4778 4779 4776
f 4780 4770 4779
f 4778 4780 4779
f 4778 4784 4780
f 4780 4784 4789
f 4784 4805 4794
f 4715 4783 4778
f 4778 4783 4784
f 4783 4805 4784
f 4783 4804 4805
f 4788 4786 4787
f 4788 4787 4771
f 4792 4786 4788
f 4792 4785 4786
f 4792 4788 4789
f 4792 4789 4795
f 4792 4298 4790
f 4792 4790 4785
f 4298 4295 4790
f 4792 5998 4298
f 4792 4795 5998
f 4789 4784 4794
f 4795 4789 4794
f 4795 6002 5998
f 4795 4810 6002
f 4795 4794 4810
f 4783 4749 4804
f 4804 4749 4806
f 4804 4807 4805
f 4805 4807 4811
f 4808 4811 4807
f 4939 4811 4808
f 4804 4806 4807
f 4806 4918 4808
f 4806 4808 4807
f 4805 4811 4794
f 4794 4811 4809
f 4810 4794 4809
f 4810 4809 4812
f 4939 4809 4811
f 4939 4812 4809
f 4810 4812 6020
f 4901 4902 4904
f 4902 4919 4903
f 4904 4903 4917
f 4904 4905 4910
f 4902 4903 4904
f 4904 4917 4905
f 4908 4906 4907
f 4901 4907 4906
f 4318 4906 4908
f 4908 4907 4599
f 4906 4931 4909
f 4318 4931 4906
f 4599 4907 4914
f 4901 4906 4902
f 4902 4906 4919
f 4901 4904 4907
f 4919 4906 4909
f 4919 4909 4920
f 4909 4932 4920
f 4904 4910 4907
f 4914 4912 4911
f 4911 4912 4913
f 4930 4913 4912
f 4907 4910 4914
f 4914 4910 4912
f 4914 4911 4603
f 4905 4912 4910
f 4905 4930 4912
f 4915 4919 4916
f 4919 4921 4916
f 4916 4921 4918
f 4918 4921 4934
f 4915 4903 4919
f 4903 4752 4917
f 4916 4918 4806
f 4919 4920 4921
f 4920 4933 4921
f 4933 4942 4921
f 4759 4922 4923
f 4924 4923 4922
f 4924 4927 4923
f 4924 4929 4927
f 4917 4768 4905
f 4905 4768 4925
f 4762 4927 4926
f 4925 4758 4926
f 4928 4925 4926
f 4930 4925 4928
f 4929 4930 4928
f 4905 4925 4930
f 4928 4926 4927
f 4929 4928 4927
f 4923 4927 4761
f 4761 4927 4762
f 4606 4911 4924
f 4924 4911 4929
f 4929 4913 4930
f 4929 4911 4913
f 4931 4932 4909
f 4932 4321 4920
f 4920 4328 4933
f 4933 4330 4942
f 4918 4934 4808
f 4934 4935 4808
f 4934 4937 4935
f 4939 4808 4935
f 4935 4937 4936
f 4939 4935 4936
f 4934 4921 4942
f 4934 4942 4937
f 4937 4938 4936
f 4937 4942 4938
f 4939 4936 4940
f 4939 4940 4941
f 4939 4941 4812
f 4940 4936 4938
f 4940 4338 4941
f 4940 4938 4338
f 1760 5041 4221
f 1760 5039 5041
f 5039 5042 5041
f 5040 5045 5044
f 4221 5041 5056
f 5041 5059 5056
f 5041 5042 5059
f 5042 5044 5059
f 5040 5044 5042
f 5045 5043 5058
f 5044 5045 5058
f 5044 5058 5059
f 1768 5042 5039
f 1768 1769 5040
f 1769 5045 5040
f 1768 5040 5042
f 1778 5046 1775
f 1775 5046 5051
f 5051 5046 5050
f 5045 5051 5050
f 5046 5047 5049
f 1778 1779 5046
f 1779 5047 5046
f 1779 5052 5047
f 1779 5048 5052
f 5046 5049 5050
f 5050 5049 5062
f 5045 5050 5043
f 5047 5054 5049
f 5054 5063 5049
f 5047 5052 5053
f 5047 5053 5054
f 5052 5240 5053
f 5054 5053 5055
f 5054 5067 5063
f 5054 5055 5067
f 5053 5246 5055
f 5056 5059 5057
f 5056 5057 4224
f 5059 5058 5057
f 5043 5061 5058
f 5058 5060 5057
f 5058 5061 5060
f 5057 5060 4276
f 5057 4276 4275
f 5060 5061 4276
f 5043 5050 5061
f 5050 5062 5061
f 5049 5063 5062
f 5062 5063 5065
f 5063 5069 5065
f 5062 5064 5061
f 5062 5065 5064
f 5061 5064 4278
f 5065 5107 5064
f 5065 5066 5107
f 5065 5072 5066
f 5063 5067 5069
f 5069 5068 5074
f 5067 5071 5069
f 5067 5055 5071
f 5055 5070 5071
f 5069 5071 5068
f 5068 5253 5074
f 5068 5071 5253
f 5069 5072 5065
f 5069 5074 5072
f 5072 5074 5073
f 5074 5253 5073
f 5072 5073 5324
f 5061 4278 4276
f 5064 5107 4282
f 5107 5108 4283
f 5107 5066 5108
f 4283 5108 4288
f 5066 5072 5108
f 5324 5317 5108
f 5108 5317 5110
f 4288 5110 5109
f 4288 5108 5110
f 5109 5110 5318
f 5072 5324 5108
f 1922 5239 5048
f 5048 5239 5052
f 5052 5239 5240
f 5239 5241 5240
f 5239 5242 5241
f 5240 5245 5053
f 5240 5241 5245
f 5241 5243 5245
f 1924 5242 5239
f 1924 5248 5242
f 5242 5248 5249
f 5241 5242 5243
f 5242 5244 5243
f 5242 5249 5244
f 5053 5245 5246
f 5245 5247 5246
f 5245 5261 5247
f 5245 5243 5261
f 5243 5244 5261
f 5249 5248 5264
f 1932 5264 5248
f 5249 5263 5244
f 5249 5264 5263
f 5055 5246 5250
f 5055 5250 5070
f 5071 5070 5250
f 5246 5247 5250
f 5247 5251 5250
f 5247 5272 5251
f 5071 5250 5253
f 5250 5252 5253
f 5250 5251 5252
f 5251 5272 5252
f 5253 5325 5073
f 5073 5325 5324
f 5253 5252 5254
f 5254 5252 5272
f 5254 5272 5256
f 5253 5254 5325
f 5254 5255 5325
f 5254 5256 5255
f 5274 5257 5256
f 5256 5329 5255
f 5256 5257 5329
f 5257 5258 5329
f 5257 5280 5258
f 5329 5258 5334
f 5281 5259 5258
f 5334 5258 5259
f 5281 5260 5259
f 5244 5262 5261
f 5261 5262 5273
f 5264 5267 5263
f 1932 5265 5264
f 5264 5265 5266
f 1932 1933 5265
f 5264 5266 5267
f 5266 5265 5305
f 5266 5305 5309
f 5244 5263 5269
f 5244 5269 5262
f 5263 5267 5268
f 5263 5268 5269
f 5267 5270 5268
f 5262 5269 5275
f 5268 5270 5269
f 5269 5270 5275
f 5267 5266 5271
f 5266 5309 5271
f 5309 5308 5271
f 5267 5271 5270
f 5271 5308 5310
f 5271 5310 5278
f 5247 5261 5272
f 5261 5274 5272
f 5261 5273 5274
f 5274 5256 5272
f 5274 5273 5257
f 5262 5275 5273
f 5273 5275 5276
f 5275 5270 5276
f 5270 5277 5276
f 5273 5276 5280
f 5273 5280 5257
f 5276 5279 5280
f 5270 5271 5277
f 5271 5278 5277
f 5277 5278 5279
f 5276 5277 5279
f 5278 5313 5279
f 5313 5315 5279
f 5280 5279 5281
f 5280 5281 5258
f 5281 5279 5260
f 5279 5315 5260
f 5286 5288 5283
f 1944 5283 5282
f 5283 5307 5282
f 5283 5288 5284
f 5283 5284 5307
f 5284 5285 5307
f 5284 5289 5291
f 5284 5291 5285
f 1945 4299 5286
f 4299 4300 5286
f 5286 4300 5287
f 5286 5287 5288
f 5287 4300 4306
f 5287 4306 5296
f 5287 5296 5298
f 5287 5298 5289
f 5287 5289 5288
f 5284 5288 5289
f 5312 5285 5290
f 5285 5291 5290
f 5312 5290 5294
f 5290 5291 5292
f 5290 5292 5294
f 5314 5295 5316
f 5314 5294 5295
f 5260 5315 5351
f 5315 5316 5351
f 5295 5352 5316
f 5302 5293 5292
f 5293 5294 5292
f 5295 5294 5293
f 5297 5296 4310
f 5297 5298 5296
f 5297 5299 5302
f 5297 4310 5299
f 5297 5302 5298
f 4317 5300 5299
f 5301 5299 5300
f 5302 5299 5301
f 5302 5301 5293
f 5301 5300 5358
f 5301 5358 5293
f 5298 5302 5291
f 5298 5291 5289
f 5291 5302 5292
f 1933 5303 5265
f 5265 5303 5305
f 5303 5282 5304
f 5305 5303 5304
f 5305 5306 5309
f 5305 5304 5306
f 5304 5282 5307
f 5304 5307 5306
f 5309 5311 5308
f 5309 5306 5311
f 5308 5311 5310
f 5310 5311 5312
f 5306 5307 5311
f 5311 5307 5285
f 5311 5285 5312
f 5278 5310 5313
f 5310 5312 5314
f 5310 5314 5313
f 5312 5294 5314
f 5313 5314 5315
f 5315 5314 5316
f 5317 5326 5320
f 5326 5328 5322
f 5110 5321 5318
f 5319 5340 5318
f 5319 5318 5321
f 5319 5322 5340
f 5317 5320 5110
f 5110 5320 5321
f 5320 5322 5321
f 5319 5321 5322
f 5326 5322 5320
f 5322 4332 5340
f 5322 5330 4332
f 5328 5323 5322
f 5322 5323 5330
f 5324 5326 5317
f 5324 5325 5326
f 5325 5327 5326
f 5325 5255 5327
f 5329 5328 5327
f 5329 5334 5328
f 5326 5327 5328
f 5334 5333 5328
f 5255 5329 5327
f 5328 5337 5323
f 5323 5331 5330
f 5323 5338 5331
f 5332 5342 5331
f 5332 5362 5342
f 5328 5333 5337
f 5333 5335 5337
f 5335 5338 5337
f 5334 5259 5333
f 5333 5259 5335
f 5335 5339 5338
f 5336 5349 5354
f 5336 5354 5339
f 5259 5336 5335
f 5259 5260 5349
f 5259 5349 5336
f 5335 5336 5339
f 5323 5337 5338
f 5332 5338 5339
f 5332 5339 5354
f 5332 5331 5338
f 5330 5341 4332
f 5330 5331 5341
f 5342 5362 4334
f 4337 5341 5342
f 4337 5342 4334
f 5341 5331 5342
f 5293 5358 5353
f 5350 5343 5347
f 5343 5358 5356
f 5347 5343 5356
f 5343 5353 5358
f 5348 5361 5362
f 5332 5354 5344
f 5347 5348 5344
f 5350 5347 5354
f 5347 5344 5354
f 5332 5344 5362
f 5344 5348 5362
f 5356 5345 5348
f 5348 5346 5361
f 5348 5345 5346
f 5347 5356 5348
f 5350 5354 5349
f 5350 5349 5352
f 5260 5351 5349
f 5351 5352 5349
f 5351 5316 5352
f 5295 5353 5352
f 5295 5293 5353
f 5350 5352 5343
f 5352 5353 5343
f 5300 5359 5355
f 5356 5355 5345
f 5359 5357 5355
f 5360 5355 5357
f 5300 5355 5358
f 5358 5355 5356
f 4317 5359 5300
f 5345 5355 5360
f 5360 4358 5346
f 5345 5360 5346
f 5362 5361 4334
f 5361 4347 4334
f 5361 4348 4347
f 5361 5346 4348
f 5346 4358 4348
f 5925 5923 5924
f 5925 5924 5926
f 5925 5926 5931
f 5931 5926 5928
f 5944 5928 5929
f 5944 5929 5934
f 5931 5928 5944
f 2790 5931 5932
f 5931 5944 5932
f 5932 5944 5933
f 5938 5935 5936
f 5944 5934 5935
f 5944 5935 5938
f 5938 5936 5939
f 5944 5938 5945
f 5938 5939 5942
f 5942 5939 5940
f 5942 5940 5941
f 5942 5941 5974
f 5976 5942 5974
f 5976 5946 5942
f 5938 5942 5945
f 5942 5946 5945
f 5944 5945 5952
f 5944 5952 5933
f 5945 5946 5954
f 5946 5987 5954
f 5952 5945 5954
f 5947 5932 5949
f 5932 5933 5949
f 5933 5953 5949
f 5947 5949 5950
f 5947 5950 5948
f 5949 5951 5950
f 5949 5953 5951
f 5933 5952 5953
f 5952 5955 5953
f 5952 5954 5955
f 5954 6011 5955
f 5953 5955 5956
f 5953 5956 5951
f 5955 5957 5956
f 5955 6011 5957
f 5983 5982 5988
f 5983 5988 6005
f 5976 5974 5975
f 5976 5975 5977
f 5979 5977 5978
f 5979 5978 5980
f 5976 5977 5979
f 5976 5979 5985
f 5976 5987 5946
f 5976 5985 5987
f 5979 5980 5983
f 5983 5980 5982
f 5979 5983 5985
f 5983 6005 5985
f 6010 5987 6012
f 5954 5987 6011
f 5985 6012 5987
f 5985 6005 6009
f 5985 6009 6012
f 6005 5988 5990
f 6005 5990 5989
f 6001 5989 5991
f 5999 5991 5992
f 5999 6001 5991
f 6005 5989 6001
f 5999 5992 5993
f 5999 5993 5997
f 5997 5993 5994
f 5998 5994 5995
f 5998 5995 4296
f 5997 5994 5998
f 5999 5997 6001
f 6005 6001 6009
f 6001 5997 6016
f 6009 6001 6016
f 5997 6002 6003
f 5997 5998 6002
f 6016 5997 6003
f 6010 6011 5987
f 6010 6013 6011
f 6012 6009 6022
f 6010 6012 6014
f 6012 6022 6014
f 6011 6013 5957
f 6010 6014 6013
f 6073 5957 6013
f 6014 6072 6013
f 6014 6022 6015
f 6014 6015 6072
f 6015 6017 6066
f 6009 6016 6022
f 6016 6017 6022
f 6002 6019 6003
f 4810 6020 6002
f 6002 6020 6019
f 6016 6003 6019
f 6016 6019 6018
f 6016 6018 6017
f 6018 6077 6017
f 6019 6020 6021
f 6018 6019 6021
f 6018 6021 6079
f 6020 6079 6021
f 4812 6079 6020
f 6015 6022 6017
f 6052 6042 6039
f 5948 5950 6040
f 5948 6040 6042
f 6040 5950 6041
f 6041 5950 5951
f 6040 6041 6043
f 6040 6039 6042
f 6040 6043 6039
f 6041 6047 6043
f 6039 6043 6044
f 6044 6043 6047
f 6041 5951 6045
f 5951 5956 6045
f 6041 6045 6047
f 6045 6048 6047
f 6045 5956 6046
f 6046 5956 5957
f 6045 6046 6048
f 6047 6048 6049
f 6044 6047 6056
f 6056 6047 6049
f 6048 6075 6049
f 6046 6075 6048
f 6049 6075 6060
f 6052 6039 6053
f 6050 6052 6051
f 6051 6052 6055
f 6039 6044 6053
f 6053 6044 6056
f 6052 6053 6055
f 6055 6053 6057
f 1149 6051 4302
f 4302 6051 4304
f 4304 6051 6054
f 6051 6055 6054
f 6054 6055 6063
f 6055 6057 6063
f 6057 6053 6056
f 6056 6049 6058
f 6057 6056 6058
f 6057 6058 6062
f 6059 6083 6065
f 6061 6058 6049
f 6061 6049 6060
f 6059 6058 6061
f 6062 6058 6059
f 6059 6061 6060
f 6057 6062 6063
f 6063 6062 6064
f 4312 6064 4313
f 4312 6063 6064
f 4313 6064 6065
f 6062 6059 6064
f 6064 6059 6065
f 4313 6065 4314
f 6074 6066 6071
f 6071 6066 6078
f 6076 6067 6068
f 6085 6068 6067
f 6076 6074 6071
f 6076 6070 6067
f 6076 6071 6070
f 6085 6067 6070
f 6087 6070 6071
f 6087 6071 6069
f 6046 5957 6073
f 6072 6073 6013
f 6046 6073 6075
f 6072 6076 6073
f 6073 6076 6075
f 6072 6015 6074
f 6074 6015 6066
f 6072 6074 6076
f 6076 6068 6075
f 6060 6075 6068
f 6017 6078 6066
f 6077 6078 6017
f 6077 6081 6078
f 6077 6079 6081
f 6079 6080 6081
f 4941 6080 6079
f 6018 6079 6077
f 6082 6088 6069
f 6082 6081 6088
f 6071 6078 6082
f 6078 6081 6082
f 6071 6082 6069
f 6080 6088 6081
f 4339 6088 6080
f 6059 6084 6083
f 4340 6083 6084
f 6085 6086 6084
f 6060 6068 6085
f 6060 6085 6084
f 6059 6060 6084
f 6085 6087 6086
f 6086 6069 6089
f 6087 6069 6086
f 4341 6084 6086
f 4341 6086 6089
f 6085 6070 6087
f 4315 4314 6083
f 4314 6065 6083
f 6069 6088 6089

