# https://github.com/mikedh/trimesh
v -1.21242166 -0.94228029 -0.89628267
v -1.21242166 -0.94228029 -0.86827385
v -1.21242166 -0.87710035 -0.89628267
v -1.21242166 -0.87710035 -0.86827385
v -1.14679670 -0.94228029 -0.89628267
v -1.14679670 -0.94228029 -0.86827385
v -1.14679670 -0.87710035 -0.89628267
v -1.21242166 -0.94228029 -0.84026504
v -1.21242166 -0.87710035 -0.84026504
v -1.14679670 -0.94228029 -0.84026504
v -1.21242166 -0.81192040 -0.89628267
v -1.21242166 -0.81192040 -0.86827385
v -1.14679670 -0.81192040 -0.89628267
v -1.21242166 -0.81192040 -0.84026504
v -1.08117175 -0.94228029 -0.89628267
v -1.08117175 -0.94228029 -0.86827385
v -1.08117175 -0.87710035 -0.89628267
v -1.08117175 -0.94228029 -0.84026504
v -1.08117175 -0.81192040 -0.89628267
v -1.21242166 -0.94228029 -0.81225622
v -1.21242166 -0.87710035 -0.81225622
v -1.14679670 -0.94228029 -0.81225622
v -1.21242166 -0.81192040 -0.81225622
v -1.08117175 -0.94228029 -0.81225622
v -1.21242166 -0.74674040 -0.89628267
v -1.21242166 -0.74674040 -0.86827385
v -1.14679670 -0.74674040 -0.89628267
v -1.21242166 -0.74674040 -0.84026504
v -1.08117175 -0.74674040 -0.89628267
v -1.21242166 -0.74674040 -0.81225622
v -1.01554668 -0.94228029 -0.89628267
v -1.01554668 -0.94228029 -0.86827385
v -1.01554668 -0.87710035 -0.89628267
v -1.01554668 -0.94228029 -0.84026504
v -1.01554668 -0.81192040 -0.89628267
v -0.94992167 -0.94228029 -0.89628267
v -0.94992167 -0.94228029 -0.86827385
v -0.94992167 -0.87710035 -0.89628267
v -0.94992167 -0.94228029 -0.84026504
v -0.94992167 -0.81192040 -0.89628267
v -1.01554668 -0.94228029 -0.81225622
v -0.94992167 -0.94228029 -0.81225622
v -1.01554668 -0.74674040 -0.89628267
v -0.94992167 -0.74674040 -0.89628267
v -1.21242166 -0.94228029 -0.78424734
v -1.21242166 -0.94228029 -0.75623852
v -1.21242166 -0.87710035 -0.78424734
v -1.21242166 -0.87710035 -0.75623852
v -1.14679670 -0.94228029 -0.78424734
v -1.14679670 -0.94228029 -0.75623852
v -1.21242166 -0.94228029 -0.72822970
v -1.21242166 -0.87710035 -0.72822970
v -1.14679670 -0.94228029 -0.72822970
v -1.21242166 -0.81192040 -0.78424734
v -1.21242166 -0.81192040 -0.75623852
v -1.21242166 -0.81192040 -0.72822970
v -1.08117175 -0.94228029 -0.78424734
v -1.08117175 -0.94228029 -0.75623852
v -1.08117175 -0.94228029 -0.72822970
v -1.21242166 -0.94228029 -0.70022088
v -1.21242166 -0.87710035 -0.70022088
v -1.14679670 -0.94228029 -0.70022088
v -1.21242166 -0.81192040 -0.70022088
v -1.08117175 -0.94228029 -0.70022088
v -1.21242166 -0.74674040 -0.78424734
v -1.21242166 -0.74674040 -0.75623852
v -1.21242166 -0.74674040 -0.72822970
v -1.21242166 -0.74674040 -0.70022088
v -1.01554668 -0.94228029 -0.78424734
v -1.01554668 -0.94228029 -0.75623852
v -1.01554668 -0.94228029 -0.72822970
v -0.94992167 -0.94228029 -0.78424734
v -0.94992167 -0.94228029 -0.75623852
v -0.94992167 -0.94228029 -0.72822970
v -1.01554668 -0.94228029 -0.70022088
v -0.94992167 -0.94228029 -0.70022088
v -1.21242166 -0.68156046 -0.89628267
v -1.21242166 -0.68156046 -0.86827385
v -1.21242166 -0.61638051 -0.89628267
v -1.21242166 -0.61638051 -0.86827385
v -1.14679670 -0.68156046 -0.89628267
v -1.14679670 -0.61638051 -0.89628267
v -1.21242166 -0.68156046 -0.84026504
v -1.21242166 -0.61638051 -0.84026504
v -1.21242166 -0.55120057 -0.89628267
v -1.21242166 -0.55120057 -0.86827385
v -1.14679670 -0.55120057 -0.89628267
v -1.21242166 -0.55120057 -0.84026504
v -1.08117175 -0.68156046 -0.89628267
v -1.08117175 -0.61638051 -0.89628267
v -1.08117175 -0.55120057 -0.89628267
v -1.21242166 -0.68156046 -0.81225622
v -1.21242166 -0.61638051 -0.81225622
v -1.21242166 -0.55120057 -0.81225622
v -1.21242166 -0.48602059 -0.89628267
v -1.21242166 -0.48602059 -0.86827385
v -1.14679670 -0.48602059 -0.89628267
v -1.21242166 -0.48602059 -0.84026504
v -1.08117175 -0.48602059 -0.89628267
v -1.21242166 -0.48602059 -0.81225622
v -1.01554668 -0.68156046 -0.89628267
v -1.01554668 -0.61638051 -0.89628267
v -1.01554668 -0.55120057 -0.89628267
v -0.94992167 -0.68156046 -0.89628267
v -0.94992167 -0.61638051 -0.89628267
v -0.94992167 -0.55120057 -0.89628267
v -1.01554668 -0.48602059 -0.89628267
v -0.94992167 -0.48602059 -0.89628267
v -1.21242166 -0.68156046 -0.78424734
v -1.21242166 -0.68156046 -0.75623852
v -1.21242166 -0.61638051 -0.78424734
v -1.21242166 -0.61638051 -0.75623852
v -1.21242166 -0.68156046 -0.72822970
v -1.21242166 -0.61638051 -0.72822970
v -1.21242166 -0.55120057 -0.78424734
v -1.21242166 -0.55120057 -0.75623852
v -1.21242166 -0.55120057 -0.72822970
v -1.21242166 -0.68156046 -0.70022088
v -1.21242166 -0.61638051 -0.70022088
v -1.21242166 -0.55120057 -0.70022088
v -1.21242166 -0.48602059 -0.78424734
v -1.21242166 -0.48602059 -0.75623852
v -1.21242166 -0.48602059 -0.72822970
v -1.21242166 -0.48602059 -0.70022088
v -0.88429666 -0.94228029 -0.89628267
v -0.88429666 -0.94228029 -0.86827385
v -0.88429666 -0.87710035 -0.89628267
v -0.88429666 -0.94228029 -0.84026504
v -0.88429666 -0.81192040 -0.89628267
v -0.81867170 -0.94228029 -0.89628267
v -0.81867170 -0.94228029 -0.86827385
v -0.81867170 -0.87710035 -0.89628267
v -0.81867170 -0.94228029 -0.84026504
v -0.81867170 -0.81192040 -0.89628267
v -0.88429666 -0.94228029 -0.81225622
v -0.81867170 -0.94228029 -0.81225622
v -0.88429666 -0.74674040 -0.89628267
v -0.81867170 -0.74674040 -0.89628267
v -0.75304669 -0.94228029 -0.89628267
v -0.75304669 -0.94228029 -0.86827385
v -0.75304669 -0.87710035 -0.89628267
v -0.75304669 -0.94228029 -0.84026504
v -0.75304669 -0.81192040 -0.89628267
v -0.68742168 -0.94228029 -0.89628267
v -0.68742168 -0.94228029 -0.86827385
v -0.68742168 -0.87710035 -0.89628267
v -0.68742168 -0.94228029 -0.84026504
v -0.68742168 -0.81192040 -0.89628267
v -0.75304669 -0.94228029 -0.81225622
v -0.68742168 -0.94228029 -0.81225622
v -0.75304669 -0.74674040 -0.89628267
v -0.68742168 -0.74674040 -0.89628267
v -0.88429666 -0.94228029 -0.78424734
v -0.88429666 -0.94228029 -0.75623852
v -0.88429666 -0.94228029 -0.72822970
v -0.81867170 -0.94228029 -0.78424734
v -0.81867170 -0.94228029 -0.75623852
v -0.81867170 -0.94228029 -0.72822970
v -0.88429666 -0.94228029 -0.70022088
v -0.81867170 -0.94228029 -0.70022088
v -0.75304669 -0.94228029 -0.78424734
v -0.75304669 -0.94228029 -0.75623852
v -0.75304669 -0.94228029 -0.72822970
v -0.68742168 -0.94228029 -0.78424734
v -0.68742168 -0.94228029 -0.75623852
v -0.68742168 -0.94228029 -0.72822970
v -0.75304669 -0.94228029 -0.70022088
v -0.68742168 -0.94228029 -0.70022088
v -0.88429666 -0.68156046 -0.89628267
v -0.88429666 -0.61638051 -0.89628267
v -0.88429666 -0.55120057 -0.89628267
v -0.81867170 -0.68156046 -0.89628267
v -0.81867170 -0.61638051 -0.89628267
v -0.81867170 -0.55120057 -0.89628267
v -0.88429666 -0.48602059 -0.89628267
v -0.81867170 -0.48602059 -0.89628267
v -0.75304669 -0.68156046 -0.89628267
v -0.75304669 -0.61638051 -0.89628267
v -0.75304669 -0.55120057 -0.89628267
v -0.68742168 -0.68156046 -0.89628267
v -0.68742168 -0.61638051 -0.89628267
v -0.68742168 -0.55120057 -0.89628267
v -0.75304669 -0.48602059 -0.89628267
v -0.68742168 -0.48602059 -0.89628267
v -1.21242166 -0.94228029 -0.67221200
v -1.21242166 -0.94228029 -0.64420319
v -1.21242166 -0.87710035 -0.67221200
v -1.21242166 -0.87710035 -0.64420319
v -1.14679670 -0.94228029 -0.67221200
v -1.14679670 -0.94228029 -0.64420319
v -1.21242166 -0.94228029 -0.61619437
v -1.21242166 -0.87710035 -0.61619437
v -1.14679670 -0.94228029 -0.61619437
v -1.21242166 -0.81192040 -0.67221200
v -1.21242166 -0.81192040 -0.64420319
v -1.21242166 -0.81192040 -0.61619437
v -1.08117175 -0.94228029 -0.67221200
v -1.08117175 -0.94228029 -0.64420319
v -1.08117175 -0.94228029 -0.61619437
v -1.21242166 -0.94228029 -0.58818555
v -1.21242166 -0.87710035 -0.58818555
v -1.14679670 -0.94228029 -0.58818555
v -1.21242166 -0.81192040 -0.58818555
v -1.08117175 -0.94228029 -0.58818555
v -1.21242166 -0.74674040 -0.67221200
v -1.21242166 -0.74674040 -0.64420319
v -1.21242166 -0.74674040 -0.61619437
v -1.21242166 -0.74674040 -0.58818555
v -1.01554668 -0.94228029 -0.67221200
v -1.01554668 -0.94228029 -0.64420319
v -1.01554668 -0.94228029 -0.61619437
v -0.94992167 -0.94228029 -0.67221200
v -0.94992167 -0.94228029 -0.64420319
v -0.94992167 -0.94228029 -0.61619437
v -1.01554668 -0.94228029 -0.58818555
v -0.94992167 -0.94228029 -0.58818555
v -1.21242166 -0.94228029 -0.56017667
v -1.21242166 -0.94228029 -0.53216785
v -1.21242166 -0.87710035 -0.56017667
v -1.21242166 -0.87710035 -0.53216785
v -1.14679670 -0.94228029 -0.56017667
v -1.14679670 -0.94228029 -0.53216785
v -1.21242166 -0.94228029 -0.50415903
v -1.21242166 -0.87710035 -0.50415903
v -1.14679670 -0.94228029 -0.50415903
v -1.21242166 -0.81192040 -0.56017667
v -1.21242166 -0.81192040 -0.53216785
v -1.21242166 -0.81192040 -0.50415903
v -1.08117175 -0.94228029 -0.56017667
v -1.08117175 -0.94228029 -0.53216785
v -1.08117175 -0.94228029 -0.50415903
v -1.21242166 -0.94228029 -0.47615018
v -1.21242166 -0.87710035 -0.47615018
v -1.14679670 -0.94228029 -0.47615018
v -1.21242166 -0.81192040 -0.47615018
v -1.08117175 -0.94228029 -0.47615018
v -1.21242166 -0.74674040 -0.56017667
v -1.21242166 -0.74674040 -0.53216785
v -1.21242166 -0.74674040 -0.50415903
v -1.21242166 -0.74674040 -0.47615018
v -1.01554668 -0.94228029 -0.56017667
v -1.01554668 -0.94228029 -0.53216785
v -1.01554668 -0.94228029 -0.50415903
v -0.94992167 -0.94228029 -0.56017667
v -0.94992167 -0.94228029 -0.53216785
v -0.94992167 -0.94228029 -0.50415903
v -1.01554668 -0.94228029 -0.47615018
v -0.94992167 -0.94228029 -0.47615018
v -1.21242166 -0.68156046 -0.67221200
v -1.21242166 -0.68156046 -0.64420319
v -1.21242166 -0.61638051 -0.67221200
v -1.21242166 -0.61638051 -0.64420319
v -1.21242166 -0.68156046 -0.61619437
v -1.21242166 -0.61638051 -0.61619437
v -1.21242166 -0.55120057 -0.67221200
v -1.21242166 -0.55120057 -0.64420319
v -1.21242166 -0.55120057 -0.61619437
v -1.21242166 -0.68156046 -0.58818555
v -1.21242166 -0.61638051 -0.58818555
v -1.21242166 -0.55120057 -0.58818555
v -1.21242166 -0.48602059 -0.67221200
v -1.21242166 -0.48602059 -0.64420319
v -1.21242166 -0.48602059 -0.61619437
v -1.21242166 -0.48602059 -0.58818555
v -1.21242166 -0.68156046 -0.56017667
v -1.21242166 -0.68156046 -0.53216785
v -1.21242166 -0.61638051 -0.56017667
v -1.21242166 -0.61638051 -0.53216785
v -1.21242166 -0.68156046 -0.50415903
v -1.21242166 -0.61638051 -0.50415903
v -1.21242166 -0.55120057 -0.56017667
v -1.21242166 -0.55120057 -0.53216785
v -1.21242166 -0.55120057 -0.50415903
v -1.21242166 -0.68156046 -0.47615018
v -1.21242166 -0.61638051 -0.47615018
v -1.21242166 -0.55120057 -0.47615018
v -1.21242166 -0.48602059 -0.56017667
v -1.21242166 -0.48602059 -0.53216785
v -1.21242166 -0.48602059 -0.50415903
v -1.21242166 -0.48602059 -0.47615018
v -0.88429666 -0.94228029 -0.67221200
v -0.88429666 -0.94228029 -0.64420319
v -0.88429666 -0.94228029 -0.61619437
v -0.81867170 -0.94228029 -0.67221200
v -0.81867170 -0.94228029 -0.64420319
v -0.81867170 -0.94228029 -0.61619437
v -0.88429666 -0.94228029 -0.58818555
v -0.81867170 -0.94228029 -0.58818555
v -0.75304669 -0.94228029 -0.67221200
v -0.75304669 -0.94228029 -0.64420319
v -0.75304669 -0.94228029 -0.61619437
v -0.68742168 -0.94228029 -0.67221200
v -0.68742168 -0.94228029 -0.64420319
v -0.68742168 -0.94228029 -0.61619437
v -0.75304669 -0.94228029 -0.58818555
v -0.68742168 -0.94228029 -0.58818555
v -0.88429666 -0.94228029 -0.56017667
v -0.88429666 -0.94228029 -0.53216785
v -0.88429666 -0.94228029 -0.50415903
v -0.81867170 -0.94228029 -0.56017667
v -0.81867170 -0.94228029 -0.53216785
v -0.81867170 -0.94228029 -0.50415903
v -0.88429666 -0.94228029 -0.47615018
v -0.81867170 -0.94228029 -0.47615018
v -0.75304669 -0.94228029 -0.56017667
v -0.75304669 -0.94228029 -0.53216785
v -0.75304669 -0.94228029 -0.50415903
v -0.68742168 -0.94228029 -0.56017667
v -0.68742168 -0.94228029 -0.53216785
v -0.68742168 -0.94228029 -0.50415903
v -0.75304669 -0.94228029 -0.47615018
v -0.68742168 -0.94228029 -0.47615018
v -1.21242166 -0.42084062 -0.89628267
v -1.21242166 -0.42084062 -0.86827385
v -1.21242166 -0.35566068 -0.89628267
v -1.21242166 -0.35566068 -0.86827385
v -1.14679670 -0.42084062 -0.89628267
v -1.14679670 -0.35566068 -0.89628267
v -1.21242166 -0.42084062 -0.84026504
v -1.21242166 -0.35566068 -0.84026504
v -1.08117175 -0.42084062 -0.89628267
v -1.08117175 -0.35566068 -0.89628267
v -1.21242166 -0.42084062 -0.81225622
v -1.21242166 -0.35566068 -0.81225622
v -1.21242166 -0.29048070 -0.89628267
v -1.21242166 -0.29048070 -0.86827385
v -1.14679670 -0.29048070 -0.89628267
v -1.21242166 -0.29048070 -0.84026504
v -1.21242166 -0.22530074 -0.89628267
v -1.21242166 -0.22530074 -0.86827385
v -1.14679670 -0.22530074 -0.89628267
v -1.21242166 -0.22530074 -0.84026504
v -1.08117175 -0.29048070 -0.89628267
v -1.08117175 -0.22530074 -0.89628267
v -1.21242166 -0.29048070 -0.81225622
v -1.21242166 -0.22530074 -0.81225622
v -1.01554668 -0.42084062 -0.89628267
v -1.01554668 -0.35566068 -0.89628267
v -0.94992167 -0.42084062 -0.89628267
v -0.94992167 -0.35566068 -0.89628267
v -1.01554668 -0.29048070 -0.89628267
v -1.01554668 -0.22530074 -0.89628267
v -0.94992167 -0.29048070 -0.89628267
v -0.94992167 -0.22530074 -0.89628267
v -1.21242166 -0.42084062 -0.78424734
v -1.21242166 -0.42084062 -0.75623852
v -1.21242166 -0.35566068 -0.78424734
v -1.21242166 -0.35566068 -0.75623852
v -1.21242166 -0.42084062 -0.72822970
v -1.21242166 -0.35566068 -0.72822970
v -1.21242166 -0.42084062 -0.70022088
v -1.21242166 -0.35566068 -0.70022088
v -1.21242166 -0.29048070 -0.78424734
v -1.21242166 -0.29048070 -0.75623852
v -1.21242166 -0.29048070 -0.72822970
v -1.21242166 -0.22530074 -0.78424734
v -1.21242166 -0.22530074 -0.75623852
v -1.21242166 -0.22530074 -0.72822970
v -1.21242166 -0.29048070 -0.70022088
v -1.21242166 -0.22530074 -0.70022088
v -1.21242166 -0.16012079 -0.89628267
v -1.21242166 -0.16012079 -0.86827385
v -1.14679670 -0.16012079 -0.89628267
v -1.21242166 -0.16012079 -0.84026504
v -1.21242166 -0.09494083 -0.89628267
v -1.21242166 -0.09494083 -0.86827385
v -1.21242166 -0.02976087 -0.89628267
v -1.21242166 -0.02976087 -0.86827385
v -1.14679670 -0.09494083 -0.89628267
v -1.14679670 -0.02976087 -0.89628267
v -1.21242166 -0.09494083 -0.84026504
v -1.21242166 -0.02976087 -0.84026504
v -1.08117175 -0.16012079 -0.89628267
v -1.08117175 -0.09494083 -0.89628267
v -1.08117175 -0.02976087 -0.89628267
v -1.21242166 -0.16012079 -0.81225622
v -1.21242166 -0.09494083 -0.81225622
v -1.21242166 -0.02976087 -0.81225622
v -1.21242166 0.03541909 -0.89628267
v -1.21242166 0.03541909 -0.86827385
v -1.14679670 0.03541909 -0.89628267
v -1.21242166 0.03541909 -0.84026504
v -1.08117175 0.03541909 -0.89628267
v -1.21242166 0.03541909 -0.81225622
v -1.01554668 -0.16012079 -0.89628267
v -1.01554668 -0.09494083 -0.89628267
v -1.01554668 -0.02976087 -0.89628267
v -0.94992167 -0.16012079 -0.89628267
v -0.94992167 -0.09494083 -0.89628267
v -0.94992167 -0.02976087 -0.89628267
v -1.01554668 0.03541909 -0.89628267
v -0.94992167 0.03541909 -0.89628267
v -1.21242166 -0.16012079 -0.78424734
v -1.21242166 -0.16012079 -0.75623852
v -1.21242166 -0.16012079 -0.72822970
v -1.21242166 -0.09494083 -0.78424734
v -1.21242166 -0.09494083 -0.75623852
v -1.21242166 -0.02976087 -0.78424734
v -1.21242166 -0.02976087 -0.75623852
v -1.21242166 -0.09494083 -0.72822970
v -1.21242166 -0.02976087 -0.72822970
v -1.21242166 -0.16012079 -0.70022088
v -1.21242166 -0.09494083 -0.70022088
v -1.21242166 -0.02976087 -0.70022088
v -1.21242166 0.03541909 -0.78424734
v -1.21242166 0.03541909 -0.75623852
v -1.21242166 0.03541909 -0.72822970
v -1.21242166 0.03541909 -0.70022088
v -0.88429666 -0.42084062 -0.89628267
v -0.88429666 -0.35566068 -0.89628267
v -0.81867170 -0.42084062 -0.89628267
v -0.81867170 -0.35566068 -0.89628267
v -0.88429666 -0.29048070 -0.89628267
v -0.88429666 -0.22530074 -0.89628267
v -0.81867170 -0.29048070 -0.89628267
v -0.81867170 -0.22530074 -0.89628267
v -0.75304669 -0.42084062 -0.89628267
v -0.75304669 -0.35566068 -0.89628267
v -0.68742168 -0.42084062 -0.89628267
v -0.68742168 -0.35566068 -0.89628267
v -0.75304669 -0.29048070 -0.89628267
v -0.75304669 -0.22530074 -0.89628267
v -0.68742168 -0.29048070 -0.89628267
v -0.68742168 -0.22530074 -0.89628267
v -0.88429666 -0.16012079 -0.89628267
v -0.88429666 -0.09494083 -0.89628267
v -0.88429666 -0.02976087 -0.89628267
v -0.81867170 -0.16012079 -0.89628267
v -0.81867170 -0.09494083 -0.89628267
v -0.81867170 -0.02976087 -0.89628267
v -0.88429666 0.03541909 -0.89628267
v -0.81867170 0.03541909 -0.89628267
v -0.75304669 -0.16012079 -0.89628267
v -0.75304669 -0.09494083 -0.89628267
v -0.75304669 -0.02976087 -0.89628267
v -0.68742168 -0.16012079 -0.89628267
v -0.68742168 -0.09494083 -0.89628267
v -0.68742168 -0.02976087 -0.89628267
v -0.75304669 0.03541909 -0.89628267
v -0.68742168 0.03541909 -0.89628267
v -1.21242166 -0.42084062 -0.67221200
v -1.21242166 -0.42084062 -0.64420319
v -1.21242166 -0.35566068 -0.67221200
v -1.21242166 -0.35566068 -0.64420319
v -1.21242166 -0.42084062 -0.61619437
v -1.21242166 -0.35566068 -0.61619437
v -1.21242166 -0.42084062 -0.58818555
v -1.21242166 -0.35566068 -0.58818555
v -1.21242166 -0.29048070 -0.67221200
v -1.21242166 -0.29048070 -0.64420319
v -1.21242166 -0.29048070 -0.61619437
v -1.21242166 -0.22530074 -0.67221200
v -1.21242166 -0.22530074 -0.64420319
v -1.21242166 -0.22530074 -0.61619437
v -1.21242166 -0.29048070 -0.58818555
v -1.21242166 -0.22530074 -0.58818555
v -1.21242166 -0.42084062 -0.56017667
v -1.21242166 -0.42084062 -0.53216785
v -1.21242166 -0.35566068 -0.56017667
v -1.21242166 -0.35566068 -0.53216785
v -1.21242166 -0.42084062 -0.50415903
v -1.21242166 -0.35566068 -0.50415903
v -1.21242166 -0.42084062 -0.47615018
v -1.21242166 -0.35566068 -0.47615018
v -1.21242166 -0.29048070 -0.56017667
v -1.21242166 -0.29048070 -0.53216785
v -1.21242166 -0.29048070 -0.50415903
v -1.21242166 -0.22530074 -0.56017667
v -1.21242166 -0.22530074 -0.53216785
v -1.21242166 -0.22530074 -0.50415903
v -1.21242166 -0.29048070 -0.47615018
v -1.21242166 -0.22530074 -0.47615018
v -1.21242166 -0.16012079 -0.67221200
v -1.21242166 -0.16012079 -0.64420319
v -1.21242166 -0.16012079 -0.61619437
v -1.21242166 -0.09494083 -0.67221200
v -1.21242166 -0.09494083 -0.64420319
v -1.21242166 -0.02976087 -0.67221200
v -1.21242166 -0.02976087 -0.64420319
v -1.21242166 -0.09494083 -0.61619437
v -1.21242166 -0.02976087 -0.61619437
v -1.21242166 -0.16012079 -0.58818555
v -1.21242166 -0.09494083 -0.58818555
v -1.21242166 -0.02976087 -0.58818555
v -1.21242166 0.03541909 -0.67221200
v -1.21242166 0.03541909 -0.64420319
v -1.21242166 0.03541909 -0.61619437
v -1.21242166 0.03541909 -0.58818555
v -1.21242166 -0.16012079 -0.56017667
v -1.21242166 -0.16012079 -0.53216785
v -1.21242166 -0.16012079 -0.50415903
v -1.21242166 -0.09494083 -0.56017667
v -1.21242166 -0.09494083 -0.53216785
v -1.21242166 -0.02976087 -0.56017667
v -1.21242166 -0.02976087 -0.53216785
v -1.21242166 -0.09494083 -0.50415903
v -1.21242166 -0.02976087 -0.50415903
v -1.21242166 -0.16012079 -0.47615018
v -1.21242166 -0.09494083 -0.47615018
v -1.21242166 -0.02976087 -0.47615018
v -1.21242166 0.03541909 -0.56017667
v -1.21242166 0.03541909 -0.53216785
v -1.21242166 0.03541909 -0.50415903
v -1.21242166 0.03541909 -0.47615018
v -0.62179667 -0.94228029 -0.89628267
v -0.62179667 -0.94228029 -0.86827385
v -0.62179667 -0.87710035 -0.89628267
v -0.62179667 -0.94228029 -0.84026504
v -0.62179667 -0.81192040 -0.89628267
v -0.55617166 -0.94228029 -0.89628267
v -0.55617166 -0.94228029 -0.86827385
v -0.55617166 -0.87710035 -0.89628267
v -0.55617166 -0.94228029 -0.84026504
v -0.55617166 -0.81192040 -0.89628267
v -0.62179667 -0.94228029 -0.81225622
v -0.55617166 -0.94228029 -0.81225622
v -0.62179667 -0.74674040 -0.89628267
v -0.55617166 -0.74674040 -0.89628267
v -0.49054667 -0.94228029 -0.89628267
v -0.49054667 -0.94228029 -0.86827385
v -0.49054667 -0.87710035 -0.89628267
v -0.49054667 -0.94228029 -0.84026504
v -0.49054667 -0.81192040 -0.89628267
v -0.42492166 -0.94228029 -0.89628267
v -0.42492166 -0.94228029 -0.86827385
v -0.42492166 -0.87710035 -0.89628267
v -0.42492166 -0.94228029 -0.84026504
v -0.42492166 -0.81192040 -0.89628267
v -0.49054667 -0.94228029 -0.81225622
v -0.42492166 -0.94228029 -0.81225622
v -0.49054667 -0.74674040 -0.89628267
v -0.42492166 -0.74674040 -0.89628267
v -0.62179667 -0.94228029 -0.78424734
v -0.62179667 -0.94228029 -0.75623852
v -0.62179667 -0.94228029 -0.72822970
v -0.55617166 -0.94228029 -0.78424734
v -0.55617166 -0.94228029 -0.75623852
v -0.55617166 -0.94228029 -0.72822970
v -0.62179667 -0.94228029 -0.70022088
v -0.55617166 -0.94228029 -0.70022088
v -0.49054667 -0.94228029 -0.78424734
v -0.49054667 -0.94228029 -0.75623852
v -0.49054667 -0.94228029 -0.72822970
v -0.42492166 -0.94228029 -0.78424734
v -0.42492166 -0.94228029 -0.75623852
v -0.42492166 -0.94228029 -0.72822970
v -0.49054667 -0.94228029 -0.70022088
v -0.42492166 -0.94228029 -0.70022088
v -0.62179667 -0.68156046 -0.89628267
v -0.62179667 -0.61638051 -0.89628267
v -0.62179667 -0.55120057 -0.89628267
v -0.55617166 -0.68156046 -0.89628267
v -0.55617166 -0.61638051 -0.89628267
v -0.55617166 -0.55120057 -0.89628267
v -0.62179667 -0.48602059 -0.89628267
v -0.55617166 -0.48602059 -0.89628267
v -0.49054667 -0.68156046 -0.89628267
v -0.49054667 -0.61638051 -0.89628267
v -0.49054667 -0.55120057 -0.89628267
v -0.42492166 -0.68156046 -0.89628267
v -0.42492166 -0.61638051 -0.89628267
v -0.42492166 -0.55120057 -0.89628267
v -0.49054667 -0.48602059 -0.89628267
v -0.42492166 -0.48602059 -0.89628267
v -0.35929665 -0.94228029 -0.89628267
v -0.35929665 -0.94228029 -0.86827385
v -0.35929665 -0.87710035 -0.89628267
v -0.35929665 -0.94228029 -0.84026504
v -0.35929665 -0.81192040 -0.89628267
v -0.29367167 -0.94228029 -0.89628267
v -0.29367167 -0.94228029 -0.86827385
v -0.29367167 -0.87710035 -0.89628267
v -0.29367167 -0.94228029 -0.84026504
v -0.29367167 -0.81192040 -0.89628267
v -0.35929665 -0.94228029 -0.81225622
v -0.29367167 -0.94228029 -0.81225622
v -0.35929665 -0.74674040 -0.89628267
v -0.29367167 -0.74674040 -0.89628267
v -0.22804666 -0.94228029 -0.89628267
v -0.22804666 -0.94228029 -0.86827385
v -0.22804666 -0.87710035 -0.89628267
v -0.22804666 -0.94228029 -0.84026504
v -0.22804666 -0.81192040 -0.89628267
v -0.16242164 -0.94228029 -0.89628267
v -0.16242164 -0.94228029 -0.86827385
v -0.16242164 -0.87710035 -0.89628267
v -0.16242164 -0.94228029 -0.84026504
v -0.16242164 -0.81192040 -0.89628267
v -0.22804666 -0.94228029 -0.81225622
v -0.16242164 -0.94228029 -0.81225622
v -0.22804666 -0.74674040 -0.89628267
v -0.16242164 -0.74674040 -0.89628267
v -0.35929665 -0.94228029 -0.78424734
v -0.35929665 -0.94228029 -0.75623852
v -0.35929665 -0.94228029 -0.72822970
v -0.29367167 -0.94228029 -0.78424734
v -0.29367167 -0.94228029 -0.75623852
v -0.29367167 -0.94228029 -0.72822970
v -0.35929665 -0.94228029 -0.70022088
v -0.29367167 -0.94228029 -0.70022088
v -0.22804666 -0.94228029 -0.78424734
v -0.22804666 -0.94228029 -0.75623852
v -0.22804666 -0.94228029 -0.72822970
v -0.16242164 -0.94228029 -0.78424734
v -0.16242164 -0.94228029 -0.75623852
v -0.16242164 -0.94228029 -0.72822970
v -0.22804666 -0.94228029 -0.70022088
v -0.16242164 -0.94228029 -0.70022088
v -0.35929665 -0.68156046 -0.89628267
v -0.35929665 -0.61638051 -0.89628267
v -0.35929665 -0.55120057 -0.89628267
v -0.29367167 -0.68156046 -0.89628267
v -0.29367167 -0.61638051 -0.89628267
v -0.29367167 -0.55120057 -0.89628267
v -0.35929665 -0.48602059 -0.89628267
v -0.29367167 -0.48602059 -0.89628267
v -0.22804666 -0.68156046 -0.89628267
v -0.22804666 -0.61638051 -0.89628267
v -0.22804666 -0.55120057 -0.89628267
v -0.16242164 -0.68156046 -0.89628267
v -0.16242164 -0.61638051 -0.89628267
v -0.16242164 -0.55120057 -0.89628267
v -0.22804666 -0.48602059 -0.89628267
v -0.16242164 -0.48602059 -0.89628267
v -0.62179667 -0.94228029 -0.67221200
v -0.62179667 -0.94228029 -0.64420319
v -0.62179667 -0.94228029 -0.61619437
v -0.55617166 -0.94228029 -0.67221200
v -0.55617166 -0.94228029 -0.64420319
v -0.55617166 -0.94228029 -0.61619437
v -0.62179667 -0.94228029 -0.58818555
v -0.55617166 -0.94228029 -0.58818555
v -0.49054667 -0.94228029 -0.67221200
v -0.49054667 -0.94228029 -0.64420319
v -0.49054667 -0.94228029 -0.61619437
v -0.42492166 -0.94228029 -0.67221200
v -0.42492166 -0.94228029 -0.64420319
v -0.42492166 -0.94228029 -0.61619437
v -0.49054667 -0.94228029 -0.58818555
v -0.42492166 -0.94228029 -0.58818555
v -0.62179667 -0.94228029 -0.56017667
v -0.62179667 -0.94228029 -0.53216785
v -0.62179667 -0.94228029 -0.50415903
v -0.55617166 -0.94228029 -0.56017667
v -0.55617166 -0.94228029 -0.53216785
v -0.55617166 -0.94228029 -0.50415903
v -0.62179667 -0.94228029 -0.47615018
v -0.55617166 -0.94228029 -0.47615018
v -0.49054667 -0.94228029 -0.56017667
v -0.49054667 -0.94228029 -0.53216785
v -0.49054667 -0.94228029 -0.50415903
v -0.42492166 -0.94228029 -0.56017667
v -0.42492166 -0.94228029 -0.53216785
v -0.42492166 -0.94228029 -0.50415903
v -0.49054667 -0.94228029 -0.47615018
v -0.42492166 -0.94228029 -0.47615018
v -0.35929665 -0.94228029 -0.67221200
v -0.35929665 -0.94228029 -0.64420319
v -0.35929665 -0.94228029 -0.61619437
v -0.29367167 -0.94228029 -0.67221200
v -0.29367167 -0.94228029 -0.64420319
v -0.29367167 -0.94228029 -0.61619437
v -0.35929665 -0.94228029 -0.58818555
v -0.29367167 -0.94228029 -0.58818555
v -0.22804666 -0.94228029 -0.67221200
v -0.22804666 -0.94228029 -0.64420319
v -0.22804666 -0.94228029 -0.61619437
v -0.16242164 -0.94228029 -0.67221200
v -0.16242164 -0.94228029 -0.64420319
v -0.16242164 -0.94228029 -0.61619437
v -0.22804666 -0.94228029 -0.58818555
v -0.16242164 -0.94228029 -0.58818555
v -0.35929665 -0.94228029 -0.56017667
v -0.35929665 -0.94228029 -0.53216785
v -0.35929665 -0.94228029 -0.50415903
v -0.29367167 -0.94228029 -0.56017667
v -0.29367167 -0.94228029 -0.53216785
v -0.29367167 -0.94228029 -0.50415903
v -0.35929665 -0.94228029 -0.47615018
v -0.29367167 -0.94228029 -0.47615018
v -0.22804666 -0.94228029 -0.56017667
v -0.22804666 -0.94228029 -0.53216785
v -0.22804666 -0.94228029 -0.50415903
v -0.16242164 -0.94228029 -0.56017667
v -0.16242164 -0.94228029 -0.53216785
v -0.16242164 -0.94228029 -0.50415903
v -0.22804666 -0.94228029 -0.47615018
v -0.16242164 -0.94228029 -0.47615018
v -0.62179667 -0.42084062 -0.89628267
v -0.62179667 -0.35566068 -0.89628267
v -0.55617166 -0.42084062 -0.89628267
v -0.55617166 -0.35566068 -0.89628267
v -0.62179667 -0.29048070 -0.89628267
v -0.62179667 -0.22530074 -0.89628267
v -0.55617166 -0.29048070 -0.89628267
v -0.55617166 -0.22530074 -0.89628267
v -0.49054667 -0.42084062 -0.89628267
v -0.49054667 -0.35566068 -0.89628267
v -0.42492166 -0.42084062 -0.89628267
v -0.42492166 -0.35566068 -0.89628267
v -0.49054667 -0.29048070 -0.89628267
v -0.49054667 -0.22530074 -0.89628267
v -0.42492166 -0.29048070 -0.89628267
v -0.42492166 -0.22530074 -0.89628267
v -0.62179667 -0.16012079 -0.89628267
v -0.62179667 -0.09494083 -0.89628267
v -0.62179667 -0.02976087 -0.89628267
v -0.55617166 -0.16012079 -0.89628267
v -0.55617166 -0.09494083 -0.89628267
v -0.55617166 -0.02976087 -0.89628267
v -0.62179667 0.03541909 -0.89628267
v -0.55617166 0.03541909 -0.89628267
v -0.49054667 -0.16012079 -0.89628267
v -0.49054667 -0.09494083 -0.89628267
v -0.49054667 -0.02976087 -0.89628267
v -0.42492166 -0.16012079 -0.89628267
v -0.42492166 -0.09494083 -0.89628267
v -0.42492166 -0.02976087 -0.89628267
v -0.49054667 0.03541909 -0.89628267
v -0.42492166 0.03541909 -0.89628267
v -0.35929665 -0.42084062 -0.89628267
v -0.35929665 -0.35566068 -0.89628267
v -0.29367167 -0.42084062 -0.89628267
v -0.29367167 -0.35566068 -0.89628267
v -0.35929665 -0.29048070 -0.89628267
v -0.35929665 -0.22530074 -0.89628267
v -0.29367167 -0.29048070 -0.89628267
v -0.29367167 -0.22530074 -0.89628267
v -0.22804666 -0.42084062 -0.89628267
v -0.22804666 -0.35566068 -0.89628267
v -0.16242164 -0.42084062 -0.89628267
v -0.16242164 -0.35566068 -0.89628267
v -0.22804666 -0.29048070 -0.89628267
v -0.22804666 -0.22530074 -0.89628267
v -0.16242164 -0.29048070 -0.89628267
v -0.16242164 -0.22530074 -0.89628267
v -0.35929665 -0.16012079 -0.89628267
v -0.35929665 -0.09494083 -0.89628267
v -0.35929665 -0.02976087 -0.89628267
v -0.29367167 -0.16012079 -0.89628267
v -0.29367167 -0.09494083 -0.89628267
v -0.29367167 -0.02976087 -0.89628267
v -0.35929665 0.03541909 -0.89628267
v -0.29367167 0.03541909 -0.89628267
v -0.22804666 -0.16012079 -0.89628267
v -0.22804666 -0.09494083 -0.89628267
v -0.22804666 -0.02976087 -0.89628267
v -0.16242164 -0.16012079 -0.89628267
v -0.16242164 -0.09494083 -0.89628267
v -0.16242164 -0.02976087 -0.89628267
v -0.22804666 0.03541909 -0.89628267
v -0.16242164 0.03541909 -0.89628267
v -1.21242166 -0.94228029 -0.44814134
v -1.21242166 -0.94228029 -0.42013252
v -1.21242166 -0.87710035 -0.44814134
v -1.21242166 -0.87710035 -0.42013252
v -1.14679670 -0.94228029 -0.44814134
v -1.14679670 -0.94228029 -0.42013252
v -1.21242166 -0.81192040 -0.44814134
v -1.21242166 -0.81192040 -0.42013252
v -1.08117175 -0.94228029 -0.44814134
v -1.08117175 -0.94228029 -0.42013252
v -1.21242166 -0.94228029 -0.39212367
v -1.21242166 -0.94228029 -0.36411485
v -1.21242166 -0.87710035 -0.39212367
v -1.21242166 -0.87710035 -0.36411485
v -1.14679670 -0.94228029 -0.39212367
v -1.14679670 -0.94228029 -0.36411485
v -1.21242166 -0.81192040 -0.39212367
v -1.21242166 -0.81192040 -0.36411485
v -1.08117175 -0.94228029 -0.39212367
v -1.08117175 -0.94228029 -0.36411485
v -1.21242166 -0.74674040 -0.44814134
v -1.21242166 -0.74674040 -0.42013252
v -1.21242166 -0.74674040 -0.39212367
v -1.21242166 -0.74674040 -0.36411485
v -1.01554668 -0.94228029 -0.44814134
v -1.01554668 -0.94228029 -0.42013252
v -0.94992167 -0.94228029 -0.44814134
v -0.94992167 -0.94228029 -0.42013252
v -1.01554668 -0.94228029 -0.39212367
v -1.01554668 -0.94228029 -0.36411485
v -0.94992167 -0.94228029 -0.39212367
v -0.94992167 -0.94228029 -0.36411485
v -1.21242166 -0.94228029 -0.33610600
v -1.21242166 -0.94228029 -0.30809718
v -1.21242166 -0.87710035 -0.33610600
v -1.21242166 -0.87710035 -0.30809718
v -1.14679670 -0.94228029 -0.33610600
v -1.14679670 -0.94228029 -0.30809718
v -1.21242166 -0.81192040 -0.33610600
v -1.21242166 -0.81192040 -0.30809718
v -1.08117175 -0.94228029 -0.33610600
v -1.08117175 -0.94228029 -0.30809718
v -1.21242166 -0.94228029 -0.28008834
v -1.21242166 -0.94228029 -0.25207952
v -1.21242166 -0.87710035 -0.28008834
v -1.21242166 -0.87710035 -0.25207952
v -1.14679670 -0.94228029 -0.28008834
v -1.14679670 -0.94228029 -0.25207952
v -1.21242166 -0.81192040 -0.28008834
v -1.21242166 -0.81192040 -0.25207952
v -1.08117175 -0.94228029 -0.28008834
v -1.08117175 -0.94228029 -0.25207952
v -1.21242166 -0.74674040 -0.33610600
v -1.21242166 -0.74674040 -0.30809718
v -1.21242166 -0.74674040 -0.28008834
v -1.21242166 -0.74674040 -0.25207952
v -1.01554668 -0.94228029 -0.33610600
v -1.01554668 -0.94228029 -0.30809718
v -0.94992167 -0.94228029 -0.33610600
v -0.94992167 -0.94228029 -0.30809718
v -1.01554668 -0.94228029 -0.28008834
v -1.01554668 -0.94228029 -0.25207952
v -0.94992167 -0.94228029 -0.28008834
v -0.94992167 -0.94228029 -0.25207952
v -1.21242166 -0.68156046 -0.44814134
v -1.21242166 -0.68156046 -0.42013252
v -1.21242166 -0.61638051 -0.44814134
v -1.21242166 -0.61638051 -0.42013252
v -1.21242166 -0.55120057 -0.44814134
v -1.21242166 -0.55120057 -0.42013252
v -1.21242166 -0.68156046 -0.39212367
v -1.21242166 -0.68156046 -0.36411485
v -1.21242166 -0.61638051 -0.39212367
v -1.21242166 -0.61638051 -0.36411485
v -1.21242166 -0.55120057 -0.39212367
v -1.21242166 -0.55120057 -0.36411485
v -1.21242166 -0.48602059 -0.44814134
v -1.21242166 -0.48602059 -0.42013252
v -1.21242166 -0.48602059 -0.39212367
v -1.21242166 -0.48602059 -0.36411485
v -1.21242166 -0.68156046 -0.33610600
v -1.21242166 -0.68156046 -0.30809718
v -1.21242166 -0.61638051 -0.33610600
v -1.21242166 -0.61638051 -0.30809718
v -1.21242166 -0.55120057 -0.33610600
v -1.21242166 -0.55120057 -0.30809718
v -1.21242166 -0.68156046 -0.28008834
v -1.21242166 -0.68156046 -0.25207952
v -1.21242166 -0.61638051 -0.28008834
v -1.21242166 -0.61638051 -0.25207952
v -1.21242166 -0.55120057 -0.28008834
v -1.21242166 -0.55120057 -0.25207952
v -1.21242166 -0.48602059 -0.33610600
v -1.21242166 -0.48602059 -0.30809718
v -1.21242166 -0.48602059 -0.28008834
v -1.21242166 -0.48602059 -0.25207952
v -0.88429666 -0.94228029 -0.44814134
v -0.88429666 -0.94228029 -0.42013252
v -0.81867170 -0.94228029 -0.44814134
v -0.81867170 -0.94228029 -0.42013252
v -0.88429666 -0.94228029 -0.39212367
v -0.88429666 -0.94228029 -0.36411485
v -0.81867170 -0.94228029 -0.39212367
v -0.81867170 -0.94228029 -0.36411485
v -0.75304669 -0.94228029 -0.44814134
v -0.75304669 -0.94228029 -0.42013252
v -0.68742168 -0.94228029 -0.44814134
v -0.68742168 -0.94228029 -0.42013252
v -0.75304669 -0.94228029 -0.39212367
v -0.75304669 -0.94228029 -0.36411485
v -0.68742168 -0.94228029 -0.39212367
v -0.68742168 -0.94228029 -0.36411485
v -0.88429666 -0.94228029 -0.33610600
v -0.88429666 -0.94228029 -0.30809718
v -0.81867170 -0.94228029 -0.33610600
v -0.81867170 -0.94228029 -0.30809718
v -0.88429666 -0.94228029 -0.28008834
v -0.88429666 -0.94228029 -0.25207952
v -0.81867170 -0.94228029 -0.28008834
v -0.81867170 -0.94228029 -0.25207952
v -0.75304669 -0.94228029 -0.33610600
v -0.75304669 -0.94228029 -0.30809718
v -0.68742168 -0.94228029 -0.33610600
v -0.68742168 -0.94228029 -0.30809718
v -0.75304669 -0.94228029 -0.28008834
v -0.75304669 -0.94228029 -0.25207952
v -0.68742168 -0.94228029 -0.28008834
v -0.68742168 -0.94228029 -0.25207952
v -1.21242166 -0.94228029 -0.22407067
v -1.21242166 -0.87710035 -0.22407067
v -1.14679670 -0.94228029 -0.22407067
v -1.21242166 -0.94228029 -0.19606183
v -1.21242166 -0.87710035 -0.19606183
v -1.14679670 -0.94228029 -0.19606183
v -1.21242166 -0.81192040 -0.22407067
v -1.21242166 -0.81192040 -0.19606183
v -1.08117175 -0.94228029 -0.22407067
v -1.08117175 -0.94228029 -0.19606183
v -1.21242166 -0.94228029 -0.16805300
v -1.21242166 -0.87710035 -0.16805300
v -1.14679670 -0.94228029 -0.16805300
v -1.21242166 -0.94228029 -0.14004417
v -1.21242166 -0.87710035 -0.14004417
v -1.14679670 -0.94228029 -0.14004417
v -1.21242166 -0.81192040 -0.16805300
v -1.21242166 -0.81192040 -0.14004417
v -1.08117175 -0.94228029 -0.16805300
v -1.08117175 -0.94228029 -0.14004417
v -1.21242166 -0.74674040 -0.22407067
v -1.21242166 -0.74674040 -0.19606183
v -1.21242166 -0.74674040 -0.16805300
v -1.21242166 -0.74674040 -0.14004417
v -1.01554668 -0.94228029 -0.22407067
v -1.01554668 -0.94228029 -0.19606183
v -0.94992167 -0.94228029 -0.22407067
v -0.94992167 -0.94228029 -0.19606183
v -1.01554668 -0.94228029 -0.16805300
v -1.01554668 -0.94228029 -0.14004417
v -0.94992167 -0.94228029 -0.16805300
v -0.94992167 -0.94228029 -0.14004417
v -1.21242166 -0.94228029 -0.11203533
v -1.21242166 -0.87710035 -0.11203533
v -1.14679670 -0.94228029 -0.11203533
v -1.21242166 -0.94228029 -0.08402650
v -1.21242166 -0.87710035 -0.08402650
v -1.14679670 -0.94228029 -0.08402650
v -1.21242166 -0.81192040 -0.11203533
v -1.21242166 -0.81192040 -0.08402650
v -1.08117175 -0.94228029 -0.11203533
v -1.08117175 -0.94228029 -0.08402650
v -1.21242166 -0.94228029 -0.05601767
v -1.21242166 -0.87710035 -0.05601767
v -1.14679670 -0.94228029 -0.05601767
v -1.21242166 -0.94228029 -0.02800883
v -1.21242166 -0.94228029 0.00000000
v -1.21242166 -0.87710035 -0.02800883
v -1.21242166 -0.87710035 0.00000000
v -1.14679670 -0.94228029 -0.02800883
v -1.14679670 -0.94228029 0.00000000
v -1.14679670 -0.87710035 0.00000000
v -1.21242166 -0.81192040 -0.05601767
v -1.21242166 -0.81192040 -0.02800883
v -1.21242166 -0.81192040 0.00000000
v -1.14679670 -0.81192040 0.00000000
v -1.08117175 -0.94228029 -0.05601767
v -1.08117175 -0.94228029 -0.02800883
v -1.08117175 -0.94228029 0.00000000
v -1.08117175 -0.87710035 0.00000000
v -1.08117175 -0.81192040 0.00000000
v -1.21242166 -0.74674040 -0.11203533
v -1.21242166 -0.74674040 -0.08402650
v -1.21242166 -0.74674040 -0.05601767
v -1.21242166 -0.74674040 -0.02800883
v -1.21242166 -0.74674040 0.00000000
v -1.14679670 -0.74674040 0.00000000
v -1.08117175 -0.74674040 0.00000000
v -1.01554668 -0.94228029 -0.11203533
v -1.01554668 -0.94228029 -0.08402650
v -0.94992167 -0.94228029 -0.11203533
v -0.94992167 -0.94228029 -0.08402650
v -1.01554668 -0.94228029 -0.05601767
v -1.01554668 -0.94228029 -0.02800883
v -1.01554668 -0.94228029 0.00000000
v -1.01554668 -0.87710035 0.00000000
v -1.01554668 -0.81192040 0.00000000
v -0.94992167 -0.94228029 -0.05601767
v -0.94992167 -0.94228029 -0.02800883
v -0.94992167 -0.94228029 0.00000000
v -0.94992167 -0.87710035 0.00000000
v -0.94992167 -0.81192040 0.00000000
v -1.01554668 -0.74674040 0.00000000
v -0.94992167 -0.74674040 0.00000000
v -1.21242166 -0.68156046 -0.22407067
v -1.21242166 -0.61638051 -0.22407067
v -1.21242166 -0.68156046 -0.19606183
v -1.21242166 -0.61638051 -0.19606183
v -1.21242166 -0.55120057 -0.22407067
v -1.21242166 -0.55120057 -0.19606183
v -1.21242166 -0.68156046 -0.16805300
v -1.21242166 -0.61638051 -0.16805300
v -1.21242166 -0.68156046 -0.14004417
v -1.21242166 -0.61638051 -0.14004417
v -1.21242166 -0.55120057 -0.16805300
v -1.21242166 -0.55120057 -0.14004417
v -1.21242166 -0.48602059 -0.22407067
v -1.21242166 -0.48602059 -0.19606183
v -1.21242166 -0.48602059 -0.16805300
v -1.21242166 -0.48602059 -0.14004417
v -1.21242166 -0.68156046 -0.11203533
v -1.21242166 -0.61638051 -0.11203533
v -1.21242166 -0.68156046 -0.08402650
v -1.21242166 -0.61638051 -0.08402650
v -1.21242166 -0.55120057 -0.11203533
v -1.21242166 -0.55120057 -0.08402650
v -1.21242166 -0.68156046 -0.05601767
v -1.21242166 -0.61638051 -0.05601767
v -1.21242166 -0.68156046 -0.02800883
v -1.21242166 -0.68156046 0.00000000
v -1.21242166 -0.61638051 -0.02800883
v -1.21242166 -0.61638051 0.00000000
v -1.14679670 -0.68156046 0.00000000
v -1.14679670 -0.61638051 0.00000000
v -1.21242166 -0.55120057 -0.05601767
v -1.21242166 -0.55120057 -0.02800883
v -1.21242166 -0.55120057 0.00000000
v -1.14679670 -0.55120057 0.00000000
v -1.08117175 -0.68156046 0.00000000
v -1.08117175 -0.61638051 0.00000000
v -1.08117175 -0.55120057 0.00000000
v -1.21242166 -0.48602059 -0.11203533
v -1.21242166 -0.48602059 -0.08402650
v -1.21242166 -0.48602059 -0.05601767
v -1.21242166 -0.48602059 -0.02800883
v -1.21242166 -0.48602059 0.00000000
v -1.14679670 -0.48602059 0.00000000
v -1.08117175 -0.48602059 0.00000000
v -1.01554668 -0.68156046 0.00000000
v -1.01554668 -0.61638051 0.00000000
v -1.01554668 -0.55120057 0.00000000
v -0.94992167 -0.68156046 0.00000000
v -0.94992167 -0.61638051 0.00000000
v -0.94992167 -0.55120057 0.00000000
v -1.01554668 -0.48602059 0.00000000
v -0.94992167 -0.48602059 0.00000000
v -0.88429666 -0.94228029 -0.22407067
v -0.88429666 -0.94228029 -0.19606183
v -0.81867170 -0.94228029 -0.22407067
v -0.81867170 -0.94228029 -0.19606183
v -0.88429666 -0.94228029 -0.16805300
v -0.88429666 -0.94228029 -0.14004417
v -0.81867170 -0.94228029 -0.16805300
v -0.81867170 -0.94228029 -0.14004417
v -0.75304669 -0.94228029 -0.22407067
v -0.75304669 -0.94228029 -0.19606183
v -0.68742168 -0.94228029 -0.22407067
v -0.68742168 -0.94228029 -0.19606183
v -0.75304669 -0.94228029 -0.16805300
v -0.75304669 -0.94228029 -0.14004417
v -0.68742168 -0.94228029 -0.16805300
v -0.68742168 -0.94228029 -0.14004417
v -0.88429666 -0.94228029 -0.11203533
v -0.88429666 -0.94228029 -0.08402650
v -0.81867170 -0.94228029 -0.11203533
v -0.81867170 -0.94228029 -0.08402650
v -0.88429666 -0.94228029 -0.05601767
v -0.88429666 -0.94228029 -0.02800883
v -0.88429666 -0.94228029 0.00000000
v -0.88429666 -0.87710035 0.00000000
v -0.88429666 -0.81192040 0.00000000
v -0.81867170 -0.94228029 -0.05601767
v -0.81867170 -0.94228029 -0.02800883
v -0.81867170 -0.94228029 0.00000000
v -0.81867170 -0.87710035 0.00000000
v -0.81867170 -0.81192040 0.00000000
v -0.88429666 -0.74674040 0.00000000
v -0.81867170 -0.74674040 0.00000000
v -0.75304669 -0.94228029 -0.11203533
v -0.75304669 -0.94228029 -0.08402650
v -0.68742168 -0.94228029 -0.11203533
v -0.68742168 -0.94228029 -0.08402650
v -0.75304669 -0.94228029 -0.05601767
v -0.75304669 -0.94228029 -0.02800883
v -0.75304669 -0.94228029 0.00000000
v -0.75304669 -0.87710035 0.00000000
v -0.75304669 -0.81192040 0.00000000
v -0.68742168 -0.94228029 -0.05601767
v -0.68742168 -0.94228029 -0.02800883
v -0.68742168 -0.94228029 0.00000000
v -0.68742168 -0.87710035 0.00000000
v -0.68742168 -0.81192040 0.00000000
v -0.75304669 -0.74674040 0.00000000
v -0.68742168 -0.74674040 0.00000000
v -0.88429666 -0.68156046 0.00000000
v -0.88429666 -0.61638051 0.00000000
v -0.88429666 -0.55120057 0.00000000
v -0.81867170 -0.68156046 0.00000000
v -0.81867170 -0.61638051 0.00000000
v -0.81867170 -0.55120057 0.00000000
v -0.88429666 -0.48602059 0.00000000
v -0.81867170 -0.48602059 0.00000000
v -0.75304669 -0.68156046 0.00000000
v -0.75304669 -0.61638051 0.00000000
v -0.75304669 -0.55120057 0.00000000
v -0.68742168 -0.68156046 0.00000000
v -0.69092542 -0.62607372 0.00000000
v -0.68802071 -0.60658318 0.00000000
v -0.68742168 -0.55120057 0.00000000
v -0.75304669 -0.48602059 0.00000000
v -0.68742168 -0.48602059 0.00000000
v -1.21242166 -0.42084062 -0.44814134
v -1.21242166 -0.42084062 -0.42013252
v -1.21242166 -0.35566068 -0.44814134
v -1.21242166 -0.35566068 -0.42013252
v -1.21242166 -0.42084062 -0.39212367
v -1.21242166 -0.42084062 -0.36411485
v -1.21242166 -0.35566068 -0.39212367
v -1.21242166 -0.35566068 -0.36411485
v -1.21242166 -0.29048070 -0.44814134
v -1.21242166 -0.29048070 -0.42013252
v -1.21242166 -0.22530074 -0.44814134
v -1.21242166 -0.22530074 -0.42013252
v -1.21242166 -0.29048070 -0.39212367
v -1.21242166 -0.29048070 -0.36411485
v -1.21242166 -0.22530074 -0.39212367
v -1.21242166 -0.22530074 -0.36411485
v -1.21242166 -0.42084062 -0.33610600
v -1.21242166 -0.42084062 -0.30809718
v -1.21242166 -0.35566068 -0.33610600
v -1.21242166 -0.35566068 -0.30809718
v -1.21242166 -0.42084062 -0.28008834
v -1.21242166 -0.42084062 -0.25207952
v -1.21242166 -0.35566068 -0.28008834
v -1.21242166 -0.35566068 -0.25207952
v -1.21242166 -0.29048070 -0.33610600
v -1.21242166 -0.29048070 -0.30809718
v -1.21242166 -0.22530074 -0.33610600
v -1.21242166 -0.22530074 -0.30809718
v -1.21242166 -0.29048070 -0.28008834
v -1.21242166 -0.29048070 -0.25207952
v -1.21242166 -0.22530074 -0.28008834
v -1.21242166 -0.22530074 -0.25207952
v -1.21242166 -0.16012079 -0.44814134
v -1.21242166 -0.16012079 -0.42013252
v -1.21242166 -0.09494083 -0.44814134
v -1.21242166 -0.09494083 -0.42013252
v -1.21242166 -0.02976087 -0.44814134
v -1.21242166 -0.02976087 -0.42013252
v -1.21242166 -0.16012079 -0.39212367
v -1.21242166 -0.16012079 -0.36411485
v -1.21242166 -0.09494083 -0.39212367
v -1.21242166 -0.09494083 -0.36411485
v -1.21242166 -0.02976087 -0.39212367
v -1.21242166 -0.02976087 -0.36411485
v -1.21242166 0.03541909 -0.44814134
v -1.21242166 0.03541909 -0.42013252
v -1.21242166 0.03541909 -0.39212367
v -1.21242166 0.03541909 -0.36411485
v -1.21242166 -0.16012079 -0.33610600
v -1.21242166 -0.16012079 -0.30809718
v -1.21242166 -0.09494083 -0.33610600
v -1.21242166 -0.09494083 -0.30809718
v -1.21242166 -0.02976087 -0.33610600
v -1.21242166 -0.02976087 -0.30809718
v -1.21242166 -0.16012079 -0.28008834
v -1.21242166 -0.16012079 -0.25207952
v -1.21242166 -0.09494083 -0.28008834
v -1.21242166 -0.09494083 -0.25207952
v -1.21242166 -0.02976087 -0.28008834
v -1.21242166 -0.02976087 -0.25207952
v -1.21242166 0.03541909 -0.33610600
v -1.21242166 0.03541909 -0.30809718
v -1.21242166 0.03541909 -0.28008834
v -1.21242166 0.03541909 -0.25207952
v -1.21242166 -0.42084062 -0.22407067
v -1.21242166 -0.35566068 -0.22407067
v -1.21242166 -0.42084062 -0.19606183
v -1.21242166 -0.35566068 -0.19606183
v -1.21242166 -0.42084062 -0.16805300
v -1.21242166 -0.35566068 -0.16805300
v -1.21242166 -0.42084062 -0.14004417
v -1.21242166 -0.35566068 -0.14004417
v -1.21242166 -0.29048070 -0.22407067
v -1.21242166 -0.29048070 -0.19606183
v -1.21242166 -0.22530074 -0.22407067
v -1.21242166 -0.22530074 -0.19606183
v -1.21242166 -0.29048070 -0.16805300
v -1.21242166 -0.29048070 -0.14004417
v -1.21242166 -0.22530074 -0.16805300
v -1.21242166 -0.22530074 -0.14004417
v -1.21242166 -0.42084062 -0.11203533
v -1.21242166 -0.35566068 -0.11203533
v -1.21242166 -0.42084062 -0.08402650
v -1.21242166 -0.35566068 -0.08402650
v -1.21242166 -0.42084062 -0.05601767
v -1.21242166 -0.35566068 -0.05601767
v -1.21242166 -0.42084062 -0.02800883
v -1.21242166 -0.42084062 0.00000000
v -1.21242166 -0.35566068 -0.02800883
v -1.21242166 -0.35566068 0.00000000
v -1.14679670 -0.42084062 0.00000000
v -1.14679670 -0.35566068 0.00000000
v -1.08117175 -0.42084062 0.00000000
v -1.08117175 -0.35566068 0.00000000
v -1.21242166 -0.29048070 -0.11203533
v -1.21242166 -0.29048070 -0.08402650
v -1.21242166 -0.22530074 -0.11203533
v -1.21242166 -0.22530074 -0.08402650
v -1.21242166 -0.29048070 -0.05601767
v -1.21242166 -0.29048070 -0.02800883
v -1.21242166 -0.29048070 0.00000000
v -1.14679670 -0.29048070 0.00000000
v -1.21242166 -0.22530074 -0.05601767
v -1.21242166 -0.22530074 -0.02800883
v -1.21242166 -0.22530074 0.00000000
v -1.14679670 -0.22530074 0.00000000
v -1.08117175 -0.29048070 0.00000000
v -1.08117175 -0.22530074 0.00000000
v -1.01554668 -0.42084062 0.00000000
v -1.01554668 -0.35566068 0.00000000
v -0.94992167 -0.42084062 0.00000000
v -0.94992167 -0.35566068 0.00000000
v -1.01554668 -0.29048070 0.00000000
v -1.01554668 -0.22530074 0.00000000
v -0.94992167 -0.29048070 0.00000000
v -0.94992167 -0.22530074 0.00000000
v -1.21242166 -0.16012079 -0.22407067
v -1.21242166 -0.16012079 -0.19606183
v -1.21242166 -0.09494083 -0.22407067
v -1.21242166 -0.02976087 -0.22407067
v -1.21242166 -0.09494083 -0.19606183
v -1.21242166 -0.02976087 -0.19606183
v -1.21242166 -0.16012079 -0.16805300
v -1.21242166 -0.16012079 -0.14004417
v -1.21242166 -0.09494083 -0.16805300
v -1.21242166 -0.02976087 -0.16805300
v -1.21242166 -0.09494083 -0.14004417
v -1.21242166 -0.02976087 -0.14004417
v -1.21242166 0.03541909 -0.22407067
v -1.21242166 0.03541909 -0.19606183
v -1.21242166 0.03541909 -0.16805300
v -1.21242166 0.03541909 -0.14004417
v -1.21242166 -0.16012079 -0.11203533
v -1.21242166 -0.16012079 -0.08402650
v -1.21242166 -0.09494083 -0.11203533
v -1.21242166 -0.02976087 -0.11203533
v -1.21242166 -0.09494083 -0.08402650
v -1.21242166 -0.02976087 -0.08402650
v -1.21242166 -0.16012079 -0.05601767
v -1.21242166 -0.16012079 -0.02800883
v -1.21242166 -0.16012079 0.00000000
v -1.14679670 -0.16012079 0.00000000
v -1.21242166 -0.09494083 -0.05601767
v -1.21242166 -0.02976087 -0.05601767
v -1.21242166 -0.09494083 -0.02800883
v -1.21242166 -0.09494083 0.00000000
v -1.21242166 -0.02976087 -0.02800883
v -1.21242166 -0.02976087 0.00000000
v -1.14679670 -0.09494083 0.00000000
v -1.14679670 -0.02976087 0.00000000
v -1.08117175 -0.16012079 0.00000000
v -1.08117175 -0.09494083 0.00000000
v -1.08117175 -0.02976087 0.00000000
v -1.21242166 0.03541909 -0.11203533
v -1.21242166 0.03541909 -0.08402650
v -1.21242166 0.03541909 -0.05601767
v -1.21242166 0.03541909 -0.02800883
v -1.21242166 0.03541909 0.00000000
v -1.14679670 0.03541909 0.00000000
v -1.08117175 0.03541909 0.00000000
v -1.01554668 -0.16012079 0.00000000
v -1.01554668 -0.09494083 0.00000000
v -1.01554668 -0.02976087 0.00000000
v -0.94992167 -0.16012079 0.00000000
v -0.94992167 -0.09494083 0.00000000
v -0.94992167 -0.02976087 0.00000000
v -1.01554668 0.03541909 0.00000000
v -0.94992167 0.03541909 0.00000000
v -0.70827007 -0.19106090 -0.13292740
v -0.88429666 -0.42084062 0.00000000
v -0.88429666 -0.35566068 0.00000000
v -0.81867170 -0.42084062 0.00000000
v -0.81867170 -0.35566068 0.00000000
v -0.88429666 -0.29048070 0.00000000
v -0.88429666 -0.22530074 0.00000000
v -0.81867170 -0.29048070 0.00000000
v -0.81867170 -0.22530074 0.00000000
v -0.75304669 -0.42084062 0.00000000
v -0.75304669 -0.35566068 0.00000000
v -0.68742168 -0.42084062 0.00000000
v -0.68742168 -0.35566068 0.00000000
v -0.72293478 -0.29535836 0.00000000
v -0.69633478 -0.31613129 -0.00698530
v -0.69956046 -0.31660309 0.00000000
v -0.69228870 -0.32258597 0.00000000
v -0.76649612 -0.19043259 -0.06779370
v -0.71821088 -0.24109450 -0.09042770
v -0.69675142 -0.27270919 -0.07223010
v -0.74416232 -0.16252120 -0.11069880
v -0.78801441 -0.22743367 0.00000000
v -0.75304669 -0.29048070 0.00000000
v -0.77373415 -0.24446134 0.00000000
v -0.76432317 -0.25157481 -0.00817110
v -0.76599973 -0.25361219 0.00000000
v -0.76170433 -0.25696781 0.00000000
v -0.77896750 -0.22369841 -0.02888590
v -0.79709136 -0.20083439 0.00000000
v -0.79615682 -0.18243280 -0.02323960
v -0.80375677 -0.18286201 0.00000000
v -0.75037920 -0.24891800 -0.05149240
v -0.72410941 -0.28352529 -0.02209440
v -0.73092747 -0.28530860 0.00000000
v -0.71486598 -0.14861050 -0.14650591
v -0.75184602 -0.11506470 -0.11305940
v -0.71060342 -0.05668730 -0.14261210
v -0.73518062 -0.08420210 -0.13189501
v -0.73127937 -0.00296420 -0.11531000
v -0.70184612 -0.01918350 -0.13954550
v -0.88429666 -0.16012079 0.00000000
v -0.88429666 -0.09494083 0.00000000
v -0.88429666 -0.02976087 0.00000000
v -0.81867170 -0.16012079 0.00000000
v -0.82177985 -0.15495366 0.00000000
v -0.82227671 -0.15414084 0.00000000
v -0.82214409 -0.15399569 -0.00075060
v -0.82260865 -0.15339789 0.00000000
v -0.82321054 -0.15163840 0.00000000
v -0.83243585 -0.11698131 0.00000000
v -0.82139730 -0.09459150 -0.02906820
v -0.82957274 -0.08002508 0.00000000
v -0.82925361 -0.07778160 -0.00045410
v -0.82943720 -0.07736202 0.00000000
v -0.82941246 -0.07773796 0.00000000
v -0.82766300 -0.03354560 -0.00643020
v -0.83014596 -0.03465131 0.00000000
v -0.83021450 -0.03226502 0.00000000
v -0.88429666 0.03541909 0.00000000
v -0.82935476 -0.02799746 0.00000000
v -0.82659101 -0.01355306 0.00000000
v -0.82116294 0.01413677 0.00000000
v -0.81867170 0.03541909 0.00000000
v -0.77072829 -0.15004320 -0.08469550
v -0.78043962 -0.11159100 -0.07540940
v -0.77382028 -0.07411950 -0.09106600
v -0.76132983 -0.04356900 -0.10248190
v -0.80184871 -0.06240720 -0.05979950
v -0.80023980 -0.15773650 -0.04223440
v -0.80503631 -0.09928860 -0.05462410
v -0.78707808 -0.02558790 -0.06645990
v -0.77137512 0.03644230 -0.06407170
v -0.72200489 0.07844140 -0.08746860
v -0.81368202 -0.01924070 -0.03167250
v -0.80345953 0.02810710 -0.03183830
v -0.81813508 0.02826668 0.00000000
v -0.80644804 0.06420185 0.00000000
v -0.80045879 0.07783686 0.00000000
v -0.79410261 0.09307364 0.00000000
v -0.78267157 0.09203150 -0.01951860
v -0.62179667 -0.94228029 -0.44814134
v -0.62179667 -0.94228029 -0.42013252
v -0.55617166 -0.94228029 -0.44814134
v -0.55617166 -0.94228029 -0.42013252
v -0.62179667 -0.94228029 -0.39212367
v -0.62179667 -0.94228029 -0.36411485
v -0.55617166 -0.94228029 -0.39212367
v -0.55617166 -0.94228029 -0.36411485
v -0.49054667 -0.94228029 -0.44814134
v -0.49054667 -0.94228029 -0.42013252
v -0.42492166 -0.94228029 -0.44814134
v -0.42492166 -0.94228029 -0.42013252
v -0.49054667 -0.94228029 -0.39212367
v -0.49054667 -0.94228029 -0.36411485
v -0.42492166 -0.94228029 -0.39212367
v -0.42492166 -0.94228029 -0.36411485
v -0.62179667 -0.94228029 -0.33610600
v -0.62179667 -0.94228029 -0.30809718
v -0.55617166 -0.94228029 -0.33610600
v -0.55617166 -0.94228029 -0.30809718
v -0.62179667 -0.94228029 -0.28008834
v -0.62179667 -0.94228029 -0.25207952
v -0.55617166 -0.94228029 -0.28008834
v -0.55617166 -0.94228029 -0.25207952
v -0.49054667 -0.94228029 -0.33610600
v -0.49054667 -0.94228029 -0.30809718
v -0.42492166 -0.94228029 -0.33610600
v -0.42492166 -0.94228029 -0.30809718
v -0.49054667 -0.94228029 -0.28008834
v -0.49054667 -0.94228029 -0.25207952
v -0.42492166 -0.94228029 -0.28008834
v -0.42492166 -0.94228029 -0.25207952
v -0.42745620 -0.61500299 -0.23445800
v -0.35929665 -0.94228029 -0.44814134
v -0.35929665 -0.94228029 -0.42013252
v -0.29367167 -0.94228029 -0.44814134
v -0.29367167 -0.94228029 -0.42013252
v -0.35929665 -0.94228029 -0.39212367
v -0.35929665 -0.94228029 -0.36411485
v -0.29367167 -0.94228029 -0.39212367
v -0.29367167 -0.94228029 -0.36411485
v -0.22804666 -0.94228029 -0.44814134
v -0.22804666 -0.94228029 -0.42013252
v -0.16242164 -0.94228029 -0.44814134
v -0.16242164 -0.94228029 -0.42013252
v -0.22804666 -0.94228029 -0.39212367
v -0.22804666 -0.94228029 -0.36411485
v -0.16242164 -0.94228029 -0.39212367
v -0.16242164 -0.94228029 -0.36411485
v -0.35929665 -0.94228029 -0.33610600
v -0.35929665 -0.94228029 -0.30809718
v -0.29367167 -0.94228029 -0.33610600
v -0.29367167 -0.94228029 -0.30809718
v -0.35929665 -0.94228029 -0.28008834
v -0.35929665 -0.94228029 -0.25207952
v -0.29367167 -0.94228029 -0.28008834
v -0.29367167 -0.94228029 -0.25207952
v -0.22804666 -0.94228029 -0.33610600
v -0.22804666 -0.94228029 -0.30809718
v -0.16242164 -0.94228029 -0.33610600
v -0.16242164 -0.94228029 -0.30809718
v -0.22804666 -0.94228029 -0.28008834
v -0.22804666 -0.94228029 -0.25207952
v -0.16242164 -0.94228029 -0.28008834
v -0.16242164 -0.94228029 -0.25207952
v -0.37626970 -0.63785762 -0.28076860
v -0.34681991 -0.62810719 -0.29819560
v -0.30659571 -0.62486309 -0.29639551
v -0.32061639 -0.63941288 -0.28733599
v -0.35703811 -0.60556853 -0.28726140
v -0.32828191 -0.56769419 -0.28674009
v -0.29586291 -0.59656727 -0.29122189
v -0.41053939 -0.63378102 -0.26354200
v -0.38169071 -0.63929993 -0.22827330
v -0.40890479 -0.61345202 -0.26347390
v -0.39193809 -0.58837372 -0.26455030
v -0.36881721 -0.55375820 -0.25999731
v -0.39686480 -0.56282622 -0.23260950
v -0.32135800 -0.63968152 -0.25830999
v -0.36175960 -0.52512401 -0.23421220
v -0.33438531 -0.53173232 -0.26221031
v -0.30487230 -0.53177619 -0.27145740
v -0.29865721 -0.50597727 -0.24124250
v -0.25685450 -0.62888223 -0.28145689
v -0.24124379 -0.60234272 -0.28183359
v -0.24580459 -0.56386662 -0.28233740
v -0.25100690 -0.64056838 -0.25445911
v -0.22884360 -0.63917649 -0.22445740
v -0.20687941 -0.62792230 -0.27029160
v -0.16245051 -0.57998413 -0.26648769
v -0.16612950 -0.49822930 -0.28752980
v -0.21310230 -0.44600990 -0.29133570
v -0.25538290 -0.53241819 -0.27271739
v -0.25183281 -0.50323677 -0.25279999
v -0.24679451 -0.46669191 -0.25990739
v -0.26629981 -0.44205061 -0.24311210
v -0.20495890 -0.51324677 -0.27021909
v -0.16785130 -0.54630631 -0.26745290
v -0.62179667 -0.94228029 -0.22407067
v -0.62179667 -0.94228029 -0.19606183
v -0.55617166 -0.94228029 -0.22407067
v -0.55617166 -0.94228029 -0.19606183
v -0.62179667 -0.94228029 -0.16805300
v -0.62179667 -0.94228029 -0.14004417
v -0.55617166 -0.94228029 -0.16805300
v -0.55617166 -0.94228029 -0.14004417
v -0.49054667 -0.94228029 -0.22407067
v -0.49054667 -0.94228029 -0.19606183
v -0.42492166 -0.94228029 -0.22407067
v -0.42492166 -0.94228029 -0.19606183
v -0.49054667 -0.94228029 -0.16805300
v -0.49054667 -0.94228029 -0.14004417
v -0.42492166 -0.94228029 -0.16805300
v -0.42492166 -0.94228029 -0.14004417
v -0.62179667 -0.94228029 -0.11203533
v -0.62179667 -0.94228029 -0.08402650
v -0.55617166 -0.94228029 -0.11203533
v -0.55617166 -0.94228029 -0.08402650
v -0.62179667 -0.94228029 -0.05601767
v -0.62179667 -0.94228029 -0.02800883
v -0.62179667 -0.94228029 0.00000000
v -0.62179667 -0.87710035 0.00000000
v -0.62179667 -0.81192040 0.00000000
v -0.55617166 -0.94228029 -0.05601767
v -0.55617166 -0.94228029 -0.02800883
v -0.55617166 -0.94228029 0.00000000
v -0.55617166 -0.87710035 0.00000000
v -0.55617166 -0.81192040 0.00000000
v -0.62179667 -0.74674040 0.00000000
v -0.55617166 -0.74674040 0.00000000
v -0.49054667 -0.94228029 -0.11203533
v -0.49054667 -0.94228029 -0.08402650
v -0.42492166 -0.94228029 -0.11203533
v -0.42492166 -0.94228029 -0.08402650
v -0.49054667 -0.94228029 -0.05601767
v -0.49054667 -0.94228029 -0.02800883
v -0.49054667 -0.94228029 0.00000000
v -0.49054667 -0.87710035 0.00000000
v -0.49054667 -0.81192040 0.00000000
v -0.42492166 -0.94228029 -0.05601767
v -0.42492166 -0.94228029 -0.02800883
v -0.42492166 -0.94228029 0.00000000
v -0.42492166 -0.87710035 0.00000000
v -0.42492166 -0.81192040 0.00000000
v -0.49054667 -0.74674040 0.00000000
v -0.42492166 -0.74674040 0.00000000
v -0.42793900 -0.63886070 -0.21185739
v -0.44018859 -0.62848908 -0.20652850
v -0.43496960 -0.58710700 -0.20396300
v -0.44917679 -0.60853750 -0.17187551
v -0.42567211 -0.55876142 -0.17395639
v -0.49787381 -0.63822770 -0.11680750
v -0.49984941 -0.60060918 -0.11372300
v -0.46280199 -0.63429129 -0.14905579
v -0.49001801 -0.61689413 -0.11969110
v -0.45941490 -0.63925618 -0.12378820
v -0.43560159 -0.63947117 -0.12110960
v -0.46087590 -0.61514652 -0.12858930
v -0.45428091 -0.58831191 -0.13550840
v -0.43684009 -0.55388588 -0.13721670
v -0.45514631 -0.57083029 -0.11475150
v -0.64847898 -0.63715482 -0.05963710
v -0.63579822 -0.61173469 -0.06967650
v -0.59259742 -0.63657367 -0.09011700
v -0.61597282 -0.63776559 -0.07740330
v -0.57725078 -0.61109447 -0.09179180
v -0.60300332 -0.57619178 -0.07157830
v -0.66508639 -0.62480342 -0.05033610
v -0.68602282 -0.63226682 -0.00757680
v -0.68683773 -0.63210386 0.00000000
v -0.66769648 -0.63833892 -0.00191040
v -0.66875231 -0.63801968 0.00000000
v -0.66732502 -0.63831133 0.00000000
v -0.66501385 -0.63847286 0.00000000
v -0.62179667 -0.68156046 0.00000000
v -0.62478292 -0.64019156 0.00000000
v -0.66193902 -0.60198832 -0.04790960
v -0.64419198 -0.57344419 -0.04851210
v -0.68044859 -0.60225332 -0.00900910
v -0.68479067 -0.59612966 0.00000000
v -0.67129260 -0.57002473 0.00000000
v -0.66742313 -0.56280494 0.00000000
v -0.63923723 -0.55496979 -0.02662310
v -0.62129939 -0.63983852 -0.04954900
v -0.55617166 -0.68156046 0.00000000
v -0.57084274 -0.64077789 0.00000000
v -0.56655431 -0.64080799 -0.00209470
v -0.56641865 -0.64078438 0.00000000
v -0.56575888 -0.64078981 0.00000000
v -0.57841772 -0.55012649 -0.06425890
v -0.64657444 -0.54455745 0.00000000
v -0.62179667 -0.48602059 0.00000000
v -0.58251703 -0.53168720 -0.03994240
v -0.61555618 -0.52859122 0.00000000
v -0.60836238 -0.52476394 0.00000000
v -0.56652415 -0.50427151 0.00000000
v -0.56379652 -0.50059587 0.00000000
v -0.55617166 -0.48602059 0.00000000
v -0.54921639 -0.63682759 -0.10795020
v -0.54104292 -0.64015353 -0.08821220
v -0.52289629 -0.57971913 -0.10194060
v -0.49054667 -0.68156046 0.00000000
v -0.50976729 -0.64046288 -0.01751510
v -0.51029992 -0.64036602 0.00000000
v -0.50731355 -0.64019996 0.00000000
v -0.49477616 -0.64002568 0.00000000
v -0.49129435 -0.64045000 0.00000000
v -0.42492166 -0.68156046 0.00000000
v -0.44837981 -0.63942540 -0.00864610
v -0.44969735 -0.63962579 0.00000000
v -0.43404174 -0.63938147 0.00000000
v -0.49063650 -0.54754192 -0.09685550
v -0.52611172 -0.50184458 -0.05721890
v -0.49610531 -0.49764749 -0.07667330
v -0.49986550 -0.45704311 -0.07158500
v -0.44842809 -0.50518632 -0.09750610
v -0.44926009 -0.46831951 -0.09503120
v -0.53216779 -0.45417389 -0.03814920
v -0.55005968 -0.48425889 -0.01480960
v -0.55183780 -0.48240259 0.00000000
v -0.55071563 -0.46601656 0.00000000
v -0.54617131 -0.42798367 0.00000000
v -0.35929665 -0.94228029 -0.22407067
v -0.35929665 -0.94228029 -0.19606183
v -0.29367167 -0.94228029 -0.22407067
v -0.29367167 -0.94228029 -0.19606183
v -0.35929665 -0.94228029 -0.16805300
v -0.35929665 -0.94228029 -0.14004417
v -0.29367167 -0.94228029 -0.16805300
v -0.29367167 -0.94228029 -0.14004417
v -0.22804666 -0.94228029 -0.22407067
v -0.22804666 -0.94228029 -0.19606183
v -0.16242164 -0.94228029 -0.22407067
v -0.16242164 -0.94228029 -0.19606183
v -0.22804666 -0.94228029 -0.16805300
v -0.22804666 -0.94228029 -0.14004417
v -0.16242164 -0.94228029 -0.16805300
v -0.16242164 -0.94228029 -0.14004417
v -0.35929665 -0.94228029 -0.11203533
v -0.35929665 -0.94228029 -0.08402650
v -0.29367167 -0.94228029 -0.11203533
v -0.29367167 -0.94228029 -0.08402650
v -0.35929665 -0.94228029 -0.05601767
v -0.35929665 -0.94228029 -0.02800883
v -0.35929665 -0.94228029 0.00000000
v -0.35929665 -0.87710035 0.00000000
v -0.35929665 -0.81192040 0.00000000
v -0.29367167 -0.94228029 -0.05601767
v -0.29367167 -0.94228029 -0.02800883
v -0.29367167 -0.94228029 0.00000000
v -0.29367167 -0.87710035 0.00000000
v -0.29367167 -0.81192040 0.00000000
v -0.35929665 -0.74674040 0.00000000
v -0.29367167 -0.74674040 0.00000000
v -0.22804666 -0.94228029 -0.11203533
v -0.22804666 -0.94228029 -0.08402650
v -0.16242164 -0.94228029 -0.11203533
v -0.16242164 -0.94228029 -0.08402650
v -0.22804666 -0.94228029 -0.05601767
v -0.22804666 -0.94228029 -0.02800883
v -0.22804666 -0.94228029 0.00000000
v -0.22804666 -0.87710035 0.00000000
v -0.22804666 -0.81192040 0.00000000
v -0.16242164 -0.94228029 -0.05601767
v -0.16242164 -0.94228029 -0.02800883
v -0.16242164 -0.94228029 0.00000000
v -0.16242164 -0.87710035 0.00000000
v -0.16242164 -0.81192040 0.00000000
v -0.22804666 -0.74674040 0.00000000
v -0.16242164 -0.74674040 0.00000000
v -0.34028721 -0.63720202 -0.19826370
v -0.30539411 -0.62021512 -0.18565591
v -0.39725170 -0.63555092 -0.11598610
v -0.35741210 -0.61936432 -0.14508760
v -0.32296509 -0.60102803 -0.15620910
v -0.29732221 -0.59075367 -0.13583571
v -0.40748930 -0.54527628 -0.20793520
v -0.39556691 -0.51842171 -0.17345969
v -0.33053619 -0.50496238 -0.21559951
v -0.30098161 -0.48472601 -0.18761639
v -0.36172310 -0.50333732 -0.16577110
v -0.41789490 -0.51705128 -0.11380310
v -0.36363119 -0.48542699 -0.11239560
v -0.34380171 -0.48673090 -0.12437260
v -0.30339599 -0.46361169 -0.13425051
v -0.30249119 -0.43057540 -0.13909429
v -0.26407781 -0.63647848 -0.20643710
v -0.25208411 -0.61706078 -0.18759930
v -0.26925379 -0.59303039 -0.16638160
v -0.19418420 -0.59631592 -0.16648179
v -0.18647410 -0.58956712 -0.13730370
v -0.28044981 -0.46869710 -0.21438409
v -0.29264879 -0.46056861 -0.17088389
v -0.38351220 -0.61459178 -0.07095710
v -0.36800840 -0.59192568 -0.07064960
v -0.39898691 -0.63700682 -0.01817570
v -0.35929665 -0.68156046 0.00000000
v -0.38784185 -0.63763326 0.00000000
v -0.29367167 -0.68156046 0.00000000
v -0.29367167 -0.61638051 0.00000000
v -0.32060680 -0.59504992 -0.00507740
v -0.32474127 -0.59959418 0.00000000
v -0.31965467 -0.59644997 0.00000000
v -0.31007701 -0.59381253 -0.00407090
v -0.30960149 -0.59497720 0.00000000
v -0.30952588 -0.59479213 0.00000000
v -0.30799094 -0.59393942 0.00000000
v -0.30150661 -0.59385991 0.00000000
v -0.39395621 -0.48784059 -0.10910920
v -0.41869661 -0.42624170 -0.11022980
v -0.37061721 -0.43739149 -0.10542710
v -0.33834559 -0.45838889 -0.10003320
v -0.34090039 -0.42983761 -0.10194430
v -0.31782371 -0.46471071 -0.10526590
v -0.22966920 -0.59127623 -0.10724410
v -0.22804666 -0.68156046 0.00000000
v -0.22804666 -0.61638051 0.00000000
v -0.16242164 -0.68156046 0.00000000
v -0.16242164 -0.61638051 0.00000000
v -0.18874329 -0.59205478 -0.04392380
v -0.21548182 -0.59347409 0.00000000
v -0.19926721 -0.59321547 0.00000000
v -0.17290117 -0.59247756 0.00000000
v -0.16252869 -0.37192619 -0.34734640
v -0.21182770 -0.31518209 -0.35320899
v -0.17149509 -0.32372770 -0.36405161
v -0.25251579 -0.27619609 -0.34272730
v -0.25214741 -0.22772530 -0.35557219
v -0.27969089 -0.19817810 -0.33884361
v -0.26327661 -0.18538471 -0.35402989
v -0.22270019 -0.26071861 -0.36806679
v -0.17378350 -0.28164560 -0.37165579
v -0.22428679 -0.22407860 -0.37110111
v -0.19552830 -0.21898670 -0.37746021
v -0.22410689 -0.17459540 -0.37054679
v -0.30147111 -0.24901059 -0.29331031
v -0.29948691 -0.21970510 -0.31725299
v -0.30187419 -0.18691070 -0.31112221
v -0.31506890 -0.17212380 -0.28132591
v -0.31522411 -0.26867339 -0.24039739
v -0.32106659 -0.22113280 -0.26787049
v -0.32152790 -0.19456211 -0.26243421
v -0.24599530 -0.38223809 -0.29838419
v -0.27727020 -0.30417359 -0.29592341
v -0.25657839 -0.33510491 -0.30611980
v -0.18660329 -0.40141621 -0.32791829
v -0.27480519 -0.36298949 -0.27009511
v -0.28088710 -0.37377381 -0.24089670
v -0.29316539 -0.30986571 -0.26735389
v -0.28120270 -0.25930569 -0.32245401
v -0.26067519 -0.14727689 -0.35152671
v -0.24951699 -0.10496450 -0.33915731
v -0.20398811 -0.12721831 -0.36590531
v -0.17886870 -0.15857761 -0.37713569
v -0.22511470 -0.09937230 -0.34829301
v -0.18147980 -0.09579530 -0.35761699
v -0.29712111 -0.13843350 -0.29492289
v -0.29541710 -0.10751340 -0.26634580
v -0.33553830 -0.15188780 -0.23494180
v -0.35534120 -0.10715140 -0.23075140
v -0.31185260 -0.11170260 -0.24295330
v -0.35213831 -0.05912990 -0.22752079
v -0.31949520 -0.03662500 -0.22647500
v -0.28194779 -0.13876361 -0.32547319
v -0.26787040 -0.09344360 -0.30850369
v -0.22593080 -0.06143010 -0.30966720
v -0.19051430 -0.06602640 -0.33485171
v -0.16651680 -0.04382220 -0.31018430
v -0.24923810 -0.05770400 -0.27444279
v -0.28449789 -0.06361630 -0.24102850
v -0.24007590 -0.03759700 -0.24325439
v -0.18414150 -0.03079030 -0.26662841
v -0.27187809 -0.00410550 -0.22796060
v -0.22940969 0.02044210 -0.23043810
v -0.21007930 -0.01291680 -0.23498620
v -0.16572170 -0.01633430 -0.24095570
v -0.19323030 0.02935130 -0.22615080
v -0.55899972 -0.29204580 -0.13937110
v -0.56061327 -0.24873669 -0.16939680
v -0.61713552 -0.17442520 -0.18280120
v -0.58348519 -0.19316091 -0.18731280
v -0.63428283 -0.23092790 -0.16193099
v -0.62251431 -0.25745240 -0.14825420
v -0.67844123 -0.23282941 -0.13379040
v -0.62336612 -0.28576830 -0.11854030
v -0.65656579 -0.18958680 -0.16558670
v -0.49955261 -0.31802559 -0.11717340
v -0.43511820 -0.35792080 -0.12945201
v -0.45099089 -0.38579181 -0.11732310
v -0.44240919 -0.29294160 -0.15399130
v -0.46840429 -0.33790731 -0.12596650
v -0.49328849 -0.23242560 -0.17582171
v -0.53676420 -0.17226940 -0.20643750
v -0.53234857 -0.20937720 -0.19098590
v -0.42879191 -0.25497839 -0.17280090
v -0.48963791 -0.16857800 -0.20655450
v -0.43372419 -0.17158990 -0.19792750
v -0.47317269 -0.19973700 -0.18924791
v -0.42760399 -0.21348640 -0.18393920
v -0.51075017 -0.28468969 -0.14370680
v -0.49404371 -0.25788119 -0.15702960
v -0.46362799 -0.26299489 -0.15571409
v -0.64751732 -0.31040460 -0.06583020
v -0.56173122 -0.32174501 -0.09710350
v -0.61729151 -0.33038419 -0.06708590
v -0.62179667 -0.42084062 0.00000000
v -0.62755477 -0.36586219 0.00000000
v -0.62379020 -0.36707947 0.00000000
v -0.65582609 -0.35311320 0.00000000
v -0.64778358 -0.35242051 -0.01691220
v -0.60060352 -0.35674670 -0.04369960
v -0.62065226 -0.36816749 0.00000000
v -0.59264511 -0.37554830 0.00000000
v -0.55617166 -0.42084062 0.00000000
v -0.56006515 -0.38963112 0.00000000
v -0.57541603 -0.37419751 -0.02296400
v -0.56951499 -0.38659585 0.00000000
v -0.67293823 -0.26512280 -0.10570850
v -0.50876468 -0.38383129 -0.08658870
v -0.52268708 -0.38464740 -0.07346540
v -0.52199131 -0.33940959 -0.09015410
v -0.47325200 -0.42020670 -0.09881020
v -0.53822738 -0.41341290 -0.03239610
v -0.54280913 -0.36567780 -0.05562780
v -0.54428321 -0.41334781 0.00000000
v -0.55579972 -0.38879660 -0.01042740
v -0.55532670 -0.39319575 0.00000000
v -0.64839089 -0.08316430 -0.16846520
v -0.55759120 -0.13040230 -0.20396779
v -0.60500902 -0.12908550 -0.18531890
v -0.56328231 -0.08527390 -0.20252120
v -0.56296080 -0.03921780 -0.19930530
v -0.61936933 -0.09256490 -0.18228550
v -0.58932942 -0.05388670 -0.18383379
v -0.61982918 -0.04096280 -0.17512280
v -0.67170721 -0.13622090 -0.16626550
v -0.66900349 -0.06484800 -0.15937939
v -0.61637288 0.02672470 -0.16903020
v -0.57078803 -0.00691080 -0.18583770
v -0.55923289 0.04435340 -0.17909740
v -0.67532849 0.00514180 -0.14354120
v -0.63179088 -0.00437450 -0.16260859
v -0.63543051 0.07106680 -0.13841590
v -0.58498728 0.07480170 -0.16475619
v -0.49880040 -0.14815420 -0.20882700
v -0.50924248 -0.11143050 -0.21158560
v -0.52761620 -0.07911980 -0.21363890
v -0.49380639 -0.05659570 -0.21038090
v -0.49439111 -0.03025420 -0.21360430
v -0.43579921 -0.12070770 -0.21138470
v -0.47356001 -0.08715540 -0.21091720
v -0.42644489 -0.06634860 -0.21629280
v -0.52990723 -0.01589900 -0.20712949
v -0.49218121 0.00965440 -0.20900559
v -0.53427708 0.02339300 -0.19235501
v -0.50585288 0.06188240 -0.18630449
v -0.44016621 -0.01195120 -0.21006981
v -0.44590479 0.05139850 -0.19777340
v -0.48429939 0.09824290 -0.17889211
v -0.44074199 0.08498890 -0.18171670
v -0.68559128 0.07542000 -0.11114350
v -0.29784939 -0.41327590 -0.17241980
v -0.30033910 -0.33534771 -0.21994580
v -0.31880829 -0.32271919 -0.17774190
v -0.39987010 -0.36842540 -0.12387700
v -0.36852011 -0.34401521 -0.13369310
v -0.31521571 -0.37202889 -0.14939180
v -0.32974100 -0.37007621 -0.12619101
v -0.31411520 -0.41135871 -0.11702230
v -0.34209090 -0.31834680 -0.14921629
v -0.37213421 -0.26012501 -0.16920260
v -0.36850360 -0.22580311 -0.18024410
v -0.37903300 -0.17605171 -0.19886990
v -0.32885101 -0.26726541 -0.20130759
v -0.33355361 -0.22831750 -0.21629220
v -0.34090501 -0.27725789 -0.17412950
v -0.34290761 -0.18900891 -0.21583550
v -0.34561080 -0.21750610 -0.18729810
v -0.40176329 -0.28976411 -0.16216341
v -0.28661320 -0.40258139 -0.20602700
v -0.37339300 -0.40065739 -0.11123170
v -0.32769859 -0.41301200 -0.10680230
v -0.40539241 -0.10908480 -0.21390620
v -0.37501240 -0.14031710 -0.21188819
v -0.40871009 -0.04606060 -0.21812190
v -0.35337931 -0.13951030 -0.21825521
v -0.37923551 -0.00543730 -0.21184100
v -0.37572411 0.03473360 -0.19955049
v -0.40382871 0.04079680 -0.20140220
v -0.36724529 0.07509190 -0.19311540
v -0.30640039 0.02770320 -0.21609069
v -0.32098311 0.05835440 -0.19961029
v -0.31627870 0.08912700 -0.18311590
v -0.26962820 0.04505020 -0.22071770
v -0.26347741 0.07470530 -0.20572110
v -0.21066560 0.06606070 -0.21584600
v -0.16389669 0.06714560 -0.21271370
v -1.21242166 0.10059905 -0.89628267
v -1.21242166 0.10059905 -0.86827385
v -1.14679670 0.10059905 -0.89628267
v -1.21242166 0.10059905 -0.84026504
v -1.21242166 0.16577901 -0.89628267
v -1.21242166 0.16577901 -0.86827385
v -1.14679670 0.16577901 -0.89628267
v -1.21242166 0.16577901 -0.84026504
v -1.08117175 0.10059905 -0.89628267
v -1.08117175 0.16577901 -0.89628267
v -1.21242166 0.10059905 -0.81225622
v -1.21242166 0.16577901 -0.81225622
v -1.21242166 0.23095897 -0.89628267
v -1.21242166 0.23095897 -0.86827385
v -1.14679670 0.23095897 -0.89628267
v -1.21242166 0.23095897 -0.84026504
v -1.21242166 0.29613894 -0.89628267
v -1.21242166 0.29613894 -0.86827385
v -1.14679670 0.29613894 -0.89628267
v -1.21242166 0.29613894 -0.84026504
v -1.08117175 0.23095897 -0.89628267
v -1.08117175 0.29613894 -0.89628267
v -1.21242166 0.23095897 -0.81225622
v -1.21242166 0.29613894 -0.81225622
v -1.01554668 0.10059905 -0.89628267
v -1.01554668 0.16577901 -0.89628267
v -0.94992167 0.10059905 -0.89628267
v -0.94992167 0.16577901 -0.89628267
v -1.01554668 0.23095897 -0.89628267
v -1.01554668 0.29613894 -0.89628267
v -0.94992167 0.23095897 -0.89628267
v -0.94992167 0.29613894 -0.89628267
v -1.21242166 0.10059905 -0.78424734
v -1.21242166 0.10059905 -0.75623852
v -1.21242166 0.10059905 -0.72822970
v -1.21242166 0.16577901 -0.78424734
v -1.21242166 0.16577901 -0.75623852
v -1.21242166 0.16577901 -0.72822970
v -1.21242166 0.10059905 -0.70022088
v -1.21242166 0.16577901 -0.70022088
v -1.21242166 0.23095897 -0.78424734
v -1.21242166 0.23095897 -0.75623852
v -1.21242166 0.23095897 -0.72822970
v -1.21242166 0.29613894 -0.78424734
v -1.21242166 0.29613894 -0.75623852
v -1.21242166 0.29613894 -0.72822970
v -1.21242166 0.23095897 -0.70022088
v -1.21242166 0.29613894 -0.70022088
v -1.21242166 0.36131889 -0.89628267
v -1.21242166 0.36131889 -0.86827385
v -1.14679670 0.36131889 -0.89628267
v -1.21242166 0.36131889 -0.84026504
v -1.21242166 0.42649886 -0.89628267
v -1.21242166 0.42649886 -0.86827385
v -1.14679670 0.42649886 -0.89628267
v -1.21242166 0.42649886 -0.84026504
v -1.08117175 0.36131889 -0.89628267
v -1.08117175 0.42649886 -0.89628267
v -1.21242166 0.36131889 -0.81225622
v -1.21242166 0.42649886 -0.81225622
v -1.21242166 0.49167880 -0.89628267
v -1.21242166 0.49167880 -0.86827385
v -1.14679670 0.49167880 -0.89628267
v -1.21242166 0.49167880 -0.84026504
v -1.21242166 0.55685878 -0.89628267
v -1.21242166 0.55685878 -0.86827385
v -1.14679670 0.55685878 -0.89628267
v -1.21242166 0.55685878 -0.84026504
v -1.08117175 0.49167880 -0.89628267
v -1.08117175 0.55685878 -0.89628267
v -1.21242166 0.49167880 -0.81225622
v -1.21242166 0.55685878 -0.81225622
v -1.01554668 0.36131889 -0.89628267
v -1.01554668 0.42649886 -0.89628267
v -0.94992167 0.36131889 -0.89628267
v -0.94992167 0.42649886 -0.89628267
v -1.01554668 0.49167880 -0.89628267
v -1.01554668 0.55685878 -0.89628267
v -0.94992167 0.49167880 -0.89628267
v -0.94992167 0.55685878 -0.89628267
v -1.21242166 0.36131889 -0.78424734
v -1.21242166 0.36131889 -0.75623852
v -1.21242166 0.36131889 -0.72822970
v -1.21242166 0.42649886 -0.78424734
v -1.21242166 0.42649886 -0.75623852
v -1.21242166 0.42649886 -0.72822970
v -1.21242166 0.36131889 -0.70022088
v -1.21242166 0.42649886 -0.70022088
v -1.21242166 0.49167880 -0.78424734
v -1.21242166 0.49167880 -0.75623852
v -1.21242166 0.49167880 -0.72822970
v -1.21242166 0.55685878 -0.78424734
v -1.21242166 0.55685878 -0.75623852
v -1.21242166 0.55685878 -0.72822970
v -1.21242166 0.49167880 -0.70022088
v -1.21242166 0.55685878 -0.70022088
v -0.88429666 0.10059905 -0.89628267
v -0.88429666 0.16577901 -0.89628267
v -0.81867170 0.10059905 -0.89628267
v -0.81867170 0.16577901 -0.89628267
v -0.88429666 0.23095897 -0.89628267
v -0.88429666 0.29613894 -0.89628267
v -0.81867170 0.23095897 -0.89628267
v -0.81867170 0.29613894 -0.89628267
v -0.75304669 0.10059905 -0.89628267
v -0.75304669 0.16577901 -0.89628267
v -0.68742168 0.10059905 -0.89628267
v -0.68742168 0.16577901 -0.89628267
v -0.75304669 0.23095897 -0.89628267
v -0.75304669 0.29613894 -0.89628267
v -0.68742168 0.23095897 -0.89628267
v -0.68742168 0.29613894 -0.89628267
v -0.88429666 0.36131889 -0.89628267
v -0.88429666 0.42649886 -0.89628267
v -0.81867170 0.36131889 -0.89628267
v -0.81867170 0.42649886 -0.89628267
v -0.88429666 0.49167880 -0.89628267
v -0.88429666 0.55685878 -0.89628267
v -0.81867170 0.49167880 -0.89628267
v -0.81867170 0.55685878 -0.89628267
v -0.75304669 0.36131889 -0.89628267
v -0.75304669 0.42649886 -0.89628267
v -0.68742168 0.36131889 -0.89628267
v -0.68742168 0.42649886 -0.89628267
v -0.75304669 0.49167880 -0.89628267
v -0.75304669 0.55685878 -0.89628267
v -0.68742168 0.49167880 -0.89628267
v -0.68742168 0.55685878 -0.89628267
v -1.21242166 0.10059905 -0.67221200
v -1.21242166 0.10059905 -0.64420319
v -1.21242166 0.10059905 -0.61619437
v -1.21242166 0.16577901 -0.67221200
v -1.21242166 0.16577901 -0.64420319
v -1.21242166 0.16577901 -0.61619437
v -1.21242166 0.10059905 -0.58818555
v -1.21242166 0.16577901 -0.58818555
v -1.21242166 0.23095897 -0.67221200
v -1.21242166 0.23095897 -0.64420319
v -1.21242166 0.23095897 -0.61619437
v -1.21242166 0.29613894 -0.67221200
v -1.21242166 0.29613894 -0.64420319
v -1.21242166 0.29613894 -0.61619437
v -1.21242166 0.23095897 -0.58818555
v -1.21242166 0.29613894 -0.58818555
v -1.21242166 0.10059905 -0.56017667
v -1.21242166 0.10059905 -0.53216785
v -1.21242166 0.10059905 -0.50415903
v -1.21242166 0.16577901 -0.56017667
v -1.21242166 0.16577901 -0.53216785
v -1.21242166 0.16577901 -0.50415903
v -1.21242166 0.10059905 -0.47615018
v -1.21242166 0.16577901 -0.47615018
v -1.21242166 0.23095897 -0.56017667
v -1.21242166 0.23095897 -0.53216785
v -1.21242166 0.23095897 -0.50415903
v -1.21242166 0.29613894 -0.56017667
v -1.21242166 0.29613894 -0.53216785
v -1.21242166 0.29613894 -0.50415903
v -1.21242166 0.23095897 -0.47615018
v -1.21242166 0.29613894 -0.47615018
v -1.21242166 0.36131889 -0.67221200
v -1.21242166 0.36131889 -0.64420319
v -1.21242166 0.36131889 -0.61619437
v -1.21242166 0.42649886 -0.67221200
v -1.21242166 0.42649886 -0.64420319
v -1.21242166 0.42649886 -0.61619437
v -1.21242166 0.36131889 -0.58818555
v -1.21242166 0.42649886 -0.58818555
v -1.21242166 0.49167880 -0.67221200
v -1.21242166 0.49167880 -0.64420319
v -1.21242166 0.49167880 -0.61619437
v -1.21242166 0.55685878 -0.67221200
v -1.21242166 0.55685878 -0.64420319
v -1.21242166 0.55685878 -0.61619437
v -1.21242166 0.49167880 -0.58818555
v -1.21242166 0.55685878 -0.58818555
v -1.21242166 0.36131889 -0.56017667
v -1.21242166 0.36131889 -0.53216785
v -1.21242166 0.36131889 -0.50415903
v -1.21242166 0.42649886 -0.56017667
v -1.21242166 0.42649886 -0.53216785
v -1.21242166 0.42649886 -0.50415903
v -1.21242166 0.36131889 -0.47615018
v -1.21242166 0.42649886 -0.47615018
v -1.21242166 0.49167880 -0.56017667
v -1.21242166 0.49167880 -0.53216785
v -1.21242166 0.49167880 -0.50415903
v -1.21242166 0.55685878 -0.56017667
v -1.21242166 0.55685878 -0.53216785
v -1.21242166 0.55685878 -0.50415903
v -1.21242166 0.49167880 -0.47615018
v -1.21242166 0.55685878 -0.47615018
v -1.21242166 0.62203872 -0.89628267
v -1.21242166 0.62203872 -0.86827385
v -1.21242166 0.68721867 -0.89628267
v -1.21242166 0.68721867 -0.86827385
v -1.14679670 0.62203872 -0.89628267
v -1.14679670 0.68721867 -0.89628267
v -1.21242166 0.62203872 -0.84026504
v -1.21242166 0.68721867 -0.84026504
v -1.08117175 0.62203872 -0.89628267
v -1.08117175 0.68721867 -0.89628267
v -1.21242166 0.62203872 -0.81225622
v -1.21242166 0.68721867 -0.81225622
v -1.21242166 0.75239867 -0.89628267
v -1.21242166 0.75239867 -0.86827385
v -1.14679670 0.75239867 -0.89628267
v -1.21242166 0.75239867 -0.84026504
v -1.21242166 0.81757861 -0.89628267
v -1.21242166 0.81757861 -0.86827385
v -1.14679670 0.81757861 -0.89628267
v -1.21242166 0.81757861 -0.84026504
v -1.08117175 0.75239867 -0.89628267
v -1.08117175 0.81757861 -0.89628267
v -1.21242166 0.75239867 -0.81225622
v -1.21242166 0.81757861 -0.81225622
v -1.01554668 0.62203872 -0.89628267
v -1.01554668 0.68721867 -0.89628267
v -0.94992167 0.62203872 -0.89628267
v -0.94992167 0.68721867 -0.89628267
v -1.01554668 0.75239867 -0.89628267
v -1.01554668 0.81757861 -0.89628267
v -0.94992167 0.75239867 -0.89628267
v -0.94992167 0.81757861 -0.89628267
v -1.21242166 0.62203872 -0.78424734
v -1.21242166 0.62203872 -0.75623852
v -1.21242166 0.68721867 -0.78424734
v -1.21242166 0.68721867 -0.75623852
v -1.21242166 0.62203872 -0.72822970
v -1.21242166 0.68721867 -0.72822970
v -1.21242166 0.62203872 -0.70022088
v -1.21242166 0.68721867 -0.70022088
v -1.21242166 0.75239867 -0.78424734
v -1.21242166 0.75239867 -0.75623852
v -1.21242166 0.75239867 -0.72822970
v -1.21242166 0.81757861 -0.78424734
v -1.21242166 0.81757861 -0.75623852
v -1.21242166 0.81757861 -0.72822970
v -1.21242166 0.75239867 -0.70022088
v -1.21242166 0.81757861 -0.70022088
v -1.21242166 0.88275856 -0.89628267
v -1.21242166 0.88275856 -0.86827385
v -1.21242166 0.94793850 -0.89628267
v -1.21242166 0.94793850 -0.86827385
v -1.14679670 0.88275856 -0.89628267
v -1.14679670 0.94793850 -0.89628267
v -1.21242166 0.88275856 -0.84026504
v -1.21242166 0.94793850 -0.84026504
v -1.08117175 0.88275856 -0.89628267
v -1.08117175 0.94793850 -0.89628267
v -1.21242166 0.88275856 -0.81225622
v -1.21242166 0.94793850 -0.81225622
v -1.21242166 1.01311851 -0.89628267
v -1.21242166 1.01311851 -0.86827385
v -1.14679670 1.01311851 -0.89628267
v -1.21242166 1.01311851 -0.84026504
v -1.21242166 1.07829845 -0.89628267
v -1.21242166 1.07829845 -0.86827385
v -1.21242166 1.14347839 -0.89628267
v -1.21242166 1.14347839 -0.86827385
v -1.14679670 1.07829845 -0.89628267
v -1.14679670 1.14347839 -0.89628267
v -1.14679670 1.14347839 -0.86827385
v -1.21242166 1.07829845 -0.84026504
v -1.21242166 1.14347839 -0.84026504
v -1.14679670 1.14347839 -0.84026504
v -1.08117175 1.01311851 -0.89628267
v -1.08117175 1.07829845 -0.89628267
v -1.08117175 1.14347839 -0.89628267
v -1.08117175 1.14347839 -0.86827385
v -1.08117175 1.14347839 -0.84026504
v -1.21242166 1.01311851 -0.81225622
v -1.21242166 1.07829845 -0.81225622
v -1.21242166 1.14347839 -0.81225622
v -1.14679670 1.14347839 -0.81225622
v -1.08117175 1.14347839 -0.81225622
v -1.01554668 0.88275856 -0.89628267
v -1.01554668 0.94793850 -0.89628267
v -0.94992167 0.88275856 -0.89628267
v -0.94992167 0.94793850 -0.89628267
v -1.01554668 1.01311851 -0.89628267
v -1.01554668 1.07829845 -0.89628267
v -1.01554668 1.14347839 -0.89628267
v -1.01554668 1.14347839 -0.86827385
v -1.01554668 1.14347839 -0.84026504
v -0.94992167 1.01311851 -0.89628267
v -0.94992167 1.07829845 -0.89628267
v -0.94992167 1.14347839 -0.89628267
v -0.94992167 1.14347839 -0.86827385
v -0.94992167 1.14347839 -0.84026504
v -1.01554668 1.14347839 -0.81225622
v -0.94992167 1.14347839 -0.81225622
v -1.21242166 0.88275856 -0.78424734
v -1.21242166 0.88275856 -0.75623852
v -1.21242166 0.94793850 -0.78424734
v -1.21242166 0.94793850 -0.75623852
v -1.21242166 0.88275856 -0.72822970
v -1.21242166 0.94793850 -0.72822970
v -1.21242166 0.88275856 -0.70022088
v -1.21242166 0.94793850 -0.70022088
v -1.21242166 1.01311851 -0.78424734
v -1.21242166 1.01311851 -0.75623852
v -1.21242166 1.01311851 -0.72822970
v -1.21242166 1.07829845 -0.78424734
v -1.21242166 1.07829845 -0.75623852
v -1.21242166 1.14347839 -0.78424734
v -1.21242166 1.14347839 -0.75623852
v -1.14679670 1.14347839 -0.78424734
v -1.14679670 1.14347839 -0.75623852
v -1.21242166 1.07829845 -0.72822970
v -1.21242166 1.14347839 -0.72822970
v -1.14679670 1.14347839 -0.72822970
v -1.08117175 1.14347839 -0.78424734
v -1.08117175 1.14347839 -0.75623852
v -1.08117175 1.14347839 -0.72822970
v -1.21242166 1.01311851 -0.70022088
v -1.21242166 1.07829845 -0.70022088
v -1.21242166 1.14347839 -0.70022088
v -1.14679670 1.14347839 -0.70022088
v -1.08117175 1.14347839 -0.70022088
v -1.01554668 1.14347839 -0.78424734
v -1.01554668 1.14347839 -0.75623852
v -1.01554668 1.14347839 -0.72822970
v -0.94992167 1.14347839 -0.78424734
v -0.94992167 1.14347839 -0.75623852
v -0.94992167 1.14347839 -0.72822970
v -1.01554668 1.14347839 -0.70022088
v -0.94992167 1.14347839 -0.70022088
v -0.88429666 0.62203872 -0.89628267
v -0.88429666 0.68721867 -0.89628267
v -0.81867170 0.62203872 -0.89628267
v -0.81867170 0.68721867 -0.89628267
v -0.88429666 0.75239867 -0.89628267
v -0.88429666 0.81757861 -0.89628267
v -0.81867170 0.75239867 -0.89628267
v -0.81867170 0.81757861 -0.89628267
v -0.75304669 0.62203872 -0.89628267
v -0.75304669 0.68721867 -0.89628267
v -0.68742168 0.62203872 -0.89628267
v -0.68742168 0.68721867 -0.89628267
v -0.75304669 0.75239867 -0.89628267
v -0.75304669 0.81757861 -0.89628267
v -0.68742168 0.75239867 -0.89628267
v -0.68742168 0.81757861 -0.89628267
v -0.88429666 0.88275856 -0.89628267
v -0.88429666 0.94793850 -0.89628267
v -0.81867170 0.88275856 -0.89628267
v -0.81867170 0.94793850 -0.89628267
v -0.88429666 1.01311851 -0.89628267
v -0.88429666 1.07829845 -0.89628267
v -0.88429666 1.14347839 -0.89628267
v -0.88429666 1.14347839 -0.86827385
v -0.88429666 1.14347839 -0.84026504
v -0.81867170 1.01311851 -0.89628267
v -0.81867170 1.07829845 -0.89628267
v -0.81867170 1.14347839 -0.89628267
v -0.81867170 1.14347839 -0.86827385
v -0.81867170 1.14347839 -0.84026504
v -0.88429666 1.14347839 -0.81225622
v -0.81867170 1.14347839 -0.81225622
v -0.75304669 0.88275856 -0.89628267
v -0.75304669 0.94793850 -0.89628267
v -0.68742168 0.88275856 -0.89628267
v -0.68742168 0.94793850 -0.89628267
v -0.75304669 1.01311851 -0.89628267
v -0.75304669 1.07829845 -0.89628267
v -0.75304669 1.14347839 -0.89628267
v -0.75304669 1.14347839 -0.86827385
v -0.75304669 1.14347839 -0.84026504
v -0.68742168 1.01311851 -0.89628267
v -0.68742168 1.07829845 -0.89628267
v -0.68742168 1.14347839 -0.89628267
v -0.68742168 1.14347839 -0.86827385
v -0.68742168 1.14347839 -0.84026504
v -0.75304669 1.14347839 -0.81225622
v -0.68742168 1.14347839 -0.81225622
v -0.88429666 1.14347839 -0.78424734
v -0.88429666 1.14347839 -0.75623852
v -0.88429666 1.14347839 -0.72822970
v -0.81867170 1.14347839 -0.78424734
v -0.81867170 1.14347839 -0.75623852
v -0.81867170 1.14347839 -0.72822970
v -0.88429666 1.14347839 -0.70022088
v -0.81867170 1.14347839 -0.70022088
v -0.75304669 1.14347839 -0.78424734
v -0.75304669 1.14347839 -0.75623852
v -0.75304669 1.14347839 -0.72822970
v -0.68742168 1.14347839 -0.78424734
v -0.68742168 1.14347839 -0.75623852
v -0.68742168 1.14347839 -0.72822970
v -0.75304669 1.14347839 -0.70022088
v -0.68742168 1.14347839 -0.70022088
v -1.21242166 0.62203872 -0.67221200
v -1.21242166 0.62203872 -0.64420319
v -1.21242166 0.68721867 -0.67221200
v -1.21242166 0.68721867 -0.64420319
v -1.21242166 0.62203872 -0.61619437
v -1.21242166 0.68721867 -0.61619437
v -1.21242166 0.62203872 -0.58818555
v -1.21242166 0.68721867 -0.58818555
v -1.21242166 0.75239867 -0.67221200
v -1.21242166 0.75239867 -0.64420319
v -1.21242166 0.75239867 -0.61619437
v -1.21242166 0.81757861 -0.67221200
v -1.21242166 0.81757861 -0.64420319
v -1.21242166 0.81757861 -0.61619437
v -1.21242166 0.75239867 -0.58818555
v -1.21242166 0.81757861 -0.58818555
v -1.21242166 0.62203872 -0.56017667
v -1.21242166 0.62203872 -0.53216785
v -1.21242166 0.68721867 -0.56017667
v -1.21242166 0.68721867 -0.53216785
v -1.21242166 0.62203872 -0.50415903
v -1.21242166 0.68721867 -0.50415903
v -1.21242166 0.62203872 -0.47615018
v -1.21242166 0.68721867 -0.47615018
v -1.21242166 0.75239867 -0.56017667
v -1.21242166 0.75239867 -0.53216785
v -1.21242166 0.75239867 -0.50415903
v -1.21242166 0.81757861 -0.56017667
v -1.21242166 0.81757861 -0.53216785
v -1.21242166 0.81757861 -0.50415903
v -1.21242166 0.75239867 -0.47615018
v -1.21242166 0.81757861 -0.47615018
v -1.21242166 0.88275856 -0.67221200
v -1.21242166 0.88275856 -0.64420319
v -1.21242166 0.94793850 -0.67221200
v -1.21242166 0.94793850 -0.64420319
v -1.21242166 0.88275856 -0.61619437
v -1.21242166 0.94793850 -0.61619437
v -1.21242166 0.88275856 -0.58818555
v -1.21242166 0.94793850 -0.58818555
v -1.21242166 1.01311851 -0.67221200
v -1.21242166 1.01311851 -0.64420319
v -1.21242166 1.01311851 -0.61619437
v -1.21242166 1.07829845 -0.67221200
v -1.21242166 1.07829845 -0.64420319
v -1.21242166 1.14347839 -0.67221200
v -1.21242166 1.14347839 -0.64420319
v -1.14679670 1.14347839 -0.67221200
v -1.14679670 1.14347839 -0.64420319
v -1.21242166 1.07829845 -0.61619437
v -1.21242166 1.14347839 -0.61619437
v -1.14679670 1.14347839 -0.61619437
v -1.08117175 1.14347839 -0.67221200
v -1.08117175 1.14347839 -0.64420319
v -1.08117175 1.14347839 -0.61619437
v -1.21242166 1.01311851 -0.58818555
v -1.21242166 1.07829845 -0.58818555
v -1.21242166 1.14347839 -0.58818555
v -1.14679670 1.14347839 -0.58818555
v -1.08117175 1.14347839 -0.58818555
v -1.01554668 1.14347839 -0.67221200
v -1.01554668 1.14347839 -0.64420319
v -1.01554668 1.14347839 -0.61619437
v -0.94992167 1.14347839 -0.67221200
v -0.94992167 1.14347839 -0.64420319
v -0.94992167 1.14347839 -0.61619437
v -1.01554668 1.14347839 -0.58818555
v -0.94992167 1.14347839 -0.58818555
v -1.21242166 0.88275856 -0.56017667
v -1.21242166 0.88275856 -0.53216785
v -1.21242166 0.94793850 -0.56017667
v -1.21242166 0.94793850 -0.53216785
v -1.21242166 0.88275856 -0.50415903
v -1.21242166 0.94793850 -0.50415903
v -1.21242166 0.88275856 -0.47615018
v -1.21242166 0.94793850 -0.47615018
v -1.21242166 1.01311851 -0.56017667
v -1.21242166 1.01311851 -0.53216785
v -1.21242166 1.01311851 -0.50415903
v -1.21242166 1.07829845 -0.56017667
v -1.21242166 1.07829845 -0.53216785
v -1.21242166 1.14347839 -0.56017667
v -1.21242166 1.14347839 -0.53216785
v -1.14679670 1.14347839 -0.56017667
v -1.14679670 1.14347839 -0.53216785
v -1.21242166 1.07829845 -0.50415903
v -1.21242166 1.14347839 -0.50415903
v -1.14679670 1.14347839 -0.50415903
v -1.08117175 1.14347839 -0.56017667
v -1.08117175 1.14347839 -0.53216785
v -1.08117175 1.14347839 -0.50415903
v -1.21242166 1.01311851 -0.47615018
v -1.21242166 1.07829845 -0.47615018
v -1.21242166 1.14347839 -0.47615018
v -1.14679670 1.14347839 -0.47615018
v -1.08117175 1.14347839 -0.47615018
v -1.01554668 1.14347839 -0.56017667
v -1.01554668 1.14347839 -0.53216785
v -1.01554668 1.14347839 -0.50415903
v -0.94992167 1.14347839 -0.56017667
v -0.94992167 1.14347839 -0.53216785
v -0.94992167 1.14347839 -0.50415903
v -1.01554668 1.14347839 -0.47615018
v -0.94992167 1.14347839 -0.47615018
v -0.70046258 0.73820662 -0.51755309
v -0.75984240 0.72185868 -0.45057830
v -0.75007319 0.74857032 -0.48551181
v -0.74587631 0.71577799 -0.46275970
v -0.72072053 0.70031601 -0.45969889
v -0.74048692 0.75198781 -0.45551351
v -0.69072592 0.78602439 -0.53633833
v -0.72884041 0.77128369 -0.50659621
v -0.71543717 0.75830030 -0.52123541
v -0.71692842 0.77461427 -0.49105769
v -0.70357299 0.76177508 -0.46605799
v -0.88429666 1.14347839 -0.67221200
v -0.88429666 1.14347839 -0.64420319
v -0.88429666 1.14347839 -0.61619437
v -0.81867170 1.14347839 -0.67221200
v -0.81867170 1.14347839 -0.64420319
v -0.81867170 1.14347839 -0.61619437
v -0.88429666 1.14347839 -0.58818555
v -0.81867170 1.14347839 -0.58818555
v -0.75304669 1.14347839 -0.67221200
v -0.75304669 1.14347839 -0.64420319
v -0.75304669 1.14347839 -0.61619437
v -0.68742168 1.14347839 -0.67221200
v -0.68742168 1.14347839 -0.64420319
v -0.68742168 1.14347839 -0.61619437
v -0.75304669 1.14347839 -0.58818555
v -0.68742168 1.14347839 -0.58818555
v -0.88429666 1.14347839 -0.56017667
v -0.88429666 1.14347839 -0.53216785
v -0.88429666 1.14347839 -0.50415903
v -0.81867170 1.14347839 -0.56017667
v -0.81867170 1.14347839 -0.53216785
v -0.81867170 1.14347839 -0.50415903
v -0.88429666 1.14347839 -0.47615018
v -0.81867170 1.14347839 -0.47615018
v -0.75304669 1.14347839 -0.56017667
v -0.75304669 1.14347839 -0.53216785
v -0.75304669 1.14347839 -0.50415903
v -0.68742168 1.14347839 -0.56017667
v -0.68742168 1.14347839 -0.53216785
v -0.68742168 1.14347839 -0.50415903
v -0.75304669 1.14347839 -0.47615018
v -0.68742168 1.14347839 -0.47615018
v -0.62179667 0.10059905 -0.89628267
v -0.62179667 0.16577901 -0.89628267
v -0.55617166 0.10059905 -0.89628267
v -0.55617166 0.16577901 -0.89628267
v -0.62179667 0.23095897 -0.89628267
v -0.62179667 0.29613894 -0.89628267
v -0.55617166 0.23095897 -0.89628267
v -0.55617166 0.29613894 -0.89628267
v -0.49054667 0.10059905 -0.89628267
v -0.49054667 0.16577901 -0.89628267
v -0.42492166 0.10059905 -0.89628267
v -0.42492166 0.16577901 -0.89628267
v -0.49054667 0.23095897 -0.89628267
v -0.49054667 0.29613894 -0.89628267
v -0.42492166 0.23095897 -0.89628267
v -0.42492166 0.29613894 -0.89628267
v -0.62179667 0.36131889 -0.89628267
v -0.62179667 0.42649886 -0.89628267
v -0.55617166 0.36131889 -0.89628267
v -0.55617166 0.42649886 -0.89628267
v -0.62179667 0.49167880 -0.89628267
v -0.62179667 0.55685878 -0.89628267
v -0.55617166 0.49167880 -0.89628267
v -0.55617166 0.55685878 -0.89628267
v -0.49054667 0.36131889 -0.89628267
v -0.49054667 0.42649886 -0.89628267
v -0.42492166 0.36131889 -0.89628267
v -0.42492166 0.42649886 -0.89628267
v -0.49054667 0.49167880 -0.89628267
v -0.49054667 0.55685878 -0.89628267
v -0.42492166 0.49167880 -0.89628267
v -0.42492166 0.55685878 -0.89628267
v -0.35929665 0.10059905 -0.89628267
v -0.35929665 0.16577901 -0.89628267
v -0.29367167 0.10059905 -0.89628267
v -0.29367167 0.16577901 -0.89628267
v -0.35929665 0.23095897 -0.89628267
v -0.35929665 0.29613894 -0.89628267
v -0.29367167 0.23095897 -0.89628267
v -0.29367167 0.29613894 -0.89628267
v -0.22804666 0.10059905 -0.89628267
v -0.22804666 0.16577901 -0.89628267
v -0.16242164 0.10059905 -0.89628267
v -0.16242164 0.16577901 -0.89628267
v -0.22804666 0.23095897 -0.89628267
v -0.22804666 0.29613894 -0.89628267
v -0.16242164 0.23095897 -0.89628267
v -0.16242164 0.29613894 -0.89628267
v -0.35929665 0.36131889 -0.89628267
v -0.35929665 0.42649886 -0.89628267
v -0.29367167 0.36131889 -0.89628267
v -0.29367167 0.42649886 -0.89628267
v -0.35929665 0.49167880 -0.89628267
v -0.35929665 0.55685878 -0.89628267
v -0.29367167 0.49167880 -0.89628267
v -0.29367167 0.55685878 -0.89628267
v -0.22804666 0.36131889 -0.89628267
v -0.22804666 0.42649886 -0.89628267
v -0.16242164 0.36131889 -0.89628267
v -0.16242164 0.42649886 -0.89628267
v -0.22804666 0.49167880 -0.89628267
v -0.22804666 0.55685878 -0.89628267
v -0.16242164 0.49167880 -0.89628267
v -0.16242164 0.55685878 -0.89628267
v -0.60658193 0.62092608 -0.57423222
v -0.60031217 0.62003601 -0.56444532
v -0.64426899 0.58644623 -0.54952598
v -0.63331258 0.56870168 -0.53751498
v -0.65497798 0.55685890 -0.52187139
v -0.66108853 0.58058542 -0.52406299
v -0.62258941 0.56648552 -0.52452278
v -0.62113148 0.58684742 -0.55144769
v -0.67291129 0.53326440 -0.48519841
v -0.65204948 0.53489947 -0.49878690
v -0.63112891 0.54309452 -0.48207831
v -0.64495349 0.52050900 -0.47464561
v -0.67460251 0.57655603 -0.47775030
v -0.61637127 0.57400429 -0.48488000
v -0.60349703 0.61793917 -0.48015800
v -0.62179667 0.62203872 -0.89628267
v -0.62179667 0.68721867 -0.89628267
v -0.55617166 0.62203872 -0.89628267
v -0.55617166 0.68721867 -0.89628267
v -0.62179667 0.75239867 -0.89628267
v -0.62179667 0.81757861 -0.89628267
v -0.55617166 0.75239867 -0.89628267
v -0.55617166 0.81757861 -0.89628267
v -0.49054667 0.62203872 -0.89628267
v -0.49054667 0.68721867 -0.89628267
v -0.42492166 0.62203872 -0.89628267
v -0.42492166 0.68721867 -0.89628267
v -0.49054667 0.75239867 -0.89628267
v -0.49054667 0.81757861 -0.89628267
v -0.42492166 0.75239867 -0.89628267
v -0.42492166 0.81757861 -0.89628267
v -0.62179667 0.88275856 -0.89628267
v -0.62179667 0.94793850 -0.89628267
v -0.55617166 0.88275856 -0.89628267
v -0.55617166 0.94793850 -0.89628267
v -0.62179667 1.01311851 -0.89628267
v -0.62179667 1.07829845 -0.89628267
v -0.62179667 1.14347839 -0.89628267
v -0.62179667 1.14347839 -0.86827385
v -0.62179667 1.14347839 -0.84026504
v -0.55617166 1.01311851 -0.89628267
v -0.55617166 1.07829845 -0.89628267
v -0.55617166 1.14347839 -0.89628267
v -0.55617166 1.14347839 -0.86827385
v -0.55617166 1.14347839 -0.84026504
v -0.62179667 1.14347839 -0.81225622
v -0.55617166 1.14347839 -0.81225622
v -0.49054667 0.88275856 -0.89628267
v -0.49054667 0.94793850 -0.89628267
v -0.42492166 0.88275856 -0.89628267
v -0.42492166 0.94793850 -0.89628267
v -0.49054667 1.01311851 -0.89628267
v -0.49054667 1.07829845 -0.89628267
v -0.49054667 1.14347839 -0.89628267
v -0.49054667 1.14347839 -0.86827385
v -0.49054667 1.14347839 -0.84026504
v -0.42492166 1.01311851 -0.89628267
v -0.42492166 1.07829845 -0.89628267
v -0.42492166 1.14347839 -0.89628267
v -0.42492166 1.14347839 -0.86827385
v -0.42492166 1.14347839 -0.84026504
v -0.49054667 1.14347839 -0.81225622
v -0.42492166 1.14347839 -0.81225622
v -0.62179667 1.14347839 -0.78424734
v -0.62179667 1.14347839 -0.75623852
v -0.62179667 1.14347839 -0.72822970
v -0.55617166 1.14347839 -0.78424734
v -0.55617166 1.14347839 -0.75623852
v -0.55617166 1.14347839 -0.72822970
v -0.62179667 1.14347839 -0.70022088
v -0.55617166 1.14347839 -0.70022088
v -0.49054667 1.14347839 -0.78424734
v -0.49054667 1.14347839 -0.75623852
v -0.49054667 1.14347839 -0.72822970
v -0.42492166 1.14347839 -0.78424734
v -0.42492166 1.14347839 -0.75623852
v -0.42492166 1.14347839 -0.72822970
v -0.49054667 1.14347839 -0.70022088
v -0.42492166 1.14347839 -0.70022088
v -0.35929665 0.62203872 -0.89628267
v -0.35929665 0.68721867 -0.89628267
v -0.29367167 0.62203872 -0.89628267
v -0.29367167 0.68721867 -0.89628267
v -0.35929665 0.75239867 -0.89628267
v -0.35929665 0.81757861 -0.89628267
v -0.29367167 0.75239867 -0.89628267
v -0.29367167 0.81757861 -0.89628267
v -0.22804666 0.62203872 -0.89628267
v -0.22804666 0.68721867 -0.89628267
v -0.16242164 0.62203872 -0.89628267
v -0.16242164 0.68721867 -0.89628267
v -0.22804666 0.75239867 -0.89628267
v -0.22804666 0.81757861 -0.89628267
v -0.16242164 0.75239867 -0.89628267
v -0.16242164 0.81757861 -0.89628267
v -0.35929665 0.88275856 -0.89628267
v -0.35929665 0.94793850 -0.89628267
v -0.29367167 0.88275856 -0.89628267
v -0.29367167 0.94793850 -0.89628267
v -0.35929665 1.01311851 -0.89628267
v -0.35929665 1.07829845 -0.89628267
v -0.35929665 1.14347839 -0.89628267
v -0.35929665 1.14347839 -0.86827385
v -0.35929665 1.14347839 -0.84026504
v -0.29367167 1.01311851 -0.89628267
v -0.29367167 1.07829845 -0.89628267
v -0.29367167 1.14347839 -0.89628267
v -0.29367167 1.14347839 -0.86827385
v -0.29367167 1.14347839 -0.84026504
v -0.35929665 1.14347839 -0.81225622
v -0.29367167 1.14347839 -0.81225622
v -0.22804666 0.88275856 -0.89628267
v -0.22804666 0.94793850 -0.89628267
v -0.16242164 0.88275856 -0.89628267
v -0.16242164 0.94793850 -0.89628267
v -0.22804666 1.01311851 -0.89628267
v -0.22804666 1.07829845 -0.89628267
v -0.22804666 1.14347839 -0.89628267
v -0.22804666 1.14347839 -0.86827385
v -0.22804666 1.14347839 -0.84026504
v -0.16242164 1.01311851 -0.89628267
v -0.16242164 1.07829845 -0.89628267
v -0.16242164 1.14347839 -0.89628267
v -0.16242164 1.14347839 -0.86827385
v -0.16242164 1.14347839 -0.84026504
v -0.22804666 1.14347839 -0.81225622
v -0.16242164 1.14347839 -0.81225622
v -0.35929665 1.14347839 -0.78424734
v -0.35929665 1.14347839 -0.75623852
v -0.35929665 1.14347839 -0.72822970
v -0.29367167 1.14347839 -0.78424734
v -0.29367167 1.14347839 -0.75623852
v -0.29367167 1.14347839 -0.72822970
v -0.35929665 1.14347839 -0.70022088
v -0.29367167 1.14347839 -0.70022088
v -0.22804666 1.14347839 -0.78424734
v -0.22804666 1.14347839 -0.75623852
v -0.22804666 1.14347839 -0.72822970
v -0.16242164 1.14347839 -0.78424734
v -0.16242164 1.14347839 -0.75623852
v -0.16242164 1.14347839 -0.72822970
v -0.22804666 1.14347839 -0.70022088
v -0.16242164 1.14347839 -0.70022088
v -0.63873267 0.63642222 -0.56694102
v -0.63412541 0.74352711 -0.58492881
v -0.61612010 0.63827968 -0.58105099
v -0.58938253 0.67937398 -0.58816409
v -0.59049553 0.66309983 -0.57223862
v -0.61319822 0.69709188 -0.59370148
v -0.59522158 0.68737477 -0.59628272
v -0.60285717 0.73184049 -0.59441513
v -0.59365141 0.70515788 -0.56328338
v -0.59472048 0.72919399 -0.58615619
v -0.65870571 0.77643567 -0.56860352
v -0.65533692 0.78443801 -0.56256127
v -0.62884468 0.77576232 -0.57771558
v -0.60925633 0.75756818 -0.58385420
v -0.61991978 0.77136129 -0.56777573
v -0.65433902 0.63408291 -0.53622079
v -0.66264731 0.72876447 -0.55286342
v -0.59886158 0.62882471 -0.54764068
v -0.59894341 0.66614962 -0.50871438
v -0.60462117 0.74485642 -0.55899179
v -0.60435510 0.69977307 -0.51032841
v -0.67790037 0.66782331 -0.49472070
v -0.65485811 0.74963248 -0.48700899
v -0.62230623 0.70780540 -0.47588849
v -0.64840138 0.78287119 -0.54735988
v -0.62639302 0.76475340 -0.54025072
v -0.68041271 0.78272599 -0.51404542
v -0.62179667 1.14347839 -0.67221200
v -0.62179667 1.14347839 -0.64420319
v -0.62179667 1.14347839 -0.61619437
v -0.55617166 1.14347839 -0.67221200
v -0.55617166 1.14347839 -0.64420319
v -0.55617166 1.14347839 -0.61619437
v -0.62179667 1.14347839 -0.58818555
v -0.55617166 1.14347839 -0.58818555
v -0.49054667 1.14347839 -0.67221200
v -0.49054667 1.14347839 -0.64420319
v -0.49054667 1.14347839 -0.61619437
v -0.42492166 1.14347839 -0.67221200
v -0.42492166 1.14347839 -0.64420319
v -0.42492166 1.14347839 -0.61619437
v -0.49054667 1.14347839 -0.58818555
v -0.42492166 1.14347839 -0.58818555
v -0.62179667 1.14347839 -0.56017667
v -0.62179667 1.14347839 -0.53216785
v -0.62179667 1.14347839 -0.50415903
v -0.55617166 1.14347839 -0.56017667
v -0.55617166 1.14347839 -0.53216785
v -0.55617166 1.14347839 -0.50415903
v -0.62179667 1.14347839 -0.47615018
v -0.55617166 1.14347839 -0.47615018
v -0.49054667 1.14347839 -0.56017667
v -0.49054667 1.14347839 -0.53216785
v -0.49054667 1.14347839 -0.50415903
v -0.42492166 1.14347839 -0.56017667
v -0.42492166 1.14347839 -0.53216785
v -0.42492166 1.14347839 -0.50415903
v -0.49054667 1.14347839 -0.47615018
v -0.42492166 1.14347839 -0.47615018
v -0.35929665 1.14347839 -0.67221200
v -0.35929665 1.14347839 -0.64420319
v -0.35929665 1.14347839 -0.61619437
v -0.29367167 1.14347839 -0.67221200
v -0.29367167 1.14347839 -0.64420319
v -0.29367167 1.14347839 -0.61619437
v -0.35929665 1.14347839 -0.58818555
v -0.29367167 1.14347839 -0.58818555
v -0.22804666 1.14347839 -0.67221200
v -0.22804666 1.14347839 -0.64420319
v -0.22804666 1.14347839 -0.61619437
v -0.16242164 1.14347839 -0.67221200
v -0.16242164 1.14347839 -0.64420319
v -0.16242164 1.14347839 -0.61619437
v -0.22804666 1.14347839 -0.58818555
v -0.16242164 1.14347839 -0.58818555
v -0.35929665 1.14347839 -0.56017667
v -0.35929665 1.14347839 -0.53216785
v -0.35929665 1.14347839 -0.50415903
v -0.29367167 1.14347839 -0.56017667
v -0.29367167 1.14347839 -0.53216785
v -0.29367167 1.14347839 -0.50415903
v -0.35929665 1.14347839 -0.47615018
v -0.29367167 1.14347839 -0.47615018
v -0.22804666 1.14347839 -0.56017667
v -0.22804666 1.14347839 -0.53216785
v -0.22804666 1.14347839 -0.50415903
v -0.16242164 1.14347839 -0.56017667
v -0.16242164 1.14347839 -0.53216785
v -0.16242164 1.14347839 -0.50415903
v -0.22804666 1.14347839 -0.47615018
v -0.16242164 1.14347839 -0.47615018
v -1.21242166 0.10059905 -0.44814134
v -1.21242166 0.10059905 -0.42013252
v -1.21242166 0.16577901 -0.44814134
v -1.21242166 0.16577901 -0.42013252
v -1.21242166 0.10059905 -0.39212367
v -1.21242166 0.10059905 -0.36411485
v -1.21242166 0.16577901 -0.39212367
v -1.21242166 0.16577901 -0.36411485
v -1.21242166 0.23095897 -0.44814134
v -1.21242166 0.23095897 -0.42013252
v -1.21242166 0.29613894 -0.44814134
v -1.21242166 0.29613894 -0.42013252
v -1.21242166 0.23095897 -0.39212367
v -1.21242166 0.23095897 -0.36411485
v -1.21242166 0.29613894 -0.39212367
v -1.21242166 0.29613894 -0.36411485
v -1.21242166 0.10059905 -0.33610600
v -1.21242166 0.10059905 -0.30809718
v -1.21242166 0.16577901 -0.33610600
v -1.21242166 0.16577901 -0.30809718
v -1.21242166 0.10059905 -0.28008834
v -1.21242166 0.10059905 -0.25207952
v -1.21242166 0.16577901 -0.28008834
v -1.21242166 0.16577901 -0.25207952
v -1.21242166 0.23095897 -0.33610600
v -1.21242166 0.23095897 -0.30809718
v -1.21242166 0.29613894 -0.33610600
v -1.21242166 0.29613894 -0.30809718
v -1.21242166 0.23095897 -0.28008834
v -1.21242166 0.23095897 -0.25207952
v -1.21242166 0.29613894 -0.28008834
v -1.21242166 0.29613894 -0.25207952
v -1.21242166 0.36131889 -0.44814134
v -1.21242166 0.36131889 -0.42013252
v -1.21242166 0.42649886 -0.44814134
v -1.21242166 0.42649886 -0.42013252
v -1.21242166 0.36131889 -0.39212367
v -1.21242166 0.36131889 -0.36411485
v -1.21242166 0.42649886 -0.39212367
v -1.21242166 0.42649886 -0.36411485
v -1.21242166 0.49167880 -0.44814134
v -1.21242166 0.49167880 -0.42013252
v -1.21242166 0.55685878 -0.44814134
v -1.21242166 0.55685878 -0.42013252
v -1.21242166 0.49167880 -0.39212367
v -1.21242166 0.49167880 -0.36411485
v -1.21242166 0.55685878 -0.39212367
v -1.21242166 0.55685878 -0.36411485
v -1.21242166 0.36131889 -0.33610600
v -1.21242166 0.36131889 -0.30809718
v -1.21242166 0.42649886 -0.33610600
v -1.21242166 0.42649886 -0.30809718
v -1.21242166 0.36131889 -0.28008834
v -1.21242166 0.36131889 -0.25207952
v -1.21242166 0.42649886 -0.28008834
v -1.21242166 0.42649886 -0.25207952
v -1.21242166 0.49167880 -0.33610600
v -1.21242166 0.49167880 -0.30809718
v -1.21242166 0.55685878 -0.33610600
v -1.21242166 0.55685878 -0.30809718
v -1.21242166 0.49167880 -0.28008834
v -1.21242166 0.49167880 -0.25207952
v -1.21242166 0.55685878 -0.28008834
v -1.21242166 0.55685878 -0.25207952
v -0.69686741 0.48248950 -0.37960231
v -0.69898862 0.50386882 -0.40162909
v -0.68978947 0.55611151 -0.40780449
v -0.68790478 0.61489302 -0.43852249
v -0.70807117 0.50818402 -0.34516340
v -0.71102881 0.59417522 -0.34115040
v -0.69423747 0.47241291 -0.33487689
v -0.71620971 0.48463500 -0.31525731
v -0.72363812 0.48515391 -0.26830119
v -0.70679212 0.47104481 -0.27792549
v -0.68802512 0.46069959 -0.26673511
v -0.70946461 0.53062081 -0.28948161
v -0.70472282 0.56653953 -0.32975239
v -0.76025838 0.61993092 -0.27443859
v -0.75600082 0.58957249 -0.23201670
v -0.72097760 0.50167853 -0.27695411
v -0.71761948 0.54891777 -0.24330260
v -0.73125547 0.57576603 -0.26013720
v -1.21242166 0.10059905 -0.22407067
v -1.21242166 0.10059905 -0.19606183
v -1.21242166 0.16577901 -0.22407067
v -1.21242166 0.16577901 -0.19606183
v -1.21242166 0.10059905 -0.16805300
v -1.21242166 0.10059905 -0.14004417
v -1.21242166 0.16577901 -0.16805300
v -1.21242166 0.16577901 -0.14004417
v -1.21242166 0.23095897 -0.22407067
v -1.21242166 0.23095897 -0.19606183
v -1.21242166 0.29613894 -0.22407067
v -1.21242166 0.29613894 -0.19606183
v -1.21242166 0.23095897 -0.16805300
v -1.21242166 0.23095897 -0.14004417
v -1.21242166 0.29613894 -0.16805300
v -1.21242166 0.29613894 -0.14004417
v -1.21242166 0.10059905 -0.11203533
v -1.21242166 0.10059905 -0.08402650
v -1.21242166 0.16577901 -0.11203533
v -1.21242166 0.16577901 -0.08402650
v -1.21242166 0.10059905 -0.05601767
v -1.21242166 0.10059905 -0.02800883
v -1.21242166 0.10059905 0.00000000
v -1.14679670 0.10059905 0.00000000
v -1.21242166 0.16577901 -0.05601767
v -1.21242166 0.16577901 -0.02800883
v -1.21242166 0.16577901 0.00000000
v -1.14679670 0.16577901 0.00000000
v -1.08117175 0.10059905 0.00000000
v -1.08117175 0.16577901 0.00000000
v -1.21242166 0.23095897 -0.11203533
v -1.21242166 0.23095897 -0.08402650
v -1.21242166 0.29613894 -0.11203533
v -1.21242166 0.29613894 -0.08402650
v -1.21242166 0.23095897 -0.05601767
v -1.21242166 0.23095897 -0.02800883
v -1.21242166 0.23095897 0.00000000
v -1.14679670 0.23095897 0.00000000
v -1.21242166 0.29613894 -0.05601767
v -1.21242166 0.29613894 -0.02800883
v -1.21242166 0.29613894 0.00000000
v -1.14679670 0.29613894 0.00000000
v -1.08117175 0.23095897 0.00000000
v -1.08117175 0.29613894 0.00000000
v -1.01554668 0.10059905 0.00000000
v -1.01554668 0.16577901 0.00000000
v -0.94992167 0.10059905 0.00000000
v -0.94992167 0.16577901 0.00000000
v -1.01554668 0.23095897 0.00000000
v -1.01554668 0.29613894 0.00000000
v -0.94992167 0.23095897 0.00000000
v -0.94992167 0.29613894 0.00000000
v -1.21242166 0.36131889 -0.22407067
v -1.21242166 0.36131889 -0.19606183
v -1.21242166 0.42649886 -0.22407067
v -1.21242166 0.42649886 -0.19606183
v -1.21242166 0.36131889 -0.16805300
v -1.21242166 0.36131889 -0.14004417
v -1.21242166 0.42649886 -0.16805300
v -1.21242166 0.42649886 -0.14004417
v -1.21242166 0.49167880 -0.22407067
v -1.21242166 0.49167880 -0.19606183
v -1.21242166 0.55685878 -0.22407067
v -1.21242166 0.55685878 -0.19606183
v -1.21242166 0.49167880 -0.16805300
v -1.21242166 0.49167880 -0.14004417
v -1.21242166 0.55685878 -0.16805300
v -1.21242166 0.55685878 -0.14004417
v -1.21242166 0.36131889 -0.11203533
v -1.21242166 0.36131889 -0.08402650
v -1.21242166 0.42649886 -0.11203533
v -1.21242166 0.42649886 -0.08402650
v -1.21242166 0.36131889 -0.05601767
v -1.21242166 0.36131889 -0.02800883
v -1.21242166 0.36131889 0.00000000
v -1.14679670 0.36131889 0.00000000
v -1.21242166 0.42649886 -0.05601767
v -1.21242166 0.42649886 -0.02800883
v -1.21242166 0.42649886 0.00000000
v -1.14679670 0.42649886 0.00000000
v -1.08117175 0.36131889 0.00000000
v -1.08117175 0.42649886 0.00000000
v -1.21242166 0.49167880 -0.11203533
v -1.21242166 0.49167880 -0.08402650
v -1.21242166 0.55685878 -0.11203533
v -1.21242166 0.55685878 -0.08402650
v -1.21242166 0.49167880 -0.05601767
v -1.21242166 0.49167880 -0.02800883
v -1.21242166 0.49167880 0.00000000
v -1.14679670 0.49167880 0.00000000
v -1.21242166 0.55685878 -0.05601767
v -1.21242166 0.55685878 -0.02800883
v -1.21242166 0.55685878 0.00000000
v -1.14679670 0.55685878 0.00000000
v -1.08117175 0.49167880 0.00000000
v -1.08117175 0.55685878 0.00000000
v -1.01554668 0.36131889 0.00000000
v -1.01554668 0.42649886 0.00000000
v -0.94992167 0.36131889 0.00000000
v -0.94992167 0.42649886 0.00000000
v -1.01554668 0.49167880 0.00000000
v -1.01554668 0.55685878 0.00000000
v -0.94992167 0.49167880 0.00000000
v -0.94992167 0.55685878 0.00000000
v -0.88429666 0.10059905 0.00000000
v -0.88429666 0.16577901 0.00000000
v -0.81867170 0.10059905 0.00000000
v -0.84426630 0.19171427 0.00000000
v -0.84339571 0.19262540 -0.00172210
v -0.84448338 0.19314234 0.00000000
v -0.84266508 0.18901750 0.00000000
v -0.84528244 0.20474818 0.00000000
v -0.88429666 0.23095897 0.00000000
v -0.88429666 0.29613894 0.00000000
v -0.82784748 0.24037141 -0.02642690
v -0.84728163 0.24322118 0.00000000
v -0.84699529 0.25111067 0.00000000
v -0.83568639 0.26998729 -0.01436990
v -0.84311104 0.27199373 0.00000000
v -0.83927244 0.28745463 0.00000000
v -0.82928818 0.30950576 0.00000000
v -0.82267326 0.32975650 0.00000000
v -0.73522532 0.10915750 -0.06063650
v -0.73469150 0.16815880 -0.06339670
v -0.71336788 0.19740599 -0.07622930
v -0.79083747 0.11434086 0.00000000
v -0.79891700 0.12617074 0.00000000
v -0.79729319 0.15945791 -0.02246370
v -0.81590068 0.15166479 0.00000000
v -0.78506100 0.11894710 -0.00853630
v -0.80919009 0.21768060 -0.03606110
v -0.76602763 0.20115270 -0.05485800
v -0.74464393 0.13747720 -0.04463300
v -0.76696819 0.24999590 -0.05914170
v -0.72769749 0.26154381 -0.07757360
v -0.69021362 0.24112080 -0.08308650
v -0.74333411 0.29652131 -0.06725680
v -0.69747287 0.33949590 -0.07501220
v -0.79763079 0.26979849 -0.04524040
v -0.77969372 0.30405691 -0.04292150
v -0.77087921 0.35113749 -0.04010280
v -0.80673742 0.33049229 -0.01631210
v -0.81339198 0.35288608 0.00000000
v -0.69338667 0.44883570 -0.20850670
v -0.71229368 0.46513021 -0.19563410
v -0.73393428 0.48559651 -0.16282029
v -0.70401758 0.43850729 -0.15134139
v -0.72129118 0.45950630 -0.13701130
v -0.73512971 0.54992199 -0.20708220
v -0.73284107 0.49882019 -0.19220130
v -0.72432828 0.51221329 -0.18752450
v -0.74639517 0.54768682 -0.18341680
v -0.72489047 0.52524328 -0.18343550
v -0.74835563 0.60768002 -0.20064470
v -0.73476058 0.61742753 -0.17421889
v -0.75068432 0.54943311 -0.16047210
v -0.72919679 0.50527221 -0.13915080
v -0.73992842 0.51916063 -0.12469850
v -0.71823722 0.61699331 -0.15017690
v -0.74805337 0.55970532 -0.13663690
v -0.88429666 0.36131889 0.00000000
v -0.88429666 0.42649886 0.00000000
v -0.81867170 0.36131889 0.00000000
v -0.81867170 0.42649886 0.00000000
v -0.88429666 0.49167880 0.00000000
v -0.88429666 0.55685878 0.00000000
v -0.81867170 0.49167880 0.00000000
v -0.81867170 0.55685878 0.00000000
v -0.70203727 0.42473441 -0.10621770
v -0.73307908 0.41279209 -0.05615840
v -0.71843791 0.36611089 -0.06448100
v -0.73938239 0.46913490 -0.08640430
v -0.72156978 0.42766830 -0.06912700
v -0.75966078 0.39399120 -0.04450040
v -0.80276495 0.37507278 0.00000000
v -0.79310286 0.39494455 0.00000000
v -0.79126853 0.41272405 0.00000000
v -0.78082299 0.41828269 -0.01480360
v -0.78850722 0.43026412 0.00000000
v -0.75624162 0.48219261 -0.02418750
v -0.77596211 0.46943641 0.00000000
v -0.77057415 0.48820001 0.00000000
v -0.74815160 0.45260501 -0.04209510
v -0.74365127 0.51979083 -0.08776690
v -0.73340410 0.49271259 -0.08720950
v -0.73025191 0.58027709 -0.10091550
v -0.73882723 0.55700022 -0.08735020
v -0.76783401 0.49629995 0.00000000
v -0.75304669 0.55685878 0.00000000
v -0.74570072 0.50043952 -0.05396680
v -0.74427432 0.52152920 -0.02220700
v -0.75094831 0.52073896 0.00000000
v -0.72879213 0.52964860 0.00000000
v -0.72011793 0.54860449 -0.02509160
v -0.71636009 0.54301304 0.00000000
v -0.70850408 0.54839629 0.00000000
v -0.69821811 0.57251161 -0.05243870
v -0.68742168 0.55685878 0.00000000
v -1.21242166 0.62203872 -0.44814134
v -1.21242166 0.62203872 -0.42013252
v -1.21242166 0.68721867 -0.44814134
v -1.21242166 0.68721867 -0.42013252
v -1.21242166 0.62203872 -0.39212367
v -1.21242166 0.62203872 -0.36411485
v -1.21242166 0.68721867 -0.39212367
v -1.21242166 0.68721867 -0.36411485
v -1.21242166 0.75239867 -0.44814134
v -1.21242166 0.75239867 -0.42013252
v -1.21242166 0.81757861 -0.44814134
v -1.21242166 0.81757861 -0.42013252
v -1.21242166 0.75239867 -0.39212367
v -1.21242166 0.75239867 -0.36411485
v -1.21242166 0.81757861 -0.39212367
v -1.21242166 0.81757861 -0.36411485
v -1.21242166 0.62203872 -0.33610600
v -1.21242166 0.62203872 -0.30809718
v -1.21242166 0.68721867 -0.33610600
v -1.21242166 0.68721867 -0.30809718
v -1.21242166 0.62203872 -0.28008834
v -1.21242166 0.62203872 -0.25207952
v -1.21242166 0.68721867 -0.28008834
v -1.21242166 0.68721867 -0.25207952
v -1.21242166 0.75239867 -0.33610600
v -1.21242166 0.75239867 -0.30809718
v -1.21242166 0.81757861 -0.33610600
v -1.21242166 0.81757861 -0.30809718
v -1.21242166 0.75239867 -0.28008834
v -1.21242166 0.75239867 -0.25207952
v -1.21242166 0.81757861 -0.28008834
v -1.21242166 0.81757861 -0.25207952
v -1.21242166 0.88275856 -0.44814134
v -1.21242166 0.88275856 -0.42013252
v -1.21242166 0.94793850 -0.44814134
v -1.21242166 0.94793850 -0.42013252
v -1.21242166 0.88275856 -0.39212367
v -1.21242166 0.88275856 -0.36411485
v -1.21242166 0.94793850 -0.39212367
v -1.21242166 0.94793850 -0.36411485
v -1.21242166 1.01311851 -0.44814134
v -1.21242166 1.01311851 -0.42013252
v -1.21242166 1.07829845 -0.44814134
v -1.21242166 1.07829845 -0.42013252
v -1.21242166 1.14347839 -0.44814134
v -1.21242166 1.14347839 -0.42013252
v -1.14679670 1.14347839 -0.44814134
v -1.14679670 1.14347839 -0.42013252
v -1.08117175 1.14347839 -0.44814134
v -1.08117175 1.14347839 -0.42013252
v -1.21242166 1.01311851 -0.39212367
v -1.21242166 1.01311851 -0.36411485
v -1.21242166 1.07829845 -0.39212367
v -1.21242166 1.07829845 -0.36411485
v -1.21242166 1.14347839 -0.39212367
v -1.21242166 1.14347839 -0.36411485
v -1.14679670 1.14347839 -0.39212367
v -1.14679670 1.14347839 -0.36411485
v -1.08117175 1.14347839 -0.39212367
v -1.08117175 1.14347839 -0.36411485
v -1.01554668 1.14347839 -0.44814134
v -1.01554668 1.14347839 -0.42013252
v -0.94992167 1.14347839 -0.44814134
v -0.94992167 1.14347839 -0.42013252
v -1.01554668 1.14347839 -0.39212367
v -1.01554668 1.14347839 -0.36411485
v -0.94992167 1.14347839 -0.39212367
v -0.94992167 1.14347839 -0.36411485
v -1.21242166 0.88275856 -0.33610600
v -1.21242166 0.88275856 -0.30809718
v -1.21242166 0.94793850 -0.33610600
v -1.21242166 0.94793850 -0.30809718
v -1.21242166 0.88275856 -0.28008834
v -1.21242166 0.88275856 -0.25207952
v -1.21242166 0.94793850 -0.28008834
v -1.21242166 0.94793850 -0.25207952
v -1.21242166 1.01311851 -0.33610600
v -1.21242166 1.01311851 -0.30809718
v -1.21242166 1.07829845 -0.33610600
v -1.21242166 1.07829845 -0.30809718
v -1.21242166 1.14347839 -0.33610600
v -1.21242166 1.14347839 -0.30809718
v -1.14679670 1.14347839 -0.33610600
v -1.14679670 1.14347839 -0.30809718
v -1.08117175 1.14347839 -0.33610600
v -1.08117175 1.14347839 -0.30809718
v -1.21242166 1.01311851 -0.28008834
v -1.21242166 1.01311851 -0.25207952
v -1.21242166 1.07829845 -0.28008834
v -1.21242166 1.07829845 -0.25207952
v -1.21242166 1.14347839 -0.28008834
v -1.21242166 1.14347839 -0.25207952
v -1.14679670 1.14347839 -0.28008834
v -1.14679670 1.14347839 -0.25207952
v -1.08117175 1.14347839 -0.28008834
v -1.08117175 1.14347839 -0.25207952
v -1.01554668 1.14347839 -0.33610600
v -1.01554668 1.14347839 -0.30809718
v -0.94992167 1.14347839 -0.33610600
v -0.94992167 1.14347839 -0.30809718
v -1.01554668 1.14347839 -0.28008834
v -1.01554668 1.14347839 -0.25207952
v -0.94992167 1.14347839 -0.28008834
v -0.94992167 1.14347839 -0.25207952
v -0.76457971 0.68347061 -0.39997470
v -0.76082778 0.70951658 -0.41299969
v -0.71058559 0.66678870 -0.43302420
v -0.75113207 0.68186587 -0.41684189
v -0.75110072 0.71474302 -0.40099460
v -0.69686908 0.72749209 -0.40536091
v -0.76498759 0.65370238 -0.34325609
v -0.71758437 0.62474269 -0.36968809
v -0.75094372 0.64156228 -0.35554439
v -0.71643978 0.71355963 -0.36723739
v -0.75616533 0.66698611 -0.32448199
v -0.75964969 0.62315989 -0.30767611
v -0.72921377 0.68841231 -0.31786600
v -0.74346799 0.65094358 -0.26035860
v -0.72898519 0.66361189 -0.25902081
v -0.70339829 0.67587352 -0.26115191
v -0.88429666 1.14347839 -0.44814134
v -0.88429666 1.14347839 -0.42013252
v -0.81867170 1.14347839 -0.44814134
v -0.81867170 1.14347839 -0.42013252
v -0.88429666 1.14347839 -0.39212367
v -0.88429666 1.14347839 -0.36411485
v -0.81867170 1.14347839 -0.39212367
v -0.81867170 1.14347839 -0.36411485
v -0.75304669 1.14347839 -0.44814134
v -0.75304669 1.14347839 -0.42013252
v -0.68742168 1.14347839 -0.44814134
v -0.68742168 1.14347839 -0.42013252
v -0.75304669 1.14347839 -0.39212367
v -0.75304669 1.14347839 -0.36411485
v -0.68742168 1.14347839 -0.39212367
v -0.68742168 1.14347839 -0.36411485
v -0.88429666 1.14347839 -0.33610600
v -0.88429666 1.14347839 -0.30809718
v -0.81867170 1.14347839 -0.33610600
v -0.81867170 1.14347839 -0.30809718
v -0.88429666 1.14347839 -0.28008834
v -0.88429666 1.14347839 -0.25207952
v -0.81867170 1.14347839 -0.28008834
v -0.81867170 1.14347839 -0.25207952
v -0.75304669 1.14347839 -0.33610600
v -0.75304669 1.14347839 -0.30809718
v -0.68742168 1.14347839 -0.33610600
v -0.68742168 1.14347839 -0.30809718
v -0.75304669 1.14347839 -0.28008834
v -0.75304669 1.14347839 -0.25207952
v -0.68742168 1.14347839 -0.28008834
v -0.68742168 1.14347839 -0.25207952
v -1.21242166 0.62203872 -0.22407067
v -1.21242166 0.68721867 -0.22407067
v -1.21242166 0.62203872 -0.19606183
v -1.21242166 0.68721867 -0.19606183
v -1.21242166 0.62203872 -0.16805300
v -1.21242166 0.68721867 -0.16805300
v -1.21242166 0.62203872 -0.14004417
v -1.21242166 0.68721867 -0.14004417
v -1.21242166 0.75239867 -0.22407067
v -1.21242166 0.75239867 -0.19606183
v -1.21242166 0.81757861 -0.22407067
v -1.21242166 0.81757861 -0.19606183
v -1.21242166 0.75239867 -0.16805300
v -1.21242166 0.75239867 -0.14004417
v -1.21242166 0.81757861 -0.16805300
v -1.21242166 0.81757861 -0.14004417
v -1.21242166 0.62203872 -0.11203533
v -1.21242166 0.68721867 -0.11203533
v -1.21242166 0.62203872 -0.08402650
v -1.21242166 0.68721867 -0.08402650
v -1.21242166 0.62203872 -0.05601767
v -1.21242166 0.68721867 -0.05601767
v -1.21242166 0.62203872 -0.02800883
v -1.21242166 0.62203872 0.00000000
v -1.21242166 0.68721867 -0.02800883
v -1.21242166 0.68721867 0.00000000
v -1.14679670 0.62203872 0.00000000
v -1.14679670 0.68721867 0.00000000
v -1.08117175 0.62203872 0.00000000
v -1.08117175 0.68721867 0.00000000
v -1.21242166 0.75239867 -0.11203533
v -1.21242166 0.75239867 -0.08402650
v -1.21242166 0.81757861 -0.11203533
v -1.21242166 0.81757861 -0.08402650
v -1.21242166 0.75239867 -0.05601767
v -1.21242166 0.75239867 -0.02800883
v -1.21242166 0.75239867 0.00000000
v -1.14679670 0.75239867 0.00000000
v -1.21242166 0.81757861 -0.05601767
v -1.21242166 0.81757861 -0.02800883
v -1.21242166 0.81757861 0.00000000
v -1.14679670 0.81757861 0.00000000
v -1.08117175 0.75239867 0.00000000
v -1.08117175 0.81757861 0.00000000
v -1.01554668 0.62203872 0.00000000
v -1.01554668 0.68721867 0.00000000
v -0.94992167 0.62203872 0.00000000
v -0.94992167 0.68721867 0.00000000
v -1.01554668 0.75239867 0.00000000
v -1.01554668 0.81757861 0.00000000
v -0.94992167 0.75239867 0.00000000
v -0.94992167 0.81757861 0.00000000
v -1.21242166 0.88275856 -0.22407067
v -1.21242166 0.94793850 -0.22407067
v -1.21242166 0.88275856 -0.19606183
v -1.21242166 0.94793850 -0.19606183
v -1.21242166 0.88275856 -0.16805300
v -1.21242166 0.94793850 -0.16805300
v -1.21242166 0.88275856 -0.14004417
v -1.21242166 0.94793850 -0.14004417
v -1.21242166 1.01311851 -0.22407067
v -1.21242166 1.01311851 -0.19606183
v -1.21242166 1.07829845 -0.22407067
v -1.21242166 1.14347839 -0.22407067
v -1.14679670 1.14347839 -0.22407067
v -1.21242166 1.07829845 -0.19606183
v -1.21242166 1.14347839 -0.19606183
v -1.14679670 1.14347839 -0.19606183
v -1.08117175 1.14347839 -0.22407067
v -1.08117175 1.14347839 -0.19606183
v -1.21242166 1.01311851 -0.16805300
v -1.21242166 1.01311851 -0.14004417
v -1.21242166 1.07829845 -0.16805300
v -1.21242166 1.14347839 -0.16805300
v -1.14679670 1.14347839 -0.16805300
v -1.21242166 1.07829845 -0.14004417
v -1.21242166 1.14347839 -0.14004417
v -1.14679670 1.14347839 -0.14004417
v -1.08117175 1.14347839 -0.16805300
v -1.08117175 1.14347839 -0.14004417
v -1.01554668 1.14347839 -0.22407067
v -1.01554668 1.14347839 -0.19606183
v -0.94992167 1.14347839 -0.22407067
v -0.94992167 1.14347839 -0.19606183
v -1.01554668 1.14347839 -0.16805300
v -1.01554668 1.14347839 -0.14004417
v -0.94992167 1.14347839 -0.16805300
v -0.94992167 1.14347839 -0.14004417
v -1.21242166 0.88275856 -0.11203533
v -1.21242166 0.94793850 -0.11203533
v -1.21242166 0.88275856 -0.08402650
v -1.21242166 0.94793850 -0.08402650
v -1.21242166 0.88275856 -0.05601767
v -1.21242166 0.94793850 -0.05601767
v -1.21242166 0.88275856 -0.02800883
v -1.21242166 0.88275856 0.00000000
v -1.21242166 0.94793850 -0.02800883
v -1.21242166 0.94793850 0.00000000
v -1.14679670 0.88275856 0.00000000
v -1.14679670 0.94793850 0.00000000
v -1.08117175 0.88275856 0.00000000
v -1.08117175 0.94793850 0.00000000
v -1.21242166 1.01311851 -0.11203533
v -1.21242166 1.01311851 -0.08402650
v -1.21242166 1.07829845 -0.11203533
v -1.21242166 1.14347839 -0.11203533
v -1.14679670 1.14347839 -0.11203533
v -1.21242166 1.07829845 -0.08402650
v -1.21242166 1.14347839 -0.08402650
v -1.14679670 1.14347839 -0.08402650
v -1.08117175 1.14347839 -0.11203533
v -1.08117175 1.14347839 -0.08402650
v -1.21242166 1.01311851 -0.05601767
v -1.21242166 1.01311851 -0.02800883
v -1.21242166 1.01311851 0.00000000
v -1.14679670 1.01311851 0.00000000
v -1.21242166 1.07829845 -0.05601767
v -1.21242166 1.14347839 -0.05601767
v -1.14679670 1.14347839 -0.05601767
v -1.21242166 1.07829845 -0.02800883
v -1.21242166 1.07829845 0.00000000
v -1.21242166 1.14347839 -0.02800883
v -1.21242166 1.14347839 0.00000000
v -1.14679670 1.07829845 0.00000000
v -1.14679670 1.14347839 -0.02800883
v -1.14679670 1.14347839 0.00000000
v -1.08117175 1.01311851 0.00000000
v -1.08117175 1.14347839 -0.05601767
v -1.08117175 1.07829845 0.00000000
v -1.08117175 1.14347839 -0.02800883
v -1.08117175 1.14347839 0.00000000
v -1.01554668 0.88275856 0.00000000
v -1.01554668 0.94793850 0.00000000
v -0.94992167 0.88275856 0.00000000
v -0.94992167 0.94793850 0.00000000
v -1.01554668 1.14347839 -0.11203533
v -1.01554668 1.14347839 -0.08402650
v -0.94992167 1.14347839 -0.11203533
v -0.94992167 1.14347839 -0.08402650
v -1.01554668 1.01311851 0.00000000
v -1.01554668 1.14347839 -0.05601767
v -1.01554668 1.07829845 0.00000000
v -1.01554668 1.14347839 -0.02800883
v -1.01554668 1.14347839 0.00000000
v -0.94992167 1.01311851 0.00000000
v -0.94992167 1.14347839 -0.05601767
v -0.94992167 1.07829845 0.00000000
v -0.94992167 1.14347839 -0.02800883
v -0.94992167 1.14347839 0.00000000
v -0.70236790 0.63739812 -0.17606890
v -0.88429666 0.62203872 0.00000000
v -0.88429666 0.68721867 0.00000000
v -0.81867170 0.62203872 0.00000000
v -0.81867170 0.68721867 0.00000000
v -0.88429666 0.75239867 0.00000000
v -0.88429666 0.81757861 0.00000000
v -0.81867170 0.75239867 0.00000000
v -0.81867170 0.81757861 0.00000000
v -0.75304669 0.62203872 0.00000000
v -0.75304669 0.68721867 0.00000000
v -0.68742168 0.62203872 0.00000000
v -0.68742168 0.68721867 0.00000000
v -0.75304669 0.75239867 0.00000000
v -0.75304669 0.81757861 0.00000000
v -0.68742168 0.75239867 0.00000000
v -0.68742168 0.81757861 0.00000000
v -0.88429666 1.14347839 -0.22407067
v -0.88429666 1.14347839 -0.19606183
v -0.81867170 1.14347839 -0.22407067
v -0.81867170 1.14347839 -0.19606183
v -0.88429666 1.14347839 -0.16805300
v -0.88429666 1.14347839 -0.14004417
v -0.81867170 1.14347839 -0.16805300
v -0.81867170 1.14347839 -0.14004417
v -0.75304669 1.14347839 -0.22407067
v -0.75304669 1.14347839 -0.19606183
v -0.68742168 1.14347839 -0.22407067
v -0.68742168 1.14347839 -0.19606183
v -0.75304669 1.14347839 -0.16805300
v -0.75304669 1.14347839 -0.14004417
v -0.68742168 1.14347839 -0.16805300
v -0.68742168 1.14347839 -0.14004417
v -0.88429666 0.88275856 0.00000000
v -0.88429666 0.94793850 0.00000000
v -0.81867170 0.88275856 0.00000000
v -0.81867170 0.94793850 0.00000000
v -0.88429666 1.14347839 -0.11203533
v -0.88429666 1.14347839 -0.08402650
v -0.81867170 1.14347839 -0.11203533
v -0.81867170 1.14347839 -0.08402650
v -0.88429666 1.01311851 0.00000000
v -0.88429666 1.14347839 -0.05601767
v -0.88429666 1.07829845 0.00000000
v -0.88429666 1.14347839 -0.02800883
v -0.88429666 1.14347839 0.00000000
v -0.81867170 1.01311851 0.00000000
v -0.81867170 1.14347839 -0.05601767
v -0.81867170 1.07829845 0.00000000
v -0.81867170 1.14347839 -0.02800883
v -0.81867170 1.14347839 0.00000000
v -0.75304669 0.88275856 0.00000000
v -0.75304669 0.94793850 0.00000000
v -0.68742168 0.88275856 0.00000000
v -0.68742168 0.94793850 0.00000000
v -0.75304669 1.14347839 -0.11203533
v -0.75304669 1.14347839 -0.08402650
v -0.68742168 1.14347839 -0.11203533
v -0.68742168 1.14347839 -0.08402650
v -0.75304669 1.01311851 0.00000000
v -0.75304669 1.14347839 -0.05601767
v -0.75304669 1.07829845 0.00000000
v -0.75304669 1.14347839 -0.02800883
v -0.75304669 1.14347839 0.00000000
v -0.68742168 1.01311851 0.00000000
v -0.68742168 1.14347839 -0.05601767
v -0.68742168 1.07829845 0.00000000
v -0.68742168 1.14347839 -0.02800883
v -0.68742168 1.14347839 0.00000000
v -0.66321492 0.48507330 -0.38719589
v -0.68685782 0.50139302 -0.43193629
v -0.67104942 0.49759939 -0.43057579
v -0.68694538 0.53192258 -0.44256350
v -0.64482838 0.50871003 -0.43761230
v -0.60972738 0.57258272 -0.41523650
v -0.60239989 0.61837161 -0.39273199
v -0.62579179 0.52546310 -0.39119321
v -0.62642360 0.50618100 -0.34982309
v -0.64257729 0.47340080 -0.30529249
v -0.66576982 0.45907351 -0.27784240
v -0.65498620 0.44765329 -0.22557440
v -0.62095082 0.47400689 -0.25038520
v -0.61170930 0.50957578 -0.31150320
v -0.59995753 0.55328012 -0.32661209
v -0.60298610 0.51608300 -0.28032929
v -0.59714782 0.58906442 -0.32914269
v -0.59543419 0.55171078 -0.25082910
v -0.59822088 0.58253843 -0.24948160
v -0.61428988 0.61460191 -0.25051361
v -0.60698962 0.12562761 -0.13153040
v -0.53306288 0.10410870 -0.17085101
v -0.46268070 0.11485210 -0.16900820
v -0.53730071 0.15400180 -0.14158989
v -0.47355601 0.14557430 -0.15435781
v -0.43211159 0.17564200 -0.14236210
v -0.48247379 0.17533210 -0.13923579
v -0.46156099 0.20202410 -0.12386940
v -0.65686101 0.14683920 -0.09194490
v -0.68515712 0.15825041 -0.07691810
v -0.65149963 0.18513080 -0.08439850
v -0.64691222 0.22275840 -0.08611550
v -0.59839457 0.22451380 -0.08480850
v -0.58448207 0.17217210 -0.10977030
v -0.58128041 0.19979660 -0.09067240
v -0.68247759 0.29197040 -0.08471540
v -0.66189849 0.34062809 -0.08058800
v -0.62896442 0.33617711 -0.07820990
v -0.61795437 0.27064499 -0.08265180
v -0.59053153 0.32980490 -0.06984650
v -0.50574929 0.21122900 -0.10439010
v -0.43583560 0.21691351 -0.11184730
v -0.54690993 0.24222571 -0.06949540
v -0.54664153 0.27805969 -0.05995260
v -0.51808208 0.23808549 -0.07102740
v -0.46471331 0.24345849 -0.08128080
v -0.49103940 0.26506141 -0.04658110
v -0.50391078 0.28568649 -0.03981750
v -0.55004162 0.33101830 -0.05439960
v -0.52579790 0.33161590 -0.03859300
v -0.51429868 0.35752210 -0.01602920
v -0.50171721 0.35942516 0.00000000
v -0.44914630 0.26578319 -0.04721920
v -0.47353360 0.29059920 -0.01278950
v -0.46635342 0.29376945 0.00000000
v -0.45747384 0.28667390 0.00000000
v -0.44093102 0.27801773 0.00000000
v -0.42870843 0.27656305 0.00000000
v -0.48858890 0.32501659 -0.01051070
v -0.47629553 0.31437382 0.00000000
v -0.48798510 0.33812469 0.00000000
v -0.42492166 0.29613894 0.00000000
v -0.63512439 0.44344041 -0.18343779
v -0.61501408 0.46661729 -0.19499581
v -0.63622421 0.42386279 -0.12166900
v -0.68530571 0.42826140 -0.14412761
v -0.65946352 0.42693821 -0.14485930
v -0.60805422 0.45631251 -0.12663080
v -0.60192811 0.50708210 -0.21828111
v -0.59837753 0.52683389 -0.18386211
v -0.60097998 0.55028749 -0.17244630
v -0.61751717 0.59603852 -0.19397050
v -0.62799001 0.56818891 -0.12176510
v -0.64981568 0.59905899 -0.13277049
v -0.60207689 0.50192583 -0.14184850
v -0.61203313 0.54968488 -0.13378640
v -0.63977617 0.41025400 -0.09064850
v -0.66256541 0.38231719 -0.07545150
v -0.68071908 0.40163550 -0.08177810
v -0.62989628 0.39248380 -0.07429330
v -0.59484428 0.39278281 -0.06064870
v -0.60959941 0.42217389 -0.07241690
v -0.61635458 0.43060640 -0.11016810
v -0.60272539 0.46121600 -0.07405320
v -0.58250087 0.42192730 -0.03664590
v -0.59934789 0.46276131 -0.04181850
v -0.59932208 0.48853269 -0.01575520
v -0.57489341 0.46106681 -0.01825740
v -0.64899939 0.55440563 -0.05996940
v -0.67065871 0.58846682 -0.08884910
v -0.68507272 0.59569329 -0.09408850
v -0.60740459 0.50413781 -0.08930190
v -0.62313741 0.51896888 -0.04947860
v -0.66647869 0.54892713 -0.01906040
v -0.67505091 0.54746622 0.00000000
v -0.66734201 0.54399914 0.00000000
v -0.62607068 0.51594269 -0.01969380
v -0.62980735 0.52119702 0.00000000
v -0.64935046 0.52922958 0.00000000
v -0.62179667 0.55685878 0.00000000
v -0.61961210 0.52041781 0.00000000
v -0.60316879 0.50213486 0.00000000
v -0.59405196 0.50513846 0.00000000
v -0.58530605 0.49654388 0.00000000
v -0.57673323 0.50553727 0.00000000
v -0.56746328 0.49909499 -0.00636130
v -0.55887502 0.52959788 0.00000000
v -0.55617166 0.55685878 0.00000000
v -0.54311180 0.36733559 -0.03932180
v -0.54345930 0.40260330 -0.02709540
v -0.55097198 0.41929409 -0.02165810
v -0.50773704 0.39097595 0.00000000
v -0.49054667 0.36131889 0.00000000
v -0.51279598 0.39809221 -0.00458320
v -0.50640994 0.40371385 0.00000000
v -0.53684002 0.47668710 -0.01895030
v -0.52197713 0.43735251 -0.01072450
v -0.50677031 0.43072918 0.00000000
v -0.49054667 0.42649886 0.00000000
v -0.42492166 0.36131889 0.00000000
v -0.48411611 0.48559299 -0.03520870
v -0.48237300 0.45400009 -0.01799530
v -0.48437163 0.43618470 0.00000000
v -0.45990965 0.43917337 0.00000000
v -0.42492166 0.42649886 0.00000000
v -0.42885163 0.45617291 0.00000000
v -0.44125459 0.53096211 -0.07054310
v -0.43362439 0.55794251 -0.08384770
v -0.44230771 0.61543691 -0.07906120
v -0.54546976 0.55620295 0.00000000
v -0.52259427 0.55074698 -0.02403910
v -0.54053700 0.56880057 0.00000000
v -0.49421570 0.61866307 -0.02575470
v -0.52195823 0.59801614 0.00000000
v -0.51278341 0.60913914 0.00000000
v -0.48668471 0.53862351 -0.05020100
v -0.42867410 0.49682251 -0.05496910
v -0.36159340 0.11369640 -0.17636700
v -0.32594341 0.11377290 -0.17477310
v -0.41047671 0.13706350 -0.15649781
v -0.35980701 0.15656880 -0.14668530
v -0.38913259 0.17912160 -0.13219400
v -0.32505471 0.18036860 -0.11530880
v -0.27274320 0.11041800 -0.17403349
v -0.21154810 0.10757130 -0.19040430
v -0.16406110 0.11070120 -0.18935139
v -0.28355849 0.14515980 -0.15317790
v -0.22815460 0.14879370 -0.15059420
v -0.28587371 0.16813380 -0.13220800
v -0.17003050 0.14661840 -0.16632950
v -0.38517979 0.21088751 -0.11185580
v -0.34691849 0.19966590 -0.10286660
v -0.34923840 0.22351070 -0.08017050
v -0.31730351 0.22484609 -0.05712350
v -0.40746590 0.23539570 -0.09242360
v -0.40295741 0.25139400 -0.06785930
v -0.36954629 0.24079970 -0.07082150
v -0.40347749 0.26226881 -0.04035400
v -0.40644473 0.27283934 0.00000000
v -0.36176217 0.26471871 0.00000000
v -0.35929665 0.29613894 0.00000000
v -0.34127849 0.24875510 -0.03049400
v -0.35650474 0.26329207 0.00000000
v -0.33162954 0.25314426 0.00000000
v -0.30715930 0.24374072 0.00000000
v -0.29873106 0.23930673 0.00000000
v -0.29367167 0.29613894 0.00000000
v -0.26838949 0.20242099 -0.08715520
v -0.17711499 0.19276200 -0.10741220
v -0.18963970 0.20635170 -0.09231260
v -0.20302190 0.22611660 -0.05915550
v -0.25290701 0.22576320 -0.04324800
v -0.28692639 0.23879512 0.00000000
v -0.24587031 0.24103722 0.00000000
v -0.24478802 0.24116039 0.00000000
v -0.24264403 0.24160790 0.00000000
v -0.22804666 0.29613894 0.00000000
v -0.16242164 0.29613894 0.00000000
v -0.37384671 0.58928108 -0.11946850
v -0.32937551 0.59689683 -0.13328530
v -0.27586749 0.60264963 -0.14294380
v -0.23061150 0.59840059 -0.14021911
v -0.35929665 0.36131889 0.00000000
v -0.42300799 0.46391401 -0.02072050
v -0.39886981 0.46917081 0.00000000
v -0.35929665 0.42649886 0.00000000
v -0.37356722 0.48436484 0.00000000
v -0.29367167 0.36131889 0.00000000
v -0.29367167 0.42649886 0.00000000
v -0.37858891 0.55531788 -0.10228700
v -0.37963659 0.50566047 -0.06400250
v -0.41395199 0.60378069 -0.09993780
v -0.32501760 0.55266750 -0.10658280
v -0.30403900 0.53033513 -0.07424850
v -0.35929665 0.49167880 0.00000000
v -0.36407036 0.60419732 0.00000000
v -0.36303210 0.60286558 0.00000000
v -0.36066586 0.62168884 0.00000000
v -0.30315441 0.52083540 -0.04518480
v -0.35762700 0.49200061 -0.01969490
v -0.34291390 0.50341046 0.00000000
v -0.34113699 0.50491768 0.00000000
v -0.33933371 0.50548708 -0.00128370
v -0.33890724 0.50724381 0.00000000
v -0.29367167 0.49167880 0.00000000
v -0.30526519 0.53485012 0.00000000
v -0.34335905 0.59153318 0.00000000
v -0.32570645 0.58763206 0.00000000
v -0.29963905 0.58700138 0.00000000
v -0.22804666 0.36131889 0.00000000
v -0.22804666 0.42649886 0.00000000
v -0.16242164 0.36131889 0.00000000
v -0.16242164 0.42649886 0.00000000
v -0.23458730 0.55230242 -0.07589880
v -0.27280509 0.55911338 -0.10633740
v -0.17857081 0.57937372 -0.10798110
v -0.20874140 0.55962551 -0.06634180
v -0.21850060 0.60670692 -0.05869810
v -0.17296690 0.59349638 -0.06484250
v -0.25697091 0.54070163 -0.04056810
v -0.28480580 0.53901649 -0.01151850
v -0.29183927 0.54864967 0.00000000
v -0.22804666 0.49167880 0.00000000
v -0.27052686 0.56575751 0.00000000
v -0.26619145 0.57868350 0.00000000
v -0.26461470 0.57579035 0.00000000
v -0.28291789 0.59606957 -0.02033990
v -0.24529850 0.56702799 -0.01430910
v -0.25417551 0.57895458 -0.00501210
v -0.22804666 0.55685878 0.00000000
v -0.16242164 0.49167880 0.00000000
v -0.20511460 0.57166111 -0.04536340
v -0.22567420 0.59249580 -0.03080290
v -0.16242164 0.55685878 0.00000000
v -0.65924931 0.72168988 -0.43857399
v -0.64333898 0.69571221 -0.40726969
v -0.60597712 0.65442908 -0.44193849
v -0.61800683 0.65910399 -0.39376089
v -0.66837162 0.70312911 -0.37716091
v -0.65723252 0.67673153 -0.30575839
v -0.63619912 0.65638781 -0.29542559
v -0.68561602 0.69238412 -0.31674320
v -0.61208057 0.63114709 -0.31801319
v -0.68020183 0.67017788 -0.25274929
v -0.66226381 0.65326250 -0.23162889
v -0.62179667 1.14347839 -0.44814134
v -0.62179667 1.14347839 -0.42013252
v -0.55617166 1.14347839 -0.44814134
v -0.55617166 1.14347839 -0.42013252
v -0.62179667 1.14347839 -0.39212367
v -0.62179667 1.14347839 -0.36411485
v -0.55617166 1.14347839 -0.39212367
v -0.55617166 1.14347839 -0.36411485
v -0.49054667 1.14347839 -0.44814134
v -0.49054667 1.14347839 -0.42013252
v -0.42492166 1.14347839 -0.44814134
v -0.42492166 1.14347839 -0.42013252
v -0.49054667 1.14347839 -0.39212367
v -0.49054667 1.14347839 -0.36411485
v -0.42492166 1.14347839 -0.39212367
v -0.42492166 1.14347839 -0.36411485
v -0.62179667 1.14347839 -0.33610600
v -0.62179667 1.14347839 -0.30809718
v -0.55617166 1.14347839 -0.33610600
v -0.55617166 1.14347839 -0.30809718
v -0.62179667 1.14347839 -0.28008834
v -0.62179667 1.14347839 -0.25207952
v -0.55617166 1.14347839 -0.28008834
v -0.55617166 1.14347839 -0.25207952
v -0.49054667 1.14347839 -0.33610600
v -0.49054667 1.14347839 -0.30809718
v -0.42492166 1.14347839 -0.33610600
v -0.42492166 1.14347839 -0.30809718
v -0.49054667 1.14347839 -0.28008834
v -0.49054667 1.14347839 -0.25207952
v -0.42492166 1.14347839 -0.28008834
v -0.42492166 1.14347839 -0.25207952
v -0.17793670 0.76067221 -0.23414250
v -0.35929665 1.14347839 -0.44814134
v -0.35929665 1.14347839 -0.42013252
v -0.29367167 1.14347839 -0.44814134
v -0.29367167 1.14347839 -0.42013252
v -0.35929665 1.14347839 -0.39212367
v -0.35929665 1.14347839 -0.36411485
v -0.29367167 1.14347839 -0.39212367
v -0.29367167 1.14347839 -0.36411485
v -0.22804666 1.14347839 -0.44814134
v -0.22804666 1.14347839 -0.42013252
v -0.16242164 1.14347839 -0.44814134
v -0.16242164 1.14347839 -0.42013252
v -0.22804666 1.14347839 -0.39212367
v -0.22804666 1.14347839 -0.36411485
v -0.16242164 1.14347839 -0.39212367
v -0.16242164 1.14347839 -0.36411485
v -0.35929665 1.14347839 -0.33610600
v -0.35929665 1.14347839 -0.30809718
v -0.29367167 1.14347839 -0.33610600
v -0.29367167 1.14347839 -0.30809718
v -0.35929665 1.14347839 -0.28008834
v -0.35929665 1.14347839 -0.25207952
v -0.29367167 1.14347839 -0.28008834
v -0.29367167 1.14347839 -0.25207952
v -0.22804666 1.14347839 -0.33610600
v -0.22804666 1.14347839 -0.30809718
v -0.16242164 1.14347839 -0.33610600
v -0.16242164 1.14347839 -0.30809718
v -0.22804666 1.14347839 -0.28008834
v -0.22804666 1.14347839 -0.25207952
v -0.16242164 1.14347839 -0.28008834
v -0.16242164 1.14347839 -0.25207952
v -0.64390498 0.62864482 -0.19983430
v -0.67129552 0.62889189 -0.16646160
v -0.62179667 0.62203872 0.00000000
v -0.62179667 0.68721867 0.00000000
v -0.55617166 0.62203872 0.00000000
v -0.55617166 0.68721867 0.00000000
v -0.62179667 0.75239867 0.00000000
v -0.62179667 0.81757861 0.00000000
v -0.55617166 0.75239867 0.00000000
v -0.55617166 0.81757861 0.00000000
v -0.49054667 0.68721867 0.00000000
v -0.47022650 0.62817132 -0.04890930
v -0.46964669 0.64912403 -0.02441630
v -0.48812678 0.63218039 0.00000000
v -0.45091218 0.65888941 0.00000000
v -0.43987083 0.66742188 0.00000000
v -0.43202326 0.67160892 0.00000000
v -0.42492166 0.68721867 0.00000000
v -0.49054667 0.75239867 0.00000000
v -0.49054667 0.81757861 0.00000000
v -0.42492166 0.75239867 0.00000000
v -0.42492166 0.81757861 0.00000000
v -0.62179667 1.14347839 -0.22407067
v -0.62179667 1.14347839 -0.19606183
v -0.55617166 1.14347839 -0.22407067
v -0.55617166 1.14347839 -0.19606183
v -0.62179667 1.14347839 -0.16805300
v -0.62179667 1.14347839 -0.14004417
v -0.55617166 1.14347839 -0.16805300
v -0.55617166 1.14347839 -0.14004417
v -0.49054667 1.14347839 -0.22407067
v -0.49054667 1.14347839 -0.19606183
v -0.42492166 1.14347839 -0.22407067
v -0.42492166 1.14347839 -0.19606183
v -0.49054667 1.14347839 -0.16805300
v -0.49054667 1.14347839 -0.14004417
v -0.42492166 1.14347839 -0.16805300
v -0.42492166 1.14347839 -0.14004417
v -0.62179667 0.88275856 0.00000000
v -0.62179667 0.94793850 0.00000000
v -0.55617166 0.88275856 0.00000000
v -0.55617166 0.94793850 0.00000000
v -0.62179667 1.14347839 -0.11203533
v -0.62179667 1.14347839 -0.08402650
v -0.55617166 1.14347839 -0.11203533
v -0.55617166 1.14347839 -0.08402650
v -0.62179667 1.01311851 0.00000000
v -0.62179667 1.14347839 -0.05601767
v -0.62179667 1.07829845 0.00000000
v -0.62179667 1.14347839 -0.02800883
v -0.62179667 1.14347839 0.00000000
v -0.55617166 1.01311851 0.00000000
v -0.55617166 1.14347839 -0.05601767
v -0.55617166 1.07829845 0.00000000
v -0.55617166 1.14347839 -0.02800883
v -0.55617166 1.14347839 0.00000000
v -0.49054667 0.88275856 0.00000000
v -0.49054667 0.94793850 0.00000000
v -0.42492166 0.88275856 0.00000000
v -0.42492166 0.94793850 0.00000000
v -0.49054667 1.14347839 -0.11203533
v -0.49054667 1.14347839 -0.08402650
v -0.42492166 1.14347839 -0.11203533
v -0.42492166 1.14347839 -0.08402650
v -0.49054667 1.01311851 0.00000000
v -0.49054667 1.14347839 -0.05601767
v -0.49054667 1.07829845 0.00000000
v -0.49054667 1.14347839 -0.02800883
v -0.49054667 1.14347839 0.00000000
v -0.42492166 1.01311851 0.00000000
v -0.42492166 1.14347839 -0.05601767
v -0.42492166 1.07829845 0.00000000
v -0.42492166 1.14347839 -0.02800883
v -0.42492166 1.14347839 0.00000000
v -0.36052459 0.62590718 -0.13173930
v -0.37788451 0.66679728 -0.11528170
v -0.29950050 0.64385009 -0.15701120
v -0.32250530 0.67785442 -0.14935289
v -0.33015519 0.72197711 -0.12869890
v -0.31659460 0.75263047 -0.11240840
v -0.26679409 0.67721927 -0.17566229
v -0.26211911 0.71128082 -0.17922451
v -0.18763500 0.68314338 -0.20296730
v -0.22675911 0.66222501 -0.18197000
v -0.19159921 0.63175011 -0.17023461
v -0.20459171 0.72671932 -0.21246350
v -0.23556180 0.74619102 -0.11329940
v -0.19056310 0.66265237 -0.12588000
v -0.17911559 0.74231762 -0.16476820
v -0.22115810 0.71714479 -0.12984540
v -0.23723949 0.77641141 -0.18104260
v -0.20704190 0.77368522 -0.21009891
v -0.22524120 0.80719697 -0.17327040
v -0.17371491 0.78338832 -0.17501470
v -0.17175440 0.83117598 -0.22282870
v -0.18064360 0.84251392 -0.19575410
v -0.16696480 0.84347838 -0.19313291
v -0.25057760 0.80221993 -0.13090830
v -0.19931179 0.79881352 -0.13823640
v -0.21314681 0.80954409 -0.11692820
v -0.20196480 0.83339858 -0.14537349
v -0.17771870 0.82840329 -0.16566570
v -0.42337039 0.67486823 -0.07059820
v -0.38205820 0.71647209 -0.07323370
v -0.40632951 0.68260539 0.00000000
v -0.35929665 0.62203872 0.00000000
v -0.40829229 0.69962358 -0.04040990
v -0.37719721 0.69494432 0.00000000
v -0.35930768 0.69222313 0.00000000
v -0.36250275 0.69691259 0.00000000
v -0.36038390 0.70711517 -0.00837470
v -0.30531970 0.64454532 -0.05541400
v -0.34032679 0.63020867 -0.02591850
v -0.35709670 0.64299929 0.00000000
v -0.35428679 0.64437938 -0.00272300
v -0.35487807 0.64877009 0.00000000
v -0.29367167 0.62203872 0.00000000
v -0.29367167 0.68721867 0.00000000
v -0.34345031 0.73674572 -0.04705770
v -0.32891640 0.73689198 -0.03603230
v -0.34320572 0.68817043 0.00000000
v -0.33249629 0.70205152 -0.00949470
v -0.31513271 0.72738367 -0.02509010
v -0.32554349 0.75403953 -0.07907960
v -0.35929665 0.75239867 0.00000000
v -0.35929665 0.81757861 0.00000000
v -0.29367167 0.75239867 0.00000000
v -0.29367167 0.81757861 0.00000000
v -0.24109890 0.68217957 -0.10952970
v -0.29132399 0.68026412 -0.07114460
v -0.29071701 0.70414293 -0.06148300
v -0.19263729 0.62984067 -0.09657840
v -0.29342201 0.62582028 -0.05151940
v -0.22804666 0.62203872 0.00000000
v -0.22804666 0.68721867 0.00000000
v -0.28207111 0.73910391 -0.05437100
v -0.16242164 0.62203872 0.00000000
v -0.16242164 0.68721867 0.00000000
v -0.23305370 0.81266659 -0.11160880
v -0.23554470 0.78520608 -0.09504300
v -0.27454409 0.78267479 -0.07586030
v -0.25587821 0.78592318 -0.07812460
v -0.28998801 0.75758612 -0.05061720
v -0.22804666 0.75239867 0.00000000
v -0.22804666 0.81757861 0.00000000
v -0.16242164 0.75239867 0.00000000
v -0.16242164 0.81757861 0.00000000
v -0.35929665 1.14347839 -0.22407067
v -0.35929665 1.14347839 -0.19606183
v -0.29367167 1.14347839 -0.22407067
v -0.29367167 1.14347839 -0.19606183
v -0.35929665 1.14347839 -0.16805300
v -0.35929665 1.14347839 -0.14004417
v -0.29367167 1.14347839 -0.16805300
v -0.29367167 1.14347839 -0.14004417
v -0.22804666 1.14347839 -0.22407067
v -0.22804666 1.14347839 -0.19606183
v -0.16242164 1.14347839 -0.22407067
v -0.16242164 1.14347839 -0.19606183
v -0.22804666 1.14347839 -0.16805300
v -0.22804666 1.14347839 -0.14004417
v -0.16242164 1.14347839 -0.16805300
v -0.16242164 1.14347839 -0.14004417
v -0.35929665 0.88275856 0.00000000
v -0.35929665 0.94793850 0.00000000
v -0.29367167 0.88275856 0.00000000
v -0.29367167 0.94793850 0.00000000
v -0.35929665 1.14347839 -0.11203533
v -0.35929665 1.14347839 -0.08402650
v -0.29367167 1.14347839 -0.11203533
v -0.29367167 1.14347839 -0.08402650
v -0.35929665 1.01311851 0.00000000
v -0.35929665 1.14347839 -0.05601767
v -0.35929665 1.07829845 0.00000000
v -0.35929665 1.14347839 -0.02800883
v -0.35929665 1.14347839 0.00000000
v -0.29367167 1.01311851 0.00000000
v -0.29367167 1.14347839 -0.05601767
v -0.29367167 1.07829845 0.00000000
v -0.29367167 1.14347839 -0.02800883
v -0.29367167 1.14347839 0.00000000
v -0.22804666 0.88275856 0.00000000
v -0.22804666 0.94793850 0.00000000
v -0.16242164 0.88275856 0.00000000
v -0.16242164 0.94793850 0.00000000
v -0.22804666 1.14347839 -0.11203533
v -0.22804666 1.14347839 -0.08402650
v -0.16242164 1.14347839 -0.11203533
v -0.16242164 1.14347839 -0.08402650
v -0.22804666 1.01311851 0.00000000
v -0.22804666 1.14347839 -0.05601767
v -0.22804666 1.07829845 0.00000000
v -0.22804666 1.14347839 -0.02800883
v -0.22804666 1.14347839 0.00000000
v -0.16242164 1.01311851 0.00000000
v -0.16242164 1.14347839 -0.05601767
v -0.16242164 1.07829845 0.00000000
v -0.16242164 1.14347839 -0.02800883
v -0.16242164 1.14347839 0.00000000
v -0.09679665 -0.94228029 -0.89628267
v -0.09679665 -0.94228029 -0.86827385
v -0.09679665 -0.87710035 -0.89628267
v -0.09679665 -0.94228029 -0.84026504
v -0.09679665 -0.81192040 -0.89628267
v -0.03117164 -0.94228029 -0.89628267
v -0.03117164 -0.94228029 -0.86827385
v -0.03117164 -0.87710035 -0.89628267
v -0.03117164 -0.94228029 -0.84026504
v -0.03117164 -0.81192040 -0.89628267
v -0.09679665 -0.94228029 -0.81225622
v -0.03117164 -0.94228029 -0.81225622
v -0.09679665 -0.74674040 -0.89628267
v -0.03117164 -0.74674040 -0.89628267
v 0.03445336 -0.94228029 -0.89628267
v 0.03445336 -0.94228029 -0.86827385
v 0.03445336 -0.87710035 -0.89628267
v 0.03445336 -0.94228029 -0.84026504
v 0.03445336 -0.81192040 -0.89628267
v 0.10007836 -0.94228029 -0.89628267
v 0.10007836 -0.94228029 -0.86827385
v 0.10007836 -0.87710035 -0.89628267
v 0.10007836 -0.94228029 -0.84026504
v 0.10007836 -0.81192040 -0.89628267
v 0.03445336 -0.94228029 -0.81225622
v 0.10007836 -0.94228029 -0.81225622
v 0.03445336 -0.74674040 -0.89628267
v 0.10007836 -0.74674040 -0.89628267
v -0.09679665 -0.94228029 -0.78424734
v -0.09679665 -0.94228029 -0.75623852
v -0.09679665 -0.94228029 -0.72822970
v -0.03117164 -0.94228029 -0.78424734
v -0.03117164 -0.94228029 -0.75623852
v -0.03117164 -0.94228029 -0.72822970
v -0.09679665 -0.94228029 -0.70022088
v -0.03117164 -0.94228029 -0.70022088
v 0.03445336 -0.94228029 -0.78424734
v 0.03445336 -0.94228029 -0.75623852
v 0.03445336 -0.94228029 -0.72822970
v 0.10007836 -0.94228029 -0.78424734
v 0.10007836 -0.94228029 -0.75623852
v 0.10007836 -0.94228029 -0.72822970
v 0.03445336 -0.94228029 -0.70022088
v 0.10007836 -0.94228029 -0.70022088
v -0.09679665 -0.68156046 -0.89628267
v -0.09679665 -0.61638051 -0.89628267
v -0.09679665 -0.55120057 -0.89628267
v -0.03117164 -0.68156046 -0.89628267
v -0.03117164 -0.61638051 -0.89628267
v -0.03117164 -0.55120057 -0.89628267
v -0.09679665 -0.48602059 -0.89628267
v -0.03117164 -0.48602059 -0.89628267
v 0.03445336 -0.68156046 -0.89628267
v 0.03445336 -0.61638051 -0.89628267
v 0.03445336 -0.55120057 -0.89628267
v 0.10007836 -0.68156046 -0.89628267
v 0.10007836 -0.61638051 -0.89628267
v 0.10007836 -0.55120057 -0.89628267
v 0.03445336 -0.48602059 -0.89628267
v 0.10007836 -0.48602059 -0.89628267
v 0.16570337 -0.94228029 -0.89628267
v 0.16570337 -0.94228029 -0.86827385
v 0.16570337 -0.87710035 -0.89628267
v 0.16570337 -0.94228029 -0.84026504
v 0.16570337 -0.81192040 -0.89628267
v 0.23132837 -0.94228029 -0.89628267
v 0.23132837 -0.94228029 -0.86827385
v 0.23132837 -0.87710035 -0.89628267
v 0.23132837 -0.94228029 -0.84026504
v 0.23132837 -0.81192040 -0.89628267
v 0.16570337 -0.94228029 -0.81225622
v 0.23132837 -0.94228029 -0.81225622
v 0.16570337 -0.74674040 -0.89628267
v 0.23132837 -0.74674040 -0.89628267
v 0.29695338 -0.94228029 -0.89628267
v 0.29695338 -0.94228029 -0.86827385
v 0.29695338 -0.87710035 -0.89628267
v 0.29695338 -0.94228029 -0.84026504
v 0.29695338 -0.81192040 -0.89628267
v 0.36257836 -0.94228029 -0.89628267
v 0.36257836 -0.94228029 -0.86827385
v 0.36257836 -0.87710035 -0.89628267
v 0.36257836 -0.94228029 -0.84026504
v 0.36257836 -0.81192040 -0.89628267
v 0.29695338 -0.94228029 -0.81225622
v 0.36257836 -0.94228029 -0.81225622
v 0.29695338 -0.74674040 -0.89628267
v 0.36257836 -0.74674040 -0.89628267
v 0.16570337 -0.94228029 -0.78424734
v 0.16570337 -0.94228029 -0.75623852
v 0.16570337 -0.94228029 -0.72822970
v 0.23132837 -0.94228029 -0.78424734
v 0.23132837 -0.94228029 -0.75623852
v 0.23132837 -0.94228029 -0.72822970
v 0.16570337 -0.94228029 -0.70022088
v 0.23132837 -0.94228029 -0.70022088
v 0.29695338 -0.94228029 -0.78424734
v 0.29695338 -0.94228029 -0.75623852
v 0.29695338 -0.94228029 -0.72822970
v 0.36257836 -0.94228029 -0.78424734
v 0.36257836 -0.94228029 -0.75623852
v 0.36257836 -0.94228029 -0.72822970
v 0.29695338 -0.94228029 -0.70022088
v 0.36257836 -0.94228029 -0.70022088
v 0.16570337 -0.68156046 -0.89628267
v 0.16570337 -0.61638051 -0.89628267
v 0.16570337 -0.55120057 -0.89628267
v 0.23132837 -0.68156046 -0.89628267
v 0.23132837 -0.61638051 -0.89628267
v 0.23132837 -0.55120057 -0.89628267
v 0.16570337 -0.48602059 -0.89628267
v 0.23132837 -0.48602059 -0.89628267
v 0.29695338 -0.68156046 -0.89628267
v 0.29695338 -0.61638051 -0.89628267
v 0.29695338 -0.55120057 -0.89628267
v 0.36257836 -0.68156046 -0.89628267
v 0.36257836 -0.61638051 -0.89628267
v 0.36257836 -0.55120057 -0.89628267
v 0.29695338 -0.48602059 -0.89628267
v 0.36257836 -0.48602059 -0.89628267
v -0.09679665 -0.94228029 -0.67221200
v -0.09679665 -0.94228029 -0.64420319
v -0.09679665 -0.94228029 -0.61619437
v -0.03117164 -0.94228029 -0.67221200
v -0.03117164 -0.94228029 -0.64420319
v -0.03117164 -0.94228029 -0.61619437
v -0.09679665 -0.94228029 -0.58818555
v -0.03117164 -0.94228029 -0.58818555
v 0.03445336 -0.94228029 -0.67221200
v 0.03445336 -0.94228029 -0.64420319
v 0.03445336 -0.94228029 -0.61619437
v 0.10007836 -0.94228029 -0.67221200
v 0.10007836 -0.94228029 -0.64420319
v 0.10007836 -0.94228029 -0.61619437
v 0.03445336 -0.94228029 -0.58818555
v 0.10007836 -0.94228029 -0.58818555
v -0.09679665 -0.94228029 -0.56017667
v -0.09679665 -0.94228029 -0.53216785
v -0.09679665 -0.94228029 -0.50415903
v -0.03117164 -0.94228029 -0.56017667
v -0.03117164 -0.94228029 -0.53216785
v -0.03117164 -0.94228029 -0.50415903
v -0.09679665 -0.94228029 -0.47615018
v -0.03117164 -0.94228029 -0.47615018
v 0.03445336 -0.94228029 -0.56017667
v 0.03445336 -0.94228029 -0.53216785
v 0.03445336 -0.94228029 -0.50415903
v 0.10007836 -0.94228029 -0.56017667
v 0.10007836 -0.94228029 -0.53216785
v 0.10007836 -0.94228029 -0.50415903
v 0.03445336 -0.94228029 -0.47615018
v 0.10007836 -0.94228029 -0.47615018
v 0.16570337 -0.94228029 -0.67221200
v 0.16570337 -0.94228029 -0.64420319
v 0.16570337 -0.94228029 -0.61619437
v 0.23132837 -0.94228029 -0.67221200
v 0.23132837 -0.94228029 -0.64420319
v 0.23132837 -0.94228029 -0.61619437
v 0.16570337 -0.94228029 -0.58818555
v 0.23132837 -0.94228029 -0.58818555
v 0.29695338 -0.94228029 -0.67221200
v 0.29695338 -0.94228029 -0.64420319
v 0.29695338 -0.94228029 -0.61619437
v 0.36257836 -0.94228029 -0.67221200
v 0.36257836 -0.94228029 -0.64420319
v 0.36257836 -0.94228029 -0.61619437
v 0.29695338 -0.94228029 -0.58818555
v 0.36257836 -0.94228029 -0.58818555
v 0.16570337 -0.94228029 -0.56017667
v 0.16570337 -0.94228029 -0.53216785
v 0.16570337 -0.94228029 -0.50415903
v 0.23132837 -0.94228029 -0.56017667
v 0.23132837 -0.94228029 -0.53216785
v 0.23132837 -0.94228029 -0.50415903
v 0.16570337 -0.94228029 -0.47615018
v 0.23132837 -0.94228029 -0.47615018
v 0.29695338 -0.94228029 -0.56017667
v 0.29695338 -0.94228029 -0.53216785
v 0.29695338 -0.94228029 -0.50415903
v 0.36257836 -0.94228029 -0.56017667
v 0.36257836 -0.94228029 -0.53216785
v 0.36257836 -0.94228029 -0.50415903
v 0.29695338 -0.94228029 -0.47615018
v 0.36257836 -0.94228029 -0.47615018
v -0.09679665 -0.42084062 -0.89628267
v -0.09679665 -0.35566068 -0.89628267
v -0.03117164 -0.42084062 -0.89628267
v -0.03117164 -0.35566068 -0.89628267
v -0.09679665 -0.29048070 -0.89628267
v -0.09679665 -0.22530074 -0.89628267
v -0.03117164 -0.29048070 -0.89628267
v -0.03117164 -0.22530074 -0.89628267
v 0.03445336 -0.42084062 -0.89628267
v 0.03445336 -0.35566068 -0.89628267
v 0.10007836 -0.42084062 -0.89628267
v 0.10007836 -0.35566068 -0.89628267
v 0.03445336 -0.29048070 -0.89628267
v 0.03445336 -0.22530074 -0.89628267
v 0.10007836 -0.29048070 -0.89628267
v 0.10007836 -0.22530074 -0.89628267
v -0.09679665 -0.16012079 -0.89628267
v -0.09679665 -0.09494083 -0.89628267
v -0.09679665 -0.02976087 -0.89628267
v -0.03117164 -0.16012079 -0.89628267
v -0.03117164 -0.09494083 -0.89628267
v -0.03117164 -0.02976087 -0.89628267
v -0.09679665 0.03541909 -0.89628267
v -0.03117164 0.03541909 -0.89628267
v 0.03445336 -0.16012079 -0.89628267
v 0.03445336 -0.09494083 -0.89628267
v 0.03445336 -0.02976087 -0.89628267
v 0.10007836 -0.16012079 -0.89628267
v 0.10007836 -0.09494083 -0.89628267
v 0.10007836 -0.02976087 -0.89628267
v 0.03445336 0.03541909 -0.89628267
v 0.10007836 0.03541909 -0.89628267
v 0.16570337 -0.42084062 -0.89628267
v 0.16570337 -0.35566068 -0.89628267
v 0.23132837 -0.42084062 -0.89628267
v 0.23132837 -0.35566068 -0.89628267
v 0.16570337 -0.29048070 -0.89628267
v 0.16570337 -0.22530074 -0.89628267
v 0.23132837 -0.29048070 -0.89628267
v 0.23132837 -0.22530074 -0.89628267
v 0.29695338 -0.42084062 -0.89628267
v 0.29695338 -0.35566068 -0.89628267
v 0.36257836 -0.42084062 -0.89628267
v 0.36257836 -0.35566068 -0.89628267
v 0.29695338 -0.29048070 -0.89628267
v 0.29695338 -0.22530074 -0.89628267
v 0.36257836 -0.29048070 -0.89628267
v 0.36257836 -0.22530074 -0.89628267
v 0.16570337 -0.16012079 -0.89628267
v 0.16570337 -0.09494083 -0.89628267
v 0.16570337 -0.02976087 -0.89628267
v 0.23132837 -0.16012079 -0.89628267
v 0.23132837 -0.09494083 -0.89628267
v 0.23132837 -0.02976087 -0.89628267
v 0.16570337 0.03541909 -0.89628267
v 0.23132837 0.03541909 -0.89628267
v 0.29695338 -0.16012079 -0.89628267
v 0.29695338 -0.09494083 -0.89628267
v 0.29695338 -0.02976087 -0.89628267
v 0.36257836 -0.16012079 -0.89628267
v 0.36257836 -0.09494083 -0.89628267
v 0.36257836 -0.02976087 -0.89628267
v 0.29695338 0.03541909 -0.89628267
v 0.36257836 0.03541909 -0.89628267
v 0.42820337 -0.94228029 -0.89628267
v 0.42820337 -0.94228029 -0.86827385
v 0.42820337 -0.87710035 -0.89628267
v 0.42820337 -0.94228029 -0.84026504
v 0.42820337 -0.81192040 -0.89628267
v 0.49382839 -0.94228029 -0.89628267
v 0.49382839 -0.94228029 -0.86827385
v 0.49382839 -0.87710035 -0.89628267
v 0.49382839 -0.94228029 -0.84026504
v 0.49382839 -0.81192040 -0.89628267
v 0.42820337 -0.94228029 -0.81225622
v 0.49382839 -0.94228029 -0.81225622
v 0.42820337 -0.74674040 -0.89628267
v 0.49382839 -0.74674040 -0.89628267
v 0.55945337 -0.94228029 -0.89628267
v 0.55945337 -0.94228029 -0.86827385
v 0.55945337 -0.87710035 -0.89628267
v 0.55945337 -0.94228029 -0.84026504
v 0.55945337 -0.81192040 -0.89628267
v 0.62507838 -0.94228029 -0.89628267
v 0.62507838 -0.94228029 -0.86827385
v 0.62507838 -0.87710035 -0.89628267
v 0.62507838 -0.94228029 -0.84026504
v 0.62507838 -0.81192040 -0.89628267
v 0.55945337 -0.94228029 -0.81225622
v 0.62507838 -0.94228029 -0.81225622
v 0.55945337 -0.74674040 -0.89628267
v 0.62507838 -0.74674040 -0.89628267
v 0.42820337 -0.94228029 -0.78424734
v 0.42820337 -0.94228029 -0.75623852
v 0.42820337 -0.94228029 -0.72822970
v 0.49382839 -0.94228029 -0.78424734
v 0.49382839 -0.94228029 -0.75623852
v 0.49382839 -0.94228029 -0.72822970
v 0.42820337 -0.94228029 -0.70022088
v 0.49382839 -0.94228029 -0.70022088
v 0.55945337 -0.94228029 -0.78424734
v 0.55945337 -0.94228029 -0.75623852
v 0.55945337 -0.94228029 -0.72822970
v 0.62507838 -0.94228029 -0.78424734
v 0.62507838 -0.94228029 -0.75623852
v 0.62507838 -0.94228029 -0.72822970
v 0.55945337 -0.94228029 -0.70022088
v 0.62507838 -0.94228029 -0.70022088
v 0.42820337 -0.68156046 -0.89628267
v 0.42820337 -0.61638051 -0.89628267
v 0.42820337 -0.55120057 -0.89628267
v 0.49382839 -0.68156046 -0.89628267
v 0.49382839 -0.61638051 -0.89628267
v 0.49382839 -0.55120057 -0.89628267
v 0.42820337 -0.48602059 -0.89628267
v 0.49382839 -0.48602059 -0.89628267
v 0.55945337 -0.68156046 -0.89628267
v 0.55945337 -0.61638051 -0.89628267
v 0.55945337 -0.55120057 -0.89628267
v 0.62507838 -0.68156046 -0.89628267
v 0.62507838 -0.61638051 -0.89628267
v 0.62507838 -0.55120057 -0.89628267
v 0.55945337 -0.48602059 -0.89628267
v 0.62507838 -0.48602059 -0.89628267
v 0.69070339 -0.94228029 -0.89628267
v 0.69070339 -0.94228029 -0.86827385
v 0.69070339 -0.87710035 -0.89628267
v 0.69070339 -0.94228029 -0.84026504
v 0.69070339 -0.81192040 -0.89628267
v 0.75632840 -0.94228029 -0.89628267
v 0.75632840 -0.94228029 -0.86827385
v 0.75632840 -0.87710035 -0.89628267
v 0.75632840 -0.94228029 -0.84026504
v 0.75632840 -0.81192040 -0.89628267
v 0.69070339 -0.94228029 -0.81225622
v 0.75632840 -0.94228029 -0.81225622
v 0.69070339 -0.74674040 -0.89628267
v 0.75632840 -0.74674040 -0.89628267
v 0.82195342 -0.94228029 -0.89628267
v 0.82195342 -0.94228029 -0.86827385
v 0.82195342 -0.87710035 -0.89628267
v 0.82195342 -0.94228029 -0.84026504
v 0.82195342 -0.81192040 -0.89628267
v 0.88757843 -0.94228029 -0.89628267
v 0.88757843 -0.94228029 -0.86827385
v 0.88757843 -0.87710035 -0.89628267
v 0.88757843 -0.87710035 -0.86827385
v 0.88757843 -0.94228029 -0.84026504
v 0.88757843 -0.87710035 -0.84026504
v 0.88757843 -0.81192040 -0.89628267
v 0.88757843 -0.81192040 -0.86827385
v 0.88757843 -0.81192040 -0.84026504
v 0.82195342 -0.94228029 -0.81225622
v 0.88757843 -0.94228029 -0.81225622
v 0.88757843 -0.87710035 -0.81225622
v 0.88757843 -0.81192040 -0.81225622
v 0.82195342 -0.74674040 -0.89628267
v 0.88757843 -0.74674040 -0.89628267
v 0.88757843 -0.74674040 -0.86827385
v 0.88757843 -0.74674040 -0.84026504
v 0.88757843 -0.74674040 -0.81225622
v 0.69070339 -0.94228029 -0.78424734
v 0.69070339 -0.94228029 -0.75623852
v 0.69070339 -0.94228029 -0.72822970
v 0.75632840 -0.94228029 -0.78424734
v 0.75632840 -0.94228029 -0.75623852
v 0.75632840 -0.94228029 -0.72822970
v 0.69070339 -0.94228029 -0.70022088
v 0.75632840 -0.94228029 -0.70022088
v 0.82195342 -0.94228029 -0.78424734
v 0.82195342 -0.94228029 -0.75623852
v 0.82195342 -0.94228029 -0.72822970
v 0.88757843 -0.94228029 -0.78424734
v 0.88757843 -0.94228029 -0.75623852
v 0.88757843 -0.87710035 -0.78424734
v 0.88757843 -0.87710035 -0.75623852
v 0.88757843 -0.94228029 -0.72822970
v 0.88757843 -0.87710035 -0.72822970
v 0.88757843 -0.81192040 -0.78424734
v 0.88757843 -0.81192040 -0.75623852
v 0.88757843 -0.81192040 -0.72822970
v 0.82195342 -0.94228029 -0.70022088
v 0.88757843 -0.94228029 -0.70022088
v 0.88757843 -0.87710035 -0.70022088
v 0.88757843 -0.81192040 -0.70022088
v 0.88757843 -0.74674040 -0.78424734
v 0.88757843 -0.74674040 -0.75623852
v 0.88757843 -0.74674040 -0.72822970
v 0.88757843 -0.74674040 -0.70022088
v 0.69070339 -0.68156046 -0.89628267
v 0.69070339 -0.61638051 -0.89628267
v 0.69070339 -0.55120057 -0.89628267
v 0.75632840 -0.68156046 -0.89628267
v 0.75632840 -0.61638051 -0.89628267
v 0.75632840 -0.55120057 -0.89628267
v 0.69070339 -0.48602059 -0.89628267
v 0.75632840 -0.48602059 -0.89628267
v 0.82195342 -0.68156046 -0.89628267
v 0.82195342 -0.61638051 -0.89628267
v 0.82195342 -0.55120057 -0.89628267
v 0.88757843 -0.68156046 -0.89628267
v 0.88757843 -0.68156046 -0.86827385
v 0.88757843 -0.61638051 -0.89628267
v 0.88757843 -0.61638051 -0.86827385
v 0.88757843 -0.68156046 -0.84026504
v 0.88757843 -0.61638051 -0.84026504
v 0.88757843 -0.55120057 -0.89628267
v 0.88757843 -0.55120057 -0.86827385
v 0.88757843 -0.55120057 -0.84026504
v 0.88757843 -0.68156046 -0.81225622
v 0.88757843 -0.61638051 -0.81225622
v 0.88757843 -0.55120057 -0.81225622
v 0.82195342 -0.48602059 -0.89628267
v 0.88757843 -0.48602059 -0.89628267
v 0.88757843 -0.48602059 -0.86827385
v 0.88757843 -0.48602059 -0.84026504
v 0.88757843 -0.48602059 -0.81225622
v 0.88757843 -0.68156046 -0.78424734
v 0.88757843 -0.68156046 -0.75623852
v 0.88757843 -0.61638051 -0.78424734
v 0.88757843 -0.61638051 -0.75623852
v 0.88757843 -0.68156046 -0.72822970
v 0.88757843 -0.61638051 -0.72822970
v 0.88757843 -0.55120057 -0.78424734
v 0.88757843 -0.55120057 -0.75623852
v 0.88757843 -0.55120057 -0.72822970
v 0.88757843 -0.68156046 -0.70022088
v 0.88757843 -0.61638051 -0.70022088
v 0.88757843 -0.55120057 -0.70022088
v 0.88757843 -0.48602059 -0.78424734
v 0.88757843 -0.48602059 -0.75623852
v 0.88757843 -0.48602059 -0.72822970
v 0.88757843 -0.48602059 -0.70022088
v 0.42820337 -0.94228029 -0.67221200
v 0.42820337 -0.94228029 -0.64420319
v 0.42820337 -0.94228029 -0.61619437
v 0.49382839 -0.94228029 -0.67221200
v 0.49382839 -0.94228029 -0.64420319
v 0.49382839 -0.94228029 -0.61619437
v 0.42820337 -0.94228029 -0.58818555
v 0.49382839 -0.94228029 -0.58818555
v 0.55945337 -0.94228029 -0.67221200
v 0.55945337 -0.94228029 -0.64420319
v 0.55945337 -0.94228029 -0.61619437
v 0.62507838 -0.94228029 -0.67221200
v 0.62507838 -0.94228029 -0.64420319
v 0.62507838 -0.94228029 -0.61619437
v 0.55945337 -0.94228029 -0.58818555
v 0.62507838 -0.94228029 -0.58818555
v 0.42820337 -0.94228029 -0.56017667
v 0.42820337 -0.94228029 -0.53216785
v 0.42820337 -0.94228029 -0.50415903
v 0.49382839 -0.94228029 -0.56017667
v 0.49382839 -0.94228029 -0.53216785
v 0.49382839 -0.94228029 -0.50415903
v 0.42820337 -0.94228029 -0.47615018
v 0.49382839 -0.94228029 -0.47615018
v 0.55945337 -0.94228029 -0.56017667
v 0.55945337 -0.94228029 -0.53216785
v 0.55945337 -0.94228029 -0.50415903
v 0.62507838 -0.94228029 -0.56017667
v 0.62507838 -0.94228029 -0.53216785
v 0.62507838 -0.94228029 -0.50415903
v 0.55945337 -0.94228029 -0.47615018
v 0.62507838 -0.94228029 -0.47615018
v 0.69070339 -0.94228029 -0.67221200
v 0.69070339 -0.94228029 -0.64420319
v 0.69070339 -0.94228029 -0.61619437
v 0.75632840 -0.94228029 -0.67221200
v 0.75632840 -0.94228029 -0.64420319
v 0.75632840 -0.94228029 -0.61619437
v 0.69070339 -0.94228029 -0.58818555
v 0.75632840 -0.94228029 -0.58818555
v 0.82195342 -0.94228029 -0.67221200
v 0.82195342 -0.94228029 -0.64420319
v 0.82195342 -0.94228029 -0.61619437
v 0.88757843 -0.94228029 -0.67221200
v 0.88757843 -0.94228029 -0.64420319
v 0.88757843 -0.87710035 -0.67221200
v 0.88757843 -0.87710035 -0.64420319
v 0.88757843 -0.94228029 -0.61619437
v 0.88757843 -0.87710035 -0.61619437
v 0.88757843 -0.81192040 -0.67221200
v 0.88757843 -0.81192040 -0.64420319
v 0.88757843 -0.81192040 -0.61619437
v 0.82195342 -0.94228029 -0.58818555
v 0.88757843 -0.94228029 -0.58818555
v 0.88757843 -0.87710035 -0.58818555
v 0.88757843 -0.81192040 -0.58818555
v 0.88757843 -0.74674040 -0.67221200
v 0.88757843 -0.74674040 -0.64420319
v 0.88757843 -0.74674040 -0.61619437
v 0.88757843 -0.74674040 -0.58818555
v 0.69070339 -0.94228029 -0.56017667
v 0.69070339 -0.94228029 -0.53216785
v 0.69070339 -0.94228029 -0.50415903
v 0.75632840 -0.94228029 -0.56017667
v 0.75632840 -0.94228029 -0.53216785
v 0.75632840 -0.94228029 -0.50415903
v 0.69070339 -0.94228029 -0.47615018
v 0.75632840 -0.94228029 -0.47615018
v 0.82195342 -0.94228029 -0.56017667
v 0.82195342 -0.94228029 -0.53216785
v 0.82195342 -0.94228029 -0.50415903
v 0.88757843 -0.94228029 -0.56017667
v 0.88757843 -0.94228029 -0.53216785
v 0.88757843 -0.87710035 -0.56017667
v 0.88757843 -0.87710035 -0.53216785
v 0.88757843 -0.94228029 -0.50415903
v 0.88757843 -0.87710035 -0.50415903
v 0.88757843 -0.81192040 -0.56017667
v 0.88757843 -0.81192040 -0.53216785
v 0.88757843 -0.81192040 -0.50415903
v 0.82195342 -0.94228029 -0.47615018
v 0.88757843 -0.94228029 -0.47615018
v 0.88757843 -0.87710035 -0.47615018
v 0.88757843 -0.81192040 -0.47615018
v 0.88757843 -0.74674040 -0.56017667
v 0.88757843 -0.74674040 -0.53216785
v 0.88757843 -0.74674040 -0.50415903
v 0.88757843 -0.74674040 -0.47615018
v 0.88757843 -0.68156046 -0.67221200
v 0.88757843 -0.68156046 -0.64420319
v 0.88757843 -0.61638051 -0.67221200
v 0.88757843 -0.61638051 -0.64420319
v 0.88757843 -0.68156046 -0.61619437
v 0.88757843 -0.61638051 -0.61619437
v 0.88757843 -0.55120057 -0.67221200
v 0.88757843 -0.55120057 -0.64420319
v 0.88757843 -0.55120057 -0.61619437
v 0.88757843 -0.68156046 -0.58818555
v 0.88757843 -0.61638051 -0.58818555
v 0.88757843 -0.55120057 -0.58818555
v 0.88757843 -0.48602059 -0.67221200
v 0.88757843 -0.48602059 -0.64420319
v 0.88757843 -0.48602059 -0.61619437
v 0.88757843 -0.48602059 -0.58818555
v 0.88757843 -0.68156046 -0.56017667
v 0.88757843 -0.68156046 -0.53216785
v 0.88757843 -0.61638051 -0.56017667
v 0.88757843 -0.61638051 -0.53216785
v 0.88757843 -0.68156046 -0.50415903
v 0.88757843 -0.61638051 -0.50415903
v 0.88757843 -0.55120057 -0.56017667
v 0.88757843 -0.55120057 -0.53216785
v 0.88757843 -0.55120057 -0.50415903
v 0.88757843 -0.68156046 -0.47615018
v 0.88757843 -0.61638051 -0.47615018
v 0.88757843 -0.55120057 -0.47615018
v 0.88757843 -0.48602059 -0.56017667
v 0.88757843 -0.48602059 -0.53216785
v 0.88757843 -0.48602059 -0.50415903
v 0.88757843 -0.48602059 -0.47615018
v 0.42820337 -0.42084062 -0.89628267
v 0.42820337 -0.35566068 -0.89628267
v 0.49382839 -0.42084062 -0.89628267
v 0.49382839 -0.35566068 -0.89628267
v 0.42820337 -0.29048070 -0.89628267
v 0.42820337 -0.22530074 -0.89628267
v 0.49382839 -0.29048070 -0.89628267
v 0.49382839 -0.22530074 -0.89628267
v 0.55945337 -0.42084062 -0.89628267
v 0.55945337 -0.35566068 -0.89628267
v 0.62507838 -0.42084062 -0.89628267
v 0.62507838 -0.35566068 -0.89628267
v 0.55945337 -0.29048070 -0.89628267
v 0.55945337 -0.22530074 -0.89628267
v 0.62507838 -0.29048070 -0.89628267
v 0.62507838 -0.22530074 -0.89628267
v 0.42820337 -0.16012079 -0.89628267
v 0.42820337 -0.09494083 -0.89628267
v 0.42820337 -0.02976087 -0.89628267
v 0.49382839 -0.16012079 -0.89628267
v 0.49382839 -0.09494083 -0.89628267
v 0.49382839 -0.02976087 -0.89628267
v 0.42820337 0.03541909 -0.89628267
v 0.49382839 0.03541909 -0.89628267
v 0.55945337 -0.16012079 -0.89628267
v 0.55945337 -0.09494083 -0.89628267
v 0.55945337 -0.02976087 -0.89628267
v 0.62507838 -0.16012079 -0.89628267
v 0.62507838 -0.09494083 -0.89628267
v 0.62507838 -0.02976087 -0.89628267
v 0.55945337 0.03541909 -0.89628267
v 0.62507838 0.03541909 -0.89628267
v 0.69070339 -0.42084062 -0.89628267
v 0.69070339 -0.35566068 -0.89628267
v 0.75632840 -0.42084062 -0.89628267
v 0.75632840 -0.35566068 -0.89628267
v 0.69070339 -0.29048070 -0.89628267
v 0.69070339 -0.22530074 -0.89628267
v 0.75632840 -0.29048070 -0.89628267
v 0.75632840 -0.22530074 -0.89628267
v 0.82195342 -0.42084062 -0.89628267
v 0.82195342 -0.35566068 -0.89628267
v 0.88757843 -0.42084062 -0.89628267
v 0.88757843 -0.42084062 -0.86827385
v 0.88757843 -0.35566068 -0.89628267
v 0.88757843 -0.35566068 -0.86827385
v 0.88757843 -0.42084062 -0.84026504
v 0.88757843 -0.35566068 -0.84026504
v 0.88757843 -0.42084062 -0.81225622
v 0.88757843 -0.35566068 -0.81225622
v 0.82195342 -0.29048070 -0.89628267
v 0.82195342 -0.22530074 -0.89628267
v 0.88757843 -0.29048070 -0.89628267
v 0.88757843 -0.29048070 -0.86827385
v 0.88757843 -0.29048070 -0.84026504
v 0.88757843 -0.22530074 -0.89628267
v 0.88757843 -0.22530074 -0.86827385
v 0.88757843 -0.22530074 -0.84026504
v 0.88757843 -0.29048070 -0.81225622
v 0.88757843 -0.22530074 -0.81225622
v 0.88757843 -0.42084062 -0.78424734
v 0.88757843 -0.42084062 -0.75623852
v 0.88757843 -0.35566068 -0.78424734
v 0.88757843 -0.35566068 -0.75623852
v 0.88757843 -0.42084062 -0.72822970
v 0.88757843 -0.35566068 -0.72822970
v 0.88757843 -0.42084062 -0.70022088
v 0.88757843 -0.35566068 -0.70022088
v 0.88757843 -0.29048070 -0.78424734
v 0.88757843 -0.29048070 -0.75623852
v 0.88757843 -0.29048070 -0.72822970
v 0.88757843 -0.22530074 -0.78424734
v 0.88757843 -0.22530074 -0.75623852
v 0.88757843 -0.22530074 -0.72822970
v 0.88757843 -0.29048070 -0.70022088
v 0.88757843 -0.22530074 -0.70022088
v 0.69070339 -0.16012079 -0.89628267
v 0.69070339 -0.09494083 -0.89628267
v 0.69070339 -0.02976087 -0.89628267
v 0.75632840 -0.16012079 -0.89628267
v 0.75632840 -0.09494083 -0.89628267
v 0.75632840 -0.02976087 -0.89628267
v 0.69070339 0.03541909 -0.89628267
v 0.75632840 0.03541909 -0.89628267
v 0.82195342 -0.16012079 -0.89628267
v 0.82195342 -0.09494083 -0.89628267
v 0.82195342 -0.02976087 -0.89628267
v 0.88757843 -0.16012079 -0.89628267
v 0.88757843 -0.16012079 -0.86827385
v 0.88757843 -0.16012079 -0.84026504
v 0.88757843 -0.09494083 -0.89628267
v 0.88757843 -0.09494083 -0.86827385
v 0.88757843 -0.02976087 -0.89628267
v 0.88757843 -0.02976087 -0.86827385
v 0.88757843 -0.09494083 -0.84026504
v 0.88757843 -0.02976087 -0.84026504
v 0.88757843 -0.16012079 -0.81225622
v 0.88757843 -0.09494083 -0.81225622
v 0.88757843 -0.02976087 -0.81225622
v 0.82195342 0.03541909 -0.89628267
v 0.88757843 0.03541909 -0.89628267
v 0.88757843 0.03541909 -0.86827385
v 0.88757843 0.03541909 -0.84026504
v 0.88757843 0.03541909 -0.81225622
v 0.88757843 -0.16012079 -0.78424734
v 0.88757843 -0.16012079 -0.75623852
v 0.88757843 -0.16012079 -0.72822970
v 0.88757843 -0.09494083 -0.78424734
v 0.88757843 -0.09494083 -0.75623852
v 0.88757843 -0.02976087 -0.78424734
v 0.88757843 -0.02976087 -0.75623852
v 0.88757843 -0.09494083 -0.72822970
v 0.88757843 -0.02976087 -0.72822970
v 0.88757843 -0.16012079 -0.70022088
v 0.88757843 -0.09494083 -0.70022088
v 0.88757843 -0.02976087 -0.70022088
v 0.88757843 0.03541909 -0.78424734
v 0.88757843 0.03541909 -0.75623852
v 0.88757843 0.03541909 -0.72822970
v 0.88757843 0.03541909 -0.70022088
v 0.88757843 -0.42084062 -0.67221200
v 0.88757843 -0.42084062 -0.64420319
v 0.88757843 -0.35566068 -0.67221200
v 0.88757843 -0.35566068 -0.64420319
v 0.88757843 -0.42084062 -0.61619437
v 0.88757843 -0.35566068 -0.61619437
v 0.88757843 -0.42084062 -0.58818555
v 0.88757843 -0.35566068 -0.58818555
v 0.88757843 -0.29048070 -0.67221200
v 0.88757843 -0.29048070 -0.64420319
v 0.88757843 -0.29048070 -0.61619437
v 0.88757843 -0.22530074 -0.67221200
v 0.88757843 -0.22530074 -0.64420319
v 0.88757843 -0.22530074 -0.61619437
v 0.88757843 -0.29048070 -0.58818555
v 0.88757843 -0.22530074 -0.58818555
v 0.88757843 -0.42084062 -0.56017667
v 0.88757843 -0.42084062 -0.53216785
v 0.88757843 -0.35566068 -0.56017667
v 0.88757843 -0.35566068 -0.53216785
v 0.88757843 -0.42084062 -0.50415903
v 0.88757843 -0.35566068 -0.50415903
v 0.88757843 -0.42084062 -0.47615018
v 0.88757843 -0.35566068 -0.47615018
v 0.88757843 -0.29048070 -0.56017667
v 0.88757843 -0.29048070 -0.53216785
v 0.88757843 -0.29048070 -0.50415903
v 0.88757843 -0.22530074 -0.56017667
v 0.88757843 -0.22530074 -0.53216785
v 0.88757843 -0.22530074 -0.50415903
v 0.88757843 -0.29048070 -0.47615018
v 0.88757843 -0.22530074 -0.47615018
v 0.88757843 -0.16012079 -0.67221200
v 0.88757843 -0.16012079 -0.64420319
v 0.88757843 -0.16012079 -0.61619437
v 0.88757843 -0.09494083 -0.67221200
v 0.88757843 -0.09494083 -0.64420319
v 0.88757843 -0.02976087 -0.67221200
v 0.88757843 -0.02976087 -0.64420319
v 0.88757843 -0.09494083 -0.61619437
v 0.88757843 -0.02976087 -0.61619437
v 0.88757843 -0.16012079 -0.58818555
v 0.88757843 -0.09494083 -0.58818555
v 0.88757843 -0.02976087 -0.58818555
v 0.88757843 0.03541909 -0.67221200
v 0.88757843 0.03541909 -0.64420319
v 0.88757843 0.03541909 -0.61619437
v 0.88757843 0.03541909 -0.58818555
v 0.88757843 -0.16012079 -0.56017667
v 0.88757843 -0.16012079 -0.53216785
v 0.88757843 -0.16012079 -0.50415903
v 0.88757843 -0.09494083 -0.56017667
v 0.88757843 -0.09494083 -0.53216785
v 0.88757843 -0.02976087 -0.56017667
v 0.88757843 -0.02976087 -0.53216785
v 0.88757843 -0.09494083 -0.50415903
v 0.88757843 -0.02976087 -0.50415903
v 0.88757843 -0.16012079 -0.47615018
v 0.88757843 -0.09494083 -0.47615018
v 0.88757843 -0.02976087 -0.47615018
v 0.88757843 0.03541909 -0.56017667
v 0.88757843 0.03541909 -0.53216785
v 0.88757843 0.03541909 -0.50415903
v 0.88757843 0.03541909 -0.47615018
v -0.09679665 -0.94228029 -0.44814134
v -0.09679665 -0.94228029 -0.42013252
v -0.03117164 -0.94228029 -0.44814134
v -0.03117164 -0.94228029 -0.42013252
v -0.09679665 -0.94228029 -0.39212367
v -0.09679665 -0.94228029 -0.36411485
v -0.03117164 -0.94228029 -0.39212367
v -0.03117164 -0.94228029 -0.36411485
v 0.03445336 -0.94228029 -0.44814134
v 0.03445336 -0.94228029 -0.42013252
v 0.10007836 -0.94228029 -0.44814134
v 0.10007836 -0.94228029 -0.42013252
v 0.03445336 -0.94228029 -0.39212367
v 0.03445336 -0.94228029 -0.36411485
v 0.10007836 -0.94228029 -0.39212367
v 0.10007836 -0.94228029 -0.36411485
v -0.09679665 -0.94228029 -0.33610600
v -0.09679665 -0.94228029 -0.30809718
v -0.03117164 -0.94228029 -0.33610600
v -0.03117164 -0.94228029 -0.30809718
v -0.09679665 -0.94228029 -0.28008834
v -0.09679665 -0.94228029 -0.25207952
v -0.03117164 -0.94228029 -0.28008834
v -0.03117164 -0.94228029 -0.25207952
v 0.03445336 -0.94228029 -0.33610600
v 0.03445336 -0.94228029 -0.30809718
v 0.10007836 -0.94228029 -0.33610600
v 0.10007836 -0.94228029 -0.30809718
v 0.03445336 -0.94228029 -0.28008834
v 0.03445336 -0.94228029 -0.25207952
v 0.10007836 -0.94228029 -0.28008834
v 0.10007836 -0.94228029 -0.25207952
v -0.14352550 -0.62525582 -0.25204980
v -0.16161650 -0.63936353 -0.23806600
v -0.12838680 -0.59984320 -0.25514251
v -0.05694520 -0.62796563 -0.23418979
v -0.06620120 -0.61197639 -0.24339950
v -0.07682640 -0.56320029 -0.25049689
v -0.04439120 -0.59302789 -0.24567860
v -0.13296440 -0.46289891 -0.31171349
v -0.10251010 -0.44609830 -0.32292649
v -0.08502270 -0.50938189 -0.28888029
v -0.09111180 -0.42873219 -0.32534951
v -0.05058600 -0.42593130 -0.31748241
v -0.07907760 -0.48242000 -0.30038229
v -0.03526840 -0.46286061 -0.30411929
v -0.15224759 -0.52884263 -0.26950821
v -0.07976300 -0.52782881 -0.27495369
v -0.07839210 -0.54435688 -0.25270891
v 0.01361730 -0.62804931 -0.22491610
v 0.03697740 -0.61502492 -0.23084120
v 0.04245890 -0.59041899 -0.23366600
v 0.05009760 -0.56275183 -0.23265460
v -0.01646700 -0.50201201 -0.28933761
v 0.01244020 -0.47722009 -0.29348019
v 0.00573140 -0.45320329 -0.29499209
v 0.02071230 -0.42773089 -0.30292499
v 0.03606830 -0.49902681 -0.28060821
v 0.05745970 -0.47148731 -0.28151110
v 0.06606930 -0.43249339 -0.29544941
v -0.00930890 -0.52561003 -0.26400250
v -0.00220690 -0.54478347 -0.24289010
v 0.04238530 -0.52146798 -0.25898221
v 0.09812300 -0.48809740 -0.26827851
v 0.07897020 -0.52875388 -0.24341521
v 0.16570337 -0.94228029 -0.44814134
v 0.16570337 -0.94228029 -0.42013252
v 0.23132837 -0.94228029 -0.44814134
v 0.23132837 -0.94228029 -0.42013252
v 0.16570337 -0.94228029 -0.39212367
v 0.16570337 -0.94228029 -0.36411485
v 0.23132837 -0.94228029 -0.39212367
v 0.23132837 -0.94228029 -0.36411485
v 0.29695338 -0.94228029 -0.44814134
v 0.29695338 -0.94228029 -0.42013252
v 0.36257836 -0.94228029 -0.44814134
v 0.36257836 -0.94228029 -0.42013252
v 0.29695338 -0.94228029 -0.39212367
v 0.29695338 -0.94228029 -0.36411485
v 0.36257836 -0.94228029 -0.39212367
v 0.36257836 -0.94228029 -0.36411485
v 0.16570337 -0.94228029 -0.33610600
v 0.16570337 -0.94228029 -0.30809718
v 0.23132837 -0.94228029 -0.33610600
v 0.23132837 -0.94228029 -0.30809718
v 0.16570337 -0.94228029 -0.28008834
v 0.16570337 -0.94228029 -0.25207952
v 0.23132837 -0.94228029 -0.28008834
v 0.23132837 -0.94228029 -0.25207952
v 0.29695338 -0.94228029 -0.33610600
v 0.29695338 -0.94228029 -0.30809718
v 0.36257836 -0.94228029 -0.33610600
v 0.36257836 -0.94228029 -0.30809718
v 0.29695338 -0.94228029 -0.28008834
v 0.29695338 -0.94228029 -0.25207952
v 0.36257836 -0.94228029 -0.28008834
v 0.36257836 -0.94228029 -0.25207952
v 0.10354890 -0.43561190 -0.28777719
v 0.12931360 -0.49417061 -0.25668630
v 0.10283950 -0.53737241 -0.24097350
v 0.13499720 -0.52366740 -0.23884989
v 0.15157031 -0.46962520 -0.25520051
v 0.16282120 -0.42721981 -0.27344069
v 0.19308379 -0.43829840 -0.26206851
v 0.19609991 -0.46788600 -0.24067581
v -0.09679665 -0.94228029 -0.22407067
v -0.09679665 -0.94228029 -0.19606183
v -0.03117164 -0.94228029 -0.22407067
v -0.03117164 -0.94228029 -0.19606183
v -0.09679665 -0.94228029 -0.16805300
v -0.09679665 -0.94228029 -0.14004417
v -0.03117164 -0.94228029 -0.16805300
v -0.03117164 -0.94228029 -0.14004417
v 0.03445336 -0.94228029 -0.22407067
v 0.03445336 -0.94228029 -0.19606183
v 0.10007836 -0.94228029 -0.22407067
v 0.10007836 -0.94228029 -0.19606183
v 0.03445336 -0.94228029 -0.16805300
v 0.03445336 -0.94228029 -0.14004417
v 0.10007836 -0.94228029 -0.16805300
v 0.10007836 -0.94228029 -0.14004417
v -0.09679665 -0.94228029 -0.11203533
v -0.09679665 -0.94228029 -0.08402650
v -0.03117164 -0.94228029 -0.11203533
v -0.03117164 -0.94228029 -0.08402650
v -0.09679665 -0.94228029 -0.05601767
v -0.09679665 -0.94228029 -0.02800883
v -0.09679665 -0.94228029 0.00000000
v -0.09679665 -0.87710035 0.00000000
v -0.09679665 -0.81192040 0.00000000
v -0.03117164 -0.94228029 -0.05601767
v -0.03117164 -0.94228029 -0.02800883
v -0.03117164 -0.94228029 0.00000000
v -0.03117164 -0.87710035 0.00000000
v -0.03117164 -0.81192040 0.00000000
v -0.09679665 -0.74674040 0.00000000
v -0.03117164 -0.74674040 0.00000000
v 0.03445336 -0.94228029 -0.11203533
v 0.03445336 -0.94228029 -0.08402650
v 0.10007836 -0.94228029 -0.11203533
v 0.10007836 -0.94228029 -0.08402650
v 0.03445336 -0.94228029 -0.05601767
v 0.03445336 -0.94228029 -0.02800883
v 0.03445336 -0.94228029 0.00000000
v 0.03445336 -0.87710035 0.00000000
v 0.03445336 -0.81192040 0.00000000
v 0.10007836 -0.94228029 -0.05601767
v 0.10007836 -0.94228029 -0.02800883
v 0.10007836 -0.94228029 0.00000000
v 0.10007836 -0.87710035 0.00000000
v 0.10007836 -0.81192040 0.00000000
v 0.03445336 -0.74674040 0.00000000
v 0.10007836 -0.74674040 0.00000000
v -0.11174250 -0.63661981 -0.20354180
v -0.14483389 -0.61745173 -0.17394111
v -0.12926480 -0.63211328 -0.18391161
v -0.05170780 -0.63726211 -0.21848939
v -0.10743720 -0.59413260 -0.15126100
v -0.08223680 -0.58699179 -0.12568510
v -0.01972790 -0.63508737 -0.18688290
v 0.06268740 -0.63277638 -0.20161480
v 0.06072490 -0.63400632 -0.18140300
v -0.02269380 -0.61721063 -0.15400060
v 0.01674790 -0.63116533 -0.16055641
v 0.02179470 -0.61229539 -0.14292391
v -0.02389750 -0.59298712 -0.13688231
v 0.09269890 -0.63360572 -0.14911181
v 0.07998940 -0.61970401 -0.12228120
v 0.04304220 -0.59978920 -0.12526789
v -0.09117290 -0.58835733 -0.07235990
v -0.09679665 -0.68156046 0.00000000
v -0.09679665 -0.61638051 0.00000000
v -0.13777840 -0.59067428 -0.04159960
v -0.14438182 -0.59171027 0.00000000
v -0.12265994 -0.59130406 0.00000000
v -0.03117164 -0.68156046 0.00000000
v -0.03117164 -0.61638051 0.00000000
v -0.09641285 -0.59046316 0.00000000
v -0.05188430 -0.58915675 0.00000000
v -0.01101140 -0.58556283 -0.10036180
v 0.06240610 -0.59534210 -0.09826870
v 0.03688070 -0.58703512 -0.07813970
v 0.07270740 -0.60918409 -0.06536600
v 0.03445336 -0.68156046 0.00000000
v -0.03007070 -0.58779192 -0.02686970
v -0.02113769 -0.58932245 0.00000000
v -0.00192756 -0.58981729 0.00000000
v 0.00663015 -0.59229887 0.00000000
v 0.01791860 -0.59828258 0.00000000
v 0.02853663 -0.61207366 0.00000000
v 0.07168160 -0.62923622 -0.02911540
v 0.04391823 -0.62547702 0.00000000
v 0.05911656 -0.63090932 0.00000000
v 0.10007836 -0.68156046 0.00000000
v 0.09753788 -0.63313782 0.00000000
v 0.08482224 -0.63186312 0.00000000
v 0.03841350 -0.59492302 -0.03670120
v 0.16570337 -0.94228029 -0.22407067
v 0.16570337 -0.94228029 -0.19606183
v 0.23132837 -0.94228029 -0.22407067
v 0.23132837 -0.94228029 -0.19606183
v 0.16570337 -0.94228029 -0.16805300
v 0.16570337 -0.94228029 -0.14004417
v 0.23132837 -0.94228029 -0.16805300
v 0.23132837 -0.94228029 -0.14004417
v 0.29695338 -0.94228029 -0.22407067
v 0.29695338 -0.94228029 -0.19606183
v 0.36257836 -0.94228029 -0.22407067
v 0.36257836 -0.94228029 -0.19606183
v 0.29695338 -0.94228029 -0.16805300
v 0.29695338 -0.94228029 -0.14004417
v 0.36257836 -0.94228029 -0.16805300
v 0.36257836 -0.94228029 -0.14004417
v 0.16570337 -0.94228029 -0.11203533
v 0.16570337 -0.94228029 -0.08402650
v 0.23132837 -0.94228029 -0.11203533
v 0.23132837 -0.94228029 -0.08402650
v 0.16570337 -0.94228029 -0.05601767
v 0.16570337 -0.94228029 -0.02800883
v 0.16570337 -0.94228029 0.00000000
v 0.16570337 -0.87710035 0.00000000
v 0.16570337 -0.81192040 0.00000000
v 0.23132837 -0.94228029 -0.05601767
v 0.23132837 -0.94228029 -0.02800883
v 0.23132837 -0.94228029 0.00000000
v 0.23132837 -0.87710035 0.00000000
v 0.23132837 -0.81192040 0.00000000
v 0.16570337 -0.74674040 0.00000000
v 0.23132837 -0.74674040 0.00000000
v 0.29695338 -0.94228029 -0.11203533
v 0.29695338 -0.94228029 -0.08402650
v 0.36257836 -0.94228029 -0.11203533
v 0.36257836 -0.94228029 -0.08402650
v 0.29695338 -0.94228029 -0.05601767
v 0.29695338 -0.94228029 -0.02800883
v 0.29695338 -0.94228029 0.00000000
v 0.29695338 -0.87710035 0.00000000
v 0.29695338 -0.81192040 0.00000000
v 0.36257836 -0.94228029 -0.05601767
v 0.36257836 -0.94228029 -0.02800883
v 0.36257836 -0.94228029 0.00000000
v 0.36257836 -0.87710035 0.00000000
v 0.36257836 -0.81192040 0.00000000
v 0.29695338 -0.74674040 0.00000000
v 0.36257836 -0.74674040 0.00000000
v 0.11609900 -0.61664242 -0.21013010
v 0.13486490 -0.62710148 -0.17993970
v 0.12915640 -0.58362299 -0.21748300
v 0.16085359 -0.59504348 -0.19223730
v 0.13588020 -0.63093531 -0.14013730
v 0.16637550 -0.62343371 -0.14196859
v 0.17890359 -0.59409583 -0.16566689
v 0.18983100 -0.59467691 -0.12091780
v 0.16679110 -0.53568977 -0.22300179
v 0.19679920 -0.54219788 -0.19776089
v 0.18484320 -0.50831008 -0.21379340
v 0.21307249 -0.52933902 -0.16945660
v 0.21246760 -0.55000031 -0.14052880
v 0.23745690 -0.49669150 -0.19018620
v 0.24617469 -0.44197229 -0.20969760
v 0.25885150 -0.46716791 -0.19561251
v 0.28096610 -0.43055609 -0.17442140
v 0.25751540 -0.50406259 -0.15881500
v 0.27508759 -0.49961260 -0.12420060
v 0.28751069 -0.45638901 -0.15685450
v 0.28751791 -0.47779021 -0.13525650
v 0.10125380 -0.62842977 -0.10888370
v 0.11568310 -0.63236648 -0.05759050
v 0.17978209 -0.62309968 -0.08389660
v 0.20975541 -0.57347351 -0.09148300
v 0.15342771 -0.63158512 -0.02868010
v 0.16570337 -0.68156046 0.00000000
v 0.14637160 -0.63195187 0.00000000
v 0.15611497 -0.63170189 0.00000000
v 0.19735999 -0.62045431 -0.03654980
v 0.19304159 -0.62744993 -0.01835360
v 0.17726462 -0.62941581 0.00000000
v 0.23132837 -0.68156046 0.00000000
v 0.20484187 -0.62799013 0.00000000
v 0.23132837 -0.61638051 0.00000000
v 0.20902181 -0.60025269 -0.04545810
v 0.21454979 -0.60877848 -0.02022370
v 0.21973906 -0.61577851 0.00000000
v 0.24145161 -0.55203772 -0.06783670
v 0.29695338 -0.68156046 0.00000000
v 0.29695338 -0.61638051 0.00000000
v 0.24610481 -0.58259368 -0.03891300
v 0.27715868 -0.60481769 0.00000000
v 0.28048682 -0.60422176 0.00000000
v 0.28043231 -0.60314339 -0.00265600
v 0.36257836 -0.68156046 0.00000000
v 0.36257836 -0.61638051 0.00000000
v 0.30309749 -0.55199218 -0.04519070
v 0.34538952 -0.58385539 0.00000000
v 0.34174451 -0.56545162 -0.02714160
v 0.36085689 -0.57557851 -0.00829950
v 0.23750180 -0.53767639 -0.10461030
v 0.28026369 -0.53218752 -0.05980600
v 0.28236580 -0.50557888 -0.08225270
v 0.32509249 -0.49332550 -0.06177970
v 0.35664231 -0.50651699 -0.05902690
v 0.31516379 -0.44508690 -0.10640180
v 0.34519401 -0.42212150 -0.08700090
v 0.32101500 -0.47106209 -0.06997570
v -0.11908630 -0.39008981 -0.34095791
v -0.12795840 -0.29441610 -0.36656690
v -0.13985869 -0.35393691 -0.35640040
v -0.10188210 -0.30692241 -0.35302830
v -0.08242890 -0.34556761 -0.34658411
v -0.05728040 -0.29226211 -0.34738651
v -0.04261830 -0.32026330 -0.33710769
v -0.15486179 -0.24611740 -0.37572131
v -0.14241721 -0.21371239 -0.37210810
v -0.15331040 -0.17963649 -0.37882629
v -0.10831460 -0.16467340 -0.37209791
v -0.09669410 -0.26175290 -0.36409089
v -0.07137980 -0.24117930 -0.35986099
v -0.08313280 -0.19729730 -0.36644790
v -0.05165670 -0.20768170 -0.36230791
v -0.04263520 -0.16388869 -0.36221421
v -0.02177950 -0.24967010 -0.34693900
v -0.00201630 -0.20113850 -0.34592289
v -0.00412900 -0.16241071 -0.35170960
v -0.08895580 -0.38899010 -0.33292040
v -0.05931330 -0.38177171 -0.33542159
v -0.01143350 -0.38916141 -0.32251629
v 0.03200100 -0.37983769 -0.31401041
v -0.00837340 -0.34017429 -0.33344069
v 0.05218010 -0.39989099 -0.29876181
v 0.09969480 -0.40758640 -0.28997871
v 0.07373430 -0.36396870 -0.30100539
v 0.06079020 -0.33189201 -0.31480280
v 0.05246070 -0.30451730 -0.31642190
v 0.09417370 -0.35349801 -0.30105889
v 0.00733100 -0.28337941 -0.33316639
v 0.06281980 -0.27992401 -0.32410559
v 0.04661080 -0.25119111 -0.33403540
v 0.08459340 -0.24599400 -0.32287681
v 0.04785640 -0.20997590 -0.33265591
v 0.07348840 -0.19635780 -0.32593510
v -0.14331330 -0.12043980 -0.37042981
v -0.12663430 -0.08672730 -0.35440311
v -0.09045820 -0.13847069 -0.36845249
v -0.07828840 -0.10321970 -0.35336801
v -0.03321410 -0.12305910 -0.35248631
v -0.06198780 -0.06642370 -0.33659911
v 0.01793310 -0.14553709 -0.33680081
v -0.14576700 -0.05687970 -0.33176219
v -0.10064990 -0.04983330 -0.32661471
v -0.07935570 -0.02870870 -0.29785320
v -0.09755340 -0.01466950 -0.26809260
v -0.15257420 0.00949850 -0.22935280
v -0.12016610 0.03009500 -0.23030360
v -0.08253120 0.00168380 -0.23541370
v -0.06418880 0.02392750 -0.22737280
v 0.02413040 -0.09560610 -0.32510260
v -0.01678200 -0.07253410 -0.33169600
v -0.00797070 -0.04429570 -0.30990410
v 0.06429810 -0.11216750 -0.31850329
v 0.07089630 -0.13995659 -0.31737769
v 0.07293800 -0.07796760 -0.30590969
v 0.07100460 -0.05063330 -0.28696221
v -0.02984320 -0.01299850 -0.26491979
v 0.02517440 -0.02711140 -0.27462491
v 0.00850740 -0.00495100 -0.23545820
v 0.06751040 -0.01949910 -0.23975670
v 0.11089900 -0.31096071 -0.29873669
v 0.14036280 -0.33982700 -0.28862959
v 0.14607871 -0.38599601 -0.27693251
v 0.18871319 -0.36429301 -0.26384959
v 0.21597169 -0.39883059 -0.25149119
v 0.22472879 -0.35725740 -0.24215110
v 0.18966310 -0.31651041 -0.27413249
v 0.22072810 -0.31578371 -0.25423089
v 0.11867020 -0.28821811 -0.30503979
v 0.11189200 -0.24058990 -0.30340311
v 0.15197030 -0.25126481 -0.28758621
v 0.10340550 -0.19197580 -0.30945221
v 0.15015900 -0.22390009 -0.28622481
v 0.17167610 -0.28624001 -0.28426939
v 0.21369450 -0.26154870 -0.26005679
v 0.18663099 -0.20039929 -0.26821470
v 0.22917750 -0.18858039 -0.24603871
v 0.23445460 -0.41850159 -0.23448300
v 0.24159770 -0.32724211 -0.22784600
v 0.25446579 -0.28525299 -0.23084690
v 0.24625930 -0.24799600 -0.24109310
v 0.11846650 -0.15748680 -0.29748389
v 0.11337590 -0.11346030 -0.29833981
v 0.12661500 -0.08333950 -0.28296521
v 0.15684840 -0.12825540 -0.27989319
v 0.13243580 -0.05638900 -0.25548941
v 0.16190310 -0.09312810 -0.26225179
v 0.10116330 -0.03448010 -0.25037801
v 0.14729080 -0.04610570 -0.23624580
v 0.21920089 -0.12704059 -0.24096690
v 0.18442230 -0.07614550 -0.24062601
v -0.12086120 0.06377670 -0.21616690
v -0.12601469 0.09939630 -0.19490790
v -0.07563840 0.09178380 -0.21447970
v -0.06180880 0.05314860 -0.22082379
v -0.00650690 0.01403430 -0.22097720
v -0.02694600 0.05827800 -0.21712241
v -0.03101180 0.09545630 -0.20808160
v 0.02496340 0.07471780 -0.19920860
v 0.06063750 0.00157900 -0.21555500
v 0.06866840 0.02092590 -0.20525040
v 0.04226090 0.04033220 -0.20799699
v 0.03679880 0.09373840 -0.19531991
v 0.09613830 0.09135950 -0.18825319
v 0.26122269 -0.37124500 -0.21550830
v 0.27266961 -0.34180179 -0.20009810
v 0.28245029 -0.30836219 -0.19739629
v 0.29911631 -0.37924579 -0.17529790
v 0.30848321 -0.33923230 -0.17859150
v 0.29643199 -0.41035259 -0.15969120
v 0.34720859 -0.38506261 -0.11568610
v 0.33590600 -0.35272560 -0.14159720
v 0.33818609 -0.30942041 -0.15161730
v 0.28678599 -0.27301210 -0.20574680
v 0.29664579 -0.23221500 -0.20087190
v 0.27211720 -0.20264700 -0.21686549
v 0.32738459 -0.20389080 -0.17046189
v 0.29708731 -0.17186920 -0.19374090
v 0.32391319 -0.26041499 -0.16468370
v 0.34356400 -0.22896589 -0.13954780
v 0.36135721 -0.25767380 -0.12215230
v 0.35309419 -0.17164931 -0.15689939
v 0.19178860 -0.03120840 -0.22028220
v 0.22320290 -0.05557180 -0.21472150
v 0.10970680 -0.01453320 -0.22258671
v 0.10157250 0.01092380 -0.21374340
v 0.13083491 0.02713510 -0.20861770
v 0.14309400 -0.00682670 -0.22083370
v 0.12101610 0.04840250 -0.19253729
v 0.18040170 0.00542130 -0.21391530
v 0.16795230 0.02623100 -0.20773210
v 0.23116170 -0.01668010 -0.20115431
v 0.18384551 0.04125550 -0.18690270
v 0.17309450 0.06312910 -0.17139730
v 0.16176240 0.09827220 -0.16454101
v 0.20990990 0.09489950 -0.14579630
v 0.25471920 -0.14679910 -0.22381890
v 0.24995349 -0.09799370 -0.21946980
v 0.29142949 -0.13015410 -0.19729550
v 0.27833799 -0.08304090 -0.19692880
v 0.32626179 -0.15567470 -0.18010969
v 0.30506179 -0.07020850 -0.17598970
v 0.34183121 -0.11898930 -0.16540150
v 0.33587620 -0.07224450 -0.15134060
v 0.35795990 -0.05604640 -0.11285870
v 0.23443390 0.02817540 -0.17704870
v 0.27768049 -0.01743860 -0.16915540
v 0.28135040 0.02637300 -0.15244059
v 0.24477281 0.09251980 -0.13128120
v 0.27380449 0.08442150 -0.12203650
v 0.30851761 0.00118920 -0.14134820
v 0.31981349 0.02887460 -0.12362020
v 0.34230030 -0.01506400 -0.11609660
v 0.35464239 0.01207120 -0.09521110
v 0.29945230 0.07884270 -0.10690720
v 0.33256340 0.05107290 -0.09884930
v 0.32410699 0.09585360 -0.06757070
v 0.35475701 0.03849010 -0.07697400
v 0.36224213 0.08134170 0.00000000
v 0.35780835 0.08905770 0.00000000
v 0.36000031 0.08521556 0.00000000
v 0.42820337 -0.94228029 -0.44814134
v 0.42820337 -0.94228029 -0.42013252
v 0.49382839 -0.94228029 -0.44814134
v 0.49382839 -0.94228029 -0.42013252
v 0.42820337 -0.94228029 -0.39212367
v 0.42820337 -0.94228029 -0.36411485
v 0.49382839 -0.94228029 -0.39212367
v 0.49382839 -0.94228029 -0.36411485
v 0.55945337 -0.94228029 -0.44814134
v 0.55945337 -0.94228029 -0.42013252
v 0.62507838 -0.94228029 -0.44814134
v 0.62507838 -0.94228029 -0.42013252
v 0.55945337 -0.94228029 -0.39212367
v 0.55945337 -0.94228029 -0.36411485
v 0.62507838 -0.94228029 -0.39212367
v 0.62507838 -0.94228029 -0.36411485
v 0.42820337 -0.94228029 -0.33610600
v 0.42820337 -0.94228029 -0.30809718
v 0.49382839 -0.94228029 -0.33610600
v 0.49382839 -0.94228029 -0.30809718
v 0.42820337 -0.94228029 -0.28008834
v 0.42820337 -0.94228029 -0.25207952
v 0.49382839 -0.94228029 -0.28008834
v 0.49382839 -0.94228029 -0.25207952
v 0.55945337 -0.94228029 -0.33610600
v 0.55945337 -0.94228029 -0.30809718
v 0.62507838 -0.94228029 -0.33610600
v 0.62507838 -0.94228029 -0.30809718
v 0.55945337 -0.94228029 -0.28008834
v 0.55945337 -0.94228029 -0.25207952
v 0.62507838 -0.94228029 -0.28008834
v 0.62507838 -0.94228029 -0.25207952
v 0.69070339 -0.94228029 -0.44814134
v 0.69070339 -0.94228029 -0.42013252
v 0.75632840 -0.94228029 -0.44814134
v 0.75632840 -0.94228029 -0.42013252
v 0.69070339 -0.94228029 -0.39212367
v 0.69070339 -0.94228029 -0.36411485
v 0.75632840 -0.94228029 -0.39212367
v 0.75632840 -0.94228029 -0.36411485
v 0.82195342 -0.94228029 -0.44814134
v 0.82195342 -0.94228029 -0.42013252
v 0.88757843 -0.94228029 -0.44814134
v 0.88757843 -0.94228029 -0.42013252
v 0.88757843 -0.87710035 -0.44814134
v 0.88757843 -0.87710035 -0.42013252
v 0.88757843 -0.81192040 -0.44814134
v 0.88757843 -0.81192040 -0.42013252
v 0.82195342 -0.94228029 -0.39212367
v 0.82195342 -0.94228029 -0.36411485
v 0.88757843 -0.94228029 -0.39212367
v 0.88757843 -0.94228029 -0.36411485
v 0.88757843 -0.87710035 -0.39212367
v 0.88757843 -0.87710035 -0.36411485
v 0.88757843 -0.81192040 -0.39212367
v 0.88757843 -0.81192040 -0.36411485
v 0.88757843 -0.74674040 -0.44814134
v 0.88757843 -0.74674040 -0.42013252
v 0.88757843 -0.74674040 -0.39212367
v 0.88757843 -0.74674040 -0.36411485
v 0.69070339 -0.94228029 -0.33610600
v 0.69070339 -0.94228029 -0.30809718
v 0.75632840 -0.94228029 -0.33610600
v 0.75632840 -0.94228029 -0.30809718
v 0.69070339 -0.94228029 -0.28008834
v 0.69070339 -0.94228029 -0.25207952
v 0.75632840 -0.94228029 -0.28008834
v 0.75632840 -0.94228029 -0.25207952
v 0.82195342 -0.94228029 -0.33610600
v 0.82195342 -0.94228029 -0.30809718
v 0.88757843 -0.94228029 -0.33610600
v 0.88757843 -0.94228029 -0.30809718
v 0.88757843 -0.87710035 -0.33610600
v 0.88757843 -0.87710035 -0.30809718
v 0.88757843 -0.81192040 -0.33610600
v 0.88757843 -0.81192040 -0.30809718
v 0.82195342 -0.94228029 -0.28008834
v 0.82195342 -0.94228029 -0.25207952
v 0.88757843 -0.94228029 -0.28008834
v 0.88757843 -0.94228029 -0.25207952
v 0.88757843 -0.87710035 -0.28008834
v 0.88757843 -0.87710035 -0.25207952
v 0.88757843 -0.81192040 -0.28008834
v 0.88757843 -0.81192040 -0.25207952
v 0.88757843 -0.74674040 -0.33610600
v 0.88757843 -0.74674040 -0.30809718
v 0.88757843 -0.74674040 -0.28008834
v 0.88757843 -0.74674040 -0.25207952
v 0.88757843 -0.68156046 -0.44814134
v 0.88757843 -0.68156046 -0.42013252
v 0.88757843 -0.61638051 -0.44814134
v 0.88757843 -0.61638051 -0.42013252
v 0.88757843 -0.55120057 -0.44814134
v 0.88757843 -0.55120057 -0.42013252
v 0.88757843 -0.68156046 -0.39212367
v 0.88757843 -0.68156046 -0.36411485
v 0.88757843 -0.61638051 -0.39212367
v 0.88757843 -0.61638051 -0.36411485
v 0.88757843 -0.55120057 -0.39212367
v 0.88757843 -0.55120057 -0.36411485
v 0.88757843 -0.48602059 -0.44814134
v 0.88757843 -0.48602059 -0.42013252
v 0.88757843 -0.48602059 -0.39212367
v 0.88757843 -0.48602059 -0.36411485
v 0.88757843 -0.68156046 -0.33610600
v 0.88757843 -0.68156046 -0.30809718
v 0.88757843 -0.61638051 -0.33610600
v 0.88757843 -0.61638051 -0.30809718
v 0.88757843 -0.55120057 -0.33610600
v 0.88757843 -0.55120057 -0.30809718
v 0.88757843 -0.68156046 -0.28008834
v 0.88757843 -0.68156046 -0.25207952
v 0.88757843 -0.61638051 -0.28008834
v 0.88757843 -0.61638051 -0.25207952
v 0.88757843 -0.55120057 -0.28008834
v 0.88757843 -0.55120057 -0.25207952
v 0.88757843 -0.48602059 -0.33610600
v 0.88757843 -0.48602059 -0.30809718
v 0.88757843 -0.48602059 -0.28008834
v 0.88757843 -0.48602059 -0.25207952
v 0.42820337 -0.94228029 -0.22407067
v 0.42820337 -0.94228029 -0.19606183
v 0.49382839 -0.94228029 -0.22407067
v 0.49382839 -0.94228029 -0.19606183
v 0.42820337 -0.94228029 -0.16805300
v 0.42820337 -0.94228029 -0.14004417
v 0.49382839 -0.94228029 -0.16805300
v 0.49382839 -0.94228029 -0.14004417
v 0.55945337 -0.94228029 -0.22407067
v 0.55945337 -0.94228029 -0.19606183
v 0.62507838 -0.94228029 -0.22407067
v 0.62507838 -0.94228029 -0.19606183
v 0.55945337 -0.94228029 -0.16805300
v 0.55945337 -0.94228029 -0.14004417
v 0.62507838 -0.94228029 -0.16805300
v 0.62507838 -0.94228029 -0.14004417
v 0.42820337 -0.94228029 -0.11203533
v 0.42820337 -0.94228029 -0.08402650
v 0.49382839 -0.94228029 -0.11203533
v 0.49382839 -0.94228029 -0.08402650
v 0.42820337 -0.94228029 -0.05601767
v 0.42820337 -0.94228029 -0.02800883
v 0.42820337 -0.94228029 0.00000000
v 0.42820337 -0.87710035 0.00000000
v 0.42820337 -0.81192040 0.00000000
v 0.49382839 -0.94228029 -0.05601767
v 0.49382839 -0.94228029 -0.02800883
v 0.49382839 -0.94228029 0.00000000
v 0.49382839 -0.87710035 0.00000000
v 0.49382839 -0.81192040 0.00000000
v 0.42820337 -0.74674040 0.00000000
v 0.49382839 -0.74674040 0.00000000
v 0.55945337 -0.94228029 -0.11203533
v 0.55945337 -0.94228029 -0.08402650
v 0.62507838 -0.94228029 -0.11203533
v 0.62507838 -0.94228029 -0.08402650
v 0.55945337 -0.94228029 -0.05601767
v 0.55945337 -0.94228029 -0.02800883
v 0.55945337 -0.94228029 0.00000000
v 0.55945337 -0.87710035 0.00000000
v 0.55945337 -0.81192040 0.00000000
v 0.62507838 -0.94228029 -0.05601767
v 0.62507838 -0.94228029 -0.02800883
v 0.62507838 -0.94228029 0.00000000
v 0.62507838 -0.87710035 0.00000000
v 0.62507838 -0.81192040 0.00000000
v 0.55945337 -0.74674040 0.00000000
v 0.62507838 -0.74674040 0.00000000
v 0.42820337 -0.68156046 0.00000000
v 0.42820337 -0.61638051 0.00000000
v 0.36297584 -0.57847363 0.00000000
v 0.37780437 -0.57087868 0.00000000
v 0.42820337 -0.55120057 0.00000000
v 0.49382839 -0.68156046 0.00000000
v 0.49382839 -0.61638051 0.00000000
v 0.49382839 -0.55120057 0.00000000
v 0.37378079 -0.46452680 -0.06468540
v 0.37184450 -0.43322191 -0.05976680
v 0.42221001 -0.47936091 -0.05785360
v 0.42994389 -0.44909409 -0.06122220
v 0.42857191 -0.42468351 -0.05835560
v 0.38373691 -0.52289993 -0.04376870
v 0.42145479 -0.54358763 0.00000000
v 0.42323869 -0.53380328 -0.01220280
v 0.44414201 -0.49892199 -0.03742840
v 0.44025108 -0.53128964 0.00000000
v 0.46116093 -0.51634413 0.00000000
v 0.48599249 -0.49628267 0.00000000
v 0.45992780 -0.45247161 -0.04959450
v 0.48644999 -0.45399219 -0.03303020
v 0.55945337 -0.68156046 0.00000000
v 0.55945337 -0.61638051 0.00000000
v 0.55945337 -0.55120057 0.00000000
v 0.62507838 -0.68156046 0.00000000
v 0.62507838 -0.61638051 0.00000000
v 0.62507838 -0.55120057 0.00000000
v 0.55945337 -0.48602059 0.00000000
v 0.49471855 -0.48586941 0.00000000
v 0.50583518 -0.47490695 0.00000000
v 0.51096702 -0.46257380 -0.00600060
v 0.51473600 -0.46333024 0.00000000
v 0.52853107 -0.43014616 0.00000000
v 0.52736032 -0.42249271 -0.00639580
v 0.53127998 -0.42253697 0.00000000
v 0.62507838 -0.48602059 0.00000000
v 0.69070339 -0.94228029 -0.22407067
v 0.69070339 -0.94228029 -0.19606183
v 0.75632840 -0.94228029 -0.22407067
v 0.75632840 -0.94228029 -0.19606183
v 0.69070339 -0.94228029 -0.16805300
v 0.69070339 -0.94228029 -0.14004417
v 0.75632840 -0.94228029 -0.16805300
v 0.75632840 -0.94228029 -0.14004417
v 0.82195342 -0.94228029 -0.22407067
v 0.82195342 -0.94228029 -0.19606183
v 0.88757843 -0.94228029 -0.22407067
v 0.88757843 -0.87710035 -0.22407067
v 0.88757843 -0.94228029 -0.19606183
v 0.88757843 -0.87710035 -0.19606183
v 0.88757843 -0.81192040 -0.22407067
v 0.88757843 -0.81192040 -0.19606183
v 0.82195342 -0.94228029 -0.16805300
v 0.82195342 -0.94228029 -0.14004417
v 0.88757843 -0.94228029 -0.16805300
v 0.88757843 -0.87710035 -0.16805300
v 0.88757843 -0.94228029 -0.14004417
v 0.88757843 -0.87710035 -0.14004417
v 0.88757843 -0.81192040 -0.16805300
v 0.88757843 -0.81192040 -0.14004417
v 0.88757843 -0.74674040 -0.22407067
v 0.88757843 -0.74674040 -0.19606183
v 0.88757843 -0.74674040 -0.16805300
v 0.88757843 -0.74674040 -0.14004417
v 0.69070339 -0.94228029 -0.11203533
v 0.69070339 -0.94228029 -0.08402650
v 0.75632840 -0.94228029 -0.11203533
v 0.75632840 -0.94228029 -0.08402650
v 0.69070339 -0.94228029 -0.05601767
v 0.69070339 -0.94228029 -0.02800883
v 0.69070339 -0.94228029 0.00000000
v 0.69070339 -0.87710035 0.00000000
v 0.69070339 -0.81192040 0.00000000
v 0.75632840 -0.94228029 -0.05601767
v 0.75632840 -0.94228029 -0.02800883
v 0.75632840 -0.94228029 0.00000000
v 0.75632840 -0.87710035 0.00000000
v 0.75632840 -0.81192040 0.00000000
v 0.69070339 -0.74674040 0.00000000
v 0.75632840 -0.74674040 0.00000000
v 0.82195342 -0.94228029 -0.11203533
v 0.82195342 -0.94228029 -0.08402650
v 0.88757843 -0.94228029 -0.11203533
v 0.88757843 -0.87710035 -0.11203533
v 0.88757843 -0.94228029 -0.08402650
v 0.88757843 -0.87710035 -0.08402650
v 0.88757843 -0.81192040 -0.11203533
v 0.88757843 -0.81192040 -0.08402650
v 0.82195342 -0.94228029 -0.05601767
v 0.82195342 -0.94228029 -0.02800883
v 0.82195342 -0.94228029 0.00000000
v 0.82195342 -0.87710035 0.00000000
v 0.82195342 -0.81192040 0.00000000
v 0.88757843 -0.94228029 -0.05601767
v 0.88757843 -0.87710035 -0.05601767
v 0.88757843 -0.94228029 -0.02800883
v 0.88757843 -0.94228029 0.00000000
v 0.88757843 -0.87710035 -0.02800883
v 0.88757843 -0.87710035 0.00000000
v 0.88757843 -0.81192040 -0.05601767
v 0.88757843 -0.81192040 -0.02800883
v 0.88757843 -0.81192040 0.00000000
v 0.88757843 -0.74674040 -0.11203533
v 0.88757843 -0.74674040 -0.08402650
v 0.82195342 -0.74674040 0.00000000
v 0.88757843 -0.74674040 -0.05601767
v 0.88757843 -0.74674040 -0.02800883
v 0.88757843 -0.74674040 0.00000000
v 0.88757843 -0.68156046 -0.22407067
v 0.88757843 -0.61638051 -0.22407067
v 0.88757843 -0.68156046 -0.19606183
v 0.88757843 -0.61638051 -0.19606183
v 0.88757843 -0.55120057 -0.22407067
v 0.88757843 -0.55120057 -0.19606183
v 0.88757843 -0.68156046 -0.16805300
v 0.88757843 -0.61638051 -0.16805300
v 0.88757843 -0.68156046 -0.14004417
v 0.88757843 -0.61638051 -0.14004417
v 0.88757843 -0.55120057 -0.16805300
v 0.88757843 -0.55120057 -0.14004417
v 0.88757843 -0.48602059 -0.22407067
v 0.88757843 -0.48602059 -0.19606183
v 0.88757843 -0.48602059 -0.16805300
v 0.88757843 -0.48602059 -0.14004417
v 0.69070339 -0.68156046 0.00000000
v 0.69070339 -0.61638051 0.00000000
v 0.69070339 -0.55120057 0.00000000
v 0.75632840 -0.68156046 0.00000000
v 0.75632840 -0.61638051 0.00000000
v 0.75632840 -0.55120057 0.00000000
v 0.69070339 -0.48602059 0.00000000
v 0.75632840 -0.48602059 0.00000000
v 0.88757843 -0.68156046 -0.11203533
v 0.88757843 -0.61638051 -0.11203533
v 0.88757843 -0.68156046 -0.08402650
v 0.88757843 -0.61638051 -0.08402650
v 0.88757843 -0.55120057 -0.11203533
v 0.88757843 -0.55120057 -0.08402650
v 0.82195342 -0.68156046 0.00000000
v 0.82195342 -0.61638051 0.00000000
v 0.82195342 -0.55120057 0.00000000
v 0.88757843 -0.68156046 -0.05601767
v 0.88757843 -0.61638051 -0.05601767
v 0.88757843 -0.68156046 -0.02800883
v 0.88757843 -0.68156046 0.00000000
v 0.88757843 -0.61638051 -0.02800883
v 0.88757843 -0.61638051 0.00000000
v 0.88757843 -0.55120057 -0.05601767
v 0.88757843 -0.55120057 -0.02800883
v 0.88757843 -0.55120057 0.00000000
v 0.88757843 -0.48602059 -0.11203533
v 0.88757843 -0.48602059 -0.08402650
v 0.82195342 -0.48602059 0.00000000
v 0.88757843 -0.48602059 -0.05601767
v 0.88757843 -0.48602059 -0.02800883
v 0.88757843 -0.48602059 0.00000000
v 0.88757843 -0.42084062 -0.44814134
v 0.88757843 -0.42084062 -0.42013252
v 0.88757843 -0.35566068 -0.44814134
v 0.88757843 -0.35566068 -0.42013252
v 0.88757843 -0.42084062 -0.39212367
v 0.88757843 -0.42084062 -0.36411485
v 0.88757843 -0.35566068 -0.39212367
v 0.88757843 -0.35566068 -0.36411485
v 0.88757843 -0.29048070 -0.44814134
v 0.88757843 -0.29048070 -0.42013252
v 0.88757843 -0.22530074 -0.44814134
v 0.88757843 -0.22530074 -0.42013252
v 0.88757843 -0.29048070 -0.39212367
v 0.88757843 -0.29048070 -0.36411485
v 0.88757843 -0.22530074 -0.39212367
v 0.88757843 -0.22530074 -0.36411485
v 0.88757843 -0.42084062 -0.33610600
v 0.88757843 -0.42084062 -0.30809718
v 0.88757843 -0.35566068 -0.33610600
v 0.88757843 -0.35566068 -0.30809718
v 0.88757843 -0.42084062 -0.28008834
v 0.88757843 -0.42084062 -0.25207952
v 0.88757843 -0.35566068 -0.28008834
v 0.88757843 -0.35566068 -0.25207952
v 0.88757843 -0.29048070 -0.33610600
v 0.88757843 -0.29048070 -0.30809718
v 0.88757843 -0.22530074 -0.33610600
v 0.88757843 -0.22530074 -0.30809718
v 0.88757843 -0.29048070 -0.28008834
v 0.88757843 -0.29048070 -0.25207952
v 0.88757843 -0.22530074 -0.28008834
v 0.88757843 -0.22530074 -0.25207952
v 0.88757843 -0.16012079 -0.44814134
v 0.88757843 -0.16012079 -0.42013252
v 0.88757843 -0.09494083 -0.44814134
v 0.88757843 -0.09494083 -0.42013252
v 0.88757843 -0.02976087 -0.44814134
v 0.88757843 -0.02976087 -0.42013252
v 0.88757843 -0.16012079 -0.39212367
v 0.88757843 -0.16012079 -0.36411485
v 0.88757843 -0.09494083 -0.39212367
v 0.88757843 -0.09494083 -0.36411485
v 0.88757843 -0.02976087 -0.39212367
v 0.88757843 -0.02976087 -0.36411485
v 0.88757843 0.03541909 -0.44814134
v 0.88757843 0.03541909 -0.42013252
v 0.88757843 0.03541909 -0.39212367
v 0.88757843 0.03541909 -0.36411485
v 0.88757843 -0.16012079 -0.33610600
v 0.88757843 -0.16012079 -0.30809718
v 0.88757843 -0.09494083 -0.33610600
v 0.88757843 -0.09494083 -0.30809718
v 0.88757843 -0.02976087 -0.33610600
v 0.88757843 -0.02976087 -0.30809718
v 0.88757843 -0.16012079 -0.28008834
v 0.88757843 -0.16012079 -0.25207952
v 0.88757843 -0.09494083 -0.28008834
v 0.88757843 -0.09494083 -0.25207952
v 0.88757843 -0.02976087 -0.28008834
v 0.88757843 -0.02976087 -0.25207952
v 0.88757843 0.03541909 -0.33610600
v 0.88757843 0.03541909 -0.30809718
v 0.88757843 0.03541909 -0.28008834
v 0.88757843 0.03541909 -0.25207952
v 0.36557361 -0.19382250 -0.12847731
v 0.37538260 -0.38580289 -0.06211600
v 0.36843830 -0.33773631 -0.10771520
v 0.38582611 -0.30525401 -0.09251610
v 0.40383479 -0.29175541 -0.05954790
v 0.37547189 -0.40544280 -0.05083630
v 0.41217610 -0.37654501 -0.03343380
v 0.39352661 -0.34098929 -0.05406090
v 0.40681460 -0.35060549 -0.02456050
v 0.42320511 -0.30639997 0.00000000
v 0.44599959 -0.39122641 -0.04618120
v 0.48343721 -0.40266329 -0.04467520
v 0.48338240 -0.36866969 -0.03349780
v 0.44247541 -0.33950549 -0.01176160
v 0.44310898 -0.32508987 0.00000000
v 0.45474029 -0.32403955 0.00000000
v 0.43507969 -0.31162640 0.00000000
v 0.38942230 -0.26208481 -0.08979260
v 0.39367431 -0.20564210 -0.07939910
v 0.40706810 -0.17608280 -0.06447340
v 0.41825771 -0.23140600 -0.03755230
v 0.41900960 -0.27137560 -0.02156290
v 0.42820337 -0.29048070 0.00000000
v 0.42624491 -0.28438389 0.00000000
v 0.42916235 -0.25796708 0.00000000
v 0.43188417 -0.23792006 0.00000000
v 0.49382839 -0.29048070 0.00000000
v 0.43242347 -0.18853688 0.00000000
v 0.43233663 -0.18131234 0.00000000
v 0.43301418 -0.17256202 0.00000000
v 0.49382839 -0.22530074 0.00000000
v 0.51357639 -0.39380199 -0.02789440
v 0.53427368 -0.41271180 0.00000000
v 0.53801394 -0.38835508 0.00000000
v 0.55945337 -0.42084062 0.00000000
v 0.53491122 -0.36339539 0.00000000
v 0.55945337 -0.35566068 0.00000000
v 0.50228918 -0.32646140 0.00000000
v 0.52361470 -0.34323132 0.00000000
v 0.51147211 -0.33368900 -0.00494120
v 0.51167572 -0.32761014 0.00000000
v 0.51678067 -0.32972270 0.00000000
v 0.62507838 -0.42084062 0.00000000
v 0.62507838 -0.35566068 0.00000000
v 0.55945337 -0.29048070 0.00000000
v 0.55945337 -0.22530074 0.00000000
v 0.62507838 -0.29048070 0.00000000
v 0.62507838 -0.22530074 0.00000000
v 0.37028459 -0.14692570 -0.13997389
v 0.37363061 -0.09274730 -0.12132390
v 0.40098229 -0.13764240 -0.08853000
v 0.39707521 -0.10656210 -0.09462480
v 0.40060991 -0.07136500 -0.07210690
v 0.42310950 -0.10979390 -0.03452140
v 0.42733979 -0.14059250 -0.02046660
v 0.42067859 -0.07953610 -0.02558800
v 0.42683944 -0.07342508 0.00000000
v 0.41719720 -0.03654101 0.00000000
v 0.42820337 -0.02976087 0.00000000
v 0.43031088 -0.14772490 0.00000000
v 0.43179673 -0.13463075 0.00000000
v 0.43118715 -0.11644592 0.00000000
v 0.49382839 -0.16012079 0.00000000
v 0.42860889 -0.08428638 0.00000000
v 0.49382839 -0.09494083 0.00000000
v 0.49382839 -0.02976087 0.00000000
v 0.37700361 -0.02570430 -0.07521240
v 0.39750901 -0.02180790 -0.03843470
v 0.38858289 0.02483500 -0.01938200
v 0.39298862 0.03019644 0.00000000
v 0.40661922 -0.00474307 0.00000000
v 0.41208652 -0.02027327 0.00000000
v 0.36693040 0.04969140 -0.03096670
v 0.36563367 0.07602440 0.00000000
v 0.42820337 0.03541909 0.00000000
v 0.49382839 0.03541909 0.00000000
v 0.55945337 -0.16012079 0.00000000
v 0.55945337 -0.09494083 0.00000000
v 0.55945337 -0.02976087 0.00000000
v 0.62507838 -0.16012079 0.00000000
v 0.62507838 -0.09494083 0.00000000
v 0.62507838 -0.02976087 0.00000000
v 0.55945337 0.03541909 0.00000000
v 0.62507838 0.03541909 0.00000000
v 0.88757843 -0.42084062 -0.22407067
v 0.88757843 -0.35566068 -0.22407067
v 0.88757843 -0.42084062 -0.19606183
v 0.88757843 -0.35566068 -0.19606183
v 0.88757843 -0.42084062 -0.16805300
v 0.88757843 -0.35566068 -0.16805300
v 0.88757843 -0.42084062 -0.14004417
v 0.88757843 -0.35566068 -0.14004417
v 0.88757843 -0.29048070 -0.22407067
v 0.88757843 -0.29048070 -0.19606183
v 0.88757843 -0.22530074 -0.22407067
v 0.88757843 -0.22530074 -0.19606183
v 0.88757843 -0.29048070 -0.16805300
v 0.88757843 -0.29048070 -0.14004417
v 0.88757843 -0.22530074 -0.16805300
v 0.88757843 -0.22530074 -0.14004417
v 0.69070339 -0.42084062 0.00000000
v 0.69070339 -0.35566068 0.00000000
v 0.75632840 -0.42084062 0.00000000
v 0.75632840 -0.35566068 0.00000000
v 0.69070339 -0.29048070 0.00000000
v 0.69070339 -0.22530074 0.00000000
v 0.75632840 -0.29048070 0.00000000
v 0.75632840 -0.22530074 0.00000000
v 0.88757843 -0.42084062 -0.11203533
v 0.88757843 -0.35566068 -0.11203533
v 0.88757843 -0.42084062 -0.08402650
v 0.88757843 -0.35566068 -0.08402650
v 0.82195342 -0.42084062 0.00000000
v 0.82195342 -0.35566068 0.00000000
v 0.88757843 -0.42084062 -0.05601767
v 0.88757843 -0.35566068 -0.05601767
v 0.88757843 -0.42084062 -0.02800883
v 0.88757843 -0.42084062 0.00000000
v 0.88757843 -0.35566068 -0.02800883
v 0.88757843 -0.35566068 0.00000000
v 0.88757843 -0.29048070 -0.11203533
v 0.88757843 -0.29048070 -0.08402650
v 0.88757843 -0.22530074 -0.11203533
v 0.88757843 -0.22530074 -0.08402650
v 0.82195342 -0.29048070 0.00000000
v 0.82195342 -0.22530074 0.00000000
v 0.88757843 -0.29048070 -0.05601767
v 0.88757843 -0.29048070 -0.02800883
v 0.88757843 -0.29048070 0.00000000
v 0.88757843 -0.22530074 -0.05601767
v 0.88757843 -0.22530074 -0.02800883
v 0.88757843 -0.22530074 0.00000000
v 0.88757843 -0.16012079 -0.22407067
v 0.88757843 -0.16012079 -0.19606183
v 0.88757843 -0.09494083 -0.22407067
v 0.88757843 -0.02976087 -0.22407067
v 0.88757843 -0.09494083 -0.19606183
v 0.88757843 -0.02976087 -0.19606183
v 0.88757843 -0.16012079 -0.16805300
v 0.88757843 -0.16012079 -0.14004417
v 0.88757843 -0.09494083 -0.16805300
v 0.88757843 -0.02976087 -0.16805300
v 0.88757843 -0.09494083 -0.14004417
v 0.88757843 -0.02976087 -0.14004417
v 0.88757843 0.03541909 -0.22407067
v 0.88757843 0.03541909 -0.19606183
v 0.88757843 0.03541909 -0.16805300
v 0.88757843 0.03541909 -0.14004417
v 0.69070339 -0.16012079 0.00000000
v 0.69070339 -0.09494083 0.00000000
v 0.69070339 -0.02976087 0.00000000
v 0.75632840 -0.16012079 0.00000000
v 0.75632840 -0.09494083 0.00000000
v 0.75632840 -0.02976087 0.00000000
v 0.69070339 0.03541909 0.00000000
v 0.75632840 0.03541909 0.00000000
v 0.88757843 -0.16012079 -0.11203533
v 0.88757843 -0.16012079 -0.08402650
v 0.88757843 -0.09494083 -0.11203533
v 0.88757843 -0.02976087 -0.11203533
v 0.88757843 -0.09494083 -0.08402650
v 0.88757843 -0.02976087 -0.08402650
v 0.82195342 -0.16012079 0.00000000
v 0.82195342 -0.09494083 0.00000000
v 0.82195342 -0.02976087 0.00000000
v 0.88757843 -0.16012079 -0.05601767
v 0.88757843 -0.16012079 -0.02800883
v 0.88757843 -0.16012079 0.00000000
v 0.88757843 -0.09494083 -0.05601767
v 0.88757843 -0.02976087 -0.05601767
v 0.88757843 -0.09494083 -0.02800883
v 0.88757843 -0.09494083 0.00000000
v 0.88757843 -0.02976087 -0.02800883
v 0.88757843 -0.02976087 0.00000000
v 0.88757843 0.03541909 -0.11203533
v 0.88757843 0.03541909 -0.08402650
v 0.82195342 0.03541909 0.00000000
v 0.88757843 0.03541909 -0.05601767
v 0.88757843 0.03541909 -0.02800883
v 0.88757843 0.03541909 0.00000000
v -0.09679665 0.10059905 -0.89628267
v -0.09679665 0.16577901 -0.89628267
v -0.03117164 0.10059905 -0.89628267
v -0.03117164 0.16577901 -0.89628267
v -0.09679665 0.23095897 -0.89628267
v -0.09679665 0.29613894 -0.89628267
v -0.03117164 0.23095897 -0.89628267
v -0.03117164 0.29613894 -0.89628267
v 0.03445336 0.10059905 -0.89628267
v 0.03445336 0.16577901 -0.89628267
v 0.10007836 0.10059905 -0.89628267
v 0.10007836 0.16577901 -0.89628267
v 0.03445336 0.23095897 -0.89628267
v 0.03445336 0.29613894 -0.89628267
v 0.10007836 0.23095897 -0.89628267
v 0.10007836 0.29613894 -0.89628267
v -0.09679665 0.36131889 -0.89628267
v -0.09679665 0.42649886 -0.89628267
v -0.03117164 0.36131889 -0.89628267
v -0.03117164 0.42649886 -0.89628267
v -0.09679665 0.49167880 -0.89628267
v -0.09679665 0.55685878 -0.89628267
v -0.03117164 0.49167880 -0.89628267
v -0.03117164 0.55685878 -0.89628267
v 0.03445336 0.36131889 -0.89628267
v 0.03445336 0.42649886 -0.89628267
v 0.10007836 0.36131889 -0.89628267
v 0.10007836 0.42649886 -0.89628267
v 0.03445336 0.49167880 -0.89628267
v 0.03445336 0.55685878 -0.89628267
v 0.10007836 0.49167880 -0.89628267
v 0.10007836 0.55685878 -0.89628267
v 0.16570337 0.10059905 -0.89628267
v 0.16570337 0.16577901 -0.89628267
v 0.23132837 0.10059905 -0.89628267
v 0.23132837 0.16577901 -0.89628267
v 0.16570337 0.23095897 -0.89628267
v 0.16570337 0.29613894 -0.89628267
v 0.23132837 0.23095897 -0.89628267
v 0.23132837 0.29613894 -0.89628267
v 0.29695338 0.10059905 -0.89628267
v 0.29695338 0.16577901 -0.89628267
v 0.36257836 0.10059905 -0.89628267
v 0.36257836 0.16577901 -0.89628267
v 0.29695338 0.23095897 -0.89628267
v 0.29695338 0.29613894 -0.89628267
v 0.36257836 0.23095897 -0.89628267
v 0.36257836 0.29613894 -0.89628267
v 0.16570337 0.36131889 -0.89628267
v 0.16570337 0.42649886 -0.89628267
v 0.23132837 0.36131889 -0.89628267
v 0.23132837 0.42649886 -0.89628267
v 0.16570337 0.49167880 -0.89628267
v 0.16570337 0.55685878 -0.89628267
v 0.23132837 0.49167880 -0.89628267
v 0.23132837 0.55685878 -0.89628267
v 0.29695338 0.36131889 -0.89628267
v 0.29695338 0.42649886 -0.89628267
v 0.36257836 0.36131889 -0.89628267
v 0.36257836 0.42649886 -0.89628267
v 0.29695338 0.49167880 -0.89628267
v 0.29695338 0.55685878 -0.89628267
v 0.36257836 0.49167880 -0.89628267
v 0.36257836 0.55685878 -0.89628267
v -0.09679665 0.62203872 -0.89628267
v -0.09679665 0.68721867 -0.89628267
v -0.03117164 0.62203872 -0.89628267
v -0.03117164 0.68721867 -0.89628267
v -0.09679665 0.75239867 -0.89628267
v -0.09679665 0.81757861 -0.89628267
v -0.03117164 0.75239867 -0.89628267
v -0.03117164 0.81757861 -0.89628267
v 0.03445336 0.62203872 -0.89628267
v 0.03445336 0.68721867 -0.89628267
v 0.10007836 0.62203872 -0.89628267
v 0.10007836 0.68721867 -0.89628267
v 0.03445336 0.75239867 -0.89628267
v 0.03445336 0.81757861 -0.89628267
v 0.10007836 0.75239867 -0.89628267
v 0.10007836 0.81757861 -0.89628267
v -0.09679665 0.88275856 -0.89628267
v -0.09679665 0.94793850 -0.89628267
v -0.03117164 0.88275856 -0.89628267
v -0.03117164 0.94793850 -0.89628267
v -0.09679665 1.01311851 -0.89628267
v -0.09679665 1.07829845 -0.89628267
v -0.09679665 1.14347839 -0.89628267
v -0.09679665 1.14347839 -0.86827385
v -0.09679665 1.14347839 -0.84026504
v -0.03117164 1.01311851 -0.89628267
v -0.03117164 1.07829845 -0.89628267
v -0.03117164 1.14347839 -0.89628267
v -0.03117164 1.14347839 -0.86827385
v -0.03117164 1.14347839 -0.84026504
v -0.09679665 1.14347839 -0.81225622
v -0.03117164 1.14347839 -0.81225622
v 0.03445336 0.88275856 -0.89628267
v 0.03445336 0.94793850 -0.89628267
v 0.10007836 0.88275856 -0.89628267
v 0.10007836 0.94793850 -0.89628267
v 0.03445336 1.01311851 -0.89628267
v 0.03445336 1.07829845 -0.89628267
v 0.03445336 1.14347839 -0.89628267
v 0.03445336 1.14347839 -0.86827385
v 0.03445336 1.14347839 -0.84026504
v 0.10007836 1.01311851 -0.89628267
v 0.10007836 1.07829845 -0.89628267
v 0.10007836 1.14347839 -0.89628267
v 0.10007836 1.14347839 -0.86827385
v 0.10007836 1.14347839 -0.84026504
v 0.03445336 1.14347839 -0.81225622
v 0.10007836 1.14347839 -0.81225622
v -0.09679665 1.14347839 -0.78424734
v -0.09679665 1.14347839 -0.75623852
v -0.09679665 1.14347839 -0.72822970
v -0.03117164 1.14347839 -0.78424734
v -0.03117164 1.14347839 -0.75623852
v -0.03117164 1.14347839 -0.72822970
v -0.09679665 1.14347839 -0.70022088
v -0.03117164 1.14347839 -0.70022088
v 0.03445336 1.14347839 -0.78424734
v 0.03445336 1.14347839 -0.75623852
v 0.03445336 1.14347839 -0.72822970
v 0.10007836 1.14347839 -0.78424734
v 0.10007836 1.14347839 -0.75623852
v 0.10007836 1.14347839 -0.72822970
v 0.03445336 1.14347839 -0.70022088
v 0.10007836 1.14347839 -0.70022088
v 0.16570337 0.62203872 -0.89628267
v 0.16570337 0.68721867 -0.89628267
v 0.23132837 0.62203872 -0.89628267
v 0.23132837 0.68721867 -0.89628267
v 0.16570337 0.75239867 -0.89628267
v 0.16570337 0.81757861 -0.89628267
v 0.23132837 0.75239867 -0.89628267
v 0.23132837 0.81757861 -0.89628267
v 0.29695338 0.62203872 -0.89628267
v 0.29695338 0.68721867 -0.89628267
v 0.36257836 0.62203872 -0.89628267
v 0.36257836 0.68721867 -0.89628267
v 0.29695338 0.75239867 -0.89628267
v 0.29695338 0.81757861 -0.89628267
v 0.36257836 0.75239867 -0.89628267
v 0.36257836 0.81757861 -0.89628267
v 0.16570337 0.88275856 -0.89628267
v 0.16570337 0.94793850 -0.89628267
v 0.23132837 0.88275856 -0.89628267
v 0.23132837 0.94793850 -0.89628267
v 0.16570337 1.01311851 -0.89628267
v 0.16570337 1.07829845 -0.89628267
v 0.16570337 1.14347839 -0.89628267
v 0.16570337 1.14347839 -0.86827385
v 0.16570337 1.14347839 -0.84026504
v 0.23132837 1.01311851 -0.89628267
v 0.23132837 1.07829845 -0.89628267
v 0.23132837 1.14347839 -0.89628267
v 0.23132837 1.14347839 -0.86827385
v 0.23132837 1.14347839 -0.84026504
v 0.16570337 1.14347839 -0.81225622
v 0.23132837 1.14347839 -0.81225622
v 0.29695338 0.88275856 -0.89628267
v 0.29695338 0.94793850 -0.89628267
v 0.36257836 0.88275856 -0.89628267
v 0.36257836 0.94793850 -0.89628267
v 0.29695338 1.01311851 -0.89628267
v 0.29695338 1.07829845 -0.89628267
v 0.29695338 1.14347839 -0.89628267
v 0.29695338 1.14347839 -0.86827385
v 0.29695338 1.14347839 -0.84026504
v 0.36257836 1.01311851 -0.89628267
v 0.36257836 1.07829845 -0.89628267
v 0.36257836 1.14347839 -0.89628267
v 0.36257836 1.14347839 -0.86827385
v 0.36257836 1.14347839 -0.84026504
v 0.29695338 1.14347839 -0.81225622
v 0.36257836 1.14347839 -0.81225622
v 0.16570337 1.14347839 -0.78424734
v 0.16570337 1.14347839 -0.75623852
v 0.16570337 1.14347839 -0.72822970
v 0.23132837 1.14347839 -0.78424734
v 0.23132837 1.14347839 -0.75623852
v 0.23132837 1.14347839 -0.72822970
v 0.16570337 1.14347839 -0.70022088
v 0.23132837 1.14347839 -0.70022088
v 0.29695338 1.14347839 -0.78424734
v 0.29695338 1.14347839 -0.75623852
v 0.29695338 1.14347839 -0.72822970
v 0.36257836 1.14347839 -0.78424734
v 0.36257836 1.14347839 -0.75623852
v 0.36257836 1.14347839 -0.72822970
v 0.29695338 1.14347839 -0.70022088
v 0.36257836 1.14347839 -0.70022088
v -0.09679665 1.14347839 -0.67221200
v -0.09679665 1.14347839 -0.64420319
v -0.09679665 1.14347839 -0.61619437
v -0.03117164 1.14347839 -0.67221200
v -0.03117164 1.14347839 -0.64420319
v -0.03117164 1.14347839 -0.61619437
v -0.09679665 1.14347839 -0.58818555
v -0.03117164 1.14347839 -0.58818555
v 0.03445336 1.14347839 -0.67221200
v 0.03445336 1.14347839 -0.64420319
v 0.03445336 1.14347839 -0.61619437
v 0.10007836 1.14347839 -0.67221200
v 0.10007836 1.14347839 -0.64420319
v 0.10007836 1.14347839 -0.61619437
v 0.03445336 1.14347839 -0.58818555
v 0.10007836 1.14347839 -0.58818555
v -0.09679665 1.14347839 -0.56017667
v -0.09679665 1.14347839 -0.53216785
v -0.09679665 1.14347839 -0.50415903
v -0.03117164 1.14347839 -0.56017667
v -0.03117164 1.14347839 -0.53216785
v -0.03117164 1.14347839 -0.50415903
v -0.09679665 1.14347839 -0.47615018
v -0.03117164 1.14347839 -0.47615018
v 0.03445336 1.14347839 -0.56017667
v 0.03445336 1.14347839 -0.53216785
v 0.03445336 1.14347839 -0.50415903
v 0.10007836 1.14347839 -0.56017667
v 0.10007836 1.14347839 -0.53216785
v 0.10007836 1.14347839 -0.50415903
v 0.03445336 1.14347839 -0.47615018
v 0.10007836 1.14347839 -0.47615018
v 0.16570337 1.14347839 -0.67221200
v 0.16570337 1.14347839 -0.64420319
v 0.16570337 1.14347839 -0.61619437
v 0.23132837 1.14347839 -0.67221200
v 0.23132837 1.14347839 -0.64420319
v 0.23132837 1.14347839 -0.61619437
v 0.16570337 1.14347839 -0.58818555
v 0.23132837 1.14347839 -0.58818555
v 0.29695338 1.14347839 -0.67221200
v 0.29695338 1.14347839 -0.64420319
v 0.29695338 1.14347839 -0.61619437
v 0.36257836 1.14347839 -0.67221200
v 0.36257836 1.14347839 -0.64420319
v 0.36257836 1.14347839 -0.61619437
v 0.29695338 1.14347839 -0.58818555
v 0.36257836 1.14347839 -0.58818555
v 0.16570337 1.14347839 -0.56017667
v 0.16570337 1.14347839 -0.53216785
v 0.16570337 1.14347839 -0.50415903
v 0.23132837 1.14347839 -0.56017667
v 0.23132837 1.14347839 -0.53216785
v 0.23132837 1.14347839 -0.50415903
v 0.16570337 1.14347839 -0.47615018
v 0.23132837 1.14347839 -0.47615018
v 0.29695338 1.14347839 -0.56017667
v 0.29695338 1.14347839 -0.53216785
v 0.29695338 1.14347839 -0.50415903
v 0.36257836 1.14347839 -0.56017667
v 0.36257836 1.14347839 -0.53216785
v 0.36257836 1.14347839 -0.50415903
v 0.29695338 1.14347839 -0.47615018
v 0.36257836 1.14347839 -0.47615018
v 0.42820337 0.10059905 -0.89628267
v 0.42820337 0.16577901 -0.89628267
v 0.49382839 0.10059905 -0.89628267
v 0.49382839 0.16577901 -0.89628267
v 0.42820337 0.23095897 -0.89628267
v 0.42820337 0.29613894 -0.89628267
v 0.49382839 0.23095897 -0.89628267
v 0.49382839 0.29613894 -0.89628267
v 0.55945337 0.10059905 -0.89628267
v 0.55945337 0.16577901 -0.89628267
v 0.62507838 0.10059905 -0.89628267
v 0.62507838 0.16577901 -0.89628267
v 0.55945337 0.23095897 -0.89628267
v 0.55945337 0.29613894 -0.89628267
v 0.62507838 0.23095897 -0.89628267
v 0.62507838 0.29613894 -0.89628267
v 0.42820337 0.36131889 -0.89628267
v 0.42820337 0.42649886 -0.89628267
v 0.49382839 0.36131889 -0.89628267
v 0.49382839 0.42649886 -0.89628267
v 0.42820337 0.49167880 -0.89628267
v 0.42820337 0.55685878 -0.89628267
v 0.49382839 0.49167880 -0.89628267
v 0.49382839 0.55685878 -0.89628267
v 0.55945337 0.36131889 -0.89628267
v 0.55945337 0.42649886 -0.89628267
v 0.62507838 0.36131889 -0.89628267
v 0.62507838 0.42649886 -0.89628267
v 0.55945337 0.49167880 -0.89628267
v 0.55945337 0.55685878 -0.89628267
v 0.62507838 0.49167880 -0.89628267
v 0.62507838 0.55685878 -0.89628267
v 0.69070339 0.10059905 -0.89628267
v 0.69070339 0.16577901 -0.89628267
v 0.75632840 0.10059905 -0.89628267
v 0.75632840 0.16577901 -0.89628267
v 0.69070339 0.23095897 -0.89628267
v 0.69070339 0.29613894 -0.89628267
v 0.75632840 0.23095897 -0.89628267
v 0.75632840 0.29613894 -0.89628267
v 0.82195342 0.10059905 -0.89628267
v 0.82195342 0.16577901 -0.89628267
v 0.88757843 0.10059905 -0.89628267
v 0.88757843 0.10059905 -0.86827385
v 0.88757843 0.10059905 -0.84026504
v 0.88757843 0.16577901 -0.89628267
v 0.88757843 0.16577901 -0.86827385
v 0.88757843 0.16577901 -0.84026504
v 0.88757843 0.10059905 -0.81225622
v 0.88757843 0.16577901 -0.81225622
v 0.82195342 0.23095897 -0.89628267
v 0.82195342 0.29613894 -0.89628267
v 0.88757843 0.23095897 -0.89628267
v 0.88757843 0.23095897 -0.86827385
v 0.88757843 0.23095897 -0.84026504
v 0.88757843 0.29613894 -0.89628267
v 0.88757843 0.29613894 -0.86827385
v 0.88757843 0.29613894 -0.84026504
v 0.88757843 0.23095897 -0.81225622
v 0.88757843 0.29613894 -0.81225622
v 0.88757843 0.10059905 -0.78424734
v 0.88757843 0.10059905 -0.75623852
v 0.88757843 0.10059905 -0.72822970
v 0.88757843 0.16577901 -0.78424734
v 0.88757843 0.16577901 -0.75623852
v 0.88757843 0.16577901 -0.72822970
v 0.88757843 0.10059905 -0.70022088
v 0.88757843 0.16577901 -0.70022088
v 0.88757843 0.23095897 -0.78424734
v 0.88757843 0.23095897 -0.75623852
v 0.88757843 0.23095897 -0.72822970
v 0.88757843 0.29613894 -0.78424734
v 0.88757843 0.29613894 -0.75623852
v 0.88757843 0.29613894 -0.72822970
v 0.88757843 0.23095897 -0.70022088
v 0.88757843 0.29613894 -0.70022088
v 0.69070339 0.36131889 -0.89628267
v 0.69070339 0.42649886 -0.89628267
v 0.75632840 0.36131889 -0.89628267
v 0.75632840 0.42649886 -0.89628267
v 0.69070339 0.49167880 -0.89628267
v 0.69070339 0.55685878 -0.89628267
v 0.75632840 0.49167880 -0.89628267
v 0.75632840 0.55685878 -0.89628267
v 0.82195342 0.36131889 -0.89628267
v 0.82195342 0.42649886 -0.89628267
v 0.88757843 0.36131889 -0.89628267
v 0.88757843 0.36131889 -0.86827385
v 0.88757843 0.36131889 -0.84026504
v 0.88757843 0.42649886 -0.89628267
v 0.88757843 0.42649886 -0.86827385
v 0.88757843 0.42649886 -0.84026504
v 0.88757843 0.36131889 -0.81225622
v 0.88757843 0.42649886 -0.81225622
v 0.82195342 0.49167880 -0.89628267
v 0.82195342 0.55685878 -0.89628267
v 0.88757843 0.49167880 -0.89628267
v 0.88757843 0.49167880 -0.86827385
v 0.88757843 0.49167880 -0.84026504
v 0.88757843 0.55685878 -0.89628267
v 0.88757843 0.55685878 -0.86827385
v 0.88757843 0.55685878 -0.84026504
v 0.88757843 0.49167880 -0.81225622
v 0.88757843 0.55685878 -0.81225622
v 0.88757843 0.36131889 -0.78424734
v 0.88757843 0.36131889 -0.75623852
v 0.88757843 0.36131889 -0.72822970
v 0.88757843 0.42649886 -0.78424734
v 0.88757843 0.42649886 -0.75623852
v 0.88757843 0.42649886 -0.72822970
v 0.88757843 0.36131889 -0.70022088
v 0.88757843 0.42649886 -0.70022088
v 0.88757843 0.49167880 -0.78424734
v 0.88757843 0.49167880 -0.75623852
v 0.88757843 0.49167880 -0.72822970
v 0.88757843 0.55685878 -0.78424734
v 0.88757843 0.55685878 -0.75623852
v 0.88757843 0.55685878 -0.72822970
v 0.88757843 0.49167880 -0.70022088
v 0.88757843 0.55685878 -0.70022088
v 0.88757843 0.10059905 -0.67221200
v 0.88757843 0.10059905 -0.64420319
v 0.88757843 0.10059905 -0.61619437
v 0.88757843 0.16577901 -0.67221200
v 0.88757843 0.16577901 -0.64420319
v 0.88757843 0.16577901 -0.61619437
v 0.88757843 0.10059905 -0.58818555
v 0.88757843 0.16577901 -0.58818555
v 0.88757843 0.23095897 -0.67221200
v 0.88757843 0.23095897 -0.64420319
v 0.88757843 0.23095897 -0.61619437
v 0.88757843 0.29613894 -0.67221200
v 0.88757843 0.29613894 -0.64420319
v 0.88757843 0.29613894 -0.61619437
v 0.88757843 0.23095897 -0.58818555
v 0.88757843 0.29613894 -0.58818555
v 0.88757843 0.10059905 -0.56017667
v 0.88757843 0.10059905 -0.53216785
v 0.88757843 0.10059905 -0.50415903
v 0.88757843 0.16577901 -0.56017667
v 0.88757843 0.16577901 -0.53216785
v 0.88757843 0.16577901 -0.50415903
v 0.88757843 0.10059905 -0.47615018
v 0.88757843 0.16577901 -0.47615018
v 0.88757843 0.23095897 -0.56017667
v 0.88757843 0.23095897 -0.53216785
v 0.88757843 0.23095897 -0.50415903
v 0.88757843 0.29613894 -0.56017667
v 0.88757843 0.29613894 -0.53216785
v 0.88757843 0.29613894 -0.50415903
v 0.88757843 0.23095897 -0.47615018
v 0.88757843 0.29613894 -0.47615018
v 0.88757843 0.36131889 -0.67221200
v 0.88757843 0.36131889 -0.64420319
v 0.88757843 0.36131889 -0.61619437
v 0.88757843 0.42649886 -0.67221200
v 0.88757843 0.42649886 -0.64420319
v 0.88757843 0.42649886 -0.61619437
v 0.88757843 0.36131889 -0.58818555
v 0.88757843 0.42649886 -0.58818555
v 0.88757843 0.49167880 -0.67221200
v 0.88757843 0.49167880 -0.64420319
v 0.88757843 0.49167880 -0.61619437
v 0.88757843 0.55685878 -0.67221200
v 0.88757843 0.55685878 -0.64420319
v 0.88757843 0.55685878 -0.61619437
v 0.88757843 0.49167880 -0.58818555
v 0.88757843 0.55685878 -0.58818555
v 0.88757843 0.36131889 -0.56017667
v 0.88757843 0.36131889 -0.53216785
v 0.88757843 0.36131889 -0.50415903
v 0.88757843 0.42649886 -0.56017667
v 0.88757843 0.42649886 -0.53216785
v 0.88757843 0.42649886 -0.50415903
v 0.88757843 0.36131889 -0.47615018
v 0.88757843 0.42649886 -0.47615018
v 0.88757843 0.49167880 -0.56017667
v 0.88757843 0.49167880 -0.53216785
v 0.88757843 0.49167880 -0.50415903
v 0.88757843 0.55685878 -0.56017667
v 0.88757843 0.55685878 -0.53216785
v 0.88757843 0.55685878 -0.50415903
v 0.88757843 0.49167880 -0.47615018
v 0.88757843 0.55685878 -0.47615018
v 0.42820337 0.62203872 -0.89628267
v 0.42820337 0.68721867 -0.89628267
v 0.49382839 0.62203872 -0.89628267
v 0.49382839 0.68721867 -0.89628267
v 0.42820337 0.75239867 -0.89628267
v 0.42820337 0.81757861 -0.89628267
v 0.49382839 0.75239867 -0.89628267
v 0.49382839 0.81757861 -0.89628267
v 0.55945337 0.62203872 -0.89628267
v 0.55945337 0.68721867 -0.89628267
v 0.62507838 0.62203872 -0.89628267
v 0.62507838 0.68721867 -0.89628267
v 0.55945337 0.75239867 -0.89628267
v 0.55945337 0.81757861 -0.89628267
v 0.62507838 0.75239867 -0.89628267
v 0.62507838 0.81757861 -0.89628267
v 0.42820337 0.88275856 -0.89628267
v 0.42820337 0.94793850 -0.89628267
v 0.49382839 0.88275856 -0.89628267
v 0.49382839 0.94793850 -0.89628267
v 0.42820337 1.01311851 -0.89628267
v 0.42820337 1.07829845 -0.89628267
v 0.42820337 1.14347839 -0.89628267
v 0.42820337 1.14347839 -0.86827385
v 0.42820337 1.14347839 -0.84026504
v 0.49382839 1.01311851 -0.89628267
v 0.49382839 1.07829845 -0.89628267
v 0.49382839 1.14347839 -0.89628267
v 0.49382839 1.14347839 -0.86827385
v 0.49382839 1.14347839 -0.84026504
v 0.42820337 1.14347839 -0.81225622
v 0.49382839 1.14347839 -0.81225622
v 0.55945337 0.88275856 -0.89628267
v 0.55945337 0.94793850 -0.89628267
v 0.62507838 0.88275856 -0.89628267
v 0.62507838 0.94793850 -0.89628267
v 0.55945337 1.01311851 -0.89628267
v 0.55945337 1.07829845 -0.89628267
v 0.55945337 1.14347839 -0.89628267
v 0.55945337 1.14347839 -0.86827385
v 0.55945337 1.14347839 -0.84026504
v 0.62507838 1.01311851 -0.89628267
v 0.62507838 1.07829845 -0.89628267
v 0.62507838 1.14347839 -0.89628267
v 0.62507838 1.14347839 -0.86827385
v 0.62507838 1.14347839 -0.84026504
v 0.55945337 1.14347839 -0.81225622
v 0.62507838 1.14347839 -0.81225622
v 0.42820337 1.14347839 -0.78424734
v 0.42820337 1.14347839 -0.75623852
v 0.42820337 1.14347839 -0.72822970
v 0.49382839 1.14347839 -0.78424734
v 0.49382839 1.14347839 -0.75623852
v 0.49382839 1.14347839 -0.72822970
v 0.42820337 1.14347839 -0.70022088
v 0.49382839 1.14347839 -0.70022088
v 0.55945337 1.14347839 -0.78424734
v 0.55945337 1.14347839 -0.75623852
v 0.55945337 1.14347839 -0.72822970
v 0.62507838 1.14347839 -0.78424734
v 0.62507838 1.14347839 -0.75623852
v 0.62507838 1.14347839 -0.72822970
v 0.55945337 1.14347839 -0.70022088
v 0.62507838 1.14347839 -0.70022088
v 0.69070339 0.62203872 -0.89628267
v 0.69070339 0.68721867 -0.89628267
v 0.75632840 0.62203872 -0.89628267
v 0.75632840 0.68721867 -0.89628267
v 0.69070339 0.75239867 -0.89628267
v 0.69070339 0.81757861 -0.89628267
v 0.75632840 0.75239867 -0.89628267
v 0.75632840 0.81757861 -0.89628267
v 0.82195342 0.62203872 -0.89628267
v 0.82195342 0.68721867 -0.89628267
v 0.88757843 0.62203872 -0.89628267
v 0.88757843 0.62203872 -0.86827385
v 0.88757843 0.68721867 -0.89628267
v 0.88757843 0.68721867 -0.86827385
v 0.88757843 0.62203872 -0.84026504
v 0.88757843 0.68721867 -0.84026504
v 0.88757843 0.62203872 -0.81225622
v 0.88757843 0.68721867 -0.81225622
v 0.82195342 0.75239867 -0.89628267
v 0.82195342 0.81757861 -0.89628267
v 0.88757843 0.75239867 -0.89628267
v 0.88757843 0.75239867 -0.86827385
v 0.88757843 0.75239867 -0.84026504
v 0.88757843 0.81757861 -0.89628267
v 0.88757843 0.81757861 -0.86827385
v 0.88757843 0.81757861 -0.84026504
v 0.88757843 0.75239867 -0.81225622
v 0.88757843 0.81757861 -0.81225622
v 0.88757843 0.62203872 -0.78424734
v 0.88757843 0.62203872 -0.75623852
v 0.88757843 0.68721867 -0.78424734
v 0.88757843 0.68721867 -0.75623852
v 0.88757843 0.62203872 -0.72822970
v 0.88757843 0.68721867 -0.72822970
v 0.88757843 0.62203872 -0.70022088
v 0.88757843 0.68721867 -0.70022088
v 0.88757843 0.75239867 -0.78424734
v 0.88757843 0.75239867 -0.75623852
v 0.88757843 0.75239867 -0.72822970
v 0.88757843 0.81757861 -0.78424734
v 0.88757843 0.81757861 -0.75623852
v 0.88757843 0.81757861 -0.72822970
v 0.88757843 0.75239867 -0.70022088
v 0.88757843 0.81757861 -0.70022088
v 0.69070339 0.88275856 -0.89628267
v 0.69070339 0.94793850 -0.89628267
v 0.75632840 0.88275856 -0.89628267
v 0.75632840 0.94793850 -0.89628267
v 0.69070339 1.01311851 -0.89628267
v 0.69070339 1.07829845 -0.89628267
v 0.69070339 1.14347839 -0.89628267
v 0.69070339 1.14347839 -0.86827385
v 0.69070339 1.14347839 -0.84026504
v 0.75632840 1.01311851 -0.89628267
v 0.75632840 1.07829845 -0.89628267
v 0.75632840 1.14347839 -0.89628267
v 0.75632840 1.14347839 -0.86827385
v 0.75632840 1.14347839 -0.84026504
v 0.69070339 1.14347839 -0.81225622
v 0.75632840 1.14347839 -0.81225622
v 0.82195342 0.88275856 -0.89628267
v 0.82195342 0.94793850 -0.89628267
v 0.88757843 0.88275856 -0.89628267
v 0.88757843 0.88275856 -0.86827385
v 0.88757843 0.94793850 -0.89628267
v 0.88757843 0.94793850 -0.86827385
v 0.88757843 0.88275856 -0.84026504
v 0.88757843 0.94793850 -0.84026504
v 0.88757843 0.88275856 -0.81225622
v 0.88757843 0.94793850 -0.81225622
v 0.82195342 1.01311851 -0.89628267
v 0.82195342 1.07829845 -0.89628267
v 0.82195342 1.14347839 -0.89628267
v 0.82195342 1.14347839 -0.86827385
v 0.82195342 1.14347839 -0.84026504
v 0.88757843 1.01311851 -0.89628267
v 0.88757843 1.01311851 -0.86827385
v 0.88757843 1.01311851 -0.84026504
v 0.88757843 1.07829845 -0.89628267
v 0.88757843 1.07829845 -0.86827385
v 0.88757843 1.14347839 -0.89628267
v 0.88757843 1.14347839 -0.86827385
v 0.88757843 1.07829845 -0.84026504
v 0.88757843 1.14347839 -0.84026504
v 0.82195342 1.14347839 -0.81225622
v 0.88757843 1.01311851 -0.81225622
v 0.88757843 1.07829845 -0.81225622
v 0.88757843 1.14347839 -0.81225622
v 0.69070339 1.14347839 -0.78424734
v 0.69070339 1.14347839 -0.75623852
v 0.69070339 1.14347839 -0.72822970
v 0.75632840 1.14347839 -0.78424734
v 0.75632840 1.14347839 -0.75623852
v 0.75632840 1.14347839 -0.72822970
v 0.69070339 1.14347839 -0.70022088
v 0.75632840 1.14347839 -0.70022088
v 0.88757843 0.88275856 -0.78424734
v 0.88757843 0.88275856 -0.75623852
v 0.88757843 0.94793850 -0.78424734
v 0.88757843 0.94793850 -0.75623852
v 0.88757843 0.88275856 -0.72822970
v 0.88757843 0.94793850 -0.72822970
v 0.88757843 0.88275856 -0.70022088
v 0.88757843 0.94793850 -0.70022088
v 0.82195342 1.14347839 -0.78424734
v 0.82195342 1.14347839 -0.75623852
v 0.82195342 1.14347839 -0.72822970
v 0.88757843 1.01311851 -0.78424734
v 0.88757843 1.01311851 -0.75623852
v 0.88757843 1.01311851 -0.72822970
v 0.88757843 1.07829845 -0.78424734
v 0.88757843 1.07829845 -0.75623852
v 0.88757843 1.14347839 -0.78424734
v 0.88757843 1.14347839 -0.75623852
v 0.88757843 1.07829845 -0.72822970
v 0.88757843 1.14347839 -0.72822970
v 0.82195342 1.14347839 -0.70022088
v 0.88757843 1.01311851 -0.70022088
v 0.88757843 1.07829845 -0.70022088
v 0.88757843 1.14347839 -0.70022088
v 0.42820337 1.14347839 -0.67221200
v 0.42820337 1.14347839 -0.64420319
v 0.42820337 1.14347839 -0.61619437
v 0.49382839 1.14347839 -0.67221200
v 0.49382839 1.14347839 -0.64420319
v 0.49382839 1.14347839 -0.61619437
v 0.42820337 1.14347839 -0.58818555
v 0.49382839 1.14347839 -0.58818555
v 0.55945337 1.14347839 -0.67221200
v 0.55945337 1.14347839 -0.64420319
v 0.55945337 1.14347839 -0.61619437
v 0.62507838 1.14347839 -0.67221200
v 0.62507838 1.14347839 -0.64420319
v 0.62507838 1.14347839 -0.61619437
v 0.55945337 1.14347839 -0.58818555
v 0.62507838 1.14347839 -0.58818555
v 0.42820337 1.14347839 -0.56017667
v 0.42820337 1.14347839 -0.53216785
v 0.42820337 1.14347839 -0.50415903
v 0.49382839 1.14347839 -0.56017667
v 0.49382839 1.14347839 -0.53216785
v 0.49382839 1.14347839 -0.50415903
v 0.42820337 1.14347839 -0.47615018
v 0.49382839 1.14347839 -0.47615018
v 0.55945337 1.14347839 -0.56017667
v 0.55945337 1.14347839 -0.53216785
v 0.55945337 1.14347839 -0.50415903
v 0.62507838 1.14347839 -0.56017667
v 0.62507838 1.14347839 -0.53216785
v 0.62507838 1.14347839 -0.50415903
v 0.55945337 1.14347839 -0.47615018
v 0.62507838 1.14347839 -0.47615018
v 0.88757843 0.62203872 -0.67221200
v 0.88757843 0.62203872 -0.64420319
v 0.88757843 0.68721867 -0.67221200
v 0.88757843 0.68721867 -0.64420319
v 0.88757843 0.62203872 -0.61619437
v 0.88757843 0.68721867 -0.61619437
v 0.88757843 0.62203872 -0.58818555
v 0.88757843 0.68721867 -0.58818555
v 0.88757843 0.75239867 -0.67221200
v 0.88757843 0.75239867 -0.64420319
v 0.88757843 0.75239867 -0.61619437
v 0.88757843 0.81757861 -0.67221200
v 0.88757843 0.81757861 -0.64420319
v 0.88757843 0.81757861 -0.61619437
v 0.88757843 0.75239867 -0.58818555
v 0.88757843 0.81757861 -0.58818555
v 0.88757843 0.62203872 -0.56017667
v 0.88757843 0.62203872 -0.53216785
v 0.88757843 0.68721867 -0.56017667
v 0.88757843 0.68721867 -0.53216785
v 0.88757843 0.62203872 -0.50415903
v 0.88757843 0.68721867 -0.50415903
v 0.88757843 0.62203872 -0.47615018
v 0.88757843 0.68721867 -0.47615018
v 0.88757843 0.75239867 -0.56017667
v 0.88757843 0.75239867 -0.53216785
v 0.88757843 0.75239867 -0.50415903
v 0.88757843 0.81757861 -0.56017667
v 0.88757843 0.81757861 -0.53216785
v 0.88757843 0.81757861 -0.50415903
v 0.88757843 0.75239867 -0.47615018
v 0.88757843 0.81757861 -0.47615018
v 0.69070339 1.14347839 -0.67221200
v 0.69070339 1.14347839 -0.64420319
v 0.69070339 1.14347839 -0.61619437
v 0.75632840 1.14347839 -0.67221200
v 0.75632840 1.14347839 -0.64420319
v 0.75632840 1.14347839 -0.61619437
v 0.69070339 1.14347839 -0.58818555
v 0.75632840 1.14347839 -0.58818555
v 0.88757843 0.88275856 -0.67221200
v 0.88757843 0.88275856 -0.64420319
v 0.88757843 0.94793850 -0.67221200
v 0.88757843 0.94793850 -0.64420319
v 0.88757843 0.88275856 -0.61619437
v 0.88757843 0.94793850 -0.61619437
v 0.88757843 0.88275856 -0.58818555
v 0.88757843 0.94793850 -0.58818555
v 0.82195342 1.14347839 -0.67221200
v 0.82195342 1.14347839 -0.64420319
v 0.82195342 1.14347839 -0.61619437
v 0.88757843 1.01311851 -0.67221200
v 0.88757843 1.01311851 -0.64420319
v 0.88757843 1.01311851 -0.61619437
v 0.88757843 1.07829845 -0.67221200
v 0.88757843 1.07829845 -0.64420319
v 0.88757843 1.14347839 -0.67221200
v 0.88757843 1.14347839 -0.64420319
v 0.88757843 1.07829845 -0.61619437
v 0.88757843 1.14347839 -0.61619437
v 0.82195342 1.14347839 -0.58818555
v 0.88757843 1.01311851 -0.58818555
v 0.88757843 1.07829845 -0.58818555
v 0.88757843 1.14347839 -0.58818555
v 0.69070339 1.14347839 -0.56017667
v 0.69070339 1.14347839 -0.53216785
v 0.69070339 1.14347839 -0.50415903
v 0.75632840 1.14347839 -0.56017667
v 0.75632840 1.14347839 -0.53216785
v 0.75632840 1.14347839 -0.50415903
v 0.69070339 1.14347839 -0.47615018
v 0.75632840 1.14347839 -0.47615018
v 0.88757843 0.88275856 -0.56017667
v 0.88757843 0.88275856 -0.53216785
v 0.88757843 0.94793850 -0.56017667
v 0.88757843 0.94793850 -0.53216785
v 0.88757843 0.88275856 -0.50415903
v 0.88757843 0.94793850 -0.50415903
v 0.88757843 0.88275856 -0.47615018
v 0.88757843 0.94793850 -0.47615018
v 0.82195342 1.14347839 -0.56017667
v 0.82195342 1.14347839 -0.53216785
v 0.82195342 1.14347839 -0.50415903
v 0.88757843 1.01311851 -0.56017667
v 0.88757843 1.01311851 -0.53216785
v 0.88757843 1.01311851 -0.50415903
v 0.88757843 1.07829845 -0.56017667
v 0.88757843 1.07829845 -0.53216785
v 0.88757843 1.14347839 -0.56017667
v 0.88757843 1.14347839 -0.53216785
v 0.88757843 1.07829845 -0.50415903
v 0.88757843 1.14347839 -0.50415903
v 0.82195342 1.14347839 -0.47615018
v 0.88757843 1.01311851 -0.47615018
v 0.88757843 1.07829845 -0.47615018
v 0.88757843 1.14347839 -0.47615018
v -0.08805850 0.11281610 -0.19860150
v -0.08078390 0.13523810 -0.17633310
v -0.05182580 0.12709790 -0.18961130
v -0.11943610 0.15294620 -0.15938720
v -0.14661559 0.17627411 -0.13984530
v -0.06465430 0.17135660 -0.14848571
v -0.02126750 0.11999060 -0.19004990
v 0.01791130 0.12844710 -0.19136091
v 0.07207430 0.11814490 -0.18904060
v 0.06897420 0.14438620 -0.17735630
v -0.01811060 0.15653650 -0.16598530
v 0.00819980 0.16389480 -0.16760610
v -0.00450340 0.19421560 -0.13158010
v 0.06202170 0.17551100 -0.15741320
v 0.04316700 0.20005260 -0.13468160
v 0.09100580 0.20758000 -0.12507580
v -0.11681260 0.21698900 -0.09389150
v -0.06840790 0.21900851 -0.10986530
v -0.08718070 0.24684229 -0.07532130
v -0.04236530 0.25773999 -0.06718440
v -0.15700440 0.24530990 -0.03528600
v -0.11727100 0.25114819 -0.05027860
v -0.14226693 0.26350895 0.00000000
v -0.13302349 0.26623622 0.00000000
v -0.11227297 0.27210489 0.00000000
v -0.09679665 0.29613894 0.00000000
v -0.07556410 0.27518550 -0.01878430
v -0.08904330 0.27663916 0.00000000
v -0.06390383 0.28141782 0.00000000
v -0.03117164 0.29613894 0.00000000
v -0.02305710 0.22388250 -0.10037230
v 0.09098620 0.22965901 -0.09502270
v 0.04314640 0.23710380 -0.09115610
v -0.00755650 0.27535069 -0.03140970
v -0.02945800 0.28468311 -0.01033260
v -0.02955081 0.28704539 0.00000000
v -0.01810753 0.28877759 0.00000000
v 0.00186276 0.28834310 0.00000000
v 0.03445336 0.29613894 0.00000000
v 0.03445600 0.26974019 -0.04318700
v 0.06973120 0.26559031 -0.05034220
v 0.04727240 0.28885326 0.00000000
v 0.05804264 0.28875899 0.00000000
v 0.06397365 0.28860781 0.00000000
v 0.10007836 0.29613894 0.00000000
v -0.15200371 0.61269069 -0.15851370
v -0.13749610 0.59868062 -0.12905189
v -0.13021170 0.61143470 -0.11601010
v -0.09679665 0.36131889 0.00000000
v -0.09679665 0.42649886 0.00000000
v -0.03117164 0.36131889 0.00000000
v -0.03117164 0.42649886 0.00000000
v -0.15716940 0.58551598 -0.09370310
v -0.15981270 0.61391407 -0.08940030
v -0.09679665 0.49167880 0.00000000
v -0.09679665 0.55685878 0.00000000
v -0.03117164 0.49167880 0.00000000
v -0.03117164 0.55685878 0.00000000
v 0.03445336 0.36131889 0.00000000
v 0.03445336 0.42649886 0.00000000
v 0.10007836 0.36131889 0.00000000
v 0.10007836 0.42649886 0.00000000
v 0.03445336 0.49167880 0.00000000
v 0.03445336 0.55685878 0.00000000
v 0.10007836 0.49167880 0.00000000
v 0.10007836 0.55685878 0.00000000
v 0.11234430 0.15219221 -0.15840840
v 0.15842129 0.13801710 -0.14981610
v 0.12503870 0.18489510 -0.13514540
v 0.19781150 0.14894390 -0.12668070
v 0.15274779 0.19546230 -0.11036050
v 0.21089651 0.17361140 -0.09682280
v 0.17789070 0.20986220 -0.07425040
v 0.20730560 0.22226720 -0.02834190
v 0.23132837 0.21974109 0.00000000
v 0.13025090 0.23735499 -0.06608830
v 0.11281300 0.26541609 -0.03079180
v 0.10903219 0.27958319 0.00000000
v 0.11724259 0.27792796 0.00000000
v 0.15839814 0.26267841 0.00000000
v 0.16060264 0.26169151 0.00000000
v 0.16482949 0.25963983 0.00000000
v 0.16570337 0.29613894 0.00000000
v 0.20467773 0.23800972 0.00000000
v 0.23132837 0.23095897 0.00000000
v 0.23132837 0.29613894 0.00000000
v 0.25779489 0.12508790 -0.10160090
v 0.25078949 0.15483899 -0.07946090
v 0.29514951 0.12050530 -0.07913860
v 0.24768430 0.18426350 -0.04865720
v 0.24727264 0.20881152 0.00000000
v 0.24870519 0.20765761 -0.00034950
v 0.24889874 0.20760345 0.00000000
v 0.24859995 0.20783906 0.00000000
v 0.24987772 0.20685060 0.00000000
v 0.29810399 0.15270071 -0.03072860
v 0.30231240 0.16349974 0.00000000
v 0.30610093 0.15678704 0.00000000
v 0.32381102 0.13362065 0.00000000
v 0.33184499 0.11780870 -0.02166150
v 0.34037128 0.11509356 0.00000000
v 0.36257836 0.10059905 0.00000000
v 0.36257836 0.16577901 0.00000000
v 0.29695338 0.23095897 0.00000000
v 0.29695338 0.29613894 0.00000000
v 0.36257836 0.23095897 0.00000000
v 0.36257836 0.29613894 0.00000000
v 0.16570337 0.36131889 0.00000000
v 0.16570337 0.42649886 0.00000000
v 0.23132837 0.36131889 0.00000000
v 0.23132837 0.42649886 0.00000000
v 0.16570337 0.49167880 0.00000000
v 0.16570337 0.55685878 0.00000000
v 0.23132837 0.49167880 0.00000000
v 0.23132837 0.55685878 0.00000000
v 0.29695338 0.36131889 0.00000000
v 0.29695338 0.42649886 0.00000000
v 0.36257836 0.36131889 0.00000000
v 0.36257836 0.42649886 0.00000000
v 0.29695338 0.49167880 0.00000000
v 0.29695338 0.55685878 0.00000000
v 0.36257836 0.49167880 0.00000000
v 0.36257836 0.55685878 0.00000000
v -0.10543990 0.74194062 -0.28273830
v -0.11071650 0.70049942 -0.25952351
v -0.14168620 0.72330612 -0.25109071
v -0.09459220 0.67225611 -0.23933470
v -0.08406890 0.70735872 -0.25820670
v -0.09265050 0.72036308 -0.27446729
v -0.08941390 0.74934101 -0.27330181
v -0.08922710 0.70957029 -0.23393060
v -0.09903830 0.76577371 -0.28556669
v -0.11767250 0.78793877 -0.28094849
v -0.13235880 0.76759869 -0.27191171
v -0.10727790 0.79540431 -0.27110010
v -0.12780680 0.81424272 -0.26604411
v -0.15595350 0.80473578 -0.25171429
v -0.10723120 0.77507919 -0.25132021
v -0.14937690 0.83361751 -0.23971380
v -0.13252680 0.82332641 -0.24699999
v -0.09679665 1.14347839 -0.44814134
v -0.09679665 1.14347839 -0.42013252
v -0.03117164 1.14347839 -0.44814134
v -0.03117164 1.14347839 -0.42013252
v -0.09679665 1.14347839 -0.39212367
v -0.09679665 1.14347839 -0.36411485
v -0.03117164 1.14347839 -0.39212367
v -0.03117164 1.14347839 -0.36411485
v 0.03445336 1.14347839 -0.44814134
v 0.03445336 1.14347839 -0.42013252
v 0.10007836 1.14347839 -0.44814134
v 0.10007836 1.14347839 -0.42013252
v 0.03445336 1.14347839 -0.39212367
v 0.03445336 1.14347839 -0.36411485
v 0.10007836 1.14347839 -0.39212367
v 0.10007836 1.14347839 -0.36411485
v -0.09679665 1.14347839 -0.33610600
v -0.09679665 1.14347839 -0.30809718
v -0.03117164 1.14347839 -0.33610600
v -0.03117164 1.14347839 -0.30809718
v -0.09679665 1.14347839 -0.28008834
v -0.09679665 1.14347839 -0.25207952
v -0.03117164 1.14347839 -0.28008834
v -0.03117164 1.14347839 -0.25207952
v 0.03445336 1.14347839 -0.33610600
v 0.03445336 1.14347839 -0.30809718
v 0.10007836 1.14347839 -0.33610600
v 0.10007836 1.14347839 -0.30809718
v 0.03445336 1.14347839 -0.28008834
v 0.03445336 1.14347839 -0.25207952
v 0.10007836 1.14347839 -0.28008834
v 0.10007836 1.14347839 -0.25207952
v 0.16570337 1.14347839 -0.44814134
v 0.16570337 1.14347839 -0.42013252
v 0.23132837 1.14347839 -0.44814134
v 0.23132837 1.14347839 -0.42013252
v 0.16570337 1.14347839 -0.39212367
v 0.16570337 1.14347839 -0.36411485
v 0.23132837 1.14347839 -0.39212367
v 0.23132837 1.14347839 -0.36411485
v 0.29695338 1.14347839 -0.44814134
v 0.29695338 1.14347839 -0.42013252
v 0.36257836 1.14347839 -0.44814134
v 0.36257836 1.14347839 -0.42013252
v 0.29695338 1.14347839 -0.39212367
v 0.29695338 1.14347839 -0.36411485
v 0.36257836 1.14347839 -0.39212367
v 0.36257836 1.14347839 -0.36411485
v 0.16570337 1.14347839 -0.33610600
v 0.16570337 1.14347839 -0.30809718
v 0.23132837 1.14347839 -0.33610600
v 0.23132837 1.14347839 -0.30809718
v 0.16570337 1.14347839 -0.28008834
v 0.16570337 1.14347839 -0.25207952
v 0.23132837 1.14347839 -0.28008834
v 0.23132837 1.14347839 -0.25207952
v 0.29695338 1.14347839 -0.33610600
v 0.29695338 1.14347839 -0.30809718
v 0.36257836 1.14347839 -0.33610600
v 0.36257836 1.14347839 -0.30809718
v 0.29695338 1.14347839 -0.28008834
v 0.29695338 1.14347839 -0.25207952
v 0.36257836 1.14347839 -0.28008834
v 0.36257836 1.14347839 -0.25207952
v -0.13433450 0.65859401 -0.21169120
v -0.10134250 0.64710128 -0.21023010
v -0.10869530 0.62672508 -0.17634250
v -0.15289560 0.72798449 -0.18033890
v -0.11066790 0.69183981 -0.18951160
v -0.08684330 0.67205912 -0.21929230
v -0.09378940 0.65392411 -0.18716501
v -0.10811830 0.62599838 -0.15614630
v -0.10621500 0.64254898 -0.15513951
v -0.12812731 0.64312452 -0.13650849
v -0.12464940 0.76415080 -0.21872450
v -0.14704920 0.82066667 -0.21323811
v -0.09679665 0.62203872 0.00000000
v -0.09679665 0.68721867 0.00000000
v -0.03117164 0.62203872 0.00000000
v -0.03117164 0.68721867 0.00000000
v -0.09679665 0.75239867 0.00000000
v -0.09679665 0.81757861 0.00000000
v -0.03117164 0.75239867 0.00000000
v -0.03117164 0.81757861 0.00000000
v 0.03445336 0.62203872 0.00000000
v 0.03445336 0.68721867 0.00000000
v 0.10007836 0.62203872 0.00000000
v 0.10007836 0.68721867 0.00000000
v 0.03445336 0.75239867 0.00000000
v 0.03445336 0.81757861 0.00000000
v 0.10007836 0.75239867 0.00000000
v 0.10007836 0.81757861 0.00000000
v -0.09679665 1.14347839 -0.22407067
v -0.09679665 1.14347839 -0.19606183
v -0.03117164 1.14347839 -0.22407067
v -0.03117164 1.14347839 -0.19606183
v -0.09679665 1.14347839 -0.16805300
v -0.09679665 1.14347839 -0.14004417
v -0.03117164 1.14347839 -0.16805300
v -0.03117164 1.14347839 -0.14004417
v 0.03445336 1.14347839 -0.22407067
v 0.03445336 1.14347839 -0.19606183
v 0.10007836 1.14347839 -0.22407067
v 0.10007836 1.14347839 -0.19606183
v 0.03445336 1.14347839 -0.16805300
v 0.03445336 1.14347839 -0.14004417
v 0.10007836 1.14347839 -0.16805300
v 0.10007836 1.14347839 -0.14004417
v -0.09679665 0.88275856 0.00000000
v -0.09679665 0.94793850 0.00000000
v -0.03117164 0.88275856 0.00000000
v -0.03117164 0.94793850 0.00000000
v -0.09679665 1.14347839 -0.11203533
v -0.09679665 1.14347839 -0.08402650
v -0.03117164 1.14347839 -0.11203533
v -0.03117164 1.14347839 -0.08402650
v -0.09679665 1.01311851 0.00000000
v -0.09679665 1.14347839 -0.05601767
v -0.09679665 1.07829845 0.00000000
v -0.09679665 1.14347839 -0.02800883
v -0.09679665 1.14347839 0.00000000
v -0.03117164 1.01311851 0.00000000
v -0.03117164 1.14347839 -0.05601767
v -0.03117164 1.07829845 0.00000000
v -0.03117164 1.14347839 -0.02800883
v -0.03117164 1.14347839 0.00000000
v 0.03445336 0.88275856 0.00000000
v 0.03445336 0.94793850 0.00000000
v 0.10007836 0.88275856 0.00000000
v 0.10007836 0.94793850 0.00000000
v 0.03445336 1.14347839 -0.11203533
v 0.03445336 1.14347839 -0.08402650
v 0.10007836 1.14347839 -0.11203533
v 0.10007836 1.14347839 -0.08402650
v 0.03445336 1.01311851 0.00000000
v 0.03445336 1.14347839 -0.05601767
v 0.03445336 1.07829845 0.00000000
v 0.03445336 1.14347839 -0.02800883
v 0.03445336 1.14347839 0.00000000
v 0.10007836 1.01311851 0.00000000
v 0.10007836 1.14347839 -0.05601767
v 0.10007836 1.07829845 0.00000000
v 0.10007836 1.14347839 -0.02800883
v 0.10007836 1.14347839 0.00000000
v 0.16570337 0.62203872 0.00000000
v 0.16570337 0.68721867 0.00000000
v 0.23132837 0.62203872 0.00000000
v 0.23132837 0.68721867 0.00000000
v 0.16570337 0.75239867 0.00000000
v 0.16570337 0.81757861 0.00000000
v 0.23132837 0.75239867 0.00000000
v 0.23132837 0.81757861 0.00000000
v 0.29695338 0.62203872 0.00000000
v 0.29695338 0.68721867 0.00000000
v 0.36257836 0.62203872 0.00000000
v 0.36257836 0.68721867 0.00000000
v 0.29695338 0.75239867 0.00000000
v 0.29695338 0.81757861 0.00000000
v 0.36257836 0.75239867 0.00000000
v 0.36257836 0.81757861 0.00000000
v 0.16570337 1.14347839 -0.22407067
v 0.16570337 1.14347839 -0.19606183
v 0.23132837 1.14347839 -0.22407067
v 0.23132837 1.14347839 -0.19606183
v 0.16570337 1.14347839 -0.16805300
v 0.16570337 1.14347839 -0.14004417
v 0.23132837 1.14347839 -0.16805300
v 0.23132837 1.14347839 -0.14004417
v 0.29695338 1.14347839 -0.22407067
v 0.29695338 1.14347839 -0.19606183
v 0.36257836 1.14347839 -0.22407067
v 0.36257836 1.14347839 -0.19606183
v 0.29695338 1.14347839 -0.16805300
v 0.29695338 1.14347839 -0.14004417
v 0.36257836 1.14347839 -0.16805300
v 0.36257836 1.14347839 -0.14004417
v 0.16570337 0.88275856 0.00000000
v 0.16570337 0.94793850 0.00000000
v 0.23132837 0.88275856 0.00000000
v 0.23132837 0.94793850 0.00000000
v 0.16570337 1.14347839 -0.11203533
v 0.16570337 1.14347839 -0.08402650
v 0.23132837 1.14347839 -0.11203533
v 0.23132837 1.14347839 -0.08402650
v 0.16570337 1.01311851 0.00000000
v 0.16570337 1.14347839 -0.05601767
v 0.16570337 1.07829845 0.00000000
v 0.16570337 1.14347839 -0.02800883
v 0.16570337 1.14347839 0.00000000
v 0.23132837 1.01311851 0.00000000
v 0.23132837 1.14347839 -0.05601767
v 0.23132837 1.07829845 0.00000000
v 0.23132837 1.14347839 -0.02800883
v 0.23132837 1.14347839 0.00000000
v 0.29695338 0.88275856 0.00000000
v 0.29695338 0.94793850 0.00000000
v 0.36257836 0.88275856 0.00000000
v 0.36257836 0.94793850 0.00000000
v 0.29695338 1.14347839 -0.11203533
v 0.29695338 1.14347839 -0.08402650
v 0.36257836 1.14347839 -0.11203533
v 0.36257836 1.14347839 -0.08402650
v 0.29695338 1.01311851 0.00000000
v 0.29695338 1.14347839 -0.05601767
v 0.29695338 1.07829845 0.00000000
v 0.29695338 1.14347839 -0.02800883
v 0.29695338 1.14347839 0.00000000
v 0.36257836 1.01311851 0.00000000
v 0.36257836 1.14347839 -0.05601767
v 0.36257836 1.07829845 0.00000000
v 0.36257836 1.14347839 -0.02800883
v 0.36257836 1.14347839 0.00000000
v 0.88757843 0.10059905 -0.44814134
v 0.88757843 0.10059905 -0.42013252
v 0.88757843 0.16577901 -0.44814134
v 0.88757843 0.16577901 -0.42013252
v 0.88757843 0.10059905 -0.39212367
v 0.88757843 0.10059905 -0.36411485
v 0.88757843 0.16577901 -0.39212367
v 0.88757843 0.16577901 -0.36411485
v 0.88757843 0.23095897 -0.44814134
v 0.88757843 0.23095897 -0.42013252
v 0.88757843 0.29613894 -0.44814134
v 0.88757843 0.29613894 -0.42013252
v 0.88757843 0.23095897 -0.39212367
v 0.88757843 0.23095897 -0.36411485
v 0.88757843 0.29613894 -0.39212367
v 0.88757843 0.29613894 -0.36411485
v 0.88757843 0.10059905 -0.33610600
v 0.88757843 0.10059905 -0.30809718
v 0.88757843 0.16577901 -0.33610600
v 0.88757843 0.16577901 -0.30809718
v 0.88757843 0.10059905 -0.28008834
v 0.88757843 0.10059905 -0.25207952
v 0.88757843 0.16577901 -0.28008834
v 0.88757843 0.16577901 -0.25207952
v 0.88757843 0.23095897 -0.33610600
v 0.88757843 0.23095897 -0.30809718
v 0.88757843 0.29613894 -0.33610600
v 0.88757843 0.29613894 -0.30809718
v 0.88757843 0.23095897 -0.28008834
v 0.88757843 0.23095897 -0.25207952
v 0.88757843 0.29613894 -0.28008834
v 0.88757843 0.29613894 -0.25207952
v 0.88757843 0.36131889 -0.44814134
v 0.88757843 0.36131889 -0.42013252
v 0.88757843 0.42649886 -0.44814134
v 0.88757843 0.42649886 -0.42013252
v 0.88757843 0.36131889 -0.39212367
v 0.88757843 0.36131889 -0.36411485
v 0.88757843 0.42649886 -0.39212367
v 0.88757843 0.42649886 -0.36411485
v 0.88757843 0.49167880 -0.44814134
v 0.88757843 0.49167880 -0.42013252
v 0.88757843 0.55685878 -0.44814134
v 0.88757843 0.55685878 -0.42013252
v 0.88757843 0.49167880 -0.39212367
v 0.88757843 0.49167880 -0.36411485
v 0.88757843 0.55685878 -0.39212367
v 0.88757843 0.55685878 -0.36411485
v 0.88757843 0.36131889 -0.33610600
v 0.88757843 0.36131889 -0.30809718
v 0.88757843 0.42649886 -0.33610600
v 0.88757843 0.42649886 -0.30809718
v 0.88757843 0.36131889 -0.28008834
v 0.88757843 0.36131889 -0.25207952
v 0.88757843 0.42649886 -0.28008834
v 0.88757843 0.42649886 -0.25207952
v 0.88757843 0.49167880 -0.33610600
v 0.88757843 0.49167880 -0.30809718
v 0.88757843 0.55685878 -0.33610600
v 0.88757843 0.55685878 -0.30809718
v 0.88757843 0.49167880 -0.28008834
v 0.88757843 0.49167880 -0.25207952
v 0.88757843 0.55685878 -0.28008834
v 0.88757843 0.55685878 -0.25207952
v 0.42820337 0.10059905 0.00000000
v 0.42820337 0.16577901 0.00000000
v 0.49382839 0.10059905 0.00000000
v 0.49382839 0.16577901 0.00000000
v 0.42820337 0.23095897 0.00000000
v 0.42820337 0.29613894 0.00000000
v 0.49382839 0.23095897 0.00000000
v 0.49382839 0.29613894 0.00000000
v 0.55945337 0.10059905 0.00000000
v 0.55945337 0.16577901 0.00000000
v 0.62507838 0.10059905 0.00000000
v 0.62507838 0.16577901 0.00000000
v 0.55945337 0.23095897 0.00000000
v 0.55945337 0.29613894 0.00000000
v 0.62507838 0.23095897 0.00000000
v 0.62507838 0.29613894 0.00000000
v 0.42820337 0.36131889 0.00000000
v 0.42820337 0.42649886 0.00000000
v 0.49382839 0.36131889 0.00000000
v 0.49382839 0.42649886 0.00000000
v 0.42820337 0.49167880 0.00000000
v 0.42820337 0.55685878 0.00000000
v 0.49382839 0.49167880 0.00000000
v 0.49382839 0.55685878 0.00000000
v 0.55945337 0.36131889 0.00000000
v 0.55945337 0.42649886 0.00000000
v 0.62507838 0.36131889 0.00000000
v 0.62507838 0.42649886 0.00000000
v 0.55945337 0.49167880 0.00000000
v 0.55945337 0.55685878 0.00000000
v 0.62507838 0.49167880 0.00000000
v 0.62507838 0.55685878 0.00000000
v 0.88757843 0.10059905 -0.22407067
v 0.88757843 0.10059905 -0.19606183
v 0.88757843 0.16577901 -0.22407067
v 0.88757843 0.16577901 -0.19606183
v 0.88757843 0.10059905 -0.16805300
v 0.88757843 0.10059905 -0.14004417
v 0.88757843 0.16577901 -0.16805300
v 0.88757843 0.16577901 -0.14004417
v 0.88757843 0.23095897 -0.22407067
v 0.88757843 0.23095897 -0.19606183
v 0.88757843 0.29613894 -0.22407067
v 0.88757843 0.29613894 -0.19606183
v 0.88757843 0.23095897 -0.16805300
v 0.88757843 0.23095897 -0.14004417
v 0.88757843 0.29613894 -0.16805300
v 0.88757843 0.29613894 -0.14004417
v 0.69070339 0.10059905 0.00000000
v 0.69070339 0.16577901 0.00000000
v 0.75632840 0.10059905 0.00000000
v 0.75632840 0.16577901 0.00000000
v 0.69070339 0.23095897 0.00000000
v 0.69070339 0.29613894 0.00000000
v 0.75632840 0.23095897 0.00000000
v 0.75632840 0.29613894 0.00000000
v 0.88757843 0.10059905 -0.11203533
v 0.88757843 0.10059905 -0.08402650
v 0.88757843 0.16577901 -0.11203533
v 0.88757843 0.16577901 -0.08402650
v 0.82195342 0.10059905 0.00000000
v 0.82195342 0.16577901 0.00000000
v 0.88757843 0.10059905 -0.05601767
v 0.88757843 0.10059905 -0.02800883
v 0.88757843 0.10059905 0.00000000
v 0.88757843 0.16577901 -0.05601767
v 0.88757843 0.16577901 -0.02800883
v 0.88757843 0.16577901 0.00000000
v 0.88757843 0.23095897 -0.11203533
v 0.88757843 0.23095897 -0.08402650
v 0.88757843 0.29613894 -0.11203533
v 0.88757843 0.29613894 -0.08402650
v 0.82195342 0.23095897 0.00000000
v 0.82195342 0.29613894 0.00000000
v 0.88757843 0.23095897 -0.05601767
v 0.88757843 0.23095897 -0.02800883
v 0.88757843 0.23095897 0.00000000
v 0.88757843 0.29613894 -0.05601767
v 0.88757843 0.29613894 -0.02800883
v 0.88757843 0.29613894 0.00000000
v 0.88757843 0.36131889 -0.22407067
v 0.88757843 0.36131889 -0.19606183
v 0.88757843 0.42649886 -0.22407067
v 0.88757843 0.42649886 -0.19606183
v 0.88757843 0.36131889 -0.16805300
v 0.88757843 0.36131889 -0.14004417
v 0.88757843 0.42649886 -0.16805300
v 0.88757843 0.42649886 -0.14004417
v 0.88757843 0.49167880 -0.22407067
v 0.88757843 0.49167880 -0.19606183
v 0.88757843 0.55685878 -0.22407067
v 0.88757843 0.55685878 -0.19606183
v 0.88757843 0.49167880 -0.16805300
v 0.88757843 0.49167880 -0.14004417
v 0.88757843 0.55685878 -0.16805300
v 0.88757843 0.55685878 -0.14004417
v 0.69070339 0.36131889 0.00000000
v 0.69070339 0.42649886 0.00000000
v 0.75632840 0.36131889 0.00000000
v 0.75632840 0.42649886 0.00000000
v 0.69070339 0.49167880 0.00000000
v 0.69070339 0.55685878 0.00000000
v 0.75632840 0.49167880 0.00000000
v 0.75632840 0.55685878 0.00000000
v 0.88757843 0.36131889 -0.11203533
v 0.88757843 0.36131889 -0.08402650
v 0.88757843 0.42649886 -0.11203533
v 0.88757843 0.42649886 -0.08402650
v 0.82195342 0.36131889 0.00000000
v 0.82195342 0.42649886 0.00000000
v 0.88757843 0.36131889 -0.05601767
v 0.88757843 0.36131889 -0.02800883
v 0.88757843 0.36131889 0.00000000
v 0.88757843 0.42649886 -0.05601767
v 0.88757843 0.42649886 -0.02800883
v 0.88757843 0.42649886 0.00000000
v 0.88757843 0.49167880 -0.11203533
v 0.88757843 0.49167880 -0.08402650
v 0.88757843 0.55685878 -0.11203533
v 0.88757843 0.55685878 -0.08402650
v 0.82195342 0.49167880 0.00000000
v 0.82195342 0.55685878 0.00000000
v 0.88757843 0.49167880 -0.05601767
v 0.88757843 0.49167880 -0.02800883
v 0.88757843 0.49167880 0.00000000
v 0.88757843 0.55685878 -0.05601767
v 0.88757843 0.55685878 -0.02800883
v 0.88757843 0.55685878 0.00000000
v 0.42820337 1.14347839 -0.44814134
v 0.42820337 1.14347839 -0.42013252
v 0.49382839 1.14347839 -0.44814134
v 0.49382839 1.14347839 -0.42013252
v 0.42820337 1.14347839 -0.39212367
v 0.42820337 1.14347839 -0.36411485
v 0.49382839 1.14347839 -0.39212367
v 0.49382839 1.14347839 -0.36411485
v 0.55945337 1.14347839 -0.44814134
v 0.55945337 1.14347839 -0.42013252
v 0.62507838 1.14347839 -0.44814134
v 0.62507838 1.14347839 -0.42013252
v 0.55945337 1.14347839 -0.39212367
v 0.55945337 1.14347839 -0.36411485
v 0.62507838 1.14347839 -0.39212367
v 0.62507838 1.14347839 -0.36411485
v 0.42820337 1.14347839 -0.33610600
v 0.42820337 1.14347839 -0.30809718
v 0.49382839 1.14347839 -0.33610600
v 0.49382839 1.14347839 -0.30809718
v 0.42820337 1.14347839 -0.28008834
v 0.42820337 1.14347839 -0.25207952
v 0.49382839 1.14347839 -0.28008834
v 0.49382839 1.14347839 -0.25207952
v 0.55945337 1.14347839 -0.33610600
v 0.55945337 1.14347839 -0.30809718
v 0.62507838 1.14347839 -0.33610600
v 0.62507838 1.14347839 -0.30809718
v 0.55945337 1.14347839 -0.28008834
v 0.55945337 1.14347839 -0.25207952
v 0.62507838 1.14347839 -0.28008834
v 0.62507838 1.14347839 -0.25207952
v 0.88757843 0.62203872 -0.44814134
v 0.88757843 0.62203872 -0.42013252
v 0.88757843 0.68721867 -0.44814134
v 0.88757843 0.68721867 -0.42013252
v 0.88757843 0.62203872 -0.39212367
v 0.88757843 0.62203872 -0.36411485
v 0.88757843 0.68721867 -0.39212367
v 0.88757843 0.68721867 -0.36411485
v 0.88757843 0.75239867 -0.44814134
v 0.88757843 0.75239867 -0.42013252
v 0.88757843 0.81757861 -0.44814134
v 0.88757843 0.81757861 -0.42013252
v 0.88757843 0.75239867 -0.39212367
v 0.88757843 0.75239867 -0.36411485
v 0.88757843 0.81757861 -0.39212367
v 0.88757843 0.81757861 -0.36411485
v 0.88757843 0.62203872 -0.33610600
v 0.88757843 0.62203872 -0.30809718
v 0.88757843 0.68721867 -0.33610600
v 0.88757843 0.68721867 -0.30809718
v 0.88757843 0.62203872 -0.28008834
v 0.88757843 0.62203872 -0.25207952
v 0.88757843 0.68721867 -0.28008834
v 0.88757843 0.68721867 -0.25207952
v 0.88757843 0.75239867 -0.33610600
v 0.88757843 0.75239867 -0.30809718
v 0.88757843 0.81757861 -0.33610600
v 0.88757843 0.81757861 -0.30809718
v 0.88757843 0.75239867 -0.28008834
v 0.88757843 0.75239867 -0.25207952
v 0.88757843 0.81757861 -0.28008834
v 0.88757843 0.81757861 -0.25207952
v 0.69070339 1.14347839 -0.44814134
v 0.69070339 1.14347839 -0.42013252
v 0.75632840 1.14347839 -0.44814134
v 0.75632840 1.14347839 -0.42013252
v 0.69070339 1.14347839 -0.39212367
v 0.69070339 1.14347839 -0.36411485
v 0.75632840 1.14347839 -0.39212367
v 0.75632840 1.14347839 -0.36411485
v 0.88757843 0.88275856 -0.44814134
v 0.88757843 0.88275856 -0.42013252
v 0.88757843 0.94793850 -0.44814134
v 0.88757843 0.94793850 -0.42013252
v 0.88757843 0.88275856 -0.39212367
v 0.88757843 0.88275856 -0.36411485
v 0.88757843 0.94793850 -0.39212367
v 0.88757843 0.94793850 -0.36411485
v 0.82195342 1.14347839 -0.44814134
v 0.82195342 1.14347839 -0.42013252
v 0.88757843 1.01311851 -0.44814134
v 0.88757843 1.01311851 -0.42013252
v 0.88757843 1.07829845 -0.44814134
v 0.88757843 1.07829845 -0.42013252
v 0.88757843 1.14347839 -0.44814134
v 0.88757843 1.14347839 -0.42013252
v 0.82195342 1.14347839 -0.39212367
v 0.82195342 1.14347839 -0.36411485
v 0.88757843 1.01311851 -0.39212367
v 0.88757843 1.01311851 -0.36411485
v 0.88757843 1.07829845 -0.39212367
v 0.88757843 1.07829845 -0.36411485
v 0.88757843 1.14347839 -0.39212367
v 0.88757843 1.14347839 -0.36411485
v 0.69070339 1.14347839 -0.33610600
v 0.69070339 1.14347839 -0.30809718
v 0.75632840 1.14347839 -0.33610600
v 0.75632840 1.14347839 -0.30809718
v 0.69070339 1.14347839 -0.28008834
v 0.69070339 1.14347839 -0.25207952
v 0.75632840 1.14347839 -0.28008834
v 0.75632840 1.14347839 -0.25207952
v 0.88757843 0.88275856 -0.33610600
v 0.88757843 0.88275856 -0.30809718
v 0.88757843 0.94793850 -0.33610600
v 0.88757843 0.94793850 -0.30809718
v 0.88757843 0.88275856 -0.28008834
v 0.88757843 0.88275856 -0.25207952
v 0.88757843 0.94793850 -0.28008834
v 0.88757843 0.94793850 -0.25207952
v 0.82195342 1.14347839 -0.33610600
v 0.82195342 1.14347839 -0.30809718
v 0.88757843 1.01311851 -0.33610600
v 0.88757843 1.01311851 -0.30809718
v 0.88757843 1.07829845 -0.33610600
v 0.88757843 1.07829845 -0.30809718
v 0.88757843 1.14347839 -0.33610600
v 0.88757843 1.14347839 -0.30809718
v 0.82195342 1.14347839 -0.28008834
v 0.82195342 1.14347839 -0.25207952
v 0.88757843 1.01311851 -0.28008834
v 0.88757843 1.01311851 -0.25207952
v 0.88757843 1.07829845 -0.28008834
v 0.88757843 1.07829845 -0.25207952
v 0.88757843 1.14347839 -0.28008834
v 0.88757843 1.14347839 -0.25207952
v 0.42820337 0.62203872 0.00000000
v 0.42820337 0.68721867 0.00000000
v 0.49382839 0.62203872 0.00000000
v 0.49382839 0.68721867 0.00000000
v 0.42820337 0.75239867 0.00000000
v 0.42820337 0.81757861 0.00000000
v 0.49382839 0.75239867 0.00000000
v 0.49382839 0.81757861 0.00000000
v 0.55945337 0.62203872 0.00000000
v 0.55945337 0.68721867 0.00000000
v 0.62507838 0.62203872 0.00000000
v 0.62507838 0.68721867 0.00000000
v 0.55945337 0.75239867 0.00000000
v 0.55945337 0.81757861 0.00000000
v 0.62507838 0.75239867 0.00000000
v 0.62507838 0.81757861 0.00000000
v 0.42820337 1.14347839 -0.22407067
v 0.42820337 1.14347839 -0.19606183
v 0.49382839 1.14347839 -0.22407067
v 0.49382839 1.14347839 -0.19606183
v 0.42820337 1.14347839 -0.16805300
v 0.42820337 1.14347839 -0.14004417
v 0.49382839 1.14347839 -0.16805300
v 0.49382839 1.14347839 -0.14004417
v 0.55945337 1.14347839 -0.22407067
v 0.55945337 1.14347839 -0.19606183
v 0.62507838 1.14347839 -0.22407067
v 0.62507838 1.14347839 -0.19606183
v 0.55945337 1.14347839 -0.16805300
v 0.55945337 1.14347839 -0.14004417
v 0.62507838 1.14347839 -0.16805300
v 0.62507838 1.14347839 -0.14004417
v 0.42820337 0.88275856 0.00000000
v 0.42820337 0.94793850 0.00000000
v 0.49382839 0.88275856 0.00000000
v 0.49382839 0.94793850 0.00000000
v 0.42820337 1.14347839 -0.11203533
v 0.42820337 1.14347839 -0.08402650
v 0.49382839 1.14347839 -0.11203533
v 0.49382839 1.14347839 -0.08402650
v 0.42820337 1.01311851 0.00000000
v 0.42820337 1.14347839 -0.05601767
v 0.42820337 1.07829845 0.00000000
v 0.42820337 1.14347839 -0.02800883
v 0.42820337 1.14347839 0.00000000
v 0.49382839 1.01311851 0.00000000
v 0.49382839 1.14347839 -0.05601767
v 0.49382839 1.07829845 0.00000000
v 0.49382839 1.14347839 -0.02800883
v 0.49382839 1.14347839 0.00000000
v 0.55945337 0.88275856 0.00000000
v 0.55945337 0.94793850 0.00000000
v 0.62507838 0.88275856 0.00000000
v 0.62507838 0.94793850 0.00000000
v 0.55945337 1.14347839 -0.11203533
v 0.55945337 1.14347839 -0.08402650
v 0.62507838 1.14347839 -0.11203533
v 0.62507838 1.14347839 -0.08402650
v 0.55945337 1.01311851 0.00000000
v 0.55945337 1.14347839 -0.05601767
v 0.55945337 1.07829845 0.00000000
v 0.55945337 1.14347839 -0.02800883
v 0.55945337 1.14347839 0.00000000
v 0.62507838 1.01311851 0.00000000
v 0.62507838 1.14347839 -0.05601767
v 0.62507838 1.07829845 0.00000000
v 0.62507838 1.14347839 -0.02800883
v 0.62507838 1.14347839 0.00000000
v 0.88757843 0.62203872 -0.22407067
v 0.88757843 0.68721867 -0.22407067
v 0.88757843 0.62203872 -0.19606183
v 0.88757843 0.68721867 -0.19606183
v 0.88757843 0.62203872 -0.16805300
v 0.88757843 0.68721867 -0.16805300
v 0.88757843 0.62203872 -0.14004417
v 0.88757843 0.68721867 -0.14004417
v 0.88757843 0.75239867 -0.22407067
v 0.88757843 0.75239867 -0.19606183
v 0.88757843 0.81757861 -0.22407067
v 0.88757843 0.81757861 -0.19606183
v 0.88757843 0.75239867 -0.16805300
v 0.88757843 0.75239867 -0.14004417
v 0.88757843 0.81757861 -0.16805300
v 0.88757843 0.81757861 -0.14004417
v 0.69070339 0.62203872 0.00000000
v 0.69070339 0.68721867 0.00000000
v 0.75632840 0.62203872 0.00000000
v 0.75632840 0.68721867 0.00000000
v 0.69070339 0.75239867 0.00000000
v 0.69070339 0.81757861 0.00000000
v 0.75632840 0.75239867 0.00000000
v 0.75632840 0.81757861 0.00000000
v 0.88757843 0.62203872 -0.11203533
v 0.88757843 0.68721867 -0.11203533
v 0.88757843 0.62203872 -0.08402650
v 0.88757843 0.68721867 -0.08402650
v 0.82195342 0.62203872 0.00000000
v 0.82195342 0.68721867 0.00000000
v 0.88757843 0.62203872 -0.05601767
v 0.88757843 0.68721867 -0.05601767
v 0.88757843 0.62203872 -0.02800883
v 0.88757843 0.62203872 0.00000000
v 0.88757843 0.68721867 -0.02800883
v 0.88757843 0.68721867 0.00000000
v 0.88757843 0.75239867 -0.11203533
v 0.88757843 0.75239867 -0.08402650
v 0.88757843 0.81757861 -0.11203533
v 0.88757843 0.81757861 -0.08402650
v 0.82195342 0.75239867 0.00000000
v 0.82195342 0.81757861 0.00000000
v 0.88757843 0.75239867 -0.05601767
v 0.88757843 0.75239867 -0.02800883
v 0.88757843 0.75239867 0.00000000
v 0.88757843 0.81757861 -0.05601767
v 0.88757843 0.81757861 -0.02800883
v 0.88757843 0.81757861 0.00000000
v 0.69070339 1.14347839 -0.22407067
v 0.69070339 1.14347839 -0.19606183
v 0.75632840 1.14347839 -0.22407067
v 0.75632840 1.14347839 -0.19606183
v 0.69070339 1.14347839 -0.16805300
v 0.69070339 1.14347839 -0.14004417
v 0.75632840 1.14347839 -0.16805300
v 0.75632840 1.14347839 -0.14004417
v 0.88757843 0.88275856 -0.22407067
v 0.88757843 0.94793850 -0.22407067
v 0.88757843 0.88275856 -0.19606183
v 0.88757843 0.94793850 -0.19606183
v 0.88757843 0.88275856 -0.16805300
v 0.88757843 0.94793850 -0.16805300
v 0.88757843 0.88275856 -0.14004417
v 0.88757843 0.94793850 -0.14004417
v 0.82195342 1.14347839 -0.22407067
v 0.82195342 1.14347839 -0.19606183
v 0.88757843 1.01311851 -0.22407067
v 0.88757843 1.01311851 -0.19606183
v 0.88757843 1.07829845 -0.22407067
v 0.88757843 1.14347839 -0.22407067
v 0.88757843 1.07829845 -0.19606183
v 0.88757843 1.14347839 -0.19606183
v 0.82195342 1.14347839 -0.16805300
v 0.82195342 1.14347839 -0.14004417
v 0.88757843 1.01311851 -0.16805300
v 0.88757843 1.01311851 -0.14004417
v 0.88757843 1.07829845 -0.16805300
v 0.88757843 1.14347839 -0.16805300
v 0.88757843 1.07829845 -0.14004417
v 0.88757843 1.14347839 -0.14004417
v 0.69070339 0.88275856 0.00000000
v 0.69070339 0.94793850 0.00000000
v 0.75632840 0.88275856 0.00000000
v 0.75632840 0.94793850 0.00000000
v 0.69070339 1.14347839 -0.11203533
v 0.69070339 1.14347839 -0.08402650
v 0.75632840 1.14347839 -0.11203533
v 0.75632840 1.14347839 -0.08402650
v 0.69070339 1.01311851 0.00000000
v 0.69070339 1.14347839 -0.05601767
v 0.69070339 1.07829845 0.00000000
v 0.69070339 1.14347839 -0.02800883
v 0.69070339 1.14347839 0.00000000
v 0.75632840 1.01311851 0.00000000
v 0.75632840 1.14347839 -0.05601767
v 0.75632840 1.07829845 0.00000000
v 0.75632840 1.14347839 -0.02800883
v 0.75632840 1.14347839 0.00000000
v 0.88757843 0.88275856 -0.11203533
v 0.88757843 0.94793850 -0.11203533
v 0.88757843 0.88275856 -0.08402650
v 0.88757843 0.94793850 -0.08402650
v 0.82195342 0.88275856 0.00000000
v 0.82195342 0.94793850 0.00000000
v 0.88757843 0.88275856 -0.05601767
v 0.88757843 0.94793850 -0.05601767
v 0.88757843 0.88275856 -0.02800883
v 0.88757843 0.88275856 0.00000000
v 0.88757843 0.94793850 -0.02800883
v 0.88757843 0.94793850 0.00000000
v 0.82195342 1.14347839 -0.11203533
v 0.82195342 1.14347839 -0.08402650
v 0.88757843 1.01311851 -0.11203533
v 0.88757843 1.01311851 -0.08402650
v 0.88757843 1.07829845 -0.11203533
v 0.88757843 1.14347839 -0.11203533
v 0.88757843 1.07829845 -0.08402650
v 0.88757843 1.14347839 -0.08402650
v 0.82195342 1.01311851 0.00000000
v 0.82195342 1.14347839 -0.05601767
v 0.82195342 1.07829845 0.00000000
v 0.82195342 1.14347839 -0.02800883
v 0.82195342 1.14347839 0.00000000
v 0.88757843 1.01311851 -0.05601767
v 0.88757843 1.01311851 -0.02800883
v 0.88757843 1.01311851 0.00000000
v 0.88757843 1.07829845 -0.05601767
v 0.88757843 1.14347839 -0.05601767
v 0.88757843 1.07829845 -0.02800883
v 0.88757843 1.07829845 0.00000000
v 0.88757843 1.14347839 -0.02800883
v 0.88757843 1.14347839 0.00000000
f 1 5 2
f 1 3 5
f 1 2 4
f 1 4 3
f 2 5 6
f 3 7 5
f 2 6 8
f 2 8 9
f 2 9 4
f 6 10 8
f 3 11 7
f 3 4 12
f 3 12 11
f 7 11 13
f 4 9 14
f 4 14 12
f 5 15 6
f 5 7 15
f 6 15 16
f 7 17 15
f 6 16 10
f 10 16 18
f 7 13 17
f 13 19 17
f 8 10 20
f 8 20 21
f 8 21 9
f 10 22 20
f 20 22 45
f 20 45 47
f 20 47 21
f 22 49 45
f 9 21 23
f 9 23 14
f 21 47 54
f 21 54 23
f 10 18 22
f 18 24 22
f 22 24 49
f 24 57 49
f 11 25 13
f 11 12 26
f 11 26 25
f 13 25 27
f 12 14 28
f 12 28 26
f 25 77 27
f 25 26 78
f 25 78 77
f 27 77 81
f 26 28 83
f 26 83 78
f 13 27 19
f 19 27 29
f 27 81 29
f 29 81 89
f 14 23 30
f 14 30 28
f 23 54 65
f 23 65 30
f 28 30 92
f 28 92 83
f 30 65 109
f 30 109 92
f 15 31 16
f 15 17 31
f 16 31 32
f 17 33 31
f 16 32 18
f 18 32 34
f 17 19 33
f 19 35 33
f 31 36 32
f 31 33 36
f 32 36 37
f 33 38 36
f 32 37 34
f 34 37 39
f 33 35 38
f 35 40 38
f 18 34 24
f 24 34 41
f 24 41 57
f 41 69 57
f 34 39 41
f 39 42 41
f 41 42 69
f 42 72 69
f 19 29 35
f 29 43 35
f 29 89 43
f 43 89 101
f 35 43 40
f 40 43 44
f 43 101 44
f 44 101 104
f 45 49 46
f 45 46 48
f 45 48 47
f 46 49 50
f 46 50 51
f 46 51 52
f 46 52 48
f 50 53 51
f 47 48 55
f 47 55 54
f 48 52 56
f 48 56 55
f 49 57 50
f 50 57 58
f 50 58 53
f 53 58 59
f 51 53 60
f 51 60 61
f 51 61 52
f 53 62 60
f 60 62 185
f 60 185 187
f 60 187 61
f 62 189 185
f 52 61 63
f 52 63 56
f 61 187 194
f 61 194 63
f 53 59 62
f 59 64 62
f 62 64 189
f 64 197 189
f 54 55 66
f 54 66 65
f 55 56 67
f 55 67 66
f 65 66 110
f 65 110 109
f 66 67 113
f 66 113 110
f 56 63 68
f 56 68 67
f 63 194 205
f 63 205 68
f 67 68 118
f 67 118 113
f 68 205 249
f 68 249 118
f 57 69 58
f 58 69 70
f 58 70 59
f 59 70 71
f 69 72 70
f 70 72 73
f 70 73 71
f 71 73 74
f 59 71 64
f 64 71 75
f 64 75 197
f 75 209 197
f 71 74 75
f 74 76 75
f 75 76 209
f 76 212 209
f 77 79 81
f 77 78 80
f 77 80 79
f 79 82 81
f 78 83 84
f 78 84 80
f 79 85 82
f 79 80 86
f 79 86 85
f 82 85 87
f 80 84 88
f 80 88 86
f 81 82 89
f 82 90 89
f 82 87 90
f 87 91 90
f 83 92 93
f 83 93 84
f 92 109 111
f 92 111 93
f 84 93 94
f 84 94 88
f 93 111 115
f 93 115 94
f 85 95 87
f 85 86 96
f 85 96 95
f 87 95 97
f 86 88 98
f 86 98 96
f 95 313 97
f 95 96 314
f 95 314 313
f 97 313 317
f 96 98 319
f 96 319 314
f 87 97 91
f 91 97 99
f 97 317 99
f 99 317 321
f 88 94 100
f 88 100 98
f 94 115 121
f 94 121 100
f 98 100 323
f 98 323 319
f 100 121 345
f 100 345 323
f 89 90 101
f 90 102 101
f 90 91 102
f 91 103 102
f 101 102 104
f 102 105 104
f 102 103 105
f 103 106 105
f 91 99 103
f 99 107 103
f 99 321 107
f 107 321 337
f 103 107 106
f 106 107 108
f 107 337 108
f 108 337 339
f 109 110 112
f 109 112 111
f 110 113 114
f 110 114 112
f 111 112 116
f 111 116 115
f 112 114 117
f 112 117 116
f 113 118 119
f 113 119 114
f 118 249 251
f 118 251 119
f 114 119 120
f 114 120 117
f 119 251 255
f 119 255 120
f 115 116 122
f 115 122 121
f 116 117 123
f 116 123 122
f 121 122 346
f 121 346 345
f 122 123 349
f 122 349 346
f 117 120 124
f 117 124 123
f 120 255 261
f 120 261 124
f 123 124 351
f 123 351 349
f 124 261 441
f 124 441 351
f 36 125 37
f 36 38 125
f 37 125 126
f 38 127 125
f 37 126 39
f 39 126 128
f 38 40 127
f 40 129 127
f 125 130 126
f 125 127 130
f 126 130 131
f 127 132 130
f 126 131 128
f 128 131 133
f 127 129 132
f 129 134 132
f 39 128 42
f 42 128 135
f 42 135 72
f 72 135 153
f 128 133 135
f 133 136 135
f 135 136 153
f 136 156 153
f 40 44 129
f 44 137 129
f 44 104 137
f 104 169 137
f 129 137 134
f 134 137 138
f 137 169 138
f 138 169 172
f 130 139 131
f 130 132 139
f 131 139 140
f 132 141 139
f 131 140 133
f 133 140 142
f 132 134 141
f 134 143 141
f 139 144 140
f 139 141 144
f 140 144 145
f 141 146 144
f 140 145 142
f 142 145 147
f 141 143 146
f 143 148 146
f 133 142 136
f 136 142 149
f 136 149 156
f 149 161 156
f 142 147 149
f 147 150 149
f 149 150 161
f 150 164 161
f 134 138 143
f 138 151 143
f 138 172 151
f 151 172 177
f 143 151 148
f 148 151 152
f 151 177 152
f 152 177 180
f 72 153 73
f 73 153 154
f 73 154 74
f 74 154 155
f 153 156 154
f 154 156 157
f 154 157 155
f 155 157 158
f 74 155 76
f 76 155 159
f 76 159 212
f 159 281 212
f 155 158 159
f 158 160 159
f 159 160 281
f 160 284 281
f 156 161 157
f 157 161 162
f 157 162 158
f 158 162 163
f 161 164 162
f 162 164 165
f 162 165 163
f 163 165 166
f 158 163 160
f 160 163 167
f 160 167 284
f 167 289 284
f 163 166 167
f 166 168 167
f 167 168 289
f 168 292 289
f 104 105 169
f 105 170 169
f 105 106 170
f 106 171 170
f 169 170 172
f 170 173 172
f 170 171 173
f 171 174 173
f 106 108 171
f 108 175 171
f 108 339 175
f 175 339 409
f 171 175 174
f 174 175 176
f 175 409 176
f 176 409 411
f 172 173 177
f 173 178 177
f 173 174 178
f 174 179 178
f 177 178 180
f 178 181 180
f 178 179 181
f 179 182 181
f 174 176 179
f 176 183 179
f 176 411 183
f 183 411 417
f 179 183 182
f 182 183 184
f 183 417 184
f 184 417 419
f 185 189 186
f 185 186 188
f 185 188 187
f 186 189 190
f 186 190 191
f 186 191 192
f 186 192 188
f 190 193 191
f 187 188 195
f 187 195 194
f 188 192 196
f 188 196 195
f 189 197 190
f 190 197 198
f 190 198 193
f 193 198 199
f 191 193 200
f 191 200 201
f 191 201 192
f 193 202 200
f 200 202 217
f 200 217 219
f 200 219 201
f 202 221 217
f 192 201 203
f 192 203 196
f 201 219 226
f 201 226 203
f 193 199 202
f 199 204 202
f 202 204 221
f 204 229 221
f 194 195 206
f 194 206 205
f 195 196 207
f 195 207 206
f 205 206 250
f 205 250 249
f 206 207 253
f 206 253 250
f 196 203 208
f 196 208 207
f 203 226 237
f 203 237 208
f 207 208 258
f 207 258 253
f 208 237 265
f 208 265 258
f 197 209 198
f 198 209 210
f 198 210 199
f 199 210 211
f 209 212 210
f 210 212 213
f 210 213 211
f 211 213 214
f 199 211 204
f 204 211 215
f 204 215 229
f 215 241 229
f 211 214 215
f 214 216 215
f 215 216 241
f 216 244 241
f 217 221 218
f 217 218 220
f 217 220 219
f 218 221 222
f 218 222 223
f 218 223 224
f 218 224 220
f 222 225 223
f 219 220 227
f 219 227 226
f 220 224 228
f 220 228 227
f 221 229 222
f 222 229 230
f 222 230 225
f 225 230 231
f 223 225 232
f 223 232 233
f 223 233 224
f 225 234 232
f 232 234 753
f 232 753 755
f 232 755 233
f 234 757 753
f 224 233 235
f 224 235 228
f 233 755 759
f 233 759 235
f 225 231 234
f 231 236 234
f 234 236 757
f 236 761 757
f 226 227 238
f 226 238 237
f 227 228 239
f 227 239 238
f 237 238 266
f 237 266 265
f 238 239 269
f 238 269 266
f 228 235 240
f 228 240 239
f 235 759 773
f 235 773 240
f 239 240 274
f 239 274 269
f 240 773 817
f 240 817 274
f 229 241 230
f 230 241 242
f 230 242 231
f 231 242 243
f 241 244 242
f 242 244 245
f 242 245 243
f 243 245 246
f 231 243 236
f 236 243 247
f 236 247 761
f 247 777 761
f 243 246 247
f 246 248 247
f 247 248 777
f 248 779 777
f 249 250 252
f 249 252 251
f 250 253 254
f 250 254 252
f 251 252 256
f 251 256 255
f 252 254 257
f 252 257 256
f 253 258 259
f 253 259 254
f 258 265 267
f 258 267 259
f 254 259 260
f 254 260 257
f 259 267 271
f 259 271 260
f 255 256 262
f 255 262 261
f 256 257 263
f 256 263 262
f 261 262 442
f 261 442 441
f 262 263 445
f 262 445 442
f 257 260 264
f 257 264 263
f 260 271 277
f 260 277 264
f 263 264 447
f 263 447 445
f 264 277 457
f 264 457 447
f 265 266 268
f 265 268 267
f 266 269 270
f 266 270 268
f 267 268 272
f 267 272 271
f 268 270 273
f 268 273 272
f 269 274 275
f 269 275 270
f 274 817 819
f 274 819 275
f 270 275 276
f 270 276 273
f 275 819 821
f 275 821 276
f 271 272 278
f 271 278 277
f 272 273 279
f 272 279 278
f 277 278 458
f 277 458 457
f 278 279 461
f 278 461 458
f 273 276 280
f 273 280 279
f 276 821 829
f 276 829 280
f 279 280 463
f 279 463 461
f 280 829 1082
f 280 1082 463
f 212 281 213
f 213 281 282
f 213 282 214
f 214 282 283
f 281 284 282
f 282 284 285
f 282 285 283
f 283 285 286
f 214 283 216
f 216 283 287
f 216 287 244
f 244 287 297
f 283 286 287
f 286 288 287
f 287 288 297
f 288 300 297
f 284 289 285
f 285 289 290
f 285 290 286
f 286 290 291
f 289 292 290
f 290 292 293
f 290 293 291
f 291 293 294
f 286 291 288
f 288 291 295
f 288 295 300
f 295 305 300
f 291 294 295
f 294 296 295
f 295 296 305
f 296 308 305
f 244 297 245
f 245 297 298
f 245 298 246
f 246 298 299
f 297 300 298
f 298 300 301
f 298 301 299
f 299 301 302
f 246 299 248
f 248 299 303
f 248 303 779
f 303 849 779
f 299 302 303
f 302 304 303
f 303 304 849
f 304 851 849
f 300 305 301
f 301 305 306
f 301 306 302
f 302 306 307
f 305 308 306
f 306 308 309
f 306 309 307
f 307 309 310
f 302 307 304
f 304 307 311
f 304 311 851
f 311 857 851
f 307 310 311
f 310 312 311
f 311 312 857
f 312 859 857
f 313 315 317
f 313 314 316
f 313 316 315
f 315 318 317
f 314 319 320
f 314 320 316
f 315 325 318
f 315 316 326
f 315 326 325
f 318 325 327
f 316 320 328
f 316 328 326
f 317 318 321
f 318 322 321
f 318 327 322
f 322 327 333
f 319 323 324
f 319 324 320
f 323 345 347
f 323 347 324
f 320 324 335
f 320 335 328
f 324 347 353
f 324 353 335
f 325 329 327
f 325 326 330
f 325 330 329
f 327 329 331
f 326 328 332
f 326 332 330
f 329 361 331
f 329 330 362
f 329 362 361
f 331 361 363
f 330 332 364
f 330 364 362
f 327 331 333
f 331 334 333
f 331 363 334
f 334 363 373
f 328 335 336
f 328 336 332
f 335 353 356
f 335 356 336
f 332 336 376
f 332 376 364
f 336 356 393
f 336 393 376
f 321 322 337
f 322 338 337
f 322 333 338
f 333 341 338
f 337 338 339
f 338 340 339
f 338 341 340
f 340 341 343
f 333 334 341
f 334 342 341
f 334 373 342
f 342 373 385
f 341 342 343
f 342 344 343
f 342 385 344
f 344 385 388
f 345 346 348
f 345 348 347
f 346 349 350
f 346 350 348
f 347 348 354
f 347 354 353
f 348 350 355
f 348 355 354
f 349 351 352
f 349 352 350
f 351 441 443
f 351 443 352
f 350 352 359
f 350 359 355
f 352 443 449
f 352 449 359
f 353 354 357
f 353 357 356
f 354 355 358
f 354 358 357
f 356 357 394
f 356 394 393
f 357 358 395
f 357 395 394
f 355 359 360
f 355 360 358
f 359 449 452
f 359 452 360
f 358 360 402
f 358 402 395
f 360 452 473
f 360 473 402
f 361 365 363
f 361 362 366
f 361 366 365
f 363 365 369
f 362 364 371
f 362 371 366
f 365 367 369
f 365 366 368
f 365 368 367
f 367 370 369
f 366 371 372
f 366 372 368
f 363 369 373
f 369 374 373
f 369 370 374
f 370 375 374
f 364 376 377
f 364 377 371
f 376 393 396
f 376 396 377
f 371 377 378
f 371 378 372
f 377 396 398
f 377 398 378
f 367 379 370
f 367 368 380
f 367 380 379
f 370 379 381
f 368 372 382
f 368 382 380
f 379 1827 381
f 379 380 1828
f 379 1828 1827
f 381 1827 1829
f 380 382 1830
f 380 1830 1828
f 370 381 375
f 375 381 383
f 381 1829 383
f 383 1829 1835
f 372 378 384
f 372 384 382
f 378 398 405
f 378 405 384
f 382 384 1837
f 382 1837 1830
f 384 405 1859
f 384 1859 1837
f 373 374 385
f 374 386 385
f 374 375 386
f 375 387 386
f 385 386 388
f 386 389 388
f 386 387 389
f 387 390 389
f 375 383 387
f 383 391 387
f 383 1835 391
f 391 1835 1851
f 387 391 390
f 390 391 392
f 391 1851 392
f 392 1851 1853
f 393 394 397
f 393 397 396
f 394 395 400
f 394 400 397
f 396 397 399
f 396 399 398
f 397 400 401
f 397 401 399
f 395 402 403
f 395 403 400
f 402 473 476
f 402 476 403
f 400 403 404
f 400 404 401
f 403 476 478
f 403 478 404
f 398 399 406
f 398 406 405
f 399 401 407
f 399 407 406
f 405 406 1860
f 405 1860 1859
f 406 407 1861
f 406 1861 1860
f 401 404 408
f 401 408 407
f 404 478 485
f 404 485 408
f 407 408 1865
f 407 1865 1861
f 408 485 1955
f 408 1955 1865
f 339 340 409
f 340 410 409
f 340 343 410
f 343 413 410
f 409 410 411
f 410 412 411
f 410 413 412
f 412 413 415
f 343 344 413
f 344 414 413
f 344 388 414
f 388 425 414
f 413 414 415
f 414 416 415
f 414 425 416
f 416 425 428
f 411 412 417
f 412 418 417
f 412 415 418
f 415 421 418
f 417 418 419
f 418 420 419
f 418 421 420
f 420 421 423
f 415 416 421
f 416 422 421
f 416 428 422
f 422 428 433
f 421 422 423
f 422 424 423
f 422 433 424
f 424 433 436
f 388 389 425
f 389 426 425
f 389 390 426
f 390 427 426
f 425 426 428
f 426 429 428
f 426 427 429
f 427 430 429
f 390 392 427
f 392 431 427
f 392 1853 431
f 431 1853 1923
f 427 431 430
f 430 431 432
f 431 1923 432
f 432 1923 1925
f 428 429 433
f 429 434 433
f 429 430 434
f 430 435 434
f 433 434 436
f 434 437 436
f 434 435 437
f 435 438 437
f 430 432 435
f 432 439 435
f 432 1925 439
f 439 1925 1931
f 435 439 438
f 438 439 440
f 439 1931 440
f 440 1931 1933
f 441 442 444
f 441 444 443
f 442 445 446
f 442 446 444
f 443 444 450
f 443 450 449
f 444 446 451
f 444 451 450
f 445 447 448
f 445 448 446
f 447 457 459
f 447 459 448
f 446 448 455
f 446 455 451
f 448 459 465
f 448 465 455
f 449 450 453
f 449 453 452
f 450 451 454
f 450 454 453
f 452 453 474
f 452 474 473
f 453 454 475
f 453 475 474
f 451 455 456
f 451 456 454
f 455 465 468
f 455 468 456
f 454 456 482
f 454 482 475
f 456 468 489
f 456 489 482
f 457 458 460
f 457 460 459
f 458 461 462
f 458 462 460
f 459 460 466
f 459 466 465
f 460 462 467
f 460 467 466
f 461 463 464
f 461 464 462
f 463 1082 1084
f 463 1084 464
f 462 464 471
f 462 471 467
f 464 1084 1090
f 464 1090 471
f 465 466 469
f 465 469 468
f 466 467 470
f 466 470 469
f 468 469 490
f 468 490 489
f 469 470 491
f 469 491 490
f 467 471 472
f 467 472 470
f 471 1090 1092
f 471 1092 472
f 470 472 498
f 470 498 491
f 472 1092 1114
f 472 1114 498
f 473 474 477
f 473 477 476
f 474 475 480
f 474 480 477
f 476 477 479
f 476 479 478
f 477 480 481
f 477 481 479
f 475 482 483
f 475 483 480
f 482 489 492
f 482 492 483
f 480 483 484
f 480 484 481
f 483 492 494
f 483 494 484
f 478 479 486
f 478 486 485
f 479 481 487
f 479 487 486
f 485 486 1956
f 485 1956 1955
f 486 487 1957
f 486 1957 1956
f 481 484 488
f 481 488 487
f 484 494 501
f 484 501 488
f 487 488 1961
f 487 1961 1957
f 488 501 1971
f 488 1971 1961
f 489 490 493
f 489 493 492
f 490 491 496
f 490 496 493
f 492 493 495
f 492 495 494
f 493 496 497
f 493 497 495
f 491 498 499
f 491 499 496
f 498 1114 1116
f 498 1116 499
f 496 499 500
f 496 500 497
f 499 1116 1118
f 499 1118 500
f 494 495 502
f 494 502 501
f 495 497 503
f 495 503 502
f 501 502 1972
f 501 1972 1971
f 502 503 1973
f 502 1973 1972
f 497 500 504
f 497 504 503
f 500 1118 1126
f 500 1126 504
f 503 504 1977
f 503 1977 1973
f 504 1126 2664
f 504 2664 1977
f 144 505 145
f 144 146 505
f 145 505 506
f 146 507 505
f 145 506 147
f 147 506 508
f 146 148 507
f 148 509 507
f 505 510 506
f 505 507 510
f 506 510 511
f 507 512 510
f 506 511 508
f 508 511 513
f 507 509 512
f 509 514 512
f 147 508 150
f 150 508 515
f 150 515 164
f 164 515 533
f 508 513 515
f 513 516 515
f 515 516 533
f 516 536 533
f 148 152 509
f 152 517 509
f 152 180 517
f 180 549 517
f 509 517 514
f 514 517 518
f 517 549 518
f 518 549 552
f 510 519 511
f 510 512 519
f 511 519 520
f 512 521 519
f 511 520 513
f 513 520 522
f 512 514 521
f 514 523 521
f 519 524 520
f 519 521 524
f 520 524 525
f 521 526 524
f 520 525 522
f 522 525 527
f 521 523 526
f 523 528 526
f 513 522 516
f 516 522 529
f 516 529 536
f 529 541 536
f 522 527 529
f 527 530 529
f 529 530 541
f 530 544 541
f 514 518 523
f 518 531 523
f 518 552 531
f 531 552 557
f 523 531 528
f 528 531 532
f 531 557 532
f 532 557 560
f 164 533 165
f 165 533 534
f 165 534 166
f 166 534 535
f 533 536 534
f 534 536 537
f 534 537 535
f 535 537 538
f 166 535 168
f 168 535 539
f 168 539 292
f 292 539 625
f 535 538 539
f 538 540 539
f 539 540 625
f 540 628 625
f 536 541 537
f 537 541 542
f 537 542 538
f 538 542 543
f 541 544 542
f 542 544 545
f 542 545 543
f 543 545 546
f 538 543 540
f 540 543 547
f 540 547 628
f 547 633 628
f 543 546 547
f 546 548 547
f 547 548 633
f 548 636 633
f 180 181 549
f 181 550 549
f 181 182 550
f 182 551 550
f 549 550 552
f 550 553 552
f 550 551 553
f 551 554 553
f 182 184 551
f 184 555 551
f 184 419 555
f 419 689 555
f 551 555 554
f 554 555 556
f 555 689 556
f 556 689 691
f 552 553 557
f 553 558 557
f 553 554 558
f 554 559 558
f 557 558 560
f 558 561 560
f 558 559 561
f 559 562 561
f 554 556 559
f 556 563 559
f 556 691 563
f 563 691 697
f 559 563 562
f 562 563 564
f 563 697 564
f 564 697 699
f 524 565 525
f 524 526 565
f 525 565 566
f 526 567 565
f 525 566 527
f 527 566 568
f 526 528 567
f 528 569 567
f 565 570 566
f 565 567 570
f 566 570 571
f 567 572 570
f 566 571 568
f 568 571 573
f 567 569 572
f 569 574 572
f 527 568 530
f 530 568 575
f 530 575 544
f 544 575 593
f 568 573 575
f 573 576 575
f 575 576 593
f 576 596 593
f 528 532 569
f 532 577 569
f 532 560 577
f 560 609 577
f 569 577 574
f 574 577 578
f 577 609 578
f 578 609 612
f 570 579 571
f 570 572 579
f 571 579 580
f 572 581 579
f 571 580 573
f 573 580 582
f 572 574 581
f 574 583 581
f 579 584 580
f 579 581 584
f 580 584 585
f 581 586 584
f 580 585 582
f 582 585 587
f 581 583 586
f 583 588 586
f 573 582 576
f 576 582 589
f 576 589 596
f 589 601 596
f 582 587 589
f 587 590 589
f 589 590 601
f 590 604 601
f 574 578 583
f 578 591 583
f 578 612 591
f 591 612 617
f 583 591 588
f 588 591 592
f 591 617 592
f 592 617 620
f 544 593 545
f 545 593 594
f 545 594 546
f 546 594 595
f 593 596 594
f 594 596 597
f 594 597 595
f 595 597 598
f 546 595 548
f 548 595 599
f 548 599 636
f 599 657 636
f 595 598 599
f 598 600 599
f 599 600 657
f 600 660 657
f 596 601 597
f 597 601 602
f 597 602 598
f 598 602 603
f 601 604 602
f 602 604 605
f 602 605 603
f 603 605 606
f 598 603 600
f 600 603 607
f 600 607 660
f 607 665 660
f 603 606 607
f 606 608 607
f 607 608 665
f 608 668 665
f 560 561 609
f 561 610 609
f 561 562 610
f 562 611 610
f 609 610 612
f 610 613 612
f 610 611 613
f 611 614 613
f 562 564 611
f 564 615 611
f 564 699 615
f 615 699 721
f 611 615 614
f 614 615 616
f 615 721 616
f 616 721 723
f 612 613 617
f 613 618 617
f 613 614 618
f 614 619 618
f 617 618 620
f 618 621 620
f 618 619 621
f 619 622 621
f 614 616 619
f 616 623 619
f 616 723 623
f 623 723 729
f 619 623 622
f 622 623 624
f 623 729 624
f 624 729 731
f 292 625 293
f 293 625 626
f 293 626 294
f 294 626 627
f 625 628 626
f 626 628 629
f 626 629 627
f 627 629 630
f 294 627 296
f 296 627 631
f 296 631 308
f 308 631 641
f 627 630 631
f 630 632 631
f 631 632 641
f 632 644 641
f 628 633 629
f 629 633 634
f 629 634 630
f 630 634 635
f 633 636 634
f 634 636 637
f 634 637 635
f 635 637 638
f 630 635 632
f 632 635 639
f 632 639 644
f 639 649 644
f 635 638 639
f 638 640 639
f 639 640 649
f 640 652 649
f 308 641 309
f 309 641 642
f 309 642 310
f 310 642 643
f 641 644 642
f 642 644 645
f 642 645 643
f 643 645 646
f 310 643 312
f 312 643 647
f 312 647 859
f 647 1330 859
f 643 646 647
f 646 648 647
f 647 648 1330
f 648 1332 1330
f 644 649 645
f 645 649 650
f 645 650 646
f 646 650 651
f 649 652 650
f 650 652 653
f 650 653 651
f 651 653 654
f 646 651 648
f 648 651 655
f 648 655 1332
f 655 1338 1332
f 651 654 655
f 654 656 655
f 655 656 1338
f 656 1340 1338
f 636 657 637
f 637 657 658
f 637 658 638
f 638 658 659
f 657 660 658
f 658 660 661
f 658 661 659
f 659 661 662
f 638 659 640
f 640 659 663
f 640 663 652
f 652 663 673
f 659 662 663
f 662 664 663
f 663 664 673
f 664 676 673
f 660 665 661
f 661 665 666
f 661 666 662
f 662 666 667
f 665 668 666
f 666 668 669
f 666 669 667
f 667 669 670
f 662 667 664
f 664 667 671
f 664 671 676
f 671 681 676
f 667 670 671
f 670 672 671
f 671 672 681
f 672 684 681
f 652 673 653
f 653 673 674
f 653 674 654
f 654 674 675
f 673 676 674
f 674 676 677
f 674 677 675
f 675 677 678
f 654 675 656
f 656 675 679
f 656 679 1340
f 679 1363 1340
f 675 678 679
f 678 680 679
f 679 680 1363
f 680 1365 1363
f 676 681 677
f 677 681 682
f 677 682 678
f 678 682 683
f 681 684 682
f 682 684 685
f 682 685 683
f 683 685 686
f 678 683 680
f 680 683 687
f 680 687 1365
f 687 1371 1365
f 683 686 687
f 686 688 687
f 687 688 1371
f 688 1373 1371
f 419 420 689
f 420 690 689
f 420 423 690
f 423 693 690
f 689 690 691
f 690 692 691
f 690 693 692
f 692 693 695
f 423 424 693
f 424 694 693
f 424 436 694
f 436 705 694
f 693 694 695
f 694 696 695
f 694 705 696
f 696 705 708
f 691 692 697
f 692 698 697
f 692 695 698
f 695 701 698
f 697 698 699
f 698 700 699
f 698 701 700
f 700 701 703
f 695 696 701
f 696 702 701
f 696 708 702
f 702 708 713
f 701 702 703
f 702 704 703
f 702 713 704
f 704 713 716
f 436 437 705
f 437 706 705
f 437 438 706
f 438 707 706
f 705 706 708
f 706 709 708
f 706 707 709
f 707 710 709
f 438 440 707
f 440 711 707
f 440 1933 711
f 711 1933 2366
f 707 711 710
f 710 711 712
f 711 2366 712
f 712 2366 2368
f 708 709 713
f 709 714 713
f 709 710 714
f 710 715 714
f 713 714 716
f 714 717 716
f 714 715 717
f 715 718 717
f 710 712 715
f 712 719 715
f 712 2368 719
f 719 2368 2374
f 715 719 718
f 718 719 720
f 719 2374 720
f 720 2374 2376
f 699 700 721
f 700 722 721
f 700 703 722
f 703 725 722
f 721 722 723
f 722 724 723
f 722 725 724
f 724 725 727
f 703 704 725
f 704 726 725
f 704 716 726
f 716 737 726
f 725 726 727
f 726 728 727
f 726 737 728
f 728 737 740
f 723 724 729
f 724 730 729
f 724 727 730
f 727 733 730
f 729 730 731
f 730 732 731
f 730 733 732
f 732 733 735
f 727 728 733
f 728 734 733
f 728 740 734
f 734 740 745
f 733 734 735
f 734 736 735
f 734 745 736
f 736 745 748
f 716 717 737
f 717 738 737
f 717 718 738
f 718 739 738
f 737 738 740
f 738 741 740
f 738 739 741
f 739 742 741
f 718 720 739
f 720 743 739
f 720 2376 743
f 743 2376 2398
f 739 743 742
f 742 743 744
f 743 2398 744
f 744 2398 2400
f 740 741 745
f 741 746 745
f 741 742 746
f 742 747 746
f 745 746 748
f 746 749 748
f 746 747 749
f 747 750 749
f 742 744 747
f 744 751 747
f 744 2400 751
f 751 2400 2406
f 747 751 750
f 750 751 752
f 751 2406 752
f 752 2406 2408
f 753 757 754
f 753 754 756
f 753 756 755
f 754 757 758
f 754 758 763
f 754 763 765
f 754 765 756
f 758 767 763
f 755 756 760
f 755 760 759
f 756 765 769
f 756 769 760
f 757 761 758
f 758 761 762
f 758 762 767
f 762 771 767
f 763 767 764
f 763 764 766
f 763 766 765
f 764 767 768
f 764 768 785
f 764 785 787
f 764 787 766
f 768 789 785
f 765 766 770
f 765 770 769
f 766 787 791
f 766 791 770
f 767 771 768
f 768 771 772
f 768 772 789
f 772 793 789
f 759 760 774
f 759 774 773
f 760 769 775
f 760 775 774
f 773 774 818
f 773 818 817
f 774 775 823
f 774 823 818
f 769 770 776
f 769 776 775
f 770 791 805
f 770 805 776
f 775 776 824
f 775 824 823
f 776 805 833
f 776 833 824
f 761 777 762
f 762 777 778
f 762 778 771
f 771 778 781
f 777 779 778
f 778 779 780
f 778 780 781
f 780 783 781
f 771 781 772
f 772 781 782
f 772 782 793
f 782 809 793
f 781 783 782
f 782 783 784
f 782 784 809
f 784 811 809
f 785 789 786
f 785 786 788
f 785 788 787
f 786 789 790
f 786 790 795
f 786 795 797
f 786 797 788
f 790 799 795
f 787 788 792
f 787 792 791
f 788 797 801
f 788 801 792
f 789 793 790
f 790 793 794
f 790 794 799
f 794 803 799
f 795 799 796
f 795 796 798
f 795 798 797
f 796 799 800
f 796 800 881
f 796 881 882
f 796 882 798
f 800 883 881
f 797 798 802
f 797 802 801
f 798 882 887
f 798 887 802
f 799 803 800
f 800 803 804
f 800 804 883
f 804 889 883
f 791 792 806
f 791 806 805
f 792 801 807
f 792 807 806
f 805 806 834
f 805 834 833
f 806 807 839
f 806 839 834
f 801 802 808
f 801 808 807
f 802 887 901
f 802 901 808
f 807 808 840
f 807 840 839
f 808 901 965
f 808 965 840
f 793 809 794
f 794 809 810
f 794 810 803
f 803 810 813
f 809 811 810
f 810 811 812
f 810 812 813
f 812 815 813
f 803 813 804
f 804 813 814
f 804 814 889
f 814 905 889
f 813 815 814
f 814 815 816
f 814 816 905
f 816 907 905
f 817 818 820
f 817 820 819
f 818 823 825
f 818 825 820
f 819 820 822
f 819 822 821
f 820 825 827
f 820 827 822
f 823 824 826
f 823 826 825
f 824 833 835
f 824 835 826
f 825 826 828
f 825 828 827
f 826 835 837
f 826 837 828
f 821 822 830
f 821 830 829
f 822 827 831
f 822 831 830
f 829 830 1083
f 829 1083 1082
f 830 831 1086
f 830 1086 1083
f 827 828 832
f 827 832 831
f 828 837 845
f 828 845 832
f 831 832 1087
f 831 1087 1086
f 832 845 1098
f 832 1098 1087
f 833 834 836
f 833 836 835
f 834 839 841
f 834 841 836
f 835 836 838
f 835 838 837
f 836 841 843
f 836 843 838
f 839 840 842
f 839 842 841
f 840 965 966
f 840 966 842
f 841 842 844
f 841 844 843
f 842 966 969
f 842 969 844
f 837 838 846
f 837 846 845
f 838 843 847
f 838 847 846
f 845 846 1099
f 845 1099 1098
f 846 847 1102
f 846 1102 1099
f 843 844 848
f 843 848 847
f 844 969 977
f 844 977 848
f 847 848 1103
f 847 1103 1102
f 848 977 1146
f 848 1146 1103
f 779 849 780
f 780 849 850
f 780 850 783
f 783 850 853
f 849 851 850
f 850 851 852
f 850 852 853
f 852 855 853
f 783 853 784
f 784 853 854
f 784 854 811
f 811 854 865
f 853 855 854
f 854 855 856
f 854 856 865
f 856 867 865
f 851 857 852
f 852 857 858
f 852 858 855
f 855 858 861
f 857 859 858
f 858 859 860
f 858 860 861
f 860 863 861
f 855 861 856
f 856 861 862
f 856 862 867
f 862 873 867
f 861 863 862
f 862 863 864
f 862 864 873
f 864 875 873
f 811 865 812
f 812 865 866
f 812 866 815
f 815 866 869
f 865 867 866
f 866 867 868
f 866 868 869
f 868 871 869
f 815 869 816
f 816 869 870
f 816 870 907
f 870 1017 907
f 869 871 870
f 870 871 872
f 870 872 1017
f 872 1019 1017
f 867 873 868
f 868 873 874
f 868 874 871
f 871 874 877
f 873 875 874
f 874 875 876
f 874 876 877
f 876 879 877
f 871 877 872
f 872 877 878
f 872 878 1019
f 878 1025 1019
f 877 879 878
f 878 879 880
f 878 880 1025
f 880 1027 1025
f 881 883 884
f 881 884 885
f 881 885 882
f 883 886 884
f 884 886 891
f 884 891 892
f 884 892 885
f 886 893 891
f 882 885 888
f 882 888 887
f 885 892 897
f 885 897 888
f 883 889 886
f 886 889 890
f 886 890 893
f 890 899 893
f 891 893 894
f 891 894 895
f 891 895 892
f 893 896 894
f 894 896 913
f 894 913 914
f 894 914 895
f 896 915 913
f 892 895 898
f 892 898 897
f 895 914 919
f 895 919 898
f 893 899 896
f 896 899 900
f 896 900 915
f 900 921 915
f 887 888 902
f 887 902 901
f 888 897 903
f 888 903 902
f 901 902 967
f 901 967 965
f 902 903 971
f 902 971 967
f 897 898 904
f 897 904 903
f 898 919 942
f 898 942 904
f 903 904 973
f 903 973 971
f 904 942 981
f 904 981 973
f 889 905 890
f 890 905 906
f 890 906 899
f 899 906 909
f 905 907 906
f 906 907 908
f 906 908 909
f 908 911 909
f 899 909 900
f 900 909 910
f 900 910 921
f 910 949 921
f 909 911 910
f 910 911 912
f 910 912 949
f 912 951 949
f 913 915 916
f 913 916 917
f 913 917 914
f 915 918 916
f 916 918 923
f 916 923 924
f 916 924 917
f 918 925 923
f 914 917 920
f 914 920 919
f 917 924 933
f 917 933 920
f 915 921 918
f 918 921 922
f 918 922 925
f 922 937 925
f 923 925 926
f 923 926 928
f 923 928 924
f 925 930 926
f 926 930 927
f 926 927 929
f 926 929 928
f 927 932 929
f 927 930 931
f 927 931 932
f 924 928 934
f 924 934 933
f 928 929 935
f 928 935 934
f 929 936 935
f 929 932 936
f 925 937 930
f 930 937 938
f 930 938 931
f 931 940 932
f 931 938 939
f 931 939 940
f 932 941 936
f 932 940 941
f 919 920 943
f 919 943 942
f 920 933 944
f 920 944 943
f 942 943 983
f 942 983 981
f 943 944 987
f 943 987 983
f 933 934 945
f 933 945 944
f 934 935 946
f 934 946 945
f 935 947 946
f 935 936 947
f 944 945 989
f 944 989 987
f 945 946 990
f 945 990 989
f 946 993 990
f 946 947 993
f 936 948 947
f 936 941 948
f 947 999 993
f 947 948 999
f 921 949 922
f 922 949 950
f 922 950 937
f 937 950 953
f 949 951 950
f 950 951 952
f 950 952 953
f 952 958 953
f 937 953 938
f 938 953 954
f 938 954 939
f 939 956 940
f 939 954 955
f 939 955 956
f 940 957 941
f 940 956 957
f 953 958 954
f 954 958 959
f 954 959 955
f 955 961 956
f 955 959 960
f 955 960 961
f 956 962 957
f 956 961 962
f 941 963 948
f 941 957 963
f 948 1009 999
f 948 963 1009
f 957 964 963
f 957 962 964
f 963 1012 1009
f 963 964 1012
f 965 967 968
f 965 968 966
f 967 971 972
f 967 972 968
f 966 968 970
f 966 970 969
f 968 972 975
f 968 975 970
f 971 973 974
f 971 974 972
f 973 981 982
f 973 982 974
f 972 974 976
f 972 976 975
f 974 982 985
f 974 985 976
f 969 970 978
f 969 978 977
f 970 975 979
f 970 979 978
f 977 978 1148
f 977 1148 1146
f 978 979 1150
f 978 1150 1148
f 975 976 980
f 975 980 979
f 976 985 1002
f 976 1002 980
f 979 980 1152
f 979 1152 1150
f 980 1002 1162
f 980 1162 1152
f 981 983 984
f 981 984 982
f 983 987 988
f 983 988 984
f 982 984 986
f 982 986 985
f 984 988 995
f 984 995 986
f 987 989 991
f 987 991 988
f 989 990 992
f 989 992 991
f 990 994 992
f 990 993 994
f 988 991 996
f 988 996 995
f 991 992 997
f 991 997 996
f 992 998 997
f 992 994 998
f 993 1000 994
f 993 999 1000
f 994 1001 998
f 994 1000 1001
f 985 986 1003
f 985 1003 1002
f 986 995 1004
f 986 1004 1003
f 1002 1003 1164
f 1002 1164 1162
f 1003 1004 1166
f 1003 1166 1164
f 995 996 1005
f 995 1005 1004
f 996 997 1006
f 996 1006 1005
f 997 1007 1006
f 997 998 1007
f 1004 1005 1168
f 1004 1168 1166
f 1005 1006 1169
f 1005 1169 1168
f 1006 1172 1169
f 1006 1007 1172
f 998 1008 1007
f 998 1001 1008
f 1007 1174 1172
f 1007 1008 1174
f 999 1010 1000
f 999 1009 1010
f 1000 1011 1001
f 1000 1010 1011
f 1009 1013 1010
f 1009 1012 1013
f 1010 1014 1011
f 1010 1013 1014
f 1001 1015 1008
f 1001 1011 1015
f 1008 1190 1174
f 1008 1015 1190
f 1011 1016 1015
f 1011 1014 1016
f 1015 1192 1190
f 1015 1016 1192
f 907 1017 908
f 908 1017 1018
f 908 1018 911
f 911 1018 1021
f 1017 1019 1018
f 1018 1019 1020
f 1018 1020 1021
f 1020 1023 1021
f 911 1021 912
f 912 1021 1022
f 912 1022 951
f 951 1022 1033
f 1021 1023 1022
f 1022 1023 1024
f 1022 1024 1033
f 1024 1035 1033
f 1019 1025 1020
f 1020 1025 1026
f 1020 1026 1023
f 1023 1026 1029
f 1025 1027 1026
f 1026 1027 1028
f 1026 1028 1029
f 1028 1031 1029
f 1023 1029 1024
f 1024 1029 1030
f 1024 1030 1035
f 1030 1049 1035
f 1029 1031 1030
f 1030 1031 1032
f 1030 1032 1049
f 1032 1051 1049
f 951 1033 952
f 952 1033 1034
f 952 1034 958
f 958 1034 1037
f 1033 1035 1034
f 1034 1035 1036
f 1034 1036 1037
f 1036 1042 1037
f 958 1037 959
f 959 1037 1038
f 959 1038 960
f 960 1040 961
f 960 1038 1039
f 960 1039 1040
f 961 1041 962
f 961 1040 1041
f 1037 1042 1038
f 1038 1042 1043
f 1038 1043 1039
f 1039 1045 1040
f 1039 1043 1044
f 1039 1044 1045
f 1040 1046 1041
f 1040 1045 1046
f 962 1047 964
f 962 1041 1047
f 964 1065 1012
f 964 1047 1065
f 1041 1048 1047
f 1041 1046 1048
f 1047 1068 1065
f 1047 1048 1068
f 1035 1049 1036
f 1036 1049 1050
f 1036 1050 1042
f 1042 1050 1053
f 1049 1051 1050
f 1050 1051 1052
f 1050 1052 1053
f 1052 1058 1053
f 1042 1053 1043
f 1043 1053 1054
f 1043 1054 1044
f 1044 1056 1045
f 1044 1054 1055
f 1044 1055 1056
f 1045 1057 1046
f 1045 1056 1057
f 1053 1058 1054
f 1054 1058 1059
f 1054 1059 1055
f 1055 1061 1056
f 1055 1059 1060
f 1055 1060 1061
f 1056 1062 1057
f 1056 1061 1062
f 1046 1063 1048
f 1046 1057 1063
f 1048 1073 1068
f 1048 1063 1073
f 1057 1064 1063
f 1057 1062 1064
f 1063 1076 1073
f 1063 1064 1076
f 1012 1066 1013
f 1012 1065 1066
f 1013 1067 1014
f 1013 1066 1067
f 1065 1069 1066
f 1065 1068 1069
f 1066 1070 1067
f 1066 1069 1070
f 1014 1071 1016
f 1014 1067 1071
f 1016 1251 1192
f 1016 1071 1251
f 1067 1072 1071
f 1067 1070 1072
f 1071 1253 1251
f 1071 1072 1253
f 1068 1074 1069
f 1068 1073 1074
f 1069 1075 1070
f 1069 1074 1075
f 1073 1078 1074
f 1073 1076 1077
f 1073 1077 1078
f 1076 1499 1077
f 1074 1079 1075
f 1074 1078 1509
f 1074 1509 1079
f 1070 1080 1072
f 1070 1075 1080
f 1072 1259 1253
f 1072 1080 1259
f 1075 1081 1080
f 1075 1079 1081
f 1080 1261 1259
f 1080 1081 1261
f 1082 1083 1085
f 1082 1085 1084
f 1083 1086 1088
f 1083 1088 1085
f 1084 1085 1091
f 1084 1091 1090
f 1085 1088 1094
f 1085 1094 1091
f 1086 1087 1089
f 1086 1089 1088
f 1087 1098 1100
f 1087 1100 1089
f 1088 1089 1095
f 1088 1095 1094
f 1089 1100 1106
f 1089 1106 1095
f 1090 1091 1093
f 1090 1093 1092
f 1091 1094 1096
f 1091 1096 1093
f 1092 1093 1115
f 1092 1115 1114
f 1093 1096 1120
f 1093 1120 1115
f 1094 1095 1097
f 1094 1097 1096
f 1095 1106 1108
f 1095 1108 1097
f 1096 1097 1121
f 1096 1121 1120
f 1097 1108 1130
f 1097 1130 1121
f 1098 1099 1101
f 1098 1101 1100
f 1099 1102 1104
f 1099 1104 1101
f 1100 1101 1107
f 1100 1107 1106
f 1101 1104 1110
f 1101 1110 1107
f 1102 1103 1105
f 1102 1105 1104
f 1103 1146 1147
f 1103 1147 1105
f 1104 1105 1111
f 1104 1111 1110
f 1105 1147 1154
f 1105 1154 1111
f 1106 1107 1109
f 1106 1109 1108
f 1107 1110 1112
f 1107 1112 1109
f 1108 1109 1131
f 1108 1131 1130
f 1109 1112 1136
f 1109 1136 1131
f 1110 1111 1113
f 1110 1113 1112
f 1111 1154 1156
f 1111 1156 1113
f 1112 1113 1137
f 1112 1137 1136
f 1113 1156 1198
f 1113 1198 1137
f 1114 1115 1117
f 1114 1117 1116
f 1115 1120 1122
f 1115 1122 1117
f 1116 1117 1119
f 1116 1119 1118
f 1117 1122 1124
f 1117 1124 1119
f 1120 1121 1123
f 1120 1123 1122
f 1121 1130 1132
f 1121 1132 1123
f 1122 1123 1125
f 1122 1125 1124
f 1123 1132 1134
f 1123 1134 1125
f 1118 1119 1127
f 1118 1127 1126
f 1119 1124 1128
f 1119 1128 1127
f 1126 1127 2665
f 1126 2665 2664
f 1127 1128 2668
f 1127 2668 2665
f 1124 1125 1129
f 1124 1129 1128
f 1125 1134 1142
f 1125 1142 1129
f 1128 1129 2669
f 1128 2669 2668
f 1129 1142 2680
f 1129 2680 2669
f 1130 1131 1133
f 1130 1133 1132
f 1131 1136 1138
f 1131 1138 1133
f 1132 1133 1135
f 1132 1135 1134
f 1133 1138 1140
f 1133 1140 1135
f 1136 1137 1139
f 1136 1139 1138
f 1137 1198 1200
f 1137 1200 1139
f 1138 1139 1141
f 1138 1141 1140
f 1139 1200 1201
f 1139 1201 1141
f 1134 1135 1143
f 1134 1143 1142
f 1135 1140 1144
f 1135 1144 1143
f 1142 1143 2681
f 1142 2681 2680
f 1143 1144 2684
f 1143 2684 2681
f 1140 1141 1145
f 1140 1145 1144
f 1141 1201 1210
f 1141 1210 1145
f 1144 1145 2685
f 1144 2685 2684
f 1145 1210 2746
f 1145 2746 2685
f 1146 1148 1149
f 1146 1149 1147
f 1148 1150 1151
f 1148 1151 1149
f 1147 1149 1155
f 1147 1155 1154
f 1149 1151 1158
f 1149 1158 1155
f 1150 1152 1153
f 1150 1153 1151
f 1152 1162 1163
f 1152 1163 1153
f 1151 1153 1159
f 1151 1159 1158
f 1153 1163 1176
f 1153 1176 1159
f 1154 1155 1157
f 1154 1157 1156
f 1155 1158 1160
f 1155 1160 1157
f 1156 1157 1199
f 1156 1199 1198
f 1157 1160 1204
f 1157 1204 1199
f 1158 1159 1161
f 1158 1161 1160
f 1159 1176 1178
f 1159 1178 1161
f 1160 1161 1205
f 1160 1205 1204
f 1161 1178 1214
f 1161 1214 1205
f 1162 1164 1165
f 1162 1165 1163
f 1164 1166 1167
f 1164 1167 1165
f 1163 1165 1177
f 1163 1177 1176
f 1165 1167 1180
f 1165 1180 1177
f 1166 1168 1170
f 1166 1170 1167
f 1168 1169 1171
f 1168 1171 1170
f 1169 1173 1171
f 1169 1172 1173
f 1167 1170 1181
f 1167 1181 1180
f 1170 1171 1182
f 1170 1182 1181
f 1171 1183 1182
f 1171 1173 1183
f 1172 1175 1173
f 1172 1174 1175
f 1173 1188 1183
f 1173 1175 1188
f 1176 1177 1179
f 1176 1179 1178
f 1177 1180 1184
f 1177 1184 1179
f 1178 1179 1215
f 1178 1215 1214
f 1179 1184 1220
f 1179 1220 1215
f 1180 1181 1185
f 1180 1185 1184
f 1181 1182 1186
f 1181 1186 1185
f 1182 1187 1186
f 1182 1183 1187
f 1184 1185 1221
f 1184 1221 1220
f 1185 1186 1222
f 1185 1222 1221
f 1186 1223 1222
f 1186 1187 1223
f 1183 1189 1187
f 1183 1188 1189
f 1187 1232 1223
f 1187 1189 1232
f 1174 1191 1175
f 1174 1190 1191
f 1175 1194 1188
f 1175 1191 1194
f 1190 1193 1191
f 1190 1192 1193
f 1191 1196 1194
f 1191 1193 1196
f 1188 1195 1189
f 1188 1194 1195
f 1189 1242 1232
f 1189 1195 1242
f 1194 1197 1195
f 1194 1196 1197
f 1195 1245 1242
f 1195 1197 1245
f 1198 1199 1202
f 1198 1202 1200
f 1199 1204 1206
f 1199 1206 1202
f 1200 1202 1203
f 1200 1203 1201
f 1202 1206 1207
f 1202 1207 1203
f 1204 1205 1208
f 1204 1208 1206
f 1205 1214 1216
f 1205 1216 1208
f 1206 1208 1209
f 1206 1209 1207
f 1208 1216 1217
f 1208 1217 1209
f 1201 1203 1211
f 1201 1211 1210
f 1203 1207 1212
f 1203 1212 1211
f 1210 1211 2747
f 1210 2747 2746
f 1211 1212 2750
f 1211 2750 2747
f 1207 1209 1213
f 1207 1213 1212
f 1209 1217 1235
f 1209 1235 1213
f 1212 1213 2751
f 1212 2751 2750
f 1213 1235 2762
f 1213 2762 2751
f 1214 1215 1218
f 1214 1218 1216
f 1215 1220 1224
f 1215 1224 1218
f 1216 1218 1219
f 1216 1219 1217
f 1218 1224 1225
f 1218 1225 1219
f 1220 1221 1226
f 1220 1226 1224
f 1221 1222 1227
f 1221 1227 1226
f 1222 1230 1227
f 1222 1223 1230
f 1224 1226 1228
f 1224 1228 1225
f 1226 1227 1229
f 1226 1229 1228
f 1227 1231 1229
f 1227 1230 1231
f 1223 1233 1230
f 1223 1232 1233
f 1230 1234 1231
f 1230 1233 1234
f 1217 1219 1236
f 1217 1236 1235
f 1219 1225 1237
f 1219 1237 1236
f 1235 1236 2763
f 1235 2763 2762
f 1236 1237 2766
f 1236 2766 2763
f 1225 1228 1238
f 1225 1238 1237
f 1228 1229 1239
f 1228 1239 1238
f 1229 1240 1239
f 1229 1231 1240
f 1237 1238 2767
f 1237 2767 2766
f 1238 1239 2768
f 1238 2768 2767
f 1239 2769 2768
f 1239 1240 2769
f 1231 1241 1240
f 1231 1234 1241
f 1240 2774 2769
f 1240 1241 2774
f 1232 1243 1233
f 1232 1242 1243
f 1233 1244 1234
f 1233 1243 1244
f 1242 1246 1243
f 1242 1245 1246
f 1243 1247 1244
f 1243 1246 1247
f 1234 1248 1241
f 1234 1244 1248
f 1241 2790 2774
f 1241 1248 2790
f 1244 1249 1248
f 1244 1247 1249
f 1248 2792 2790
f 1248 1249 2792
f 1192 1252 1193
f 1192 1251 1252
f 1193 1255 1196
f 1193 1252 1255
f 1251 1254 1252
f 1251 1253 1254
f 1252 1257 1255
f 1252 1254 1257
f 1196 1256 1197
f 1196 1255 1256
f 1197 1290 1245
f 1197 1256 1290
f 1255 1258 1256
f 1255 1257 1258
f 1256 1293 1290
f 1256 1258 1293
f 1253 1260 1254
f 1253 1259 1260
f 1254 1272 1257
f 1254 1260 1272
f 1259 1262 1260
f 1259 1261 1262
f 1260 1283 1272
f 1260 1263 1283
f 1260 1265 1263
f 1260 1262 1266
f 1260 1266 1265
f 1257 1275 1273
f 1257 1271 1258
f 1257 1273 1271
f 1257 1272 1276
f 1257 1276 1275
f 1258 1278 1280
f 1258 1271 1278
f 1258 1280 1293
f 1293 1280 1294
f 1272 1283 1276
f 1245 1291 1246
f 1245 1290 1291
f 1246 1292 1247
f 1246 1291 1292
f 1290 1301 1291
f 1290 1297 1298
f 1290 1293 1294
f 1290 1294 1295
f 1290 1295 1297
f 1290 1298 1299
f 1290 1299 1301
f 1291 1306 1292
f 1291 1304 1303
f 1291 1301 1304
f 1291 1303 1306
f 1292 1306 1307
f 1292 1307 1309
f 1247 1308 1249
f 1247 1292 1308
f 1249 2850 2792
f 1249 1308 2850
f 1292 1312 1308
f 1292 1309 1310
f 1292 1310 1311
f 1292 1311 1325
f 1292 1325 1312
f 1308 2852 2850
f 1308 1312 2852
f 1312 1325 1326
f 1312 1326 2852
f 2852 1326 1327
f 2852 1327 1328
f 859 1330 860
f 860 1330 1331
f 860 1331 863
f 863 1331 1334
f 1330 1332 1331
f 1331 1332 1333
f 1331 1333 1334
f 1333 1336 1334
f 863 1334 864
f 864 1334 1335
f 864 1335 875
f 875 1335 1346
f 1334 1336 1335
f 1335 1336 1337
f 1335 1337 1346
f 1337 1348 1346
f 1332 1338 1333
f 1333 1338 1339
f 1333 1339 1336
f 1336 1339 1342
f 1338 1340 1339
f 1339 1340 1341
f 1339 1341 1342
f 1341 1344 1342
f 1336 1342 1337
f 1337 1342 1343
f 1337 1343 1348
f 1343 1354 1348
f 1342 1344 1343
f 1343 1344 1345
f 1343 1345 1354
f 1345 1356 1354
f 875 1346 876
f 876 1346 1347
f 876 1347 879
f 879 1347 1350
f 1346 1348 1347
f 1347 1348 1349
f 1347 1349 1350
f 1349 1352 1350
f 879 1350 880
f 880 1350 1351
f 880 1351 1027
f 1027 1351 1428
f 1350 1352 1351
f 1351 1352 1353
f 1351 1353 1428
f 1353 1430 1428
f 1348 1354 1349
f 1349 1354 1355
f 1349 1355 1352
f 1352 1355 1358
f 1354 1356 1355
f 1355 1356 1357
f 1355 1357 1358
f 1357 1360 1358
f 1352 1358 1353
f 1353 1358 1359
f 1353 1359 1430
f 1359 1436 1430
f 1358 1360 1359
f 1359 1360 1361
f 1359 1361 1436
f 1361 1438 1436
f 1340 1363 1341
f 1341 1363 1364
f 1341 1364 1344
f 1344 1364 1367
f 1363 1365 1364
f 1364 1365 1366
f 1364 1366 1367
f 1366 1369 1367
f 1344 1367 1345
f 1345 1367 1368
f 1345 1368 1356
f 1356 1368 1379
f 1367 1369 1368
f 1368 1369 1370
f 1368 1370 1379
f 1370 1381 1379
f 1365 1371 1366
f 1366 1371 1372
f 1366 1372 1369
f 1369 1372 1375
f 1371 1373 1372
f 1372 1373 1374
f 1372 1374 1375
f 1374 1377 1375
f 1369 1375 1370
f 1370 1375 1376
f 1370 1376 1381
f 1376 1387 1381
f 1375 1377 1376
f 1376 1377 1378
f 1376 1378 1387
f 1378 1389 1387
f 1356 1379 1357
f 1357 1379 1380
f 1357 1380 1360
f 1360 1380 1383
f 1379 1381 1380
f 1380 1381 1382
f 1380 1382 1383
f 1382 1385 1383
f 1360 1383 1361
f 1361 1383 1384
f 1361 1384 1438
f 1384 1552 1438
f 1383 1385 1384
f 1384 1385 1386
f 1384 1386 1552
f 1386 1554 1552
f 1381 1387 1382
f 1382 1387 1388
f 1382 1388 1385
f 1385 1388 1391
f 1387 1389 1388
f 1388 1389 1390
f 1388 1390 1391
f 1390 1393 1391
f 1385 1391 1386
f 1386 1391 1392
f 1386 1392 1554
f 1392 1560 1554
f 1391 1393 1392
f 1392 1393 1394
f 1392 1394 1560
f 1394 1562 1560
f 1027 1428 1028
f 1028 1428 1429
f 1028 1429 1031
f 1031 1429 1432
f 1428 1430 1429
f 1429 1430 1431
f 1429 1431 1432
f 1431 1434 1432
f 1031 1432 1032
f 1032 1432 1433
f 1032 1433 1051
f 1051 1433 1444
f 1432 1434 1433
f 1433 1434 1435
f 1433 1435 1444
f 1435 1446 1444
f 1430 1436 1431
f 1431 1436 1437
f 1431 1437 1434
f 1434 1437 1440
f 1436 1438 1437
f 1437 1438 1439
f 1437 1439 1440
f 1439 1442 1440
f 1434 1440 1435
f 1435 1440 1441
f 1435 1441 1446
f 1441 1460 1446
f 1440 1442 1441
f 1441 1442 1443
f 1441 1443 1460
f 1443 1462 1460
f 1051 1444 1052
f 1052 1444 1445
f 1052 1445 1058
f 1058 1445 1448
f 1444 1446 1445
f 1445 1446 1447
f 1445 1447 1448
f 1447 1453 1448
f 1058 1448 1059
f 1059 1448 1449
f 1059 1449 1060
f 1060 1451 1061
f 1060 1449 1450
f 1060 1450 1451
f 1061 1452 1062
f 1061 1451 1452
f 1448 1453 1449
f 1449 1453 1454
f 1449 1454 1450
f 1450 1456 1451
f 1450 1454 1455
f 1450 1455 1456
f 1451 1457 1452
f 1451 1456 1457
f 1062 1458 1064
f 1062 1452 1458
f 1064 1504 1076
f 1064 1458 1504
f 1452 1459 1458
f 1452 1457 1459
f 1458 1514 1504
f 1458 1459 1514
f 1446 1460 1447
f 1447 1460 1461
f 1447 1461 1453
f 1453 1461 1464
f 1460 1462 1461
f 1461 1462 1463
f 1461 1463 1464
f 1463 1469 1464
f 1453 1464 1454
f 1454 1464 1465
f 1454 1465 1455
f 1455 1467 1456
f 1455 1465 1466
f 1455 1466 1467
f 1456 1468 1457
f 1456 1467 1468
f 1464 1469 1465
f 1465 1469 1470
f 1465 1470 1466
f 1466 1472 1467
f 1466 1470 1471
f 1466 1471 1472
f 1467 1473 1468
f 1467 1472 1473
f 1457 1474 1459
f 1457 1468 1474
f 1459 1531 1514
f 1459 1474 1531
f 1468 1475 1474
f 1468 1473 1475
f 1474 1537 1531
f 1474 1475 1537
f 1076 1501 1499
f 1076 1503 1502
f 1076 1502 1501
f 1076 1504 1503
f 1504 1505 1503
f 1079 1509 1510
f 1079 1510 1511
f 1079 1511 1520
f 1504 1514 1505
f 1514 1515 1505
f 1514 1517 1515
f 1514 1518 1517
f 1079 1521 1081
f 1079 1520 1521
f 1521 1520 1523
f 1081 1735 1261
f 1081 1521 1735
f 1521 1523 1524
f 1521 1524 1525
f 1521 1525 1527
f 1527 1525 1526
f 1527 1526 1549
f 1521 1743 1735
f 1521 1527 1743
f 1514 1531 1518
f 1531 1533 1518
f 1531 1534 1533
f 1531 1535 1534
f 1531 1536 1535
f 1531 1539 1536
f 1531 1537 1539
f 1537 1540 1539
f 1527 1549 1550
f 1527 1550 1743
f 1743 1550 1551
f 1438 1552 1439
f 1439 1552 1553
f 1439 1553 1442
f 1442 1553 1556
f 1552 1554 1553
f 1553 1554 1555
f 1553 1555 1556
f 1555 1558 1556
f 1442 1556 1443
f 1443 1556 1557
f 1443 1557 1462
f 1462 1557 1568
f 1556 1558 1557
f 1557 1558 1559
f 1557 1559 1568
f 1559 1570 1568
f 1554 1560 1555
f 1555 1560 1561
f 1555 1561 1558
f 1558 1561 1564
f 1560 1562 1561
f 1561 1562 1563
f 1561 1563 1564
f 1563 1566 1564
f 1558 1564 1559
f 1559 1564 1565
f 1559 1565 1570
f 1565 1584 1570
f 1564 1566 1565
f 1565 1566 1567
f 1565 1567 1584
f 1567 1586 1584
f 1462 1568 1463
f 1463 1568 1569
f 1463 1569 1469
f 1469 1569 1572
f 1568 1570 1569
f 1569 1570 1571
f 1569 1571 1572
f 1571 1577 1572
f 1469 1572 1470
f 1470 1572 1573
f 1470 1573 1471
f 1471 1575 1472
f 1471 1573 1574
f 1471 1574 1575
f 1472 1576 1473
f 1472 1575 1576
f 1572 1577 1573
f 1573 1577 1578
f 1573 1578 1574
f 1574 1580 1575
f 1574 1578 1579
f 1574 1579 1580
f 1575 1581 1576
f 1575 1580 1581
f 1473 1582 1475
f 1473 1576 1582
f 1475 1626 1537
f 1475 1582 1626
f 1576 1583 1582
f 1576 1581 1583
f 1582 1628 1626
f 1582 1583 1628
f 1570 1584 1571
f 1571 1584 1585
f 1571 1585 1577
f 1577 1585 1588
f 1584 1586 1585
f 1585 1586 1587
f 1585 1587 1588
f 1587 1593 1588
f 1577 1588 1578
f 1578 1588 1589
f 1578 1589 1579
f 1579 1591 1580
f 1579 1589 1590
f 1579 1590 1591
f 1580 1592 1581
f 1580 1591 1592
f 1588 1593 1589
f 1589 1593 1594
f 1589 1594 1590
f 1590 1596 1591
f 1590 1594 1595
f 1590 1595 1596
f 1591 1597 1592
f 1591 1596 1597
f 1581 1598 1583
f 1581 1592 1598
f 1583 1645 1628
f 1583 1598 1645
f 1592 1599 1598
f 1592 1597 1599
f 1598 1647 1645
f 1598 1599 1647
f 1537 1627 1540
f 1537 1626 1627
f 1626 1629 1627
f 1629 1631 1627
f 1626 1628 1629
f 1629 1632 1631
f 1629 1634 1632
f 1629 1635 1634
f 1629 1636 1635
f 1629 1637 1636
f 1628 1646 1629
f 1628 1645 1646
f 1629 1646 1637
f 1646 1650 1637
f 1645 1648 1646
f 1645 1647 1648
f 1646 1651 1650
f 1646 1648 1651
f 1648 1652 1651
f 1261 1738 1262
f 1261 1736 1738
f 1261 1735 1737
f 1261 1737 1736
f 1735 1741 1737
f 1262 1738 1266
f 1735 1746 1742
f 1735 1742 1741
f 1735 1743 1744
f 1735 1744 1746
f 1743 1756 1744
f 1743 1551 1754
f 1743 1754 1756
f 1827 1831 1829
f 1827 1828 1832
f 1827 1832 1831
f 1829 1831 1833
f 1828 1830 1834
f 1828 1834 1832
f 1831 1839 1833
f 1831 1832 1840
f 1831 1840 1839
f 1833 1839 1841
f 1832 1834 1842
f 1832 1842 1840
f 1829 1833 1835
f 1833 1836 1835
f 1833 1841 1836
f 1836 1841 1847
f 1830 1837 1838
f 1830 1838 1834
f 1837 1859 1862
f 1837 1862 1838
f 1834 1838 1849
f 1834 1849 1842
f 1838 1862 1867
f 1838 1867 1849
f 1839 1843 1841
f 1839 1840 1844
f 1839 1844 1843
f 1841 1843 1845
f 1840 1842 1846
f 1840 1846 1844
f 1843 1875 1845
f 1843 1844 1876
f 1843 1876 1875
f 1845 1875 1877
f 1844 1846 1878
f 1844 1878 1876
f 1841 1845 1847
f 1845 1848 1847
f 1845 1877 1848
f 1848 1877 1883
f 1842 1849 1850
f 1842 1850 1846
f 1849 1867 1870
f 1849 1870 1850
f 1846 1850 1885
f 1846 1885 1878
f 1850 1870 1907
f 1850 1907 1885
f 1835 1836 1851
f 1836 1852 1851
f 1836 1847 1852
f 1847 1855 1852
f 1851 1852 1853
f 1852 1854 1853
f 1852 1855 1854
f 1854 1855 1857
f 1847 1848 1855
f 1848 1856 1855
f 1848 1883 1856
f 1856 1883 1899
f 1855 1856 1857
f 1856 1858 1857
f 1856 1899 1858
f 1858 1899 1901
f 1859 1860 1863
f 1859 1863 1862
f 1860 1861 1864
f 1860 1864 1863
f 1862 1863 1868
f 1862 1868 1867
f 1863 1864 1869
f 1863 1869 1868
f 1861 1865 1866
f 1861 1866 1864
f 1865 1955 1958
f 1865 1958 1866
f 1864 1866 1873
f 1864 1873 1869
f 1866 1958 1963
f 1866 1963 1873
f 1867 1868 1871
f 1867 1871 1870
f 1868 1869 1872
f 1868 1872 1871
f 1870 1871 1908
f 1870 1908 1907
f 1871 1872 1909
f 1871 1909 1908
f 1869 1873 1874
f 1869 1874 1872
f 1873 1963 1966
f 1873 1966 1874
f 1872 1874 1913
f 1872 1913 1909
f 1874 1966 1987
f 1874 1987 1913
f 1875 1879 1877
f 1875 1876 1880
f 1875 1880 1879
f 1877 1879 1881
f 1876 1878 1882
f 1876 1882 1880
f 1879 1887 1881
f 1879 1880 1888
f 1879 1888 1887
f 1881 1887 1889
f 1880 1882 1890
f 1880 1890 1888
f 1877 1881 1883
f 1881 1884 1883
f 1881 1889 1884
f 1884 1889 1895
f 1878 1885 1886
f 1878 1886 1882
f 1885 1907 1910
f 1885 1910 1886
f 1882 1886 1897
f 1882 1897 1890
f 1886 1910 1915
f 1886 1915 1897
f 1887 1891 1889
f 1887 1888 1892
f 1887 1892 1891
f 1889 1891 1893
f 1888 1890 1894
f 1888 1894 1892
f 1891 2019 1893
f 1891 1892 2020
f 1891 2020 2019
f 1893 2019 2023
f 1892 1894 2025
f 1892 2025 2020
f 1889 1893 1895
f 1893 1896 1895
f 1893 2023 1896
f 1896 2023 2027
f 1890 1897 1898
f 1890 1898 1894
f 1897 1915 1918
f 1897 1918 1898
f 1894 1898 2029
f 1894 2029 2025
f 1898 1918 2051
f 1898 2051 2029
f 1883 1884 1899
f 1884 1900 1899
f 1884 1895 1900
f 1895 1903 1900
f 1899 1900 1901
f 1900 1902 1901
f 1900 1903 1902
f 1902 1903 1905
f 1895 1896 1903
f 1896 1904 1903
f 1896 2027 1904
f 1904 2027 2043
f 1903 1904 1905
f 1904 1906 1905
f 1904 2043 1906
f 1906 2043 2045
f 1907 1908 1911
f 1907 1911 1910
f 1908 1909 1912
f 1908 1912 1911
f 1910 1911 1916
f 1910 1916 1915
f 1911 1912 1917
f 1911 1917 1916
f 1909 1913 1914
f 1909 1914 1912
f 1913 1987 1990
f 1913 1990 1914
f 1912 1914 1921
f 1912 1921 1917
f 1914 1990 1995
f 1914 1995 1921
f 1915 1916 1919
f 1915 1919 1918
f 1916 1917 1920
f 1916 1920 1919
f 1918 1919 2052
f 1918 2052 2051
f 1919 1920 2055
f 1919 2055 2052
f 1917 1921 1922
f 1917 1922 1920
f 1921 1995 1998
f 1921 1998 1922
f 1920 1922 2057
f 1920 2057 2055
f 1922 1998 2219
f 1922 2219 2057
f 1853 1854 1923
f 1854 1924 1923
f 1854 1857 1924
f 1857 1927 1924
f 1923 1924 1925
f 1924 1926 1925
f 1924 1927 1926
f 1926 1927 1929
f 1857 1858 1927
f 1858 1928 1927
f 1858 1901 1928
f 1901 1939 1928
f 1927 1928 1929
f 1928 1930 1929
f 1928 1939 1930
f 1930 1939 1941
f 1925 1926 1931
f 1926 1932 1931
f 1926 1929 1932
f 1929 1935 1932
f 1931 1932 1933
f 1932 1934 1933
f 1932 1935 1934
f 1934 1935 1937
f 1929 1930 1935
f 1930 1936 1935
f 1930 1941 1936
f 1936 1941 1947
f 1935 1936 1937
f 1936 1938 1937
f 1936 1947 1938
f 1938 1947 1949
f 1901 1902 1939
f 1902 1940 1939
f 1902 1905 1940
f 1905 1943 1940
f 1939 1940 1941
f 1940 1942 1941
f 1940 1943 1942
f 1942 1943 1945
f 1905 1906 1943
f 1906 1944 1943
f 1906 2045 1944
f 1944 2045 2155
f 1943 1944 1945
f 1944 1946 1945
f 1944 2155 1946
f 1946 2155 2157
f 1941 1942 1947
f 1942 1948 1947
f 1942 1945 1948
f 1945 1951 1948
f 1947 1948 1949
f 1948 1950 1949
f 1948 1951 1950
f 1950 1951 1953
f 1945 1946 1951
f 1946 1952 1951
f 1946 2157 1952
f 1952 2157 2163
f 1951 1952 1953
f 1952 1954 1953
f 1952 2163 1954
f 1954 2163 2165
f 1955 1956 1959
f 1955 1959 1958
f 1956 1957 1960
f 1956 1960 1959
f 1958 1959 1964
f 1958 1964 1963
f 1959 1960 1965
f 1959 1965 1964
f 1957 1961 1962
f 1957 1962 1960
f 1961 1971 1974
f 1961 1974 1962
f 1960 1962 1969
f 1960 1969 1965
f 1962 1974 1979
f 1962 1979 1969
f 1963 1964 1967
f 1963 1967 1966
f 1964 1965 1968
f 1964 1968 1967
f 1966 1967 1988
f 1966 1988 1987
f 1967 1968 1989
f 1967 1989 1988
f 1965 1969 1970
f 1965 1970 1968
f 1969 1979 1982
f 1969 1982 1970
f 1968 1970 1993
f 1968 1993 1989
f 1970 1982 2003
f 1970 2003 1993
f 1971 1972 1975
f 1971 1975 1974
f 1972 1973 1976
f 1972 1976 1975
f 1974 1975 1980
f 1974 1980 1979
f 1975 1976 1981
f 1975 1981 1980
f 1973 1977 1978
f 1973 1978 1976
f 1977 2664 2666
f 1977 2666 1978
f 1976 1978 1985
f 1976 1985 1981
f 1978 2666 2672
f 1978 2672 1985
f 1979 1980 1983
f 1979 1983 1982
f 1980 1981 1984
f 1980 1984 1983
f 1982 1983 2004
f 1982 2004 2003
f 1983 1984 2005
f 1983 2005 2004
f 1981 1985 1986
f 1981 1986 1984
f 1985 2672 2674
f 1985 2674 1986
f 1984 1986 2009
f 1984 2009 2005
f 1986 2674 2696
f 1986 2696 2009
f 1987 1988 1991
f 1987 1991 1990
f 1988 1989 1992
f 1988 1992 1991
f 1990 1991 1996
f 1990 1996 1995
f 1991 1992 1997
f 1991 1997 1996
f 1989 1993 1994
f 1989 1994 1992
f 1993 2003 2006
f 1993 2006 1994
f 1992 1994 2001
f 1992 2001 1997
f 1994 2006 2011
f 1994 2011 2001
f 1995 1996 1999
f 1995 1999 1998
f 1996 1997 2000
f 1996 2000 1999
f 1998 1999 2220
f 1998 2220 2219
f 1999 2000 2223
f 1999 2223 2220
f 1997 2001 2002
f 1997 2002 2000
f 2001 2011 2014
f 2001 2014 2002
f 2000 2002 2225
f 2000 2225 2223
f 2002 2014 2235
f 2002 2235 2225
f 2003 2004 2007
f 2003 2007 2006
f 2004 2005 2008
f 2004 2008 2007
f 2006 2007 2012
f 2006 2012 2011
f 2007 2008 2013
f 2007 2013 2012
f 2005 2009 2010
f 2005 2010 2008
f 2009 2696 2698
f 2009 2698 2010
f 2008 2010 2017
f 2008 2017 2013
f 2010 2698 2704
f 2010 2704 2017
f 2011 2012 2015
f 2011 2015 2014
f 2012 2013 2016
f 2012 2016 2015
f 2014 2015 2236
f 2014 2236 2235
f 2015 2016 2239
f 2015 2239 2236
f 2013 2017 2018
f 2013 2018 2016
f 2017 2704 2706
f 2017 2706 2018
f 2016 2018 2241
f 2016 2241 2239
f 2018 2706 2944
f 2018 2944 2241
f 2019 2021 2023
f 2019 2020 2022
f 2019 2022 2021
f 2021 2024 2023
f 2020 2025 2026
f 2020 2026 2022
f 2021 2031 2024
f 2021 2022 2032
f 2021 2032 2031
f 2024 2031 2033
f 2022 2026 2034
f 2022 2034 2032
f 2023 2024 2027
f 2024 2028 2027
f 2024 2033 2028
f 2028 2033 2039
f 2025 2029 2030
f 2025 2030 2026
f 2029 2051 2053
f 2029 2053 2030
f 2026 2030 2041
f 2026 2041 2034
f 2030 2053 2059
f 2030 2059 2041
f 2031 2035 2033
f 2031 2032 2036
f 2031 2036 2035
f 2033 2035 2037
f 2032 2034 2038
f 2032 2038 2036
f 2035 2067 2037
f 2035 2036 2068
f 2035 2068 2067
f 2037 2067 2071
f 2036 2038 2073
f 2036 2073 2068
f 2033 2037 2039
f 2037 2040 2039
f 2037 2071 2040
f 2040 2071 2075
f 2034 2041 2042
f 2034 2042 2038
f 2041 2059 2062
f 2041 2062 2042
f 2038 2042 2077
f 2038 2077 2073
f 2042 2062 2119
f 2042 2119 2077
f 2027 2028 2043
f 2028 2044 2043
f 2028 2039 2044
f 2039 2047 2044
f 2043 2044 2045
f 2044 2046 2045
f 2044 2047 2046
f 2046 2047 2049
f 2039 2040 2047
f 2040 2048 2047
f 2040 2075 2048
f 2048 2075 2103
f 2047 2048 2049
f 2048 2050 2049
f 2048 2103 2050
f 2050 2103 2105
f 2051 2052 2054
f 2051 2054 2053
f 2052 2055 2056
f 2052 2056 2054
f 2053 2054 2060
f 2053 2060 2059
f 2054 2056 2061
f 2054 2061 2060
f 2055 2057 2058
f 2055 2058 2056
f 2057 2219 2221
f 2057 2221 2058
f 2056 2058 2065
f 2056 2065 2061
f 2058 2221 2227
f 2058 2227 2065
f 2059 2060 2063
f 2059 2063 2062
f 2060 2061 2064
f 2060 2064 2063
f 2062 2063 2120
f 2062 2120 2119
f 2063 2064 2123
f 2063 2123 2120
f 2061 2065 2066
f 2061 2066 2064
f 2065 2227 2230
f 2065 2230 2066
f 2064 2066 2125
f 2064 2125 2123
f 2066 2230 2251
f 2066 2251 2125
f 2067 2069 2071
f 2067 2068 2070
f 2067 2070 2069
f 2069 2072 2071
f 2068 2073 2074
f 2068 2074 2070
f 2069 2079 2072
f 2069 2070 2080
f 2069 2080 2079
f 2072 2079 2081
f 2070 2074 2082
f 2070 2082 2080
f 2071 2072 2075
f 2072 2076 2075
f 2072 2081 2076
f 2076 2081 2093
f 2073 2077 2078
f 2073 2078 2074
f 2077 2119 2121
f 2077 2121 2078
f 2074 2078 2098
f 2074 2098 2082
f 2078 2121 2127
f 2078 2127 2098
f 2079 2083 2081
f 2079 2080 2084
f 2079 2084 2083
f 2081 2083 2087
f 2080 2082 2090
f 2080 2090 2084
f 2083 2085 2087
f 2083 2084 2086
f 2083 2086 2085
f 2085 2086 2089
f 2085 2088 2087
f 2085 2089 2088
f 2084 2090 2091
f 2084 2091 2086
f 2086 2091 2092
f 2086 2092 2089
f 2081 2087 2093
f 2087 2094 2093
f 2087 2088 2094
f 2088 2089 2096
f 2088 2095 2094
f 2088 2096 2095
f 2089 2092 2097
f 2089 2097 2096
f 2082 2098 2099
f 2082 2099 2090
f 2098 2127 2130
f 2098 2130 2099
f 2090 2099 2100
f 2090 2100 2091
f 2091 2100 2101
f 2091 2101 2092
f 2099 2130 2132
f 2099 2132 2100
f 2100 2132 2134
f 2100 2134 2101
f 2092 2101 2102
f 2092 2102 2097
f 2101 2134 2139
f 2101 2139 2102
f 2075 2076 2103
f 2076 2104 2103
f 2076 2093 2104
f 2093 2107 2104
f 2103 2104 2105
f 2104 2106 2105
f 2104 2107 2106
f 2106 2107 2112
f 2093 2094 2107
f 2094 2108 2107
f 2094 2095 2108
f 2095 2096 2110
f 2095 2109 2108
f 2095 2110 2109
f 2096 2097 2111
f 2096 2111 2110
f 2107 2108 2112
f 2108 2113 2112
f 2108 2109 2113
f 2109 2110 2115
f 2109 2114 2113
f 2109 2115 2114
f 2110 2111 2116
f 2110 2116 2115
f 2097 2102 2117
f 2097 2117 2111
f 2102 2139 2147
f 2102 2147 2117
f 2111 2117 2118
f 2111 2118 2116
f 2117 2147 2150
f 2117 2150 2118
f 2119 2120 2122
f 2119 2122 2121
f 2120 2123 2124
f 2120 2124 2122
f 2121 2122 2128
f 2121 2128 2127
f 2122 2124 2129
f 2122 2129 2128
f 2123 2125 2126
f 2123 2126 2124
f 2125 2251 2253
f 2125 2253 2126
f 2124 2126 2142
f 2124 2142 2129
f 2126 2253 2259
f 2126 2259 2142
f 2127 2128 2131
f 2127 2131 2130
f 2128 2129 2136
f 2128 2136 2131
f 2130 2131 2133
f 2130 2133 2132
f 2132 2133 2135
f 2132 2135 2134
f 2131 2136 2137
f 2131 2137 2133
f 2133 2137 2138
f 2133 2138 2135
f 2134 2135 2140
f 2134 2140 2139
f 2135 2138 2141
f 2135 2141 2140
f 2129 2142 2143
f 2129 2143 2136
f 2142 2259 2262
f 2142 2262 2143
f 2136 2143 2144
f 2136 2144 2137
f 2137 2144 2145
f 2137 2145 2138
f 2143 2262 2264
f 2143 2264 2144
f 2144 2264 2266
f 2144 2266 2145
f 2138 2145 2146
f 2138 2146 2141
f 2145 2266 2271
f 2145 2271 2146
f 2139 2140 2148
f 2139 2148 2147
f 2140 2141 2149
f 2140 2149 2148
f 2147 2148 2151
f 2147 2151 2150
f 2148 2149 2152
f 2148 2152 2151
f 2141 2146 2153
f 2141 2153 2149
f 2146 2271 2279
f 2146 2279 2153
f 2149 2153 2154
f 2149 2154 2152
f 2153 2279 2282
f 2153 2282 2154
f 2045 2046 2155
f 2046 2156 2155
f 2046 2049 2156
f 2049 2159 2156
f 2155 2156 2157
f 2156 2158 2157
f 2156 2159 2158
f 2158 2159 2161
f 2049 2050 2159
f 2050 2160 2159
f 2050 2105 2160
f 2105 2171 2160
f 2159 2160 2161
f 2160 2162 2161
f 2160 2171 2162
f 2162 2171 2173
f 2157 2158 2163
f 2158 2164 2163
f 2158 2161 2164
f 2161 2167 2164
f 2163 2164 2165
f 2164 2166 2165
f 2164 2167 2166
f 2166 2167 2169
f 2161 2162 2167
f 2162 2168 2167
f 2162 2173 2168
f 2168 2173 2187
f 2167 2168 2169
f 2168 2170 2169
f 2168 2187 2170
f 2170 2187 2189
f 2105 2106 2171
f 2106 2172 2171
f 2106 2112 2172
f 2112 2175 2172
f 2171 2172 2173
f 2172 2174 2173
f 2172 2175 2174
f 2174 2175 2180
f 2112 2113 2175
f 2113 2176 2175
f 2113 2114 2176
f 2114 2115 2178
f 2114 2177 2176
f 2114 2178 2177
f 2115 2116 2179
f 2115 2179 2178
f 2175 2176 2180
f 2176 2181 2180
f 2176 2177 2181
f 2177 2178 2183
f 2177 2182 2181
f 2177 2183 2182
f 2178 2179 2184
f 2178 2184 2183
f 2116 2118 2185
f 2116 2185 2179
f 2118 2150 2203
f 2118 2203 2185
f 2179 2185 2186
f 2179 2186 2184
f 2185 2203 2206
f 2185 2206 2186
f 2173 2174 2187
f 2174 2188 2187
f 2174 2180 2188
f 2180 2191 2188
f 2187 2188 2189
f 2188 2190 2189
f 2188 2191 2190
f 2190 2191 2196
f 2180 2181 2191
f 2181 2192 2191
f 2181 2182 2192
f 2182 2183 2194
f 2182 2193 2192
f 2182 2194 2193
f 2183 2184 2195
f 2183 2195 2194
f 2191 2192 2196
f 2192 2197 2196
f 2192 2193 2197
f 2193 2194 2199
f 2193 2198 2197
f 2193 2199 2198
f 2194 2195 2200
f 2194 2200 2199
f 2184 2186 2201
f 2184 2201 2195
f 2186 2206 2211
f 2186 2211 2201
f 2195 2201 2202
f 2195 2202 2200
f 2201 2211 2214
f 2201 2214 2202
f 2150 2151 2204
f 2150 2204 2203
f 2151 2152 2205
f 2151 2205 2204
f 2203 2204 2207
f 2203 2207 2206
f 2204 2205 2208
f 2204 2208 2207
f 2152 2154 2209
f 2152 2209 2205
f 2154 2282 2334
f 2154 2334 2209
f 2205 2209 2210
f 2205 2210 2208
f 2209 2334 2337
f 2209 2337 2210
f 2206 2207 2212
f 2206 2212 2211
f 2207 2208 2213
f 2207 2213 2212
f 2211 2212 2215
f 2211 2215 2214
f 2212 2213 2216
f 2212 2216 2215
f 2208 2210 2217
f 2208 2217 2213
f 2210 2337 2342
f 2210 2342 2217
f 2213 2217 2218
f 2213 2218 2216
f 2217 2342 2345
f 2217 2345 2218
f 2219 2220 2222
f 2219 2222 2221
f 2220 2223 2224
f 2220 2224 2222
f 2221 2222 2228
f 2221 2228 2227
f 2222 2224 2229
f 2222 2229 2228
f 2223 2225 2226
f 2223 2226 2224
f 2225 2235 2237
f 2225 2237 2226
f 2224 2226 2233
f 2224 2233 2229
f 2226 2237 2243
f 2226 2243 2233
f 2227 2228 2231
f 2227 2231 2230
f 2228 2229 2232
f 2228 2232 2231
f 2230 2231 2252
f 2230 2252 2251
f 2231 2232 2255
f 2231 2255 2252
f 2229 2233 2234
f 2229 2234 2232
f 2233 2243 2246
f 2233 2246 2234
f 2232 2234 2257
f 2232 2257 2255
f 2234 2246 2287
f 2234 2287 2257
f 2235 2236 2238
f 2235 2238 2237
f 2236 2239 2240
f 2236 2240 2238
f 2237 2238 2244
f 2237 2244 2243
f 2238 2240 2245
f 2238 2245 2244
f 2239 2241 2242
f 2239 2242 2240
f 2241 2944 2946
f 2241 2946 2242
f 2240 2242 2249
f 2240 2249 2245
f 2242 2946 2952
f 2242 2952 2249
f 2243 2244 2247
f 2243 2247 2246
f 2244 2245 2248
f 2244 2248 2247
f 2246 2247 2288
f 2246 2288 2287
f 2247 2248 2291
f 2247 2291 2288
f 2245 2249 2250
f 2245 2250 2248
f 2249 2952 2954
f 2249 2954 2250
f 2248 2250 2293
f 2248 2293 2291
f 2250 2954 2976
f 2250 2976 2293
f 2251 2252 2254
f 2251 2254 2253
f 2252 2255 2256
f 2252 2256 2254
f 2253 2254 2260
f 2253 2260 2259
f 2254 2256 2261
f 2254 2261 2260
f 2255 2257 2258
f 2255 2258 2256
f 2257 2287 2289
f 2257 2289 2258
f 2256 2258 2274
f 2256 2274 2261
f 2258 2289 2295
f 2258 2295 2274
f 2259 2260 2263
f 2259 2263 2262
f 2260 2261 2268
f 2260 2268 2263
f 2262 2263 2265
f 2262 2265 2264
f 2264 2265 2267
f 2264 2267 2266
f 2263 2268 2269
f 2263 2269 2265
f 2265 2269 2270
f 2265 2270 2267
f 2266 2267 2272
f 2266 2272 2271
f 2267 2270 2273
f 2267 2273 2272
f 2261 2274 2275
f 2261 2275 2268
f 2274 2295 2298
f 2274 2298 2275
f 2268 2275 2276
f 2268 2276 2269
f 2269 2276 2277
f 2269 2277 2270
f 2275 2298 2300
f 2275 2300 2276
f 2276 2300 2302
f 2276 2302 2277
f 2270 2277 2278
f 2270 2278 2273
f 2277 2302 2307
f 2277 2307 2278
f 2271 2272 2280
f 2271 2280 2279
f 2272 2273 2281
f 2272 2281 2280
f 2279 2280 2283
f 2279 2283 2282
f 2280 2281 2284
f 2280 2284 2283
f 2273 2278 2285
f 2273 2285 2281
f 2278 2307 2315
f 2278 2315 2285
f 2281 2285 2286
f 2281 2286 2284
f 2285 2315 2318
f 2285 2318 2286
f 2287 2288 2290
f 2287 2290 2289
f 2288 2291 2292
f 2288 2292 2290
f 2289 2290 2296
f 2289 2296 2295
f 2290 2292 2297
f 2290 2297 2296
f 2291 2293 2294
f 2291 2294 2292
f 2293 2976 2978
f 2293 2978 2294
f 2292 2294 2310
f 2292 2310 2297
f 2294 2978 2984
f 2294 2984 2310
f 2295 2296 2299
f 2295 2299 2298
f 2296 2297 2304
f 2296 2304 2299
f 2298 2299 2301
f 2298 2301 2300
f 2300 2301 2303
f 2300 2303 2302
f 2299 2304 2305
f 2299 2305 2301
f 2301 2305 2306
f 2301 2306 2303
f 2302 2303 2308
f 2302 2308 2307
f 2303 2306 2309
f 2303 2309 2308
f 2297 2310 2311
f 2297 2311 2304
f 2310 2984 2986
f 2310 2986 2311
f 2304 2311 2312
f 2304 2312 2305
f 2305 2312 2313
f 2305 2313 2306
f 2311 2986 2988
f 2311 2988 2312
f 2312 2988 2990
f 2312 2990 2313
f 2306 2313 2314
f 2306 2314 2309
f 2313 2990 2992
f 2313 2992 2314
f 2307 2308 2316
f 2307 2316 2315
f 2308 2309 2317
f 2308 2317 2316
f 2315 2316 2319
f 2315 2319 2318
f 2316 2317 2320
f 2316 2320 2319
f 2309 2314 2321
f 2309 2321 2317
f 2314 2992 3004
f 2314 3004 2321
f 2317 2321 2322
f 2317 2322 2320
f 2321 3004 3006
f 2321 3006 2322
f 2282 2283 2335
f 2282 2335 2334
f 2283 2284 2336
f 2283 2336 2335
f 2334 2335 2338
f 2334 2338 2337
f 2335 2336 2339
f 2335 2339 2338
f 2284 2286 2340
f 2284 2340 2336
f 2286 2318 2350
f 2286 2350 2340
f 2336 2340 2341
f 2336 2341 2339
f 2340 2350 2353
f 2340 2353 2341
f 2337 2338 2343
f 2337 2343 2342
f 2338 2339 2344
f 2338 2344 2343
f 2342 2343 2346
f 2342 2346 2345
f 2343 2344 2347
f 2343 2347 2346
f 2339 2341 2348
f 2339 2348 2344
f 2341 2353 2358
f 2341 2358 2348
f 2344 2348 2349
f 2344 2349 2347
f 2348 2358 2361
f 2348 2361 2349
f 2318 2319 2351
f 2318 2351 2350
f 2319 2320 2352
f 2319 2352 2351
f 2350 2351 2354
f 2350 2354 2353
f 2351 2352 2355
f 2351 2355 2354
f 2320 2322 2356
f 2320 2356 2352
f 2322 3006 3064
f 2322 3064 2356
f 2352 2356 2357
f 2352 2357 2355
f 2356 3064 3066
f 2356 3066 2357
f 2353 2354 2359
f 2353 2359 2358
f 2354 2355 2360
f 2354 2360 2359
f 2358 2359 2362
f 2358 2362 2361
f 2359 2360 2363
f 2359 2363 2362
f 2355 2357 2364
f 2355 2364 2360
f 2357 3066 3072
f 2357 3072 2364
f 2360 2364 2365
f 2360 2365 2363
f 2364 3072 3074
f 2364 3074 2365
f 1933 1934 2366
f 1934 2367 2366
f 1934 1937 2367
f 1937 2370 2367
f 2366 2367 2368
f 2367 2369 2368
f 2367 2370 2369
f 2369 2370 2372
f 1937 1938 2370
f 1938 2371 2370
f 1938 1949 2371
f 1949 2382 2371
f 2370 2371 2372
f 2371 2373 2372
f 2371 2382 2373
f 2373 2382 2384
f 2368 2369 2374
f 2369 2375 2374
f 2369 2372 2375
f 2372 2378 2375
f 2374 2375 2376
f 2375 2377 2376
f 2375 2378 2377
f 2377 2378 2380
f 2372 2373 2378
f 2373 2379 2378
f 2373 2384 2379
f 2379 2384 2390
f 2378 2379 2380
f 2379 2381 2380
f 2379 2390 2381
f 2381 2390 2392
f 1949 1950 2382
f 1950 2383 2382
f 1950 1953 2383
f 1953 2386 2383
f 2382 2383 2384
f 2383 2385 2384
f 2383 2386 2385
f 2385 2386 2388
f 1953 1954 2386
f 1954 2387 2386
f 1954 2165 2387
f 2165 2445 2387
f 2386 2387 2388
f 2387 2389 2388
f 2387 2445 2389
f 2389 2445 2447
f 2384 2385 2390
f 2385 2391 2390
f 2385 2388 2391
f 2388 2394 2391
f 2390 2391 2392
f 2391 2393 2392
f 2391 2394 2393
f 2393 2394 2396
f 2388 2389 2394
f 2389 2395 2394
f 2389 2447 2395
f 2395 2447 2453
f 2394 2395 2396
f 2395 2397 2396
f 2395 2453 2397
f 2397 2453 2455
f 2376 2377 2398
f 2377 2399 2398
f 2377 2380 2399
f 2380 2402 2399
f 2398 2399 2400
f 2399 2401 2400
f 2399 2402 2401
f 2401 2402 2404
f 2380 2381 2402
f 2381 2403 2402
f 2381 2392 2403
f 2392 2414 2403
f 2402 2403 2404
f 2403 2405 2404
f 2403 2414 2405
f 2405 2414 2416
f 2400 2401 2406
f 2401 2407 2406
f 2401 2404 2407
f 2404 2410 2407
f 2406 2407 2408
f 2407 2409 2408
f 2407 2410 2409
f 2409 2410 2412
f 2404 2405 2410
f 2405 2411 2410
f 2405 2416 2411
f 2411 2416 2422
f 2410 2411 2412
f 2411 2413 2412
f 2411 2422 2413
f 2413 2422 2424
f 2392 2393 2414
f 2393 2415 2414
f 2393 2396 2415
f 2396 2418 2415
f 2414 2415 2416
f 2415 2417 2416
f 2415 2418 2417
f 2417 2418 2420
f 2396 2397 2418
f 2397 2419 2418
f 2397 2455 2419
f 2419 2455 2509
f 2418 2419 2420
f 2419 2421 2420
f 2419 2509 2421
f 2421 2509 2511
f 2416 2417 2422
f 2417 2423 2422
f 2417 2420 2423
f 2420 2426 2423
f 2422 2423 2424
f 2423 2425 2424
f 2423 2426 2425
f 2425 2426 2428
f 2420 2421 2426
f 2421 2427 2426
f 2421 2511 2427
f 2427 2511 2517
f 2426 2427 2428
f 2427 2429 2428
f 2427 2517 2429
f 2429 2517 2519
f 2165 2166 2445
f 2166 2446 2445
f 2166 2169 2446
f 2169 2449 2446
f 2445 2446 2447
f 2446 2448 2447
f 2446 2449 2448
f 2448 2449 2451
f 2169 2170 2449
f 2170 2450 2449
f 2170 2189 2450
f 2189 2461 2450
f 2449 2450 2451
f 2450 2452 2451
f 2450 2461 2452
f 2452 2461 2463
f 2447 2448 2453
f 2448 2454 2453
f 2448 2451 2454
f 2451 2457 2454
f 2453 2454 2455
f 2454 2456 2455
f 2454 2457 2456
f 2456 2457 2459
f 2451 2452 2457
f 2452 2458 2457
f 2452 2463 2458
f 2458 2463 2477
f 2457 2458 2459
f 2458 2460 2459
f 2458 2477 2460
f 2460 2477 2479
f 2189 2190 2461
f 2190 2462 2461
f 2190 2196 2462
f 2196 2465 2462
f 2461 2462 2463
f 2462 2464 2463
f 2462 2465 2464
f 2464 2465 2470
f 2196 2197 2465
f 2197 2466 2465
f 2197 2198 2466
f 2198 2199 2468
f 2198 2467 2466
f 2198 2468 2467
f 2199 2200 2469
f 2199 2469 2468
f 2465 2466 2470
f 2466 2471 2470
f 2466 2467 2471
f 2467 2468 2473
f 2467 2472 2471
f 2467 2473 2472
f 2468 2469 2474
f 2468 2474 2473
f 2200 2202 2475
f 2200 2475 2469
f 2202 2214 2493
f 2202 2493 2475
f 2469 2475 2476
f 2469 2476 2474
f 2475 2493 2496
f 2475 2496 2476
f 2463 2464 2477
f 2464 2478 2477
f 2464 2470 2478
f 2470 2481 2478
f 2477 2478 2479
f 2478 2480 2479
f 2478 2481 2480
f 2480 2481 2486
f 2470 2471 2481
f 2471 2482 2481
f 2471 2472 2482
f 2472 2473 2484
f 2472 2483 2482
f 2472 2484 2483
f 2473 2474 2485
f 2473 2485 2484
f 2481 2482 2486
f 2482 2487 2486
f 2482 2483 2487
f 2483 2484 2489
f 2483 2488 2487
f 2483 2489 2488
f 2484 2485 2490
f 2484 2490 2489
f 2474 2476 2491
f 2474 2491 2485
f 2476 2496 2501
f 2476 2501 2491
f 2485 2491 2492
f 2485 2492 2490
f 2491 2501 2504
f 2491 2504 2492
f 2214 2215 2494
f 2214 2494 2493
f 2215 2216 2495
f 2215 2495 2494
f 2493 2494 2497
f 2493 2497 2496
f 2494 2495 2498
f 2494 2498 2497
f 2216 2218 2499
f 2216 2499 2495
f 2218 2345 2600
f 2218 2600 2499
f 2495 2499 2500
f 2495 2500 2498
f 2499 2600 2603
f 2499 2603 2500
f 2496 2497 2502
f 2496 2502 2501
f 2497 2498 2503
f 2497 2503 2502
f 2501 2502 2505
f 2501 2505 2504
f 2502 2503 2506
f 2502 2506 2505
f 2498 2500 2507
f 2498 2507 2503
f 2500 2603 2608
f 2500 2608 2507
f 2503 2507 2508
f 2503 2508 2506
f 2507 2608 2611
f 2507 2611 2508
f 2455 2456 2509
f 2456 2510 2509
f 2456 2459 2510
f 2459 2513 2510
f 2509 2510 2511
f 2510 2512 2511
f 2510 2513 2512
f 2512 2513 2515
f 2459 2460 2513
f 2460 2514 2513
f 2460 2479 2514
f 2479 2525 2514
f 2513 2514 2515
f 2514 2516 2515
f 2514 2525 2516
f 2516 2525 2527
f 2511 2512 2517
f 2512 2518 2517
f 2512 2515 2518
f 2515 2521 2518
f 2517 2518 2519
f 2518 2520 2519
f 2518 2521 2520
f 2520 2521 2523
f 2515 2516 2521
f 2516 2522 2521
f 2516 2527 2522
f 2522 2527 2541
f 2521 2522 2523
f 2522 2524 2523
f 2522 2541 2524
f 2524 2541 2543
f 2479 2480 2525
f 2480 2526 2525
f 2480 2486 2526
f 2486 2529 2526
f 2525 2526 2527
f 2526 2528 2527
f 2526 2529 2528
f 2528 2529 2534
f 2486 2487 2529
f 2487 2530 2529
f 2487 2488 2530
f 2488 2489 2532
f 2488 2531 2530
f 2488 2532 2531
f 2489 2490 2533
f 2489 2533 2532
f 2529 2530 2534
f 2530 2535 2534
f 2530 2531 2535
f 2531 2532 2537
f 2531 2536 2535
f 2531 2537 2536
f 2532 2533 2538
f 2532 2538 2537
f 2490 2492 2539
f 2490 2539 2533
f 2492 2504 2557
f 2492 2557 2539
f 2533 2539 2540
f 2533 2540 2538
f 2539 2557 2560
f 2539 2560 2540
f 2527 2528 2541
f 2528 2542 2541
f 2528 2534 2542
f 2534 2545 2542
f 2541 2542 2543
f 2542 2544 2543
f 2542 2545 2544
f 2544 2545 2550
f 2534 2535 2545
f 2535 2546 2545
f 2535 2536 2546
f 2536 2537 2548
f 2536 2547 2546
f 2536 2548 2547
f 2537 2538 2549
f 2537 2549 2548
f 2545 2546 2550
f 2546 2551 2550
f 2546 2547 2551
f 2547 2548 2553
f 2547 2552 2551
f 2547 2553 2552
f 2548 2549 2554
f 2548 2554 2553
f 2538 2540 2555
f 2538 2555 2549
f 2540 2560 2565
f 2540 2565 2555
f 2549 2555 2556
f 2549 2556 2554
f 2555 2565 2568
f 2555 2568 2556
f 2504 2505 2558
f 2504 2558 2557
f 2505 2506 2559
f 2505 2559 2558
f 2557 2558 2561
f 2557 2561 2560
f 2558 2559 2562
f 2558 2562 2561
f 2506 2508 2563
f 2506 2563 2559
f 2508 2611 2632
f 2508 2632 2563
f 2559 2563 2564
f 2559 2564 2562
f 2563 2632 2635
f 2563 2635 2564
f 2560 2561 2566
f 2560 2566 2565
f 2561 2562 2567
f 2561 2567 2566
f 2565 2566 2569
f 2565 2569 2568
f 2566 2567 2570
f 2566 2570 2569
f 2562 2564 2571
f 2562 2571 2567
f 2564 2635 2640
f 2564 2640 2571
f 2567 2571 2572
f 2567 2572 2570
f 2571 2640 2643
f 2571 2643 2572
f 2345 2346 2601
f 2345 2601 2600
f 2346 2347 2602
f 2346 2602 2601
f 2600 2601 2604
f 2600 2604 2603
f 2601 2602 2605
f 2601 2605 2604
f 2347 2349 2606
f 2347 2606 2602
f 2349 2361 2616
f 2349 2616 2606
f 2602 2606 2607
f 2602 2607 2605
f 2606 2616 2619
f 2606 2619 2607
f 2603 2604 2609
f 2603 2609 2608
f 2604 2605 2610
f 2604 2610 2609
f 2608 2609 2612
f 2608 2612 2611
f 2609 2610 2613
f 2609 2613 2612
f 2605 2607 2614
f 2605 2614 2610
f 2607 2619 2624
f 2607 2624 2614
f 2610 2614 2615
f 2610 2615 2613
f 2614 2624 2627
f 2614 2627 2615
f 2361 2362 2617
f 2361 2617 2616
f 2362 2363 2618
f 2362 2618 2617
f 2616 2617 2620
f 2616 2620 2619
f 2617 2618 2621
f 2617 2621 2620
f 2363 2365 2622
f 2363 2622 2618
f 2365 3074 3559
f 2365 3559 2622
f 2618 2622 2623
f 2618 2623 2621
f 2622 3559 3561
f 2622 3561 2623
f 2619 2620 2625
f 2619 2625 2624
f 2620 2621 2626
f 2620 2626 2625
f 2624 2625 2628
f 2624 2628 2627
f 2625 2626 2629
f 2625 2629 2628
f 2621 2623 2630
f 2621 2630 2626
f 2623 3561 3567
f 2623 3567 2630
f 2626 2630 2631
f 2626 2631 2629
f 2630 3567 3569
f 2630 3569 2631
f 2611 2612 2633
f 2611 2633 2632
f 2612 2613 2634
f 2612 2634 2633
f 2632 2633 2636
f 2632 2636 2635
f 2633 2634 2637
f 2633 2637 2636
f 2613 2615 2638
f 2613 2638 2634
f 2615 2627 2648
f 2615 2648 2638
f 2634 2638 2639
f 2634 2639 2637
f 2638 2648 2651
f 2638 2651 2639
f 2635 2636 2641
f 2635 2641 2640
f 2636 2637 2642
f 2636 2642 2641
f 2640 2641 2644
f 2640 2644 2643
f 2641 2642 2645
f 2641 2645 2644
f 2637 2639 2646
f 2637 2646 2642
f 2639 2651 2656
f 2639 2656 2646
f 2642 2646 2647
f 2642 2647 2645
f 2646 2656 2659
f 2646 2659 2647
f 2627 2628 2649
f 2627 2649 2648
f 2628 2629 2650
f 2628 2650 2649
f 2648 2649 2652
f 2648 2652 2651
f 2649 2650 2653
f 2649 2653 2652
f 2629 2631 2654
f 2629 2654 2650
f 2631 3569 3592
f 2631 3592 2654
f 2650 2654 2655
f 2650 2655 2653
f 2654 3592 3594
f 2654 3594 2655
f 2651 2652 2657
f 2651 2657 2656
f 2652 2653 2658
f 2652 2658 2657
f 2656 2657 2660
f 2656 2660 2659
f 2657 2658 2661
f 2657 2661 2660
f 2653 2655 2662
f 2653 2662 2658
f 2655 3594 3600
f 2655 3600 2662
f 2658 2662 2663
f 2658 2663 2661
f 2662 3600 3602
f 2662 3602 2663
f 2664 2665 2667
f 2664 2667 2666
f 2665 2668 2670
f 2665 2670 2667
f 2666 2667 2673
f 2666 2673 2672
f 2667 2670 2676
f 2667 2676 2673
f 2668 2669 2671
f 2668 2671 2670
f 2669 2680 2682
f 2669 2682 2671
f 2670 2671 2677
f 2670 2677 2676
f 2671 2682 2688
f 2671 2688 2677
f 2672 2673 2675
f 2672 2675 2674
f 2673 2676 2678
f 2673 2678 2675
f 2674 2675 2697
f 2674 2697 2696
f 2675 2678 2700
f 2675 2700 2697
f 2676 2677 2679
f 2676 2679 2678
f 2677 2688 2690
f 2677 2690 2679
f 2678 2679 2701
f 2678 2701 2700
f 2679 2690 2712
f 2679 2712 2701
f 2680 2681 2683
f 2680 2683 2682
f 2681 2684 2686
f 2681 2686 2683
f 2682 2683 2689
f 2682 2689 2688
f 2683 2686 2692
f 2683 2692 2689
f 2684 2685 2687
f 2684 2687 2686
f 2685 2746 2748
f 2685 2748 2687
f 2686 2687 2693
f 2686 2693 2692
f 2687 2748 2754
f 2687 2754 2693
f 2688 2689 2691
f 2688 2691 2690
f 2689 2692 2694
f 2689 2694 2691
f 2690 2691 2713
f 2690 2713 2712
f 2691 2694 2716
f 2691 2716 2713
f 2692 2693 2695
f 2692 2695 2694
f 2693 2754 2756
f 2693 2756 2695
f 2694 2695 2717
f 2694 2717 2716
f 2695 2756 2798
f 2695 2798 2717
f 2696 2697 2699
f 2696 2699 2698
f 2697 2700 2702
f 2697 2702 2699
f 2698 2699 2705
f 2698 2705 2704
f 2699 2702 2708
f 2699 2708 2705
f 2700 2701 2703
f 2700 2703 2702
f 2701 2712 2714
f 2701 2714 2703
f 2702 2703 2709
f 2702 2709 2708
f 2703 2714 2720
f 2703 2720 2709
f 2704 2705 2707
f 2704 2707 2706
f 2705 2708 2710
f 2705 2710 2707
f 2706 2707 2945
f 2706 2945 2944
f 2707 2710 2948
f 2707 2948 2945
f 2708 2709 2711
f 2708 2711 2710
f 2709 2720 2722
f 2709 2722 2711
f 2710 2711 2949
f 2710 2949 2948
f 2711 2722 2960
f 2711 2960 2949
f 2712 2713 2715
f 2712 2715 2714
f 2713 2716 2718
f 2713 2718 2715
f 2714 2715 2721
f 2714 2721 2720
f 2715 2718 2724
f 2715 2724 2721
f 2716 2717 2719
f 2716 2719 2718
f 2717 2798 2800
f 2717 2800 2719
f 2718 2719 2725
f 2718 2725 2724
f 2719 2800 2806
f 2719 2806 2725
f 2720 2721 2723
f 2720 2723 2722
f 2721 2724 2726
f 2721 2726 2723
f 2722 2723 2961
f 2722 2961 2960
f 2723 2726 2964
f 2723 2964 2961
f 2724 2725 2727
f 2724 2727 2726
f 2725 2806 2808
f 2725 2808 2727
f 2726 2727 2965
f 2726 2965 2964
f 2727 2808 3096
f 2727 3096 2965
f 2746 2747 2749
f 2746 2749 2748
f 2747 2750 2752
f 2747 2752 2749
f 2748 2749 2755
f 2748 2755 2754
f 2749 2752 2758
f 2749 2758 2755
f 2750 2751 2753
f 2750 2753 2752
f 2751 2762 2764
f 2751 2764 2753
f 2752 2753 2759
f 2752 2759 2758
f 2753 2764 2776
f 2753 2776 2759
f 2754 2755 2757
f 2754 2757 2756
f 2755 2758 2760
f 2755 2760 2757
f 2756 2757 2799
f 2756 2799 2798
f 2757 2760 2802
f 2757 2802 2799
f 2758 2759 2761
f 2758 2761 2760
f 2759 2776 2778
f 2759 2778 2761
f 2760 2761 2803
f 2760 2803 2802
f 2761 2778 2814
f 2761 2814 2803
f 2762 2763 2765
f 2762 2765 2764
f 2763 2766 2770
f 2763 2770 2765
f 2764 2765 2777
f 2764 2777 2776
f 2765 2770 2780
f 2765 2780 2777
f 2766 2767 2771
f 2766 2771 2770
f 2767 2768 2772
f 2767 2772 2771
f 2768 2773 2772
f 2768 2769 2773
f 2770 2771 2781
f 2770 2781 2780
f 2771 2772 2782
f 2771 2782 2781
f 2772 2783 2782
f 2772 2773 2783
f 2769 2775 2773
f 2769 2774 2775
f 2773 2788 2783
f 2773 2775 2788
f 2776 2777 2779
f 2776 2779 2778
f 2777 2780 2784
f 2777 2784 2779
f 2778 2779 2815
f 2778 2815 2814
f 2779 2784 2818
f 2779 2818 2815
f 2780 2781 2785
f 2780 2785 2784
f 2781 2782 2786
f 2781 2786 2785
f 2782 2787 2786
f 2782 2783 2787
f 2784 2785 2819
f 2784 2819 2818
f 2785 2786 2820
f 2785 2820 2819
f 2786 2821 2820
f 2786 2787 2821
f 2783 2789 2787
f 2783 2788 2789
f 2787 2826 2821
f 2787 2789 2826
f 2774 2791 2775
f 2774 2790 2791
f 2775 2794 2788
f 2775 2791 2794
f 2790 2793 2791
f 2790 2792 2793
f 2791 2796 2794
f 2791 2793 2796
f 2788 2795 2789
f 2788 2794 2795
f 2789 2842 2826
f 2789 2795 2842
f 2794 2797 2795
f 2794 2796 2797
f 2795 2844 2842
f 2795 2797 2844
f 2798 2799 2801
f 2798 2801 2800
f 2799 2802 2804
f 2799 2804 2801
f 2800 2801 2807
f 2800 2807 2806
f 2801 2804 2810
f 2801 2810 2807
f 2802 2803 2805
f 2802 2805 2804
f 2803 2814 2816
f 2803 2816 2805
f 2804 2805 2811
f 2804 2811 2810
f 2805 2816 2828
f 2805 2828 2811
f 2806 2807 2809
f 2806 2809 2808
f 2807 2810 2812
f 2807 2812 2809
f 2808 2809 3098
f 2808 3098 3096
f 2809 2812 3100
f 2809 3100 3098
f 2810 2811 2813
f 2810 2813 2812
f 2811 2828 2830
f 2811 2830 2813
f 2812 2813 3102
f 2812 3102 3100
f 2813 2830 3112
f 2813 3112 3102
f 2814 2815 2817
f 2814 2817 2816
f 2815 2818 2822
f 2815 2822 2817
f 2816 2817 2829
f 2816 2829 2828
f 2817 2822 2832
f 2817 2832 2829
f 2818 2819 2823
f 2818 2823 2822
f 2819 2820 2824
f 2819 2824 2823
f 2820 2825 2824
f 2820 2821 2825
f 2822 2823 2833
f 2822 2833 2832
f 2823 2824 2834
f 2823 2834 2833
f 2824 2835 2834
f 2824 2825 2835
f 2821 2827 2825
f 2821 2826 2827
f 2825 2840 2835
f 2825 2827 2840
f 2828 2829 2831
f 2828 2831 2830
f 2829 2832 2836
f 2829 2836 2831
f 2830 2831 3114
f 2830 3114 3112
f 2831 2836 3116
f 2831 3116 3114
f 2832 2833 2837
f 2832 2837 2836
f 2833 2834 2838
f 2833 2838 2837
f 2834 2839 2838
f 2834 2835 2839
f 2836 2837 3118
f 2836 3118 3116
f 2837 2838 3119
f 2837 3119 3118
f 2838 3122 3119
f 2838 2839 3122
f 2835 2841 2839
f 2835 2840 2841
f 2839 3124 3122
f 2839 2841 3124
f 2826 2843 2827
f 2826 2842 2843
f 2827 2846 2840
f 2827 2843 2846
f 2842 2845 2843
f 2842 2844 2845
f 2843 2848 2846
f 2843 2845 2848
f 2840 2847 2841
f 2840 2846 2847
f 2841 3140 3124
f 2841 2847 3140
f 2846 2849 2847
f 2846 2848 2849
f 2847 3142 3140
f 2847 2849 3142
f 2792 2851 2793
f 2792 2850 2851
f 2793 2858 2796
f 2793 2851 2858
f 2850 2856 2851
f 2850 2852 2856
f 2852 2874 2856
f 2851 2853 2855
f 2851 2856 2853
f 2851 2855 2857
f 2851 2857 2858
f 2858 2857 2861
f 2796 2859 2797
f 2796 2858 2859
f 2797 2906 2844
f 2797 2859 2906
f 2858 2861 2862
f 2858 2862 2864
f 2858 2864 2859
f 2859 2864 2865
f 2859 2908 2906
f 2859 2865 2866
f 2859 2866 2867
f 2859 2867 2888
f 2859 2888 2908
f 2852 2871 2872
f 2852 2872 2874
f 2852 1328 2871
f 2844 2907 2845
f 2844 2906 2907
f 2845 2910 2848
f 2845 2907 2910
f 2906 2909 2907
f 2906 2908 2909
f 2907 2912 2910
f 2907 2909 2912
f 2848 2911 2849
f 2848 2910 2911
f 2849 3246 3142
f 2849 2911 3246
f 2910 2913 2911
f 2910 2912 2913
f 2911 3248 3246
f 2911 2913 3248
f 2908 2888 2920
f 2908 2920 2921
f 2908 2921 2909
f 2909 2921 2922
f 2909 2922 2924
f 2909 2924 2926
f 2909 2926 2912
f 2912 2926 2927
f 2912 2934 2913
f 2912 2927 2933
f 2912 2933 2937
f 2912 2937 2934
f 2913 3254 3248
f 2913 2934 3254
f 2934 2937 2938
f 2934 2938 2940
f 2934 2940 2941
f 2934 2941 2943
f 2943 2941 3408
f 2934 3256 3254
f 2934 2943 3256
f 2944 2945 2947
f 2944 2947 2946
f 2945 2948 2950
f 2945 2950 2947
f 2946 2947 2953
f 2946 2953 2952
f 2947 2950 2956
f 2947 2956 2953
f 2948 2949 2951
f 2948 2951 2950
f 2949 2960 2962
f 2949 2962 2951
f 2950 2951 2957
f 2950 2957 2956
f 2951 2962 2968
f 2951 2968 2957
f 2952 2953 2955
f 2952 2955 2954
f 2953 2956 2958
f 2953 2958 2955
f 2954 2955 2977
f 2954 2977 2976
f 2955 2958 2980
f 2955 2980 2977
f 2956 2957 2959
f 2956 2959 2958
f 2957 2968 2970
f 2957 2970 2959
f 2958 2959 2981
f 2958 2981 2980
f 2959 2970 3012
f 2959 3012 2981
f 2960 2961 2963
f 2960 2963 2962
f 2961 2964 2966
f 2961 2966 2963
f 2962 2963 2969
f 2962 2969 2968
f 2963 2966 2972
f 2963 2972 2969
f 2964 2965 2967
f 2964 2967 2966
f 2965 3096 3097
f 2965 3097 2967
f 2966 2967 2973
f 2966 2973 2972
f 2967 3097 3104
f 2967 3104 2973
f 2968 2969 2971
f 2968 2971 2970
f 2969 2972 2974
f 2969 2974 2971
f 2970 2971 3013
f 2970 3013 3012
f 2971 2974 3016
f 2971 3016 3013
f 2972 2973 2975
f 2972 2975 2974
f 2973 3104 3106
f 2973 3106 2975
f 2974 2975 3017
f 2974 3017 3016
f 2975 3106 3148
f 2975 3148 3017
f 2976 2977 2979
f 2976 2979 2978
f 2977 2980 2982
f 2977 2982 2979
f 2978 2979 2985
f 2978 2985 2984
f 2979 2982 2994
f 2979 2994 2985
f 2980 2981 2983
f 2980 2983 2982
f 2981 3012 3014
f 2981 3014 2983
f 2982 2983 2995
f 2982 2995 2994
f 2983 3014 3020
f 2983 3020 2995
f 2984 2985 2987
f 2984 2987 2986
f 2985 2994 2996
f 2985 2996 2987
f 2986 2987 2989
f 2986 2989 2988
f 2988 2989 2991
f 2988 2991 2990
f 2987 2996 2998
f 2987 2998 2989
f 2989 2998 3000
f 2989 3000 2991
f 2990 2991 2993
f 2990 2993 2992
f 2991 3000 3002
f 2991 3002 2993
f 2994 2995 2997
f 2994 2997 2996
f 2995 3020 3022
f 2995 3022 2997
f 2996 2997 2999
f 2996 2999 2998
f 2998 2999 3001
f 2998 3001 3000
f 2997 3022 3024
f 2997 3024 2999
f 2999 3024 3026
f 2999 3026 3001
f 3000 3001 3003
f 3000 3003 3002
f 3001 3026 3028
f 3001 3028 3003
f 2992 2993 3005
f 2992 3005 3004
f 2993 3002 3008
f 2993 3008 3005
f 3004 3005 3007
f 3004 3007 3006
f 3005 3008 3010
f 3005 3010 3007
f 3002 3003 3009
f 3002 3009 3008
f 3003 3028 3040
f 3003 3040 3009
f 3008 3009 3011
f 3008 3011 3010
f 3009 3040 3042
f 3009 3042 3011
f 3012 3013 3015
f 3012 3015 3014
f 3013 3016 3018
f 3013 3018 3015
f 3014 3015 3021
f 3014 3021 3020
f 3015 3018 3030
f 3015 3030 3021
f 3016 3017 3019
f 3016 3019 3018
f 3017 3148 3149
f 3017 3149 3019
f 3018 3019 3031
f 3018 3031 3030
f 3019 3149 3156
f 3019 3156 3031
f 3020 3021 3023
f 3020 3023 3022
f 3021 3030 3032
f 3021 3032 3023
f 3022 3023 3025
f 3022 3025 3024
f 3024 3025 3027
f 3024 3027 3026
f 3023 3032 3034
f 3023 3034 3025
f 3025 3034 3036
f 3025 3036 3027
f 3026 3027 3029
f 3026 3029 3028
f 3027 3036 3038
f 3027 3038 3029
f 3030 3031 3033
f 3030 3033 3032
f 3031 3156 3158
f 3031 3158 3033
f 3032 3033 3035
f 3032 3035 3034
f 3034 3035 3037
f 3034 3037 3036
f 3033 3158 3159
f 3033 3159 3035
f 3035 3159 3160
f 3035 3160 3037
f 3036 3037 3039
f 3036 3039 3038
f 3037 3160 3164
f 3037 3164 3039
f 3028 3029 3041
f 3028 3041 3040
f 3029 3038 3044
f 3029 3044 3041
f 3040 3041 3043
f 3040 3043 3042
f 3041 3044 3046
f 3041 3046 3043
f 3038 3039 3045
f 3038 3045 3044
f 3039 3164 3176
f 3039 3176 3045
f 3044 3045 3047
f 3044 3047 3046
f 3045 3176 3178
f 3045 3178 3047
f 3006 3007 3065
f 3006 3065 3064
f 3007 3010 3068
f 3007 3068 3065
f 3064 3065 3067
f 3064 3067 3066
f 3065 3068 3070
f 3065 3070 3067
f 3010 3011 3069
f 3010 3069 3068
f 3011 3042 3080
f 3011 3080 3069
f 3068 3069 3071
f 3068 3071 3070
f 3069 3080 3082
f 3069 3082 3071
f 3066 3067 3073
f 3066 3073 3072
f 3067 3070 3076
f 3067 3076 3073
f 3072 3073 3075
f 3072 3075 3074
f 3073 3076 3078
f 3073 3078 3075
f 3070 3071 3077
f 3070 3077 3076
f 3071 3082 3088
f 3071 3088 3077
f 3076 3077 3079
f 3076 3079 3078
f 3077 3088 3090
f 3077 3090 3079
f 3042 3043 3081
f 3042 3081 3080
f 3043 3046 3084
f 3043 3084 3081
f 3080 3081 3083
f 3080 3083 3082
f 3081 3084 3086
f 3081 3086 3083
f 3046 3047 3085
f 3046 3085 3084
f 3047 3178 3262
f 3047 3262 3085
f 3084 3085 3087
f 3084 3087 3086
f 3085 3262 3264
f 3085 3264 3087
f 3082 3083 3089
f 3082 3089 3088
f 3083 3086 3092
f 3083 3092 3089
f 3088 3089 3091
f 3088 3091 3090
f 3089 3092 3094
f 3089 3094 3091
f 3086 3087 3093
f 3086 3093 3092
f 3087 3264 3270
f 3087 3270 3093
f 3092 3093 3095
f 3092 3095 3094
f 3093 3270 3272
f 3093 3272 3095
f 3096 3098 3099
f 3096 3099 3097
f 3098 3100 3101
f 3098 3101 3099
f 3097 3099 3105
f 3097 3105 3104
f 3099 3101 3108
f 3099 3108 3105
f 3100 3102 3103
f 3100 3103 3101
f 3102 3112 3113
f 3102 3113 3103
f 3101 3103 3109
f 3101 3109 3108
f 3103 3113 3126
f 3103 3126 3109
f 3104 3105 3107
f 3104 3107 3106
f 3105 3108 3110
f 3105 3110 3107
f 3106 3107 3150
f 3106 3150 3148
f 3107 3110 3152
f 3107 3152 3150
f 3108 3109 3111
f 3108 3111 3110
f 3109 3126 3128
f 3109 3128 3111
f 3110 3111 3154
f 3110 3154 3152
f 3111 3128 3184
f 3111 3184 3154
f 3112 3114 3115
f 3112 3115 3113
f 3114 3116 3117
f 3114 3117 3115
f 3113 3115 3127
f 3113 3127 3126
f 3115 3117 3130
f 3115 3130 3127
f 3116 3118 3120
f 3116 3120 3117
f 3118 3119 3121
f 3118 3121 3120
f 3119 3123 3121
f 3119 3122 3123
f 3117 3120 3131
f 3117 3131 3130
f 3120 3121 3132
f 3120 3132 3131
f 3121 3133 3132
f 3121 3123 3133
f 3122 3125 3123
f 3122 3124 3125
f 3123 3138 3133
f 3123 3125 3138
f 3126 3127 3129
f 3126 3129 3128
f 3127 3130 3134
f 3127 3134 3129
f 3128 3129 3186
f 3128 3186 3184
f 3129 3134 3188
f 3129 3188 3186
f 3130 3131 3135
f 3130 3135 3134
f 3131 3132 3136
f 3131 3136 3135
f 3132 3137 3136
f 3132 3133 3137
f 3134 3135 3190
f 3134 3190 3188
f 3135 3136 3191
f 3135 3191 3190
f 3136 3194 3191
f 3136 3137 3194
f 3133 3139 3137
f 3133 3138 3139
f 3137 3196 3194
f 3137 3139 3196
f 3124 3141 3125
f 3124 3140 3141
f 3125 3144 3138
f 3125 3141 3144
f 3140 3143 3141
f 3140 3142 3143
f 3141 3146 3144
f 3141 3143 3146
f 3138 3145 3139
f 3138 3144 3145
f 3139 3227 3196
f 3139 3145 3227
f 3144 3147 3145
f 3144 3146 3147
f 3145 3229 3227
f 3145 3147 3229
f 3148 3150 3151
f 3148 3151 3149
f 3150 3152 3153
f 3150 3153 3151
f 3149 3151 3157
f 3149 3157 3156
f 3151 3153 3166
f 3151 3166 3157
f 3152 3154 3155
f 3152 3155 3153
f 3154 3184 3185
f 3154 3185 3155
f 3153 3155 3167
f 3153 3167 3166
f 3155 3185 3198
f 3155 3198 3167
f 3156 3157 3161
f 3156 3161 3158
f 3157 3166 3168
f 3157 3168 3161
f 3158 3161 3162
f 3158 3162 3159
f 3159 3162 3163
f 3159 3163 3160
f 3161 3168 3169
f 3161 3169 3162
f 3162 3169 3170
f 3162 3170 3163
f 3160 3163 3165
f 3160 3165 3164
f 3163 3170 3174
f 3163 3174 3165
f 3166 3167 3171
f 3166 3171 3168
f 3167 3198 3200
f 3167 3200 3171
f 3168 3171 3172
f 3168 3172 3169
f 3169 3172 3173
f 3169 3173 3170
f 3171 3200 3201
f 3171 3201 3172
f 3172 3201 3202
f 3172 3202 3173
f 3170 3173 3175
f 3170 3175 3174
f 3173 3202 3206
f 3173 3206 3175
f 3164 3165 3177
f 3164 3177 3176
f 3165 3174 3180
f 3165 3180 3177
f 3176 3177 3179
f 3176 3179 3178
f 3177 3180 3182
f 3177 3182 3179
f 3174 3175 3181
f 3174 3181 3180
f 3175 3206 3231
f 3175 3231 3181
f 3180 3181 3183
f 3180 3183 3182
f 3181 3231 3233
f 3181 3233 3183
f 3184 3186 3187
f 3184 3187 3185
f 3186 3188 3189
f 3186 3189 3187
f 3185 3187 3199
f 3185 3199 3198
f 3187 3189 3208
f 3187 3208 3199
f 3188 3190 3192
f 3188 3192 3189
f 3190 3191 3193
f 3190 3193 3192
f 3191 3195 3193
f 3191 3194 3195
f 3189 3192 3209
f 3189 3209 3208
f 3192 3193 3210
f 3192 3210 3209
f 3193 3211 3210
f 3193 3195 3211
f 3194 3197 3195
f 3194 3196 3197
f 3195 3222 3211
f 3195 3197 3222
f 3198 3199 3203
f 3198 3203 3200
f 3199 3208 3212
f 3199 3212 3203
f 3200 3203 3204
f 3200 3204 3201
f 3201 3204 3205
f 3201 3205 3202
f 3203 3212 3213
f 3203 3213 3204
f 3204 3213 3214
f 3204 3214 3205
f 3202 3205 3207
f 3202 3207 3206
f 3205 3214 3223
f 3205 3223 3207
f 3208 3209 3215
f 3208 3215 3212
f 3209 3210 3216
f 3209 3216 3215
f 3210 3219 3216
f 3210 3211 3219
f 3212 3215 3217
f 3212 3217 3213
f 3213 3217 3220
f 3213 3220 3214
f 3215 3216 3218
f 3215 3218 3217
f 3216 3221 3218
f 3217 3218 3221
f 3216 3219 3221
f 3217 3221 3220
f 3211 3224 3219
f 3211 3222 3224
f 3214 3220 3225
f 3214 3225 3223
f 3219 3226 3221
f 3220 3221 3226
f 3219 3224 3226
f 3220 3226 3225
f 3196 3228 3197
f 3196 3227 3228
f 3197 3235 3222
f 3197 3228 3235
f 3227 3230 3228
f 3227 3229 3230
f 3228 3240 3235
f 3228 3230 3240
f 3206 3207 3232
f 3206 3232 3231
f 3207 3223 3236
f 3207 3236 3232
f 3231 3232 3234
f 3231 3234 3233
f 3232 3236 3241
f 3232 3241 3234
f 3222 3237 3224
f 3222 3235 3237
f 3223 3225 3238
f 3223 3238 3236
f 3224 3239 3226
f 3225 3226 3239
f 3224 3237 3239
f 3225 3239 3238
f 3235 3242 3237
f 3235 3240 3242
f 3236 3238 3243
f 3236 3243 3241
f 3237 3244 3239
f 3238 3239 3244
f 3237 3242 3244
f 3238 3244 3243
f 3142 3247 3143
f 3142 3246 3247
f 3143 3250 3146
f 3143 3247 3250
f 3246 3249 3247
f 3246 3248 3249
f 3247 3252 3250
f 3247 3249 3252
f 3146 3251 3147
f 3146 3250 3251
f 3147 3278 3229
f 3147 3251 3278
f 3250 3253 3251
f 3250 3252 3253
f 3251 3280 3278
f 3251 3253 3280
f 3248 3255 3249
f 3248 3254 3255
f 3249 3258 3252
f 3249 3255 3258
f 3254 3257 3255
f 3254 3256 3257
f 3255 3260 3258
f 3255 3257 3260
f 3252 3259 3253
f 3252 3258 3259
f 3253 3296 3280
f 3253 3259 3296
f 3258 3261 3259
f 3258 3260 3261
f 3259 3298 3296
f 3259 3261 3298
f 3178 3179 3263
f 3178 3263 3262
f 3179 3182 3266
f 3179 3266 3263
f 3262 3263 3265
f 3262 3265 3264
f 3263 3266 3268
f 3263 3268 3265
f 3182 3183 3267
f 3182 3267 3266
f 3183 3233 3282
f 3183 3282 3267
f 3266 3267 3269
f 3266 3269 3268
f 3267 3282 3284
f 3267 3284 3269
f 3264 3265 3271
f 3264 3271 3270
f 3265 3268 3274
f 3265 3274 3271
f 3270 3271 3273
f 3270 3273 3272
f 3271 3274 3276
f 3271 3276 3273
f 3268 3269 3275
f 3268 3275 3274
f 3269 3284 3300
f 3269 3300 3275
f 3274 3275 3277
f 3274 3277 3276
f 3275 3300 3302
f 3275 3302 3277
f 3229 3279 3230
f 3229 3278 3279
f 3230 3286 3240
f 3230 3279 3286
f 3278 3281 3279
f 3278 3280 3281
f 3279 3291 3286
f 3279 3281 3291
f 3233 3234 3283
f 3233 3283 3282
f 3234 3241 3287
f 3234 3287 3283
f 3282 3283 3285
f 3282 3285 3284
f 3283 3287 3292
f 3283 3292 3285
f 3240 3288 3242
f 3240 3286 3288
f 3241 3243 3289
f 3241 3289 3287
f 3242 3290 3244
f 3243 3244 3290
f 3242 3288 3290
f 3243 3290 3289
f 3286 3293 3288
f 3286 3291 3293
f 3287 3289 3294
f 3287 3294 3292
f 3288 3295 3290
f 3289 3290 3295
f 3288 3293 3295
f 3289 3295 3294
f 3280 3297 3281
f 3280 3296 3297
f 3281 3304 3291
f 3281 3297 3304
f 3296 3299 3297
f 3296 3298 3299
f 3297 3309 3304
f 3297 3299 3309
f 3284 3285 3301
f 3284 3301 3300
f 3285 3292 3305
f 3285 3305 3301
f 3300 3301 3303
f 3300 3303 3302
f 3301 3305 3310
f 3301 3310 3303
f 3291 3306 3293
f 3291 3304 3306
f 3292 3294 3307
f 3292 3307 3305
f 3293 3308 3295
f 3294 3295 3308
f 3293 3306 3308
f 3294 3308 3307
f 3304 3311 3306
f 3304 3309 3311
f 3305 3307 3312
f 3305 3312 3310
f 3306 3313 3308
f 3307 3308 3313
f 3306 3311 3313
f 3307 3313 3312
f 3426 3365 3374
f 3375 3368 3369
f 3375 3369 3370
f 3375 3370 3371
f 3433 3374 3373
f 3426 3374 3433
f 3433 3373 3368
f 3375 3433 3368
f 2943 3408 3413
f 3413 3408 3409
f 3413 3409 3412
f 3413 3412 3411
f 3413 3411 3414
f 2943 3626 3256
f 2943 3413 3626
f 3421 3414 3415
f 3413 3414 3421
f 3416 3417 3418
f 3415 3416 3443
f 3416 3418 3420
f 3443 3416 3420
f 3421 3415 3443
f 3413 3628 3626
f 3413 3421 3628
f 3426 3425 3365
f 3426 3428 3425
f 3426 3432 3428
f 3432 3431 3428
f 3432 3436 3431
f 3426 3438 3432
f 3426 3433 3438
f 3432 3437 3436
f 3432 3438 3437
f 3438 3439 3437
f 3421 3443 3445
f 3421 3445 3447
f 3421 3447 3628
f 3628 3447 3448
f 3628 3448 3637
f 3375 3371 3472
f 3375 3472 3474
f 3474 3472 3473
f 3375 3496 3433
f 3375 3474 3496
f 3474 3473 3476
f 3480 3476 3477
f 3474 3476 3480
f 3480 3478 3479
f 3480 3477 3478
f 3474 3501 3496
f 3474 3480 3501
f 3480 3479 3486
f 3480 3486 3487
f 3490 3487 3488
f 3490 3488 3489
f 3480 3487 3490
f 3480 3523 3501
f 3480 3490 3523
f 3490 3489 6354
f 3490 6354 3491
f 3490 3525 3523
f 3490 3491 3525
f 3433 3499 3438
f 3433 3496 3499
f 3438 3498 3439
f 3438 3500 3498
f 3438 3499 3508
f 3438 3508 3500
f 3496 3502 3499
f 3496 3501 3502
f 3499 3518 3508
f 3499 3502 3518
f 3729 3509 3510
f 3729 3511 3509
f 3508 3514 3500
f 3508 3518 3514
f 3518 3517 3515
f 3518 3515 3514
f 3518 3519 3517
f 3518 3535 3519
f 3729 3510 3520
f 3729 3520 3740
f 3740 3520 3521
f 3740 3521 3522
f 3501 3524 3502
f 3501 3523 3524
f 3502 3536 3518
f 3502 3524 3536
f 3523 3526 3524
f 3523 3525 3526
f 3524 3544 3536
f 3524 3526 3544
f 3518 3543 3535
f 3518 3536 3543
f 3543 3537 3535
f 3740 3522 3538
f 3740 3538 3757
f 3543 3539 3537
f 3543 3757 3539
f 3757 3538 3539
f 3536 3547 3543
f 3536 3544 3547
f 3543 3760 3757
f 3543 3547 3760
f 3074 3075 3560
f 3074 3560 3559
f 3075 3078 3563
f 3075 3563 3560
f 3559 3560 3562
f 3559 3562 3561
f 3560 3563 3565
f 3560 3565 3562
f 3078 3079 3564
f 3078 3564 3563
f 3079 3090 3575
f 3079 3575 3564
f 3563 3564 3566
f 3563 3566 3565
f 3564 3575 3577
f 3564 3577 3566
f 3561 3562 3568
f 3561 3568 3567
f 3562 3565 3571
f 3562 3571 3568
f 3567 3568 3570
f 3567 3570 3569
f 3568 3571 3573
f 3568 3573 3570
f 3565 3566 3572
f 3565 3572 3571
f 3566 3577 3583
f 3566 3583 3572
f 3571 3572 3574
f 3571 3574 3573
f 3572 3583 3585
f 3572 3585 3574
f 3090 3091 3576
f 3090 3576 3575
f 3091 3094 3579
f 3091 3579 3576
f 3575 3576 3578
f 3575 3578 3577
f 3576 3579 3581
f 3576 3581 3578
f 3094 3095 3580
f 3094 3580 3579
f 3095 3272 3646
f 3095 3646 3580
f 3579 3580 3582
f 3579 3582 3581
f 3580 3646 3648
f 3580 3648 3582
f 3577 3578 3584
f 3577 3584 3583
f 3578 3581 3587
f 3578 3587 3584
f 3583 3584 3586
f 3583 3586 3585
f 3584 3587 3589
f 3584 3589 3586
f 3581 3582 3588
f 3581 3588 3587
f 3582 3648 3654
f 3582 3654 3588
f 3587 3588 3590
f 3587 3590 3589
f 3588 3654 3656
f 3588 3656 3590
f 3569 3570 3593
f 3569 3593 3592
f 3570 3573 3596
f 3570 3596 3593
f 3592 3593 3595
f 3592 3595 3594
f 3593 3596 3598
f 3593 3598 3595
f 3573 3574 3597
f 3573 3597 3596
f 3574 3585 3608
f 3574 3608 3597
f 3596 3597 3599
f 3596 3599 3598
f 3597 3608 3610
f 3597 3610 3599
f 3594 3595 3601
f 3594 3601 3600
f 3595 3598 3604
f 3595 3604 3601
f 3600 3601 3603
f 3600 3603 3602
f 3601 3604 3606
f 3601 3606 3603
f 3598 3599 3605
f 3598 3605 3604
f 3599 3610 3616
f 3599 3616 3605
f 3604 3605 3607
f 3604 3607 3606
f 3605 3616 3618
f 3605 3618 3607
f 3585 3586 3609
f 3585 3609 3608
f 3586 3589 3612
f 3586 3612 3609
f 3608 3609 3611
f 3608 3611 3610
f 3609 3612 3614
f 3609 3614 3611
f 3589 3590 3613
f 3589 3613 3612
f 3590 3656 3771
f 3590 3771 3613
f 3612 3613 3615
f 3612 3615 3614
f 3613 3771 3773
f 3613 3773 3615
f 3610 3611 3617
f 3610 3617 3616
f 3611 3614 3620
f 3611 3620 3617
f 3616 3617 3619
f 3616 3619 3618
f 3617 3620 3622
f 3617 3622 3619
f 3614 3615 3621
f 3614 3621 3620
f 3615 3773 3779
f 3615 3779 3621
f 3620 3621 3623
f 3620 3623 3622
f 3621 3779 3781
f 3621 3781 3623
f 3256 3627 3257
f 3256 3626 3627
f 3257 3630 3260
f 3257 3627 3630
f 3626 3629 3627
f 3626 3628 3629
f 3627 3632 3630
f 3627 3629 3632
f 3260 3631 3261
f 3260 3630 3631
f 3261 3662 3298
f 3261 3631 3662
f 3630 3633 3631
f 3630 3632 3633
f 3631 3664 3662
f 3631 3633 3664
f 3628 3634 3629
f 3628 3637 3634
f 3629 3642 3632
f 3629 3634 3642
f 3634 3637 3638
f 3634 3638 3641
f 3641 3638 3639
f 3641 3639 3640
f 3634 3644 3642
f 3634 3641 3644
f 3632 3643 3633
f 3632 3642 3643
f 3633 3680 3664
f 3633 3643 3680
f 3642 3645 3643
f 3642 3644 3645
f 3643 3682 3680
f 3643 3645 3682
f 3272 3273 3647
f 3272 3647 3646
f 3273 3276 3650
f 3273 3650 3647
f 3646 3647 3649
f 3646 3649 3648
f 3647 3650 3652
f 3647 3652 3649
f 3276 3277 3651
f 3276 3651 3650
f 3277 3302 3666
f 3277 3666 3651
f 3650 3651 3653
f 3650 3653 3652
f 3651 3666 3668
f 3651 3668 3653
f 3648 3649 3655
f 3648 3655 3654
f 3649 3652 3658
f 3649 3658 3655
f 3654 3655 3657
f 3654 3657 3656
f 3655 3658 3660
f 3655 3660 3657
f 3652 3653 3659
f 3652 3659 3658
f 3653 3668 3684
f 3653 3684 3659
f 3658 3659 3661
f 3658 3661 3660
f 3659 3684 3686
f 3659 3686 3661
f 3298 3663 3299
f 3298 3662 3663
f 3299 3670 3309
f 3299 3663 3670
f 3662 3665 3663
f 3662 3664 3665
f 3663 3675 3670
f 3663 3665 3675
f 3302 3303 3667
f 3302 3667 3666
f 3303 3310 3671
f 3303 3671 3667
f 3666 3667 3669
f 3666 3669 3668
f 3667 3671 3676
f 3667 3676 3669
f 3309 3672 3311
f 3309 3670 3672
f 3310 3312 3673
f 3310 3673 3671
f 3311 3674 3313
f 3312 3313 3674
f 3311 3672 3674
f 3312 3674 3673
f 3670 3677 3672
f 3670 3675 3677
f 3671 3673 3678
f 3671 3678 3676
f 3672 3679 3674
f 3673 3674 3679
f 3672 3677 3679
f 3673 3679 3678
f 3664 3681 3665
f 3664 3680 3681
f 3665 3688 3675
f 3665 3681 3688
f 3680 3683 3681
f 3680 3682 3683
f 3681 3693 3688
f 3681 3683 3693
f 3668 3669 3685
f 3668 3685 3684
f 3669 3676 3689
f 3669 3689 3685
f 3684 3685 3687
f 3684 3687 3686
f 3685 3689 3694
f 3685 3694 3687
f 3675 3690 3677
f 3675 3688 3690
f 3676 3678 3691
f 3676 3691 3689
f 3677 3692 3679
f 3678 3679 3692
f 3677 3690 3692
f 3678 3692 3691
f 3688 3695 3690
f 3688 3693 3695
f 3689 3691 3696
f 3689 3696 3694
f 3690 3697 3692
f 3691 3692 3697
f 3690 3695 3697
f 3691 3697 3696
f 3641 3640 3728
f 3641 3728 3731
f 3641 3748 3644
f 3641 3731 3748
f 3748 3731 3733
f 3748 3733 3732
f 3729 3741 3511
f 3741 3737 3511
f 3741 3739 3737
f 3741 3744 3739
f 3729 3740 3741
f 3748 3732 3744
f 3748 3744 3750
f 3741 3750 3744
f 3644 3749 3645
f 3644 3748 3749
f 3645 3787 3682
f 3645 3749 3787
f 3748 3751 3749
f 3748 3750 3751
f 3749 3789 3787
f 3749 3751 3789
f 3740 3758 3741
f 3740 3757 3758
f 3741 3767 3750
f 3741 3758 3767
f 3757 3761 3758
f 3757 3760 3761
f 3758 3769 3767
f 3758 3761 3769
f 3750 3768 3751
f 3750 3767 3768
f 3751 3805 3789
f 3751 3768 3805
f 3767 3770 3768
f 3767 3769 3770
f 3768 3807 3805
f 3768 3770 3807
f 3656 3657 3772
f 3656 3772 3771
f 3657 3660 3775
f 3657 3775 3772
f 3771 3772 3774
f 3771 3774 3773
f 3772 3775 3777
f 3772 3777 3774
f 3660 3661 3776
f 3660 3776 3775
f 3661 3686 3791
f 3661 3791 3776
f 3775 3776 3778
f 3775 3778 3777
f 3776 3791 3793
f 3776 3793 3778
f 3773 3774 3780
f 3773 3780 3779
f 3774 3777 3783
f 3774 3783 3780
f 3779 3780 3782
f 3779 3782 3781
f 3780 3783 3785
f 3780 3785 3782
f 3777 3778 3784
f 3777 3784 3783
f 3778 3793 3809
f 3778 3809 3784
f 3783 3784 3786
f 3783 3786 3785
f 3784 3809 3811
f 3784 3811 3786
f 3682 3788 3683
f 3682 3787 3788
f 3683 3795 3693
f 3683 3788 3795
f 3787 3790 3788
f 3787 3789 3790
f 3788 3800 3795
f 3788 3790 3800
f 3686 3687 3792
f 3686 3792 3791
f 3687 3694 3796
f 3687 3796 3792
f 3791 3792 3794
f 3791 3794 3793
f 3792 3796 3801
f 3792 3801 3794
f 3693 3797 3695
f 3693 3795 3797
f 3694 3696 3798
f 3694 3798 3796
f 3695 3799 3697
f 3696 3697 3799
f 3695 3797 3799
f 3696 3799 3798
f 3795 3802 3797
f 3795 3800 3802
f 3796 3798 3803
f 3796 3803 3801
f 3797 3804 3799
f 3798 3799 3804
f 3797 3802 3804
f 3798 3804 3803
f 3789 3806 3790
f 3789 3805 3806
f 3790 3813 3800
f 3790 3806 3813
f 3805 3808 3806
f 3805 3807 3808
f 3806 3818 3813
f 3806 3808 3818
f 3793 3794 3810
f 3793 3810 3809
f 3794 3801 3814
f 3794 3814 3810
f 3809 3810 3812
f 3809 3812 3811
f 3810 3814 3819
f 3810 3819 3812
f 3800 3815 3802
f 3800 3813 3815
f 3801 3803 3816
f 3801 3816 3814
f 3802 3817 3804
f 3803 3804 3817
f 3802 3815 3817
f 3803 3817 3816
f 3813 3820 3815
f 3813 3818 3820
f 3814 3816 3821
f 3814 3821 3819
f 3815 3822 3817
f 3816 3817 3822
f 3815 3820 3822
f 3816 3822 3821
f 584 3823 585
f 584 586 3823
f 585 3823 3824
f 586 3825 3823
f 585 3824 587
f 587 3824 3826
f 586 588 3825
f 588 3827 3825
f 3823 3828 3824
f 3823 3825 3828
f 3824 3828 3829
f 3825 3830 3828
f 3824 3829 3826
f 3826 3829 3831
f 3825 3827 3830
f 3827 3832 3830
f 587 3826 590
f 590 3826 3833
f 590 3833 604
f 604 3833 3851
f 3826 3831 3833
f 3831 3834 3833
f 3833 3834 3851
f 3834 3854 3851
f 588 592 3827
f 592 3835 3827
f 592 620 3835
f 620 3867 3835
f 3827 3835 3832
f 3832 3835 3836
f 3835 3867 3836
f 3836 3867 3870
f 3828 3837 3829
f 3828 3830 3837
f 3829 3837 3838
f 3830 3839 3837
f 3829 3838 3831
f 3831 3838 3840
f 3830 3832 3839
f 3832 3841 3839
f 3837 3842 3838
f 3837 3839 3842
f 3838 3842 3843
f 3839 3844 3842
f 3838 3843 3840
f 3840 3843 3845
f 3839 3841 3844
f 3841 3846 3844
f 3831 3840 3834
f 3834 3840 3847
f 3834 3847 3854
f 3847 3859 3854
f 3840 3845 3847
f 3845 3848 3847
f 3847 3848 3859
f 3848 3862 3859
f 3832 3836 3841
f 3836 3849 3841
f 3836 3870 3849
f 3849 3870 3875
f 3841 3849 3846
f 3846 3849 3850
f 3849 3875 3850
f 3850 3875 3878
f 604 3851 605
f 605 3851 3852
f 605 3852 606
f 606 3852 3853
f 3851 3854 3852
f 3852 3854 3855
f 3852 3855 3853
f 3853 3855 3856
f 606 3853 608
f 608 3853 3857
f 608 3857 668
f 668 3857 3943
f 3853 3856 3857
f 3856 3858 3857
f 3857 3858 3943
f 3858 3946 3943
f 3854 3859 3855
f 3855 3859 3860
f 3855 3860 3856
f 3856 3860 3861
f 3859 3862 3860
f 3860 3862 3863
f 3860 3863 3861
f 3861 3863 3864
f 3856 3861 3858
f 3858 3861 3865
f 3858 3865 3946
f 3865 3951 3946
f 3861 3864 3865
f 3864 3866 3865
f 3865 3866 3951
f 3866 3954 3951
f 620 621 3867
f 621 3868 3867
f 621 622 3868
f 622 3869 3868
f 3867 3868 3870
f 3868 3871 3870
f 3868 3869 3871
f 3869 3872 3871
f 622 624 3869
f 624 3873 3869
f 624 731 3873
f 731 4007 3873
f 3869 3873 3872
f 3872 3873 3874
f 3873 4007 3874
f 3874 4007 4009
f 3870 3871 3875
f 3871 3876 3875
f 3871 3872 3876
f 3872 3877 3876
f 3875 3876 3878
f 3876 3879 3878
f 3876 3877 3879
f 3877 3880 3879
f 3872 3874 3877
f 3874 3881 3877
f 3874 4009 3881
f 3881 4009 4015
f 3877 3881 3880
f 3880 3881 3882
f 3881 4015 3882
f 3882 4015 4017
f 3842 3883 3843
f 3842 3844 3883
f 3843 3883 3884
f 3844 3885 3883
f 3843 3884 3845
f 3845 3884 3886
f 3844 3846 3885
f 3846 3887 3885
f 3883 3888 3884
f 3883 3885 3888
f 3884 3888 3889
f 3885 3890 3888
f 3884 3889 3886
f 3886 3889 3891
f 3885 3887 3890
f 3887 3892 3890
f 3845 3886 3848
f 3848 3886 3893
f 3848 3893 3862
f 3862 3893 3911
f 3886 3891 3893
f 3891 3894 3893
f 3893 3894 3911
f 3894 3914 3911
f 3846 3850 3887
f 3850 3895 3887
f 3850 3878 3895
f 3878 3927 3895
f 3887 3895 3892
f 3892 3895 3896
f 3895 3927 3896
f 3896 3927 3930
f 3888 3897 3889
f 3888 3890 3897
f 3889 3897 3898
f 3890 3899 3897
f 3889 3898 3891
f 3891 3898 3900
f 3890 3892 3899
f 3892 3901 3899
f 3897 3902 3898
f 3897 3899 3902
f 3898 3902 3903
f 3899 3904 3902
f 3898 3903 3900
f 3900 3903 3905
f 3899 3901 3904
f 3901 3906 3904
f 3891 3900 3894
f 3894 3900 3907
f 3894 3907 3914
f 3907 3919 3914
f 3900 3905 3907
f 3905 3908 3907
f 3907 3908 3919
f 3908 3922 3919
f 3892 3896 3901
f 3896 3909 3901
f 3896 3930 3909
f 3909 3930 3935
f 3901 3909 3906
f 3906 3909 3910
f 3909 3935 3910
f 3910 3935 3938
f 3862 3911 3863
f 3863 3911 3912
f 3863 3912 3864
f 3864 3912 3913
f 3911 3914 3912
f 3912 3914 3915
f 3912 3915 3913
f 3913 3915 3916
f 3864 3913 3866
f 3866 3913 3917
f 3866 3917 3954
f 3917 3975 3954
f 3913 3916 3917
f 3916 3918 3917
f 3917 3918 3975
f 3918 3978 3975
f 3914 3919 3915
f 3915 3919 3920
f 3915 3920 3916
f 3916 3920 3921
f 3919 3922 3920
f 3920 3922 3923
f 3920 3923 3921
f 3921 3923 3924
f 3916 3921 3918
f 3918 3921 3925
f 3918 3925 3978
f 3925 3983 3978
f 3921 3924 3925
f 3924 3926 3925
f 3925 3926 3983
f 3926 3986 3983
f 3878 3879 3927
f 3879 3928 3927
f 3879 3880 3928
f 3880 3929 3928
f 3927 3928 3930
f 3928 3931 3930
f 3928 3929 3931
f 3929 3932 3931
f 3880 3882 3929
f 3882 3933 3929
f 3882 4017 3933
f 3933 4017 4039
f 3929 3933 3932
f 3932 3933 3934
f 3933 4039 3934
f 3934 4039 4041
f 3930 3931 3935
f 3931 3936 3935
f 3931 3932 3936
f 3932 3937 3936
f 3935 3936 3938
f 3936 3939 3938
f 3936 3937 3939
f 3937 3940 3939
f 3932 3934 3937
f 3934 3941 3937
f 3934 4041 3941
f 3941 4041 4047
f 3937 3941 3940
f 3940 3941 3942
f 3941 4047 3942
f 3942 4047 4049
f 668 3943 669
f 669 3943 3944
f 669 3944 670
f 670 3944 3945
f 3943 3946 3944
f 3944 3946 3947
f 3944 3947 3945
f 3945 3947 3948
f 670 3945 672
f 672 3945 3949
f 672 3949 684
f 684 3949 3959
f 3945 3948 3949
f 3948 3950 3949
f 3949 3950 3959
f 3950 3962 3959
f 3946 3951 3947
f 3947 3951 3952
f 3947 3952 3948
f 3948 3952 3953
f 3951 3954 3952
f 3952 3954 3955
f 3952 3955 3953
f 3953 3955 3956
f 3948 3953 3950
f 3950 3953 3957
f 3950 3957 3962
f 3957 3967 3962
f 3953 3956 3957
f 3956 3958 3957
f 3957 3958 3967
f 3958 3970 3967
f 684 3959 685
f 685 3959 3960
f 685 3960 686
f 686 3960 3961
f 3959 3962 3960
f 3960 3962 3963
f 3960 3963 3961
f 3961 3963 3964
f 686 3961 688
f 688 3961 3965
f 688 3965 1373
f 1373 3965 4544
f 3961 3964 3965
f 3964 3966 3965
f 3965 3966 4544
f 3966 4546 4544
f 3962 3967 3963
f 3963 3967 3968
f 3963 3968 3964
f 3964 3968 3969
f 3967 3970 3968
f 3968 3970 3971
f 3968 3971 3969
f 3969 3971 3972
f 3964 3969 3966
f 3966 3969 3973
f 3966 3973 4546
f 3973 4552 4546
f 3969 3972 3973
f 3972 3974 3973
f 3973 3974 4552
f 3974 4554 4552
f 3954 3975 3955
f 3955 3975 3976
f 3955 3976 3956
f 3956 3976 3977
f 3975 3978 3976
f 3976 3978 3979
f 3976 3979 3977
f 3977 3979 3980
f 3956 3977 3958
f 3958 3977 3981
f 3958 3981 3970
f 3970 3981 3991
f 3977 3980 3981
f 3980 3982 3981
f 3981 3982 3991
f 3982 3994 3991
f 3978 3983 3979
f 3979 3983 3984
f 3979 3984 3980
f 3980 3984 3985
f 3983 3986 3984
f 3984 3986 3987
f 3984 3987 3985
f 3985 3987 3988
f 3980 3985 3982
f 3982 3985 3989
f 3982 3989 3994
f 3989 3999 3994
f 3985 3988 3989
f 3988 3990 3989
f 3989 3990 3999
f 3990 4002 3999
f 3970 3991 3971
f 3971 3991 3992
f 3971 3992 3972
f 3972 3992 3993
f 3991 3994 3992
f 3992 3994 3995
f 3992 3995 3993
f 3993 3995 3996
f 3972 3993 3974
f 3974 3993 3997
f 3974 3997 4554
f 3997 4609 4554
f 3993 3996 3997
f 3996 3998 3997
f 3997 3998 4609
f 3998 4611 4609
f 3994 3999 3995
f 3995 3999 4000
f 3995 4000 3996
f 3996 4000 4001
f 3999 4002 4000
f 4000 4002 4003
f 4000 4003 4001
f 4001 4003 4004
f 3996 4001 3998
f 3998 4001 4005
f 3998 4005 4611
f 4005 4617 4611
f 4001 4004 4005
f 4004 4006 4005
f 4005 4006 4617
f 4006 4619 4617
f 731 732 4007
f 732 4008 4007
f 732 735 4008
f 735 4011 4008
f 4007 4008 4009
f 4008 4010 4009
f 4008 4011 4010
f 4010 4011 4013
f 735 736 4011
f 736 4012 4011
f 736 748 4012
f 748 4023 4012
f 4011 4012 4013
f 4012 4014 4013
f 4012 4023 4014
f 4014 4023 4026
f 4009 4010 4015
f 4010 4016 4015
f 4010 4013 4016
f 4013 4019 4016
f 4015 4016 4017
f 4016 4018 4017
f 4016 4019 4018
f 4018 4019 4021
f 4013 4014 4019
f 4014 4020 4019
f 4014 4026 4020
f 4020 4026 4031
f 4019 4020 4021
f 4020 4022 4021
f 4020 4031 4022
f 4022 4031 4034
f 748 749 4023
f 749 4024 4023
f 749 750 4024
f 750 4025 4024
f 4023 4024 4026
f 4024 4027 4026
f 4024 4025 4027
f 4025 4028 4027
f 750 752 4025
f 752 4029 4025
f 752 2408 4029
f 2408 5580 4029
f 4025 4029 4028
f 4028 4029 4030
f 4029 5580 4030
f 4030 5580 5582
f 4026 4027 4031
f 4027 4032 4031
f 4027 4028 4032
f 4028 4033 4032
f 4031 4032 4034
f 4032 4035 4034
f 4032 4033 4035
f 4033 4036 4035
f 4028 4030 4033
f 4030 4037 4033
f 4030 5582 4037
f 4037 5582 5588
f 4033 4037 4036
f 4036 4037 4038
f 4037 5588 4038
f 4038 5588 5590
f 4017 4018 4039
f 4018 4040 4039
f 4018 4021 4040
f 4021 4043 4040
f 4039 4040 4041
f 4040 4042 4041
f 4040 4043 4042
f 4042 4043 4045
f 4021 4022 4043
f 4022 4044 4043
f 4022 4034 4044
f 4034 4055 4044
f 4043 4044 4045
f 4044 4046 4045
f 4044 4055 4046
f 4046 4055 4058
f 4041 4042 4047
f 4042 4048 4047
f 4042 4045 4048
f 4045 4051 4048
f 4047 4048 4049
f 4048 4050 4049
f 4048 4051 4050
f 4050 4051 4053
f 4045 4046 4051
f 4046 4052 4051
f 4046 4058 4052
f 4052 4058 4063
f 4051 4052 4053
f 4052 4054 4053
f 4052 4063 4054
f 4054 4063 4066
f 4034 4035 4055
f 4035 4056 4055
f 4035 4036 4056
f 4036 4057 4056
f 4055 4056 4058
f 4056 4059 4058
f 4056 4057 4059
f 4057 4060 4059
f 4036 4038 4057
f 4038 4061 4057
f 4038 5590 4061
f 4061 5590 5612
f 4057 4061 4060
f 4060 4061 4062
f 4061 5612 4062
f 4062 5612 5614
f 4058 4059 4063
f 4059 4064 4063
f 4059 4060 4064
f 4060 4065 4064
f 4063 4064 4066
f 4064 4067 4066
f 4064 4065 4067
f 4065 4068 4067
f 4060 4062 4065
f 4062 4069 4065
f 4062 5614 4069
f 4069 5614 5620
f 4065 4069 4068
f 4068 4069 4070
f 4069 5620 4070
f 4070 5620 5622
f 3902 4071 3903
f 3902 3904 4071
f 3903 4071 4072
f 3904 4073 4071
f 3903 4072 3905
f 3905 4072 4074
f 3904 3906 4073
f 3906 4075 4073
f 4071 4076 4072
f 4071 4073 4076
f 4072 4076 4077
f 4073 4078 4076
f 4072 4077 4074
f 4074 4077 4079
f 4073 4075 4078
f 4075 4080 4078
f 3905 4074 3908
f 3908 4074 4081
f 3908 4081 3922
f 3922 4081 4099
f 4074 4079 4081
f 4079 4082 4081
f 4081 4082 4099
f 4082 4102 4099
f 3906 3910 4075
f 3910 4083 4075
f 3910 3938 4083
f 3938 4115 4083
f 4075 4083 4080
f 4080 4083 4084
f 4083 4115 4084
f 4084 4115 4118
f 4076 4085 4077
f 4076 4078 4085
f 4077 4085 4086
f 4078 4087 4085
f 4077 4086 4079
f 4079 4086 4088
f 4078 4080 4087
f 4080 4089 4087
f 4085 4090 4086
f 4085 4087 4090
f 4086 4090 4091
f 4087 4092 4090
f 4086 4091 4088
f 4088 4091 4093
f 4087 4089 4092
f 4089 4094 4092
f 4079 4088 4082
f 4082 4088 4095
f 4082 4095 4102
f 4095 4107 4102
f 4088 4093 4095
f 4093 4096 4095
f 4095 4096 4107
f 4096 4110 4107
f 4080 4084 4089
f 4084 4097 4089
f 4084 4118 4097
f 4097 4118 4123
f 4089 4097 4094
f 4094 4097 4098
f 4097 4123 4098
f 4098 4123 4126
f 3922 4099 3923
f 3923 4099 4100
f 3923 4100 3924
f 3924 4100 4101
f 4099 4102 4100
f 4100 4102 4103
f 4100 4103 4101
f 4101 4103 4104
f 3924 4101 3926
f 3926 4101 4105
f 3926 4105 3986
f 3986 4105 4240
f 4101 4104 4105
f 4104 4106 4105
f 4105 4106 4240
f 4106 4243 4240
f 4102 4107 4103
f 4103 4107 4108
f 4103 4108 4104
f 4104 4108 4109
f 4107 4110 4108
f 4108 4110 4111
f 4108 4111 4109
f 4109 4111 4112
f 4104 4109 4106
f 4106 4109 4113
f 4106 4113 4243
f 4113 4248 4243
f 4109 4112 4113
f 4112 4114 4113
f 4113 4114 4248
f 4114 4251 4248
f 3938 3939 4115
f 3939 4116 4115
f 3939 3940 4116
f 3940 4117 4116
f 4115 4116 4118
f 4116 4119 4118
f 4116 4117 4119
f 4117 4120 4119
f 3940 3942 4117
f 3942 4121 4117
f 3942 4049 4121
f 4049 4360 4121
f 4117 4121 4120
f 4120 4121 4122
f 4121 4360 4122
f 4122 4360 4362
f 4118 4119 4123
f 4119 4124 4123
f 4119 4120 4124
f 4120 4125 4124
f 4123 4124 4126
f 4124 4127 4126
f 4124 4125 4127
f 4125 4128 4127
f 4120 4122 4125
f 4122 4129 4125
f 4122 4362 4129
f 4129 4362 4368
f 4125 4129 4128
f 4128 4129 4130
f 4129 4368 4130
f 4130 4368 4370
f 4090 4131 4091
f 4090 4092 4131
f 4091 4131 4132
f 4092 4133 4131
f 4091 4132 4093
f 4093 4132 4134
f 4092 4094 4133
f 4094 4135 4133
f 4131 4136 4132
f 4131 4133 4136
f 4132 4136 4137
f 4133 4138 4136
f 4132 4137 4134
f 4134 4137 4139
f 4133 4135 4138
f 4135 4140 4138
f 4093 4134 4096
f 4096 4134 4141
f 4096 4141 4110
f 4110 4141 4168
f 4134 4139 4141
f 4139 4142 4141
f 4141 4142 4168
f 4142 4171 4168
f 4094 4098 4135
f 4098 4143 4135
f 4098 4126 4143
f 4126 4196 4143
f 4135 4143 4140
f 4140 4143 4144
f 4143 4196 4144
f 4144 4196 4199
f 4136 4145 4137
f 4136 4138 4145
f 4137 4145 4146
f 4138 4147 4145
f 4137 4146 4139
f 4139 4146 4148
f 4138 4140 4147
f 4140 4149 4147
f 4145 4150 4146
f 4145 4147 4150
f 4150 4152 4151
f 4146 4150 4151
f 4147 4152 4150
f 4151 4152 4153
f 4146 4151 4148
f 4151 4153 4154
f 4148 4151 4154
f 4153 4155 4154
f 4147 4149 4152
f 4152 4156 4153
f 4149 4156 4152
f 4153 4156 4157
f 4153 4157 4155
f 4155 4157 4158
f 4139 4148 4142
f 4142 4148 4159
f 4142 4159 4171
f 4159 4176 4171
f 4148 4154 4159
f 4154 4155 4160
f 4154 4160 4159
f 4155 4161 4160
f 4159 4160 4176
f 4160 4161 4179
f 4160 4179 4176
f 4161 4181 4179
f 4155 4158 4161
f 4158 4162 4161
f 4161 4162 4181
f 4162 4185 4181
f 4140 4144 4149
f 4144 4163 4149
f 4144 4199 4163
f 4163 4199 4204
f 4149 4163 4156
f 4156 4164 4157
f 4156 4163 4164
f 4157 4164 4165
f 4157 4165 4158
f 4158 4165 4166
f 4163 4204 4164
f 4164 4207 4165
f 4164 4204 4207
f 4165 4207 4208
f 4165 4208 4166
f 4166 4208 4211
f 4158 4166 4162
f 4162 4166 4167
f 4162 4167 4185
f 4167 4192 4185
f 4166 4211 4167
f 4167 4211 4216
f 4167 4216 4192
f 4192 4216 4224
f 4110 4168 4111
f 4111 4168 4169
f 4111 4169 4112
f 4112 4169 4170
f 4168 4171 4169
f 4169 4171 4172
f 4169 4172 4170
f 4170 4172 4173
f 4112 4170 4114
f 4114 4170 4174
f 4114 4174 4251
f 4174 4272 4251
f 4170 4173 4174
f 4173 4175 4174
f 4174 4175 4272
f 4175 4275 4272
f 4171 4176 4172
f 4172 4176 4177
f 4172 4177 4173
f 4173 4177 4178
f 4176 4179 4177
f 4179 4181 4180
f 4177 4179 4180
f 4180 4181 4182
f 4177 4180 4178
f 4180 4182 4183
f 4178 4180 4183
f 4182 4184 4183
f 4181 4185 4182
f 4182 4185 4186
f 4182 4186 4184
f 4184 4186 4187
f 4173 4178 4175
f 4175 4178 4188
f 4175 4188 4275
f 4188 4280 4275
f 4178 4183 4188
f 4183 4184 4189
f 4183 4189 4188
f 4184 4190 4189
f 4188 4189 4280
f 4189 4190 4283
f 4189 4283 4280
f 4190 4285 4283
f 4184 4187 4190
f 4187 4191 4190
f 4190 4191 4285
f 4191 4289 4285
f 4185 4192 4186
f 4186 4192 4193
f 4186 4193 4187
f 4187 4193 4194
f 4192 4224 4193
f 4193 4224 4225
f 4193 4225 4194
f 4194 4225 4228
f 4187 4194 4191
f 4191 4194 4195
f 4191 4195 4289
f 4195 4296 4289
f 4194 4228 4195
f 4195 4228 4233
f 4195 4233 4296
f 4233 4328 4296
f 4126 4127 4196
f 4127 4197 4196
f 4127 4128 4197
f 4128 4198 4197
f 4196 4197 4199
f 4197 4200 4199
f 4197 4198 4200
f 4198 4201 4200
f 4128 4130 4198
f 4130 4202 4198
f 4130 4370 4202
f 4202 4370 4392
f 4198 4202 4201
f 4201 4202 4203
f 4202 4392 4203
f 4203 4392 4394
f 4199 4200 4204
f 4200 4205 4204
f 4200 4201 4205
f 4201 4206 4205
f 4204 4205 4207
f 4207 4209 4208
f 4205 4209 4207
f 4208 4209 4210
f 4208 4210 4211
f 4210 4212 4211
f 4205 4206 4209
f 4209 4213 4210
f 4206 4213 4209
f 4210 4213 4214
f 4210 4214 4212
f 4212 4214 4215
f 4211 4212 4216
f 4212 4217 4216
f 4216 4217 4224
f 4217 4226 4224
f 4212 4215 4217
f 4215 4218 4217
f 4217 4218 4226
f 4218 4230 4226
f 4201 4203 4206
f 4203 4219 4206
f 4203 4394 4219
f 4219 4394 4400
f 4206 4219 4213
f 4213 4220 4214
f 4213 4219 4220
f 4214 4220 4221
f 4214 4221 4215
f 4215 4221 4222
f 4219 4400 4220
f 4220 4402 4221
f 4220 4400 4402
f 4221 4402 4403
f 4221 4403 4222
f 4222 4403 4406
f 4215 4222 4218
f 4218 4222 4223
f 4218 4223 4230
f 4223 4236 4230
f 4222 4406 4223
f 4223 4406 4408
f 4223 4408 4236
f 4236 4408 4420
f 4224 4226 4225
f 4225 4226 4227
f 4225 4227 4228
f 4227 4229 4228
f 4226 4230 4227
f 4227 4230 4231
f 4227 4231 4229
f 4229 4231 4232
f 4228 4229 4233
f 4229 4234 4233
f 4233 4234 4328
f 4234 4330 4328
f 4229 4232 4234
f 4232 4235 4234
f 4234 4235 4330
f 4235 4334 4330
f 4230 4236 4231
f 4231 4236 4237
f 4231 4237 4232
f 4232 4237 4238
f 4236 4420 4237
f 4237 4420 4421
f 4237 4421 4238
f 4238 4421 4424
f 4232 4238 4235
f 4235 4238 4239
f 4235 4239 4334
f 4239 4340 4334
f 4238 4424 4239
f 4239 4424 4426
f 4239 4426 4340
f 4340 4426 4480
f 3986 4240 3987
f 3987 4240 4241
f 3987 4241 3988
f 3988 4241 4242
f 4240 4243 4241
f 4241 4243 4244
f 4241 4244 4242
f 4242 4244 4245
f 3988 4242 3990
f 3990 4242 4246
f 3990 4246 4002
f 4002 4246 4256
f 4242 4245 4246
f 4245 4247 4246
f 4246 4247 4256
f 4247 4259 4256
f 4243 4248 4244
f 4244 4248 4249
f 4244 4249 4245
f 4245 4249 4250
f 4248 4251 4249
f 4249 4251 4252
f 4249 4252 4250
f 4250 4252 4253
f 4245 4250 4247
f 4247 4250 4254
f 4247 4254 4259
f 4254 4264 4259
f 4250 4253 4254
f 4253 4255 4254
f 4254 4255 4264
f 4255 4267 4264
f 4002 4256 4003
f 4003 4256 4257
f 4003 4257 4004
f 4004 4257 4258
f 4256 4259 4257
f 4257 4259 4260
f 4257 4260 4258
f 4258 4260 4261
f 4004 4258 4006
f 4006 4258 4262
f 4006 4262 4619
f 4262 5011 4619
f 4258 4261 4262
f 4261 4263 4262
f 4262 4263 5011
f 4263 5013 5011
f 4259 4264 4260
f 4260 4264 4265
f 4260 4265 4261
f 4261 4265 4266
f 4264 4267 4265
f 4265 4267 4268
f 4265 4268 4266
f 4266 4268 4269
f 4261 4266 4263
f 4263 4266 4270
f 4263 4270 5013
f 4270 5019 5013
f 4266 4269 4270
f 4269 4271 4270
f 4270 4271 5019
f 4271 5021 5019
f 4251 4272 4252
f 4252 4272 4273
f 4252 4273 4253
f 4253 4273 4274
f 4272 4275 4273
f 4273 4275 4276
f 4273 4276 4274
f 4274 4276 4277
f 4253 4274 4255
f 4255 4274 4278
f 4255 4278 4267
f 4267 4278 4300
f 4274 4277 4278
f 4277 4279 4278
f 4278 4279 4300
f 4279 4303 4300
f 4275 4280 4276
f 4276 4280 4281
f 4276 4281 4277
f 4277 4281 4282
f 4280 4283 4281
f 4283 4285 4284
f 4281 4283 4284
f 4284 4285 4286
f 4281 4284 4282
f 4284 4286 4287
f 4282 4284 4287
f 4286 4288 4287
f 4285 4289 4286
f 4286 4289 4290
f 4286 4290 4288
f 4288 4290 4291
f 4277 4282 4279
f 4279 4282 4292
f 4279 4292 4303
f 4292 4308 4303
f 4282 4287 4292
f 4287 4288 4293
f 4287 4293 4292
f 4288 4294 4293
f 4292 4293 4308
f 4293 4294 4311
f 4293 4311 4308
f 4294 4313 4311
f 4288 4291 4294
f 4291 4295 4294
f 4294 4295 4313
f 4295 4317 4313
f 4289 4296 4290
f 4290 4296 4297
f 4290 4297 4291
f 4291 4297 4298
f 4296 4328 4297
f 4297 4328 4329
f 4297 4329 4298
f 4298 4329 4332
f 4291 4298 4295
f 4295 4298 4299
f 4295 4299 4317
f 4299 4324 4317
f 4298 4332 4299
f 4299 4332 4337
f 4299 4337 4324
f 4324 4337 4344
f 4267 4300 4268
f 4268 4300 4301
f 4268 4301 4269
f 4269 4301 4302
f 4300 4303 4301
f 4301 4303 4304
f 4301 4304 4302
f 4302 4304 4305
f 4269 4302 4271
f 4271 4302 4306
f 4271 4306 5021
f 4306 5043 5021
f 4302 4305 4306
f 4305 4307 4306
f 4306 4307 5043
f 4307 5045 5043
f 4303 4308 4304
f 4304 4308 4309
f 4304 4309 4305
f 4305 4309 4310
f 4308 4311 4309
f 4311 4313 4312
f 4309 4311 4312
f 4312 4313 4314
f 4309 4312 4310
f 4312 4314 4315
f 4310 4312 4315
f 4314 4316 4315
f 4313 4317 4314
f 4314 4317 4318
f 4314 4318 4316
f 4316 4318 4319
f 4305 4310 4307
f 4307 4310 4320
f 4307 4320 5045
f 4320 5051 5045
f 4310 4315 4320
f 4315 4316 4321
f 4315 4321 4320
f 4316 4322 4321
f 4320 4321 5051
f 4321 4322 5053
f 4321 5053 5051
f 4322 5055 5053
f 4316 4319 4322
f 4319 4323 4322
f 4322 4323 5055
f 4323 5057 5055
f 4317 4324 4318
f 4318 4324 4325
f 4318 4325 4319
f 4319 4325 4326
f 4324 4344 4325
f 4325 4344 4345
f 4325 4345 4326
f 4326 4345 4348
f 4319 4326 4323
f 4323 4326 4327
f 4323 4327 5057
f 4327 5067 5057
f 4326 4348 4327
f 4327 4348 4353
f 4327 4353 5067
f 4353 5099 5067
f 4328 4330 4329
f 4329 4330 4331
f 4329 4331 4332
f 4331 4333 4332
f 4330 4334 4331
f 4331 4334 4335
f 4331 4335 4333
f 4333 4335 4336
f 4332 4333 4337
f 4333 4338 4337
f 4337 4338 4344
f 4338 4346 4344
f 4333 4336 4338
f 4336 4339 4338
f 4338 4339 4346
f 4339 4350 4346
f 4334 4340 4335
f 4335 4340 4341
f 4335 4341 4336
f 4336 4341 4342
f 4340 4480 4341
f 4341 4480 4481
f 4341 4481 4342
f 4342 4481 4484
f 4336 4342 4339
f 4339 4342 4343
f 4339 4343 4350
f 4343 4356 4350
f 4342 4484 4343
f 4343 4484 4486
f 4343 4486 4356
f 4356 4486 4496
f 4344 4346 4345
f 4345 4346 4347
f 4345 4347 4348
f 4347 4349 4348
f 4346 4350 4347
f 4347 4350 4351
f 4347 4351 4349
f 4349 4351 4352
f 4348 4349 4353
f 4349 4354 4353
f 4353 4354 5099
f 4354 5101 5099
f 4349 4352 4354
f 4352 4355 4354
f 4354 4355 5101
f 4355 5103 5101
f 4350 4356 4351
f 4351 4356 4357
f 4351 4357 4352
f 4352 4357 4358
f 4356 4496 4357
f 4357 4496 4497
f 4357 4497 4358
f 4358 4497 4500
f 4352 4358 4355
f 4355 4358 4359
f 4355 4359 5103
f 4359 5111 5103
f 4358 4500 4359
f 4359 4500 4502
f 4359 4502 5111
f 4502 5336 5111
f 4049 4050 4360
f 4050 4361 4360
f 4050 4053 4361
f 4053 4364 4361
f 4360 4361 4362
f 4361 4363 4362
f 4361 4364 4363
f 4363 4364 4366
f 4053 4054 4364
f 4054 4365 4364
f 4054 4066 4365
f 4066 4376 4365
f 4364 4365 4366
f 4365 4367 4366
f 4365 4376 4367
f 4367 4376 4379
f 4362 4363 4368
f 4363 4369 4368
f 4363 4366 4369
f 4366 4372 4369
f 4368 4369 4370
f 4369 4371 4370
f 4369 4372 4371
f 4371 4372 4374
f 4366 4367 4372
f 4367 4373 4372
f 4367 4379 4373
f 4373 4379 4384
f 4372 4373 4374
f 4373 4375 4374
f 4373 4384 4375
f 4375 4384 4387
f 4066 4067 4376
f 4067 4377 4376
f 4067 4068 4377
f 4068 4378 4377
f 4376 4377 4379
f 4377 4380 4379
f 4377 4378 4380
f 4378 4381 4380
f 4068 4070 4378
f 4070 4382 4378
f 4070 5622 4382
f 4382 5622 5836
f 4378 4382 4381
f 4381 4382 4383
f 4382 5836 4383
f 4383 5836 5838
f 4379 4380 4384
f 4380 4385 4384
f 4380 4381 4385
f 4381 4386 4385
f 4384 4385 4387
f 4385 4388 4387
f 4385 4386 4388
f 4386 4389 4388
f 4381 4383 4386
f 4383 4390 4386
f 4383 5838 4390
f 4390 5838 5844
f 4386 4390 4389
f 4389 4390 4391
f 4390 5844 4391
f 4391 5844 5846
f 4370 4371 4392
f 4371 4393 4392
f 4371 4374 4393
f 4374 4396 4393
f 4392 4393 4394
f 4393 4395 4394
f 4393 4396 4395
f 4395 4396 4398
f 4374 4375 4396
f 4375 4397 4396
f 4375 4387 4397
f 4387 4436 4397
f 4396 4397 4398
f 4397 4399 4398
f 4397 4436 4399
f 4399 4436 4439
f 4394 4395 4400
f 4395 4401 4400
f 4395 4398 4401
f 4398 4410 4401
f 4400 4401 4402
f 4402 4404 4403
f 4401 4404 4402
f 4403 4404 4405
f 4403 4405 4406
f 4405 4407 4406
f 4401 4410 4404
f 4404 4412 4405
f 4404 4410 4412
f 4405 4412 4413
f 4405 4413 4407
f 4407 4413 4414
f 4406 4407 4408
f 4407 4409 4408
f 4408 4409 4420
f 4409 4422 4420
f 4407 4414 4409
f 4409 4414 4418
f 4409 4418 4422
f 4418 4428 4422
f 4398 4399 4410
f 4399 4411 4410
f 4399 4439 4411
f 4411 4439 4444
f 4410 4411 4412
f 4412 4415 4413
f 4411 4415 4412
f 4413 4415 4416
f 4413 4416 4414
f 4414 4416 4417
f 4411 4444 4415
f 4415 4447 4416
f 4415 4444 4447
f 4416 4447 4448
f 4416 4448 4417
f 4417 4448 4449
f 4414 4417 4418
f 4417 4419 4418
f 4418 4419 4428
f 4419 4431 4428
f 4417 4449 4419
f 4419 4449 4456
f 4419 4456 4431
f 4431 4456 4464
f 4420 4422 4421
f 4421 4422 4423
f 4421 4423 4424
f 4423 4425 4424
f 4422 4428 4423
f 4423 4428 4429
f 4423 4429 4425
f 4425 4429 4430
f 4424 4425 4426
f 4425 4427 4426
f 4426 4427 4480
f 4427 4482 4480
f 4425 4430 4427
f 4427 4430 4434
f 4427 4434 4482
f 4434 4488 4482
f 4428 4431 4429
f 4429 4431 4432
f 4429 4432 4430
f 4430 4432 4433
f 4431 4464 4432
f 4432 4464 4465
f 4432 4465 4433
f 4433 4465 4466
f 4430 4433 4434
f 4433 4435 4434
f 4434 4435 4488
f 4435 4491 4488
f 4433 4466 4435
f 4435 4466 4473
f 4435 4473 4491
f 4473 4512 4491
f 4387 4388 4436
f 4388 4437 4436
f 4388 4389 4437
f 4389 4438 4437
f 4436 4437 4439
f 4437 4440 4439
f 4437 4438 4440
f 4438 4441 4440
f 4389 4391 4438
f 4391 4442 4438
f 4391 5846 4442
f 4442 5846 5868
f 4438 4442 4441
f 4441 4442 4443
f 4442 5868 4443
f 4443 5868 5870
f 4439 4440 4444
f 4440 4445 4444
f 4440 4441 4445
f 4441 4446 4445
f 4444 4445 4447
f 4447 4450 4448
f 4445 4450 4447
f 4448 4450 4451
f 4448 4451 4449
f 4449 4451 4454
f 4445 4446 4450
f 4450 4452 4451
f 4446 4452 4450
f 4451 4452 4453
f 4451 4453 4454
f 4453 4455 4454
f 4449 4454 4456
f 4454 4457 4456
f 4456 4457 4464
f 4457 4467 4464
f 4454 4455 4457
f 4455 4458 4457
f 4457 4458 4467
f 4458 4469 4467
f 4441 4443 4446
f 4443 4459 4446
f 4443 5870 4459
f 4459 5870 5876
f 4446 4459 4452
f 4452 4460 4453
f 4452 4459 4460
f 4453 4460 4461
f 4453 4461 4455
f 4455 4461 4462
f 4459 5876 4460
f 4460 5878 4461
f 4460 5876 5878
f 4461 5878 5879
f 4461 5879 4462
f 4462 5879 5880
f 4455 4462 4458
f 4458 4462 4463
f 4458 4463 4469
f 4463 4476 4469
f 4462 5880 4463
f 4463 5880 5884
f 4463 5884 4476
f 4476 5884 5896
f 4464 4467 4465
f 4465 4467 4468
f 4465 4468 4466
f 4466 4468 4471
f 4467 4469 4468
f 4468 4469 4470
f 4468 4470 4471
f 4470 4472 4471
f 4466 4471 4473
f 4471 4474 4473
f 4473 4474 4512
f 4474 4515 4512
f 4471 4472 4474
f 4472 4475 4474
f 4474 4475 4515
f 4475 4517 4515
f 4469 4476 4470
f 4470 4476 4477
f 4470 4477 4472
f 4472 4477 4478
f 4476 5896 4477
f 4477 5896 5897
f 4477 5897 4478
f 4478 5897 5898
f 4472 4478 4475
f 4475 4478 4479
f 4475 4479 4517
f 4479 4524 4517
f 4478 5898 4479
f 4479 5898 5902
f 4479 5902 4524
f 4524 5902 5956
f 4480 4482 4481
f 4481 4482 4483
f 4481 4483 4484
f 4483 4485 4484
f 4482 4488 4483
f 4483 4488 4489
f 4483 4489 4485
f 4485 4489 4490
f 4484 4485 4486
f 4485 4487 4486
f 4486 4487 4496
f 4487 4498 4496
f 4485 4490 4487
f 4487 4490 4494
f 4487 4494 4498
f 4494 4504 4498
f 4488 4491 4489
f 4489 4491 4492
f 4489 4492 4490
f 4490 4492 4493
f 4491 4512 4492
f 4492 4512 4513
f 4492 4513 4493
f 4493 4513 4514
f 4490 4493 4494
f 4493 4495 4494
f 4494 4495 4504
f 4495 4507 4504
f 4493 4514 4495
f 4495 4514 4521
f 4495 4521 4507
f 4507 4521 4528
f 4496 4498 4497
f 4497 4498 4499
f 4497 4499 4500
f 4499 4501 4500
f 4498 4504 4499
f 4499 4504 4505
f 4499 4505 4501
f 4501 4505 4506
f 4500 4501 4502
f 4501 4503 4502
f 4502 4503 5336
f 4503 5338 5336
f 4501 4506 4503
f 4503 4506 4510
f 4503 4510 5338
f 4510 5344 5338
f 4504 4507 4505
f 4505 4507 4508
f 4505 4508 4506
f 4506 4508 4509
f 4507 4528 4508
f 4508 4528 4529
f 4508 4529 4509
f 4509 4529 4530
f 4506 4509 4510
f 4509 4511 4510
f 4510 4511 5344
f 4511 5346 5344
f 4509 4530 4511
f 4511 4530 4537
f 4511 4537 5346
f 4537 5368 5346
f 4512 4515 4513
f 4513 4515 4516
f 4513 4516 4514
f 4514 4516 4519
f 4515 4517 4516
f 4516 4517 4518
f 4516 4518 4519
f 4518 4520 4519
f 4514 4519 4521
f 4519 4522 4521
f 4521 4522 4528
f 4522 4531 4528
f 4519 4520 4522
f 4520 4523 4522
f 4522 4523 4531
f 4523 4533 4531
f 4517 4524 4518
f 4518 4524 4525
f 4518 4525 4520
f 4520 4525 4526
f 4524 5956 4525
f 4525 5956 5957
f 4525 5957 4526
f 4526 5957 5958
f 4520 4526 4523
f 4523 4526 4527
f 4523 4527 4533
f 4527 4540 4533
f 4526 5958 4527
f 4527 5958 5962
f 4527 5962 4540
f 4540 5962 5972
f 4528 4531 4529
f 4529 4531 4532
f 4529 4532 4530
f 4530 4532 4535
f 4531 4533 4532
f 4532 4533 4534
f 4532 4534 4535
f 4534 4536 4535
f 4530 4535 4537
f 4535 4538 4537
f 4537 4538 5368
f 4538 5370 5368
f 4535 4536 4538
f 4536 4539 4538
f 4538 4539 5370
f 4539 5372 5370
f 4533 4540 4534
f 4534 4540 4541
f 4534 4541 4536
f 4536 4541 4542
f 4540 5972 4541
f 4541 5972 5973
f 4541 5973 4542
f 4542 5973 5974
f 4536 4542 4539
f 4539 4542 4543
f 4539 4543 5372
f 4543 5380 5372
f 4542 5974 4543
f 4543 5974 5978
f 4543 5978 5380
f 5380 5978 6684
f 1373 4544 1374
f 1374 4544 4545
f 1374 4545 1377
f 1377 4545 4548
f 4544 4546 4545
f 4545 4546 4547
f 4545 4547 4548
f 4547 4550 4548
f 1377 4548 1378
f 1378 4548 4549
f 1378 4549 1389
f 1389 4549 4560
f 4548 4550 4549
f 4549 4550 4551
f 4549 4551 4560
f 4551 4562 4560
f 4546 4552 4547
f 4547 4552 4553
f 4547 4553 4550
f 4550 4553 4556
f 4552 4554 4553
f 4553 4554 4555
f 4553 4555 4556
f 4555 4558 4556
f 4550 4556 4551
f 4551 4556 4557
f 4551 4557 4562
f 4557 4568 4562
f 4556 4558 4557
f 4557 4558 4559
f 4557 4559 4568
f 4559 4570 4568
f 1389 4560 1390
f 1390 4560 4561
f 1390 4561 1393
f 1393 4561 4564
f 4560 4562 4561
f 4561 4562 4563
f 4561 4563 4564
f 4563 4566 4564
f 1393 4564 1394
f 1394 4564 4565
f 1394 4565 1562
f 1562 4565 4649
f 4564 4566 4565
f 4565 4566 4567
f 4565 4567 4649
f 4567 4651 4649
f 4562 4568 4563
f 4563 4568 4569
f 4563 4569 4566
f 4566 4569 4572
f 4568 4570 4569
f 4569 4570 4571
f 4569 4571 4572
f 4571 4574 4572
f 4566 4572 4567
f 4567 4572 4573
f 4567 4573 4651
f 4573 4657 4651
f 4572 4574 4573
f 4573 4574 4575
f 4573 4575 4657
f 4575 4659 4657
f 4554 4609 4555
f 4555 4609 4610
f 4555 4610 4558
f 4558 4610 4613
f 4609 4611 4610
f 4610 4611 4612
f 4610 4612 4613
f 4612 4615 4613
f 4558 4613 4559
f 4559 4613 4614
f 4559 4614 4570
f 4570 4614 4625
f 4613 4615 4614
f 4614 4615 4616
f 4614 4616 4625
f 4616 4627 4625
f 4611 4617 4612
f 4612 4617 4618
f 4612 4618 4615
f 4615 4618 4621
f 4617 4619 4618
f 4618 4619 4620
f 4618 4620 4621
f 4620 4623 4621
f 4615 4621 4616
f 4616 4621 4622
f 4616 4622 4627
f 4622 4633 4627
f 4621 4623 4622
f 4622 4623 4624
f 4622 4624 4633
f 4624 4635 4633
f 4570 4625 4571
f 4571 4625 4626
f 4571 4626 4574
f 4574 4626 4629
f 4625 4627 4626
f 4626 4627 4628
f 4626 4628 4629
f 4628 4631 4629
f 4574 4629 4575
f 4575 4629 4630
f 4575 4630 4659
f 4630 4741 4659
f 4629 4631 4630
f 4630 4631 4632
f 4630 4632 4741
f 4632 4743 4741
f 4627 4633 4628
f 4628 4633 4634
f 4628 4634 4631
f 4631 4634 4637
f 4633 4635 4634
f 4634 4635 4636
f 4634 4636 4637
f 4636 4639 4637
f 4631 4637 4632
f 4632 4637 4638
f 4632 4638 4743
f 4638 4749 4743
f 4637 4639 4638
f 4638 4639 4640
f 4638 4640 4749
f 4640 4751 4749
f 1562 4649 1563
f 1563 4649 4650
f 1563 4650 1566
f 1566 4650 4653
f 4649 4651 4650
f 4650 4651 4652
f 4650 4652 4653
f 4652 4655 4653
f 1566 4653 1567
f 1567 4653 4654
f 1567 4654 1586
f 1586 4654 4665
f 4653 4655 4654
f 4654 4655 4656
f 4654 4656 4665
f 4656 4667 4665
f 4651 4657 4652
f 4652 4657 4658
f 4652 4658 4655
f 4655 4658 4661
f 4657 4659 4658
f 4658 4659 4660
f 4658 4660 4661
f 4660 4663 4661
f 4655 4661 4656
f 4656 4661 4662
f 4656 4662 4667
f 4662 4681 4667
f 4661 4663 4662
f 4662 4663 4664
f 4662 4664 4681
f 4664 4683 4681
f 1586 4665 1587
f 1587 4665 4666
f 1587 4666 1593
f 1593 4666 4669
f 4665 4667 4666
f 4666 4667 4668
f 4666 4668 4669
f 4668 4674 4669
f 1593 4669 1594
f 1594 4669 4670
f 1594 4670 1595
f 1595 4672 1596
f 1595 4670 4671
f 1595 4671 4672
f 1596 4673 1597
f 1596 4672 4673
f 4669 4674 4670
f 4670 4674 4675
f 4670 4675 4671
f 4671 4677 4672
f 4671 4675 4676
f 4671 4676 4677
f 4672 4678 4673
f 4672 4677 4678
f 1597 4679 1599
f 1597 4673 4679
f 1599 4714 1647
f 1599 4679 4714
f 4673 4680 4679
f 4673 4678 4680
f 4679 4719 4714
f 4679 4680 4719
f 4667 4681 4668
f 4668 4681 4682
f 4668 4682 4674
f 4674 4682 4685
f 4681 4683 4682
f 4682 4683 4684
f 4682 4684 4685
f 4684 4690 4685
f 4674 4685 4675
f 4675 4685 4686
f 4675 4686 4676
f 4676 4688 4677
f 4676 4686 4687
f 4676 4687 4688
f 4677 4689 4678
f 4677 4688 4689
f 4685 4690 4686
f 4686 4690 4691
f 4686 4691 4687
f 4687 4693 4688
f 4687 4691 4692
f 4687 4692 4693
f 4688 4694 4689
f 4688 4693 4694
f 4678 4695 4680
f 4678 4689 4695
f 4680 4727 4719
f 4680 4695 4727
f 4689 4696 4695
f 4689 4694 4696
f 4695 4737 4727
f 4695 4696 4737
f 1647 4715 1648
f 1647 4714 4715
f 1648 4717 1652
f 1648 4715 4717
f 4715 4718 4717
f 4715 4721 4718
f 4714 4720 4715
f 4714 4719 4720
f 4715 4720 4721
f 4720 4722 4721
f 4720 4729 4722
f 4719 4733 4720
f 4719 4727 4733
f 4720 4730 4729
f 4720 4732 4731
f 4720 4731 4730
f 4720 4733 4732
f 4727 4737 4736
f 4727 4735 4733
f 4727 4736 4735
f 4736 4738 4739
f 4737 4738 4736
f 4659 4741 4660
f 4660 4741 4742
f 4660 4742 4663
f 4663 4742 4745
f 4741 4743 4742
f 4742 4743 4744
f 4742 4744 4745
f 4744 4747 4745
f 4663 4745 4664
f 4664 4745 4746
f 4664 4746 4683
f 4683 4746 4757
f 4745 4747 4746
f 4746 4747 4748
f 4746 4748 4757
f 4748 4759 4757
f 4743 4749 4744
f 4744 4749 4750
f 4744 4750 4747
f 4747 4750 4753
f 4749 4751 4750
f 4750 4751 4752
f 4750 4752 4753
f 4752 4755 4753
f 4747 4753 4748
f 4748 4753 4754
f 4748 4754 4759
f 4754 4773 4759
f 4753 4755 4754
f 4754 4755 4756
f 4754 4756 4773
f 4756 4775 4773
f 4683 4757 4684
f 4684 4757 4758
f 4684 4758 4690
f 4690 4758 4761
f 4757 4759 4758
f 4758 4759 4760
f 4758 4760 4761
f 4760 4766 4761
f 4690 4761 4691
f 4691 4761 4762
f 4691 4762 4692
f 4692 4764 4693
f 4692 4762 4763
f 4692 4763 4764
f 4693 4765 4694
f 4693 4764 4765
f 4761 4766 4762
f 4762 4766 4767
f 4762 4767 4763
f 4763 4769 4764
f 4763 4767 4768
f 4763 4768 4769
f 4764 4770 4765
f 4764 4769 4770
f 4694 4771 4696
f 4694 4765 4771
f 4696 4815 4737
f 4696 4771 4815
f 4765 4772 4771
f 4765 4770 4772
f 4771 4821 4815
f 4771 4772 4821
f 4759 4773 4760
f 4760 4773 4774
f 4760 4774 4766
f 4766 4774 4777
f 4773 4775 4774
f 4774 4775 4776
f 4774 4776 4777
f 4776 4782 4777
f 4766 4777 4767
f 4767 4777 4778
f 4767 4778 4768
f 4768 4780 4769
f 4768 4778 4779
f 4768 4779 4780
f 4769 4781 4770
f 4769 4780 4781
f 4777 4782 4778
f 4778 4782 4783
f 4778 4783 4779
f 4779 4785 4780
f 4779 4783 4784
f 4779 4784 4785
f 4780 4786 4781
f 4780 4785 4786
f 4770 4787 4772
f 4770 4781 4787
f 4772 4828 4821
f 4772 4787 4828
f 4781 4788 4787
f 4781 4786 4788
f 4787 4834 4828
f 4787 4788 4834
f 4737 4816 4738
f 4737 4815 4816
f 4815 4817 4816
f 4815 4820 4817
f 4815 4822 4820
f 4815 4821 4823
f 4815 4823 4822
f 4823 4826 4822
f 4821 4829 4823
f 4821 4828 4829
f 4823 4832 4826
f 4826 4832 4831
f 4823 4829 4832
f 4828 4835 4829
f 4828 4834 4835
f 4829 4835 4832
f 4835 4837 4832
f 4835 5181 4837
f 6433 5009 5010
f 4619 5011 4620
f 4620 5011 5012
f 4620 5012 4623
f 4623 5012 5015
f 5011 5013 5012
f 5012 5013 5014
f 5012 5014 5015
f 5014 5017 5015
f 4623 5015 4624
f 4624 5015 5016
f 4624 5016 4635
f 4635 5016 5027
f 5015 5017 5016
f 5016 5017 5018
f 5016 5018 5027
f 5018 5029 5027
f 5013 5019 5014
f 5014 5019 5020
f 5014 5020 5017
f 5017 5020 5023
f 5019 5021 5020
f 5020 5021 5022
f 5020 5022 5023
f 5022 5025 5023
f 5017 5023 5018
f 5018 5023 5024
f 5018 5024 5029
f 5024 5035 5029
f 5023 5025 5024
f 5024 5025 5026
f 5024 5026 5035
f 5026 5037 5035
f 4635 5027 4636
f 4636 5027 5028
f 4636 5028 4639
f 4639 5028 5031
f 5027 5029 5028
f 5028 5029 5030
f 5028 5030 5031
f 5030 5033 5031
f 4639 5031 4640
f 4640 5031 5032
f 4640 5032 4751
f 4751 5032 5131
f 5031 5033 5032
f 5032 5033 5034
f 5032 5034 5131
f 5034 5133 5131
f 5029 5035 5030
f 5030 5035 5036
f 5030 5036 5033
f 5033 5036 5039
f 5035 5037 5036
f 5036 5037 5038
f 5036 5038 5039
f 5038 5041 5039
f 5033 5039 5034
f 5034 5039 5040
f 5034 5040 5133
f 5040 5139 5133
f 5039 5041 5040
f 5040 5041 5042
f 5040 5042 5139
f 5042 5141 5139
f 5021 5043 5022
f 5022 5043 5044
f 5022 5044 5025
f 5025 5044 5047
f 5043 5045 5044
f 5044 5045 5046
f 5044 5046 5047
f 5046 5049 5047
f 5025 5047 5026
f 5026 5047 5048
f 5026 5048 5037
f 5037 5048 5071
f 5047 5049 5048
f 5048 5049 5050
f 5048 5050 5071
f 5050 5073 5071
f 5045 5051 5046
f 5046 5051 5052
f 5046 5052 5049
f 5049 5052 5059
f 5051 5053 5052
f 5053 5055 5054
f 5052 5053 5054
f 5054 5055 5056
f 5052 5054 5059
f 5054 5056 5061
f 5054 5061 5059
f 5056 5063 5061
f 5055 5057 5056
f 5056 5057 5058
f 5056 5058 5063
f 5058 5065 5063
f 5049 5059 5050
f 5050 5059 5060
f 5050 5060 5073
f 5060 5079 5073
f 5059 5061 5060
f 5061 5063 5062
f 5060 5061 5062
f 5062 5063 5064
f 5060 5062 5079
f 5062 5064 5081
f 5062 5081 5079
f 5064 5083 5081
f 5063 5065 5064
f 5064 5065 5066
f 5064 5066 5083
f 5066 5085 5083
f 5057 5067 5058
f 5058 5067 5068
f 5058 5068 5065
f 5065 5068 5069
f 5067 5099 5068
f 5068 5099 5100
f 5068 5100 5069
f 5069 5100 5105
f 5065 5069 5066
f 5066 5069 5070
f 5066 5070 5085
f 5070 5095 5085
f 5069 5105 5070
f 5070 5105 5106
f 5070 5106 5095
f 5095 5106 5115
f 5037 5071 5038
f 5038 5071 5072
f 5038 5072 5041
f 5041 5072 5075
f 5071 5073 5072
f 5072 5073 5074
f 5072 5074 5075
f 5074 5077 5075
f 5041 5075 5042
f 5042 5075 5076
f 5042 5076 5141
f 5076 5216 5141
f 5075 5077 5076
f 5076 5077 5078
f 5076 5078 5216
f 5078 5218 5216
f 5073 5079 5074
f 5074 5079 5080
f 5074 5080 5077
f 5077 5080 5087
f 5079 5081 5080
f 5081 5083 5082
f 5080 5081 5082
f 5082 5083 5084
f 5080 5082 5087
f 5082 5084 5089
f 5082 5089 5087
f 5084 5091 5089
f 5083 5085 5084
f 5084 5085 5086
f 5084 5086 5091
f 5086 5093 5091
f 5077 5087 5078
f 5078 5087 5088
f 5078 5088 5218
f 5088 5224 5218
f 5087 5089 5088
f 5089 5091 5090
f 5088 5089 5090
f 5090 5091 5092
f 5088 5090 5224
f 5090 5092 5226
f 5090 5226 5224
f 5092 5227 5226
f 5091 5093 5092
f 5092 5093 5094
f 5092 5094 5227
f 5094 5230 5227
f 5085 5095 5086
f 5086 5095 5096
f 5086 5096 5093
f 5093 5096 5097
f 5095 5115 5096
f 5096 5115 5116
f 5096 5116 5097
f 5097 5116 5121
f 5093 5097 5094
f 5094 5097 5098
f 5094 5098 5230
f 5098 5240 5230
f 5097 5121 5098
f 5098 5121 5122
f 5098 5122 5240
f 5122 5288 5240
f 5099 5101 5100
f 5100 5101 5102
f 5100 5102 5105
f 5102 5107 5105
f 5101 5103 5102
f 5102 5103 5104
f 5102 5104 5107
f 5104 5109 5107
f 5105 5107 5106
f 5106 5107 5108
f 5106 5108 5115
f 5108 5117 5115
f 5107 5109 5108
f 5108 5109 5110
f 5108 5110 5117
f 5110 5119 5117
f 5103 5111 5104
f 5104 5111 5112
f 5104 5112 5109
f 5109 5112 5113
f 5111 5336 5112
f 5112 5336 5337
f 5112 5337 5113
f 5113 5337 5340
f 5109 5113 5110
f 5110 5113 5114
f 5110 5114 5119
f 5114 5127 5119
f 5113 5340 5114
f 5114 5340 5341
f 5114 5341 5127
f 5127 5341 5352
f 5115 5117 5116
f 5116 5117 5118
f 5116 5118 5121
f 5118 5123 5121
f 5117 5119 5118
f 5118 5119 5120
f 5118 5120 5123
f 5120 5125 5123
f 5121 5123 5122
f 5122 5123 5124
f 5122 5124 5288
f 5124 5289 5288
f 5123 5125 5124
f 5124 5125 5126
f 5124 5126 5289
f 5126 5292 5289
f 5119 5127 5120
f 5120 5127 5128
f 5120 5128 5125
f 5125 5128 5129
f 5127 5352 5128
f 5128 5352 5353
f 5128 5353 5129
f 5129 5353 5356
f 5125 5129 5126
f 5126 5129 5130
f 5126 5130 5292
f 5130 5300 5292
f 5129 5356 5130
f 5130 5356 5357
f 5130 5357 5300
f 5300 5357 5484
f 4751 5131 4752
f 4752 5131 5132
f 4752 5132 4755
f 4755 5132 5135
f 5131 5133 5132
f 5132 5133 5134
f 5132 5134 5135
f 5134 5137 5135
f 4755 5135 4756
f 4756 5135 5136
f 4756 5136 4775
f 4775 5136 5147
f 5135 5137 5136
f 5136 5137 5138
f 5136 5138 5147
f 5138 5149 5147
f 5133 5139 5134
f 5134 5139 5140
f 5134 5140 5137
f 5137 5140 5143
f 5139 5141 5140
f 5140 5141 5142
f 5140 5142 5143
f 5142 5145 5143
f 5137 5143 5138
f 5138 5143 5144
f 5138 5144 5149
f 5144 5163 5149
f 5143 5145 5144
f 5144 5145 5146
f 5144 5146 5163
f 5146 5165 5163
f 4775 5147 4776
f 4776 5147 5148
f 4776 5148 4782
f 4782 5148 5151
f 5147 5149 5148
f 5148 5149 5150
f 5148 5150 5151
f 5150 5156 5151
f 4782 5151 4783
f 4783 5151 5152
f 4783 5152 4784
f 4784 5154 4785
f 4784 5152 5153
f 4784 5153 5154
f 4785 5155 4786
f 4785 5154 5155
f 5151 5156 5152
f 5152 5156 5157
f 5152 5157 5153
f 5153 5159 5154
f 5153 5157 5158
f 5153 5158 5159
f 5154 5160 5155
f 5154 5159 5160
f 4786 5161 4788
f 4786 5155 5161
f 4788 5179 4834
f 4788 5161 5179
f 5155 5162 5161
f 5155 5160 5162
f 5161 5184 5179
f 5161 5162 5184
f 5149 5163 5150
f 5150 5163 5164
f 5150 5164 5156
f 5156 5164 5167
f 5163 5165 5164
f 5164 5165 5166
f 5164 5166 5167
f 5166 5172 5167
f 5156 5167 5157
f 5157 5167 5168
f 5157 5168 5158
f 5158 5170 5159
f 5158 5168 5169
f 5158 5169 5170
f 5159 5171 5160
f 5159 5170 5171
f 5167 5172 5168
f 5168 5172 5173
f 5168 5173 5169
f 5169 5175 5170
f 5169 5173 5174
f 5169 5174 5175
f 5170 5176 5171
f 5170 5175 5176
f 5160 5177 5162
f 5160 5171 5177
f 5162 5201 5184
f 5162 5177 5201
f 5171 5178 5177
f 5171 5176 5178
f 5177 5204 5201
f 5177 5178 5204
f 4834 5180 4835
f 4834 5179 5180
f 4835 5182 5181
f 4835 5183 5182
f 4835 5180 5183
f 5183 5193 5182
f 5179 5185 5180
f 5179 5184 5185
f 5180 5186 5183
f 5180 5185 5186
f 5183 5196 5193
f 5183 5197 5196
f 5183 5186 5197
f 5186 5198 5197
f 5184 5202 5185
f 5184 5201 5202
f 5185 5203 5186
f 5185 5202 5203
f 5201 5205 5202
f 5201 5204 5205
f 5202 5206 5203
f 5202 5205 5206
f 5186 5207 5198
f 5186 5203 5207
f 5198 5209 5208
f 5207 5209 5198
f 5207 5434 5209
f 5434 5211 5209
f 5434 5212 5211
f 5434 5214 5212
f 5203 5215 5207
f 5203 5206 5215
f 5207 5442 5434
f 5207 5215 5442
f 5141 5216 5142
f 5142 5216 5217
f 5142 5217 5145
f 5145 5217 5220
f 5216 5218 5217
f 5217 5218 5219
f 5217 5219 5220
f 5219 5222 5220
f 5145 5220 5146
f 5146 5220 5221
f 5146 5221 5165
f 5165 5221 5244
f 5220 5222 5221
f 5221 5222 5223
f 5221 5223 5244
f 5223 5246 5244
f 5218 5224 5219
f 5219 5224 5225
f 5219 5225 5222
f 5222 5225 5232
f 5224 5226 5225
f 5226 5227 5228
f 5225 5226 5228
f 5227 5229 5228
f 5225 5228 5232
f 5228 5229 5234
f 5228 5234 5232
f 5229 5235 5234
f 5227 5230 5229
f 5229 5230 5231
f 5229 5231 5235
f 5231 5238 5235
f 5222 5232 5223
f 5223 5232 5233
f 5223 5233 5246
f 5233 5260 5246
f 5232 5234 5233
f 5234 5235 5236
f 5233 5234 5236
f 5235 5237 5236
f 5233 5236 5260
f 5236 5237 5262
f 5236 5262 5260
f 5237 5263 5262
f 5235 5238 5237
f 5237 5238 5239
f 5237 5239 5263
f 5239 5266 5263
f 5230 5240 5231
f 5231 5240 5241
f 5231 5241 5238
f 5238 5241 5242
f 5240 5288 5241
f 5241 5288 5290
f 5241 5290 5242
f 5242 5290 5294
f 5238 5242 5239
f 5239 5242 5243
f 5239 5243 5266
f 5243 5282 5266
f 5242 5294 5243
f 5243 5294 5296
f 5243 5296 5282
f 5282 5296 5312
f 5165 5244 5166
f 5166 5244 5245
f 5166 5245 5172
f 5172 5245 5248
f 5244 5246 5245
f 5245 5246 5247
f 5245 5247 5248
f 5247 5253 5248
f 5172 5248 5173
f 5173 5248 5249
f 5173 5249 5174
f 5174 5251 5175
f 5174 5249 5250
f 5174 5250 5251
f 5175 5252 5176
f 5175 5251 5252
f 5248 5253 5249
f 5249 5253 5254
f 5249 5254 5250
f 5250 5256 5251
f 5250 5254 5255
f 5250 5255 5256
f 5251 5257 5252
f 5251 5256 5257
f 5176 5258 5178
f 5176 5252 5258
f 5178 5304 5204
f 5178 5258 5304
f 5252 5259 5258
f 5252 5257 5259
f 5258 5307 5304
f 5258 5259 5307
f 5246 5260 5247
f 5247 5260 5261
f 5247 5261 5253
f 5253 5261 5268
f 5260 5262 5261
f 5262 5263 5264
f 5261 5262 5264
f 5263 5265 5264
f 5261 5264 5268
f 5264 5265 5273
f 5264 5273 5268
f 5265 5274 5273
f 5263 5266 5265
f 5265 5266 5267
f 5265 5267 5274
f 5267 5279 5274
f 5253 5268 5254
f 5254 5268 5269
f 5254 5269 5255
f 5255 5271 5256
f 5255 5269 5270
f 5255 5270 5271
f 5256 5272 5257
f 5256 5271 5272
f 5268 5273 5269
f 5273 5274 5275
f 5269 5273 5275
f 5274 5277 5275
f 5269 5275 5270
f 5270 5278 5271
f 5275 5277 5276
f 5270 5275 5276
f 5270 5276 5278
f 5276 5277 5278
f 5274 5279 5277
f 5277 5279 5280
f 5271 5281 5272
f 5277 5280 5278
f 5271 5278 5281
f 5278 5280 5281
f 5266 5282 5267
f 5267 5282 5283
f 5267 5283 5279
f 5279 5283 5285
f 5282 5312 5283
f 5283 5312 5314
f 5283 5314 5285
f 5285 5314 5321
f 5257 5284 5259
f 5257 5272 5284
f 5259 5318 5307
f 5259 5284 5318
f 5279 5285 5280
f 5280 5285 5286
f 5272 5287 5284
f 5280 5286 5281
f 5272 5281 5287
f 5281 5286 5287
f 5285 5321 5286
f 5286 5321 5323
f 5284 5324 5318
f 5286 5323 5287
f 5284 5287 5324
f 5287 5323 5324
f 5288 5289 5290
f 5289 5291 5290
f 5290 5291 5294
f 5291 5295 5294
f 5289 5292 5291
f 5291 5292 5293
f 5291 5293 5295
f 5293 5298 5295
f 5294 5295 5296
f 5295 5297 5296
f 5296 5297 5312
f 5297 5313 5312
f 5295 5298 5297
f 5297 5298 5299
f 5297 5299 5313
f 5299 5316 5313
f 5292 5300 5293
f 5293 5300 5301
f 5293 5301 5298
f 5298 5301 5302
f 5300 5484 5301
f 5301 5484 5486
f 5301 5486 5302
f 5302 5486 5488
f 5298 5302 5299
f 5299 5302 5303
f 5299 5303 5316
f 5303 5330 5316
f 5302 5488 5303
f 5303 5488 5490
f 5303 5490 5330
f 5330 5490 5508
f 5204 5305 5205
f 5204 5304 5305
f 5205 5306 5206
f 5205 5305 5306
f 5304 5308 5305
f 5304 5307 5308
f 5305 5309 5306
f 5305 5308 5309
f 5206 5310 5215
f 5206 5306 5310
f 5215 5500 5442
f 5215 5310 5500
f 5306 5311 5310
f 5306 5309 5311
f 5310 5502 5500
f 5310 5311 5502
f 5312 5313 5314
f 5313 5315 5314
f 5314 5315 5321
f 5315 5322 5321
f 5313 5316 5315
f 5315 5316 5317
f 5315 5317 5322
f 5317 5327 5322
f 5307 5319 5308
f 5307 5318 5319
f 5308 5320 5309
f 5308 5319 5320
f 5321 5322 5323
f 5322 5325 5323
f 5318 5326 5319
f 5323 5325 5324
f 5318 5324 5326
f 5324 5325 5326
f 5322 5327 5325
f 5325 5327 5328
f 5319 5329 5320
f 5325 5328 5326
f 5319 5326 5329
f 5326 5328 5329
f 5316 5330 5317
f 5317 5330 5331
f 5317 5331 5327
f 5327 5331 5333
f 5330 5508 5331
f 5331 5508 5510
f 5331 5510 5333
f 5333 5510 5514
f 5309 5332 5311
f 5309 5320 5332
f 5311 5512 5502
f 5311 5332 5512
f 5327 5333 5328
f 5328 5333 5334
f 5320 5335 5332
f 5328 5334 5329
f 5320 5329 5335
f 5329 5334 5335
f 5333 5514 5334
f 5334 5514 5516
f 5332 5517 5512
f 5334 5516 5335
f 5332 5335 5517
f 5335 5516 5517
f 5336 5338 5337
f 5337 5338 5339
f 5337 5339 5340
f 5339 5342 5340
f 5338 5344 5339
f 5339 5344 5345
f 5339 5345 5342
f 5342 5345 5348
f 5340 5342 5341
f 5341 5342 5343
f 5341 5343 5352
f 5343 5354 5352
f 5342 5348 5343
f 5343 5348 5349
f 5343 5349 5354
f 5349 5360 5354
f 5344 5346 5345
f 5345 5346 5347
f 5345 5347 5348
f 5347 5350 5348
f 5346 5368 5347
f 5347 5368 5369
f 5347 5369 5350
f 5350 5369 5374
f 5348 5350 5349
f 5349 5350 5351
f 5349 5351 5360
f 5351 5362 5360
f 5350 5374 5351
f 5351 5374 5375
f 5351 5375 5362
f 5362 5375 5384
f 5352 5354 5353
f 5353 5354 5355
f 5353 5355 5356
f 5355 5358 5356
f 5354 5360 5355
f 5355 5360 5361
f 5355 5361 5358
f 5358 5361 5364
f 5356 5358 5357
f 5357 5358 5359
f 5357 5359 5484
f 5359 5485 5484
f 5358 5364 5359
f 5359 5364 5365
f 5359 5365 5485
f 5365 5492 5485
f 5360 5362 5361
f 5361 5362 5363
f 5361 5363 5364
f 5363 5366 5364
f 5362 5384 5363
f 5363 5384 5385
f 5363 5385 5366
f 5366 5385 5390
f 5364 5366 5365
f 5365 5366 5367
f 5365 5367 5492
f 5367 5494 5492
f 5366 5390 5367
f 5367 5390 5391
f 5367 5391 5494
f 5391 5532 5494
f 5368 5370 5369
f 5369 5370 5371
f 5369 5371 5374
f 5371 5376 5374
f 5370 5372 5371
f 5371 5372 5373
f 5371 5373 5376
f 5373 5378 5376
f 5374 5376 5375
f 5375 5376 5377
f 5375 5377 5384
f 5377 5386 5384
f 5376 5378 5377
f 5377 5378 5379
f 5377 5379 5386
f 5379 5388 5386
f 5372 5380 5373
f 5373 5380 5381
f 5373 5381 5378
f 5378 5381 5382
f 5380 6684 5381
f 5381 6684 6685
f 5381 6685 5382
f 5382 6685 6688
f 5378 5382 5379
f 5379 5382 5383
f 5379 5383 5388
f 5383 5396 5388
f 5382 6688 5383
f 5383 6688 6689
f 5383 6689 5396
f 5396 6689 6700
f 5384 5386 5385
f 5385 5386 5387
f 5385 5387 5390
f 5387 5392 5390
f 5386 5388 5387
f 5387 5388 5389
f 5387 5389 5392
f 5389 5394 5392
f 5390 5392 5391
f 5391 5392 5393
f 5391 5393 5532
f 5393 5534 5532
f 5392 5394 5393
f 5393 5394 5395
f 5393 5395 5534
f 5395 5535 5534
f 5388 5396 5389
f 5389 5396 5397
f 5389 5397 5394
f 5394 5397 5398
f 5396 6700 5397
f 5397 6700 6701
f 5397 6701 5398
f 5398 6701 6704
f 5394 5398 5395
f 5395 5398 5399
f 5395 5399 5535
f 5399 5544 5535
f 5398 6704 5399
f 5399 6704 6705
f 5399 6705 5544
f 5544 6705 6780
f 5422 5423 5409
f 5416 5414 5415
f 5422 5409 5416
f 5422 5416 5426
f 5426 5416 5415
f 5426 5415 5437
f 5422 5430 5423
f 5430 5424 5423
f 5430 5425 5424
f 5422 5426 5430
f 5462 5427 5425
f 5462 5428 5427
f 5462 5429 5428
f 5430 5462 5425
f 5434 5432 5214
f 5434 5433 5432
f 5434 5436 5433
f 5436 5435 5433
f 5426 5437 5440
f 5426 5440 5444
f 5444 5438 5435
f 5436 5444 5435
f 5444 5440 5441
f 5444 5441 5438
f 5434 5443 5436
f 5434 5442 5443
f 5436 5446 5444
f 5436 5443 5446
f 5426 5445 5430
f 5426 5444 5445
f 5430 5476 5462
f 5430 5445 5476
f 5444 5447 5445
f 5444 5446 5447
f 5445 5479 5476
f 5445 5447 5479
f 5458 5456 5463
f 5458 5457 5456
f 5464 5459 5429
f 5464 5460 5459
f 5464 5461 5460
f 5462 5464 5429
f 5465 5463 5461
f 5458 5463 5465
f 5464 5465 5461
f 5458 5471 5457
f 5458 5474 5471
f 5474 5469 5470
f 5474 5470 5471
f 5473 5010 5008
f 6433 5010 5473
f 6433 5473 6748
f 5474 6748 5469
f 6748 5473 5469
f 5458 5475 5474
f 5458 5465 5475
f 5474 6750 6748
f 5474 5475 6750
f 5462 5477 5464
f 5462 5476 5477
f 5464 5478 5465
f 5464 5477 5478
f 5476 5480 5477
f 5476 5479 5480
f 5477 5481 5478
f 5477 5480 5481
f 5465 5482 5475
f 5465 5478 5482
f 5475 6756 6750
f 5475 5482 6756
f 5478 5483 5482
f 5478 5481 5483
f 5482 6758 6756
f 5482 5483 6758
f 5484 5485 5486
f 5485 5487 5486
f 5486 5487 5488
f 5487 5489 5488
f 5485 5492 5487
f 5487 5492 5493
f 5487 5493 5489
f 5489 5493 5496
f 5488 5489 5490
f 5489 5491 5490
f 5490 5491 5508
f 5491 5509 5508
f 5489 5496 5491
f 5491 5496 5497
f 5491 5497 5509
f 5497 5520 5509
f 5492 5494 5493
f 5493 5494 5495
f 5493 5495 5496
f 5495 5498 5496
f 5494 5532 5495
f 5495 5532 5533
f 5495 5533 5498
f 5498 5533 5538
f 5496 5498 5497
f 5497 5498 5499
f 5497 5499 5520
f 5499 5522 5520
f 5498 5538 5499
f 5499 5538 5539
f 5499 5539 5522
f 5522 5539 5556
f 5442 5501 5443
f 5442 5500 5501
f 5443 5504 5446
f 5443 5501 5504
f 5500 5503 5501
f 5500 5502 5503
f 5501 5506 5504
f 5501 5503 5506
f 5446 5505 5447
f 5446 5504 5505
f 5447 5548 5479
f 5447 5505 5548
f 5504 5507 5505
f 5504 5506 5507
f 5505 5551 5548
f 5505 5507 5551
f 5508 5509 5510
f 5509 5511 5510
f 5510 5511 5514
f 5511 5515 5514
f 5509 5520 5511
f 5511 5520 5521
f 5511 5521 5515
f 5515 5521 5526
f 5502 5513 5503
f 5502 5512 5513
f 5503 5524 5506
f 5503 5513 5524
f 5514 5515 5516
f 5515 5518 5516
f 5512 5519 5513
f 5516 5518 5517
f 5512 5517 5519
f 5517 5518 5519
f 5515 5526 5518
f 5518 5526 5527
f 5513 5528 5524
f 5518 5527 5519
f 5513 5519 5528
f 5519 5527 5528
f 5520 5522 5521
f 5521 5522 5523
f 5521 5523 5526
f 5523 5529 5526
f 5522 5556 5523
f 5523 5556 5557
f 5523 5557 5529
f 5529 5557 5565
f 5506 5525 5507
f 5506 5524 5525
f 5507 5562 5551
f 5507 5525 5562
f 5526 5529 5527
f 5527 5529 5530
f 5524 5531 5525
f 5527 5530 5528
f 5524 5528 5531
f 5528 5530 5531
f 5529 5565 5530
f 5530 5565 5566
f 5525 5567 5562
f 5530 5566 5531
f 5525 5531 5567
f 5531 5566 5567
f 5532 5534 5533
f 5533 5534 5536
f 5533 5536 5538
f 5536 5540 5538
f 5534 5535 5536
f 5535 5537 5536
f 5536 5537 5540
f 5537 5541 5540
f 5538 5540 5539
f 5539 5540 5542
f 5539 5542 5556
f 5542 5558 5556
f 5540 5541 5542
f 5541 5543 5542
f 5542 5543 5558
f 5543 5559 5558
f 5535 5544 5537
f 5537 5544 5545
f 5537 5545 5541
f 5541 5545 5546
f 5544 6780 5545
f 5545 6780 6781
f 5545 6781 5546
f 5546 6781 6784
f 5541 5546 5543
f 5543 5546 5547
f 5543 5547 5559
f 5547 5574 5559
f 5546 6784 5547
f 5547 6784 6785
f 5547 6785 5574
f 5574 6785 6804
f 5479 5549 5480
f 5479 5548 5549
f 5480 5550 5481
f 5480 5549 5550
f 5548 5552 5549
f 5548 5551 5552
f 5549 5553 5550
f 5549 5552 5553
f 5481 5554 5483
f 5481 5550 5554
f 5483 6796 6758
f 5483 5554 6796
f 5550 5555 5554
f 5550 5553 5555
f 5554 6798 6796
f 5554 5555 6798
f 5556 5558 5557
f 5557 5558 5560
f 5557 5560 5565
f 5560 5568 5565
f 5558 5559 5560
f 5559 5561 5560
f 5560 5561 5568
f 5561 5569 5568
f 5551 5563 5552
f 5551 5562 5563
f 5552 5564 5553
f 5552 5563 5564
f 5565 5568 5566
f 5566 5568 5570
f 5562 5571 5563
f 5566 5570 5567
f 5562 5567 5571
f 5567 5570 5571
f 5568 5569 5570
f 5569 5572 5570
f 5563 5573 5564
f 5570 5572 5571
f 5563 5571 5573
f 5571 5572 5573
f 5559 5574 5561
f 5561 5574 5575
f 5561 5575 5569
f 5569 5575 5577
f 5574 6804 5575
f 5575 6804 6805
f 5575 6805 5577
f 5577 6805 6810
f 5553 5576 5555
f 5553 5564 5576
f 5555 6808 6798
f 5555 5576 6808
f 5569 5577 5572
f 5572 5577 5578
f 5564 5579 5576
f 5572 5578 5573
f 5564 5573 5579
f 5573 5578 5579
f 5577 6810 5578
f 5578 6810 6811
f 5576 6812 6808
f 5578 6811 5579
f 5576 5579 6812
f 5579 6811 6812
f 2408 2409 5580
f 2409 5581 5580
f 2409 2412 5581
f 2412 5584 5581
f 5580 5581 5582
f 5581 5583 5582
f 5581 5584 5583
f 5583 5584 5586
f 2412 2413 5584
f 2413 5585 5584
f 2413 2424 5585
f 2424 5596 5585
f 5584 5585 5586
f 5585 5587 5586
f 5585 5596 5587
f 5587 5596 5598
f 5582 5583 5588
f 5583 5589 5588
f 5583 5586 5589
f 5586 5592 5589
f 5588 5589 5590
f 5589 5591 5590
f 5589 5592 5591
f 5591 5592 5594
f 5586 5587 5592
f 5587 5593 5592
f 5587 5598 5593
f 5593 5598 5604
f 5592 5593 5594
f 5593 5595 5594
f 5593 5604 5595
f 5595 5604 5606
f 2424 2425 5596
f 2425 5597 5596
f 2425 2428 5597
f 2428 5600 5597
f 5596 5597 5598
f 5597 5599 5598
f 5597 5600 5599
f 5599 5600 5602
f 2428 2429 5600
f 2429 5601 5600
f 2429 2519 5601
f 2519 5644 5601
f 5600 5601 5602
f 5601 5603 5602
f 5601 5644 5603
f 5603 5644 5646
f 5598 5599 5604
f 5599 5605 5604
f 5599 5602 5605
f 5602 5608 5605
f 5604 5605 5606
f 5605 5607 5606
f 5605 5608 5607
f 5607 5608 5610
f 5602 5603 5608
f 5603 5609 5608
f 5603 5646 5609
f 5609 5646 5652
f 5608 5609 5610
f 5609 5611 5610
f 5609 5652 5611
f 5611 5652 5654
f 5590 5591 5612
f 5591 5613 5612
f 5591 5594 5613
f 5594 5616 5613
f 5612 5613 5614
f 5613 5615 5614
f 5613 5616 5615
f 5615 5616 5618
f 5594 5595 5616
f 5595 5617 5616
f 5595 5606 5617
f 5606 5628 5617
f 5616 5617 5618
f 5617 5619 5618
f 5617 5628 5619
f 5619 5628 5630
f 5614 5615 5620
f 5615 5621 5620
f 5615 5618 5621
f 5618 5624 5621
f 5620 5621 5622
f 5621 5623 5622
f 5621 5624 5623
f 5623 5624 5626
f 5618 5619 5624
f 5619 5625 5624
f 5619 5630 5625
f 5625 5630 5636
f 5624 5625 5626
f 5625 5627 5626
f 5625 5636 5627
f 5627 5636 5638
f 5606 5607 5628
f 5607 5629 5628
f 5607 5610 5629
f 5610 5632 5629
f 5628 5629 5630
f 5629 5631 5630
f 5629 5632 5631
f 5631 5632 5634
f 5610 5611 5632
f 5611 5633 5632
f 5611 5654 5633
f 5633 5654 5708
f 5632 5633 5634
f 5633 5635 5634
f 5633 5708 5635
f 5635 5708 5710
f 5630 5631 5636
f 5631 5637 5636
f 5631 5634 5637
f 5634 5640 5637
f 5636 5637 5638
f 5637 5639 5638
f 5637 5640 5639
f 5639 5640 5642
f 5634 5635 5640
f 5635 5641 5640
f 5635 5710 5641
f 5641 5710 5716
f 5640 5641 5642
f 5641 5643 5642
f 5641 5716 5643
f 5643 5716 5718
f 2519 2520 5644
f 2520 5645 5644
f 2520 2523 5645
f 2523 5648 5645
f 5644 5645 5646
f 5645 5647 5646
f 5645 5648 5647
f 5647 5648 5650
f 2523 2524 5648
f 2524 5649 5648
f 2524 2543 5649
f 2543 5660 5649
f 5648 5649 5650
f 5649 5651 5650
f 5649 5660 5651
f 5651 5660 5662
f 5646 5647 5652
f 5647 5653 5652
f 5647 5650 5653
f 5650 5656 5653
f 5652 5653 5654
f 5653 5655 5654
f 5653 5656 5655
f 5655 5656 5658
f 5650 5651 5656
f 5651 5657 5656
f 5651 5662 5657
f 5657 5662 5676
f 5656 5657 5658
f 5657 5659 5658
f 5657 5676 5659
f 5659 5676 5678
f 2543 2544 5660
f 2544 5661 5660
f 2544 2550 5661
f 2550 5664 5661
f 5660 5661 5662
f 5661 5663 5662
f 5661 5664 5663
f 5663 5664 5669
f 2550 2551 5664
f 2551 5665 5664
f 2551 2552 5665
f 2552 2553 5667
f 2552 5666 5665
f 2552 5667 5666
f 2553 2554 5668
f 2553 5668 5667
f 5664 5665 5669
f 5665 5670 5669
f 5665 5666 5670
f 5666 5667 5672
f 5666 5671 5670
f 5666 5672 5671
f 5667 5668 5673
f 5667 5673 5672
f 2554 2556 5674
f 2554 5674 5668
f 2556 2568 5692
f 2556 5692 5674
f 5668 5674 5675
f 5668 5675 5673
f 5674 5692 5695
f 5674 5695 5675
f 5662 5663 5676
f 5663 5677 5676
f 5663 5669 5677
f 5669 5680 5677
f 5676 5677 5678
f 5677 5679 5678
f 5677 5680 5679
f 5679 5680 5685
f 5669 5670 5680
f 5670 5681 5680
f 5670 5671 5681
f 5671 5672 5683
f 5671 5682 5681
f 5671 5683 5682
f 5672 5673 5684
f 5672 5684 5683
f 5680 5681 5685
f 5681 5686 5685
f 5681 5682 5686
f 5682 5683 5688
f 5682 5687 5686
f 5682 5688 5687
f 5683 5684 5689
f 5683 5689 5688
f 5673 5675 5690
f 5673 5690 5684
f 5675 5695 5700
f 5675 5700 5690
f 5684 5690 5691
f 5684 5691 5689
f 5690 5700 5703
f 5690 5703 5691
f 2568 2569 5693
f 2568 5693 5692
f 2569 2570 5694
f 2569 5694 5693
f 5692 5693 5696
f 5692 5696 5695
f 5693 5694 5697
f 5693 5697 5696
f 2570 2572 5698
f 2570 5698 5694
f 2572 2643 5772
f 2572 5772 5698
f 5694 5698 5699
f 5694 5699 5697
f 5698 5772 5775
f 5698 5775 5699
f 5695 5696 5701
f 5695 5701 5700
f 5696 5697 5702
f 5696 5702 5701
f 5700 5701 5704
f 5700 5704 5703
f 5701 5702 5705
f 5701 5705 5704
f 5697 5699 5706
f 5697 5706 5702
f 5699 5775 5780
f 5699 5780 5706
f 5702 5706 5707
f 5702 5707 5705
f 5706 5780 5783
f 5706 5783 5707
f 5654 5655 5708
f 5655 5709 5708
f 5655 5658 5709
f 5658 5712 5709
f 5708 5709 5710
f 5709 5711 5710
f 5709 5712 5711
f 5711 5712 5714
f 5658 5659 5712
f 5659 5713 5712
f 5659 5678 5713
f 5678 5724 5713
f 5712 5713 5714
f 5713 5715 5714
f 5713 5724 5715
f 5715 5724 5726
f 5710 5711 5716
f 5711 5717 5716
f 5711 5714 5717
f 5714 5720 5717
f 5716 5717 5718
f 5717 5719 5718
f 5717 5720 5719
f 5719 5720 5722
f 5714 5715 5720
f 5715 5721 5720
f 5715 5726 5721
f 5721 5726 5740
f 5720 5721 5722
f 5721 5723 5722
f 5721 5740 5723
f 5723 5740 5742
f 5678 5679 5724
f 5679 5725 5724
f 5679 5685 5725
f 5685 5728 5725
f 5724 5725 5726
f 5725 5727 5726
f 5725 5728 5727
f 5727 5728 5733
f 5685 5686 5728
f 5686 5729 5728
f 5686 5687 5729
f 5687 5688 5731
f 5687 5730 5729
f 5687 5731 5730
f 5688 5689 5732
f 5688 5732 5731
f 5728 5729 5733
f 5729 5734 5733
f 5729 5730 5734
f 5730 5731 5736
f 5730 5735 5734
f 5730 5736 5735
f 5731 5732 5737
f 5731 5737 5736
f 5689 5691 5738
f 5689 5738 5732
f 5691 5703 5756
f 5691 5756 5738
f 5732 5738 5739
f 5732 5739 5737
f 5738 5756 5759
f 5738 5759 5739
f 5726 5727 5740
f 5727 5741 5740
f 5727 5733 5741
f 5733 5744 5741
f 5740 5741 5742
f 5741 5743 5742
f 5741 5744 5743
f 5743 5744 5749
f 5733 5734 5744
f 5734 5745 5744
f 5734 5735 5745
f 5735 5736 5747
f 5735 5746 5745
f 5735 5747 5746
f 5736 5737 5748
f 5736 5748 5747
f 5744 5745 5749
f 5745 5750 5749
f 5745 5746 5750
f 5746 5747 5752
f 5746 5751 5750
f 5746 5752 5751
f 5747 5748 5753
f 5747 5753 5752
f 5737 5739 5754
f 5737 5754 5748
f 5739 5759 5764
f 5739 5764 5754
f 5748 5754 5755
f 5748 5755 5753
f 5754 5764 5767
f 5754 5767 5755
f 5703 5704 5757
f 5703 5757 5756
f 5704 5705 5758
f 5704 5758 5757
f 5756 5757 5760
f 5756 5760 5759
f 5757 5758 5761
f 5757 5761 5760
f 5705 5707 5762
f 5705 5762 5758
f 5707 5783 5804
f 5707 5804 5762
f 5758 5762 5763
f 5758 5763 5761
f 5762 5804 5807
f 5762 5807 5763
f 5759 5760 5765
f 5759 5765 5764
f 5760 5761 5766
f 5760 5766 5765
f 5764 5765 5768
f 5764 5768 5767
f 5765 5766 5769
f 5765 5769 5768
f 5761 5763 5770
f 5761 5770 5766
f 5763 5807 5812
f 5763 5812 5770
f 5766 5770 5771
f 5766 5771 5769
f 5770 5812 5815
f 5770 5815 5771
f 2643 2644 5773
f 2643 5773 5772
f 2644 2645 5774
f 2644 5774 5773
f 5772 5773 5776
f 5772 5776 5775
f 5773 5774 5777
f 5773 5777 5776
f 2645 2647 5778
f 2645 5778 5774
f 2647 2659 5788
f 2647 5788 5778
f 5774 5778 5779
f 5774 5779 5777
f 5778 5788 5791
f 5778 5791 5779
f 5775 5776 5781
f 5775 5781 5780
f 5776 5777 5782
f 5776 5782 5781
f 5780 5781 5784
f 5780 5784 5783
f 5781 5782 5785
f 5781 5785 5784
f 5777 5779 5786
f 5777 5786 5782
f 5779 5791 5796
f 5779 5796 5786
f 5782 5786 5787
f 5782 5787 5785
f 5786 5796 5799
f 5786 5799 5787
f 2659 2660 5789
f 2659 5789 5788
f 2660 2661 5790
f 2660 5790 5789
f 5788 5789 5792
f 5788 5792 5791
f 5789 5790 5793
f 5789 5793 5792
f 2661 2663 5794
f 2661 5794 5790
f 2663 3602 6472
f 2663 6472 5794
f 5790 5794 5795
f 5790 5795 5793
f 5794 6472 6474
f 5794 6474 5795
f 5791 5792 5797
f 5791 5797 5796
f 5792 5793 5798
f 5792 5798 5797
f 5796 5797 5800
f 5796 5800 5799
f 5797 5798 5801
f 5797 5801 5800
f 5793 5795 5802
f 5793 5802 5798
f 5795 6474 6480
f 5795 6480 5802
f 5798 5802 5803
f 5798 5803 5801
f 5802 6480 6482
f 5802 6482 5803
f 5783 5784 5805
f 5783 5805 5804
f 5784 5785 5806
f 5784 5806 5805
f 5804 5805 5808
f 5804 5808 5807
f 5805 5806 5809
f 5805 5809 5808
f 5785 5787 5810
f 5785 5810 5806
f 5787 5799 5820
f 5787 5820 5810
f 5806 5810 5811
f 5806 5811 5809
f 5810 5820 5823
f 5810 5823 5811
f 5807 5808 5813
f 5807 5813 5812
f 5808 5809 5814
f 5808 5814 5813
f 5812 5813 5816
f 5812 5816 5815
f 5813 5814 5817
f 5813 5817 5816
f 5809 5811 5818
f 5809 5818 5814
f 5811 5823 5828
f 5811 5828 5818
f 5814 5818 5819
f 5814 5819 5817
f 5818 5828 5831
f 5818 5831 5819
f 5799 5800 5821
f 5799 5821 5820
f 5800 5801 5822
f 5800 5822 5821
f 5820 5821 5824
f 5820 5824 5823
f 5821 5822 5825
f 5821 5825 5824
f 5801 5803 5826
f 5801 5826 5822
f 5803 6482 6504
f 5803 6504 5826
f 5822 5826 5827
f 5822 5827 5825
f 5826 6504 6506
f 5826 6506 5827
f 5823 5824 5829
f 5823 5829 5828
f 5824 5825 5830
f 5824 5830 5829
f 5828 5829 5832
f 5828 5832 5831
f 5829 5830 5833
f 5829 5833 5832
f 5825 5827 5834
f 5825 5834 5830
f 5827 6506 6512
f 5827 6512 5834
f 5830 5834 5835
f 5830 5835 5833
f 5834 6512 6514
f 5834 6514 5835
f 5622 5623 5836
f 5623 5837 5836
f 5623 5626 5837
f 5626 5840 5837
f 5836 5837 5838
f 5837 5839 5838
f 5837 5840 5839
f 5839 5840 5842
f 5626 5627 5840
f 5627 5841 5840
f 5627 5638 5841
f 5638 5852 5841
f 5840 5841 5842
f 5841 5843 5842
f 5841 5852 5843
f 5843 5852 5854
f 5838 5839 5844
f 5839 5845 5844
f 5839 5842 5845
f 5842 5848 5845
f 5844 5845 5846
f 5845 5847 5846
f 5845 5848 5847
f 5847 5848 5850
f 5842 5843 5848
f 5843 5849 5848
f 5843 5854 5849
f 5849 5854 5860
f 5848 5849 5850
f 5849 5851 5850
f 5849 5860 5851
f 5851 5860 5862
f 5638 5639 5852
f 5639 5853 5852
f 5639 5642 5853
f 5642 5856 5853
f 5852 5853 5854
f 5853 5855 5854
f 5853 5856 5855
f 5855 5856 5858
f 5642 5643 5856
f 5643 5857 5856
f 5643 5718 5857
f 5718 6020 5857
f 5856 5857 5858
f 5857 5859 5858
f 5857 6020 5859
f 5859 6020 6022
f 5854 5855 5860
f 5855 5861 5860
f 5855 5858 5861
f 5858 5864 5861
f 5860 5861 5862
f 5861 5863 5862
f 5861 5864 5863
f 5863 5864 5866
f 5858 5859 5864
f 5859 5865 5864
f 5859 6022 5865
f 5865 6022 6028
f 5864 5865 5866
f 5865 5867 5866
f 5865 6028 5867
f 5867 6028 6030
f 5846 5847 5868
f 5847 5869 5868
f 5847 5850 5869
f 5850 5872 5869
f 5868 5869 5870
f 5869 5871 5870
f 5869 5872 5871
f 5871 5872 5874
f 5850 5851 5872
f 5851 5873 5872
f 5851 5862 5873
f 5862 5912 5873
f 5872 5873 5874
f 5873 5875 5874
f 5873 5912 5875
f 5875 5912 5914
f 5870 5871 5876
f 5871 5877 5876
f 5871 5874 5877
f 5874 5886 5877
f 5876 5877 5878
f 5878 5881 5879
f 5877 5881 5878
f 5879 5881 5882
f 5879 5882 5880
f 5880 5882 5883
f 5877 5886 5881
f 5881 5888 5882
f 5881 5886 5888
f 5882 5888 5889
f 5882 5889 5883
f 5883 5889 5890
f 5880 5883 5884
f 5883 5885 5884
f 5884 5885 5896
f 5885 5899 5896
f 5883 5890 5885
f 5885 5890 5894
f 5885 5894 5899
f 5894 5904 5899
f 5874 5875 5886
f 5875 5887 5886
f 5875 5914 5887
f 5887 5914 5920
f 5886 5887 5888
f 5888 5891 5889
f 5887 5891 5888
f 5889 5891 5892
f 5889 5892 5890
f 5890 5892 5893
f 5887 5920 5891
f 5891 5922 5892
f 5891 5920 5922
f 5892 5922 5923
f 5892 5923 5893
f 5893 5923 5924
f 5890 5893 5894
f 5893 5895 5894
f 5894 5895 5904
f 5895 5907 5904
f 5893 5924 5895
f 5895 5924 5928
f 5895 5928 5907
f 5907 5928 5940
f 5896 5899 5897
f 5897 5899 5900
f 5897 5900 5898
f 5898 5900 5901
f 5899 5904 5900
f 5900 5904 5905
f 5900 5905 5901
f 5901 5905 5906
f 5898 5901 5902
f 5901 5903 5902
f 5902 5903 5956
f 5903 5959 5956
f 5901 5906 5903
f 5903 5906 5910
f 5903 5910 5959
f 5910 5964 5959
f 5904 5907 5905
f 5905 5907 5908
f 5905 5908 5906
f 5906 5908 5909
f 5907 5940 5908
f 5908 5940 5941
f 5908 5941 5909
f 5909 5941 5942
f 5906 5909 5910
f 5909 5911 5910
f 5910 5911 5964
f 5911 5967 5964
f 5909 5942 5911
f 5911 5942 5946
f 5911 5946 5967
f 5946 5988 5967
f 5862 5863 5912
f 5863 5913 5912
f 5863 5866 5913
f 5866 5916 5913
f 5912 5913 5914
f 5913 5915 5914
f 5913 5916 5915
f 5915 5916 5918
f 5866 5867 5916
f 5867 5917 5916
f 5867 6030 5917
f 5917 6030 6084
f 5916 5917 5918
f 5917 5919 5918
f 5917 6084 5919
f 5919 6084 6086
f 5914 5915 5920
f 5915 5921 5920
f 5915 5918 5921
f 5918 5930 5921
f 5920 5921 5922
f 5922 5925 5923
f 5921 5925 5922
f 5923 5925 5926
f 5923 5926 5924
f 5924 5926 5927
f 5921 5930 5925
f 5925 5932 5926
f 5925 5930 5932
f 5926 5932 5933
f 5926 5933 5927
f 5927 5933 5934
f 5924 5927 5928
f 5927 5929 5928
f 5928 5929 5940
f 5929 5943 5940
f 5927 5934 5929
f 5929 5934 5938
f 5929 5938 5943
f 5938 5948 5943
f 5918 5919 5930
f 5919 5931 5930
f 5919 6086 5931
f 5931 6086 6092
f 5930 5931 5932
f 5932 5935 5933
f 5931 5935 5932
f 5933 5935 5936
f 5933 5936 5934
f 5934 5936 5937
f 5931 6092 5935
f 5935 6094 5936
f 5935 6092 6094
f 5936 6094 6095
f 5936 6095 5937
f 5937 6095 6098
f 5934 5937 5938
f 5937 5939 5938
f 5938 5939 5948
f 5939 5951 5948
f 5937 6098 5939
f 5939 6098 6100
f 5939 6100 5951
f 5951 6100 6112
f 5940 5943 5941
f 5941 5943 5944
f 5941 5944 5942
f 5942 5944 5945
f 5943 5948 5944
f 5944 5948 5949
f 5944 5949 5945
f 5945 5949 5950
f 5942 5945 5946
f 5945 5947 5946
f 5946 5947 5988
f 5947 5991 5988
f 5945 5950 5947
f 5947 5950 5954
f 5947 5954 5991
f 5954 5996 5991
f 5948 5951 5949
f 5949 5951 5952
f 5949 5952 5950
f 5950 5952 5953
f 5951 6112 5952
f 5952 6112 6113
f 5952 6113 5953
f 5953 6113 6116
f 5950 5953 5954
f 5953 5955 5954
f 5954 5955 5996
f 5955 5999 5996
f 5953 6116 5955
f 5955 6116 6118
f 5955 6118 5999
f 5999 6118 6236
f 5956 5959 5957
f 5957 5959 5960
f 5957 5960 5958
f 5958 5960 5961
f 5959 5964 5960
f 5960 5964 5965
f 5960 5965 5961
f 5961 5965 5966
f 5958 5961 5962
f 5961 5963 5962
f 5962 5963 5972
f 5963 5975 5972
f 5961 5966 5963
f 5963 5966 5970
f 5963 5970 5975
f 5970 5980 5975
f 5964 5967 5965
f 5965 5967 5968
f 5965 5968 5966
f 5966 5968 5969
f 5967 5988 5968
f 5968 5988 5989
f 5968 5989 5969
f 5969 5989 5990
f 5966 5969 5970
f 5969 5971 5970
f 5970 5971 5980
f 5971 5983 5980
f 5969 5990 5971
f 5971 5990 5994
f 5971 5994 5983
f 5983 5994 6004
f 5972 5975 5973
f 5973 5975 5976
f 5973 5976 5974
f 5974 5976 5977
f 5975 5980 5976
f 5976 5980 5981
f 5976 5981 5977
f 5977 5981 5982
f 5974 5977 5978
f 5977 5979 5978
f 5978 5979 6684
f 5979 6686 6684
f 5977 5982 5979
f 5979 5982 5986
f 5979 5986 6686
f 5986 6692 6686
f 5980 5983 5981
f 5981 5983 5984
f 5981 5984 5982
f 5982 5984 5985
f 5983 6004 5984
f 5984 6004 6005
f 5984 6005 5985
f 5985 6005 6006
f 5982 5985 5986
f 5985 5987 5986
f 5986 5987 6692
f 5987 6694 6692
f 5985 6006 5987
f 5987 6006 6010
f 5987 6010 6694
f 6010 6716 6694
f 5988 5991 5989
f 5989 5991 5992
f 5989 5992 5990
f 5990 5992 5993
f 5991 5996 5992
f 5992 5996 5997
f 5992 5997 5993
f 5993 5997 5998
f 5990 5993 5994
f 5993 5995 5994
f 5994 5995 6004
f 5995 6007 6004
f 5993 5998 5995
f 5995 5998 6002
f 5995 6002 6007
f 6002 6012 6007
f 5996 5999 5997
f 5997 5999 6000
f 5997 6000 5998
f 5998 6000 6001
f 5999 6236 6000
f 6000 6236 6237
f 6000 6237 6001
f 6001 6237 6240
f 5998 6001 6002
f 6001 6003 6002
f 6002 6003 6012
f 6003 6015 6012
f 6001 6240 6003
f 6003 6240 6242
f 6003 6242 6015
f 6015 6242 6252
f 6004 6007 6005
f 6005 6007 6008
f 6005 6008 6006
f 6006 6008 6009
f 6007 6012 6008
f 6008 6012 6013
f 6008 6013 6009
f 6009 6013 6014
f 6006 6009 6010
f 6009 6011 6010
f 6010 6011 6716
f 6011 6718 6716
f 6009 6014 6011
f 6011 6014 6018
f 6011 6018 6718
f 6018 6724 6718
f 6012 6015 6013
f 6013 6015 6016
f 6013 6016 6014
f 6014 6016 6017
f 6015 6252 6016
f 6016 6252 6253
f 6016 6253 6017
f 6017 6253 6256
f 6014 6017 6018
f 6017 6019 6018
f 6018 6019 6724
f 6019 6726 6724
f 6017 6256 6019
f 6019 6256 6258
f 6019 6258 6726
f 6258 6908 6726
f 5718 5719 6020
f 5719 6021 6020
f 5719 5722 6021
f 5722 6024 6021
f 6020 6021 6022
f 6021 6023 6022
f 6021 6024 6023
f 6023 6024 6026
f 5722 5723 6024
f 5723 6025 6024
f 5723 5742 6025
f 5742 6036 6025
f 6024 6025 6026
f 6025 6027 6026
f 6025 6036 6027
f 6027 6036 6038
f 6022 6023 6028
f 6023 6029 6028
f 6023 6026 6029
f 6026 6032 6029
f 6028 6029 6030
f 6029 6031 6030
f 6029 6032 6031
f 6031 6032 6034
f 6026 6027 6032
f 6027 6033 6032
f 6027 6038 6033
f 6033 6038 6052
f 6032 6033 6034
f 6033 6035 6034
f 6033 6052 6035
f 6035 6052 6054
f 5742 5743 6036
f 5743 6037 6036
f 5743 5749 6037
f 5749 6040 6037
f 6036 6037 6038
f 6037 6039 6038
f 6037 6040 6039
f 6039 6040 6045
f 5749 5750 6040
f 5750 6041 6040
f 5750 5751 6041
f 5751 5752 6043
f 5751 6042 6041
f 5751 6043 6042
f 5752 5753 6044
f 5752 6044 6043
f 6040 6041 6045
f 6041 6046 6045
f 6041 6042 6046
f 6042 6043 6048
f 6042 6047 6046
f 6042 6048 6047
f 6043 6044 6049
f 6043 6049 6048
f 5753 5755 6050
f 5753 6050 6044
f 5755 5767 6068
f 5755 6068 6050
f 6044 6050 6051
f 6044 6051 6049
f 6050 6068 6071
f 6050 6071 6051
f 6038 6039 6052
f 6039 6053 6052
f 6039 6045 6053
f 6045 6056 6053
f 6052 6053 6054
f 6053 6055 6054
f 6053 6056 6055
f 6055 6056 6061
f 6045 6046 6056
f 6046 6057 6056
f 6046 6047 6057
f 6047 6048 6059
f 6047 6058 6057
f 6047 6059 6058
f 6048 6049 6060
f 6048 6060 6059
f 6056 6057 6061
f 6057 6062 6061
f 6057 6058 6062
f 6058 6059 6064
f 6058 6063 6062
f 6058 6064 6063
f 6059 6060 6065
f 6059 6065 6064
f 6049 6051 6066
f 6049 6066 6060
f 6051 6071 6076
f 6051 6076 6066
f 6060 6066 6067
f 6060 6067 6065
f 6066 6076 6079
f 6066 6079 6067
f 5767 5768 6069
f 5767 6069 6068
f 5768 5769 6070
f 5768 6070 6069
f 6068 6069 6072
f 6068 6072 6071
f 6069 6070 6073
f 6069 6073 6072
f 5769 5771 6074
f 5769 6074 6070
f 5771 5815 6204
f 5771 6204 6074
f 6070 6074 6075
f 6070 6075 6073
f 6074 6204 6207
f 6074 6207 6075
f 6071 6072 6077
f 6071 6077 6076
f 6072 6073 6078
f 6072 6078 6077
f 6076 6077 6080
f 6076 6080 6079
f 6077 6078 6081
f 6077 6081 6080
f 6073 6075 6082
f 6073 6082 6078
f 6075 6207 6212
f 6075 6212 6082
f 6078 6082 6083
f 6078 6083 6081
f 6082 6212 6215
f 6082 6215 6083
f 6030 6031 6084
f 6031 6085 6084
f 6031 6034 6085
f 6034 6088 6085
f 6084 6085 6086
f 6085 6087 6086
f 6085 6088 6087
f 6087 6088 6090
f 6034 6035 6088
f 6035 6089 6088
f 6035 6054 6089
f 6054 6128 6089
f 6088 6089 6090
f 6089 6091 6090
f 6089 6128 6091
f 6091 6128 6130
f 6086 6087 6092
f 6087 6093 6092
f 6087 6090 6093
f 6090 6102 6093
f 6092 6093 6094
f 6094 6096 6095
f 6093 6096 6094
f 6095 6096 6097
f 6095 6097 6098
f 6097 6099 6098
f 6093 6102 6096
f 6096 6104 6097
f 6096 6102 6104
f 6097 6104 6105
f 6097 6105 6099
f 6099 6105 6106
f 6098 6099 6100
f 6099 6101 6100
f 6100 6101 6112
f 6101 6114 6112
f 6099 6106 6101
f 6101 6106 6110
f 6101 6110 6114
f 6110 6120 6114
f 6090 6091 6102
f 6091 6103 6102
f 6091 6130 6103
f 6103 6130 6144
f 6102 6103 6104
f 6104 6107 6105
f 6103 6107 6104
f 6105 6107 6108
f 6105 6108 6106
f 6106 6108 6109
f 6103 6144 6107
f 6107 6146 6108
f 6107 6144 6146
f 6108 6146 6147
f 6108 6147 6109
f 6109 6147 6150
f 6106 6109 6110
f 6109 6111 6110
f 6110 6111 6120
f 6111 6123 6120
f 6109 6150 6111
f 6111 6150 6152
f 6111 6152 6123
f 6123 6152 6180
f 6112 6114 6113
f 6113 6114 6115
f 6113 6115 6116
f 6115 6117 6116
f 6114 6120 6115
f 6115 6120 6121
f 6115 6121 6117
f 6117 6121 6122
f 6116 6117 6118
f 6117 6119 6118
f 6118 6119 6236
f 6119 6238 6236
f 6117 6122 6119
f 6119 6122 6126
f 6119 6126 6238
f 6126 6244 6238
f 6120 6123 6121
f 6121 6123 6124
f 6121 6124 6122
f 6122 6124 6125
f 6123 6180 6124
f 6124 6180 6181
f 6124 6181 6125
f 6125 6181 6184
f 6122 6125 6126
f 6125 6127 6126
f 6126 6127 6244
f 6127 6247 6244
f 6125 6184 6127
f 6127 6184 6186
f 6127 6186 6247
f 6186 6276 6247
f 6054 6055 6128
f 6055 6129 6128
f 6055 6061 6129
f 6061 6132 6129
f 6128 6129 6130
f 6129 6131 6130
f 6129 6132 6131
f 6131 6132 6137
f 6061 6062 6132
f 6062 6133 6132
f 6062 6063 6133
f 6063 6064 6135
f 6063 6134 6133
f 6063 6135 6134
f 6064 6065 6136
f 6064 6136 6135
f 6132 6133 6137
f 6133 6138 6137
f 6133 6134 6138
f 6134 6135 6140
f 6134 6139 6138
f 6134 6140 6139
f 6135 6136 6141
f 6135 6141 6140
f 6065 6067 6142
f 6065 6142 6136
f 6067 6079 6172
f 6067 6172 6142
f 6136 6142 6143
f 6136 6143 6141
f 6142 6172 6175
f 6142 6175 6143
f 6130 6131 6144
f 6131 6145 6144
f 6131 6137 6145
f 6137 6154 6145
f 6144 6145 6146
f 6146 6148 6147
f 6145 6148 6146
f 6147 6148 6149
f 6147 6149 6150
f 6149 6151 6150
f 6145 6154 6148
f 6148 6159 6149
f 6148 6154 6159
f 6149 6159 6160
f 6149 6160 6151
f 6151 6160 6161
f 6150 6151 6152
f 6151 6153 6152
f 6152 6153 6180
f 6153 6182 6180
f 6151 6161 6153
f 6153 6161 6169
f 6153 6169 6182
f 6169 6191 6182
f 6137 6138 6154
f 6138 6155 6154
f 6138 6139 6155
f 6139 6140 6157
f 6139 6156 6155
f 6139 6157 6156
f 6140 6141 6158
f 6140 6158 6157
f 6154 6155 6159
f 6159 6162 6160
f 6155 6162 6159
f 6160 6162 6163
f 6160 6163 6161
f 6161 6163 6166
f 6155 6156 6162
f 6156 6157 6165
f 6162 6164 6163
f 6156 6164 6162
f 6156 6165 6164
f 6163 6164 6165
f 6157 6158 6167
f 6163 6165 6166
f 6157 6167 6165
f 6165 6167 6166
f 6141 6143 6168
f 6141 6168 6158
f 6143 6175 6188
f 6143 6188 6168
f 6161 6166 6169
f 6166 6170 6169
f 6169 6170 6191
f 6170 6194 6191
f 6158 6168 6171
f 6166 6167 6170
f 6158 6171 6167
f 6167 6171 6170
f 6168 6188 6196
f 6170 6171 6194
f 6168 6196 6171
f 6171 6196 6194
f 6079 6080 6173
f 6079 6173 6172
f 6080 6081 6174
f 6080 6174 6173
f 6172 6173 6176
f 6172 6176 6175
f 6173 6174 6177
f 6173 6177 6176
f 6081 6083 6178
f 6081 6178 6174
f 6083 6215 6268
f 6083 6268 6178
f 6174 6178 6179
f 6174 6179 6177
f 6178 6268 6271
f 6178 6271 6179
f 6180 6182 6181
f 6181 6182 6183
f 6181 6183 6184
f 6183 6185 6184
f 6182 6191 6183
f 6183 6191 6192
f 6183 6192 6185
f 6185 6192 6193
f 6184 6185 6186
f 6185 6187 6186
f 6186 6187 6276
f 6187 6278 6276
f 6185 6193 6187
f 6187 6193 6201
f 6187 6201 6278
f 6201 6287 6278
f 6175 6176 6189
f 6175 6189 6188
f 6176 6177 6190
f 6176 6190 6189
f 6191 6194 6192
f 6192 6194 6195
f 6192 6195 6193
f 6193 6195 6198
f 6188 6189 6197
f 6194 6196 6195
f 6188 6197 6196
f 6195 6196 6197
f 6189 6190 6199
f 6195 6197 6198
f 6189 6199 6197
f 6197 6199 6198
f 6177 6179 6200
f 6177 6200 6190
f 6179 6271 6284
f 6179 6284 6200
f 6193 6198 6201
f 6198 6202 6201
f 6201 6202 6287
f 6202 6290 6287
f 6190 6200 6203
f 6198 6199 6202
f 6190 6203 6199
f 6199 6203 6202
f 6200 6284 6292
f 6202 6203 6290
f 6200 6292 6203
f 6203 6292 6290
f 5815 5816 6205
f 5815 6205 6204
f 5816 5817 6206
f 5816 6206 6205
f 6204 6205 6208
f 6204 6208 6207
f 6205 6206 6209
f 6205 6209 6208
f 5817 5819 6210
f 5817 6210 6206
f 5819 5831 6220
f 5819 6220 6210
f 6206 6210 6211
f 6206 6211 6209
f 6210 6220 6223
f 6210 6223 6211
f 6207 6208 6213
f 6207 6213 6212
f 6208 6209 6214
f 6208 6214 6213
f 6212 6213 6216
f 6212 6216 6215
f 6213 6214 6217
f 6213 6217 6216
f 6209 6211 6218
f 6209 6218 6214
f 6211 6223 6228
f 6211 6228 6218
f 6214 6218 6219
f 6214 6219 6217
f 6218 6228 6231
f 6218 6231 6219
f 5831 5832 6221
f 5831 6221 6220
f 5832 5833 6222
f 5832 6222 6221
f 6220 6221 6224
f 6220 6224 6223
f 6221 6222 6225
f 6221 6225 6224
f 5833 5835 6226
f 5833 6226 6222
f 5835 6514 6876
f 5835 6876 6226
f 6222 6226 6227
f 6222 6227 6225
f 6226 6876 6878
f 6226 6878 6227
f 6223 6224 6229
f 6223 6229 6228
f 6224 6225 6230
f 6224 6230 6229
f 6228 6229 6232
f 6228 6232 6231
f 6229 6230 6233
f 6229 6233 6232
f 6225 6227 6234
f 6225 6234 6230
f 6227 6878 6884
f 6227 6884 6234
f 6230 6234 6235
f 6230 6235 6233
f 6234 6884 6886
f 6234 6886 6235
f 6236 6238 6237
f 6237 6238 6239
f 6237 6239 6240
f 6239 6241 6240
f 6238 6244 6239
f 6239 6244 6245
f 6239 6245 6241
f 6241 6245 6246
f 6240 6241 6242
f 6241 6243 6242
f 6242 6243 6252
f 6243 6254 6252
f 6241 6246 6243
f 6243 6246 6250
f 6243 6250 6254
f 6250 6260 6254
f 6244 6247 6245
f 6245 6247 6248
f 6245 6248 6246
f 6246 6248 6249
f 6247 6276 6248
f 6248 6276 6277
f 6248 6277 6249
f 6249 6277 6280
f 6246 6249 6250
f 6249 6251 6250
f 6250 6251 6260
f 6251 6263 6260
f 6249 6280 6251
f 6251 6280 6282
f 6251 6282 6263
f 6263 6282 6308
f 6252 6254 6253
f 6253 6254 6255
f 6253 6255 6256
f 6255 6257 6256
f 6254 6260 6255
f 6255 6260 6261
f 6255 6261 6257
f 6257 6261 6262
f 6256 6257 6258
f 6257 6259 6258
f 6258 6259 6908
f 6259 6910 6908
f 6257 6262 6259
f 6259 6262 6266
f 6259 6266 6910
f 6266 6916 6910
f 6260 6263 6261
f 6261 6263 6264
f 6261 6264 6262
f 6262 6264 6265
f 6263 6308 6264
f 6264 6308 6309
f 6264 6309 6265
f 6265 6309 6312
f 6262 6265 6266
f 6265 6267 6266
f 6266 6267 6916
f 6267 6918 6916
f 6265 6312 6267
f 6267 6312 6314
f 6267 6314 6918
f 6314 6948 6918
f 6215 6216 6269
f 6215 6269 6268
f 6216 6217 6270
f 6216 6270 6269
f 6268 6269 6272
f 6268 6272 6271
f 6269 6270 6273
f 6269 6273 6272
f 6217 6219 6274
f 6217 6274 6270
f 6219 6231 6300
f 6219 6300 6274
f 6270 6274 6275
f 6270 6275 6273
f 6274 6300 6303
f 6274 6303 6275
f 6276 6278 6277
f 6277 6278 6279
f 6277 6279 6280
f 6279 6281 6280
f 6278 6287 6279
f 6279 6287 6288
f 6279 6288 6281
f 6281 6288 6289
f 6280 6281 6282
f 6281 6283 6282
f 6282 6283 6308
f 6283 6310 6308
f 6281 6289 6283
f 6283 6289 6297
f 6283 6297 6310
f 6297 6319 6310
f 6271 6272 6285
f 6271 6285 6284
f 6272 6273 6286
f 6272 6286 6285
f 6287 6290 6288
f 6288 6290 6291
f 6288 6291 6289
f 6289 6291 6294
f 6284 6285 6293
f 6290 6292 6291
f 6284 6293 6292
f 6291 6292 6293
f 6285 6286 6295
f 6291 6293 6294
f 6285 6295 6293
f 6293 6295 6294
f 6273 6275 6296
f 6273 6296 6286
f 6275 6303 6316
f 6275 6316 6296
f 6289 6294 6297
f 6294 6298 6297
f 6297 6298 6319
f 6298 6322 6319
f 6286 6296 6299
f 6294 6295 6298
f 6286 6299 6295
f 6295 6299 6298
f 6296 6316 6324
f 6298 6299 6322
f 6296 6324 6299
f 6299 6324 6322
f 6231 6232 6301
f 6231 6301 6300
f 6232 6233 6302
f 6232 6302 6301
f 6300 6301 6304
f 6300 6304 6303
f 6301 6302 6305
f 6301 6305 6304
f 6233 6235 6306
f 6233 6306 6302
f 6235 6886 6940
f 6235 6940 6306
f 6302 6306 6307
f 6302 6307 6305
f 6306 6940 6942
f 6306 6942 6307
f 6308 6310 6309
f 6309 6310 6311
f 6309 6311 6312
f 6311 6313 6312
f 6310 6319 6311
f 6311 6319 6320
f 6311 6320 6313
f 6313 6320 6321
f 6312 6313 6314
f 6313 6315 6314
f 6314 6315 6948
f 6315 6950 6948
f 6313 6321 6315
f 6315 6321 6329
f 6315 6329 6950
f 6329 6958 6950
f 6303 6304 6317
f 6303 6317 6316
f 6304 6305 6318
f 6304 6318 6317
f 6319 6322 6320
f 6320 6322 6323
f 6320 6323 6321
f 6321 6323 6326
f 6316 6317 6325
f 6322 6324 6323
f 6316 6325 6324
f 6323 6324 6325
f 6317 6318 6327
f 6323 6325 6326
f 6317 6327 6325
f 6325 6327 6326
f 6305 6307 6328
f 6305 6328 6318
f 6307 6942 6956
f 6307 6956 6328
f 6321 6326 6329
f 6326 6330 6329
f 6329 6330 6958
f 6330 6960 6958
f 6318 6328 6331
f 6326 6327 6330
f 6318 6331 6327
f 6327 6331 6330
f 6328 6956 6962
f 6330 6331 6960
f 6328 6962 6331
f 6331 6962 6960
f 3491 6354 6355
f 3491 6355 6356
f 3491 6356 6357
f 6357 6356 6359
f 3491 6380 3525
f 3491 6357 6380
f 6357 6359 6360
f 6357 6360 6361
f 6361 6360 6367
f 6357 6382 6380
f 6357 6361 6382
f 6361 6367 6368
f 6361 6368 6369
f 6361 6369 6370
f 6370 6369 6373
f 6361 6390 6382
f 6361 6370 6390
f 6370 6373 6376
f 6376 6373 6374
f 6376 6374 6375
f 6376 6375 6409
f 6370 6392 6390
f 6370 6376 6392
f 3525 6381 3526
f 3525 6380 6381
f 3526 6386 3544
f 3526 6381 6386
f 6380 6383 6381
f 6380 6382 6383
f 6381 6388 6386
f 6381 6383 6388
f 3544 6387 3547
f 3544 6386 6387
f 3547 6548 3760
f 3547 6387 6548
f 6386 6389 6387
f 6386 6388 6389
f 6387 6550 6548
f 6387 6389 6550
f 6382 6391 6383
f 6382 6390 6391
f 6383 6394 6388
f 6383 6391 6394
f 6390 6393 6391
f 6390 6392 6393
f 6391 6396 6394
f 6391 6393 6396
f 6388 6395 6389
f 6388 6394 6395
f 6389 6556 6550
f 6389 6395 6556
f 6394 6397 6395
f 6394 6396 6397
f 6395 6558 6556
f 6395 6397 6558
f 6416 6415 6406
f 6414 6409 6410
f 6376 6409 6414
f 6414 6410 6411
f 6414 6411 6412
f 6414 6412 6413
f 6376 6439 6392
f 6376 6414 6439
f 6414 6413 6415
f 6417 6415 6416
f 6414 6415 6417
f 6414 6441 6439
f 6414 6417 6441
f 6416 6406 6435
f 6435 6406 6422
f 6435 6424 6426
f 6435 6425 6424
f 6435 6422 6425
f 6435 6426 6428
f 6434 6428 6429
f 6434 6432 5009
f 6433 6434 5009
f 6434 6430 6432
f 6434 6429 6430
f 6435 6428 6437
f 6434 6437 6428
f 6416 6436 6417
f 6416 6435 6436
f 6417 6447 6441
f 6417 6436 6447
f 6435 6438 6436
f 6435 6437 6438
f 6436 6449 6447
f 6436 6438 6449
f 6392 6440 6393
f 6392 6439 6440
f 6393 6443 6396
f 6393 6440 6443
f 6439 6442 6440
f 6439 6441 6442
f 6440 6445 6443
f 6440 6442 6445
f 6396 6444 6397
f 6396 6443 6444
f 6397 6616 6558
f 6397 6444 6616
f 6443 6446 6444
f 6443 6445 6446
f 6444 6618 6616
f 6444 6446 6618
f 6441 6448 6442
f 6441 6447 6448
f 6442 6451 6445
f 6442 6448 6451
f 6447 6450 6448
f 6447 6449 6450
f 6448 6453 6451
f 6448 6450 6453
f 6445 6452 6446
f 6445 6451 6452
f 6446 6624 6618
f 6446 6452 6624
f 6451 6454 6452
f 6451 6453 6454
f 6452 6626 6624
f 6452 6454 6626
f 3602 3603 6473
f 3602 6473 6472
f 3603 3606 6476
f 3603 6476 6473
f 6472 6473 6475
f 6472 6475 6474
f 6473 6476 6478
f 6473 6478 6475
f 3606 3607 6477
f 3606 6477 6476
f 3607 3618 6488
f 3607 6488 6477
f 6476 6477 6479
f 6476 6479 6478
f 6477 6488 6490
f 6477 6490 6479
f 6474 6475 6481
f 6474 6481 6480
f 6475 6478 6484
f 6475 6484 6481
f 6480 6481 6483
f 6480 6483 6482
f 6481 6484 6486
f 6481 6486 6483
f 6478 6479 6485
f 6478 6485 6484
f 6479 6490 6496
f 6479 6496 6485
f 6484 6485 6487
f 6484 6487 6486
f 6485 6496 6498
f 6485 6498 6487
f 3618 3619 6489
f 3618 6489 6488
f 3619 3622 6492
f 3619 6492 6489
f 6488 6489 6491
f 6488 6491 6490
f 6489 6492 6494
f 6489 6494 6491
f 3622 3623 6493
f 3622 6493 6492
f 3623 3781 6564
f 3623 6564 6493
f 6492 6493 6495
f 6492 6495 6494
f 6493 6564 6566
f 6493 6566 6495
f 6490 6491 6497
f 6490 6497 6496
f 6491 6494 6500
f 6491 6500 6497
f 6496 6497 6499
f 6496 6499 6498
f 6497 6500 6502
f 6497 6502 6499
f 6494 6495 6501
f 6494 6501 6500
f 6495 6566 6572
f 6495 6572 6501
f 6500 6501 6503
f 6500 6503 6502
f 6501 6572 6574
f 6501 6574 6503
f 6482 6483 6505
f 6482 6505 6504
f 6483 6486 6508
f 6483 6508 6505
f 6504 6505 6507
f 6504 6507 6506
f 6505 6508 6510
f 6505 6510 6507
f 6486 6487 6509
f 6486 6509 6508
f 6487 6498 6520
f 6487 6520 6509
f 6508 6509 6511
f 6508 6511 6510
f 6509 6520 6522
f 6509 6522 6511
f 6506 6507 6513
f 6506 6513 6512
f 6507 6510 6516
f 6507 6516 6513
f 6512 6513 6515
f 6512 6515 6514
f 6513 6516 6518
f 6513 6518 6515
f 6510 6511 6517
f 6510 6517 6516
f 6511 6522 6528
f 6511 6528 6517
f 6516 6517 6519
f 6516 6519 6518
f 6517 6528 6530
f 6517 6530 6519
f 6498 6499 6521
f 6498 6521 6520
f 6499 6502 6524
f 6499 6524 6521
f 6520 6521 6523
f 6520 6523 6522
f 6521 6524 6526
f 6521 6526 6523
f 6502 6503 6525
f 6502 6525 6524
f 6503 6574 6632
f 6503 6632 6525
f 6524 6525 6527
f 6524 6527 6526
f 6525 6632 6634
f 6525 6634 6527
f 6522 6523 6529
f 6522 6529 6528
f 6523 6526 6532
f 6523 6532 6529
f 6528 6529 6531
f 6528 6531 6530
f 6529 6532 6534
f 6529 6534 6531
f 6526 6527 6533
f 6526 6533 6532
f 6527 6634 6640
f 6527 6640 6533
f 6532 6533 6535
f 6532 6535 6534
f 6533 6640 6642
f 6533 6642 6535
f 3760 6549 3761
f 3760 6548 6549
f 3761 6552 3769
f 3761 6549 6552
f 6548 6551 6549
f 6548 6550 6551
f 6549 6554 6552
f 6549 6551 6554
f 3769 6553 3770
f 3769 6552 6553
f 3770 6580 3807
f 3770 6553 6580
f 6552 6555 6553
f 6552 6554 6555
f 6553 6582 6580
f 6553 6555 6582
f 6550 6557 6551
f 6550 6556 6557
f 6551 6560 6554
f 6551 6557 6560
f 6556 6559 6557
f 6556 6558 6559
f 6557 6562 6560
f 6557 6559 6562
f 6554 6561 6555
f 6554 6560 6561
f 6555 6598 6582
f 6555 6561 6598
f 6560 6563 6561
f 6560 6562 6563
f 6561 6600 6598
f 6561 6563 6600
f 3781 3782 6565
f 3781 6565 6564
f 3782 3785 6568
f 3782 6568 6565
f 6564 6565 6567
f 6564 6567 6566
f 6565 6568 6570
f 6565 6570 6567
f 3785 3786 6569
f 3785 6569 6568
f 3786 3811 6584
f 3786 6584 6569
f 6568 6569 6571
f 6568 6571 6570
f 6569 6584 6586
f 6569 6586 6571
f 6566 6567 6573
f 6566 6573 6572
f 6567 6570 6576
f 6567 6576 6573
f 6572 6573 6575
f 6572 6575 6574
f 6573 6576 6578
f 6573 6578 6575
f 6570 6571 6577
f 6570 6577 6576
f 6571 6586 6602
f 6571 6602 6577
f 6576 6577 6579
f 6576 6579 6578
f 6577 6602 6604
f 6577 6604 6579
f 3807 6581 3808
f 3807 6580 6581
f 3808 6588 3818
f 3808 6581 6588
f 6580 6583 6581
f 6580 6582 6583
f 6581 6593 6588
f 6581 6583 6593
f 3811 3812 6585
f 3811 6585 6584
f 3812 3819 6589
f 3812 6589 6585
f 6584 6585 6587
f 6584 6587 6586
f 6585 6589 6594
f 6585 6594 6587
f 3818 6590 3820
f 3818 6588 6590
f 3819 3821 6591
f 3819 6591 6589
f 3820 6592 3822
f 3821 3822 6592
f 3820 6590 6592
f 3821 6592 6591
f 6588 6595 6590
f 6588 6593 6595
f 6589 6591 6596
f 6589 6596 6594
f 6590 6597 6592
f 6591 6592 6597
f 6590 6595 6597
f 6591 6597 6596
f 6582 6599 6583
f 6582 6598 6599
f 6583 6606 6593
f 6583 6599 6606
f 6598 6601 6599
f 6598 6600 6601
f 6599 6611 6606
f 6599 6601 6611
f 6586 6587 6603
f 6586 6603 6602
f 6587 6594 6607
f 6587 6607 6603
f 6602 6603 6605
f 6602 6605 6604
f 6603 6607 6612
f 6603 6612 6605
f 6593 6608 6595
f 6593 6606 6608
f 6594 6596 6609
f 6594 6609 6607
f 6595 6610 6597
f 6596 6597 6610
f 6595 6608 6610
f 6596 6610 6609
f 6606 6613 6608
f 6606 6611 6613
f 6607 6609 6614
f 6607 6614 6612
f 6608 6615 6610
f 6609 6610 6615
f 6608 6613 6615
f 6609 6615 6614
f 6558 6617 6559
f 6558 6616 6617
f 6559 6620 6562
f 6559 6617 6620
f 6616 6619 6617
f 6616 6618 6619
f 6617 6622 6620
f 6617 6619 6622
f 6562 6621 6563
f 6562 6620 6621
f 6563 6648 6600
f 6563 6621 6648
f 6620 6623 6621
f 6620 6622 6623
f 6621 6650 6648
f 6621 6623 6650
f 6618 6625 6619
f 6618 6624 6625
f 6619 6628 6622
f 6619 6625 6628
f 6624 6627 6625
f 6624 6626 6627
f 6625 6630 6628
f 6625 6627 6630
f 6622 6629 6623
f 6622 6628 6629
f 6623 6666 6650
f 6623 6629 6666
f 6628 6631 6629
f 6628 6630 6631
f 6629 6668 6666
f 6629 6631 6668
f 6574 6575 6633
f 6574 6633 6632
f 6575 6578 6636
f 6575 6636 6633
f 6632 6633 6635
f 6632 6635 6634
f 6633 6636 6638
f 6633 6638 6635
f 6578 6579 6637
f 6578 6637 6636
f 6579 6604 6652
f 6579 6652 6637
f 6636 6637 6639
f 6636 6639 6638
f 6637 6652 6654
f 6637 6654 6639
f 6634 6635 6641
f 6634 6641 6640
f 6635 6638 6644
f 6635 6644 6641
f 6640 6641 6643
f 6640 6643 6642
f 6641 6644 6646
f 6641 6646 6643
f 6638 6639 6645
f 6638 6645 6644
f 6639 6654 6670
f 6639 6670 6645
f 6644 6645 6647
f 6644 6647 6646
f 6645 6670 6672
f 6645 6672 6647
f 6600 6649 6601
f 6600 6648 6649
f 6601 6656 6611
f 6601 6649 6656
f 6648 6651 6649
f 6648 6650 6651
f 6649 6661 6656
f 6649 6651 6661
f 6604 6605 6653
f 6604 6653 6652
f 6605 6612 6657
f 6605 6657 6653
f 6652 6653 6655
f 6652 6655 6654
f 6653 6657 6662
f 6653 6662 6655
f 6611 6658 6613
f 6611 6656 6658
f 6612 6614 6659
f 6612 6659 6657
f 6613 6660 6615
f 6614 6615 6660
f 6613 6658 6660
f 6614 6660 6659
f 6656 6663 6658
f 6656 6661 6663
f 6657 6659 6664
f 6657 6664 6662
f 6658 6665 6660
f 6659 6660 6665
f 6658 6663 6665
f 6659 6665 6664
f 6650 6667 6651
f 6650 6666 6667
f 6651 6674 6661
f 6651 6667 6674
f 6666 6669 6667
f 6666 6668 6669
f 6667 6679 6674
f 6667 6669 6679
f 6654 6655 6671
f 6654 6671 6670
f 6655 6662 6675
f 6655 6675 6671
f 6670 6671 6673
f 6670 6673 6672
f 6671 6675 6680
f 6671 6680 6673
f 6661 6676 6663
f 6661 6674 6676
f 6662 6664 6677
f 6662 6677 6675
f 6663 6678 6665
f 6664 6665 6678
f 6663 6676 6678
f 6664 6678 6677
f 6674 6681 6676
f 6674 6679 6681
f 6675 6677 6682
f 6675 6682 6680
f 6676 6683 6678
f 6677 6678 6683
f 6676 6681 6683
f 6677 6683 6682
f 6684 6686 6685
f 6685 6686 6687
f 6685 6687 6688
f 6687 6690 6688
f 6686 6692 6687
f 6687 6692 6693
f 6687 6693 6690
f 6690 6693 6696
f 6688 6690 6689
f 6689 6690 6691
f 6689 6691 6700
f 6691 6702 6700
f 6690 6696 6691
f 6691 6696 6697
f 6691 6697 6702
f 6697 6708 6702
f 6692 6694 6693
f 6693 6694 6695
f 6693 6695 6696
f 6695 6698 6696
f 6694 6716 6695
f 6695 6716 6717
f 6695 6717 6698
f 6698 6717 6720
f 6696 6698 6697
f 6697 6698 6699
f 6697 6699 6708
f 6699 6710 6708
f 6698 6720 6699
f 6699 6720 6721
f 6699 6721 6710
f 6710 6721 6732
f 6700 6702 6701
f 6701 6702 6703
f 6701 6703 6704
f 6703 6706 6704
f 6702 6708 6703
f 6703 6708 6709
f 6703 6709 6706
f 6706 6709 6712
f 6704 6706 6705
f 6705 6706 6707
f 6705 6707 6780
f 6707 6782 6780
f 6706 6712 6707
f 6707 6712 6713
f 6707 6713 6782
f 6713 6788 6782
f 6708 6710 6709
f 6709 6710 6711
f 6709 6711 6712
f 6711 6714 6712
f 6710 6732 6711
f 6711 6732 6733
f 6711 6733 6714
f 6714 6733 6736
f 6712 6714 6713
f 6713 6714 6715
f 6713 6715 6788
f 6715 6790 6788
f 6714 6736 6715
f 6715 6736 6737
f 6715 6737 6790
f 6737 6828 6790
f 6716 6718 6717
f 6717 6718 6719
f 6717 6719 6720
f 6719 6722 6720
f 6718 6724 6719
f 6719 6724 6725
f 6719 6725 6722
f 6722 6725 6728
f 6720 6722 6721
f 6721 6722 6723
f 6721 6723 6732
f 6723 6734 6732
f 6722 6728 6723
f 6723 6728 6729
f 6723 6729 6734
f 6729 6740 6734
f 6724 6726 6725
f 6725 6726 6727
f 6725 6727 6728
f 6727 6730 6728
f 6726 6908 6727
f 6727 6908 6909
f 6727 6909 6730
f 6730 6909 6912
f 6728 6730 6729
f 6729 6730 6731
f 6729 6731 6740
f 6731 6742 6740
f 6730 6912 6731
f 6731 6912 6913
f 6731 6913 6742
f 6742 6913 6924
f 6732 6734 6733
f 6733 6734 6735
f 6733 6735 6736
f 6735 6738 6736
f 6734 6740 6735
f 6735 6740 6741
f 6735 6741 6738
f 6738 6741 6744
f 6736 6738 6737
f 6737 6738 6739
f 6737 6739 6828
f 6739 6830 6828
f 6738 6744 6739
f 6739 6744 6745
f 6739 6745 6830
f 6745 6836 6830
f 6740 6742 6741
f 6741 6742 6743
f 6741 6743 6744
f 6743 6746 6744
f 6742 6924 6743
f 6743 6924 6925
f 6743 6925 6746
f 6746 6925 6928
f 6744 6746 6745
f 6745 6746 6747
f 6745 6747 6836
f 6747 6838 6836
f 6746 6928 6747
f 6747 6928 6929
f 6747 6929 6838
f 6838 6929 7072
f 6433 6749 6434
f 6433 6748 6749
f 6434 6752 6437
f 6434 6749 6752
f 6748 6751 6749
f 6748 6750 6751
f 6749 6754 6752
f 6749 6751 6754
f 6437 6753 6438
f 6437 6752 6753
f 6438 6764 6449
f 6438 6753 6764
f 6752 6755 6753
f 6752 6754 6755
f 6753 6766 6764
f 6753 6755 6766
f 6750 6757 6751
f 6750 6756 6757
f 6751 6760 6754
f 6751 6757 6760
f 6756 6759 6757
f 6756 6758 6759
f 6757 6762 6760
f 6757 6759 6762
f 6754 6761 6755
f 6754 6760 6761
f 6755 6772 6766
f 6755 6761 6772
f 6760 6763 6761
f 6760 6762 6763
f 6761 6774 6772
f 6761 6763 6774
f 6449 6765 6450
f 6449 6764 6765
f 6450 6768 6453
f 6450 6765 6768
f 6764 6767 6765
f 6764 6766 6767
f 6765 6770 6768
f 6765 6767 6770
f 6453 6769 6454
f 6453 6768 6769
f 6454 7004 6626
f 6454 6769 7004
f 6768 6771 6769
f 6768 6770 6771
f 6769 7006 7004
f 6769 6771 7006
f 6766 6773 6767
f 6766 6772 6773
f 6767 6776 6770
f 6767 6773 6776
f 6772 6775 6773
f 6772 6774 6775
f 6773 6778 6776
f 6773 6775 6778
f 6770 6777 6771
f 6770 6776 6777
f 6771 7012 7006
f 6771 6777 7012
f 6776 6779 6777
f 6776 6778 6779
f 6777 7014 7012
f 6777 6779 7014
f 6780 6782 6781
f 6781 6782 6783
f 6781 6783 6784
f 6783 6786 6784
f 6782 6788 6783
f 6783 6788 6789
f 6783 6789 6786
f 6786 6789 6792
f 6784 6786 6785
f 6785 6786 6787
f 6785 6787 6804
f 6787 6806 6804
f 6786 6792 6787
f 6787 6792 6793
f 6787 6793 6806
f 6793 6816 6806
f 6788 6790 6789
f 6789 6790 6791
f 6789 6791 6792
f 6791 6794 6792
f 6790 6828 6791
f 6791 6828 6829
f 6791 6829 6794
f 6794 6829 6832
f 6792 6794 6793
f 6793 6794 6795
f 6793 6795 6816
f 6795 6818 6816
f 6794 6832 6795
f 6795 6832 6833
f 6795 6833 6818
f 6818 6833 6852
f 6758 6797 6759
f 6758 6796 6797
f 6759 6800 6762
f 6759 6797 6800
f 6796 6799 6797
f 6796 6798 6799
f 6797 6802 6800
f 6797 6799 6802
f 6762 6801 6763
f 6762 6800 6801
f 6763 6844 6774
f 6763 6801 6844
f 6800 6803 6801
f 6800 6802 6803
f 6801 6846 6844
f 6801 6803 6846
f 6804 6806 6805
f 6805 6806 6807
f 6805 6807 6810
f 6807 6813 6810
f 6806 6816 6807
f 6807 6816 6817
f 6807 6817 6813
f 6813 6817 6822
f 6798 6809 6799
f 6798 6808 6809
f 6799 6820 6802
f 6799 6809 6820
f 6810 6813 6811
f 6811 6813 6814
f 6808 6815 6809
f 6811 6814 6812
f 6808 6812 6815
f 6812 6814 6815
f 6813 6822 6814
f 6814 6822 6823
f 6809 6824 6820
f 6814 6823 6815
f 6809 6815 6824
f 6815 6823 6824
f 6816 6818 6817
f 6817 6818 6819
f 6817 6819 6822
f 6819 6825 6822
f 6818 6852 6819
f 6819 6852 6853
f 6819 6853 6825
f 6825 6853 6858
f 6802 6821 6803
f 6802 6820 6821
f 6803 6856 6846
f 6803 6821 6856
f 6822 6825 6823
f 6823 6825 6826
f 6820 6827 6821
f 6823 6826 6824
f 6820 6824 6827
f 6824 6826 6827
f 6825 6858 6826
f 6826 6858 6859
f 6821 6860 6856
f 6826 6859 6827
f 6821 6827 6860
f 6827 6859 6860
f 6828 6830 6829
f 6829 6830 6831
f 6829 6831 6832
f 6831 6834 6832
f 6830 6836 6831
f 6831 6836 6837
f 6831 6837 6834
f 6834 6837 6840
f 6832 6834 6833
f 6833 6834 6835
f 6833 6835 6852
f 6835 6854 6852
f 6834 6840 6835
f 6835 6840 6841
f 6835 6841 6854
f 6841 6864 6854
f 6836 6838 6837
f 6837 6838 6839
f 6837 6839 6840
f 6839 6842 6840
f 6838 7072 6839
f 6839 7072 7074
f 6839 7074 6842
f 6842 7074 7076
f 6840 6842 6841
f 6841 6842 6843
f 6841 6843 6864
f 6843 6866 6864
f 6842 7076 6843
f 6843 7076 7078
f 6843 7078 6866
f 6866 7078 7096
f 6774 6845 6775
f 6774 6844 6845
f 6775 6848 6778
f 6775 6845 6848
f 6844 6847 6845
f 6844 6846 6847
f 6845 6850 6848
f 6845 6847 6850
f 6778 6849 6779
f 6778 6848 6849
f 6779 7088 7014
f 6779 6849 7088
f 6848 6851 6849
f 6848 6850 6851
f 6849 7090 7088
f 6849 6851 7090
f 6852 6854 6853
f 6853 6854 6855
f 6853 6855 6858
f 6855 6861 6858
f 6854 6864 6855
f 6855 6864 6865
f 6855 6865 6861
f 6861 6865 6870
f 6846 6857 6847
f 6846 6856 6857
f 6847 6868 6850
f 6847 6857 6868
f 6858 6861 6859
f 6859 6861 6862
f 6856 6863 6857
f 6859 6862 6860
f 6856 6860 6863
f 6860 6862 6863
f 6861 6870 6862
f 6862 6870 6871
f 6857 6872 6868
f 6862 6871 6863
f 6857 6863 6872
f 6863 6871 6872
f 6864 6866 6865
f 6865 6866 6867
f 6865 6867 6870
f 6867 6873 6870
f 6866 7096 6867
f 6867 7096 7098
f 6867 7098 6873
f 6873 7098 7102
f 6850 6869 6851
f 6850 6868 6869
f 6851 7100 7090
f 6851 6869 7100
f 6870 6873 6871
f 6871 6873 6874
f 6868 6875 6869
f 6871 6874 6872
f 6868 6872 6875
f 6872 6874 6875
f 6873 7102 6874
f 6874 7102 7104
f 6869 7105 7100
f 6874 7104 6875
f 6869 6875 7105
f 6875 7104 7105
f 6514 6515 6877
f 6514 6877 6876
f 6515 6518 6880
f 6515 6880 6877
f 6876 6877 6879
f 6876 6879 6878
f 6877 6880 6882
f 6877 6882 6879
f 6518 6519 6881
f 6518 6881 6880
f 6519 6530 6892
f 6519 6892 6881
f 6880 6881 6883
f 6880 6883 6882
f 6881 6892 6894
f 6881 6894 6883
f 6878 6879 6885
f 6878 6885 6884
f 6879 6882 6888
f 6879 6888 6885
f 6884 6885 6887
f 6884 6887 6886
f 6885 6888 6890
f 6885 6890 6887
f 6882 6883 6889
f 6882 6889 6888
f 6883 6894 6900
f 6883 6900 6889
f 6888 6889 6891
f 6888 6891 6890
f 6889 6900 6902
f 6889 6902 6891
f 6530 6531 6893
f 6530 6893 6892
f 6531 6534 6896
f 6531 6896 6893
f 6892 6893 6895
f 6892 6895 6894
f 6893 6896 6898
f 6893 6898 6895
f 6534 6535 6897
f 6534 6897 6896
f 6535 6642 7020
f 6535 7020 6897
f 6896 6897 6899
f 6896 6899 6898
f 6897 7020 7022
f 6897 7022 6899
f 6894 6895 6901
f 6894 6901 6900
f 6895 6898 6904
f 6895 6904 6901
f 6900 6901 6903
f 6900 6903 6902
f 6901 6904 6906
f 6901 6906 6903
f 6898 6899 6905
f 6898 6905 6904
f 6899 7022 7028
f 6899 7028 6905
f 6904 6905 6907
f 6904 6907 6906
f 6905 7028 7030
f 6905 7030 6907
f 6908 6910 6909
f 6909 6910 6911
f 6909 6911 6912
f 6911 6914 6912
f 6910 6916 6911
f 6911 6916 6917
f 6911 6917 6914
f 6914 6917 6920
f 6912 6914 6913
f 6913 6914 6915
f 6913 6915 6924
f 6915 6926 6924
f 6914 6920 6915
f 6915 6920 6921
f 6915 6921 6926
f 6921 6932 6926
f 6916 6918 6917
f 6917 6918 6919
f 6917 6919 6920
f 6919 6922 6920
f 6918 6948 6919
f 6919 6948 6949
f 6919 6949 6922
f 6922 6949 6952
f 6920 6922 6921
f 6921 6922 6923
f 6921 6923 6932
f 6923 6934 6932
f 6922 6952 6923
f 6923 6952 6953
f 6923 6953 6934
f 6934 6953 6980
f 6924 6926 6925
f 6925 6926 6927
f 6925 6927 6928
f 6927 6930 6928
f 6926 6932 6927
f 6927 6932 6933
f 6927 6933 6930
f 6930 6933 6936
f 6928 6930 6929
f 6929 6930 6931
f 6929 6931 7072
f 6931 7073 7072
f 6930 6936 6931
f 6931 6936 6937
f 6931 6937 7073
f 6937 7080 7073
f 6932 6934 6933
f 6933 6934 6935
f 6933 6935 6936
f 6935 6938 6936
f 6934 6980 6935
f 6935 6980 6981
f 6935 6981 6938
f 6938 6981 6984
f 6936 6938 6937
f 6937 6938 6939
f 6937 6939 7080
f 6939 7082 7080
f 6938 6984 6939
f 6939 6984 6985
f 6939 6985 7082
f 6985 7128 7082
f 6886 6887 6941
f 6886 6941 6940
f 6887 6890 6944
f 6887 6944 6941
f 6940 6941 6943
f 6940 6943 6942
f 6941 6944 6946
f 6941 6946 6943
f 6890 6891 6945
f 6890 6945 6944
f 6891 6902 6972
f 6891 6972 6945
f 6944 6945 6947
f 6944 6947 6946
f 6945 6972 6974
f 6945 6974 6947
f 6948 6950 6949
f 6949 6950 6951
f 6949 6951 6952
f 6951 6954 6952
f 6950 6958 6951
f 6951 6958 6959
f 6951 6959 6954
f 6954 6959 6966
f 6952 6954 6953
f 6953 6954 6955
f 6953 6955 6980
f 6955 6982 6980
f 6954 6966 6955
f 6955 6966 6967
f 6955 6967 6982
f 6967 6990 6982
f 6942 6943 6957
f 6942 6957 6956
f 6943 6946 6964
f 6943 6964 6957
f 6958 6960 6959
f 6959 6960 6961
f 6959 6961 6966
f 6961 6968 6966
f 6956 6957 6963
f 6960 6962 6961
f 6956 6963 6962
f 6961 6962 6963
f 6957 6964 6970
f 6961 6963 6968
f 6957 6970 6963
f 6963 6970 6968
f 6946 6947 6965
f 6946 6965 6964
f 6947 6974 6988
f 6947 6988 6965
f 6966 6968 6967
f 6967 6968 6969
f 6967 6969 6990
f 6969 6992 6990
f 6964 6965 6971
f 6968 6970 6969
f 6964 6971 6970
f 6969 6970 6971
f 6965 6988 6994
f 6969 6971 6992
f 6965 6994 6971
f 6971 6994 6992
f 6902 6903 6973
f 6902 6973 6972
f 6903 6906 6976
f 6903 6976 6973
f 6972 6973 6975
f 6972 6975 6974
f 6973 6976 6978
f 6973 6978 6975
f 6906 6907 6977
f 6906 6977 6976
f 6907 7030 7120
f 6907 7120 6977
f 6976 6977 6979
f 6976 6979 6978
f 6977 7120 7122
f 6977 7122 6979
f 6980 6982 6981
f 6981 6982 6983
f 6981 6983 6984
f 6983 6986 6984
f 6982 6990 6983
f 6983 6990 6991
f 6983 6991 6986
f 6986 6991 6998
f 6984 6986 6985
f 6985 6986 6987
f 6985 6987 7128
f 6987 7129 7128
f 6986 6998 6987
f 6987 6998 6999
f 6987 6999 7129
f 6999 7138 7129
f 6974 6975 6989
f 6974 6989 6988
f 6975 6978 6996
f 6975 6996 6989
f 6990 6992 6991
f 6991 6992 6993
f 6991 6993 6998
f 6993 7000 6998
f 6988 6989 6995
f 6992 6994 6993
f 6988 6995 6994
f 6993 6994 6995
f 6989 6996 7002
f 6993 6995 7000
f 6989 7002 6995
f 6995 7002 7000
f 6978 6979 6997
f 6978 6997 6996
f 6979 7122 7136
f 6979 7136 6997
f 6998 7000 6999
f 6999 7000 7001
f 6999 7001 7138
f 7001 7140 7138
f 6996 6997 7003
f 7000 7002 7001
f 6996 7003 7002
f 7001 7002 7003
f 6997 7136 7141
f 7001 7003 7140
f 6997 7141 7003
f 7003 7141 7140
f 6626 7005 6627
f 6626 7004 7005
f 6627 7008 6630
f 6627 7005 7008
f 7004 7007 7005
f 7004 7006 7007
f 7005 7010 7008
f 7005 7007 7010
f 6630 7009 6631
f 6630 7008 7009
f 6631 7036 6668
f 6631 7009 7036
f 7008 7011 7009
f 7008 7010 7011
f 7009 7038 7036
f 7009 7011 7038
f 7006 7013 7007
f 7006 7012 7013
f 7007 7016 7010
f 7007 7013 7016
f 7012 7015 7013
f 7012 7014 7015
f 7013 7018 7016
f 7013 7015 7018
f 7010 7017 7011
f 7010 7016 7017
f 7011 7054 7038
f 7011 7017 7054
f 7016 7019 7017
f 7016 7018 7019
f 7017 7056 7054
f 7017 7019 7056
f 6642 6643 7021
f 6642 7021 7020
f 6643 6646 7024
f 6643 7024 7021
f 7020 7021 7023
f 7020 7023 7022
f 7021 7024 7026
f 7021 7026 7023
f 6646 6647 7025
f 6646 7025 7024
f 6647 6672 7040
f 6647 7040 7025
f 7024 7025 7027
f 7024 7027 7026
f 7025 7040 7042
f 7025 7042 7027
f 7022 7023 7029
f 7022 7029 7028
f 7023 7026 7032
f 7023 7032 7029
f 7028 7029 7031
f 7028 7031 7030
f 7029 7032 7034
f 7029 7034 7031
f 7026 7027 7033
f 7026 7033 7032
f 7027 7042 7058
f 7027 7058 7033
f 7032 7033 7035
f 7032 7035 7034
f 7033 7058 7060
f 7033 7060 7035
f 6668 7037 6669
f 6668 7036 7037
f 6669 7044 6679
f 6669 7037 7044
f 7036 7039 7037
f 7036 7038 7039
f 7037 7049 7044
f 7037 7039 7049
f 6672 6673 7041
f 6672 7041 7040
f 6673 6680 7045
f 6673 7045 7041
f 7040 7041 7043
f 7040 7043 7042
f 7041 7045 7050
f 7041 7050 7043
f 6679 7046 6681
f 6679 7044 7046
f 6680 6682 7047
f 6680 7047 7045
f 6681 7048 6683
f 6682 6683 7048
f 6681 7046 7048
f 6682 7048 7047
f 7044 7051 7046
f 7044 7049 7051
f 7045 7047 7052
f 7045 7052 7050
f 7046 7053 7048
f 7047 7048 7053
f 7046 7051 7053
f 7047 7053 7052
f 7038 7055 7039
f 7038 7054 7055
f 7039 7062 7049
f 7039 7055 7062
f 7054 7057 7055
f 7054 7056 7057
f 7055 7067 7062
f 7055 7057 7067
f 7042 7043 7059
f 7042 7059 7058
f 7043 7050 7063
f 7043 7063 7059
f 7058 7059 7061
f 7058 7061 7060
f 7059 7063 7068
f 7059 7068 7061
f 7049 7064 7051
f 7049 7062 7064
f 7050 7052 7065
f 7050 7065 7063
f 7051 7066 7053
f 7052 7053 7066
f 7051 7064 7066
f 7052 7066 7065
f 7062 7069 7064
f 7062 7067 7069
f 7063 7065 7070
f 7063 7070 7068
f 7064 7071 7066
f 7065 7066 7071
f 7064 7069 7071
f 7065 7071 7070
f 7072 7073 7074
f 7073 7075 7074
f 7074 7075 7076
f 7075 7077 7076
f 7073 7080 7075
f 7075 7080 7081
f 7075 7081 7077
f 7077 7081 7084
f 7076 7077 7078
f 7077 7079 7078
f 7078 7079 7096
f 7079 7097 7096
f 7077 7084 7079
f 7079 7084 7085
f 7079 7085 7097
f 7085 7108 7097
f 7080 7082 7081
f 7081 7082 7083
f 7081 7083 7084
f 7083 7086 7084
f 7082 7128 7083
f 7083 7128 7130
f 7083 7130 7086
f 7086 7130 7132
f 7084 7086 7085
f 7085 7086 7087
f 7085 7087 7108
f 7087 7110 7108
f 7086 7132 7087
f 7087 7132 7134
f 7087 7134 7110
f 7110 7134 7170
f 7014 7089 7015
f 7014 7088 7089
f 7015 7092 7018
f 7015 7089 7092
f 7088 7091 7089
f 7088 7090 7091
f 7089 7094 7092
f 7089 7091 7094
f 7018 7093 7019
f 7018 7092 7093
f 7019 7152 7056
f 7019 7093 7152
f 7092 7095 7093
f 7092 7094 7095
f 7093 7154 7152
f 7093 7095 7154
f 7096 7097 7098
f 7097 7099 7098
f 7098 7099 7102
f 7099 7103 7102
f 7097 7108 7099
f 7099 7108 7109
f 7099 7109 7103
f 7103 7109 7114
f 7090 7101 7091
f 7090 7100 7101
f 7091 7112 7094
f 7091 7101 7112
f 7102 7103 7104
f 7103 7106 7104
f 7100 7107 7101
f 7104 7106 7105
f 7100 7105 7107
f 7105 7106 7107
f 7103 7114 7106
f 7106 7114 7115
f 7101 7116 7112
f 7106 7115 7107
f 7101 7107 7116
f 7107 7115 7116
f 7108 7110 7109
f 7109 7110 7111
f 7109 7111 7114
f 7111 7117 7114
f 7110 7170 7111
f 7111 7170 7172
f 7111 7172 7117
f 7117 7172 7176
f 7094 7113 7095
f 7094 7112 7113
f 7095 7174 7154
f 7095 7113 7174
f 7114 7117 7115
f 7115 7117 7118
f 7112 7119 7113
f 7115 7118 7116
f 7112 7116 7119
f 7116 7118 7119
f 7117 7176 7118
f 7118 7176 7178
f 7113 7179 7174
f 7118 7178 7119
f 7113 7119 7179
f 7119 7178 7179
f 7030 7031 7121
f 7030 7121 7120
f 7031 7034 7124
f 7031 7124 7121
f 7120 7121 7123
f 7120 7123 7122
f 7121 7124 7126
f 7121 7126 7123
f 7034 7035 7125
f 7034 7125 7124
f 7035 7060 7156
f 7035 7156 7125
f 7124 7125 7127
f 7124 7127 7126
f 7125 7156 7158
f 7125 7158 7127
f 7128 7129 7130
f 7129 7131 7130
f 7130 7131 7132
f 7131 7133 7132
f 7129 7138 7131
f 7131 7138 7139
f 7131 7139 7133
f 7133 7139 7146
f 7132 7133 7134
f 7133 7135 7134
f 7134 7135 7170
f 7135 7171 7170
f 7133 7146 7135
f 7135 7146 7147
f 7135 7147 7171
f 7147 7184 7171
f 7122 7123 7137
f 7122 7137 7136
f 7123 7126 7144
f 7123 7144 7137
f 7138 7140 7139
f 7139 7140 7142
f 7139 7142 7146
f 7142 7148 7146
f 7136 7137 7143
f 7140 7141 7142
f 7136 7143 7141
f 7141 7143 7142
f 7137 7144 7149
f 7142 7143 7148
f 7137 7149 7143
f 7143 7149 7148
f 7126 7127 7145
f 7126 7145 7144
f 7127 7158 7182
f 7127 7182 7145
f 7146 7148 7147
f 7147 7148 7150
f 7147 7150 7184
f 7150 7186 7184
f 7144 7145 7151
f 7148 7149 7150
f 7144 7151 7149
f 7149 7151 7150
f 7145 7182 7187
f 7150 7151 7186
f 7145 7187 7151
f 7151 7187 7186
f 7056 7153 7057
f 7056 7152 7153
f 7057 7160 7067
f 7057 7153 7160
f 7152 7155 7153
f 7152 7154 7155
f 7153 7165 7160
f 7153 7155 7165
f 7060 7061 7157
f 7060 7157 7156
f 7061 7068 7161
f 7061 7161 7157
f 7156 7157 7159
f 7156 7159 7158
f 7157 7161 7166
f 7157 7166 7159
f 7067 7162 7069
f 7067 7160 7162
f 7068 7070 7163
f 7068 7163 7161
f 7069 7164 7071
f 7070 7071 7164
f 7069 7162 7164
f 7070 7164 7163
f 7160 7167 7162
f 7160 7165 7167
f 7161 7163 7168
f 7161 7168 7166
f 7162 7169 7164
f 7163 7164 7169
f 7162 7167 7169
f 7163 7169 7168
f 7170 7171 7172
f 7171 7173 7172
f 7172 7173 7176
f 7173 7177 7176
f 7171 7184 7173
f 7173 7184 7185
f 7173 7185 7177
f 7177 7185 7195
f 7154 7175 7155
f 7154 7174 7175
f 7155 7190 7165
f 7155 7175 7190
f 7176 7177 7178
f 7177 7180 7178
f 7174 7181 7175
f 7178 7180 7179
f 7174 7179 7181
f 7179 7180 7181
f 7177 7195 7180
f 7180 7195 7196
f 7175 7197 7190
f 7180 7196 7181
f 7175 7181 7197
f 7181 7196 7197
f 7158 7159 7183
f 7158 7183 7182
f 7159 7166 7191
f 7159 7191 7183
f 7184 7186 7185
f 7185 7186 7188
f 7185 7188 7195
f 7188 7198 7195
f 7182 7183 7189
f 7186 7187 7188
f 7182 7189 7187
f 7187 7189 7188
f 7183 7191 7199
f 7188 7189 7198
f 7183 7199 7189
f 7189 7199 7198
f 7165 7192 7167
f 7165 7190 7192
f 7166 7168 7193
f 7166 7193 7191
f 7167 7194 7169
f 7168 7169 7194
f 7167 7192 7194
f 7168 7194 7193
f 7195 7198 7196
f 7196 7198 7200
f 7190 7201 7192
f 7196 7200 7197
f 7190 7197 7201
f 7197 7200 7201
f 7191 7193 7202
f 7198 7199 7200
f 7191 7202 7199
f 7199 7202 7200
f 7192 7203 7194
f 7193 7194 7203
f 7200 7202 7201
f 7192 7201 7203
f 7193 7203 7202
f 7201 7202 7203
f 1498 1077 1499
f 1498 1078 1077
f 1715 1284 1250
f 1270 1250 1284
f 1713 1250 1268
f 1269 1282 1264
f 1264 1263 1265
f 1282 1263 1264
f 1264 1265 1266
f 1267 1270 1313
f 1269 1747 1268
f 1713 1268 1747
f 1269 1268 1281
f 1281 1268 1267
f 1267 1268 1250
f 1267 1250 1270
f 1277 1274 1281
f 1277 1271 1274
f 1274 1271 1273
f 1274 1273 1275
f 1274 1275 1276
f 1279 1267 1318
f 1277 1281 1267
f 1279 1277 1267
f 1279 1278 1277
f 1277 1278 1271
f 1279 1318 1296
f 1279 1296 1294
f 1279 1294 1280
f 1279 1280 1278
f 1269 1281 1282
f 1282 1281 1274
f 1282 1276 1283
f 1282 1274 1276
f 1282 1283 1263
f 1287 1284 1765
f 1270 1284 1285
f 1285 1284 1287
f 1287 1765 1286
f 1286 1766 1289
f 1287 1286 1316
f 1316 1286 1288
f 1288 1286 1289
f 1288 1289 1770
f 1288 1770 1790
f 1296 1295 1294
f 1296 1297 1295
f 1296 1298 1297
f 1296 1299 1298
f 1300 1299 1296
f 1300 1301 1299
f 1300 1302 1301
f 1300 1305 1302
f 1302 1304 1301
f 1302 1303 1304
f 1302 1306 1303
f 1300 1323 1305
f 1302 1305 1306
f 1305 1307 1306
f 1305 1309 1307
f 1323 1310 1305
f 1305 1310 1309
f 1323 1311 1310
f 1270 1285 1313
f 1285 1314 1313
f 1285 1315 1314
f 1319 1314 1315
f 1318 1314 1319
f 1267 1313 1314
f 1267 1314 1318
f 1285 1287 1315
f 1315 1287 1316
f 1315 1316 1317
f 1319 1315 1317
f 1316 1320 1317
f 1300 1318 1319
f 1300 1296 1318
f 1300 1319 1317
f 1317 1320 1323
f 1300 1317 1323
f 1316 1288 1320
f 1288 1321 1320
f 1288 1322 1321
f 1288 1790 1322
f 1322 1790 3342
f 1321 1322 2868
f 1320 1321 1323
f 1323 1321 1324
f 1323 1324 1311
f 1324 1325 1311
f 1324 1321 1329
f 1329 1321 2868
f 1324 1329 1326
f 1324 1326 1325
f 1329 1327 1326
f 1329 1328 1327
f 1329 2871 1328
f 1402 1477 1476
f 1362 1477 1402
f 1395 1396 1399
f 1396 1408 1398
f 1399 1396 1397
f 1396 1398 1397
f 1398 1413 1397
f 1399 1401 1400
f 1399 1397 1401
f 1402 1399 1404
f 1362 1402 1404
f 1402 1395 1399
f 1402 1403 1395
f 1395 1403 1408
f 1402 1476 1403
f 1362 1404 1405
f 1404 1399 1405
f 1405 1400 1406
f 1407 1405 1406
f 1362 1405 1407
f 1395 1408 1396
f 1398 1408 1416
f 1403 1600 1408
f 1408 1600 1417
f 1399 1400 1405
f 1407 1406 1409
f 1407 1409 1606
f 1406 1400 1410
f 1406 1410 1409
f 1400 1411 1410
f 1400 1422 1411
f 1411 1412 1410
f 1409 1410 1412
f 1409 1412 1608
f 1397 1413 1414
f 1397 1414 1401
f 1401 1414 1415
f 1400 1401 1415
f 1400 1415 1422
f 1398 1416 1413
f 1413 1418 1414
f 1413 1416 1418
f 1408 1417 1416
f 1416 4577 1418
f 1418 4577 4576
f 1416 1417 4577
f 1414 1418 1419
f 1414 1419 1415
f 1418 4576 1419
f 1415 1419 1427
f 1424 1421 1672
f 1426 1420 1421
f 1675 1421 1420
f 1411 1422 1423
f 1411 1423 1412
f 1422 1426 1423
f 1423 1426 1424
f 1412 1423 1621
f 1621 1424 1425
f 1424 1677 1425
f 1621 1423 1424
f 1415 1427 1422
f 1422 1427 1426
f 1426 1427 4590
f 1426 4590 1420
f 1424 1426 1421
f 1477 1485 1476
f 1479 1483 1477
f 1362 1478 1477
f 1479 1477 1478
f 1479 1478 1480
f 1528 1481 1484
f 1477 1483 1485
f 1479 1487 1483
f 1476 1485 1486
f 1481 1483 1484
f 1481 1485 1483
f 1483 1487 1484
f 1479 1488 1487
f 1479 1480 1489
f 1479 1489 1488
f 1482 1484 1490
f 1487 1490 1484
f 1487 1488 1490
f 1488 1489 1490
f 1490 1489 1611
f 1491 1492 1497
f 1491 1513 1494
f 1491 1494 1492
f 1492 1496 1507
f 1493 1495 1494
f 1493 1528 1495
f 1493 1529 1528
f 1493 1494 1513
f 1492 1494 1495
f 1493 1516 1529
f 1495 1530 1496
f 1492 1495 1496
f 1507 1496 1519
f 1496 1541 1519
f 1491 1497 1498
f 1491 1500 1513
f 1497 1508 1498
f 1491 1498 1500
f 1498 1499 1501
f 1498 1501 1500
f 1500 1501 1502
f 1500 1502 1503
f 1513 1500 1503
f 1513 1503 1505
f 1497 1506 1508
f 1506 1507 1508
f 1507 1512 1508
f 1492 1506 1497
f 1492 1507 1506
f 1498 1508 1078
f 1508 1509 1078
f 1508 1510 1509
f 1508 1511 1510
f 1512 1511 1508
f 1512 1520 1511
f 1493 1513 1516
f 1513 1505 1515
f 1513 1515 1516
f 1516 1515 1517
f 1516 1517 1518
f 1507 1519 1512
f 1512 1523 1520
f 1512 1519 1522
f 1519 1548 1522
f 1512 1522 1524
f 1512 1524 1523
f 1522 1525 1524
f 1522 1548 1525
f 1548 1526 1525
f 1528 1529 1481
f 1495 1528 1484
f 1529 1532 1481
f 1495 1482 1530
f 1496 1530 1541
f 1495 1484 1482
f 1482 1541 1530
f 1481 1532 1485
f 1485 1538 1486
f 1486 1538 1602
f 1482 1490 1541
f 1529 1516 1532
f 1532 1516 1518
f 1532 1518 1533
f 1532 1533 1534
f 1532 1534 1535
f 1532 1535 1536
f 1485 1532 1538
f 1532 1536 1538
f 1538 1536 1539
f 1538 1539 1540
f 1625 1538 1540
f 1519 1541 1542
f 1541 1543 1542
f 1542 1543 1544
f 1544 1748 1547
f 1541 1545 1543
f 1545 1546 1543
f 1490 1611 1541
f 1541 1611 1545
f 1545 1638 1546
f 1546 1751 1544
f 1546 1639 1751
f 1546 1544 1543
f 1519 1542 1548
f 1548 1549 1526
f 1548 1542 1547
f 1548 1547 1752
f 1542 1544 1547
f 1548 1550 1549
f 1548 1551 1550
f 1548 1752 1551
f 1476 1486 1403
f 1403 1602 1600
f 1362 1407 1478
f 1407 1606 1478
f 1478 1606 1480
f 1600 1601 1616
f 1603 1601 1600
f 1601 1604 1618
f 1403 1486 1602
f 1602 1603 1600
f 1603 1604 1601
f 1618 1604 1605
f 1603 1624 1604
f 1624 1605 1604
f 1409 1607 1606
f 1409 1608 1607
f 1480 1606 1607
f 1607 1608 1610
f 1412 1621 1608
f 1608 1621 1609
f 1610 1608 1609
f 1480 1607 1489
f 1607 1611 1489
f 1607 1610 1612
f 1607 1612 1611
f 1610 1609 1613
f 1610 1613 1612
f 1609 1622 1614
f 1609 1614 1613
f 1622 1791 1615
f 1622 1615 1614
f 1612 1613 1643
f 1613 1614 1643
f 1614 1615 1798
f 1614 1798 1643
f 1600 1616 1417
f 1601 1617 1616
f 1601 1618 1617
f 1618 1619 1617
f 1616 4699 1417
f 1417 4697 4577
f 1616 1617 4699
f 1617 4698 4699
f 1617 1619 4698
f 1618 1605 1644
f 1618 1644 1620
f 1618 1620 1619
f 1619 1620 4701
f 1621 1425 1809
f 1621 1809 1791
f 1621 1622 1609
f 1621 1791 1622
f 1602 1623 1603
f 1602 1625 1623
f 1603 1623 1624
f 1624 1630 1605
f 1602 1538 1625
f 1625 1540 1627
f 1625 1627 1630
f 1625 1624 1623
f 1625 1630 1624
f 1605 1630 1633
f 1630 1627 1631
f 1630 1631 1632
f 1630 1632 1633
f 1633 1632 1634
f 1633 1635 1636
f 1633 1634 1635
f 1633 1636 1637
f 1545 1611 1638
f 1611 1612 1638
f 1546 1638 1639
f 1638 1640 1639
f 1638 1612 1640
f 1639 1640 1810
f 1640 1642 1810
f 1612 1641 1640
f 1612 1643 1641
f 1640 1641 1642
f 1641 1643 1811
f 1641 1811 1642
f 1643 1798 1811
f 1605 1633 1644
f 1644 1649 1620
f 1620 1649 4716
f 1644 1633 1637
f 1644 1637 1650
f 1644 1650 1649
f 1649 1652 4716
f 1649 1650 1651
f 1649 1651 1652
f 1653 1654 1675
f 1653 1655 1654
f 1654 1655 1661
f 1657 1660 1662
f 1656 1657 1658
f 1656 1654 1660
f 1656 1660 1657
f 1659 1662 1664
f 1659 1658 1657
f 1659 1680 1658
f 1658 1680 1693
f 1659 1657 1662
f 1659 1664 1680
f 1654 1661 1660
f 1661 1662 1660
f 1661 1663 1662
f 1661 4855 1663
f 1663 4855 4856
f 1662 1663 1664
f 1663 1683 1664
f 1663 4856 1683
f 1678 1669 1792
f 1679 1666 1665
f 1666 1670 1665
f 1666 1658 1667
f 1666 1667 1670
f 1667 1668 1670
f 1667 1686 1668
f 1678 1665 1669
f 1669 1665 1670
f 1669 1670 1804
f 1670 1668 1671
f 1671 1668 1688
f 1670 1671 1806
f 1670 1806 1804
f 1671 1688 1806
f 1674 1676 1672
f 1674 1679 1673
f 1674 1672 1654
f 1674 1654 1656
f 1674 1678 1676
f 1673 1679 1678
f 1674 1673 1678
f 1675 1654 1421
f 1654 1672 1421
f 1424 1676 1677
f 1424 1672 1676
f 1425 1677 1809
f 1677 1676 1792
f 1676 1678 1792
f 1674 1656 1679
f 1679 1658 1666
f 1656 1658 1679
f 1678 1679 1665
f 1658 1693 1667
f 1680 1681 1693
f 1680 1664 1682
f 1680 1682 1684
f 1680 1684 1681
f 1664 1683 1682
f 1683 4884 1682
f 1682 4884 1685
f 1684 1682 1685
f 1684 1685 1696
f 1685 4891 1696
f 1668 1686 1687
f 1689 1691 1781
f 1668 1690 1688
f 1668 1687 1690
f 1815 1688 1689
f 1689 1688 1690
f 1689 1690 1692
f 1689 1692 1691
f 1690 1687 1699
f 1690 1699 1692
f 1667 1693 1686
f 1693 1681 1694
f 1693 1687 1686
f 1693 1694 1687
f 1684 1695 1681
f 1694 1681 1695
f 1694 1698 1687
f 1694 1695 1698
f 1684 1696 1695
f 1696 4891 1697
f 1695 1696 1697
f 1695 1701 1698
f 1695 1697 1701
f 1687 1698 1699
f 1699 1698 1700
f 1699 1702 1692
f 1699 1700 1702
f 1698 1701 1700
f 1702 1700 1704
f 1702 1704 1703
f 1702 1703 1823
f 1700 1701 1705
f 1700 1705 1704
f 1704 1706 1703
f 1704 1705 1706
f 1705 4895 1706
f 1703 1706 1825
f 1711 1710 1715
f 1715 1709 1765
f 1710 1722 1758
f 1711 1708 1710
f 1710 1759 1709
f 1715 1710 1709
f 1708 1723 1710
f 1711 1713 1712
f 1713 1747 1712
f 1714 1712 1747
f 1715 1250 1713
f 1711 1715 1713
f 1711 1712 1708
f 1707 1708 1712
f 1714 1707 1712
f 1733 1716 1707
f 1707 1716 1729
f 1751 1718 1720
f 1718 1639 1717
f 1718 1717 1720
f 1720 1719 1731
f 1716 1720 1731
f 1720 1717 1719
f 1794 1719 1717
f 1729 1721 1723
f 1723 1725 1722
f 1722 1725 1774
f 1710 1723 1722
f 1721 1727 1723
f 1723 1727 1725
f 1721 1731 1727
f 1727 1731 1728
f 1724 1728 1731
f 1727 1726 1725
f 1727 1728 1726
f 1707 1729 1708
f 1708 1729 1723
f 1729 1730 1721
f 1716 1731 1729
f 1729 1731 1730
f 1721 1730 1731
f 1719 1724 1731
f 1732 1734 1714
f 1714 1734 1707
f 1733 1707 1734
f 1733 1734 1740
f 1753 1733 1740
f 1739 1737 1740
f 1739 1738 1736
f 1739 1736 1737
f 1739 1732 1264
f 1269 1264 1732
f 1739 1740 1734
f 1739 1734 1732
f 1739 1264 1266
f 1739 1266 1738
f 1753 1740 1745
f 1753 1745 1755
f 1740 1737 1741
f 1745 1740 1741
f 1745 1741 1742
f 1755 1746 1744
f 1755 1744 1756
f 1745 1742 1746
f 1745 1746 1755
f 1732 1714 1747
f 1269 1732 1747
f 1544 1751 1748
f 1753 1749 1748
f 1753 1748 1750
f 1752 1748 1749
f 1733 1750 1716
f 1748 1720 1750
f 1750 1720 1716
f 1753 1750 1733
f 1751 1720 1748
f 1751 1639 1718
f 1752 1547 1748
f 1752 1753 1755
f 1752 1749 1753
f 1752 1755 1756
f 1752 1754 1551
f 1752 1756 1754
f 1765 1709 1759
f 1765 1762 1757
f 1765 1759 1762
f 1762 1764 1757
f 1710 1758 1759
f 1759 1758 1763
f 1760 1763 1758
f 1762 1759 1763
f 1762 1763 1764
f 1771 1764 1763
f 1763 1761 1768
f 1760 1761 1763
f 1715 1765 1284
f 1765 1766 1286
f 1765 1757 1766
f 1757 1764 1766
f 1771 1766 1764
f 1771 1763 1768
f 1771 1768 1767
f 1768 1769 1767
f 1767 1769 1773
f 1773 1769 3335
f 1771 1770 1766
f 1289 1766 1770
f 1771 1767 1770
f 1767 1772 1770
f 1770 1772 1790
f 1790 1772 3334
f 1767 1773 1772
f 1773 3334 1772
f 1758 1722 1774
f 1760 1758 1776
f 1758 1775 1776
f 1758 1774 1775
f 1774 1780 1775
f 1760 1776 1761
f 1761 1776 1782
f 1775 1780 1776
f 1780 1777 1776
f 1776 1777 1782
f 1777 1778 1782
f 1774 1725 1779
f 1774 1779 1780
f 1725 1726 1779
f 1780 1781 1777
f 1777 1781 1778
f 1780 1779 1781
f 1778 1781 1786
f 1781 1814 1786
f 1761 1782 1768
f 1782 1778 1783
f 1782 1783 1784
f 1768 1782 1784
f 1768 1784 1769
f 1783 1785 1784
f 1769 1784 1785
f 1769 1785 3335
f 1785 1788 3335
f 1778 1786 1783
f 1783 1786 1818
f 1783 1818 1787
f 1783 1787 1785
f 1785 1787 1789
f 1785 1789 1788
f 1788 1789 3336
f 1791 1809 1796
f 1809 1792 1796
f 1793 1792 1803
f 1793 1796 1792
f 1639 1810 1794
f 1639 1794 1717
f 1794 1810 1795
f 1808 1719 1794
f 1808 1795 1800
f 1795 1799 1800
f 1808 1794 1795
f 1791 1796 1615
f 1810 1811 1797
f 1810 1797 1795
f 1798 1615 1796
f 1811 1798 1797
f 1798 1796 1797
f 1797 1796 1799
f 1793 1805 1799
f 1793 1799 1796
f 1795 1797 1799
f 1808 1728 1724
f 1808 1800 1728
f 1805 1801 1800
f 1802 1806 1813
f 1728 1800 1802
f 1728 1802 1726
f 1800 1801 1802
f 1801 1807 1802
f 1803 1804 1807
f 1792 1669 1803
f 1669 1804 1803
f 1793 1803 1805
f 1805 1803 1807
f 1805 1807 1801
f 1802 1807 1806
f 1804 1806 1807
f 1815 1806 1688
f 1808 1724 1719
f 1805 1800 1799
f 1677 1792 1809
f 1810 1642 1811
f 1726 1802 1779
f 1779 1802 1812
f 1779 1812 1781
f 1812 1813 1815
f 1812 1802 1813
f 1812 1815 1689
f 1812 1689 1781
f 1781 1691 1814
f 1814 1691 1816
f 1813 1806 1815
f 1691 1692 1816
f 1814 1816 1786
f 1786 1816 1818
f 1816 1817 1818
f 1787 1818 1819
f 1818 1817 1819
f 1787 1819 1789
f 1789 1819 3451
f 1816 1692 1820
f 1816 1821 1817
f 1816 1820 1821
f 1692 1702 1820
f 1817 1821 1819
f 1820 1823 1821
f 1819 1821 1822
f 1819 1822 3452
f 1821 3457 1822
f 1702 1823 1820
f 1821 1823 1824
f 1823 1825 1824
f 1823 1703 1825
f 1824 1825 3458
f 1821 1824 3457
f 1824 3458 3457
f 1706 4895 1826
f 1825 1826 3458
f 1825 1706 1826
f 1826 3459 3458
f 2589 2331 2323
f 2325 2326 2331
f 2326 2327 2331
f 2323 3050 2594
f 2327 2323 2331
f 2325 2324 2326
f 2325 2328 2324
f 2327 3050 2323
f 2329 2331 2583
f 2325 2331 2330
f 2330 2331 2329
f 2330 2329 2332
f 2329 2599 2332
f 2325 2330 2328
f 2330 2332 2328
f 2332 2599 2333
f 2328 2332 2333
f 2432 2437 2575
f 2432 2575 2573
f 2437 2430 2575
f 2437 2431 2430
f 2434 2439 2433
f 2439 2436 2433
f 2434 2433 2432
f 2432 2433 2437
f 2433 2436 2437
f 2432 2573 2588
f 2435 2432 2588
f 2434 2435 2438
f 2435 2588 2442
f 2434 2432 2435
f 2437 2590 2431
f 2437 2436 2590
f 2436 2444 2590
f 2434 2438 2439
f 2439 2440 2436
f 2439 2441 2440
f 2439 2438 3316
f 2439 3316 2441
f 2438 3317 3315
f 2438 3315 3316
f 2438 2442 3317
f 2441 3318 2440
f 2438 2435 2442
f 2588 2731 2442
f 2440 2443 2436
f 2436 2443 2444
f 2440 3319 2443
f 2443 3319 2444
f 2573 2575 2578
f 2573 2578 2574
f 2573 2574 2589
f 2574 2583 2589
f 2575 2579 2578
f 2575 2576 2579
f 2575 2430 2576
f 2430 2431 2576
f 2431 2577 2576
f 2431 2590 2577
f 2576 2577 2581
f 2576 2582 2579
f 2578 2579 2580
f 2579 2582 2580
f 2574 2578 2580
f 2576 2581 2582
f 2574 2580 2586
f 2580 2582 2586
f 2582 2592 2586
f 2581 2592 2582
f 2574 2585 2583
f 2574 2586 2585
f 2583 2585 2584
f 2584 2585 2597
f 2597 2585 2587
f 2586 2587 2585
f 2592 2587 2586
f 2573 2589 2588
f 2588 2589 2594
f 2589 2323 2594
f 2590 2591 2577
f 2577 2591 2581
f 2590 2444 2591
f 2581 2593 2592
f 2581 2591 2593
f 2592 2593 2596
f 2592 2596 2598
f 2588 2594 2731
f 2595 2598 2596
f 2595 3053 2333
f 2595 2596 3548
f 3550 2593 2591
f 2444 3320 2591
f 3550 2596 2593
f 2589 2583 2331
f 2329 2583 2584
f 2329 2584 2597
f 2329 2597 2599
f 2597 2587 2598
f 2595 2599 2597
f 2595 2597 2598
f 2592 2598 2587
f 2595 2333 2599
f 2728 2729 2735
f 2728 2735 2734
f 3315 3317 2729
f 3315 2729 2728
f 2729 3317 2730
f 2729 2730 2732
f 2729 2732 2735
f 2730 2739 2732
f 2730 2740 2739
f 2730 2731 2740
f 2731 3055 2733
f 2731 2733 2740
f 2737 2734 2735
f 2737 2735 2743
f 2737 2738 2734
f 2737 2743 2736
f 2737 2736 2891
f 2891 2736 2743
f 2737 2889 2738
f 2737 2890 2889
f 2732 2743 2735
f 2732 2739 2743
f 2740 2744 2739
f 3056 2745 3055
f 2733 3055 2745
f 3056 3059 2745
f 2740 2733 2744
f 2733 2745 2744
f 3059 2741 2742
f 2741 2899 2742
f 2895 2743 2739
f 2739 2744 2898
f 3059 2742 2745
f 2894 2745 2742
f 2894 2744 2745
f 2854 2853 2856
f 2854 2855 2853
f 2854 2857 2855
f 2873 2854 2856
f 2860 2854 2876
f 2860 2857 2854
f 2860 2861 2857
f 2860 2884 2863
f 2860 2863 2861
f 2863 2862 2861
f 2863 2864 2862
f 2863 2865 2864
f 2863 2866 2865
f 2863 2887 2866
f 2887 2867 2866
f 2868 3343 2878
f 2878 3343 2869
f 1322 3342 2868
f 2868 3342 3343
f 2869 2870 2877
f 2877 2870 2879
f 2869 3343 2870
f 1329 2868 2875
f 2868 2878 2875
f 2873 2878 2869
f 1329 2875 2871
f 2875 2872 2871
f 2873 2874 2872
f 2873 2872 2875
f 2873 2875 2878
f 2873 2877 2876
f 2873 2869 2877
f 2876 2877 2879
f 2873 2876 2854
f 2873 2856 2874
f 2879 2882 2885
f 2879 2870 2880
f 2879 2880 2882
f 2880 2870 2881
f 2880 3349 2882
f 2880 2881 3349
f 2882 2916 2886
f 2882 3349 2883
f 2882 2883 2916
f 2876 2879 2884
f 2860 2876 2884
f 2884 2879 2885
f 2863 2884 2887
f 2884 2885 2887
f 2885 2882 2886
f 2887 2885 2886
f 2887 2886 2920
f 2887 2888 2867
f 2887 2920 2888
f 2737 2891 2890
f 2889 2890 2892
f 2890 2891 2893
f 2890 2893 2892
f 2889 2892 3379
f 2892 2893 3379
f 2917 2893 2891
f 2917 2891 2930
f 2914 3379 2893
f 2891 2743 2895
f 2895 2739 2896
f 2894 2898 2744
f 2739 2898 2896
f 2895 2896 2902
f 2902 2896 2898
f 2894 2897 2898
f 2897 2902 2898
f 2894 2742 2897
f 2901 2897 2742
f 2742 2899 2905
f 2901 2742 2905
f 2891 2895 2902
f 2897 2903 2902
f 2901 2903 2897
f 2901 2905 2903
f 2891 2902 2930
f 2902 2903 2930
f 2903 2905 2929
f 2899 2931 2905
f 2899 2900 2931
f 2900 2904 2931
f 3245 2942 2904
f 2914 2918 3392
f 2916 2883 3391
f 2915 2916 3392
f 2915 3392 2918
f 2917 2914 2893
f 2917 2918 2914
f 2917 2928 2918
f 2917 2930 2935
f 2886 2919 2923
f 2923 2919 2928
f 2886 2921 2920
f 2923 2922 2921
f 2923 2924 2922
f 2886 2923 2921
f 2923 2928 2925
f 2923 2926 2924
f 2923 2925 2926
f 2925 2927 2926
f 2925 2933 2927
f 2886 2916 2919
f 2915 2919 2916
f 2915 2928 2919
f 2915 2918 2928
f 2917 2925 2928
f 2917 2935 2925
f 2930 2903 2929
f 2905 2932 2929
f 2930 2929 2935
f 2929 2932 2935
f 2905 2931 2932
f 2931 2904 2942
f 3245 3404 2942
f 2932 2931 2939
f 2931 2942 2939
f 2925 2936 2933
f 2936 2937 2933
f 2935 2936 2925
f 2932 2936 2935
f 2932 2939 2936
f 2936 2938 2937
f 2936 2939 2938
f 2939 2940 2938
f 2939 2942 2941
f 2942 3408 2941
f 2939 2941 2940
f 3051 2324 3048
f 3048 2324 3049
f 2328 3049 2324
f 3051 3050 2327
f 2731 2594 3055
f 3055 2594 3050
f 3056 3050 3051
f 2326 3051 2327
f 2326 2324 3051
f 2328 3052 3049
f 2328 2333 3057
f 2328 3057 3052
f 2333 3053 3057
f 3056 3051 3048
f 3054 3048 3049
f 3054 3056 3048
f 3054 3049 3058
f 3049 3052 3058
f 3056 3055 3050
f 3052 3057 3058
f 3058 3057 3060
f 3053 3555 3057
f 3054 3059 3056
f 3054 3058 3059
f 3059 3058 2741
f 3058 3060 3062
f 3058 3062 3061
f 3060 3057 3063
f 3555 3063 3057
f 3058 2899 2741
f 3058 3061 2899
f 3060 3063 3062
f 3555 3557 3063
f 3061 3062 2900
f 3062 3063 3245
f 3061 2900 2899
f 3245 3063 3625
f 2900 3062 2904
f 3062 3245 2904
f 2728 3314 3316
f 2728 2734 3314
f 3314 3323 3322
f 2442 2730 3317
f 2441 3316 3318
f 2440 3318 3321
f 2440 3321 3319
f 3315 2728 3316
f 3316 3314 3318
f 3318 3314 3321
f 2442 2731 2730
f 2444 3319 3320
f 3314 3322 3321
f 3321 3328 3319
f 3321 3322 3327
f 3321 3327 3328
f 3319 3330 3320
f 3328 3330 3319
f 3320 3330 3556
f 3324 3314 2734
f 3324 3323 3314
f 2738 3324 2734
f 3327 3323 3326
f 3324 3325 3323
f 3325 3326 3323
f 2738 2889 3324
f 3324 2889 3325
f 3322 3323 3327
f 3327 3326 3329
f 3327 3329 3328
f 3328 3329 3331
f 3328 3331 3330
f 3330 3332 3556
f 3329 3326 3382
f 3329 3382 3331
f 3331 3383 3332
f 3330 3331 3332
f 3556 3332 3333
f 3332 3385 3333
f 1773 3337 3334
f 3334 3337 3347
f 1789 3453 3336
f 1773 3335 3337
f 1788 3338 3335
f 3335 3338 3337
f 3337 3338 3340
f 3347 3337 3354
f 3337 3340 3354
f 1788 3336 3338
f 3338 3339 3340
f 3336 3453 3338
f 3338 3453 3339
f 3340 3339 3341
f 3340 3341 3354
f 3354 3341 3355
f 3341 3339 3355
f 3342 3344 3343
f 1790 3334 3342
f 3342 3348 3344
f 3344 3348 3345
f 3343 3344 2870
f 2870 3345 2881
f 3344 3345 2870
f 3342 3334 3347
f 3342 3347 3348
f 3345 3348 3346
f 3347 3354 3348
f 3348 3356 3346
f 2881 3352 3349
f 2881 3345 3352
f 3349 3350 2883
f 2883 3350 3391
f 3352 3350 3349
f 3352 3351 3350
f 3350 3351 3391
f 3345 3346 3352
f 3346 3356 3352
f 3352 3357 3353
f 3352 3356 3357
f 3352 3353 3351
f 3353 3393 3351
f 3357 3362 3353
f 3353 3362 3394
f 3348 3354 3358
f 3354 3359 3358
f 3348 3358 3356
f 3354 3355 3359
f 3356 3360 3357
f 3356 3358 3360
f 3358 3359 3360
f 3359 3355 3468
f 3360 3359 3366
f 3359 3468 3366
f 3357 3360 3361
f 3357 3361 3362
f 3362 3361 3363
f 3362 3363 3422
f 3422 3363 3364
f 3361 3367 3363
f 3363 3367 3372
f 3363 3372 3364
f 3364 3372 3374
f 3364 3374 3365
f 3361 3360 3367
f 3360 3366 3367
f 3366 3471 3371
f 3366 3369 3367
f 3367 3369 3368
f 3366 3370 3369
f 3366 3371 3370
f 3367 3368 3372
f 3372 3368 3373
f 3372 3373 3374
f 3325 3376 3326
f 3376 3377 3326
f 2889 3379 3325
f 3325 3379 3376
f 3377 3382 3326
f 3376 3381 3377
f 3377 3381 3382
f 3378 3380 3392
f 3376 3379 3380
f 3376 3380 3378
f 2914 3380 3379
f 3376 3378 3396
f 3376 3396 3381
f 3381 3397 3388
f 3624 3385 3387
f 3331 3382 3383
f 3383 3384 3332
f 3381 3383 3382
f 3384 3385 3332
f 3624 3387 3625
f 3245 3625 3404
f 3385 3386 3387
f 3625 3387 3403
f 3625 3403 3404
f 3381 3388 3383
f 3383 3388 3384
f 3384 3388 3405
f 3384 3405 3389
f 3384 3389 3385
f 3385 3389 3386
f 2914 3392 3380
f 3378 3392 3390
f 3378 3390 3396
f 3390 3395 3396
f 2916 3391 3392
f 3392 3391 3393
f 3391 3351 3393
f 3390 3392 3393
f 3390 3393 3395
f 3353 3394 3393
f 3393 3394 3395
f 3395 3394 3398
f 3381 3396 3395
f 3381 3395 3397
f 3397 3405 3388
f 3395 3399 3397
f 3397 3399 3405
f 3362 3422 3394
f 3422 3423 3394
f 3394 3423 3398
f 3398 3423 3424
f 3395 3398 3399
f 3399 3398 3401
f 3399 3400 3410
f 3399 3401 3400
f 3398 3424 3401
f 3401 3429 3419
f 3401 3417 3400
f 3401 3419 3417
f 3402 3389 3406
f 3402 3403 3387
f 3402 3387 3386
f 3402 3386 3389
f 3402 3404 3403
f 3402 3407 3404
f 3405 3406 3389
f 3399 3406 3405
f 3402 3406 3410
f 3402 3410 3407
f 3407 3408 2942
f 3407 3409 3408
f 3407 3412 3409
f 3410 3411 3412
f 3410 3414 3411
f 3407 3410 3412
f 3407 2942 3404
f 3399 3410 3406
f 3410 3400 3415
f 3410 3415 3414
f 3400 3416 3415
f 3400 3417 3416
f 3419 3418 3417
f 3419 3420 3418
f 3422 3364 3423
f 3423 3364 3427
f 3424 3423 3430
f 3423 3427 3430
f 3364 3365 3425
f 3364 3425 3427
f 3427 3425 3428
f 3427 3428 3430
f 3430 3428 3431
f 3424 3430 3401
f 3401 3430 3429
f 3435 3429 3430
f 3435 3430 3431
f 3435 3431 3436
f 3435 3434 3429
f 3435 3450 3434
f 3435 3497 3450
f 3435 3436 3437
f 3435 3437 3497
f 3497 3437 3439
f 3449 3440 3441
f 3449 3441 3505
f 3449 3505 3442
f 3429 3449 3444
f 3429 3434 3449
f 3429 3444 3419
f 3444 3420 3419
f 3444 3443 3420
f 3444 3635 3446
f 3444 3445 3443
f 3444 3446 3445
f 3446 3447 3445
f 3446 3448 3447
f 3434 3440 3449
f 3434 3450 3440
f 3444 3449 3442
f 3444 3442 3635
f 1789 3451 3453
f 1819 3452 3451
f 1822 3457 3452
f 3453 3455 3339
f 3451 3454 3453
f 3453 3454 3455
f 3339 3455 3355
f 3455 3464 3355
f 3455 3465 3464
f 3451 3452 3454
f 3454 3452 3456
f 3452 3457 3460
f 3452 3462 3456
f 3452 3460 3462
f 3455 3454 3456
f 3455 3456 3465
f 3457 3458 3461
f 3458 3463 3461
f 3458 3459 3463
f 3457 3461 3460
f 3460 3461 3462
f 3462 3461 3482
f 3463 6336 3461
f 3461 6336 3482
f 3355 3464 3468
f 3468 3464 3470
f 3464 3465 3470
f 3470 3465 3466
f 3456 3467 3465
f 3456 3481 3467
f 3465 3467 3466
f 3470 3466 3467
f 3468 3470 3469
f 3366 3468 3469
f 3469 3470 3471
f 3366 3469 3471
f 3471 3470 3475
f 3471 3472 3371
f 3471 3475 3476
f 3471 3476 3473
f 3471 3473 3472
f 3470 3467 3475
f 3467 3479 3475
f 3475 3477 3476
f 3475 3478 3477
f 3467 3486 3479
f 3475 3479 3478
f 3456 3462 3481
f 3462 3484 3481
f 3481 3485 3467
f 3481 3484 3485
f 3462 3482 3483
f 3462 3483 3484
f 3482 6352 3483
f 3483 6352 3484
f 3467 3485 3486
f 3485 3484 3488
f 3485 3487 3486
f 3485 3488 3487
f 3484 3489 3488
f 3484 6352 3489
f 6352 6354 3489
f 3503 3493 3492
f 3505 3492 3698
f 3493 3494 3700
f 3503 3506 3493
f 3492 3493 3698
f 3506 3494 3493
f 3708 3494 3495
f 3506 3528 3494
f 3528 3495 3494
f 3708 3495 6377
f 3528 3529 3495
f 3495 3529 6377
f 3497 3504 3450
f 3497 3439 3498
f 3497 3498 3513
f 3513 3498 3500
f 3503 3441 3440
f 3503 3504 3506
f 3503 3450 3504
f 3503 3440 3450
f 3503 3492 3441
f 3441 3492 3505
f 3504 3528 3506
f 3504 3507 3528
f 3497 3507 3504
f 3497 3513 3512
f 3497 3512 3507
f 3513 3500 3514
f 3513 3514 3516
f 3516 3514 3515
f 3516 3515 3517
f 3513 3516 3534
f 3516 3517 3519
f 3513 3534 3512
f 3516 3519 3534
f 3534 3519 3535
f 3736 3756 3510
f 3756 3520 3510
f 3736 3510 3509
f 3736 3509 3511
f 3756 3521 3520
f 3540 3521 3756
f 3540 3522 3521
f 3528 3507 3527
f 3507 3512 3527
f 3533 3530 3527
f 3528 3527 3529
f 3540 3756 3755
f 3540 3755 3531
f 3530 6384 3529
f 3527 3530 3529
f 3530 3545 6384
f 3532 6384 3545
f 3531 6385 3532
f 3755 6385 3531
f 3532 6385 6384
f 3512 3533 3527
f 3512 3534 3533
f 3533 3534 3541
f 3534 3535 3537
f 3533 3541 3545
f 3540 3531 3546
f 3540 3538 3522
f 3534 3537 3541
f 3540 3542 3538
f 3542 3537 3539
f 3542 3539 3538
f 3540 3546 3542
f 3545 3541 3542
f 3546 3545 3542
f 3541 3537 3542
f 3533 3545 3530
f 3546 3532 3545
f 3531 3532 3546
f 2595 3548 3053
f 2596 3549 3548
f 2596 3551 3549
f 3053 3548 3552
f 3549 3552 3548
f 3550 2591 3320
f 3550 3551 2596
f 3550 3320 3551
f 3549 3551 3554
f 3549 3554 3552
f 3053 3552 3555
f 3320 3556 3551
f 3556 3554 3551
f 3552 3554 3553
f 3555 3553 3557
f 3555 3552 3553
f 3556 3333 3554
f 3553 3558 3557
f 3553 3554 3558
f 3625 3063 3557
f 3554 3624 3558
f 3554 3333 3385
f 3554 3385 3624
f 3709 6457 3591
f 3591 6468 3715
f 3715 6468 3718
f 3558 3625 3557
f 3558 3624 3625
f 3635 3442 3726
f 3446 3636 3448
f 3446 3635 3636
f 3635 3726 3636
f 3636 3726 3730
f 3636 3637 3448
f 3636 3638 3637
f 3636 3730 3639
f 3636 3639 3638
f 3730 3640 3639
f 3505 3698 3699
f 3698 3493 3700
f 3698 3700 3701
f 3700 3704 3701
f 3698 3701 3699
f 3714 3702 3701
f 3699 3701 3702
f 3700 3707 3704
f 3704 3705 3701
f 3705 3714 3701
f 3704 3709 3705
f 3704 3707 3706
f 3708 3706 3707
f 3708 6536 3706
f 3704 3706 3709
f 3705 3709 3715
f 3706 6457 3709
f 3712 3717 6539
f 3494 3707 3700
f 3708 3707 3494
f 3755 3711 6545
f 3712 6539 3713
f 3712 3713 3717
f 3752 3713 6539
f 3717 3713 3710
f 3752 6539 3711
f 3705 3715 3714
f 3709 3591 3715
f 3716 3715 3718
f 3714 3715 3716
f 3717 3725 6547
f 3718 6470 3720
f 3716 3718 3719
f 3718 3720 3719
f 3716 3719 3724
f 3720 6547 3725
f 3719 3720 3724
f 3720 3725 3724
f 3714 3716 3702
f 3716 3703 3702
f 3716 3721 3703
f 3721 3724 3762
f 3717 3710 3722
f 3716 3724 3721
f 3725 3722 3723
f 3717 3722 3725
f 3710 3763 3722
f 3763 3723 3722
f 3725 3723 3724
f 3762 3724 3723
f 3505 3699 3442
f 3442 3699 3726
f 3699 3702 3726
f 3726 3702 3727
f 3726 3727 3730
f 3727 3702 3703
f 3727 3703 3747
f 3727 3747 3742
f 3730 3742 3640
f 3730 3727 3742
f 3742 3728 3640
f 3742 3734 3728
f 3734 3731 3728
f 3734 3733 3731
f 3734 3732 3733
f 3736 3738 3753
f 3735 3756 3736
f 3735 3736 3753
f 3753 3738 3754
f 3736 3511 3738
f 3738 3511 3737
f 3738 3737 3739
f 3738 3739 3744
f 3738 3744 3745
f 3754 3738 3745
f 3742 3743 3734
f 3754 3745 3759
f 3742 3766 3743
f 3746 3766 3759
f 3743 3766 3746
f 3746 3759 3745
f 3746 3745 3734
f 3734 3744 3732
f 3734 3745 3744
f 3743 3746 3734
f 3703 3721 3747
f 3742 3747 3721
f 3742 3764 3766
f 3756 3752 3711
f 3735 3752 3756
f 3735 3753 3752
f 3753 3713 3752
f 3753 3710 3713
f 3753 3754 3710
f 3754 3759 3710
f 3756 3711 3755
f 3742 3721 3764
f 3759 3763 3710
f 3764 3721 3762
f 3764 3762 3765
f 3763 3765 3762
f 3759 3766 3764
f 3759 3764 3765
f 3759 3765 3763
f 3763 3762 3723
f 4576 4577 4700
f 1419 4576 4578
f 1419 4581 1427
f 1419 4578 4581
f 1427 4581 4592
f 4576 4580 4578
f 4576 4700 4580
f 4579 4580 4700
f 4579 4593 4580
f 4579 4700 4593
f 4578 4582 4581
f 4578 4580 4582
f 1420 4590 4585
f 1420 4585 4583
f 1675 1420 4583
f 4583 4588 4584
f 4583 4584 4848
f 4848 4584 4586
f 4583 4585 4588
f 4585 4597 4589
f 4591 4597 4585
f 4584 4588 4589
f 4584 4589 4586
f 4586 4589 4587
f 4587 4589 4869
f 4585 4589 4588
f 1427 4592 4590
f 4590 4591 4585
f 4590 4592 4591
f 4591 4592 4604
f 4591 4604 4597
f 4581 4605 4592
f 4580 4593 4594
f 4580 4594 4582
f 4581 4582 4595
f 4581 4596 4605
f 4582 4594 4595
f 4581 4595 4596
f 4595 4594 4791
f 4595 4791 4596
f 4596 4791 4643
f 4597 4601 4598
f 4589 4597 4598
f 4589 4598 4599
f 4869 4589 4599
f 4598 4602 4599
f 4869 4599 4600
f 4599 4602 4600
f 4598 4601 4602
f 4600 4602 4872
f 4602 4603 4872
f 4602 4641 4603
f 4603 4641 4873
f 4592 4605 4604
f 4605 4606 4604
f 4604 4601 4597
f 4604 4606 4601
f 4606 4602 4601
f 4606 4608 4602
f 4602 4608 4607
f 4605 4596 4608
f 4605 4608 4606
f 4596 4643 4608
f 4602 4607 4641
f 4608 4642 4607
f 4608 4643 4644
f 4643 4791 4644
f 4608 4644 4642
f 4791 4797 4644
f 4644 4797 4799
f 4644 4645 4642
f 4644 4799 4645
f 4607 4645 4641
f 4607 4642 4645
f 4645 4646 4641
f 4645 4648 4646
f 4648 4647 4646
f 4646 4647 4914
f 4645 4799 4648
f 4648 4927 4647
f 4648 4803 4927
f 1417 4699 4697
f 4577 4697 4700
f 4698 4706 4699
f 4697 4703 4700
f 4699 4703 4697
f 4699 4707 4703
f 1619 4701 4698
f 1620 4702 4701
f 4699 4706 4707
f 4698 4701 4706
f 4701 4709 4706
f 4701 4702 4709
f 4702 4723 4709
f 4700 4703 4704
f 4700 4704 4593
f 4703 4707 4705
f 4593 4704 4594
f 4594 4704 4789
f 4703 4705 4704
f 4704 4705 4710
f 4594 4789 4791
f 4707 4706 4708
f 4706 4709 4708
f 4709 4712 4708
f 4709 4723 4712
f 4707 4710 4705
f 4707 4708 4711
f 4707 4711 4710
f 4704 4710 4793
f 4710 4711 4810
f 4708 4712 4711
f 4712 4724 4711
f 1620 4716 4702
f 4702 4716 4713
f 4702 4728 4723
f 4702 4713 4728
f 4716 4718 4713
f 4716 1652 4717
f 4716 4717 4718
f 4713 4718 4721
f 4713 4722 4728
f 4713 4721 4722
f 4728 4722 4729
f 4723 4725 4712
f 4723 4728 4725
f 4810 4726 4734
f 4810 4734 4811
f 4712 4725 4724
f 4724 4810 4711
f 4724 4726 4810
f 4724 4725 4726
f 4725 4740 4726
f 4728 4729 4725
f 4725 4730 4740
f 4725 4729 4730
f 4740 4730 4731
f 4740 4732 4733
f 4740 4731 4732
f 4734 4738 4811
f 4734 4740 4735
f 4734 4735 4736
f 4734 4736 4739
f 4734 4739 4738
f 4734 4726 4740
f 4740 4733 4735
f 4704 4790 4789
f 4704 4793 4790
f 4789 4792 4791
f 4791 4792 4797
f 4789 4790 4792
f 4790 4795 4792
f 4792 4798 4797
f 4792 4795 4798
f 4790 4793 4794
f 4710 4811 4793
f 4793 4812 4794
f 4790 4794 4795
f 4795 4794 4796
f 4795 4801 4798
f 4795 4796 4801
f 4794 4812 4796
f 4801 4796 4813
f 4801 4813 4840
f 4797 4798 4799
f 4648 4799 4802
f 4799 4798 4800
f 4798 4801 4800
f 4799 4800 4802
f 4648 4802 4804
f 4801 4840 4800
f 4800 4806 4802
f 4802 4806 4804
f 4648 4804 4803
f 4927 4803 4959
f 4804 4805 4803
f 4804 4806 4808
f 4804 4808 4805
f 4803 4805 4959
f 4800 4840 4806
f 4806 4840 4807
f 4806 4807 4809
f 4807 4842 4809
f 4806 4809 4808
f 4805 4808 4959
f 4809 4845 4808
f 4808 4845 4959
f 4710 4810 4811
f 4811 4814 4793
f 4793 4814 4819
f 4793 4819 4812
f 4796 4824 4813
f 4813 4827 4840
f 4796 4812 4824
f 4813 4824 4827
f 4811 4816 4814
f 4811 4738 4816
f 4814 4816 4817
f 4814 4817 4820
f 4812 4819 4818
f 4814 4820 4819
f 4819 4820 4822
f 4818 4819 4825
f 4819 4822 4825
f 4825 4822 4826
f 4812 4818 4824
f 4818 4825 4824
f 4824 4825 4830
f 4824 4830 4827
f 4827 4830 4841
f 4830 4836 4841
f 4830 4833 4836
f 4825 4833 4830
f 4825 4826 4833
f 4833 4826 4831
f 4833 4831 4832
f 4833 4832 4839
f 4839 4832 4837
f 4836 4833 4838
f 4838 4833 4839
f 4838 4839 5192
f 4839 4837 5181
f 4827 4842 4840
f 4840 4842 4807
f 4827 4841 4842
f 4841 4847 4842
f 4809 4842 4845
f 4841 4843 4847
f 4841 4844 4843
f 4843 4844 5187
f 4842 4847 4845
f 4847 4846 4845
f 4843 5187 4847
f 4847 5187 5188
f 4847 5188 4846
f 4836 4844 4841
f 4836 5192 4844
f 4836 4838 5192
f 1653 4848 4850
f 4848 4852 4850
f 4848 4867 4852
f 1661 4850 4849
f 1653 4850 1655
f 1655 4850 1661
f 4850 4852 4851
f 4850 4851 4849
f 4867 4868 4852
f 4852 4868 4871
f 4852 4853 4851
f 4852 4871 4854
f 4852 4854 4853
f 1661 4849 4855
f 4855 4859 4856
f 4849 4859 4855
f 4856 4859 4860
f 4849 4851 4859
f 1683 4856 4857
f 4857 4856 4858
f 4856 4860 4861
f 4856 4861 4858
f 4851 4860 4859
f 4851 4853 4860
f 4853 4864 4860
f 4860 4864 4862
f 4861 4863 4858
f 4860 4862 4861
f 4861 4862 4863
f 4862 4865 4863
f 4854 4878 4853
f 4853 4878 4864
f 4878 4880 4864
f 4864 4880 4865
f 4862 4864 4865
f 4865 4866 4863
f 4865 4880 4882
f 4865 4890 4866
f 4865 4882 4890
f 1653 1675 4583
f 1653 4583 4848
f 4848 4586 4867
f 4586 4587 4867
f 4867 4587 4868
f 4587 4869 4868
f 4868 4869 4871
f 4869 4600 4870
f 4869 4870 4875
f 4854 4871 4876
f 4869 4875 4871
f 4854 4876 4878
f 4870 4874 4875
f 4870 4600 4872
f 4870 4872 4874
f 4603 4873 4872
f 4872 4873 4874
f 4871 4875 4876
f 4875 4910 4876
f 4876 4918 4879
f 4875 4874 4877
f 4875 4877 4910
f 4876 4910 4918
f 4878 4876 4879
f 4878 4879 4880
f 4879 4881 4880
f 4880 4881 4882
f 4879 4918 4919
f 4879 4919 4881
f 4881 4919 4921
f 4890 4882 4883
f 4890 4883 4903
f 4882 4881 4883
f 4881 4921 4883
f 4883 4921 4903
f 4921 4931 4903
f 1683 4857 4884
f 4857 4858 4884
f 4884 4858 4886
f 4884 4886 4885
f 1685 4884 4885
f 4885 4886 4887
f 1685 4885 4891
f 4885 4892 4891
f 4858 4863 4886
f 4886 4888 4887
f 4886 4863 4888
f 4887 4888 4889
f 4885 4887 4889
f 4885 4889 4892
f 4888 4900 4889
f 4863 4866 4888
f 4888 4866 4890
f 4888 4899 4900
f 4888 4890 4899
f 1697 4891 4893
f 4891 4892 4893
f 4892 4889 4901
f 4892 4901 4893
f 1697 4894 1701
f 1697 4893 4894
f 4901 4906 4893
f 1701 4894 1705
f 1705 4897 4895
f 4895 4896 4941
f 1705 4894 4897
f 4897 4896 4895
f 4893 4906 4894
f 4894 4906 4897
f 4897 4898 4896
f 4897 4906 4908
f 4897 4945 4898
f 4896 4898 4944
f 4899 4901 4900
f 4889 4900 4901
f 4899 4904 4901
f 4901 4905 4907
f 4890 4903 4899
f 4899 4903 4902
f 4899 4902 4904
f 4903 4932 4902
f 4902 4932 4904
f 4901 4904 4905
f 4904 4933 4905
f 4905 4909 4907
f 4905 4937 4909
f 4901 4907 4906
f 4906 4907 4908
f 4897 4908 4945
f 4908 4907 4909
f 4908 4909 4949
f 4909 4974 4949
f 4909 4937 4974
f 4641 4912 4873
f 4874 4873 4912
f 4874 4912 4911
f 4874 4911 4877
f 4877 4911 4910
f 4910 4911 4918
f 4918 4911 4923
f 4911 4916 4923
f 4641 4646 4912
f 4912 4913 4911
f 4646 4914 4912
f 4912 4914 4913
f 4913 4914 4915
f 4647 4927 4914
f 4913 4916 4911
f 4913 4915 4917
f 4913 4917 4916
f 4916 4917 4924
f 4915 4928 4917
f 4918 4920 4919
f 4918 4923 4920
f 4919 4920 4922
f 4921 4919 4922
f 4921 4922 4925
f 4920 4925 4922
f 4921 4925 4931
f 4931 4925 4934
f 4923 4924 4920
f 4923 4916 4924
f 4920 4924 4925
f 4917 4930 4924
f 4924 4930 4926
f 4925 4926 4934
f 4925 4924 4926
f 4927 4954 4914
f 4914 4954 4915
f 4917 4928 4929
f 4917 4929 4930
f 4929 4963 4930
f 4930 4965 4926
f 4926 4965 4986
f 4903 4931 4932
f 4931 4934 4932
f 4932 4934 4933
f 4904 4932 4933
f 4934 4936 4933
f 4905 4933 4935
f 4905 4935 4937
f 4936 4935 4933
f 4937 4935 4938
f 4937 4938 4974
f 4936 4938 4935
f 4936 4940 4938
f 4934 4939 4936
f 4934 4926 4939
f 4936 4939 4940
f 4938 4940 4972
f 4940 4939 4973
f 4939 4987 4973
f 4940 4973 4972
f 4974 4938 4977
f 4938 4972 4977
f 4926 4986 4939
f 4939 4986 4987
f 1826 4895 4941
f 1826 4941 3459
f 3459 4941 4942
f 4896 4944 4941
f 4941 4943 4942
f 4898 4945 4946
f 4941 4944 4943
f 4898 4946 4944
f 4943 4944 4946
f 4943 4946 4947
f 4908 4949 4945
f 4945 4949 4951
f 4946 4948 4947
f 4947 4948 6338
f 4946 4945 4951
f 4946 4951 4948
f 4948 4952 6338
f 4949 4950 4951
f 4949 4974 4975
f 4949 4975 4950
f 4948 4951 4953
f 4951 4950 4978
f 4951 4978 4953
f 4948 4953 4952
f 4927 4959 4954
f 4954 4955 4915
f 4954 4957 4955
f 4954 4959 4957
f 4915 4955 4928
f 4928 4956 4929
f 4928 4955 4956
f 4957 4958 4955
f 4955 4958 4956
f 4956 4958 4962
f 4956 4962 4968
f 4957 4959 4960
f 4957 4961 4958
f 4957 4960 4961
f 4959 4845 4960
f 4960 5402 4961
f 4958 4961 4962
f 4961 5402 4962
f 4929 4956 4963
f 4963 4964 4930
f 4930 4964 4965
f 4964 4967 4965
f 4965 4967 4986
f 4956 4968 4963
f 4963 4968 4964
f 4964 4968 4966
f 4964 4966 4967
f 4967 4966 4990
f 4966 4971 4990
f 4962 4970 4968
f 4968 4969 4966
f 4968 4970 4969
f 4966 4969 5400
f 4966 5400 4971
f 4845 4846 4960
f 4960 4846 5401
f 4972 4973 4981
f 4974 4977 4975
f 4975 4977 4976
f 4950 4975 4976
f 4950 4976 4978
f 4977 4979 4976
f 4979 4980 4976
f 4976 4980 4982
f 4953 4978 4983
f 4976 4982 4978
f 4978 4982 4983
f 4953 4983 4984
f 4977 4972 4979
f 4979 4995 4980
f 4979 4972 4981
f 4979 4981 4995
f 4980 4995 4982
f 4982 4995 4983
f 4984 4983 4985
f 4983 4995 4985
f 4985 4995 4998
f 4986 4967 4988
f 4986 4988 4987
f 4987 4988 4989
f 4987 4989 4973
f 4973 4991 4981
f 4973 4989 4991
f 4988 4991 4989
f 4981 4991 4996
f 4967 4990 4988
f 4988 4990 4992
f 4988 4992 4991
f 4990 4971 4992
f 4992 4971 5448
f 4992 5448 5449
f 4992 4993 4991
f 4991 4994 4996
f 4991 4993 4994
f 4992 5449 4993
f 5449 4994 4993
f 4981 4996 4995
f 4996 4997 4995
f 4996 5000 4997
f 4995 4997 4999
f 4995 4999 4998
f 4997 5001 4999
f 4996 5002 5000
f 4996 4994 5002
f 4997 5000 5001
f 5000 5002 5001
f 4999 5001 5004
f 5002 4994 5466
f 4999 5004 6420
f 5002 5466 5003
f 5002 5003 5001
f 5001 5003 5005
f 5005 5003 5007
f 5004 5001 5005
f 5004 5006 6420
f 5004 5005 5006
f 5005 5007 5006
f 5006 5007 5472
f 5006 5010 6431
f 5006 5472 5010
f 6431 5010 5009
f 4839 5181 5182
f 4839 5182 5194
f 4844 5189 5187
f 5187 5191 5188
f 5187 5189 5190
f 5187 5190 5191
f 5189 5199 5190
f 4844 5192 5189
f 5192 5195 5189
f 5192 5194 5195
f 5192 4839 5194
f 5194 5182 5193
f 5194 5193 5196
f 5194 5196 5197
f 5195 5194 5197
f 5195 5197 5198
f 5195 5198 5208
f 5189 5195 5200
f 5189 5200 5199
f 5190 5411 5191
f 5190 5199 5411
f 5199 5200 5431
f 5195 5208 5200
f 5210 5208 5209
f 5200 5208 5210
f 5210 5209 5211
f 5200 5210 5213
f 5200 5213 5431
f 5210 5211 5212
f 5210 5212 5213
f 5213 5212 5214
f 4962 5402 5403
f 4962 5417 4970
f 4969 4970 5418
f 5400 5448 4971
f 4969 5418 5400
f 4960 5401 5402
f 4846 5188 5405
f 4846 5405 5401
f 5402 5407 5403
f 4962 5403 5417
f 5401 5407 5402
f 5403 5407 5404
f 5188 5406 5405
f 5405 5408 5401
f 5401 5408 5407
f 5188 5191 5406
f 5405 5406 5408
f 5407 5421 5404
f 5407 5408 5421
f 5406 5413 5408
f 5408 5413 5416
f 5408 5409 5421
f 5408 5416 5409
f 5191 5410 5406
f 5191 5411 5410
f 5406 5410 5413
f 5410 5412 5413
f 5199 5431 5411
f 5411 5431 5412
f 5410 5411 5412
f 5413 5414 5416
f 5413 5415 5414
f 5412 5439 5413
f 5413 5437 5415
f 5413 5439 5437
f 4970 5417 5418
f 5403 5404 5417
f 5404 5420 5417
f 5417 5420 5418
f 5400 5419 5448
f 5400 5418 5419
f 5418 5420 5419
f 5404 5421 5420
f 5421 5409 5423
f 5421 5423 5424
f 5421 5425 5420
f 5421 5424 5425
f 5420 5428 5419
f 5419 5428 5454
f 5420 5425 5427
f 5420 5427 5428
f 5454 5428 5429
f 5431 5213 5433
f 5412 5431 5439
f 5431 5438 5439
f 5431 5435 5438
f 5213 5214 5432
f 5213 5432 5433
f 5431 5433 5435
f 5439 5440 5437
f 5439 5438 5441
f 5439 5441 5440
f 5448 5451 5449
f 5448 5450 5451
f 5448 5419 5450
f 5450 5419 5454
f 5451 5450 5453
f 5451 5453 5452
f 5449 5452 4994
f 5449 5451 5452
f 4994 5452 5466
f 5466 5452 5467
f 5450 5454 5453
f 5454 5461 5453
f 5453 5461 5463
f 5453 5455 5452
f 5467 5452 5455
f 5453 5463 5455
f 5455 5463 5456
f 5455 5456 5457
f 5467 5455 5457
f 5454 5429 5459
f 5454 5459 5460
f 5454 5460 5461
f 5466 5467 5003
f 5467 5007 5003
f 5467 5468 5007
f 5467 5470 5468
f 5467 5457 5471
f 5467 5471 5470
f 5468 5470 5469
f 5007 5468 5472
f 5472 5468 5473
f 5468 5469 5473
f 5472 5473 5008
f 5472 5008 5010
f 3459 4942 6335
f 3459 6335 3463
f 4942 6332 6333
f 4942 6333 6335
f 4942 4943 6332
f 4943 6334 6332
f 4943 4947 6334
f 6332 6334 6333
f 6333 6334 6338
f 4947 6338 6334
f 6333 6338 6337
f 6338 6342 6337
f 3463 6335 6336
f 6336 6335 6337
f 3482 6336 6348
f 6336 6349 6348
f 6333 6337 6335
f 6336 6337 6349
f 6342 6362 6337
f 6337 6362 6349
f 6338 6339 6342
f 4952 6339 6338
f 6339 6343 6342
f 6339 6341 6343
f 4952 6340 6339
f 6339 6340 6341
f 4952 4953 6340
f 6341 6340 6398
f 6342 6343 6344
f 6343 6346 6344
f 6342 6344 6362
f 6344 6346 6364
f 6343 6341 6345
f 6341 6398 6345
f 6343 6345 6346
f 6345 6398 6347
f 6345 6347 6346
f 6346 6347 6364
f 3482 6348 6353
f 3482 6353 6352
f 6348 6349 6350
f 6348 6350 6353
f 6350 6349 6351
f 6349 6362 6351
f 6352 6353 6355
f 6352 6355 6354
f 6353 6356 6355
f 6353 6358 6356
f 6353 6350 6358
f 6350 6351 6358
f 6358 6351 6366
f 6358 6359 6356
f 6358 6360 6359
f 6358 6367 6360
f 6358 6366 6367
f 6362 6344 6364
f 6364 6347 6363
f 6362 6371 6351
f 6362 6364 6371
f 6364 6372 6371
f 6364 6363 6372
f 6363 6407 6372
f 6351 6371 6365
f 6351 6365 6366
f 6366 6368 6367
f 6366 6369 6368
f 6365 6369 6366
f 6365 6371 6373
f 6365 6373 6369
f 6371 6372 6375
f 6371 6374 6373
f 6371 6375 6374
f 6372 6409 6375
f 6372 6408 6409
f 6538 6377 6378
f 6538 6378 6543
f 3529 6378 6377
f 6378 6384 6379
f 6378 6379 6543
f 3529 6384 6378
f 6384 6385 6379
f 4953 4984 6340
f 4984 6398 6340
f 6398 6399 6400
f 4984 6399 6398
f 6398 6400 6347
f 6347 6400 6402
f 6399 6402 6400
f 4984 4985 6399
f 4985 6401 6399
f 6399 6401 6402
f 4985 6418 6401
f 4985 4998 6418
f 4998 4999 6418
f 6347 6402 6407
f 6347 6407 6363
f 6402 6404 6407
f 6401 6419 6403
f 6401 6403 6402
f 6403 6404 6402
f 6407 6404 6405
f 6403 6421 6404
f 6404 6421 6405
f 6405 6406 6415
f 6405 6423 6406
f 6372 6407 6408
f 6408 6407 6412
f 6408 6410 6409
f 6408 6411 6410
f 6408 6412 6411
f 6407 6405 6412
f 6405 6413 6412
f 6405 6415 6413
f 6401 6418 6419
f 4999 6420 6418
f 6418 6420 6419
f 6419 6420 6427
f 6403 6419 6421
f 5006 6427 6420
f 6419 6427 6421
f 6405 6421 6423
f 6423 6422 6406
f 6423 6426 6424
f 6423 6425 6422
f 6423 6424 6425
f 6421 6427 6423
f 6423 6428 6426
f 6427 6428 6423
f 5006 6431 6427
f 6427 6431 6432
f 6427 6430 6429
f 6427 6429 6428
f 6427 6432 6430
f 6431 5009 6432
f 6460 6463 6455
f 6458 6456 6536
f 3591 6457 6465
f 6458 6460 6456
f 6457 6455 6465
f 6456 6460 6455
f 6457 6456 6455
f 6457 6536 6456
f 6462 6540 6469
f 6458 6541 6459
f 6458 6459 6460
f 6460 6459 6461
f 6460 6461 6463
f 6461 6459 6462
f 6461 6462 6469
f 6459 6541 6462
f 6455 6463 6464
f 3591 6465 6468
f 6465 6464 6468
f 6464 6467 6468
f 6468 6467 6470
f 6455 6464 6465
f 6461 6469 6463
f 6464 6463 6466
f 6463 6469 6466
f 6464 6466 6467
f 6471 6466 6469
f 6467 6466 6471
f 6469 6546 6547
f 6471 6469 6547
f 3718 6468 6470
f 6470 6467 6471
f 6470 6471 6547
f 6537 6458 6536
f 6542 6540 6462
f 3708 6377 6536
f 6537 6536 6377
f 6537 6538 6542
f 6537 6377 6538
f 6538 6543 6542
f 6542 6544 6540
f 3706 6536 6457
f 6540 6546 6469
f 6539 6546 6540
f 6537 6541 6458
f 6542 6462 6541
f 6537 6542 6541
f 3711 6540 6545
f 6542 6543 6544
f 6545 6544 6543
f 6545 6540 6544
f 6545 6379 6385
f 6545 6543 6379
f 3711 6539 6540
f 3717 6547 6546
f 3717 6546 6539
f 3720 6470 6547
f 3755 6545 6385

