# https://github.com/mikedh/trimesh
v -1.29818094 -1.11239517 -0.40884379
v -1.29818094 -1.11239517 -0.37538081
v -1.29818094 -1.07763290 -0.40884379
v -1.29818094 -1.07763290 -0.37538081
v -1.29818094 -1.11239517 -0.34191784
v -1.29818094 -1.07763290 -0.34191784
v -1.29818094 -1.04287052 -0.40884379
v -1.29818094 -1.04287052 -0.37538081
v -1.29818094 -1.04287052 -0.34191784
v -1.22419930 -1.11239517 -0.40884379
v -1.22419930 -1.11239517 -0.37538081
v -1.22419930 -1.07763290 -0.40884379
v -1.22419930 -1.11239517 -0.34191784
v -1.22419930 -1.04287052 -0.40884379
v -1.29818094 -1.11239517 -0.30845487
v -1.29818094 -1.07763290 -0.30845487
v -1.29818094 -1.11239517 -0.27499190
v -1.29818094 -1.07763290 -0.27499190
v -1.29818094 -1.04287052 -0.30845487
v -1.29818094 -1.04287052 -0.27499190
v -1.22419930 -1.11239517 -0.30845487
v -1.22419930 -1.11239517 -0.27499190
v -1.29818094 -1.00810814 -0.40884379
v -1.29818094 -1.00810814 -0.37538081
v -1.29818094 -1.00810814 -0.34191784
v -1.29818094 -0.97334582 -0.40884379
v -1.29818094 -0.97334582 -0.37538081
v -1.29818094 -0.97334582 -0.34191784
v -1.22419930 -1.00810814 -0.40884379
v -1.22419930 -0.97334582 -0.40884379
v -1.29818094 -1.00810814 -0.30845487
v -1.29818094 -1.00810814 -0.27499190
v -1.29818094 -0.97334582 -0.30845487
v -1.29818094 -0.97334582 -0.27499190
v -1.15021777 -1.11239517 -0.40884379
v -1.15021777 -1.11239517 -0.37538081
v -1.15021777 -1.07763290 -0.40884379
v -1.15021777 -1.11239517 -0.34191784
v -1.15021777 -1.04287052 -0.40884379
v -1.07623625 -1.11239517 -0.40884379
v -1.07623625 -1.11239517 -0.37538081
v -1.07623625 -1.07763290 -0.40884379
v -1.07623625 -1.11239517 -0.34191784
v -1.07623625 -1.04287052 -0.40884379
v -1.15021777 -1.11239517 -0.30845487
v -1.15021777 -1.11239517 -0.27499190
v -1.07623625 -1.11239517 -0.30845487
v -1.07623625 -1.11239517 -0.27499190
v -1.15021777 -1.00810814 -0.40884379
v -1.15021777 -0.97334582 -0.40884379
v -1.07623625 -1.00810814 -0.40884379
v -1.07623625 -0.97334582 -0.40884379
v -1.29818094 -1.11239517 -0.24152893
v -1.29818094 -1.07763290 -0.24152893
v -1.29818094 -1.11239517 -0.20806596
v -1.29818094 -1.07763290 -0.20806596
v -1.29818094 -1.04287052 -0.24152893
v -1.29818094 -1.04287052 -0.20806596
v -1.22419930 -1.11239517 -0.24152893
v -1.22419930 -1.11239517 -0.20806596
v -1.29818094 -1.11239517 -0.17460297
v -1.29818094 -1.07763290 -0.17460297
v -1.29818094 -1.11239517 -0.14114000
v -1.29818094 -1.07763290 -0.14114000
v -1.29818094 -1.04287052 -0.17460297
v -1.29818094 -1.04287052 -0.14114000
v -1.22419930 -1.11239517 -0.17460297
v -1.22419930 -1.11239517 -0.14114000
v -1.29818094 -1.00810814 -0.24152893
v -1.29818094 -1.00810814 -0.20806596
v -1.29818094 -0.97334582 -0.24152893
v -1.29818094 -0.97334582 -0.20806596
v -1.29818094 -1.00810814 -0.17460297
v -1.29818094 -1.00810814 -0.14114000
v -1.29818094 -0.97334582 -0.17460297
v -1.29818094 -0.97334582 -0.14114000
v -1.15021777 -1.11239517 -0.24152893
v -1.15021777 -1.11239517 -0.20806596
v -1.07623625 -1.11239517 -0.24152893
v -1.07623625 -1.11239517 -0.20806596
v -1.15021777 -1.11239517 -0.17460297
v -1.15021777 -1.11239517 -0.14114000
v -1.07623625 -1.11239517 -0.17460297
v -1.07623625 -1.11239517 -0.14114000
v -1.29818094 -0.93858343 -0.40884379
v -1.29818094 -0.93858343 -0.37538081
v -1.29818094 -0.93858343 -0.34191784
v -1.29818094 -0.90382111 -0.40884379
v -1.29818094 -0.90382111 -0.37538081
v -1.29818094 -0.90382111 -0.34191784
v -1.22419930 -0.93858343 -0.40884379
v -1.22419930 -0.90382111 -0.40884379
v -1.29818094 -0.93858343 -0.30845487
v -1.29818094 -0.93858343 -0.27499190
v -1.29818094 -0.90382111 -0.30845487
v -1.29818094 -0.90382111 -0.27499190
v -1.29818094 -0.86905873 -0.40884379
v -1.29818094 -0.86905873 -0.37538081
v -1.29818094 -0.86905873 -0.34191784
v -1.29818094 -0.83429641 -0.40884379
v -1.29818094 -0.83429641 -0.37538081
v -1.29818094 -0.83429641 -0.34191784
v -1.22419930 -0.86905873 -0.40884379
v -1.22419930 -0.83429641 -0.40884379
v -1.29818094 -0.86905873 -0.30845487
v -1.29818094 -0.86905873 -0.27499190
v -1.29818094 -0.83429641 -0.30845487
v -1.29818094 -0.83429641 -0.27499190
v -1.15021777 -0.93858343 -0.40884379
v -1.15021777 -0.90382111 -0.40884379
v -1.07623625 -0.93858343 -0.40884379
v -1.07623625 -0.90382111 -0.40884379
v -1.15021777 -0.86905873 -0.40884379
v -1.15021777 -0.83429641 -0.40884379
v -1.07623625 -0.86905873 -0.40884379
v -1.07623625 -0.83429641 -0.40884379
v -1.29818094 -0.93858343 -0.24152893
v -1.29818094 -0.93858343 -0.20806596
v -1.29818094 -0.90382111 -0.24152893
v -1.29818094 -0.90382111 -0.20806596
v -1.29818094 -0.93858343 -0.17460297
v -1.29818094 -0.93858343 -0.14114000
v -1.29818094 -0.90382111 -0.17460297
v -1.29818094 -0.90382111 -0.14114000
v -1.29818094 -0.86905873 -0.24152893
v -1.29818094 -0.86905873 -0.20806596
v -1.29818094 -0.83429641 -0.24152893
v -1.29818094 -0.83429641 -0.20806596
v -1.29818094 -0.86905873 -0.17460297
v -1.29818094 -0.86905873 -0.14114000
v -1.29818094 -0.83429641 -0.17460297
v -1.29818094 -0.83429641 -0.14114000
v -1.00225461 -1.11239517 -0.40884379
v -1.00225461 -1.11239517 -0.37538081
v -1.00225461 -1.07763290 -0.40884379
v -1.00225461 -1.11239517 -0.34191784
v -1.00225461 -1.04287052 -0.40884379
v -0.92827308 -1.11239517 -0.40884379
v -0.92827308 -1.11239517 -0.37538081
v -0.92827308 -1.07763290 -0.40884379
v -0.92827308 -1.11239517 -0.34191784
v -0.92827308 -1.04287052 -0.40884379
v -1.00225461 -1.11239517 -0.30845487
v -1.00225461 -1.11239517 -0.27499190
v -0.92827308 -1.11239517 -0.30845487
v -0.92827308 -1.11239517 -0.27499190
v -1.00225461 -1.00810814 -0.40884379
v -1.00225461 -0.97334582 -0.40884379
v -0.92827308 -1.00810814 -0.40884379
v -0.92827308 -0.97334582 -0.40884379
v -0.85429156 -1.11239517 -0.40884379
v -0.85429156 -1.11239517 -0.37538081
v -0.85429156 -1.07763290 -0.40884379
v -0.85429156 -1.11239517 -0.34191784
v -0.85429156 -1.04287052 -0.40884379
v -0.78030998 -1.11239517 -0.40884379
v -0.78030998 -1.11239517 -0.37538081
v -0.78030998 -1.07763290 -0.40884379
v -0.78030998 -1.11239517 -0.34191784
v -0.78030998 -1.04287052 -0.40884379
v -0.85429156 -1.11239517 -0.30845487
v -0.85429156 -1.11239517 -0.27499190
v -0.78030998 -1.11239517 -0.30845487
v -0.78030998 -1.11239517 -0.27499190
v -0.85429156 -1.00810814 -0.40884379
v -0.85429156 -0.97334582 -0.40884379
v -0.78030998 -1.00810814 -0.40884379
v -0.78030998 -0.97334582 -0.40884379
v -1.00225461 -1.11239517 -0.24152893
v -1.00225461 -1.11239517 -0.20806596
v -0.92827308 -1.11239517 -0.24152893
v -0.92827308 -1.11239517 -0.20806596
v -1.00225461 -1.11239517 -0.17460297
v -1.00225461 -1.11239517 -0.14114000
v -0.92827308 -1.11239517 -0.17460297
v -0.92827308 -1.11239517 -0.14114000
v -0.85429156 -1.11239517 -0.24152893
v -0.85429156 -1.11239517 -0.20806596
v -0.78030998 -1.11239517 -0.24152893
v -0.78030998 -1.11239517 -0.20806596
v -0.85429156 -1.11239517 -0.17460297
v -0.85429156 -1.11239517 -0.14114000
v -0.78030998 -1.11239517 -0.17460297
v -0.78030998 -1.11239517 -0.14114000
v -1.00225461 -0.93858343 -0.40884379
v -1.00225461 -0.90382111 -0.40884379
v -0.92827308 -0.93858343 -0.40884379
v -0.92827308 -0.90382111 -0.40884379
v -1.00225461 -0.86905873 -0.40884379
v -1.00225461 -0.83429641 -0.40884379
v -0.92827308 -0.86905873 -0.40884379
v -0.92827308 -0.83429641 -0.40884379
v -0.85429156 -0.93858343 -0.40884379
v -0.85429156 -0.90382111 -0.40884379
v -0.78030998 -0.93858343 -0.40884379
v -0.78030998 -0.90382111 -0.40884379
v -0.85429156 -0.86905873 -0.40884379
v -0.85429156 -0.83429641 -0.40884379
v -0.78030998 -0.86905873 -0.40884379
v -0.78030998 -0.83429641 -0.40884379
v -1.29818094 -1.11239517 -0.10767703
v -1.29818094 -1.07763290 -0.10767703
v -1.29818094 -1.11239517 -0.07421405
v -1.29818094 -1.07763290 -0.07421405
v -1.29818094 -1.04287052 -0.10767703
v -1.29818094 -1.04287052 -0.07421405
v -1.22419930 -1.11239517 -0.10767703
v -1.22419930 -1.11239517 -0.07421405
v -1.29818094 -1.11239517 -0.04075107
v -1.29818094 -1.07763290 -0.04075107
v -1.29818094 -1.11239517 -0.00728810
v -1.29818094 -1.07763290 -0.00728810
v -1.29818094 -1.04287052 -0.04075107
v -1.29818094 -1.04287052 -0.00728810
v -1.22419930 -1.11239517 -0.04075107
v -1.22419930 -1.11239517 -0.00728810
v -1.29818094 -1.00810814 -0.10767703
v -1.29818094 -1.00810814 -0.07421405
v -1.29818094 -0.97334582 -0.10767703
v -1.29818094 -0.97334582 -0.07421405
v -1.29818094 -1.00810814 -0.04075107
v -1.29818094 -1.00810814 -0.00728810
v -1.29818094 -0.97334582 -0.04075107
v -1.29818094 -0.97334582 -0.00728810
v -1.15021777 -1.11239517 -0.10767703
v -1.15021777 -1.11239517 -0.07421405
v -1.07623625 -1.11239517 -0.10767703
v -1.07623625 -1.11239517 -0.07421405
v -1.15021777 -1.11239517 -0.04075107
v -1.15021777 -1.11239517 -0.00728810
v -1.07623625 -1.11239517 -0.04075107
v -1.07623625 -1.11239517 -0.00728810
v -1.29818094 -1.11239517 0.02617487
v -1.29818094 -1.07763290 0.02617487
v -1.29818094 -1.11239517 0.05963785
v -1.29818094 -1.07763290 0.05963785
v -1.29818094 -1.04287052 0.02617487
v -1.29818094 -1.04287052 0.05963785
v -1.22419930 -1.11239517 0.02617487
v -1.22419930 -1.11239517 0.05963785
v -1.29818094 -1.11239517 0.09310082
v -1.29818094 -1.07763290 0.09310082
v -1.29818094 -1.04287052 0.09310082
v -1.22419930 -1.11239517 0.09310082
v -1.29818094 -1.00810814 0.02617487
v -1.29818094 -1.00810814 0.05963785
v -1.29818094 -0.97334582 0.02617487
v -1.29818094 -0.97334582 0.05963785
v -1.29818094 -1.00810814 0.09310082
v -1.29818094 -0.97334582 0.09310082
v -1.15021777 -1.11239517 0.02617487
v -1.15021777 -1.11239517 0.05963785
v -1.07623625 -1.11239517 0.02617487
v -1.07623625 -1.11239517 0.05963785
v -1.15021777 -1.11239517 0.09310082
v -1.07623625 -1.11239517 0.09310082
v -1.29818094 -0.93858343 -0.10767703
v -1.29818094 -0.93858343 -0.07421405
v -1.29818094 -0.90382111 -0.10767703
v -1.29818094 -0.90382111 -0.07421405
v -1.29818094 -0.93858343 -0.04075107
v -1.29818094 -0.93858343 -0.00728810
v -1.29818094 -0.90382111 -0.04075107
v -1.29818094 -0.90382111 -0.00728810
v -1.29818094 -0.86905873 -0.10767703
v -1.29818094 -0.86905873 -0.07421405
v -1.29818094 -0.83429641 -0.10767703
v -1.29818094 -0.83429641 -0.07421405
v -1.29818094 -0.86905873 -0.04075107
v -1.29818094 -0.86905873 -0.00728810
v -1.29818094 -0.83429641 -0.04075107
v -1.29818094 -0.83429641 -0.00728810
v -1.29818094 -0.93858343 0.02617487
v -1.29818094 -0.93858343 0.05963785
v -1.29818094 -0.90382111 0.02617487
v -1.29818094 -0.90382111 0.05963785
v -1.29818094 -0.93858343 0.09310082
v -1.29818094 -0.90382111 0.09310082
v -1.29818094 -0.86905873 0.02617487
v -1.29818094 -0.86905873 0.05963785
v -1.29818094 -0.83429641 0.02617487
v -1.29818094 -0.83429641 0.05963785
v -1.29818094 -0.86905873 0.09310082
v -1.29818094 -0.83429641 0.09310082
v -1.00225461 -1.11239517 -0.10767703
v -1.00225461 -1.11239517 -0.07421405
v -0.92827308 -1.11239517 -0.10767703
v -0.92827308 -1.11239517 -0.07421405
v -1.00225461 -1.11239517 -0.04075107
v -1.00225461 -1.11239517 -0.00728810
v -0.92827308 -1.11239517 -0.04075107
v -0.92827308 -1.11239517 -0.00728810
v -0.85429156 -1.11239517 -0.10767703
v -0.85429156 -1.11239517 -0.07421405
v -0.78030998 -1.11239517 -0.10767703
v -0.78030998 -1.11239517 -0.07421405
v -0.85429156 -1.11239517 -0.04075107
v -0.85429156 -1.11239517 -0.00728810
v -0.78030998 -1.11239517 -0.04075107
v -0.78030998 -1.11239517 -0.00728810
v -1.00225461 -1.11239517 0.02617487
v -1.00225461 -1.11239517 0.05963785
v -0.92827308 -1.11239517 0.02617487
v -0.92827308 -1.11239517 0.05963785
v -1.00225461 -1.11239517 0.09310082
v -0.92827308 -1.11239517 0.09310082
v -0.85429156 -1.11239517 0.02617487
v -0.85429156 -1.11239517 0.05963785
v -0.78030998 -1.11239517 0.02617487
v -0.78030998 -1.11239517 0.05963785
v -0.85429156 -1.11239517 0.09310082
v -0.78030998 -1.11239517 0.09310082
v -1.29818094 -0.79953402 -0.40884379
v -1.29818094 -0.79953402 -0.37538081
v -1.29818094 -0.76477170 -0.40884379
v -1.29818094 -0.76477170 -0.37538081
v -1.29818094 -0.79953402 -0.34191784
v -1.29818094 -0.76477170 -0.34191784
v -1.22419930 -0.79953402 -0.40884379
v -1.22419930 -0.76477170 -0.40884379
v -1.29818094 -0.79953402 -0.30845487
v -1.29818094 -0.76477170 -0.30845487
v -1.29818094 -0.79953402 -0.27499190
v -1.29818094 -0.76477170 -0.27499190
v -1.29818094 -0.73000938 -0.40884379
v -1.29818094 -0.73000938 -0.37538081
v -1.29818094 -0.73000938 -0.34191784
v -1.29818094 -0.69524699 -0.40884379
v -1.29818094 -0.69524699 -0.37538081
v -1.29818094 -0.69524699 -0.34191784
v -1.22419930 -0.73000938 -0.40884379
v -1.22419930 -0.69524699 -0.40884379
v -1.29818094 -0.73000938 -0.30845487
v -1.29818094 -0.73000938 -0.27499190
v -1.29818094 -0.69524699 -0.30845487
v -1.29818094 -0.69524699 -0.27499190
v -1.15021777 -0.79953402 -0.40884379
v -1.15021777 -0.76477170 -0.40884379
v -1.07623625 -0.79953402 -0.40884379
v -1.07623625 -0.76477170 -0.40884379
v -1.15021777 -0.73000938 -0.40884379
v -1.15021777 -0.69524699 -0.40884379
v -1.07623625 -0.73000938 -0.40884379
v -1.07623625 -0.69524699 -0.40884379
v -1.29818094 -0.79953402 -0.24152893
v -1.29818094 -0.76477170 -0.24152893
v -1.29818094 -0.79953402 -0.20806596
v -1.29818094 -0.76477170 -0.20806596
v -1.29818094 -0.79953402 -0.17460297
v -1.29818094 -0.76477170 -0.17460297
v -1.29818094 -0.79953402 -0.14114000
v -1.29818094 -0.76477170 -0.14114000
v -1.29818094 -0.73000938 -0.24152893
v -1.29818094 -0.73000938 -0.20806596
v -1.29818094 -0.69524699 -0.24152893
v -1.29818094 -0.69524699 -0.20806596
v -1.29818094 -0.73000938 -0.17460297
v -1.29818094 -0.73000938 -0.14114000
v -1.29818094 -0.69524699 -0.17460297
v -1.29818094 -0.69524699 -0.14114000
v -1.29818094 -0.66048467 -0.40884379
v -1.29818094 -0.66048467 -0.37538081
v -1.29818094 -0.66048467 -0.34191784
v -1.29818094 -0.62572229 -0.40884379
v -1.29818094 -0.62572229 -0.37538081
v -1.29818094 -0.62572229 -0.34191784
v -1.22419930 -0.66048467 -0.40884379
v -1.22419930 -0.62572229 -0.40884379
v -1.29818094 -0.66048467 -0.30845487
v -1.29818094 -0.66048467 -0.27499190
v -1.29818094 -0.62572229 -0.30845487
v -1.29818094 -0.62572229 -0.27499190
v -1.29818094 -0.59095997 -0.40884379
v -1.29818094 -0.59095997 -0.37538081
v -1.29818094 -0.59095997 -0.34191784
v -1.22419930 -0.59095997 -0.40884379
v -1.29818094 -0.59095997 -0.30845487
v -1.29818094 -0.59095997 -0.27499190
v -1.15021777 -0.66048467 -0.40884379
v -1.15021777 -0.62572229 -0.40884379
v -1.07623625 -0.66048467 -0.40884379
v -1.07623625 -0.62572229 -0.40884379
v -1.15021777 -0.59095997 -0.40884379
v -1.07623625 -0.59095997 -0.40884379
v -1.29818094 -0.66048467 -0.24152893
v -1.29818094 -0.66048467 -0.20806596
v -1.29818094 -0.62572229 -0.24152893
v -1.29818094 -0.62572229 -0.20806596
v -1.29818094 -0.66048467 -0.17460297
v -1.29818094 -0.66048467 -0.14114000
v -1.29818094 -0.62572229 -0.17460297
v -1.29818094 -0.62572229 -0.14114000
v -1.29818094 -0.59095997 -0.24152893
v -1.29818094 -0.59095997 -0.20806596
v -1.29818094 -0.59095997 -0.17460297
v -1.29818094 -0.59095997 -0.14114000
v -1.00225461 -0.79953402 -0.40884379
v -1.00225461 -0.76477170 -0.40884379
v -0.92827308 -0.79953402 -0.40884379
v -0.92827308 -0.76477170 -0.40884379
v -1.00225461 -0.73000938 -0.40884379
v -1.00225461 -0.69524699 -0.40884379
v -0.92827308 -0.73000938 -0.40884379
v -0.92827308 -0.69524699 -0.40884379
v -0.85429156 -0.79953402 -0.40884379
v -0.85429156 -0.76477170 -0.40884379
v -0.78030998 -0.79953402 -0.40884379
v -0.78030998 -0.76477170 -0.40884379
v -0.85429156 -0.73000938 -0.40884379
v -0.85429156 -0.69524699 -0.40884379
v -0.78030998 -0.73000938 -0.40884379
v -0.78030998 -0.69524699 -0.40884379
v -1.00225461 -0.66048467 -0.40884379
v -1.00225461 -0.62572229 -0.40884379
v -0.92827308 -0.66048467 -0.40884379
v -0.92827308 -0.62572229 -0.40884379
v -1.00225461 -0.59095997 -0.40884379
v -0.92827308 -0.59095997 -0.40884379
v -0.85429156 -0.66048467 -0.40884379
v -0.85429156 -0.62572229 -0.40884379
v -0.78030998 -0.66048467 -0.40884379
v -0.78030998 -0.62572229 -0.40884379
v -0.85429156 -0.59095997 -0.40884379
v -0.78030998 -0.59095997 -0.40884379
v -1.29818094 -0.79953402 -0.10767703
v -1.29818094 -0.76477170 -0.10767703
v -1.29818094 -0.79953402 -0.07421405
v -1.29818094 -0.76477170 -0.07421405
v -1.29818094 -0.79953402 -0.04075107
v -1.29818094 -0.76477170 -0.04075107
v -1.29818094 -0.79953402 -0.00728810
v -1.29818094 -0.76477170 -0.00728810
v -1.29818094 -0.73000938 -0.10767703
v -1.29818094 -0.73000938 -0.07421405
v -1.29818094 -0.69524699 -0.10767703
v -1.29818094 -0.69524699 -0.07421405
v -1.29818094 -0.73000938 -0.04075107
v -1.29818094 -0.73000938 -0.00728810
v -1.29818094 -0.69524699 -0.04075107
v -1.29818094 -0.69524699 -0.00728810
v -1.29818094 -0.79953402 0.02617487
v -1.29818094 -0.76477170 0.02617487
v -1.29818094 -0.79953402 0.05963785
v -1.29818094 -0.76477170 0.05963785
v -1.29818094 -0.79953402 0.09310082
v -1.29818094 -0.76477170 0.09310082
v -1.29818094 -0.73000938 0.02617487
v -1.29818094 -0.73000938 0.05963785
v -1.29818094 -0.69524699 0.02617487
v -1.29818094 -0.69524699 0.05963785
v -1.29818094 -0.73000938 0.09310082
v -1.29818094 -0.69524699 0.09310082
v -1.29818094 -0.66048467 -0.10767703
v -1.29818094 -0.66048467 -0.07421405
v -1.29818094 -0.62572229 -0.10767703
v -1.29818094 -0.62572229 -0.07421405
v -1.29818094 -0.66048467 -0.04075107
v -1.29818094 -0.66048467 -0.00728810
v -1.29818094 -0.62572229 -0.04075107
v -1.29818094 -0.62572229 -0.00728810
v -1.29818094 -0.59095997 -0.10767703
v -1.29818094 -0.59095997 -0.07421405
v -1.29818094 -0.59095997 -0.04075107
v -1.29818094 -0.59095997 -0.00728810
v -1.29818094 -0.66048467 0.02617487
v -1.29818094 -0.66048467 0.05963785
v -1.29818094 -0.62572229 0.02617487
v -1.29818094 -0.62572229 0.05963785
v -1.29818094 -0.66048467 0.09310082
v -1.29818094 -0.62572229 0.09310082
v -1.29818094 -0.59095997 0.02617487
v -1.29818094 -0.59095997 0.05963785
v -1.29818094 -0.59095997 0.09310082
v -0.70632845 -1.11239517 -0.40884379
v -0.70632845 -1.11239517 -0.37538081
v -0.70632845 -1.07763290 -0.40884379
v -0.70632845 -1.11239517 -0.34191784
v -0.70632845 -1.04287052 -0.40884379
v -0.63234687 -1.11239517 -0.40884379
v -0.63234687 -1.11239517 -0.37538081
v -0.63234687 -1.07763290 -0.40884379
v -0.63234687 -1.11239517 -0.34191784
v -0.63234687 -1.04287052 -0.40884379
v -0.70632845 -1.11239517 -0.30845487
v -0.70632845 -1.11239517 -0.27499190
v -0.63234687 -1.11239517 -0.30845487
v -0.63234687 -1.11239517 -0.27499190
v -0.70632845 -1.00810814 -0.40884379
v -0.70632845 -0.97334582 -0.40884379
v -0.63234687 -1.00810814 -0.40884379
v -0.63234687 -0.97334582 -0.40884379
v -0.55836529 -1.11239517 -0.40884379
v -0.55836529 -1.11239517 -0.37538081
v -0.55836529 -1.07763290 -0.40884379
v -0.55836529 -1.11239517 -0.34191784
v -0.55836529 -1.04287052 -0.40884379
v -0.48438373 -1.11239517 -0.40884379
v -0.48438373 -1.11239517 -0.37538081
v -0.48438373 -1.07763290 -0.40884379
v -0.48438373 -1.11239517 -0.34191784
v -0.48438373 -1.04287052 -0.40884379
v -0.55836529 -1.11239517 -0.30845487
v -0.55836529 -1.11239517 -0.27499190
v -0.48438373 -1.11239517 -0.30845487
v -0.48438373 -1.11239517 -0.27499190
v -0.55836529 -1.00810814 -0.40884379
v -0.55836529 -0.97334582 -0.40884379
v -0.48438373 -1.00810814 -0.40884379
v -0.48438373 -0.97334582 -0.40884379
v -0.70632845 -1.11239517 -0.24152893
v -0.70632845 -1.11239517 -0.20806596
v -0.63234687 -1.11239517 -0.24152893
v -0.63234687 -1.11239517 -0.20806596
v -0.70632845 -1.11239517 -0.17460297
v -0.70632845 -1.11239517 -0.14114000
v -0.63234687 -1.11239517 -0.17460297
v -0.63234687 -1.11239517 -0.14114000
v -0.55836529 -1.11239517 -0.24152893
v -0.55836529 -1.11239517 -0.20806596
v -0.48438373 -1.11239517 -0.24152893
v -0.48438373 -1.11239517 -0.20806596
v -0.55836529 -1.11239517 -0.17460297
v -0.55836529 -1.11239517 -0.14114000
v -0.48438373 -1.11239517 -0.17460297
v -0.48438373 -1.11239517 -0.14114000
v -0.70632845 -0.93858343 -0.40884379
v -0.70632845 -0.90382111 -0.40884379
v -0.63234687 -0.93858343 -0.40884379
v -0.63234687 -0.90382111 -0.40884379
v -0.70632845 -0.86905873 -0.40884379
v -0.70632845 -0.83429641 -0.40884379
v -0.63234687 -0.86905873 -0.40884379
v -0.63234687 -0.83429641 -0.40884379
v -0.55836529 -0.93858343 -0.40884379
v -0.55836529 -0.90382111 -0.40884379
v -0.48438373 -0.93858343 -0.40884379
v -0.48438373 -0.90382111 -0.40884379
v -0.55836529 -0.86905873 -0.40884379
v -0.55836529 -0.83429641 -0.40884379
v -0.48438373 -0.86905873 -0.40884379
v -0.48438373 -0.83429641 -0.40884379
v -0.41040218 -1.11239517 -0.40884379
v -0.41040218 -1.11239517 -0.37538081
v -0.41040218 -1.07763290 -0.40884379
v -0.41040218 -1.11239517 -0.34191784
v -0.41040218 -1.04287052 -0.40884379
v -0.33642063 -1.11239517 -0.40884379
v -0.33642063 -1.11239517 -0.37538081
v -0.33642063 -1.07763290 -0.40884379
v -0.33642063 -1.11239517 -0.34191784
v -0.33642063 -1.04287052 -0.40884379
v -0.41040218 -1.11239517 -0.30845487
v -0.41040218 -1.11239517 -0.27499190
v -0.33642063 -1.11239517 -0.30845487
v -0.33642063 -1.11239517 -0.27499190
v -0.41040218 -1.00810814 -0.40884379
v -0.41040218 -0.97334582 -0.40884379
v -0.33642063 -1.00810814 -0.40884379
v -0.33642063 -0.97334582 -0.40884379
v -0.26243907 -1.11239517 -0.40884379
v -0.26243907 -1.11239517 -0.37538081
v -0.26243907 -1.07763290 -0.40884379
v -0.26243907 -1.11239517 -0.34191784
v -0.26243907 -1.04287052 -0.40884379
v -0.18845750 -1.11239517 -0.40884379
v -0.18845750 -1.11239517 -0.37538081
v -0.18845750 -1.07763290 -0.40884379
v -0.18845750 -1.11239517 -0.34191784
v -0.18845750 -1.04287052 -0.40884379
v -0.26243907 -1.11239517 -0.30845487
v -0.26243907 -1.11239517 -0.27499190
v -0.18845750 -1.11239517 -0.30845487
v -0.18845750 -1.11239517 -0.27499190
v -0.26243907 -1.00810814 -0.40884379
v -0.26243907 -0.97334582 -0.40884379
v -0.18845750 -1.00810814 -0.40884379
v -0.18845750 -0.97334582 -0.40884379
v -0.41040218 -1.11239517 -0.24152893
v -0.41040218 -1.11239517 -0.20806596
v -0.33642063 -1.11239517 -0.24152893
v -0.33642063 -1.11239517 -0.20806596
v -0.41040218 -1.11239517 -0.17460297
v -0.41040218 -1.11239517 -0.14114000
v -0.33642063 -1.11239517 -0.17460297
v -0.33642063 -1.11239517 -0.14114000
v -0.26243907 -1.11239517 -0.24152893
v -0.26243907 -1.11239517 -0.20806596
v -0.18845750 -1.11239517 -0.24152893
v -0.18845750 -1.11239517 -0.20806596
v -0.26243907 -1.11239517 -0.17460297
v -0.26243907 -1.11239517 -0.14114000
v -0.18845750 -1.11239517 -0.17460297
v -0.18845750 -1.11239517 -0.14114000
v -0.41040218 -0.93858343 -0.40884379
v -0.41040218 -0.90382111 -0.40884379
v -0.33642063 -0.93858343 -0.40884379
v -0.33642063 -0.90382111 -0.40884379
v -0.41040218 -0.86905873 -0.40884379
v -0.41040218 -0.83429641 -0.40884379
v -0.33642063 -0.86905873 -0.40884379
v -0.33642063 -0.83429641 -0.40884379
v -0.26243907 -0.93858343 -0.40884379
v -0.26243907 -0.90382111 -0.40884379
v -0.18845750 -0.93858343 -0.40884379
v -0.18845750 -0.90382111 -0.40884379
v -0.26243907 -0.86905873 -0.40884379
v -0.26243907 -0.83429641 -0.40884379
v -0.18845750 -0.86905873 -0.40884379
v -0.18845750 -0.83429641 -0.40884379
v -0.70632845 -1.11239517 -0.10767703
v -0.70632845 -1.11239517 -0.07421405
v -0.63234687 -1.11239517 -0.10767703
v -0.63234687 -1.11239517 -0.07421405
v -0.70632845 -1.11239517 -0.04075107
v -0.70632845 -1.11239517 -0.00728810
v -0.63234687 -1.11239517 -0.04075107
v -0.63234687 -1.11239517 -0.00728810
v -0.55836529 -1.11239517 -0.10767703
v -0.55836529 -1.11239517 -0.07421405
v -0.48438373 -1.11239517 -0.10767703
v -0.48438373 -1.11239517 -0.07421405
v -0.55836529 -1.11239517 -0.04075107
v -0.55836529 -1.11239517 -0.00728810
v -0.48438373 -1.11239517 -0.04075107
v -0.48438373 -1.11239517 -0.00728810
v -0.70632845 -1.11239517 0.02617487
v -0.70632845 -1.11239517 0.05963785
v -0.63234687 -1.11239517 0.02617487
v -0.63234687 -1.11239517 0.05963785
v -0.70632845 -1.11239517 0.09310082
v -0.63234687 -1.11239517 0.09310082
v -0.55836529 -1.11239517 0.02617487
v -0.55836529 -1.11239517 0.05963785
v -0.48438373 -1.11239517 0.02617487
v -0.48438373 -1.11239517 0.05963785
v -0.55836529 -1.11239517 0.09310082
v -0.48438373 -1.11239517 0.09310082
v -0.41040218 -1.11239517 -0.10767703
v -0.41040218 -1.11239517 -0.07421405
v -0.33642063 -1.11239517 -0.10767703
v -0.33642063 -1.11239517 -0.07421405
v -0.41040218 -1.11239517 -0.04075107
v -0.41040218 -1.11239517 -0.00728810
v -0.33642063 -1.11239517 -0.04075107
v -0.33642063 -1.11239517 -0.00728810
v -0.26243907 -1.11239517 -0.10767703
v -0.26243907 -1.11239517 -0.07421405
v -0.18845750 -1.11239517 -0.10767703
v -0.18845750 -1.11239517 -0.07421405
v -0.26243907 -1.11239517 -0.04075107
v -0.26243907 -1.11239517 -0.00728810
v -0.18845750 -1.11239517 -0.04075107
v -0.18845750 -1.11239517 -0.00728810
v -0.41040218 -1.11239517 0.02617487
v -0.41040218 -1.11239517 0.05963785
v -0.33642063 -1.11239517 0.02617487
v -0.33642063 -1.11239517 0.05963785
v -0.41040218 -1.11239517 0.09310082
v -0.33642063 -1.11239517 0.09310082
v -0.26243907 -1.11239517 0.02617487
v -0.26243907 -1.11239517 0.05963785
v -0.18845750 -1.11239517 0.02617487
v -0.18845750 -1.11239517 0.05963785
v -0.26243907 -1.11239517 0.09310082
v -0.18845750 -1.11239517 0.09310082
v -0.70632845 -0.79953402 -0.40884379
v -0.70632845 -0.76477170 -0.40884379
v -0.63234687 -0.79953402 -0.40884379
v -0.63234687 -0.76477170 -0.40884379
v -0.70632845 -0.73000938 -0.40884379
v -0.70632845 -0.69524699 -0.40884379
v -0.63234687 -0.73000938 -0.40884379
v -0.63234687 -0.69524699 -0.40884379
v -0.55836529 -0.79953402 -0.40884379
v -0.55836529 -0.76477170 -0.40884379
v -0.48438373 -0.79953402 -0.40884379
v -0.48438373 -0.76477170 -0.40884379
v -0.55836529 -0.73000938 -0.40884379
v -0.55836529 -0.69524699 -0.40884379
v -0.48438373 -0.73000938 -0.40884379
v -0.48438373 -0.69524699 -0.40884379
v -0.70632845 -0.66048467 -0.40884379
v -0.70632845 -0.62572229 -0.40884379
v -0.63234687 -0.66048467 -0.40884379
v -0.63234687 -0.62572229 -0.40884379
v -0.70632845 -0.59095997 -0.40884379
v -0.63234687 -0.59095997 -0.40884379
v -0.55836529 -0.66048467 -0.40884379
v -0.55836529 -0.62572229 -0.40884379
v -0.48438373 -0.66048467 -0.40884379
v -0.48438373 -0.62572229 -0.40884379
v -0.55836529 -0.59095997 -0.40884379
v -0.48438373 -0.59095997 -0.40884379
v -0.41040218 -0.79953402 -0.40884379
v -0.41040218 -0.76477170 -0.40884379
v -0.33642063 -0.79953402 -0.40884379
v -0.33642063 -0.76477170 -0.40884379
v -0.41040218 -0.73000938 -0.40884379
v -0.41040218 -0.69524699 -0.40884379
v -0.33642063 -0.73000938 -0.40884379
v -0.33642063 -0.69524699 -0.40884379
v -0.26243907 -0.79953402 -0.40884379
v -0.26243907 -0.76477170 -0.40884379
v -0.18845750 -0.79953402 -0.40884379
v -0.18845750 -0.76477170 -0.40884379
v -0.26243907 -0.73000938 -0.40884379
v -0.26243907 -0.69524699 -0.40884379
v -0.18845750 -0.73000938 -0.40884379
v -0.18845750 -0.69524699 -0.40884379
v -0.41040218 -0.66048467 -0.40884379
v -0.41040218 -0.62572229 -0.40884379
v -0.33642063 -0.66048467 -0.40884379
v -0.33642063 -0.62572229 -0.40884379
v -0.41040218 -0.59095997 -0.40884379
v -0.33642063 -0.59095997 -0.40884379
v -0.26243907 -0.66048467 -0.40884379
v -0.26243907 -0.62572229 -0.40884379
v -0.18845750 -0.66048467 -0.40884379
v -0.18845750 -0.62572229 -0.40884379
v -0.26243907 -0.59095997 -0.40884379
v -0.18845750 -0.59095997 -0.40884379
v -1.29818094 -1.11239517 0.12656380
v -1.29818094 -1.11239517 0.16002677
v -1.29818094 -1.07763290 0.12656380
v -1.29818094 -1.07763290 0.16002677
v -1.29818094 -1.11239517 0.19348975
v -1.29818094 -1.07763290 0.19348975
v -1.29818094 -1.04287052 0.12656380
v -1.29818094 -1.04287052 0.16002677
v -1.29818094 -1.04287052 0.19348975
v -1.22419930 -1.11239517 0.12656380
v -1.22419930 -1.11239517 0.16002677
v -1.22419930 -1.11239517 0.19348975
v -1.29818094 -1.11239517 0.22695273
v -1.29818094 -1.07763290 0.22695273
v -1.29818094 -1.04287052 0.22695273
v -1.22419930 -1.11239517 0.22695273
v -1.29818094 -1.00810814 0.12656380
v -1.29818094 -1.00810814 0.16002677
v -1.29818094 -1.00810814 0.19348975
v -1.29818094 -0.97334582 0.12656380
v -1.29818094 -0.97334582 0.16002677
v -1.29818094 -0.97334582 0.19348975
v -1.29818094 -1.00810814 0.22695273
v -1.29818094 -0.97334582 0.22695273
v -1.15021777 -1.11239517 0.12656380
v -1.15021777 -1.11239517 0.16002677
v -1.15021777 -1.11239517 0.19348975
v -1.07623625 -1.11239517 0.12656380
v -1.07623625 -1.11239517 0.16002677
v -1.07623625 -1.11239517 0.19348975
v -1.15021777 -1.11239517 0.22695273
v -1.07623625 -1.11239517 0.22695273
v -1.29818094 -1.11239517 0.26041570
v -1.29818094 -1.07763290 0.26041570
v -1.29818094 -1.11239517 0.29387867
v -1.29818094 -1.11239517 0.32734165
v -1.29818094 -1.07763290 0.29387867
v -1.29818094 -1.07763290 0.32734165
v -1.29818094 -1.04287052 0.26041570
v -1.29818094 -1.04287052 0.29387867
v -1.29818094 -1.04287052 0.32734165
v -1.22419930 -1.11239517 0.26041570
v -1.22419930 -1.11239517 0.29387867
v -1.22419930 -1.11239517 0.32734165
v -1.29818094 -1.11239517 0.36080462
v -1.29818094 -1.07763290 0.36080462
v -1.29818094 -1.11239517 0.39426759
v -1.29818094 -1.07763290 0.39426759
v -1.29818094 -1.04287052 0.36080462
v -1.29818094 -1.04287052 0.39426759
v -1.22419930 -1.11239517 0.36080462
v -1.22419930 -1.11239517 0.39426759
v -1.29818094 -1.00810814 0.26041570
v -1.29818094 -1.00810814 0.29387867
v -1.29818094 -1.00810814 0.32734165
v -1.29818094 -0.97334582 0.26041570
v -1.29818094 -0.97334582 0.29387867
v -1.29818094 -0.97334582 0.32734165
v -1.29818094 -1.00810814 0.36080462
v -1.29818094 -1.00810814 0.39426759
v -1.29818094 -0.97334582 0.36080462
v -1.29818094 -0.97334582 0.39426759
v -1.15021777 -1.11239517 0.26041570
v -1.15021777 -1.11239517 0.29387867
v -1.15021777 -1.11239517 0.32734165
v -1.07623625 -1.11239517 0.26041570
v -1.07623625 -1.11239517 0.29387867
v -1.07623625 -1.11239517 0.32734165
v -1.15021777 -1.11239517 0.36080462
v -1.15021777 -1.11239517 0.39426759
v -1.07623625 -1.11239517 0.36080462
v -1.07623625 -1.11239517 0.39426759
v -1.29818094 -0.93858343 0.12656380
v -1.29818094 -0.93858343 0.16002677
v -1.29818094 -0.93858343 0.19348975
v -1.29818094 -0.90382111 0.12656380
v -1.29818094 -0.90382111 0.16002677
v -1.29818094 -0.90382111 0.19348975
v -1.29818094 -0.93858343 0.22695273
v -1.29818094 -0.90382111 0.22695273
v -1.29818094 -0.86905873 0.12656380
v -1.29818094 -0.86905873 0.16002677
v -1.29818094 -0.86905873 0.19348975
v -1.29818094 -0.83429641 0.12656380
v -1.29818094 -0.83429641 0.16002677
v -1.29818094 -0.83429641 0.19348975
v -1.29818094 -0.86905873 0.22695273
v -1.29818094 -0.83429641 0.22695273
v -1.29818094 -0.93858343 0.26041570
v -1.29818094 -0.93858343 0.29387867
v -1.29818094 -0.93858343 0.32734165
v -1.29818094 -0.90382111 0.26041570
v -1.29818094 -0.90382111 0.29387867
v -1.29818094 -0.90382111 0.32734165
v -1.29818094 -0.93858343 0.36080462
v -1.29818094 -0.93858343 0.39426759
v -1.29818094 -0.90382111 0.36080462
v -1.29818094 -0.90382111 0.39426759
v -1.29818094 -0.86905873 0.26041570
v -1.29818094 -0.86905873 0.29387867
v -1.29818094 -0.86905873 0.32734165
v -1.29818094 -0.83429641 0.26041570
v -1.29818094 -0.83429641 0.29387867
v -1.29818094 -0.83429641 0.32734165
v -1.29818094 -0.86905873 0.36080462
v -1.29818094 -0.86905873 0.39426759
v -1.29818094 -0.83429641 0.36080462
v -1.29818094 -0.83429641 0.39426759
v -1.00225461 -1.11239517 0.12656380
v -1.00225461 -1.11239517 0.16002677
v -1.00225461 -1.11239517 0.19348975
v -0.92827308 -1.11239517 0.12656380
v -0.92827308 -1.11239517 0.16002677
v -0.92827308 -1.11239517 0.19348975
v -1.00225461 -1.11239517 0.22695273
v -0.92827308 -1.11239517 0.22695273
v -0.85429156 -1.11239517 0.12656380
v -0.85429156 -1.11239517 0.16002677
v -0.85429156 -1.11239517 0.19348975
v -0.78030998 -1.11239517 0.12656380
v -0.78030998 -1.11239517 0.16002677
v -0.78030998 -1.11239517 0.19348975
v -0.85429156 -1.11239517 0.22695273
v -0.78030998 -1.11239517 0.22695273
v -1.00225461 -1.11239517 0.26041570
v -1.00225461 -1.11239517 0.29387867
v -1.00225461 -1.11239517 0.32734165
v -0.92827308 -1.11239517 0.26041570
v -0.92827308 -1.11239517 0.29387867
v -0.92827308 -1.11239517 0.32734165
v -1.00225461 -1.11239517 0.36080462
v -1.00225461 -1.11239517 0.39426759
v -0.92827308 -1.11239517 0.36080462
v -0.92827308 -1.11239517 0.39426759
v -0.85429156 -1.11239517 0.26041570
v -0.85429156 -1.11239517 0.29387867
v -0.85429156 -1.11239517 0.32734165
v -0.78030998 -1.11239517 0.26041570
v -0.78030998 -1.11239517 0.29387867
v -0.78030998 -1.11239517 0.32734165
v -0.85429156 -1.11239517 0.36080462
v -0.85429156 -1.11239517 0.39426759
v -0.78030998 -1.11239517 0.36080462
v -0.78030998 -1.11239517 0.39426759
v -1.29818094 -1.11239517 0.42773056
v -1.29818094 -1.07763290 0.42773056
v -1.29818094 -1.04287052 0.42773056
v -1.22419930 -1.11239517 0.42773056
v -1.29818094 -1.11239517 0.46119356
v -1.29818094 -1.07763290 0.46119356
v -1.29818094 -1.11239517 0.49465653
v -1.29818094 -1.07763290 0.49465653
v -1.29818094 -1.04287052 0.46119356
v -1.29818094 -1.04287052 0.49465653
v -1.22419930 -1.11239517 0.46119356
v -1.22419930 -1.11239517 0.49465653
v -1.29818094 -1.00810814 0.42773056
v -1.29818094 -0.97334582 0.42773056
v -1.29818094 -1.00810814 0.46119356
v -1.29818094 -1.00810814 0.49465653
v -1.29818094 -0.97334582 0.46119356
v -1.29818094 -0.97334582 0.49465653
v -1.15021777 -1.11239517 0.42773056
v -1.07623625 -1.11239517 0.42773056
v -1.15021777 -1.11239517 0.46119356
v -1.15021777 -1.11239517 0.49465653
v -1.07623625 -1.11239517 0.46119356
v -1.07623625 -1.11239517 0.49465653
v -1.29818094 -1.11239517 0.52811950
v -1.29818094 -1.11239517 0.56158245
v -1.29818094 -1.07763290 0.52811950
v -1.29818094 -1.07763290 0.56158245
v -1.29818094 -1.04287052 0.52811950
v -1.29818094 -1.04287052 0.56158245
v -1.22419930 -1.11239517 0.52811950
v -1.22419930 -1.11239517 0.56158245
v -1.29818094 -1.11239517 0.59504545
v -1.29818094 -1.07763290 0.59504545
v -1.29818094 -1.11239517 0.62850845
v -1.29818094 -1.11239517 0.66197139
v -1.29818094 -1.07763290 0.62850845
v -1.29818094 -1.07763290 0.66197139
v -1.29818094 -1.04287052 0.59504545
v -1.29818094 -1.04287052 0.62850845
v -1.29818094 -1.04287052 0.66197139
v -1.22419930 -1.11239517 0.59504545
v -1.22419930 -1.11239517 0.62850845
v -1.22419930 -1.11239517 0.66197139
v -1.22419930 -1.07763290 0.66197139
v -1.22419930 -1.04287052 0.66197139
v -1.29818094 -1.00810814 0.52811950
v -1.29818094 -1.00810814 0.56158245
v -1.29818094 -0.97334582 0.52811950
v -1.29818094 -0.97334582 0.56158245
v -1.29818094 -1.00810814 0.59504545
v -1.29818094 -1.00810814 0.62850845
v -1.29818094 -1.00810814 0.66197139
v -1.29818094 -0.97334582 0.59504545
v -1.29818094 -0.97334582 0.62850845
v -1.29818094 -0.97334582 0.66197139
v -1.22419930 -1.00810814 0.66197139
v -1.22419930 -0.97334582 0.66197139
v -1.15021777 -1.11239517 0.52811950
v -1.15021777 -1.11239517 0.56158245
v -1.07623625 -1.11239517 0.52811950
v -1.07623625 -1.11239517 0.56158245
v -1.15021777 -1.11239517 0.59504545
v -1.15021777 -1.11239517 0.62850845
v -1.15021777 -1.11239517 0.66197139
v -1.15021777 -1.07763290 0.66197139
v -1.15021777 -1.04287052 0.66197139
v -1.07623625 -1.11239517 0.59504545
v -1.07623625 -1.11239517 0.62850845
v -1.07623625 -1.11239517 0.66197139
v -1.07623625 -1.07763290 0.66197139
v -1.07623625 -1.04287052 0.66197139
v -1.15021777 -1.00810814 0.66197139
v -1.15021777 -0.97334582 0.66197139
v -1.07623625 -1.00810814 0.66197139
v -1.07623625 -0.97334582 0.66197139
v -1.29818094 -0.93858343 0.42773056
v -1.29818094 -0.90382111 0.42773056
v -1.29818094 -0.93858343 0.46119356
v -1.29818094 -0.93858343 0.49465653
v -1.29818094 -0.90382111 0.46119356
v -1.29818094 -0.90382111 0.49465653
v -1.29818094 -0.86905873 0.42773056
v -1.29818094 -0.83429641 0.42773056
v -1.29818094 -0.86905873 0.46119356
v -1.29818094 -0.86905873 0.49465653
v -1.29818094 -0.83429641 0.46119356
v -1.29818094 -0.83429641 0.49465653
v -1.29818094 -0.93858343 0.52811950
v -1.29818094 -0.93858343 0.56158245
v -1.29818094 -0.90382111 0.52811950
v -1.29818094 -0.90382111 0.56158245
v -1.29818094 -0.93858343 0.59504545
v -1.29818094 -0.93858343 0.62850845
v -1.29818094 -0.93858343 0.66197139
v -1.29818094 -0.90382111 0.59504545
v -1.29818094 -0.90382111 0.62850845
v -1.29818094 -0.90382111 0.66197139
v -1.22419930 -0.93858343 0.66197139
v -1.22419930 -0.90382111 0.66197139
v -1.29818094 -0.86905873 0.52811950
v -1.29818094 -0.86905873 0.56158245
v -1.29818094 -0.83429641 0.52811950
v -1.29818094 -0.83429641 0.56158245
v -1.29818094 -0.86905873 0.59504545
v -1.29818094 -0.86905873 0.62850845
v -1.29818094 -0.86905873 0.66197139
v -1.29818094 -0.83429641 0.59504545
v -1.29818094 -0.83429641 0.62850845
v -1.29818094 -0.83429641 0.66197139
v -1.22419930 -0.86905873 0.66197139
v -1.22419930 -0.83429641 0.66197139
v -1.15021777 -0.93858343 0.66197139
v -1.15021777 -0.90382111 0.66197139
v -1.07623625 -0.93858343 0.66197139
v -1.07623625 -0.90382111 0.66197139
v -1.15021777 -0.86905873 0.66197139
v -1.15021777 -0.83429641 0.66197139
v -1.07623625 -0.86905873 0.66197139
v -1.07623625 -0.83429641 0.66197139
v -1.00225461 -1.11239517 0.42773056
v -0.92827308 -1.11239517 0.42773056
v -1.00225461 -1.11239517 0.46119356
v -1.00225461 -1.11239517 0.49465653
v -0.92827308 -1.11239517 0.46119356
v -0.92827308 -1.11239517 0.49465653
v -0.85429156 -1.11239517 0.42773056
v -0.78030998 -1.11239517 0.42773056
v -0.85429156 -1.11239517 0.46119356
v -0.85429156 -1.11239517 0.49465653
v -0.78030998 -1.11239517 0.46119356
v -0.78030998 -1.11239517 0.49465653
v -1.00225461 -1.11239517 0.52811950
v -1.00225461 -1.11239517 0.56158245
v -0.92827308 -1.11239517 0.52811950
v -0.92827308 -1.11239517 0.56158245
v -1.00225461 -1.11239517 0.59504545
v -1.00225461 -1.11239517 0.62850845
v -1.00225461 -1.11239517 0.66197139
v -1.00225461 -1.07763290 0.66197139
v -1.00225461 -1.04287052 0.66197139
v -0.92827308 -1.11239517 0.59504545
v -0.92827308 -1.11239517 0.62850845
v -0.92827308 -1.11239517 0.66197139
v -0.92827308 -1.07763290 0.66197139
v -0.92827308 -1.04287052 0.66197139
v -1.00225461 -1.00810814 0.66197139
v -1.00225461 -0.97334582 0.66197139
v -0.92827308 -1.00810814 0.66197139
v -0.92827308 -0.97334582 0.66197139
v -0.85429156 -1.11239517 0.52811950
v -0.85429156 -1.11239517 0.56158245
v -0.78030998 -1.11239517 0.52811950
v -0.78030998 -1.11239517 0.56158245
v -0.85429156 -1.11239517 0.59504545
v -0.85429156 -1.11239517 0.62850845
v -0.85429156 -1.11239517 0.66197139
v -0.85429156 -1.07763290 0.66197139
v -0.85429156 -1.04287052 0.66197139
v -0.78030998 -1.11239517 0.59504545
v -0.78030998 -1.11239517 0.62850845
v -0.78030998 -1.11239517 0.66197139
v -0.78030998 -1.07763290 0.66197139
v -0.78030998 -1.04287052 0.66197139
v -0.85429156 -1.00810814 0.66197139
v -0.85429156 -0.97334582 0.66197139
v -0.78030998 -1.00810814 0.66197139
v -0.78030998 -0.97334582 0.66197139
v -1.00225461 -0.93858343 0.66197139
v -1.00225461 -0.90382111 0.66197139
v -0.92827308 -0.93858343 0.66197139
v -0.92827308 -0.90382111 0.66197139
v -1.00225461 -0.86905873 0.66197139
v -1.00225461 -0.83429641 0.66197139
v -0.92827308 -0.86905873 0.66197139
v -0.92827308 -0.83429641 0.66197139
v -0.85429156 -0.93858343 0.66197139
v -0.85429156 -0.90382111 0.66197139
v -0.78030998 -0.93858343 0.66197139
v -0.78030998 -0.90382111 0.66197139
v -0.85429156 -0.86905873 0.66197139
v -0.85429156 -0.83429641 0.66197139
v -0.78030998 -0.86905873 0.66197139
v -0.78030998 -0.83429641 0.66197139
v -1.29818094 -0.79953402 0.12656380
v -1.29818094 -0.79953402 0.16002677
v -1.29818094 -0.76477170 0.12656380
v -1.29818094 -0.76477170 0.16002677
v -1.29818094 -0.79953402 0.19348975
v -1.29818094 -0.76477170 0.19348975
v -1.29818094 -0.79953402 0.22695273
v -1.29818094 -0.76477170 0.22695273
v -1.29818094 -0.73000938 0.12656380
v -1.29818094 -0.73000938 0.16002677
v -1.29818094 -0.73000938 0.19348975
v -1.29818094 -0.69524699 0.12656380
v -1.29818094 -0.69524699 0.16002677
v -1.29818094 -0.69524699 0.19348975
v -1.29818094 -0.73000938 0.22695273
v -1.29818094 -0.69524699 0.22695273
v -1.29818094 -0.79953402 0.26041570
v -1.29818094 -0.76477170 0.26041570
v -1.29818094 -0.79953402 0.29387867
v -1.29818094 -0.79953402 0.32734165
v -1.29818094 -0.76477170 0.29387867
v -1.29818094 -0.76477170 0.32734165
v -1.29818094 -0.79953402 0.36080462
v -1.29818094 -0.76477170 0.36080462
v -1.29818094 -0.79953402 0.39426759
v -1.29818094 -0.76477170 0.39426759
v -1.29818094 -0.73000938 0.26041570
v -1.29818094 -0.73000938 0.29387867
v -1.29818094 -0.73000938 0.32734165
v -1.29818094 -0.69524699 0.26041570
v -1.29818094 -0.69524699 0.29387867
v -1.29818094 -0.69524699 0.32734165
v -1.29818094 -0.73000938 0.36080462
v -1.29818094 -0.73000938 0.39426759
v -1.29818094 -0.69524699 0.36080462
v -1.29818094 -0.69524699 0.39426759
v -1.29818094 -0.66048467 0.12656380
v -1.29818094 -0.66048467 0.16002677
v -1.29818094 -0.66048467 0.19348975
v -1.29818094 -0.62572229 0.12656380
v -1.29818094 -0.62572229 0.16002677
v -1.29818094 -0.62572229 0.19348975
v -1.29818094 -0.66048467 0.22695273
v -1.29818094 -0.62572229 0.22695273
v -1.29818094 -0.59095997 0.12656380
v -1.29818094 -0.59095997 0.16002677
v -1.29818094 -0.59095997 0.19348975
v -1.29818094 -0.59095997 0.22695273
v -1.29818094 -0.66048467 0.26041570
v -1.29818094 -0.66048467 0.29387867
v -1.29818094 -0.66048467 0.32734165
v -1.29818094 -0.62572229 0.26041570
v -1.29818094 -0.62572229 0.29387867
v -1.29818094 -0.62572229 0.32734165
v -1.29818094 -0.66048467 0.36080462
v -1.29818094 -0.66048467 0.39426759
v -1.29818094 -0.62572229 0.36080462
v -1.29818094 -0.62572229 0.39426759
v -1.29818094 -0.59095997 0.26041570
v -1.29818094 -0.59095997 0.29387867
v -1.29818094 -0.59095997 0.32734165
v -1.29818094 -0.59095997 0.36080462
v -1.29818094 -0.59095997 0.39426759
v -1.29818094 -0.79953402 0.42773056
v -1.29818094 -0.76477170 0.42773056
v -1.29818094 -0.79953402 0.46119356
v -1.29818094 -0.76477170 0.46119356
v -1.29818094 -0.79953402 0.49465653
v -1.29818094 -0.76477170 0.49465653
v -1.29818094 -0.73000938 0.42773056
v -1.29818094 -0.69524699 0.42773056
v -1.29818094 -0.73000938 0.46119356
v -1.29818094 -0.73000938 0.49465653
v -1.29818094 -0.69524699 0.46119356
v -1.29818094 -0.69524699 0.49465653
v -1.29818094 -0.79953402 0.52811950
v -1.29818094 -0.79953402 0.56158245
v -1.29818094 -0.76477170 0.52811950
v -1.29818094 -0.76477170 0.56158245
v -1.29818094 -0.79953402 0.59504545
v -1.29818094 -0.76477170 0.59504545
v -1.29818094 -0.79953402 0.62850845
v -1.29818094 -0.79953402 0.66197139
v -1.29818094 -0.76477170 0.62850845
v -1.29818094 -0.76477170 0.66197139
v -1.22419930 -0.79953402 0.66197139
v -1.22419930 -0.76477170 0.66197139
v -1.29818094 -0.73000938 0.52811950
v -1.29818094 -0.73000938 0.56158245
v -1.29818094 -0.69524699 0.52811950
v -1.29818094 -0.69524699 0.56158245
v -1.29818094 -0.73000938 0.59504545
v -1.29818094 -0.73000938 0.62850845
v -1.29818094 -0.73000938 0.66197139
v -1.29818094 -0.69524699 0.59504545
v -1.29818094 -0.69524699 0.62850845
v -1.29818094 -0.69524699 0.66197139
v -1.22419930 -0.73000938 0.66197139
v -1.22419930 -0.69524699 0.66197139
v -1.15021777 -0.79953402 0.66197139
v -1.15021777 -0.76477170 0.66197139
v -1.07623625 -0.79953402 0.66197139
v -1.07623625 -0.76477170 0.66197139
v -1.15021777 -0.73000938 0.66197139
v -1.15021777 -0.69524699 0.66197139
v -1.07623625 -0.73000938 0.66197139
v -1.07623625 -0.69524699 0.66197139
v -1.29818094 -0.66048467 0.42773056
v -1.29818094 -0.62572229 0.42773056
v -1.29818094 -0.66048467 0.46119356
v -1.29818094 -0.66048467 0.49465653
v -1.29818094 -0.62572229 0.46119356
v -1.29818094 -0.62572229 0.49465653
v -1.29818094 -0.59095997 0.42773056
v -1.29818094 -0.59095997 0.46119356
v -1.29818094 -0.59095997 0.49465653
v -1.29818094 -0.66048467 0.52811950
v -1.29818094 -0.66048467 0.56158245
v -1.29818094 -0.62572229 0.52811950
v -1.29818094 -0.62572229 0.56158245
v -1.29818094 -0.66048467 0.59504545
v -1.29818094 -0.66048467 0.62850845
v -1.29818094 -0.66048467 0.66197139
v -1.29818094 -0.62572229 0.59504545
v -1.29818094 -0.62572229 0.62850845
v -1.29818094 -0.62572229 0.66197139
v -1.22419930 -0.66048467 0.66197139
v -1.22419930 -0.62572229 0.66197139
v -1.29818094 -0.59095997 0.52811950
v -1.29818094 -0.59095997 0.56158245
v -1.29818094 -0.59095997 0.59504545
v -1.29818094 -0.59095997 0.62850845
v -1.29818094 -0.59095997 0.66197139
v -1.22419930 -0.59095997 0.66197139
v -1.15021777 -0.66048467 0.66197139
v -1.15021777 -0.62572229 0.66197139
v -1.07623625 -0.66048467 0.66197139
v -1.07623625 -0.62572229 0.66197139
v -1.15021777 -0.59095997 0.66197139
v -1.07623625 -0.59095997 0.66197139
v -1.00225461 -0.79953402 0.66197139
v -1.00225461 -0.76477170 0.66197139
v -0.92827308 -0.79953402 0.66197139
v -0.92827308 -0.76477170 0.66197139
v -1.00225461 -0.73000938 0.66197139
v -1.00225461 -0.69524699 0.66197139
v -0.92827308 -0.73000938 0.66197139
v -0.92827308 -0.69524699 0.66197139
v -0.85429156 -0.79953402 0.66197139
v -0.85429156 -0.76477170 0.66197139
v -0.78030998 -0.79953402 0.66197139
v -0.78030998 -0.76477170 0.66197139
v -0.85429156 -0.73000938 0.66197139
v -0.85429156 -0.69524699 0.66197139
v -0.78030998 -0.73000938 0.66197139
v -0.78030998 -0.69524699 0.66197139
v -1.00225461 -0.66048467 0.66197139
v -1.00225461 -0.62572229 0.66197139
v -0.92827308 -0.66048467 0.66197139
v -0.92827308 -0.62572229 0.66197139
v -1.00225461 -0.59095997 0.66197139
v -0.92827308 -0.59095997 0.66197139
v -0.85429156 -0.66048467 0.66197139
v -0.85429156 -0.62572229 0.66197139
v -0.78030998 -0.66048467 0.66197139
v -0.78030998 -0.62572229 0.66197139
v -0.85429156 -0.59095997 0.66197139
v -0.78030998 -0.59095997 0.66197139
v -0.70632845 -1.11239517 0.12656380
v -0.70632845 -1.11239517 0.16002677
v -0.70632845 -1.11239517 0.19348975
v -0.63234687 -1.11239517 0.12656380
v -0.63234687 -1.11239517 0.16002677
v -0.63234687 -1.11239517 0.19348975
v -0.70632845 -1.11239517 0.22695273
v -0.63234687 -1.11239517 0.22695273
v -0.55836529 -1.11239517 0.12656380
v -0.55836529 -1.11239517 0.16002677
v -0.55836529 -1.11239517 0.19348975
v -0.48438373 -1.11239517 0.12656380
v -0.48438373 -1.11239517 0.16002677
v -0.48438373 -1.11239517 0.19348975
v -0.55836529 -1.11239517 0.22695273
v -0.48438373 -1.11239517 0.22695273
v -0.70632845 -1.11239517 0.26041570
v -0.70632845 -1.11239517 0.29387867
v -0.70632845 -1.11239517 0.32734165
v -0.63234687 -1.11239517 0.26041570
v -0.63234687 -1.11239517 0.29387867
v -0.63234687 -1.11239517 0.32734165
v -0.70632845 -1.11239517 0.36080462
v -0.70632845 -1.11239517 0.39426759
v -0.63234687 -1.11239517 0.36080462
v -0.63234687 -1.11239517 0.39426759
v -0.55836529 -1.11239517 0.26041570
v -0.55836529 -1.11239517 0.29387867
v -0.55836529 -1.11239517 0.32734165
v -0.48438373 -1.11239517 0.26041570
v -0.48438373 -1.11239517 0.29387867
v -0.48438373 -1.11239517 0.32734165
v -0.55836529 -1.11239517 0.36080462
v -0.55836529 -1.11239517 0.39426759
v -0.48438373 -1.11239517 0.36080462
v -0.48438373 -1.11239517 0.39426759
v -0.41040218 -1.11239517 0.12656380
v -0.41040218 -1.11239517 0.16002677
v -0.41040218 -1.11239517 0.19348975
v -0.33642063 -1.11239517 0.12656380
v -0.33642063 -1.11239517 0.16002677
v -0.33642063 -1.11239517 0.19348975
v -0.41040218 -1.11239517 0.22695273
v -0.33642063 -1.11239517 0.22695273
v -0.26243907 -1.11239517 0.12656380
v -0.26243907 -1.11239517 0.16002677
v -0.26243907 -1.11239517 0.19348975
v -0.18845750 -1.11239517 0.12656380
v -0.18845750 -1.11239517 0.16002677
v -0.18845750 -1.11239517 0.19348975
v -0.26243907 -1.11239517 0.22695273
v -0.18845750 -1.11239517 0.22695273
v -0.41040218 -1.11239517 0.26041570
v -0.41040218 -1.11239517 0.29387867
v -0.41040218 -1.11239517 0.32734165
v -0.33642063 -1.11239517 0.26041570
v -0.33642063 -1.11239517 0.29387867
v -0.33642063 -1.11239517 0.32734165
v -0.41040218 -1.11239517 0.36080462
v -0.41040218 -1.11239517 0.39426759
v -0.33642063 -1.11239517 0.36080462
v -0.33642063 -1.11239517 0.39426759
v -0.26243907 -1.11239517 0.26041570
v -0.26243907 -1.11239517 0.29387867
v -0.26243907 -1.11239517 0.32734165
v -0.18845750 -1.11239517 0.26041570
v -0.18845750 -1.11239517 0.29387867
v -0.18845750 -1.11239517 0.32734165
v -0.26243907 -1.11239517 0.36080462
v -0.26243907 -1.11239517 0.39426759
v -0.18845750 -1.11239517 0.36080462
v -0.18845750 -1.11239517 0.39426759
v -0.70632845 -1.11239517 0.42773056
v -0.63234687 -1.11239517 0.42773056
v -0.70632845 -1.11239517 0.46119356
v -0.70632845 -1.11239517 0.49465653
v -0.63234687 -1.11239517 0.46119356
v -0.63234687 -1.11239517 0.49465653
v -0.55836529 -1.11239517 0.42773056
v -0.48438373 -1.11239517 0.42773056
v -0.55836529 -1.11239517 0.46119356
v -0.55836529 -1.11239517 0.49465653
v -0.48438373 -1.11239517 0.46119356
v -0.48438373 -1.11239517 0.49465653
v -0.70632845 -1.11239517 0.52811950
v -0.70632845 -1.11239517 0.56158245
v -0.63234687 -1.11239517 0.52811950
v -0.63234687 -1.11239517 0.56158245
v -0.70632845 -1.11239517 0.59504545
v -0.70632845 -1.11239517 0.62850845
v -0.70632845 -1.11239517 0.66197139
v -0.70632845 -1.07763290 0.66197139
v -0.70632845 -1.04287052 0.66197139
v -0.63234687 -1.11239517 0.59504545
v -0.63234687 -1.11239517 0.62850845
v -0.63234687 -1.11239517 0.66197139
v -0.63234687 -1.07763290 0.66197139
v -0.63234687 -1.04287052 0.66197139
v -0.70632845 -1.00810814 0.66197139
v -0.70632845 -0.97334582 0.66197139
v -0.63234687 -1.00810814 0.66197139
v -0.63234687 -0.97334582 0.66197139
v -0.55836529 -1.11239517 0.52811950
v -0.55836529 -1.11239517 0.56158245
v -0.48438373 -1.11239517 0.52811950
v -0.48438373 -1.11239517 0.56158245
v -0.55836529 -1.11239517 0.59504545
v -0.55836529 -1.11239517 0.62850845
v -0.55836529 -1.11239517 0.66197139
v -0.55836529 -1.07763290 0.66197139
v -0.55836529 -1.04287052 0.66197139
v -0.48438373 -1.11239517 0.59504545
v -0.48438373 -1.11239517 0.62850845
v -0.48438373 -1.11239517 0.66197139
v -0.48438373 -1.07763290 0.66197139
v -0.48438373 -1.04287052 0.66197139
v -0.55836529 -1.00810814 0.66197139
v -0.55836529 -0.97334582 0.66197139
v -0.48438373 -1.00810814 0.66197139
v -0.48438373 -0.97334582 0.66197139
v -0.70632845 -0.93858343 0.66197139
v -0.70632845 -0.90382111 0.66197139
v -0.63234687 -0.93858343 0.66197139
v -0.63234687 -0.90382111 0.66197139
v -0.70632845 -0.86905873 0.66197139
v -0.70632845 -0.83429641 0.66197139
v -0.63234687 -0.86905873 0.66197139
v -0.63234687 -0.83429641 0.66197139
v -0.55836529 -0.93858343 0.66197139
v -0.55836529 -0.90382111 0.66197139
v -0.48438373 -0.93858343 0.66197139
v -0.48438373 -0.90382111 0.66197139
v -0.55836529 -0.86905873 0.66197139
v -0.55836529 -0.83429641 0.66197139
v -0.48438373 -0.86905873 0.66197139
v -0.48438373 -0.83429641 0.66197139
v -0.41040218 -1.11239517 0.42773056
v -0.33642063 -1.11239517 0.42773056
v -0.41040218 -1.11239517 0.46119356
v -0.41040218 -1.11239517 0.49465653
v -0.33642063 -1.11239517 0.46119356
v -0.33642063 -1.11239517 0.49465653
v -0.26243907 -1.11239517 0.42773056
v -0.18845750 -1.11239517 0.42773056
v -0.26243907 -1.11239517 0.46119356
v -0.26243907 -1.11239517 0.49465653
v -0.18845750 -1.11239517 0.46119356
v -0.18845750 -1.11239517 0.49465653
v -0.41040218 -1.11239517 0.52811950
v -0.41040218 -1.11239517 0.56158245
v -0.33642063 -1.11239517 0.52811950
v -0.33642063 -1.11239517 0.56158245
v -0.41040218 -1.11239517 0.59504545
v -0.41040218 -1.11239517 0.62850845
v -0.41040218 -1.11239517 0.66197139
v -0.41040218 -1.07763290 0.66197139
v -0.41040218 -1.04287052 0.66197139
v -0.33642063 -1.11239517 0.59504545
v -0.33642063 -1.11239517 0.62850845
v -0.33642063 -1.11239517 0.66197139
v -0.33642063 -1.07763290 0.66197139
v -0.33642063 -1.04287052 0.66197139
v -0.41040218 -1.00810814 0.66197139
v -0.41040218 -0.97334582 0.66197139
v -0.33642063 -1.00810814 0.66197139
v -0.33642063 -0.97334582 0.66197139
v -0.26243907 -1.11239517 0.52811950
v -0.26243907 -1.11239517 0.56158245
v -0.18845750 -1.11239517 0.52811950
v -0.18845750 -1.11239517 0.56158245
v -0.26243907 -1.11239517 0.59504545
v -0.26243907 -1.11239517 0.62850845
v -0.26243907 -1.11239517 0.66197139
v -0.26243907 -1.07763290 0.66197139
v -0.26243907 -1.04287052 0.66197139
v -0.18845750 -1.11239517 0.59504545
v -0.18845750 -1.11239517 0.62850845
v -0.18845750 -1.11239517 0.66197139
v -0.18845750 -1.07763290 0.66197139
v -0.18845750 -1.04287052 0.66197139
v -0.26243907 -1.00810814 0.66197139
v -0.26243907 -0.97334582 0.66197139
v -0.18845750 -1.00810814 0.66197139
v -0.18845750 -0.97334582 0.66197139
v -0.41040218 -0.93858343 0.66197139
v -0.41040218 -0.90382111 0.66197139
v -0.33642063 -0.93858343 0.66197139
v -0.33642063 -0.90382111 0.66197139
v -0.41040218 -0.86905873 0.66197139
v -0.41040218 -0.83429641 0.66197139
v -0.33642063 -0.86905873 0.66197139
v -0.33642063 -0.83429641 0.66197139
v -0.26243907 -0.93858343 0.66197139
v -0.26243907 -0.90382111 0.66197139
v -0.18845750 -0.93858343 0.66197139
v -0.18845750 -0.90382111 0.66197139
v -0.26243907 -0.86905873 0.66197139
v -0.26243907 -0.83429641 0.66197139
v -0.18845750 -0.86905873 0.66197139
v -0.18845750 -0.83429641 0.66197139
v -0.70632845 -0.79953402 0.66197139
v -0.70632845 -0.76477170 0.66197139
v -0.63234687 -0.79953402 0.66197139
v -0.63234687 -0.76477170 0.66197139
v -0.70632845 -0.73000938 0.66197139
v -0.70632845 -0.69524699 0.66197139
v -0.63234687 -0.73000938 0.66197139
v -0.63234687 -0.69524699 0.66197139
v -0.55836529 -0.79953402 0.66197139
v -0.55836529 -0.76477170 0.66197139
v -0.48438373 -0.79953402 0.66197139
v -0.48438373 -0.76477170 0.66197139
v -0.55836529 -0.73000938 0.66197139
v -0.55836529 -0.69524699 0.66197139
v -0.48438373 -0.73000938 0.66197139
v -0.48438373 -0.69524699 0.66197139
v -0.70632845 -0.66048467 0.66197139
v -0.70632845 -0.62572229 0.66197139
v -0.63234687 -0.66048467 0.66197139
v -0.63234687 -0.62572229 0.66197139
v -0.70632845 -0.59095997 0.66197139
v -0.63234687 -0.59095997 0.66197139
v -0.55836529 -0.66048467 0.66197139
v -0.55836529 -0.62572229 0.66197139
v -0.48438373 -0.66048467 0.66197139
v -0.48438373 -0.62572229 0.66197139
v -0.55836529 -0.59095997 0.66197139
v -0.48438373 -0.59095997 0.66197139
v -0.41040218 -0.79953402 0.66197139
v -0.41040218 -0.76477170 0.66197139
v -0.33642063 -0.79953402 0.66197139
v -0.33642063 -0.76477170 0.66197139
v -0.41040218 -0.73000938 0.66197139
v -0.41040218 -0.69524699 0.66197139
v -0.33642063 -0.73000938 0.66197139
v -0.33642063 -0.69524699 0.66197139
v -0.26243907 -0.79953402 0.66197139
v -0.26243907 -0.76477170 0.66197139
v -0.18845750 -0.79953402 0.66197139
v -0.18845750 -0.76477170 0.66197139
v -0.26243907 -0.73000938 0.66197139
v -0.26243907 -0.69524699 0.66197139
v -0.18845750 -0.73000938 0.66197139
v -0.18845750 -0.69524699 0.66197139
v -0.41040218 -0.66048467 0.66197139
v -0.41040218 -0.62572229 0.66197139
v -0.33642063 -0.66048467 0.66197139
v -0.33642063 -0.62572229 0.66197139
v -0.41040218 -0.59095997 0.66197139
v -0.33642063 -0.59095997 0.66197139
v -0.26243907 -0.66048467 0.66197139
v -0.26243907 -0.62572229 0.66197139
v -0.18845750 -0.66048467 0.66197139
v -0.18845750 -0.62572229 0.66197139
v -0.26243907 -0.59095997 0.66197139
v -0.18845750 -0.59095997 0.66197139
v -1.29818094 -0.55619758 -0.40884379
v -1.29818094 -0.55619758 -0.37538081
v -1.29818094 -0.52143526 -0.40884379
v -1.29818094 -0.52143526 -0.37538081
v -1.29818094 -0.55619758 -0.34191784
v -1.29818094 -0.52143526 -0.34191784
v -1.29818094 -0.48667291 -0.40884379
v -1.29818094 -0.48667291 -0.37538081
v -1.29818094 -0.48667291 -0.34191784
v -1.22419930 -0.55619758 -0.40884379
v -1.22419930 -0.52143526 -0.40884379
v -1.22419930 -0.48667291 -0.40884379
v -1.29818094 -0.55619758 -0.30845487
v -1.29818094 -0.52143526 -0.30845487
v -1.29818094 -0.55619758 -0.27499190
v -1.29818094 -0.52143526 -0.27499190
v -1.29818094 -0.48667291 -0.30845487
v -1.29818094 -0.48667291 -0.27499190
v -1.29818094 -0.45191056 -0.40884379
v -1.29818094 -0.45191056 -0.37538081
v -1.29818094 -0.45191056 -0.34191784
v -1.29818094 -0.41714820 -0.40884379
v -1.29818094 -0.41714820 -0.37538081
v -1.29818094 -0.41714820 -0.34191784
v -1.22419930 -0.45191056 -0.40884379
v -1.22419930 -0.41714820 -0.40884379
v -1.29818094 -0.45191056 -0.30845487
v -1.29818094 -0.45191056 -0.27499190
v -1.29818094 -0.41714820 -0.30845487
v -1.29818094 -0.41714820 -0.27499190
v -1.15021777 -0.55619758 -0.40884379
v -1.15021777 -0.52143526 -0.40884379
v -1.15021777 -0.48667291 -0.40884379
v -1.07623625 -0.55619758 -0.40884379
v -1.07623625 -0.52143526 -0.40884379
v -1.07623625 -0.48667291 -0.40884379
v -1.15021777 -0.45191056 -0.40884379
v -1.15021777 -0.41714820 -0.40884379
v -1.07623625 -0.45191056 -0.40884379
v -1.07623625 -0.41714820 -0.40884379
v -1.29818094 -0.55619758 -0.24152893
v -1.29818094 -0.52143526 -0.24152893
v -1.29818094 -0.55619758 -0.20806596
v -1.29818094 -0.52143526 -0.20806596
v -1.29818094 -0.48667291 -0.24152893
v -1.29818094 -0.48667291 -0.20806596
v -1.29818094 -0.55619758 -0.17460297
v -1.29818094 -0.52143526 -0.17460297
v -1.29818094 -0.55619758 -0.14114000
v -1.29818094 -0.52143526 -0.14114000
v -1.29818094 -0.48667291 -0.17460297
v -1.29818094 -0.48667291 -0.14114000
v -1.29818094 -0.45191056 -0.24152893
v -1.29818094 -0.45191056 -0.20806596
v -1.29818094 -0.41714820 -0.24152893
v -1.29818094 -0.41714820 -0.20806596
v -1.29818094 -0.45191056 -0.17460297
v -1.29818094 -0.45191056 -0.14114000
v -1.29818094 -0.41714820 -0.17460297
v -1.29818094 -0.41714820 -0.14114000
v -1.29818094 -0.38238585 -0.40884379
v -1.29818094 -0.38238585 -0.37538081
v -1.29818094 -0.38238585 -0.34191784
v -1.29818094 -0.34762350 -0.40884379
v -1.29818094 -0.34762350 -0.37538081
v -1.29818094 -0.34762350 -0.34191784
v -1.22419930 -0.38238585 -0.40884379
v -1.22419930 -0.34762350 -0.40884379
v -1.29818094 -0.38238585 -0.30845487
v -1.29818094 -0.38238585 -0.27499190
v -1.29818094 -0.34762350 -0.30845487
v -1.29818094 -0.34762350 -0.27499190
v -1.29818094 -0.31286114 -0.40884379
v -1.29818094 -0.31286114 -0.37538081
v -1.29818094 -0.31286114 -0.34191784
v -1.22419930 -0.31286114 -0.40884379
v -1.29818094 -0.31286114 -0.30845487
v -1.29818094 -0.31286114 -0.27499190
v -1.15021777 -0.38238585 -0.40884379
v -1.15021777 -0.34762350 -0.40884379
v -1.07623625 -0.38238585 -0.40884379
v -1.07623625 -0.34762350 -0.40884379
v -1.15021777 -0.31286114 -0.40884379
v -1.07623625 -0.31286114 -0.40884379
v -1.29818094 -0.38238585 -0.24152893
v -1.29818094 -0.38238585 -0.20806596
v -1.29818094 -0.34762350 -0.24152893
v -1.29818094 -0.34762350 -0.20806596
v -1.29818094 -0.38238585 -0.17460297
v -1.29818094 -0.38238585 -0.14114000
v -1.29818094 -0.34762350 -0.17460297
v -1.29818094 -0.34762350 -0.14114000
v -1.29818094 -0.31286114 -0.24152893
v -1.29818094 -0.31286114 -0.20806596
v -1.29818094 -0.31286114 -0.17460297
v -1.29818094 -0.31286114 -0.14114000
v -1.00225461 -0.55619758 -0.40884379
v -1.00225461 -0.52143526 -0.40884379
v -1.00225461 -0.48667291 -0.40884379
v -0.92827308 -0.55619758 -0.40884379
v -0.92827308 -0.52143526 -0.40884379
v -0.92827308 -0.48667291 -0.40884379
v -1.00225461 -0.45191056 -0.40884379
v -1.00225461 -0.41714820 -0.40884379
v -0.92827308 -0.45191056 -0.40884379
v -0.92827308 -0.41714820 -0.40884379
v -0.85429156 -0.55619758 -0.40884379
v -0.85429156 -0.52143526 -0.40884379
v -0.85429156 -0.48667291 -0.40884379
v -0.78030998 -0.55619758 -0.40884379
v -0.78030998 -0.52143526 -0.40884379
v -0.78030998 -0.48667291 -0.40884379
v -0.85429156 -0.45191056 -0.40884379
v -0.85429156 -0.41714820 -0.40884379
v -0.78030998 -0.45191056 -0.40884379
v -0.78030998 -0.41714820 -0.40884379
v -1.00225461 -0.38238585 -0.40884379
v -1.00225461 -0.34762350 -0.40884379
v -0.92827308 -0.38238585 -0.40884379
v -0.92827308 -0.34762350 -0.40884379
v -1.00225461 -0.31286114 -0.40884379
v -0.92827308 -0.31286114 -0.40884379
v -0.85429156 -0.38238585 -0.40884379
v -0.85429156 -0.34762350 -0.40884379
v -0.78030998 -0.38238585 -0.40884379
v -0.78030998 -0.34762350 -0.40884379
v -0.85429156 -0.31286114 -0.40884379
v -0.78030998 -0.31286114 -0.40884379
v -1.29818094 -0.55619758 -0.10767703
v -1.29818094 -0.52143526 -0.10767703
v -1.29818094 -0.55619758 -0.07421405
v -1.29818094 -0.52143526 -0.07421405
v -1.29818094 -0.48667291 -0.10767703
v -1.29818094 -0.48667291 -0.07421405
v -1.29818094 -0.55619758 -0.04075107
v -1.29818094 -0.52143526 -0.04075107
v -1.29818094 -0.55619758 -0.00728810
v -1.29818094 -0.52143526 -0.00728810
v -1.29818094 -0.48667291 -0.04075107
v -1.29818094 -0.48667291 -0.00728810
v -1.29818094 -0.45191056 -0.10767703
v -1.29818094 -0.45191056 -0.07421405
v -1.29818094 -0.41714820 -0.10767703
v -1.29818094 -0.41714820 -0.07421405
v -1.29818094 -0.45191056 -0.04075107
v -1.29818094 -0.45191056 -0.00728810
v -1.29818094 -0.41714820 -0.04075107
v -1.29818094 -0.41714820 -0.00728810
v -1.29818094 -0.55619758 0.02617487
v -1.29818094 -0.52143526 0.02617487
v -1.29818094 -0.55619758 0.05963785
v -1.29818094 -0.52143526 0.05963785
v -1.29818094 -0.48667291 0.02617487
v -1.29818094 -0.48667291 0.05963785
v -1.29818094 -0.55619758 0.09310082
v -1.29818094 -0.52143526 0.09310082
v -1.29818094 -0.48667291 0.09310082
v -1.29818094 -0.45191056 0.02617487
v -1.29818094 -0.45191056 0.05963785
v -1.29818094 -0.41714820 0.02617487
v -1.29818094 -0.41714820 0.05963785
v -1.29818094 -0.45191056 0.09310082
v -1.29818094 -0.41714820 0.09310082
v -1.29818094 -0.38238585 -0.10767703
v -1.29818094 -0.38238585 -0.07421405
v -1.29818094 -0.34762350 -0.10767703
v -1.29818094 -0.34762350 -0.07421405
v -1.29818094 -0.38238585 -0.04075107
v -1.29818094 -0.38238585 -0.00728810
v -1.29818094 -0.34762350 -0.04075107
v -1.29818094 -0.34762350 -0.00728810
v -1.29818094 -0.31286114 -0.10767703
v -1.29818094 -0.31286114 -0.07421405
v -1.29818094 -0.31286114 -0.04075107
v -1.29818094 -0.31286114 -0.00728810
v -1.29818094 -0.38238585 0.02617487
v -1.29818094 -0.38238585 0.05963785
v -1.29818094 -0.34762350 0.02617487
v -1.29818094 -0.34762350 0.05963785
v -1.29818094 -0.38238585 0.09310082
v -1.29818094 -0.34762350 0.09310082
v -1.29818094 -0.31286114 0.02617487
v -1.29818094 -0.31286114 0.05963785
v -1.29818094 -0.31286114 0.09310082
v -1.29818094 -0.27809879 -0.40884379
v -1.29818094 -0.27809879 -0.37538081
v -1.29818094 -0.24333645 -0.40884379
v -1.29818094 -0.24333645 -0.37538081
v -1.29818094 -0.27809879 -0.34191784
v -1.29818094 -0.24333645 -0.34191784
v -1.29818094 -0.20857410 -0.40884379
v -1.29818094 -0.20857410 -0.37538081
v -1.29818094 -0.20857410 -0.34191784
v -1.22419930 -0.27809879 -0.40884379
v -1.22419930 -0.24333645 -0.40884379
v -1.22419930 -0.20857410 -0.40884379
v -1.29818094 -0.27809879 -0.30845487
v -1.29818094 -0.24333645 -0.30845487
v -1.29818094 -0.27809879 -0.27499190
v -1.29818094 -0.24333645 -0.27499190
v -1.29818094 -0.20857410 -0.30845487
v -1.29818094 -0.20857410 -0.27499190
v -1.29818094 -0.17381175 -0.40884379
v -1.29818094 -0.17381175 -0.37538081
v -1.29818094 -0.17381175 -0.34191784
v -1.22419930 -0.17381175 -0.40884379
v -1.29818094 -0.17381175 -0.30845487
v -1.29818094 -0.17381175 -0.27499190
v -1.15021777 -0.27809879 -0.40884379
v -1.15021777 -0.24333645 -0.40884379
v -1.15021777 -0.20857410 -0.40884379
v -1.07623625 -0.27809879 -0.40884379
v -1.07623625 -0.24333645 -0.40884379
v -1.07623625 -0.20857410 -0.40884379
v -1.15021777 -0.17381175 -0.40884379
v -1.07623625 -0.17381175 -0.40884379
v -1.29818094 -0.27809879 -0.24152893
v -1.29818094 -0.24333645 -0.24152893
v -1.29818094 -0.27809879 -0.20806596
v -1.29818094 -0.24333645 -0.20806596
v -1.29818094 -0.20857410 -0.24152893
v -1.29818094 -0.20857410 -0.20806596
v -1.29818094 -0.27809879 -0.17460297
v -1.29818094 -0.24333645 -0.17460297
v -1.29818094 -0.27809879 -0.14114000
v -1.29818094 -0.24333645 -0.14114000
v -1.29818094 -0.20857410 -0.17460297
v -1.29818094 -0.20857410 -0.14114000
v -1.29818094 -0.17381175 -0.24152893
v -1.29818094 -0.17381175 -0.20806596
v -1.29818094 -0.17381175 -0.17460297
v -1.29818094 -0.17381175 -0.14114000
v -1.29818094 -0.13904940 -0.40884379
v -1.29818094 -0.13904940 -0.37538081
v -1.29818094 -0.10428705 -0.40884379
v -1.29818094 -0.10428705 -0.37538081
v -1.29818094 -0.13904940 -0.34191784
v -1.29818094 -0.10428705 -0.34191784
v -1.22419930 -0.13904940 -0.40884379
v -1.22419930 -0.10428705 -0.40884379
v -1.29818094 -0.13904940 -0.30845487
v -1.29818094 -0.10428705 -0.30845487
v -1.29818094 -0.13904940 -0.27499190
v -1.29818094 -0.10428705 -0.27499190
v -1.29818094 -0.06952470 -0.40884379
v -1.29818094 -0.06952470 -0.37538081
v -1.29818094 -0.06952470 -0.34191784
v -1.29818094 -0.03476235 -0.40884379
v -1.29818094 -0.03476235 -0.37538081
v -1.29818094 0.00000000 -0.40884379
v -1.29818094 0.00000000 -0.37538081
v -1.29818094 -0.03476235 -0.34191784
v -1.29818094 0.00000000 -0.34191784
v -1.22419930 -0.06952470 -0.40884379
v -1.22419930 -0.03476235 -0.40884379
v -1.22419930 0.00000000 -0.40884379
v -1.22419930 0.00000000 -0.37538081
v -1.22419930 0.00000000 -0.34191784
v -1.29818094 -0.06952470 -0.30845487
v -1.29818094 -0.06952470 -0.27499190
v -1.29818094 -0.03476235 -0.30845487
v -1.29818094 0.00000000 -0.30845487
v -1.29818094 -0.03476235 -0.27499190
v -1.29818094 0.00000000 -0.27499190
v -1.22419930 0.00000000 -0.30845487
v -1.22419930 0.00000000 -0.27499190
v -1.15021777 -0.13904940 -0.40884379
v -1.15021777 -0.10428705 -0.40884379
v -1.07623625 -0.13904940 -0.40884379
v -1.07623625 -0.10428705 -0.40884379
v -1.15021777 -0.06952470 -0.40884379
v -1.15021777 -0.03476235 -0.40884379
v -1.15021777 0.00000000 -0.40884379
v -1.15021777 0.00000000 -0.37538081
v -1.15021777 0.00000000 -0.34191784
v -1.07623625 -0.06952470 -0.40884379
v -1.07623625 -0.03476235 -0.40884379
v -1.07623625 0.00000000 -0.40884379
v -1.07623625 0.00000000 -0.37538081
v -1.07623625 0.00000000 -0.34191784
v -1.15021777 0.00000000 -0.30845487
v -1.15021777 0.00000000 -0.27499190
v -1.07623625 0.00000000 -0.30845487
v -1.07623625 0.00000000 -0.27499190
v -1.29818094 -0.13904940 -0.24152893
v -1.29818094 -0.10428705 -0.24152893
v -1.29818094 -0.13904940 -0.20806596
v -1.29818094 -0.10428705 -0.20806596
v -1.29818094 -0.13904940 -0.17460297
v -1.29818094 -0.10428705 -0.17460297
v -1.29818094 -0.13904940 -0.14114000
v -1.29818094 -0.10428705 -0.14114000
v -1.29818094 -0.06952470 -0.24152893
v -1.29818094 -0.06952470 -0.20806596
v -1.29818094 -0.03476235 -0.24152893
v -1.29818094 0.00000000 -0.24152893
v -1.29818094 -0.03476235 -0.20806596
v -1.29818094 0.00000000 -0.20806596
v -1.22419930 0.00000000 -0.24152893
v -1.22419930 0.00000000 -0.20806596
v -1.29818094 -0.06952470 -0.17460297
v -1.29818094 -0.06952470 -0.14114000
v -1.29818094 -0.03476235 -0.17460297
v -1.29818094 0.00000000 -0.17460297
v -1.29818094 -0.03476235 -0.14114000
v -1.29818094 0.00000000 -0.14114000
v -1.22419930 0.00000000 -0.17460297
v -1.22419930 0.00000000 -0.14114000
v -1.15021777 0.00000000 -0.24152893
v -1.15021777 0.00000000 -0.20806596
v -1.07623625 0.00000000 -0.24152893
v -1.07623625 0.00000000 -0.20806596
v -1.15021777 0.00000000 -0.17460297
v -1.15021777 0.00000000 -0.14114000
v -1.07623625 0.00000000 -0.17460297
v -1.07623625 0.00000000 -0.14114000
v -1.00225461 -0.27809879 -0.40884379
v -1.00225461 -0.24333645 -0.40884379
v -1.00225461 -0.20857410 -0.40884379
v -0.92827308 -0.27809879 -0.40884379
v -0.92827308 -0.24333645 -0.40884379
v -0.92827308 -0.20857410 -0.40884379
v -1.00225461 -0.17381175 -0.40884379
v -0.92827308 -0.17381175 -0.40884379
v -0.85429156 -0.27809879 -0.40884379
v -0.85429156 -0.24333645 -0.40884379
v -0.85429156 -0.20857410 -0.40884379
v -0.78030998 -0.27809879 -0.40884379
v -0.78030998 -0.24333645 -0.40884379
v -0.78030998 -0.20857410 -0.40884379
v -0.85429156 -0.17381175 -0.40884379
v -0.78030998 -0.17381175 -0.40884379
v -1.00225461 -0.13904940 -0.40884379
v -1.00225461 -0.10428705 -0.40884379
v -0.92827308 -0.13904940 -0.40884379
v -0.92827308 -0.10428705 -0.40884379
v -1.00225461 -0.06952470 -0.40884379
v -1.00225461 -0.03476235 -0.40884379
v -1.00225461 0.00000000 -0.40884379
v -1.00225461 0.00000000 -0.37538081
v -1.00225461 0.00000000 -0.34191784
v -0.92827308 -0.06952470 -0.40884379
v -0.92827308 -0.03476235 -0.40884379
v -0.92827308 0.00000000 -0.40884379
v -0.92827308 0.00000000 -0.37538081
v -0.92827308 0.00000000 -0.34191784
v -1.00225461 0.00000000 -0.30845487
v -1.00225461 0.00000000 -0.27499190
v -0.92827308 0.00000000 -0.30845487
v -0.92827308 0.00000000 -0.27499190
v -0.85429156 -0.13904940 -0.40884379
v -0.85429156 -0.10428705 -0.40884379
v -0.78030998 -0.13904940 -0.40884379
v -0.78030998 -0.10428705 -0.40884379
v -0.85429156 -0.06952470 -0.40884379
v -0.85429156 -0.03476235 -0.40884379
v -0.85429156 0.00000000 -0.40884379
v -0.85429156 0.00000000 -0.37538081
v -0.85429156 0.00000000 -0.34191784
v -0.78030998 -0.06952470 -0.40884379
v -0.78030998 -0.03476235 -0.40884379
v -0.78030998 0.00000000 -0.40884379
v -0.78030998 0.00000000 -0.37538081
v -0.78030998 0.00000000 -0.34191784
v -0.85429156 0.00000000 -0.30845487
v -0.85429156 0.00000000 -0.27499190
v -0.78030998 0.00000000 -0.30845487
v -0.78030998 0.00000000 -0.27499190
v -1.00225461 0.00000000 -0.24152893
v -1.00225461 0.00000000 -0.20806596
v -0.92827308 0.00000000 -0.24152893
v -0.92827308 0.00000000 -0.20806596
v -1.00225461 0.00000000 -0.17460297
v -1.00225461 0.00000000 -0.14114000
v -0.92827308 0.00000000 -0.17460297
v -0.92827308 0.00000000 -0.14114000
v -0.85429156 0.00000000 -0.24152893
v -0.85429156 0.00000000 -0.20806596
v -0.78030998 0.00000000 -0.24152893
v -0.78030998 0.00000000 -0.20806596
v -0.85429156 0.00000000 -0.17460297
v -0.85429156 0.00000000 -0.14114000
v -0.78030998 0.00000000 -0.17460297
v -0.78030998 0.00000000 -0.14114000
v -1.29818094 -0.27809879 -0.10767703
v -1.29818094 -0.24333645 -0.10767703
v -1.29818094 -0.27809879 -0.07421405
v -1.29818094 -0.24333645 -0.07421405
v -1.29818094 -0.20857410 -0.10767703
v -1.29818094 -0.20857410 -0.07421405
v -1.29818094 -0.27809879 -0.04075107
v -1.29818094 -0.24333645 -0.04075107
v -1.29818094 -0.27809879 -0.00728810
v -1.29818094 -0.24333645 -0.00728810
v -1.29818094 -0.20857410 -0.04075107
v -1.29818094 -0.20857410 -0.00728810
v -1.29818094 -0.17381175 -0.10767703
v -1.29818094 -0.17381175 -0.07421405
v -1.29818094 -0.17381175 -0.04075107
v -1.29818094 -0.17381175 -0.00728810
v -1.29818094 -0.27809879 0.02617487
v -1.29818094 -0.24333645 0.02617487
v -1.29818094 -0.27809879 0.05963785
v -1.29818094 -0.24333645 0.05963785
v -1.29818094 -0.20857410 0.02617487
v -1.29818094 -0.20857410 0.05963785
v -1.29818094 -0.27809879 0.09310082
v -1.29818094 -0.24333645 0.09310082
v -1.29818094 -0.20857410 0.09310082
v -1.29818094 -0.17381175 0.02617487
v -1.29818094 -0.17381175 0.05963785
v -1.29818094 -0.17381175 0.09310082
v -1.29818094 -0.13904940 -0.10767703
v -1.29818094 -0.10428705 -0.10767703
v -1.29818094 -0.13904940 -0.07421405
v -1.29818094 -0.10428705 -0.07421405
v -1.29818094 -0.13904940 -0.04075107
v -1.29818094 -0.10428705 -0.04075107
v -1.29818094 -0.13904940 -0.00728810
v -1.29818094 -0.10428705 -0.00728810
v -1.29818094 -0.06952470 -0.10767703
v -1.29818094 -0.06952470 -0.07421405
v -1.29818094 -0.03476235 -0.10767703
v -1.29818094 0.00000000 -0.10767703
v -1.29818094 -0.03476235 -0.07421405
v -1.29818094 0.00000000 -0.07421405
v -1.22419930 0.00000000 -0.10767703
v -1.22419930 0.00000000 -0.07421405
v -1.29818094 -0.06952470 -0.04075107
v -1.29818094 -0.06952470 -0.00728810
v -1.29818094 -0.03476235 -0.04075107
v -1.29818094 0.00000000 -0.04075107
v -1.29818094 -0.03476235 -0.00728810
v -1.29818094 0.00000000 -0.00728810
v -1.22419930 0.00000000 -0.04075107
v -1.22419930 0.00000000 -0.00728810
v -1.15021777 0.00000000 -0.10767703
v -1.15021777 0.00000000 -0.07421405
v -1.07623625 0.00000000 -0.10767703
v -1.07623625 0.00000000 -0.07421405
v -1.15021777 0.00000000 -0.04075107
v -1.15021777 0.00000000 -0.00728810
v -1.07623625 0.00000000 -0.04075107
v -1.07623625 0.00000000 -0.00728810
v -1.29818094 -0.13904940 0.02617487
v -1.29818094 -0.10428705 0.02617487
v -1.29818094 -0.13904940 0.05963785
v -1.29818094 -0.10428705 0.05963785
v -1.29818094 -0.13904940 0.09310082
v -1.29818094 -0.10428705 0.09310082
v -1.29818094 -0.06952470 0.02617487
v -1.29818094 -0.06952470 0.05963785
v -1.29818094 -0.03476235 0.02617487
v -1.29818094 0.00000000 0.02617487
v -1.29818094 -0.03476235 0.05963785
v -1.29818094 0.00000000 0.05963785
v -1.22419930 0.00000000 0.02617487
v -1.22419930 0.00000000 0.05963785
v -1.29818094 -0.06952470 0.09310082
v -1.29818094 -0.03476235 0.09310082
v -1.29818094 0.00000000 0.09310082
v -1.22419930 0.00000000 0.09310082
v -1.15021777 0.00000000 0.02617487
v -1.15021777 0.00000000 0.05963785
v -1.07623625 0.00000000 0.02617487
v -1.07623625 0.00000000 0.05963785
v -1.15021777 0.00000000 0.09310082
v -1.07623625 0.00000000 0.09310082
v -0.93184632 -0.07405550 -0.07836180
v -0.90138400 -0.07782700 -0.08348600
v -0.87242562 -0.07886050 -0.08566700
v -0.94033599 -0.08925800 -0.04992600
v -0.95649803 -0.07180000 -0.06555600
v -0.94373298 -0.07945300 -0.06465000
v -0.95770901 -0.07692800 -0.04885400
v -0.96668923 -0.07623810 -0.02108410
v -0.95078719 -0.09037780 -0.02021260
v -0.93838042 -0.09755780 -0.01523350
v -0.89778018 -0.10674500 -0.03886480
v -0.90920401 -0.10722000 -0.02097300
v -0.86238140 -0.11257540 -0.03438050
v -0.87979650 -0.11352800 -0.01882270
v -0.89957333 -0.08899410 -0.07255410
v -0.91022003 -0.09850100 -0.05408800
v -0.92606300 -0.09555200 -0.05259200
v -0.92578501 -0.08685900 -0.06641300
v -0.86262733 -0.09453490 -0.07034910
v -0.87533718 -0.10349890 -0.05404000
v -0.92384797 -0.10019300 -0.03705900
v -0.97230762 -0.03920010 -0.07804220
v -0.95047301 -0.06213500 -0.07793700
v -0.93282968 -0.04243310 -0.09723830
v -0.95047599 -0.04621800 -0.08825200
v -1.00225461 0.00000000 -0.10767703
v -0.98758000 -0.01752200 -0.07771100
v -0.96866769 0.00000000 -0.09182510
v -1.00225461 0.00000000 -0.07421405
v -0.98469436 0.00000000 -0.08115733
v -0.98992360 0.00000000 -0.07794186
v -0.97171748 -0.01304810 -0.09018070
v -0.98088908 0.00000000 -0.08407304
v -0.95800728 -0.02971630 -0.09252550
v -0.96175742 0.00000000 -0.09431223
v -0.93691421 -0.01028750 -0.10282270
v -0.93627650 0.00000000 -0.10256814
v -0.92708468 -0.05885350 -0.09067360
v -0.88989657 -0.06213700 -0.09610510
v -0.85584211 -0.06589690 -0.09605430
v -0.89124459 -0.04768170 -0.10186990
v -0.92827308 0.00000000 -0.10767703
v -0.90032172 -0.00959860 -0.10787650
v -0.88078505 0.00000000 -0.10818658
v -0.92582113 -0.02725950 -0.10286670
v -0.92390496 0.00000000 -0.10516786
v -0.90811312 0.00000000 -0.10733265
v -0.88739592 -0.02826470 -0.10670530
v -0.97236109 -0.05370710 -0.06153600
v -0.97540528 -0.05825540 -0.03965410
v -0.98277992 -0.04238330 -0.03936060
v -0.98802000 -0.03142700 -0.06295500
v -0.99743402 -0.01805100 -0.06301000
v -0.99271101 -0.01901700 -0.04676600
v -0.99597698 -0.00446100 -0.07379400
v -0.99526417 0.00000000 -0.07185819
v -0.99731982 0.00000000 -0.05861887
v -0.99818093 -0.00243070 -0.05662940
v -0.99750948 0.00000000 -0.05606342
v -0.99712241 0.00000000 -0.05339982
v -1.00225461 0.00000000 -0.04075107
v -0.98923212 -0.01744500 -0.03129230
v -0.98502260 -0.02364310 -0.01163590
v -0.98999059 0.00000000 -0.03254595
v -1.00225461 0.00000000 -0.00728810
v -0.98619699 0.00000000 -0.01049543
v -0.98598433 0.00000000 -0.00940785
v -0.98585528 0.00000000 -0.00805320
v -0.81881690 -0.08956220 -0.08612630
v -0.84242803 -0.08412400 -0.08496700
v -0.80816168 -0.07770590 -0.09706290
v -0.76523101 -0.09516170 -0.08450090
v -0.72685832 -0.09481410 -0.08601630
v -0.73650688 -0.08011950 -0.09719270
v -0.82707143 -0.10914940 -0.05319650
v -0.82812148 -0.11389650 -0.03515860
v -0.85167861 -0.11580270 -0.01700430
v -0.82403368 -0.10157490 -0.06939160
v -0.76686502 -0.10570570 -0.06946060
v -0.77359521 -0.11458270 -0.04549380
v -0.73111433 -0.10591550 -0.07129600
v -0.73673540 -0.11279790 -0.05425490
v -0.77624649 -0.11711770 -0.01782370
v -0.73952252 -0.11615250 -0.03611610
v -0.83311403 -0.06601900 -0.09863200
v -0.84689498 -0.04855940 -0.10385830
v -0.82405901 -0.04531930 -0.10631600
v -0.80464768 -0.06199100 -0.10385260
v -0.78162950 -0.04523520 -0.10749120
v -0.83311647 -0.02925990 -0.10792650
v -0.84829938 0.00000000 -0.10860047
v -0.82616878 -0.01083230 -0.10881340
v -0.79791641 -0.02707540 -0.10862140
v -0.80127150 0.00000000 -0.10878273
v -0.75249791 -0.06317230 -0.10412570
v -0.94488698 -0.09333700 0.00072300
v -0.94138658 -0.09125200 0.01765560
v -0.96186352 -0.08081790 0.00941820
v -0.94126022 -0.08441930 0.03137810
v -0.94516551 -0.07198530 0.04409420
v -0.89651507 -0.10679590 0.01430760
v -0.88595408 -0.11222590 -0.00210810
v -0.85541940 -0.11544720 0.00006520
v -0.86086440 -0.11192690 0.01698640
v -0.92244262 -0.10293940 -0.00142320
v -0.89276773 -0.07894950 0.05860150
v -0.87888438 -0.10303650 0.03366640
v -0.88555622 -0.09173650 0.04802010
v -0.97286671 -0.06794050 0.00928460
v -0.97844893 -0.05873940 0.00017930
v -0.98209488 -0.04476400 -0.00089870
v -0.97757500 -0.04323800 0.02478300
v -0.96903849 -0.05153390 0.03832260
v -0.96064401 -0.06945200 0.03388800
v -0.95622241 -0.05710100 0.04848920
v -0.98209149 -0.02201930 0.01998330
v -1.00225461 0.00000000 0.02617487
v -0.98155850 0.00000000 0.02084394
v -0.97622001 -0.02517500 0.03723500
v -0.97945738 -0.00182330 0.03350070
v -0.97958606 0.00000000 0.03254648
v -0.97916663 0.00000000 0.03372401
v -1.00225461 0.00000000 0.05963785
v -0.97158122 -0.00083760 0.04899470
v -0.97164971 0.00000000 0.04869489
v -0.97140634 0.00000000 0.04904297
v -0.96599269 0.00000000 0.05427081
v -0.96460497 -0.02510900 0.05307200
v -0.93496758 -0.05244790 0.06072510
v -1.00225461 0.00000000 0.09310082
v -0.94947600 -0.02604600 0.06308100
v -0.95848626 0.00000000 0.06109006
v -0.95909119 0.00000000 0.06068404
v -0.95737708 0.00000000 0.06162248
v -0.93529028 -0.01597070 0.07079310
v -0.93931329 0.00000000 0.06944555
v -0.89931428 -0.06340360 0.06751720
v -0.91248232 -0.04400410 0.07152020
v -0.87148792 -0.04370770 0.08079440
v -0.92827308 0.00000000 0.09310082
v -0.87572730 -0.02704320 0.08391300
v -0.88499683 0.00000000 0.08395974
v -0.88032532 -0.00135670 0.08523120
v -0.87997204 0.00000000 0.08521196
v -0.87368155 0.00000000 0.08630377
v -0.81945628 -0.11395120 0.01924060
v -0.80909008 -0.11667580 0.00148970
v -0.78195101 -0.11585460 0.01839510
v -0.82960212 -0.10719750 0.03707760
v -0.78452033 -0.11233090 0.03527350
v -0.84465897 -0.09388800 0.05398900
v -0.80537641 -0.10294360 0.05265550
v -0.74543589 -0.11721230 0.00058580
v -0.76805907 -0.10511250 0.05396080
v -0.73226762 -0.11219030 0.03761790
v -0.71832949 -0.10470020 0.05553020
v -0.81765962 -0.09068000 0.06548160
v -0.84555459 -0.07814620 0.06869630
v -0.81092340 -0.07721070 0.07758310
v -0.76157951 -0.09443060 0.06932080
v -0.76451558 -0.08151390 0.08103410
v -0.71834528 -0.07913570 0.08518280
v -0.85179168 -0.06077570 0.07802600
v -0.83401549 -0.03814940 0.08999220
v -0.80309302 -0.06241200 0.08777690
v -0.85429156 0.00000000 0.09310082
v -0.82880759 -0.00972160 0.09383300
v -0.82961422 0.00000000 0.09355371
v -0.78159219 -0.02571020 0.10227490
v -0.79874980 0.00000000 0.10044674
v -0.75412941 -0.06233910 0.09357370
v -0.77636778 -0.04483460 0.09828380
v -0.73767757 -0.04373990 0.10264010
v -0.74825299 -0.02793170 0.10529960
v -0.77308792 -0.00770760 0.10587060
v -0.77369201 0.00000000 0.10584759
v -0.75261170 0.00000000 0.10663645
v -0.72101903 -0.02712430 0.10637440
v -0.72160548 -0.00888180 0.10757520
v -0.72422886 0.00000000 0.10758317
v -0.70632845 -0.55619758 -0.40884379
v -0.70632845 -0.52143526 -0.40884379
v -0.70632845 -0.48667291 -0.40884379
v -0.63234687 -0.55619758 -0.40884379
v -0.63234687 -0.52143526 -0.40884379
v -0.63234687 -0.48667291 -0.40884379
v -0.70632845 -0.45191056 -0.40884379
v -0.70632845 -0.41714820 -0.40884379
v -0.63234687 -0.45191056 -0.40884379
v -0.63234687 -0.41714820 -0.40884379
v -0.55836529 -0.55619758 -0.40884379
v -0.55836529 -0.52143526 -0.40884379
v -0.55836529 -0.48667291 -0.40884379
v -0.48438373 -0.55619758 -0.40884379
v -0.48438373 -0.52143526 -0.40884379
v -0.48438373 -0.48667291 -0.40884379
v -0.55836529 -0.45191056 -0.40884379
v -0.55836529 -0.41714820 -0.40884379
v -0.48438373 -0.45191056 -0.40884379
v -0.48438373 -0.41714820 -0.40884379
v -0.70632845 -0.38238585 -0.40884379
v -0.70632845 -0.34762350 -0.40884379
v -0.63234687 -0.38238585 -0.40884379
v -0.63234687 -0.34762350 -0.40884379
v -0.70632845 -0.31286114 -0.40884379
v -0.63234687 -0.31286114 -0.40884379
v -0.55836529 -0.38238585 -0.40884379
v -0.55836529 -0.34762350 -0.40884379
v -0.48438373 -0.38238585 -0.40884379
v -0.48438373 -0.34762350 -0.40884379
v -0.55836529 -0.31286114 -0.40884379
v -0.48438373 -0.31286114 -0.40884379
v -0.41040218 -0.55619758 -0.40884379
v -0.41040218 -0.52143526 -0.40884379
v -0.41040218 -0.48667291 -0.40884379
v -0.33642063 -0.55619758 -0.40884379
v -0.33642063 -0.52143526 -0.40884379
v -0.33642063 -0.48667291 -0.40884379
v -0.41040218 -0.45191056 -0.40884379
v -0.41040218 -0.41714820 -0.40884379
v -0.33642063 -0.45191056 -0.40884379
v -0.33642063 -0.41714820 -0.40884379
v -0.26243907 -0.55619758 -0.40884379
v -0.26243907 -0.52143526 -0.40884379
v -0.26243907 -0.48667291 -0.40884379
v -0.18845750 -0.55619758 -0.40884379
v -0.18845750 -0.52143526 -0.40884379
v -0.18845750 -0.48667291 -0.40884379
v -0.26243907 -0.45191056 -0.40884379
v -0.26243907 -0.41714820 -0.40884379
v -0.18845750 -0.45191056 -0.40884379
v -0.18845750 -0.41714820 -0.40884379
v -0.41040218 -0.38238585 -0.40884379
v -0.41040218 -0.34762350 -0.40884379
v -0.33642063 -0.38238585 -0.40884379
v -0.33642063 -0.34762350 -0.40884379
v -0.41040218 -0.31286114 -0.40884379
v -0.33642063 -0.31286114 -0.40884379
v -0.26243907 -0.38238585 -0.40884379
v -0.26243907 -0.34762350 -0.40884379
v -0.18845750 -0.38238585 -0.40884379
v -0.18845750 -0.34762350 -0.40884379
v -0.26243907 -0.31286114 -0.40884379
v -0.18845750 -0.31286114 -0.40884379
v -0.11534510 -0.52934420 -0.04923760
v -0.11875900 -0.55204499 -0.02317500
v -0.13897499 -0.52623302 -0.02768800
v -0.12622300 -0.53794199 -0.03747800
v -0.13049100 -0.53613800 -0.01664800
v -0.13606900 -0.50446498 -0.04796300
v -0.15015499 -0.49698299 -0.04426500
v -0.16506501 -0.49220800 -0.03450800
v -0.13610700 -0.51989502 -0.04067500
v -0.15083300 -0.50963497 -0.03240400
v -0.14998710 -0.51237708 -0.01581480
v -0.19171400 -0.46816099 -0.02603900
v -0.20079701 -0.45250699 -0.03691000
v -0.21049750 -0.43069741 -0.04539110
v -0.19744590 -0.42222461 -0.05255430
v -0.21586800 -0.43859801 -0.03128000
v -0.21070680 -0.44590971 -0.01563330
v -0.15795060 -0.48023221 -0.04787800
v -0.18472700 -0.45978901 -0.04454400
v -0.16701300 -0.46144801 -0.05101300
v -0.13530800 -0.48513001 -0.05253700
v -0.14901300 -0.46175709 -0.05382760
v -0.17847601 -0.47611499 -0.03737500
v -0.17693400 -0.48397201 -0.01934100
v -0.17064001 -0.44497100 -0.05312300
v -0.18804599 -0.44248301 -0.05019400
v -0.17697720 -0.42113170 -0.05433140
v -0.13109060 -0.44895980 -0.05466740
v -0.11622600 -0.54331702 -0.00371800
v -0.13765261 -0.51533121 -0.00210630
v -0.12627730 -0.51043469 0.00748320
v -0.14720400 -0.48728099 0.00787000
v -0.12906900 -0.48845401 0.01341200
v -0.21260600 -0.43185499 0.00099200
v -0.19621301 -0.43364000 0.00935800
v -0.16551000 -0.48627701 -0.00341000
v -0.18746640 -0.46521190 -0.00601380
v -0.16848379 -0.46724311 0.00651100
v -0.14748800 -0.47030601 0.01319100
v -0.13054420 -0.46916690 0.01594270
v -0.17135531 -0.44470480 0.01369100
v -0.14960210 -0.45110941 0.01575500
v -0.13648590 -0.42381269 0.01751970
v -0.27702299 -0.34944901 -0.04488000
v -0.26991299 -0.36824599 -0.03704700
v -0.26789501 -0.37598899 -0.01819900
v -0.28154799 -0.36066499 -0.02564500
v -0.34739220 -0.27837169 -0.03077330
v -0.30993101 -0.31711799 -0.04141800
v -0.26702139 -0.33524609 -0.05257500
v -0.29232001 -0.32988799 -0.04610800
v -0.30394500 -0.33241901 -0.02987000
v -0.31773701 -0.31686300 -0.02336000
v -0.29118100 -0.34565100 -0.03485800
v -0.29933009 -0.33775789 -0.01417730
v -0.31555319 -0.29281059 -0.04911450
v -0.29546800 -0.31054401 -0.05158400
v -0.27660751 -0.31175250 -0.05416570
v -0.32970101 -0.29637229 -0.03802390
v -0.33294091 -0.29632789 -0.01591690
v -0.23395300 -0.40684900 -0.04307500
v -0.22864559 -0.38575241 -0.05184170
v -0.22084400 -0.40238300 -0.05088700
v -0.20619200 -0.40494600 -0.05339300
v -0.24275430 -0.40849340 -0.02937780
v -0.24695189 -0.40153950 -0.01516430
v -0.25807601 -0.38651001 -0.03077100
v -0.25355199 -0.37808579 -0.04411270
v -0.23005140 -0.36518440 -0.05402700
v -0.25820300 -0.35721299 -0.05012000
v -0.21127960 -0.37892511 -0.05431500
v -0.17009270 -0.41140339 -0.05463640
v -0.23942210 -0.32634971 -0.05461410
v -0.27641940 -0.35723439 -0.00483510
v -0.30048800 -0.32193401 0.00131700
v -0.26863450 -0.34677741 0.00720170
v -0.28545201 -0.32542199 0.00867800
v -0.27009499 -0.32583100 0.01362100
v -0.31634939 -0.30633920 -0.00375680
v -0.30070850 -0.27915120 0.01420770
v -0.29898170 -0.30382991 0.00856390
v -0.27639100 -0.30888900 0.01425900
v -0.27753630 -0.28950840 0.01587170
v -0.23095810 -0.40966389 -0.00174360
v -0.21190500 -0.41576999 0.00885900
v -0.19760410 -0.41346669 0.01405540
v -0.22181840 -0.39333111 0.01051380
v -0.25626299 -0.37859300 -0.00319900
v -0.23861700 -0.37879300 0.00803000
v -0.24620800 -0.35275659 0.01346920
v -0.19958210 -0.38147551 0.01632200
v -0.22303590 -0.35881019 0.01588580
v -0.20514530 -0.34914771 0.01743440
v -0.17812631 -0.41554931 0.01661770
v -0.25497699 -0.32879701 0.01547600
v -0.23911190 -0.32559580 0.01693320
v -0.25912321 -0.30410510 0.01666430
v -0.70632845 -0.27809879 -0.40884379
v -0.70632845 -0.24333645 -0.40884379
v -0.70632845 -0.20857410 -0.40884379
v -0.63234687 -0.27809879 -0.40884379
v -0.63234687 -0.24333645 -0.40884379
v -0.63234687 -0.20857410 -0.40884379
v -0.70632845 -0.17381175 -0.40884379
v -0.63234687 -0.17381175 -0.40884379
v -0.55836529 -0.27809879 -0.40884379
v -0.55836529 -0.24333645 -0.40884379
v -0.55836529 -0.20857410 -0.40884379
v -0.48438373 -0.27809879 -0.40884379
v -0.48438373 -0.24333645 -0.40884379
v -0.48438373 -0.20857410 -0.40884379
v -0.55836529 -0.17381175 -0.40884379
v -0.48438373 -0.17381175 -0.40884379
v -0.70632845 -0.13904940 -0.40884379
v -0.70632845 -0.10428705 -0.40884379
v -0.63234687 -0.13904940 -0.40884379
v -0.63234687 -0.10428705 -0.40884379
v -0.70632845 -0.06952470 -0.40884379
v -0.70632845 -0.03476235 -0.40884379
v -0.70632845 0.00000000 -0.40884379
v -0.70632845 0.00000000 -0.37538081
v -0.70632845 0.00000000 -0.34191784
v -0.63234687 -0.06952470 -0.40884379
v -0.63234687 -0.03476235 -0.40884379
v -0.63234687 0.00000000 -0.40884379
v -0.63234687 0.00000000 -0.37538081
v -0.63234687 0.00000000 -0.34191784
v -0.70632845 0.00000000 -0.30845487
v -0.70632845 0.00000000 -0.27499190
v -0.63234687 0.00000000 -0.30845487
v -0.63234687 0.00000000 -0.27499190
v -0.55836529 -0.13904940 -0.40884379
v -0.55836529 -0.10428705 -0.40884379
v -0.48438373 -0.13904940 -0.40884379
v -0.48438373 -0.10428705 -0.40884379
v -0.55836529 -0.06952470 -0.40884379
v -0.55836529 -0.03476235 -0.40884379
v -0.55836529 0.00000000 -0.40884379
v -0.55836529 0.00000000 -0.37538081
v -0.55836529 0.00000000 -0.34191784
v -0.48438373 -0.06952470 -0.40884379
v -0.48438373 -0.03476235 -0.40884379
v -0.48438373 0.00000000 -0.40884379
v -0.48438373 0.00000000 -0.37538081
v -0.48438373 0.00000000 -0.34191784
v -0.55836529 0.00000000 -0.30845487
v -0.55836529 0.00000000 -0.27499190
v -0.48438373 0.00000000 -0.30845487
v -0.48438373 0.00000000 -0.27499190
v -0.70632845 0.00000000 -0.24152893
v -0.70632845 0.00000000 -0.20806596
v -0.63234687 0.00000000 -0.24152893
v -0.63234687 0.00000000 -0.20806596
v -0.70632845 0.00000000 -0.17460297
v -0.70632845 0.00000000 -0.14114000
v -0.63234687 0.00000000 -0.17460297
v -0.63234687 0.00000000 -0.14114000
v -0.55836529 0.00000000 -0.24152893
v -0.55836529 0.00000000 -0.20806596
v -0.48438373 0.00000000 -0.24152893
v -0.48438373 0.00000000 -0.20806596
v -0.55836529 0.00000000 -0.17460297
v -0.55836529 0.00000000 -0.14114000
v -0.48438373 0.00000000 -0.17460297
v -0.48438373 0.00000000 -0.14114000
v -0.41040218 -0.27809879 -0.40884379
v -0.41040218 -0.24333645 -0.40884379
v -0.41040218 -0.20857410 -0.40884379
v -0.33642063 -0.27809879 -0.40884379
v -0.33642063 -0.24333645 -0.40884379
v -0.33642063 -0.20857410 -0.40884379
v -0.41040218 -0.17381175 -0.40884379
v -0.33642063 -0.17381175 -0.40884379
v -0.26243907 -0.27809879 -0.40884379
v -0.26243907 -0.24333645 -0.40884379
v -0.26243907 -0.20857410 -0.40884379
v -0.18845750 -0.27809879 -0.40884379
v -0.18845750 -0.24333645 -0.40884379
v -0.18845750 -0.20857410 -0.40884379
v -0.26243907 -0.17381175 -0.40884379
v -0.18845750 -0.17381175 -0.40884379
v -0.41040218 -0.13904940 -0.40884379
v -0.41040218 -0.10428705 -0.40884379
v -0.33642063 -0.13904940 -0.40884379
v -0.33642063 -0.10428705 -0.40884379
v -0.41040218 -0.06952470 -0.40884379
v -0.41040218 -0.03476235 -0.40884379
v -0.41040218 0.00000000 -0.40884379
v -0.41040218 0.00000000 -0.37538081
v -0.41040218 0.00000000 -0.34191784
v -0.33642063 -0.06952470 -0.40884379
v -0.33642063 -0.03476235 -0.40884379
v -0.33642063 0.00000000 -0.40884379
v -0.33642063 0.00000000 -0.37538081
v -0.33642063 0.00000000 -0.34191784
v -0.41040218 0.00000000 -0.30845487
v -0.41040218 0.00000000 -0.27499190
v -0.33642063 0.00000000 -0.30845487
v -0.33642063 0.00000000 -0.27499190
v -0.26243907 -0.13904940 -0.40884379
v -0.26243907 -0.10428705 -0.40884379
v -0.18845750 -0.13904940 -0.40884379
v -0.18845750 -0.10428705 -0.40884379
v -0.26243907 -0.06952470 -0.40884379
v -0.26243907 -0.03476235 -0.40884379
v -0.26243907 0.00000000 -0.40884379
v -0.26243907 0.00000000 -0.37538081
v -0.26243907 0.00000000 -0.34191784
v -0.18845750 -0.06952470 -0.40884379
v -0.18845750 -0.03476235 -0.40884379
v -0.18845750 0.00000000 -0.40884379
v -0.18845750 0.00000000 -0.37538081
v -0.18845750 0.00000000 -0.34191784
v -0.26243907 0.00000000 -0.30845487
v -0.26243907 0.00000000 -0.27499190
v -0.18845750 0.00000000 -0.30845487
v -0.18845750 0.00000000 -0.27499190
v -0.41040218 0.00000000 -0.24152893
v -0.41040218 0.00000000 -0.20806596
v -0.33642063 0.00000000 -0.24152893
v -0.33642063 0.00000000 -0.20806596
v -0.41040218 0.00000000 -0.17460297
v -0.41040218 0.00000000 -0.14114000
v -0.33642063 0.00000000 -0.17460297
v -0.33642063 0.00000000 -0.14114000
v -0.26243907 0.00000000 -0.24152893
v -0.26243907 0.00000000 -0.20806596
v -0.18845750 0.00000000 -0.24152893
v -0.18845750 0.00000000 -0.20806596
v -0.26243907 0.00000000 -0.17460297
v -0.26243907 0.00000000 -0.14114000
v -0.18845750 0.00000000 -0.17460297
v -0.18845750 0.00000000 -0.14114000
v -0.41376981 -0.17629440 -0.05302920
v -0.42705891 -0.18173081 -0.04205580
v -0.42021599 -0.19872980 -0.02774870
v -0.42105779 -0.19667150 -0.01031280
v -0.44139701 -0.17700900 -0.02336000
v -0.41391981 -0.15809150 -0.05976880
v -0.43742979 -0.15492579 -0.05390790
v -0.44778499 -0.16338199 -0.03909300
v -0.47170031 -0.14208810 -0.03887670
v -0.46573851 -0.15286340 -0.02067110
v -0.42709431 -0.17558859 0.00697990
v -0.46040800 -0.15473101 -0.00371000
v -0.44400999 -0.16956501 -0.00456000
v -0.44602200 -0.15661199 0.01194200
v -0.43001500 -0.15744101 0.02004700
v -0.41173649 -0.16833140 0.01768760
v -0.41672879 -0.14628939 0.03130340
v -0.56159341 -0.10602370 -0.07119110
v -0.56696981 -0.11290990 -0.05413670
v -0.56936049 -0.11621750 -0.03613400
v -0.61346048 0.00000000 -0.10882308
v -0.55432397 -0.09482790 -0.08602150
v -0.51523739 -0.09454630 -0.08730750
v -0.51824558 -0.07953380 -0.09767510
v -0.45173910 -0.10141990 -0.08457480
v -0.42328709 -0.10201140 -0.08544020
v -0.44462290 -0.08342920 -0.09558900
v -0.52805448 -0.11465290 -0.05682070
v -0.50528800 -0.12425200 -0.04244900
v -0.48770800 -0.13008299 -0.04500200
v -0.51999182 -0.10695370 -0.07302910
v -0.48992899 -0.11994300 -0.06043000
v -0.53260231 -0.11866080 -0.03788190
v -0.55642283 -0.11733140 -0.01795210
v -0.53103542 -0.12021970 -0.01210590
v -0.49035800 -0.13487500 -0.02431200
v -0.50918901 -0.12620500 -0.02211600
v -0.46647540 -0.13275130 -0.05551580
v -0.47577259 -0.11219170 -0.07318430
v -0.45403650 -0.12040980 -0.07025360
v -0.43027779 -0.12243510 -0.07359040
v -0.52146202 -0.06270820 -0.10427450
v -0.50555688 -0.04485010 -0.10755620
v -0.44838530 -0.06416890 -0.10353370
v -0.43940160 -0.04555380 -0.10712870
v -0.46599609 -0.00886780 -0.10884380
v -0.43817660 -0.02661930 -0.10849620
v -0.44578677 0.00000000 -0.10883801
v -0.42051029 -0.00897730 -0.10865460
v -0.42208144 0.00000000 -0.10873991
v -0.69582522 -0.09391110 0.07132990
v -0.68767732 -0.08037250 0.08479940
v -0.70624501 -0.06438170 0.09546330
v -0.69511098 -0.04678100 0.10272070
v -0.60826141 0.00000000 0.10759635
v -0.55547363 -0.11727920 0.00031240
v -0.54195929 -0.11599170 0.01889760
v -0.48909169 -0.13413870 -0.00421510
v -0.49897000 -0.12420500 0.01587400
v -0.51516730 -0.12150290 0.00714610
v -0.52912593 -0.11241540 0.03710610
v -0.53320652 -0.10514520 0.05487260
v -0.48485199 -0.12170300 0.03390100
v -0.50331497 -0.11628400 0.03494900
v -0.49726671 -0.10846730 0.05252090
v -0.47659391 -0.13535801 0.01421280
v -0.46350971 -0.13324030 0.02928380
v -0.46924099 -0.11540800 0.05022400
v -0.44534710 -0.13508420 0.03514790
v -0.42767671 -0.12775891 0.04526160
v -0.52615768 -0.09446010 0.07073350
v -0.54028761 -0.08074500 0.08450740
v -0.48480180 -0.09884110 0.06762960
v -0.45644739 -0.10362610 0.06536680
v -0.47270411 -0.08465900 0.08200630
v -0.43543881 -0.10007830 0.07002750
v -0.43140930 -0.08447260 0.08286380
v -0.53528708 -0.06486030 0.09531740
v -0.48778260 -0.04887340 0.10206470
v -0.50824392 -0.02918820 0.10625200
v -0.48645389 -0.00985760 0.10760100
v -0.46197870 -0.06771270 0.09395550
v -0.47249934 0.00000000 0.10760996
v -0.35258201 -0.26223800 -0.04167200
v -0.33766699 -0.26537201 -0.04811500
v -0.35247400 -0.24785499 -0.04854100
v -0.36409929 -0.26077810 -0.01637300
v -0.36594501 -0.25571299 -0.03354100
v -0.39799941 -0.21121310 -0.04349180
v -0.37370470 -0.21934220 -0.05100050
v -0.36864501 -0.23878799 -0.04558000
v -0.35275599 -0.22818901 -0.05319700
v -0.38134199 -0.23977900 -0.03354800
v -0.38925099 -0.23465300 -0.01937300
v -0.39732900 -0.22318301 -0.03219000
v -0.31143290 -0.27154401 -0.05320920
v -0.30538079 -0.25231740 -0.05460050
v -0.32675320 -0.22546260 -0.05570030
v -0.37484789 -0.19533460 -0.05632570
v -0.34299099 -0.19629160 -0.05894840
v -0.36924130 -0.15605320 -0.06733550
v -0.30767301 -0.18835761 -0.06168880
v -0.29049870 -0.20711800 -0.05781220
v -0.32978231 -0.14413160 -0.07271190
v -0.28807110 -0.14475670 -0.07103970
v -0.25148171 -0.23091160 -0.05482580
v -0.24409550 -0.21050380 -0.05534090
v -0.25919470 -0.18969190 -0.05829590
v -0.23105560 -0.14621121 -0.06423280
v -0.21074601 -0.15685441 -0.05939030
v -0.19517040 -0.17347820 -0.05596550
v -0.18071660 -0.19715300 -0.05467490
v -0.16962861 -0.15244170 -0.05865980
v -0.34941021 -0.26566321 -0.00171950
v -0.38367221 -0.23023410 -0.00340310
v -0.38037699 -0.21570501 0.00812200
v -0.36346799 -0.23414700 0.00759900
v -0.34571999 -0.23509900 0.01338800
v -0.36589080 -0.20978241 0.01428220
v -0.34667099 -0.21350341 0.01635160
v -0.33617800 -0.26182911 0.00824030
v -0.31921971 -0.25555760 0.01461180
v -0.29316759 -0.24963990 0.01709340
v -0.32584199 -0.23508130 0.01621580
v -0.39652699 -0.19772500 0.00967200
v -0.38323909 -0.18831339 0.01648860
v -0.38861001 -0.18015800 0.01759600
v -0.34394750 -0.18354720 0.01968320
v -0.39583799 -0.16271000 0.02349100
v -0.37450671 -0.16359180 0.02438760
v -0.37893721 -0.14682589 0.03268020
v -0.29397991 -0.20410900 0.01794720
v -0.33626369 -0.16525429 0.02423530
v -0.25073129 -0.27518511 0.01751360
v -0.25301680 -0.18591420 0.01942080
v -0.24594270 -0.16717640 0.02359760
v -0.24584991 -0.14882280 0.03161950
v -0.37002671 -0.12297630 -0.07800020
v -0.39527699 -0.08594830 -0.09291770
v -0.30559480 -0.11193310 -0.08232640
v -0.26434481 -0.11424640 -0.07911020
v -0.39710811 -0.13044800 -0.07340830
v -0.38830459 -0.06641470 -0.10009630
v -0.38623220 -0.04673670 -0.10511860
v -0.40113491 -0.02818530 -0.10774260
v -0.38505003 0.00000000 -0.10862847
v -0.27227420 -0.06498200 -0.10026030
v -0.26308939 -0.04469940 -0.10531550
v -0.29823282 0.00000000 -0.10861498
v -0.25537300 -0.07951410 -0.09389360
v -0.20628069 -0.08390010 -0.08861380
v -0.22165260 -0.11569570 -0.07386190
v -0.18297340 -0.13514900 -0.06343540
v -0.17329641 -0.11413750 -0.07189740
v -0.22557940 -0.04666320 -0.10417360
v -0.21257681 -0.06484060 -0.09787810
v -0.25583220 -0.02698120 -0.10769870
v -0.25633040 -0.00889520 -0.10862890
v -0.13629164 0.00000000 -0.10860495
v -0.40850529 -0.11555310 0.05640120
v -0.37121719 -0.13124160 0.04339840
v -0.12034900 -0.11617020 0.05589380
v -0.11569980 -0.10079610 0.06945230
v -0.24572808 0.00000000 0.10759597
v -1.29818094 -0.55619758 0.12656380
v -1.29818094 -0.55619758 0.16002677
v -1.29818094 -0.52143526 0.12656380
v -1.29818094 -0.52143526 0.16002677
v -1.29818094 -0.55619758 0.19348975
v -1.29818094 -0.52143526 0.19348975
v -1.29818094 -0.48667291 0.12656380
v -1.29818094 -0.48667291 0.16002677
v -1.29818094 -0.48667291 0.19348975
v -1.29818094 -0.55619758 0.22695273
v -1.29818094 -0.52143526 0.22695273
v -1.29818094 -0.48667291 0.22695273
v -1.29818094 -0.45191056 0.12656380
v -1.29818094 -0.45191056 0.16002677
v -1.29818094 -0.45191056 0.19348975
v -1.29818094 -0.41714820 0.12656380
v -1.29818094 -0.41714820 0.16002677
v -1.29818094 -0.41714820 0.19348975
v -1.29818094 -0.45191056 0.22695273
v -1.29818094 -0.41714820 0.22695273
v -1.29818094 -0.55619758 0.26041570
v -1.29818094 -0.52143526 0.26041570
v -1.29818094 -0.55619758 0.29387867
v -1.29818094 -0.55619758 0.32734165
v -1.29818094 -0.52143526 0.29387867
v -1.29818094 -0.52143526 0.32734165
v -1.29818094 -0.48667291 0.26041570
v -1.29818094 -0.48667291 0.29387867
v -1.29818094 -0.48667291 0.32734165
v -1.29818094 -0.55619758 0.36080462
v -1.29818094 -0.52143526 0.36080462
v -1.29818094 -0.55619758 0.39426759
v -1.29818094 -0.52143526 0.39426759
v -1.29818094 -0.48667291 0.36080462
v -1.29818094 -0.48667291 0.39426759
v -1.29818094 -0.45191056 0.26041570
v -1.29818094 -0.45191056 0.29387867
v -1.29818094 -0.45191056 0.32734165
v -1.29818094 -0.41714820 0.26041570
v -1.29818094 -0.41714820 0.29387867
v -1.29818094 -0.41714820 0.32734165
v -1.29818094 -0.45191056 0.36080462
v -1.29818094 -0.45191056 0.39426759
v -1.29818094 -0.41714820 0.36080462
v -1.29818094 -0.41714820 0.39426759
v -1.29818094 -0.38238585 0.12656380
v -1.29818094 -0.38238585 0.16002677
v -1.29818094 -0.38238585 0.19348975
v -1.29818094 -0.34762350 0.12656380
v -1.29818094 -0.34762350 0.16002677
v -1.29818094 -0.34762350 0.19348975
v -1.29818094 -0.38238585 0.22695273
v -1.29818094 -0.34762350 0.22695273
v -1.29818094 -0.31286114 0.12656380
v -1.29818094 -0.31286114 0.16002677
v -1.29818094 -0.31286114 0.19348975
v -1.29818094 -0.31286114 0.22695273
v -1.29818094 -0.38238585 0.26041570
v -1.29818094 -0.38238585 0.29387867
v -1.29818094 -0.38238585 0.32734165
v -1.29818094 -0.34762350 0.26041570
v -1.29818094 -0.34762350 0.29387867
v -1.29818094 -0.34762350 0.32734165
v -1.29818094 -0.38238585 0.36080462
v -1.29818094 -0.38238585 0.39426759
v -1.29818094 -0.34762350 0.36080462
v -1.29818094 -0.34762350 0.39426759
v -1.29818094 -0.31286114 0.26041570
v -1.29818094 -0.31286114 0.29387867
v -1.29818094 -0.31286114 0.32734165
v -1.29818094 -0.31286114 0.36080462
v -1.29818094 -0.31286114 0.39426759
v -1.29818094 -0.55619758 0.42773056
v -1.29818094 -0.52143526 0.42773056
v -1.29818094 -0.48667291 0.42773056
v -1.29818094 -0.55619758 0.46119356
v -1.29818094 -0.52143526 0.46119356
v -1.29818094 -0.55619758 0.49465653
v -1.29818094 -0.52143526 0.49465653
v -1.29818094 -0.48667291 0.46119356
v -1.29818094 -0.48667291 0.49465653
v -1.29818094 -0.45191056 0.42773056
v -1.29818094 -0.41714820 0.42773056
v -1.29818094 -0.45191056 0.46119356
v -1.29818094 -0.45191056 0.49465653
v -1.29818094 -0.41714820 0.46119356
v -1.29818094 -0.41714820 0.49465653
v -1.29818094 -0.55619758 0.52811950
v -1.29818094 -0.55619758 0.56158245
v -1.29818094 -0.52143526 0.52811950
v -1.29818094 -0.52143526 0.56158245
v -1.29818094 -0.48667291 0.52811950
v -1.29818094 -0.48667291 0.56158245
v -1.29818094 -0.55619758 0.59504545
v -1.29818094 -0.52143526 0.59504545
v -1.29818094 -0.55619758 0.62850845
v -1.29818094 -0.55619758 0.66197139
v -1.29818094 -0.52143526 0.62850845
v -1.29818094 -0.52143526 0.66197139
v -1.29818094 -0.48667291 0.59504545
v -1.29818094 -0.48667291 0.62850845
v -1.29818094 -0.48667291 0.66197139
v -1.22419930 -0.55619758 0.66197139
v -1.22419930 -0.52143526 0.66197139
v -1.22419930 -0.48667291 0.66197139
v -1.29818094 -0.45191056 0.52811950
v -1.29818094 -0.45191056 0.56158245
v -1.29818094 -0.41714820 0.52811950
v -1.29818094 -0.41714820 0.56158245
v -1.29818094 -0.45191056 0.59504545
v -1.29818094 -0.45191056 0.62850845
v -1.29818094 -0.45191056 0.66197139
v -1.29818094 -0.41714820 0.59504545
v -1.29818094 -0.41714820 0.62850845
v -1.29818094 -0.41714820 0.66197139
v -1.22419930 -0.45191056 0.66197139
v -1.22419930 -0.41714820 0.66197139
v -1.15021777 -0.55619758 0.66197139
v -1.15021777 -0.52143526 0.66197139
v -1.15021777 -0.48667291 0.66197139
v -1.07623625 -0.55619758 0.66197139
v -1.07623625 -0.52143526 0.66197139
v -1.07623625 -0.48667291 0.66197139
v -1.15021777 -0.45191056 0.66197139
v -1.15021777 -0.41714820 0.66197139
v -1.07623625 -0.45191056 0.66197139
v -1.07623625 -0.41714820 0.66197139
v -1.29818094 -0.38238585 0.42773056
v -1.29818094 -0.34762350 0.42773056
v -1.29818094 -0.38238585 0.46119356
v -1.29818094 -0.38238585 0.49465653
v -1.29818094 -0.34762350 0.46119356
v -1.29818094 -0.34762350 0.49465653
v -1.29818094 -0.31286114 0.42773056
v -1.29818094 -0.31286114 0.46119356
v -1.29818094 -0.31286114 0.49465653
v -1.29818094 -0.38238585 0.52811950
v -1.29818094 -0.38238585 0.56158245
v -1.29818094 -0.34762350 0.52811950
v -1.29818094 -0.34762350 0.56158245
v -1.29818094 -0.38238585 0.59504545
v -1.29818094 -0.38238585 0.62850845
v -1.29818094 -0.38238585 0.66197139
v -1.29818094 -0.34762350 0.59504545
v -1.29818094 -0.34762350 0.62850845
v -1.29818094 -0.34762350 0.66197139
v -1.22419930 -0.38238585 0.66197139
v -1.22419930 -0.34762350 0.66197139
v -1.29818094 -0.31286114 0.52811950
v -1.29818094 -0.31286114 0.56158245
v -1.29818094 -0.31286114 0.59504545
v -1.29818094 -0.31286114 0.62850845
v -1.29818094 -0.31286114 0.66197139
v -1.22419930 -0.31286114 0.66197139
v -1.15021777 -0.38238585 0.66197139
v -1.15021777 -0.34762350 0.66197139
v -1.07623625 -0.38238585 0.66197139
v -1.07623625 -0.34762350 0.66197139
v -1.15021777 -0.31286114 0.66197139
v -1.07623625 -0.31286114 0.66197139
v -1.00225461 -0.55619758 0.66197139
v -1.00225461 -0.52143526 0.66197139
v -1.00225461 -0.48667291 0.66197139
v -0.92827308 -0.55619758 0.66197139
v -0.92827308 -0.52143526 0.66197139
v -0.92827308 -0.48667291 0.66197139
v -1.00225461 -0.45191056 0.66197139
v -1.00225461 -0.41714820 0.66197139
v -0.92827308 -0.45191056 0.66197139
v -0.92827308 -0.41714820 0.66197139
v -0.85429156 -0.55619758 0.66197139
v -0.85429156 -0.52143526 0.66197139
v -0.85429156 -0.48667291 0.66197139
v -0.78030998 -0.55619758 0.66197139
v -0.78030998 -0.52143526 0.66197139
v -0.78030998 -0.48667291 0.66197139
v -0.85429156 -0.45191056 0.66197139
v -0.85429156 -0.41714820 0.66197139
v -0.78030998 -0.45191056 0.66197139
v -0.78030998 -0.41714820 0.66197139
v -1.00225461 -0.38238585 0.66197139
v -1.00225461 -0.34762350 0.66197139
v -0.92827308 -0.38238585 0.66197139
v -0.92827308 -0.34762350 0.66197139
v -1.00225461 -0.31286114 0.66197139
v -0.92827308 -0.31286114 0.66197139
v -0.85429156 -0.38238585 0.66197139
v -0.85429156 -0.34762350 0.66197139
v -0.78030998 -0.38238585 0.66197139
v -0.78030998 -0.34762350 0.66197139
v -0.85429156 -0.31286114 0.66197139
v -0.78030998 -0.31286114 0.66197139
v -1.29818094 -0.27809879 0.12656380
v -1.29818094 -0.27809879 0.16002677
v -1.29818094 -0.24333645 0.12656380
v -1.29818094 -0.24333645 0.16002677
v -1.29818094 -0.27809879 0.19348975
v -1.29818094 -0.24333645 0.19348975
v -1.29818094 -0.20857410 0.12656380
v -1.29818094 -0.20857410 0.16002677
v -1.29818094 -0.20857410 0.19348975
v -1.29818094 -0.27809879 0.22695273
v -1.29818094 -0.24333645 0.22695273
v -1.29818094 -0.20857410 0.22695273
v -1.29818094 -0.17381175 0.12656380
v -1.29818094 -0.17381175 0.16002677
v -1.29818094 -0.17381175 0.19348975
v -1.29818094 -0.17381175 0.22695273
v -1.29818094 -0.27809879 0.26041570
v -1.29818094 -0.24333645 0.26041570
v -1.29818094 -0.27809879 0.29387867
v -1.29818094 -0.27809879 0.32734165
v -1.29818094 -0.24333645 0.29387867
v -1.29818094 -0.24333645 0.32734165
v -1.29818094 -0.20857410 0.26041570
v -1.29818094 -0.20857410 0.29387867
v -1.29818094 -0.20857410 0.32734165
v -1.29818094 -0.27809879 0.36080462
v -1.29818094 -0.24333645 0.36080462
v -1.29818094 -0.27809879 0.39426759
v -1.29818094 -0.24333645 0.39426759
v -1.29818094 -0.20857410 0.36080462
v -1.29818094 -0.20857410 0.39426759
v -1.29818094 -0.17381175 0.26041570
v -1.29818094 -0.17381175 0.29387867
v -1.29818094 -0.17381175 0.32734165
v -1.29818094 -0.17381175 0.36080462
v -1.29818094 -0.17381175 0.39426759
v -1.29818094 -0.13904940 0.12656380
v -1.29818094 -0.13904940 0.16002677
v -1.29818094 -0.10428705 0.12656380
v -1.29818094 -0.10428705 0.16002677
v -1.29818094 -0.13904940 0.19348975
v -1.29818094 -0.10428705 0.19348975
v -1.29818094 -0.13904940 0.22695273
v -1.29818094 -0.10428705 0.22695273
v -1.29818094 -0.06952470 0.12656380
v -1.29818094 -0.06952470 0.16002677
v -1.29818094 -0.06952470 0.19348975
v -1.29818094 -0.03476235 0.12656380
v -1.29818094 -0.03476235 0.16002677
v -1.29818094 0.00000000 0.12656380
v -1.29818094 0.00000000 0.16002677
v -1.29818094 -0.03476235 0.19348975
v -1.29818094 0.00000000 0.19348975
v -1.22419930 0.00000000 0.12656380
v -1.22419930 0.00000000 0.16002677
v -1.22419930 0.00000000 0.19348975
v -1.29818094 -0.06952470 0.22695273
v -1.29818094 -0.03476235 0.22695273
v -1.29818094 0.00000000 0.22695273
v -1.22419930 0.00000000 0.22695273
v -1.15021777 0.00000000 0.12656380
v -1.15021777 0.00000000 0.16002677
v -1.15021777 0.00000000 0.19348975
v -1.07623625 0.00000000 0.12656380
v -1.07623625 0.00000000 0.16002677
v -1.07623625 0.00000000 0.19348975
v -1.15021777 0.00000000 0.22695273
v -1.07623625 0.00000000 0.22695273
v -1.29818094 -0.13904940 0.26041570
v -1.29818094 -0.10428705 0.26041570
v -1.29818094 -0.13904940 0.29387867
v -1.29818094 -0.13904940 0.32734165
v -1.29818094 -0.10428705 0.29387867
v -1.29818094 -0.10428705 0.32734165
v -1.29818094 -0.13904940 0.36080462
v -1.29818094 -0.10428705 0.36080462
v -1.29818094 -0.13904940 0.39426759
v -1.29818094 -0.10428705 0.39426759
v -1.29818094 -0.06952470 0.26041570
v -1.29818094 -0.06952470 0.29387867
v -1.29818094 -0.06952470 0.32734165
v -1.29818094 -0.03476235 0.26041570
v -1.29818094 0.00000000 0.26041570
v -1.29818094 -0.03476235 0.29387867
v -1.29818094 -0.03476235 0.32734165
v -1.29818094 0.00000000 0.29387867
v -1.29818094 0.00000000 0.32734165
v -1.22419930 0.00000000 0.26041570
v -1.22419930 0.00000000 0.29387867
v -1.22419930 0.00000000 0.32734165
v -1.29818094 -0.06952470 0.36080462
v -1.29818094 -0.06952470 0.39426759
v -1.29818094 -0.03476235 0.36080462
v -1.29818094 0.00000000 0.36080462
v -1.29818094 -0.03476235 0.39426759
v -1.29818094 0.00000000 0.39426759
v -1.22419930 0.00000000 0.36080462
v -1.22419930 0.00000000 0.39426759
v -1.15021777 0.00000000 0.26041570
v -1.15021777 0.00000000 0.29387867
v -1.15021777 0.00000000 0.32734165
v -1.07623625 0.00000000 0.26041570
v -1.07623625 0.00000000 0.29387867
v -1.07623625 0.00000000 0.32734165
v -1.15021777 0.00000000 0.36080462
v -1.15021777 0.00000000 0.39426759
v -1.07623625 0.00000000 0.36080462
v -1.07623625 0.00000000 0.39426759
v -1.00225461 0.00000000 0.12656380
v -1.00225461 0.00000000 0.16002677
v -1.00225461 0.00000000 0.19348975
v -0.92827308 0.00000000 0.12656380
v -0.92827308 0.00000000 0.16002677
v -0.92827308 0.00000000 0.19348975
v -1.00225461 0.00000000 0.22695273
v -0.92827308 0.00000000 0.22695273
v -0.85429156 0.00000000 0.12656380
v -0.85429156 0.00000000 0.16002677
v -0.85429156 0.00000000 0.19348975
v -0.78030998 0.00000000 0.12656380
v -0.78030998 0.00000000 0.16002677
v -0.78030998 0.00000000 0.19348975
v -0.85429156 0.00000000 0.22695273
v -0.78030998 0.00000000 0.22695273
v -1.00225461 0.00000000 0.26041570
v -1.00225461 0.00000000 0.29387867
v -1.00225461 0.00000000 0.32734165
v -0.92827308 0.00000000 0.26041570
v -0.92827308 0.00000000 0.29387867
v -0.92827308 0.00000000 0.32734165
v -1.00225461 0.00000000 0.36080462
v -1.00225461 0.00000000 0.39426759
v -0.92827308 0.00000000 0.36080462
v -0.92827308 0.00000000 0.39426759
v -0.85429156 0.00000000 0.26041570
v -0.85429156 0.00000000 0.29387867
v -0.85429156 0.00000000 0.32734165
v -0.78030998 0.00000000 0.26041570
v -0.78030998 0.00000000 0.29387867
v -0.78030998 0.00000000 0.32734165
v -0.85429156 0.00000000 0.36080462
v -0.85429156 0.00000000 0.39426759
v -0.78030998 0.00000000 0.36080462
v -0.78030998 0.00000000 0.39426759
v -1.29818094 -0.27809879 0.42773056
v -1.29818094 -0.24333645 0.42773056
v -1.29818094 -0.20857410 0.42773056
v -1.29818094 -0.27809879 0.46119356
v -1.29818094 -0.24333645 0.46119356
v -1.29818094 -0.27809879 0.49465653
v -1.29818094 -0.24333645 0.49465653
v -1.29818094 -0.20857410 0.46119356
v -1.29818094 -0.20857410 0.49465653
v -1.29818094 -0.17381175 0.42773056
v -1.29818094 -0.17381175 0.46119356
v -1.29818094 -0.17381175 0.49465653
v -1.29818094 -0.27809879 0.52811950
v -1.29818094 -0.27809879 0.56158245
v -1.29818094 -0.24333645 0.52811950
v -1.29818094 -0.24333645 0.56158245
v -1.29818094 -0.20857410 0.52811950
v -1.29818094 -0.20857410 0.56158245
v -1.29818094 -0.27809879 0.59504545
v -1.29818094 -0.24333645 0.59504545
v -1.29818094 -0.27809879 0.62850845
v -1.29818094 -0.27809879 0.66197139
v -1.29818094 -0.24333645 0.62850845
v -1.29818094 -0.24333645 0.66197139
v -1.29818094 -0.20857410 0.59504545
v -1.29818094 -0.20857410 0.62850845
v -1.29818094 -0.20857410 0.66197139
v -1.22419930 -0.27809879 0.66197139
v -1.22419930 -0.24333645 0.66197139
v -1.22419930 -0.20857410 0.66197139
v -1.29818094 -0.17381175 0.52811950
v -1.29818094 -0.17381175 0.56158245
v -1.29818094 -0.17381175 0.59504545
v -1.29818094 -0.17381175 0.62850845
v -1.29818094 -0.17381175 0.66197139
v -1.22419930 -0.17381175 0.66197139
v -1.15021777 -0.27809879 0.66197139
v -1.15021777 -0.24333645 0.66197139
v -1.15021777 -0.20857410 0.66197139
v -1.07623625 -0.27809879 0.66197139
v -1.07623625 -0.24333645 0.66197139
v -1.07623625 -0.20857410 0.66197139
v -1.15021777 -0.17381175 0.66197139
v -1.07623625 -0.17381175 0.66197139
v -1.29818094 -0.13904940 0.42773056
v -1.29818094 -0.10428705 0.42773056
v -1.29818094 -0.13904940 0.46119356
v -1.29818094 -0.10428705 0.46119356
v -1.29818094 -0.13904940 0.49465653
v -1.29818094 -0.10428705 0.49465653
v -1.29818094 -0.06952470 0.42773056
v -1.29818094 -0.03476235 0.42773056
v -1.29818094 0.00000000 0.42773056
v -1.22419930 0.00000000 0.42773056
v -1.29818094 -0.06952470 0.46119356
v -1.29818094 -0.06952470 0.49465653
v -1.29818094 -0.03476235 0.46119356
v -1.29818094 0.00000000 0.46119356
v -1.29818094 -0.03476235 0.49465653
v -1.29818094 0.00000000 0.49465653
v -1.22419930 0.00000000 0.46119356
v -1.22419930 0.00000000 0.49465653
v -1.15021777 0.00000000 0.42773056
v -1.07623625 0.00000000 0.42773056
v -1.15021777 0.00000000 0.46119356
v -1.15021777 0.00000000 0.49465653
v -1.07623625 0.00000000 0.46119356
v -1.07623625 0.00000000 0.49465653
v -1.29818094 -0.13904940 0.52811950
v -1.29818094 -0.13904940 0.56158245
v -1.29818094 -0.10428705 0.52811950
v -1.29818094 -0.10428705 0.56158245
v -1.29818094 -0.13904940 0.59504545
v -1.29818094 -0.10428705 0.59504545
v -1.29818094 -0.13904940 0.62850845
v -1.29818094 -0.13904940 0.66197139
v -1.29818094 -0.10428705 0.62850845
v -1.29818094 -0.10428705 0.66197139
v -1.22419930 -0.13904940 0.66197139
v -1.22419930 -0.10428705 0.66197139
v -1.29818094 -0.06952470 0.52811950
v -1.29818094 -0.06952470 0.56158245
v -1.29818094 -0.03476235 0.52811950
v -1.29818094 -0.03476235 0.56158245
v -1.29818094 0.00000000 0.52811950
v -1.29818094 0.00000000 0.56158245
v -1.22419930 0.00000000 0.52811950
v -1.22419930 0.00000000 0.56158245
v -1.29818094 -0.06952470 0.59504545
v -1.29818094 -0.06952470 0.62850845
v -1.29818094 -0.06952470 0.66197139
v -1.29818094 -0.03476235 0.59504545
v -1.29818094 0.00000000 0.59504545
v -1.29818094 -0.03476235 0.62850845
v -1.29818094 -0.03476235 0.66197139
v -1.29818094 0.00000000 0.62850845
v -1.29818094 0.00000000 0.66197139
v -1.22419930 -0.06952470 0.66197139
v -1.22419930 0.00000000 0.59504545
v -1.22419930 -0.03476235 0.66197139
v -1.22419930 0.00000000 0.62850845
v -1.22419930 0.00000000 0.66197139
v -1.15021777 -0.13904940 0.66197139
v -1.15021777 -0.10428705 0.66197139
v -1.07623625 -0.13904940 0.66197139
v -1.07623625 -0.10428705 0.66197139
v -1.15021777 0.00000000 0.52811950
v -1.15021777 0.00000000 0.56158245
v -1.07623625 0.00000000 0.52811950
v -1.07623625 0.00000000 0.56158245
v -1.15021777 -0.06952470 0.66197139
v -1.15021777 0.00000000 0.59504545
v -1.15021777 -0.03476235 0.66197139
v -1.15021777 0.00000000 0.62850845
v -1.15021777 0.00000000 0.66197139
v -1.07623625 -0.06952470 0.66197139
v -1.07623625 0.00000000 0.59504545
v -1.07623625 -0.03476235 0.66197139
v -1.07623625 0.00000000 0.62850845
v -1.07623625 0.00000000 0.66197139
v -1.00225461 -0.27809879 0.66197139
v -1.00225461 -0.24333645 0.66197139
v -1.00225461 -0.20857410 0.66197139
v -0.92827308 -0.27809879 0.66197139
v -0.92827308 -0.24333645 0.66197139
v -0.92827308 -0.20857410 0.66197139
v -1.00225461 -0.17381175 0.66197139
v -0.92827308 -0.17381175 0.66197139
v -0.85429156 -0.27809879 0.66197139
v -0.85429156 -0.24333645 0.66197139
v -0.85429156 -0.20857410 0.66197139
v -0.78030998 -0.27809879 0.66197139
v -0.78030998 -0.24333645 0.66197139
v -0.78030998 -0.20857410 0.66197139
v -0.85429156 -0.17381175 0.66197139
v -0.78030998 -0.17381175 0.66197139
v -1.00225461 0.00000000 0.42773056
v -0.92827308 0.00000000 0.42773056
v -1.00225461 0.00000000 0.46119356
v -1.00225461 0.00000000 0.49465653
v -0.92827308 0.00000000 0.46119356
v -0.92827308 0.00000000 0.49465653
v -0.85429156 0.00000000 0.42773056
v -0.78030998 0.00000000 0.42773056
v -0.85429156 0.00000000 0.46119356
v -0.85429156 0.00000000 0.49465653
v -0.78030998 0.00000000 0.46119356
v -0.78030998 0.00000000 0.49465653
v -1.00225461 -0.13904940 0.66197139
v -1.00225461 -0.10428705 0.66197139
v -0.92827308 -0.13904940 0.66197139
v -0.92827308 -0.10428705 0.66197139
v -1.00225461 0.00000000 0.52811950
v -1.00225461 0.00000000 0.56158245
v -0.92827308 0.00000000 0.52811950
v -0.92827308 0.00000000 0.56158245
v -1.00225461 -0.06952470 0.66197139
v -1.00225461 0.00000000 0.59504545
v -1.00225461 -0.03476235 0.66197139
v -1.00225461 0.00000000 0.62850845
v -1.00225461 0.00000000 0.66197139
v -0.92827308 -0.06952470 0.66197139
v -0.92827308 0.00000000 0.59504545
v -0.92827308 -0.03476235 0.66197139
v -0.92827308 0.00000000 0.62850845
v -0.92827308 0.00000000 0.66197139
v -0.85429156 -0.13904940 0.66197139
v -0.85429156 -0.10428705 0.66197139
v -0.78030998 -0.13904940 0.66197139
v -0.78030998 -0.10428705 0.66197139
v -0.85429156 0.00000000 0.52811950
v -0.85429156 0.00000000 0.56158245
v -0.78030998 0.00000000 0.52811950
v -0.78030998 0.00000000 0.56158245
v -0.85429156 -0.06952470 0.66197139
v -0.85429156 0.00000000 0.59504545
v -0.85429156 -0.03476235 0.66197139
v -0.85429156 0.00000000 0.62850845
v -0.85429156 0.00000000 0.66197139
v -0.78030998 -0.06952470 0.66197139
v -0.78030998 0.00000000 0.59504545
v -0.78030998 -0.03476235 0.66197139
v -0.78030998 0.00000000 0.62850845
v -0.78030998 0.00000000 0.66197139
v -0.70632845 -0.55619758 0.66197139
v -0.70632845 -0.52143526 0.66197139
v -0.70632845 -0.48667291 0.66197139
v -0.63234687 -0.55619758 0.66197139
v -0.63234687 -0.52143526 0.66197139
v -0.63234687 -0.48667291 0.66197139
v -0.70632845 -0.45191056 0.66197139
v -0.70632845 -0.41714820 0.66197139
v -0.63234687 -0.45191056 0.66197139
v -0.63234687 -0.41714820 0.66197139
v -0.55836529 -0.55619758 0.66197139
v -0.55836529 -0.52143526 0.66197139
v -0.55836529 -0.48667291 0.66197139
v -0.48438373 -0.55619758 0.66197139
v -0.48438373 -0.52143526 0.66197139
v -0.48438373 -0.48667291 0.66197139
v -0.55836529 -0.45191056 0.66197139
v -0.55836529 -0.41714820 0.66197139
v -0.48438373 -0.45191056 0.66197139
v -0.48438373 -0.41714820 0.66197139
v -0.70632845 -0.38238585 0.66197139
v -0.70632845 -0.34762350 0.66197139
v -0.63234687 -0.38238585 0.66197139
v -0.63234687 -0.34762350 0.66197139
v -0.70632845 -0.31286114 0.66197139
v -0.63234687 -0.31286114 0.66197139
v -0.55836529 -0.38238585 0.66197139
v -0.55836529 -0.34762350 0.66197139
v -0.48438373 -0.38238585 0.66197139
v -0.48438373 -0.34762350 0.66197139
v -0.55836529 -0.31286114 0.66197139
v -0.48438373 -0.31286114 0.66197139
v -0.41040218 -0.55619758 0.66197139
v -0.41040218 -0.52143526 0.66197139
v -0.41040218 -0.48667291 0.66197139
v -0.33642063 -0.55619758 0.66197139
v -0.33642063 -0.52143526 0.66197139
v -0.33642063 -0.48667291 0.66197139
v -0.41040218 -0.45191056 0.66197139
v -0.41040218 -0.41714820 0.66197139
v -0.33642063 -0.45191056 0.66197139
v -0.33642063 -0.41714820 0.66197139
v -0.26243907 -0.55619758 0.66197139
v -0.26243907 -0.52143526 0.66197139
v -0.26243907 -0.48667291 0.66197139
v -0.18845750 -0.55619758 0.66197139
v -0.18845750 -0.52143526 0.66197139
v -0.18845750 -0.48667291 0.66197139
v -0.26243907 -0.45191056 0.66197139
v -0.26243907 -0.41714820 0.66197139
v -0.18845750 -0.45191056 0.66197139
v -0.18845750 -0.41714820 0.66197139
v -0.41040218 -0.38238585 0.66197139
v -0.41040218 -0.34762350 0.66197139
v -0.33642063 -0.38238585 0.66197139
v -0.33642063 -0.34762350 0.66197139
v -0.41040218 -0.31286114 0.66197139
v -0.33642063 -0.31286114 0.66197139
v -0.26243907 -0.38238585 0.66197139
v -0.26243907 -0.34762350 0.66197139
v -0.18845750 -0.38238585 0.66197139
v -0.18845750 -0.34762350 0.66197139
v -0.26243907 -0.31286114 0.66197139
v -0.18845750 -0.31286114 0.66197139
v -0.70632845 0.00000000 0.12656380
v -0.70632845 0.00000000 0.16002677
v -0.70632845 0.00000000 0.19348975
v -0.63234687 0.00000000 0.12656380
v -0.63234687 0.00000000 0.16002677
v -0.63234687 0.00000000 0.19348975
v -0.70632845 0.00000000 0.22695273
v -0.63234687 0.00000000 0.22695273
v -0.55836529 0.00000000 0.12656380
v -0.55836529 0.00000000 0.16002677
v -0.55836529 0.00000000 0.19348975
v -0.48438373 0.00000000 0.12656380
v -0.48438373 0.00000000 0.16002677
v -0.48438373 0.00000000 0.19348975
v -0.55836529 0.00000000 0.22695273
v -0.48438373 0.00000000 0.22695273
v -0.70632845 0.00000000 0.26041570
v -0.70632845 0.00000000 0.29387867
v -0.70632845 0.00000000 0.32734165
v -0.63234687 0.00000000 0.26041570
v -0.63234687 0.00000000 0.29387867
v -0.63234687 0.00000000 0.32734165
v -0.70632845 0.00000000 0.36080462
v -0.70632845 0.00000000 0.39426759
v -0.63234687 0.00000000 0.36080462
v -0.63234687 0.00000000 0.39426759
v -0.55836529 0.00000000 0.26041570
v -0.55836529 0.00000000 0.29387867
v -0.55836529 0.00000000 0.32734165
v -0.48438373 0.00000000 0.26041570
v -0.48438373 0.00000000 0.29387867
v -0.48438373 0.00000000 0.32734165
v -0.55836529 0.00000000 0.36080462
v -0.55836529 0.00000000 0.39426759
v -0.48438373 0.00000000 0.36080462
v -0.48438373 0.00000000 0.39426759
v -0.41040218 0.00000000 0.12656380
v -0.41040218 0.00000000 0.16002677
v -0.41040218 0.00000000 0.19348975
v -0.33642063 0.00000000 0.12656380
v -0.33642063 0.00000000 0.16002677
v -0.33642063 0.00000000 0.19348975
v -0.41040218 0.00000000 0.22695273
v -0.33642063 0.00000000 0.22695273
v -0.26243907 0.00000000 0.12656380
v -0.26243907 0.00000000 0.16002677
v -0.26243907 0.00000000 0.19348975
v -0.18845750 0.00000000 0.12656380
v -0.18845750 0.00000000 0.16002677
v -0.18845750 0.00000000 0.19348975
v -0.26243907 0.00000000 0.22695273
v -0.18845750 0.00000000 0.22695273
v -0.41040218 0.00000000 0.26041570
v -0.41040218 0.00000000 0.29387867
v -0.41040218 0.00000000 0.32734165
v -0.33642063 0.00000000 0.26041570
v -0.33642063 0.00000000 0.29387867
v -0.33642063 0.00000000 0.32734165
v -0.41040218 0.00000000 0.36080462
v -0.41040218 0.00000000 0.39426759
v -0.33642063 0.00000000 0.36080462
v -0.33642063 0.00000000 0.39426759
v -0.26243907 0.00000000 0.26041570
v -0.26243907 0.00000000 0.29387867
v -0.26243907 0.00000000 0.32734165
v -0.18845750 0.00000000 0.26041570
v -0.18845750 0.00000000 0.29387867
v -0.18845750 0.00000000 0.32734165
v -0.26243907 0.00000000 0.36080462
v -0.26243907 0.00000000 0.39426759
v -0.18845750 0.00000000 0.36080462
v -0.18845750 0.00000000 0.39426759
v -0.70632845 -0.27809879 0.66197139
v -0.70632845 -0.24333645 0.66197139
v -0.70632845 -0.20857410 0.66197139
v -0.63234687 -0.27809879 0.66197139
v -0.63234687 -0.24333645 0.66197139
v -0.63234687 -0.20857410 0.66197139
v -0.70632845 -0.17381175 0.66197139
v -0.63234687 -0.17381175 0.66197139
v -0.55836529 -0.27809879 0.66197139
v -0.55836529 -0.24333645 0.66197139
v -0.55836529 -0.20857410 0.66197139
v -0.48438373 -0.27809879 0.66197139
v -0.48438373 -0.24333645 0.66197139
v -0.48438373 -0.20857410 0.66197139
v -0.55836529 -0.17381175 0.66197139
v -0.48438373 -0.17381175 0.66197139
v -0.70632845 0.00000000 0.42773056
v -0.63234687 0.00000000 0.42773056
v -0.70632845 0.00000000 0.46119356
v -0.70632845 0.00000000 0.49465653
v -0.63234687 0.00000000 0.46119356
v -0.63234687 0.00000000 0.49465653
v -0.55836529 0.00000000 0.42773056
v -0.48438373 0.00000000 0.42773056
v -0.55836529 0.00000000 0.46119356
v -0.55836529 0.00000000 0.49465653
v -0.48438373 0.00000000 0.46119356
v -0.48438373 0.00000000 0.49465653
v -0.70632845 -0.13904940 0.66197139
v -0.70632845 -0.10428705 0.66197139
v -0.63234687 -0.13904940 0.66197139
v -0.63234687 -0.10428705 0.66197139
v -0.70632845 0.00000000 0.52811950
v -0.70632845 0.00000000 0.56158245
v -0.63234687 0.00000000 0.52811950
v -0.63234687 0.00000000 0.56158245
v -0.70632845 -0.06952470 0.66197139
v -0.70632845 0.00000000 0.59504545
v -0.70632845 -0.03476235 0.66197139
v -0.70632845 0.00000000 0.62850845
v -0.70632845 0.00000000 0.66197139
v -0.63234687 -0.06952470 0.66197139
v -0.63234687 0.00000000 0.59504545
v -0.63234687 -0.03476235 0.66197139
v -0.63234687 0.00000000 0.62850845
v -0.63234687 0.00000000 0.66197139
v -0.55836529 -0.13904940 0.66197139
v -0.55836529 -0.10428705 0.66197139
v -0.48438373 -0.13904940 0.66197139
v -0.48438373 -0.10428705 0.66197139
v -0.55836529 0.00000000 0.52811950
v -0.55836529 0.00000000 0.56158245
v -0.48438373 0.00000000 0.52811950
v -0.48438373 0.00000000 0.56158245
v -0.55836529 -0.06952470 0.66197139
v -0.55836529 0.00000000 0.59504545
v -0.55836529 -0.03476235 0.66197139
v -0.55836529 0.00000000 0.62850845
v -0.55836529 0.00000000 0.66197139
v -0.48438373 -0.06952470 0.66197139
v -0.48438373 0.00000000 0.59504545
v -0.48438373 -0.03476235 0.66197139
v -0.48438373 0.00000000 0.62850845
v -0.48438373 0.00000000 0.66197139
v -0.41040218 -0.27809879 0.66197139
v -0.41040218 -0.24333645 0.66197139
v -0.41040218 -0.20857410 0.66197139
v -0.33642063 -0.27809879 0.66197139
v -0.33642063 -0.24333645 0.66197139
v -0.33642063 -0.20857410 0.66197139
v -0.41040218 -0.17381175 0.66197139
v -0.33642063 -0.17381175 0.66197139
v -0.26243907 -0.27809879 0.66197139
v -0.26243907 -0.24333645 0.66197139
v -0.26243907 -0.20857410 0.66197139
v -0.18845750 -0.27809879 0.66197139
v -0.18845750 -0.24333645 0.66197139
v -0.18845750 -0.20857410 0.66197139
v -0.26243907 -0.17381175 0.66197139
v -0.18845750 -0.17381175 0.66197139
v -0.41040218 0.00000000 0.42773056
v -0.33642063 0.00000000 0.42773056
v -0.41040218 0.00000000 0.46119356
v -0.41040218 0.00000000 0.49465653
v -0.33642063 0.00000000 0.46119356
v -0.33642063 0.00000000 0.49465653
v -0.26243907 0.00000000 0.42773056
v -0.18845750 0.00000000 0.42773056
v -0.26243907 0.00000000 0.46119356
v -0.26243907 0.00000000 0.49465653
v -0.18845750 0.00000000 0.46119356
v -0.18845750 0.00000000 0.49465653
v -0.41040218 -0.13904940 0.66197139
v -0.41040218 -0.10428705 0.66197139
v -0.33642063 -0.13904940 0.66197139
v -0.33642063 -0.10428705 0.66197139
v -0.41040218 0.00000000 0.52811950
v -0.41040218 0.00000000 0.56158245
v -0.33642063 0.00000000 0.52811950
v -0.33642063 0.00000000 0.56158245
v -0.41040218 -0.06952470 0.66197139
v -0.41040218 0.00000000 0.59504545
v -0.41040218 -0.03476235 0.66197139
v -0.41040218 0.00000000 0.62850845
v -0.41040218 0.00000000 0.66197139
v -0.33642063 -0.06952470 0.66197139
v -0.33642063 0.00000000 0.59504545
v -0.33642063 -0.03476235 0.66197139
v -0.33642063 0.00000000 0.62850845
v -0.33642063 0.00000000 0.66197139
v -0.26243907 -0.13904940 0.66197139
v -0.26243907 -0.10428705 0.66197139
v -0.18845750 -0.13904940 0.66197139
v -0.18845750 -0.10428705 0.66197139
v -0.26243907 0.00000000 0.52811950
v -0.26243907 0.00000000 0.56158245
v -0.18845750 0.00000000 0.52811950
v -0.18845750 0.00000000 0.56158245
v -0.26243907 -0.06952470 0.66197139
v -0.26243907 0.00000000 0.59504545
v -0.26243907 -0.03476235 0.66197139
v -0.26243907 0.00000000 0.62850845
v -0.26243907 0.00000000 0.66197139
v -0.18845750 -0.06952470 0.66197139
v -0.18845750 0.00000000 0.59504545
v -0.18845750 -0.03476235 0.66197139
v -0.18845750 0.00000000 0.62850845
v -0.18845750 0.00000000 0.66197139
v -0.11447595 -1.11239517 -0.40884379
v -0.11447595 -1.11239517 -0.37538081
v -0.11447595 -1.07763290 -0.40884379
v -0.11447595 -1.11239517 -0.34191784
v -0.11447595 -1.04287052 -0.40884379
v -0.04049439 -1.11239517 -0.40884379
v -0.04049439 -1.11239517 -0.37538081
v -0.04049439 -1.07763290 -0.40884379
v -0.04049439 -1.11239517 -0.34191784
v -0.04049439 -1.04287052 -0.40884379
v -0.11447595 -1.11239517 -0.30845487
v -0.11447595 -1.11239517 -0.27499190
v -0.04049439 -1.11239517 -0.30845487
v -0.04049439 -1.11239517 -0.27499190
v -0.11447595 -1.00810814 -0.40884379
v -0.11447595 -0.97334582 -0.40884379
v -0.04049439 -1.00810814 -0.40884379
v -0.04049439 -0.97334582 -0.40884379
v 0.03348717 -1.11239517 -0.40884379
v 0.03348717 -1.11239517 -0.37538081
v 0.03348717 -1.07763290 -0.40884379
v 0.03348717 -1.11239517 -0.34191784
v 0.03348717 -1.04287052 -0.40884379
v 0.10746873 -1.11239517 -0.40884379
v 0.10746873 -1.11239517 -0.37538081
v 0.10746873 -1.07763290 -0.40884379
v 0.10746873 -1.11239517 -0.34191784
v 0.10746873 -1.04287052 -0.40884379
v 0.03348717 -1.11239517 -0.30845487
v 0.03348717 -1.11239517 -0.27499190
v 0.10746873 -1.11239517 -0.30845487
v 0.10746873 -1.11239517 -0.27499190
v 0.03348717 -1.00810814 -0.40884379
v 0.03348717 -0.97334582 -0.40884379
v 0.10746873 -1.00810814 -0.40884379
v 0.10746873 -0.97334582 -0.40884379
v -0.11447595 -1.11239517 -0.24152893
v -0.11447595 -1.11239517 -0.20806596
v -0.04049439 -1.11239517 -0.24152893
v -0.04049439 -1.11239517 -0.20806596
v -0.11447595 -1.11239517 -0.17460297
v -0.11447595 -1.11239517 -0.14114000
v -0.04049439 -1.11239517 -0.17460297
v -0.04049439 -1.11239517 -0.14114000
v 0.03348717 -1.11239517 -0.24152893
v 0.03348717 -1.11239517 -0.20806596
v 0.10746873 -1.11239517 -0.24152893
v 0.10746873 -1.11239517 -0.20806596
v 0.03348717 -1.11239517 -0.17460297
v 0.03348717 -1.11239517 -0.14114000
v 0.10746873 -1.11239517 -0.17460297
v 0.10746873 -1.11239517 -0.14114000
v -0.11447595 -0.93858343 -0.40884379
v -0.11447595 -0.90382111 -0.40884379
v -0.04049439 -0.93858343 -0.40884379
v -0.04049439 -0.90382111 -0.40884379
v -0.11447595 -0.86905873 -0.40884379
v -0.11447595 -0.83429641 -0.40884379
v -0.04049439 -0.86905873 -0.40884379
v -0.04049439 -0.83429641 -0.40884379
v 0.03348717 -0.93858343 -0.40884379
v 0.03348717 -0.90382111 -0.40884379
v 0.10746873 -0.93858343 -0.40884379
v 0.10746873 -0.90382111 -0.40884379
v 0.03348717 -0.86905873 -0.40884379
v 0.03348717 -0.83429641 -0.40884379
v 0.10746873 -0.86905873 -0.40884379
v 0.10746873 -0.83429641 -0.40884379
v 0.18145029 -1.11239517 -0.40884379
v 0.18145029 -1.11239517 -0.37538081
v 0.18145029 -1.07763290 -0.40884379
v 0.18145029 -1.11239517 -0.34191784
v 0.18145029 -1.04287052 -0.40884379
v 0.25543186 -1.11239517 -0.40884379
v 0.25543186 -1.11239517 -0.37538081
v 0.25543186 -1.07763290 -0.40884379
v 0.25543186 -1.11239517 -0.34191784
v 0.25543186 -1.04287052 -0.40884379
v 0.18145029 -1.11239517 -0.30845487
v 0.18145029 -1.11239517 -0.27499190
v 0.25543186 -1.11239517 -0.30845487
v 0.25543186 -1.11239517 -0.27499190
v 0.18145029 -1.00810814 -0.40884379
v 0.18145029 -0.97334582 -0.40884379
v 0.25543186 -1.00810814 -0.40884379
v 0.25543186 -0.97334582 -0.40884379
v 0.32941341 -1.11239517 -0.40884379
v 0.32941341 -1.11239517 -0.37538081
v 0.32941341 -1.07763290 -0.40884379
v 0.32941341 -1.11239517 -0.34191784
v 0.32941341 -1.04287052 -0.40884379
v 0.40339497 -1.11239517 -0.40884379
v 0.40339497 -1.11239517 -0.37538081
v 0.40339497 -1.07763290 -0.40884379
v 0.40339497 -1.11239517 -0.34191784
v 0.40339497 -1.04287052 -0.40884379
v 0.32941341 -1.11239517 -0.30845487
v 0.32941341 -1.11239517 -0.27499190
v 0.40339497 -1.11239517 -0.30845487
v 0.40339497 -1.11239517 -0.27499190
v 0.32941341 -1.00810814 -0.40884379
v 0.32941341 -0.97334582 -0.40884379
v 0.40339497 -1.00810814 -0.40884379
v 0.40339497 -0.97334582 -0.40884379
v 0.18145029 -1.11239517 -0.24152893
v 0.18145029 -1.11239517 -0.20806596
v 0.25543186 -1.11239517 -0.24152893
v 0.25543186 -1.11239517 -0.20806596
v 0.18145029 -1.11239517 -0.17460297
v 0.18145029 -1.11239517 -0.14114000
v 0.25543186 -1.11239517 -0.17460297
v 0.25543186 -1.11239517 -0.14114000
v 0.32941341 -1.11239517 -0.24152893
v 0.32941341 -1.11239517 -0.20806596
v 0.40339497 -1.11239517 -0.24152893
v 0.40339497 -1.11239517 -0.20806596
v 0.32941341 -1.11239517 -0.17460297
v 0.32941341 -1.11239517 -0.14114000
v 0.40339497 -1.11239517 -0.17460297
v 0.40339497 -1.11239517 -0.14114000
v 0.18145029 -0.93858343 -0.40884379
v 0.18145029 -0.90382111 -0.40884379
v 0.25543186 -0.93858343 -0.40884379
v 0.25543186 -0.90382111 -0.40884379
v 0.18145029 -0.86905873 -0.40884379
v 0.18145029 -0.83429641 -0.40884379
v 0.25543186 -0.86905873 -0.40884379
v 0.25543186 -0.83429641 -0.40884379
v 0.32941341 -0.93858343 -0.40884379
v 0.32941341 -0.90382111 -0.40884379
v 0.40339497 -0.93858343 -0.40884379
v 0.40339497 -0.90382111 -0.40884379
v 0.32941341 -0.86905873 -0.40884379
v 0.32941341 -0.83429641 -0.40884379
v 0.40339497 -0.86905873 -0.40884379
v 0.40339497 -0.83429641 -0.40884379
v -0.11447595 -1.11239517 -0.10767703
v -0.11447595 -1.11239517 -0.07421405
v -0.04049439 -1.11239517 -0.10767703
v -0.04049439 -1.11239517 -0.07421405
v -0.11447595 -1.11239517 -0.04075107
v -0.11447595 -1.11239517 -0.00728810
v -0.04049439 -1.11239517 -0.04075107
v -0.04049439 -1.11239517 -0.00728810
v 0.03348717 -1.11239517 -0.10767703
v 0.03348717 -1.11239517 -0.07421405
v 0.10746873 -1.11239517 -0.10767703
v 0.10746873 -1.11239517 -0.07421405
v 0.03348717 -1.11239517 -0.04075107
v 0.03348717 -1.11239517 -0.00728810
v 0.10746873 -1.11239517 -0.04075107
v 0.10746873 -1.11239517 -0.00728810
v -0.11447595 -1.11239517 0.02617487
v -0.11447595 -1.11239517 0.05963785
v -0.04049439 -1.11239517 0.02617487
v -0.04049439 -1.11239517 0.05963785
v -0.11447595 -1.11239517 0.09310082
v -0.04049439 -1.11239517 0.09310082
v 0.03348717 -1.11239517 0.02617487
v 0.03348717 -1.11239517 0.05963785
v 0.10746873 -1.11239517 0.02617487
v 0.10746873 -1.11239517 0.05963785
v 0.03348717 -1.11239517 0.09310082
v 0.10746873 -1.11239517 0.09310082
v 0.18145029 -1.11239517 -0.10767703
v 0.18145029 -1.11239517 -0.07421405
v 0.25543186 -1.11239517 -0.10767703
v 0.25543186 -1.11239517 -0.07421405
v 0.18145029 -1.11239517 -0.04075107
v 0.18145029 -1.11239517 -0.00728810
v 0.25543186 -1.11239517 -0.04075107
v 0.25543186 -1.11239517 -0.00728810
v 0.32941341 -1.11239517 -0.10767703
v 0.32941341 -1.11239517 -0.07421405
v 0.40339497 -1.11239517 -0.10767703
v 0.40339497 -1.11239517 -0.07421405
v 0.32941341 -1.11239517 -0.04075107
v 0.32941341 -1.11239517 -0.00728810
v 0.40339497 -1.11239517 -0.04075107
v 0.40339497 -1.11239517 -0.00728810
v 0.18145029 -1.11239517 0.02617487
v 0.18145029 -1.11239517 0.05963785
v 0.25543186 -1.11239517 0.02617487
v 0.25543186 -1.11239517 0.05963785
v 0.18145029 -1.11239517 0.09310082
v 0.25543186 -1.11239517 0.09310082
v 0.32941341 -1.11239517 0.02617487
v 0.32941341 -1.11239517 0.05963785
v 0.40339497 -1.11239517 0.02617487
v 0.40339497 -1.11239517 0.05963785
v 0.32941341 -1.11239517 0.09310082
v 0.40339497 -1.11239517 0.09310082
v -0.11447595 -0.79953402 -0.40884379
v -0.11447595 -0.76477170 -0.40884379
v -0.04049439 -0.79953402 -0.40884379
v -0.04049439 -0.76477170 -0.40884379
v -0.11447595 -0.73000938 -0.40884379
v -0.11447595 -0.69524699 -0.40884379
v -0.04049439 -0.73000938 -0.40884379
v -0.04049439 -0.69524699 -0.40884379
v 0.03348717 -0.79953402 -0.40884379
v 0.03348717 -0.76477170 -0.40884379
v 0.10746873 -0.79953402 -0.40884379
v 0.10746873 -0.76477170 -0.40884379
v 0.03348717 -0.73000938 -0.40884379
v 0.03348717 -0.69524699 -0.40884379
v 0.10746873 -0.73000938 -0.40884379
v 0.10746873 -0.69524699 -0.40884379
v -0.11447595 -0.66048467 -0.40884379
v -0.11447595 -0.62572229 -0.40884379
v -0.04049439 -0.66048467 -0.40884379
v -0.04049439 -0.62572229 -0.40884379
v -0.11447595 -0.59095997 -0.40884379
v -0.04049439 -0.59095997 -0.40884379
v 0.03348717 -0.66048467 -0.40884379
v 0.03348717 -0.62572229 -0.40884379
v 0.10746873 -0.66048467 -0.40884379
v 0.10746873 -0.62572229 -0.40884379
v 0.03348717 -0.59095997 -0.40884379
v 0.10746873 -0.59095997 -0.40884379
v 0.18145029 -0.79953402 -0.40884379
v 0.18145029 -0.76477170 -0.40884379
v 0.25543186 -0.79953402 -0.40884379
v 0.25543186 -0.76477170 -0.40884379
v 0.18145029 -0.73000938 -0.40884379
v 0.18145029 -0.69524699 -0.40884379
v 0.25543186 -0.73000938 -0.40884379
v 0.25543186 -0.69524699 -0.40884379
v 0.32941341 -0.79953402 -0.40884379
v 0.32941341 -0.76477170 -0.40884379
v 0.40339497 -0.79953402 -0.40884379
v 0.40339497 -0.76477170 -0.40884379
v 0.32941341 -0.73000938 -0.40884379
v 0.32941341 -0.69524699 -0.40884379
v 0.40339497 -0.73000938 -0.40884379
v 0.40339497 -0.69524699 -0.40884379
v 0.18145029 -0.66048467 -0.40884379
v 0.18145029 -0.62572229 -0.40884379
v 0.25543186 -0.66048467 -0.40884379
v 0.25543186 -0.62572229 -0.40884379
v 0.18145029 -0.59095997 -0.40884379
v 0.25543186 -0.59095997 -0.40884379
v 0.32941341 -0.66048467 -0.40884379
v 0.32941341 -0.62572229 -0.40884379
v 0.40339497 -0.66048467 -0.40884379
v 0.40339497 -0.62572229 -0.40884379
v 0.32941341 -0.59095997 -0.40884379
v 0.40339497 -0.59095997 -0.40884379
v 0.03057700 -0.69682002 -0.05050000
v 0.03325600 -0.72706902 -0.03373200
v 0.01918800 -0.71060503 -0.03600100
v 0.00617000 -0.70089900 -0.02164900
v 0.10219610 -0.79251939 -0.04272260
v 0.07813590 -0.77373868 -0.04228120
v 0.09504420 -0.77255231 -0.05066080
v 0.06903550 -0.77135181 -0.02768960
v 0.09779320 -0.79753423 -0.02925100
v 0.09887400 -0.79592299 -0.01479300
v 0.07777350 -0.77666938 -0.01271160
v 0.12764420 -0.80645943 -0.03220710
v 0.11687000 -0.80594999 -0.01617300
v 0.14074810 -0.81095439 -0.01690150
v 0.16559790 -0.80779612 -0.03377580
v 0.17997301 -0.81239522 -0.01874790
v 0.13855129 -0.79588920 -0.04486320
v 0.12153620 -0.78088832 -0.05091770
v 0.05968900 -0.74961001 -0.04130400
v 0.04731800 -0.73492599 -0.04157000
v 0.06990940 -0.74137849 -0.04994050
v 0.10305940 -0.76098847 -0.05343350
v 0.05421400 -0.75200999 -0.01333100
v 0.04685200 -0.74490601 -0.02866400
v 0.03437030 -0.73161721 -0.01680370
v 0.04092430 -0.71614939 -0.04762340
v 0.05384530 -0.70241612 -0.05364020
v 0.12250140 -0.76307452 -0.05386290
v 0.02427940 -0.71118093 -0.00380270
v 0.02836620 -0.69704229 0.00767960
v 0.10428900 -0.77164799 0.00882100
v 0.13686720 -0.80431008 -0.00166120
v 0.17420970 -0.80791271 -0.00333110
v 0.11078800 -0.79586971 -0.00230510
v 0.12867090 -0.79078370 0.00732430
v 0.13116440 -0.77602601 0.01380630
v 0.16864920 -0.79631108 0.00769450
v 0.06587930 -0.75264102 -0.00030970
v 0.10436110 -0.74997908 0.01481820
v 0.07789360 -0.74686682 0.00887910
v 0.08650580 -0.73210520 0.01483510
v 0.05282700 -0.72229499 0.00832000
v 0.07018200 -0.72274101 0.01363100
v 0.05183610 -0.69730413 0.01467710
v 0.06916190 -0.70422059 0.01603200
v 0.09895720 -0.71716172 0.01702560
v 0.12804380 -0.75721741 0.01657020
v 0.14002110 -0.71454841 0.01757540
v 0.17572510 -0.70463347 0.01679780
v -0.05407170 -0.62987351 -0.02699800
v -0.04511210 -0.63832217 -0.01356710
v -0.01279650 -0.66416973 -0.04496710
v 0.01254600 -0.69476300 -0.04310100
v 0.02730400 -0.68022799 -0.05284200
v 0.01034600 -0.67742598 -0.04979400
v -0.00822000 -0.68186200 -0.01687900
v -0.00279200 -0.68659300 -0.03496000
v -0.00639610 -0.64715987 -0.05220170
v -0.02502700 -0.64128602 -0.04790300
v 0.01037510 -0.65700221 -0.05356950
v 0.02978480 -0.65993309 -0.05454560
v -0.03041440 -0.65713322 -0.03089080
v -0.03851020 -0.63921469 -0.04032030
v -0.05847400 -0.60895300 -0.04328400
v -0.05841100 -0.59149802 -0.05038100
v -0.08291500 -0.59544301 -0.02529600
v -0.06934200 -0.61029100 -0.01709700
v -0.07147800 -0.60262799 -0.03674500
v -0.07770700 -0.58428299 -0.04507500
v -0.09297600 -0.56487101 -0.04637500
v -0.04077100 -0.57629901 -0.05438000
v -0.06765460 -0.57070303 -0.05255010
v -0.09222800 -0.58062398 -0.03496100
v -0.10500400 -0.56752402 -0.02989800
v -0.10032610 -0.57291043 -0.01401100
v -0.03821070 -0.61575657 -0.04984760
v -0.01754350 -0.61957753 -0.05334870
v -0.04029800 -0.59271300 -0.05352500
v -0.00226320 -0.61294681 -0.05449890
v 0.04625200 -0.68208998 -0.05427600
v 0.06570020 -0.69091302 -0.05462040
v 0.05493150 -0.65321898 -0.05466510
v 0.14715880 -0.59356928 -0.05461270
v 0.16773760 -0.59082788 -0.05332920
v 0.16916651 -0.55735910 -0.04943360
v -0.00802200 -0.66804802 -0.00146700
v 0.00449400 -0.68751502 -0.00344400
v 0.00428400 -0.66064262 0.00854690
v -0.00316600 -0.63302100 0.01345400
v 0.01608800 -0.63926452 0.01582060
v -0.04889050 -0.62050003 -0.00107710
v -0.07566800 -0.59441000 -0.00519700
v -0.05654500 -0.59598303 0.00733900
v -0.09993280 -0.56073838 0.00072890
v -0.07841260 -0.57000989 0.00877870
v -0.07146320 -0.55831498 0.01397750
v -0.05595460 -0.57163948 0.01465200
v -0.03071800 -0.62208200 0.00828650
v -0.01337940 -0.61618429 0.01453690
v -0.03209650 -0.59767717 0.01442970
v 0.00451050 -0.60791260 0.01684250
v -0.03925870 -0.57808119 0.01595950
v -0.01837080 -0.57793021 0.01718810
v 0.03492390 -0.68359131 0.01356360
v 0.07894640 -0.67784393 0.01748690
v 0.03542900 -0.65639257 0.01605530
v 0.04843580 -0.62665647 0.01750210
v 0.16210531 -0.67448258 0.01677020
v 0.15191530 -0.62576967 0.01569600
v 0.11851090 -0.61825782 0.01729460
v 0.11433330 -0.56324452 0.01614140
v 0.15841331 -0.56616288 0.00917860
v 0.24005890 -0.80656552 -0.03568830
v 0.24931380 -0.81170321 -0.02145500
v 0.22789760 -0.79449552 -0.04583060
v 0.24731700 -0.79277003 -0.04598100
v 0.23090430 -0.77862090 -0.05143660
v 0.27201840 -0.80423218 -0.03599580
v 0.27697039 -0.80929679 -0.02442350
v 0.26866031 -0.80689508 -0.00989220
v 0.25688219 -0.78573328 -0.04785760
v 0.26078889 -0.76912421 -0.04995200
v 0.29008210 -0.78972173 -0.03676080
v 0.28587100 -0.79890299 -0.00985300
v 0.29490799 -0.79537702 -0.02586400
v 0.29921201 -0.79211098 -0.01248600
v 0.29456499 -0.77401501 -0.03513300
v 0.30316499 -0.78148597 -0.02460000
v 0.29825309 -0.77476931 -0.00794950
v 0.30227199 -0.76713902 -0.01922800
v 0.19888040 -0.74440253 -0.05467030
v 0.23851770 -0.75696641 -0.05376580
v 0.25267261 -0.72956318 -0.05005100
v 0.22210710 -0.70272303 -0.05367980
v 0.27976570 -0.76247531 -0.04399580
v 0.29169580 -0.75505519 -0.03247910
v 0.29218179 -0.74691689 -0.01741130
v 0.26239550 -0.71649128 -0.04324220
v 0.28189400 -0.72931600 -0.03240800
v 0.27748170 -0.71650422 -0.01659620
v 0.26925230 -0.70567518 -0.03302730
v 0.23220910 -0.80813479 -0.00491790
v 0.20087180 -0.78268868 0.01342830
v 0.22672360 -0.79691482 0.00660560
v 0.23645280 -0.78123009 0.01195320
v 0.26438051 -0.79605192 0.00207200
v 0.28649101 -0.78433400 -0.00233100
v 0.26683441 -0.78097212 0.00590690
v 0.27925229 -0.76838517 0.00174460
v 0.19649330 -0.76116449 0.01691870
v 0.21588460 -0.73109919 0.01549030
v 0.23432380 -0.76144010 0.01463570
v 0.25141701 -0.75466102 0.01074210
v 0.24865930 -0.71211100 0.00506730
v 0.24993300 -0.69592398 0.00164300
v 0.26480329 -0.74181092 0.00458520
v 0.28258380 -0.74449313 -0.00512160
v 0.27123299 -0.72742742 -0.00174070
v 0.26240700 -0.69977802 -0.00585400
v 0.23905741 -0.67817038 -0.04599650
v 0.22295409 -0.66536862 -0.04955190
v 0.25481299 -0.68049198 -0.03495000
v 0.24976499 -0.66306698 -0.03175400
v 0.24729291 -0.66359651 -0.00959850
v 0.18206730 -0.65925181 -0.05456320
v 0.19779710 -0.64615351 -0.05303280
v 0.20531110 -0.62803698 -0.04913840
v 0.23616600 -0.65458500 -0.04008500
v 0.24539700 -0.65078402 -0.02183700
v 0.23243240 -0.62875313 -0.03123490
v 0.22861899 -0.62796497 -0.00897200
v 0.23779000 -0.63676000 -0.01762400
v 0.25718051 -0.67411268 -0.02019980
v 0.21682151 -0.62044799 -0.04197870
v 0.18710010 -0.59327310 -0.04943910
v 0.21808299 -0.61172199 -0.00760500
v 0.21365750 -0.59176701 -0.03189580
v 0.21068300 -0.59203100 -0.00900700
v 0.22717600 -0.61453098 -0.02254000
v 0.21948700 -0.59959298 -0.01924100
v 0.19836520 -0.58434999 -0.04230390
v 0.18514100 -0.56513798 -0.04433300
v 0.20920400 -0.57859200 -0.02250300
v 0.20008700 -0.57583702 -0.00755100
v 0.19931100 -0.56937999 -0.03485700
v 0.20148700 -0.56360698 -0.01916300
v 0.21551549 -0.68682998 0.01035670
v 0.21732549 -0.66153318 0.00581430
v 0.18303131 -0.66870248 0.01443870
v 0.23337349 -0.66503882 0.00095320
v 0.23450699 -0.64918798 -0.00523300
v 0.22019140 -0.64086199 0.00115990
v 0.18709540 -0.62334979 0.00908420
v 0.47737652 -1.11239517 -0.40884379
v 0.47737652 -1.11239517 -0.37538081
v 0.47737652 -1.07763290 -0.40884379
v 0.47737652 -1.11239517 -0.34191784
v 0.47737652 -1.04287052 -0.40884379
v 0.55135810 -1.11239517 -0.40884379
v 0.55135810 -1.11239517 -0.37538081
v 0.55135810 -1.07763290 -0.40884379
v 0.62533963 -1.11239517 -0.40884379
v 0.62533963 -1.11239517 -0.37538081
v 0.62533963 -1.07763290 -0.40884379
v 0.55135810 -1.11239517 -0.34191784
v 0.62533963 -1.11239517 -0.34191784
v 0.55135810 -1.04287052 -0.40884379
v 0.62533963 -1.04287052 -0.40884379
v 0.47737652 -1.11239517 -0.30845487
v 0.47737652 -1.11239517 -0.27499190
v 0.55135810 -1.11239517 -0.30845487
v 0.62533963 -1.11239517 -0.30845487
v 0.55135810 -1.11239517 -0.27499190
v 0.62533963 -1.11239517 -0.27499190
v 0.47737652 -1.00810814 -0.40884379
v 0.47737652 -0.97334582 -0.40884379
v 0.55135810 -1.00810814 -0.40884379
v 0.62533963 -1.00810814 -0.40884379
v 0.55135810 -0.97334582 -0.40884379
v 0.62533963 -0.97334582 -0.40884379
v 0.69932121 -1.11239517 -0.40884379
v 0.69932121 -1.11239517 -0.37538081
v 0.69932121 -1.07763290 -0.40884379
v 0.77330273 -1.11239517 -0.40884379
v 0.77330273 -1.11239517 -0.37538081
v 0.77330273 -1.07763290 -0.40884379
v 0.69932121 -1.11239517 -0.34191784
v 0.77330273 -1.11239517 -0.34191784
v 0.69932121 -1.04287052 -0.40884379
v 0.77330273 -1.04287052 -0.40884379
v 0.69932121 -1.11239517 -0.30845487
v 0.77330273 -1.11239517 -0.30845487
v 0.69932121 -1.11239517 -0.27499190
v 0.77330273 -1.11239517 -0.27499190
v 0.69932121 -1.00810814 -0.40884379
v 0.77330273 -1.00810814 -0.40884379
v 0.69932121 -0.97334582 -0.40884379
v 0.77330273 -0.97334582 -0.40884379
v 0.47737652 -1.11239517 -0.24152893
v 0.47737652 -1.11239517 -0.20806596
v 0.55135810 -1.11239517 -0.24152893
v 0.62533963 -1.11239517 -0.24152893
v 0.55135810 -1.11239517 -0.20806596
v 0.62533963 -1.11239517 -0.20806596
v 0.47737652 -1.11239517 -0.17460297
v 0.47737652 -1.11239517 -0.14114000
v 0.55135810 -1.11239517 -0.17460297
v 0.62533963 -1.11239517 -0.17460297
v 0.55135810 -1.11239517 -0.14114000
v 0.62533963 -1.11239517 -0.14114000
v 0.69932121 -1.11239517 -0.24152893
v 0.77330273 -1.11239517 -0.24152893
v 0.69932121 -1.11239517 -0.20806596
v 0.77330273 -1.11239517 -0.20806596
v 0.69932121 -1.11239517 -0.17460297
v 0.77330273 -1.11239517 -0.17460297
v 0.69932121 -1.11239517 -0.14114000
v 0.77330273 -1.11239517 -0.14114000
v 0.47737652 -0.93858343 -0.40884379
v 0.47737652 -0.90382111 -0.40884379
v 0.55135810 -0.93858343 -0.40884379
v 0.62533963 -0.93858343 -0.40884379
v 0.55135810 -0.90382111 -0.40884379
v 0.62533963 -0.90382111 -0.40884379
v 0.47737652 -0.86905873 -0.40884379
v 0.47737652 -0.83429641 -0.40884379
v 0.55135810 -0.86905873 -0.40884379
v 0.62533963 -0.86905873 -0.40884379
v 0.55135810 -0.83429641 -0.40884379
v 0.62533963 -0.83429641 -0.40884379
v 0.69932121 -0.93858343 -0.40884379
v 0.77330273 -0.93858343 -0.40884379
v 0.69932121 -0.90382111 -0.40884379
v 0.77330273 -0.90382111 -0.40884379
v 0.69932121 -0.86905873 -0.40884379
v 0.77330273 -0.86905873 -0.40884379
v 0.69932121 -0.83429641 -0.40884379
v 0.77330273 -0.83429641 -0.40884379
v 0.84728432 -1.11239517 -0.40884379
v 0.84728432 -1.11239517 -0.37538081
v 0.84728432 -1.07763290 -0.40884379
v 0.84728432 -1.11239517 -0.34191784
v 0.84728432 -1.04287052 -0.40884379
v 0.84728432 -1.11239517 -0.30845487
v 0.84728432 -1.11239517 -0.27499190
v 0.84728432 -1.00810814 -0.40884379
v 0.84728432 -0.97334582 -0.40884379
v 0.92126590 -1.11239517 -0.40884379
v 0.92126590 -1.11239517 -0.37538081
v 0.92126590 -1.07763290 -0.40884379
v 0.99524742 -1.11239517 -0.40884379
v 0.99524742 -1.11239517 -0.37538081
v 0.99524742 -1.07763290 -0.40884379
v 0.92126590 -1.11239517 -0.34191784
v 0.99524742 -1.11239517 -0.34191784
v 0.92126590 -1.04287052 -0.40884379
v 0.99524742 -1.04287052 -0.40884379
v 1.06922901 -1.11239517 -0.40884379
v 1.06922901 -1.11239517 -0.37538081
v 1.06922901 -1.07763290 -0.40884379
v 1.06922901 -1.07763290 -0.37538081
v 1.06922901 -1.11239517 -0.34191784
v 1.06922901 -1.07763290 -0.34191784
v 1.06922901 -1.04287052 -0.40884379
v 1.06922901 -1.04287052 -0.37538081
v 1.06922901 -1.04287052 -0.34191784
v 0.92126590 -1.11239517 -0.30845487
v 0.99524742 -1.11239517 -0.30845487
v 0.92126590 -1.11239517 -0.27499190
v 0.99524742 -1.11239517 -0.27499190
v 1.06922901 -1.11239517 -0.30845487
v 1.06922901 -1.07763290 -0.30845487
v 1.06922901 -1.11239517 -0.27499190
v 1.06922901 -1.07763290 -0.27499190
v 1.06922901 -1.04287052 -0.30845487
v 1.06922901 -1.04287052 -0.27499190
v 0.92126590 -1.00810814 -0.40884379
v 0.99524742 -1.00810814 -0.40884379
v 0.92126590 -0.97334582 -0.40884379
v 0.99524742 -0.97334582 -0.40884379
v 1.06922901 -1.00810814 -0.40884379
v 1.06922901 -1.00810814 -0.37538081
v 1.06922901 -1.00810814 -0.34191784
v 1.06922901 -0.97334582 -0.40884379
v 1.06922901 -0.97334582 -0.37538081
v 1.06922901 -0.97334582 -0.34191784
v 1.06922901 -1.00810814 -0.30845487
v 1.06922901 -1.00810814 -0.27499190
v 1.06922901 -0.97334582 -0.30845487
v 1.06922901 -0.97334582 -0.27499190
v 0.84728432 -1.11239517 -0.24152893
v 0.84728432 -1.11239517 -0.20806596
v 0.84728432 -1.11239517 -0.17460297
v 0.84728432 -1.11239517 -0.14114000
v 0.92126590 -1.11239517 -0.24152893
v 0.99524742 -1.11239517 -0.24152893
v 0.92126590 -1.11239517 -0.20806596
v 0.99524742 -1.11239517 -0.20806596
v 1.06922901 -1.11239517 -0.24152893
v 1.06922901 -1.07763290 -0.24152893
v 1.06922901 -1.11239517 -0.20806596
v 1.06922901 -1.07763290 -0.20806596
v 1.06922901 -1.04287052 -0.24152893
v 1.06922901 -1.04287052 -0.20806596
v 0.92126590 -1.11239517 -0.17460297
v 0.99524742 -1.11239517 -0.17460297
v 0.92126590 -1.11239517 -0.14114000
v 0.99524742 -1.11239517 -0.14114000
v 1.06922901 -1.11239517 -0.17460297
v 1.06922901 -1.07763290 -0.17460297
v 1.06922901 -1.11239517 -0.14114000
v 1.06922901 -1.07763290 -0.14114000
v 1.06922901 -1.04287052 -0.17460297
v 1.06922901 -1.04287052 -0.14114000
v 1.06922901 -1.00810814 -0.24152893
v 1.06922901 -1.00810814 -0.20806596
v 1.06922901 -0.97334582 -0.24152893
v 1.06922901 -0.97334582 -0.20806596
v 1.06922901 -1.00810814 -0.17460297
v 1.06922901 -1.00810814 -0.14114000
v 1.06922901 -0.97334582 -0.17460297
v 1.06922901 -0.97334582 -0.14114000
v 0.84728432 -0.93858343 -0.40884379
v 0.84728432 -0.90382111 -0.40884379
v 0.84728432 -0.86905873 -0.40884379
v 0.84728432 -0.83429641 -0.40884379
v 0.92126590 -0.93858343 -0.40884379
v 0.99524742 -0.93858343 -0.40884379
v 0.92126590 -0.90382111 -0.40884379
v 0.99524742 -0.90382111 -0.40884379
v 1.06922901 -0.93858343 -0.40884379
v 1.06922901 -0.93858343 -0.37538081
v 1.06922901 -0.93858343 -0.34191784
v 1.06922901 -0.90382111 -0.40884379
v 1.06922901 -0.90382111 -0.37538081
v 1.06922901 -0.90382111 -0.34191784
v 1.06922901 -0.93858343 -0.30845487
v 1.06922901 -0.93858343 -0.27499190
v 1.06922901 -0.90382111 -0.30845487
v 1.06922901 -0.90382111 -0.27499190
v 0.92126590 -0.86905873 -0.40884379
v 0.99524742 -0.86905873 -0.40884379
v 0.92126590 -0.83429641 -0.40884379
v 0.99524742 -0.83429641 -0.40884379
v 1.06922901 -0.86905873 -0.40884379
v 1.06922901 -0.86905873 -0.37538081
v 1.06922901 -0.86905873 -0.34191784
v 1.06922901 -0.83429641 -0.40884379
v 1.06922901 -0.83429641 -0.37538081
v 1.06922901 -0.83429641 -0.34191784
v 1.06922901 -0.86905873 -0.30845487
v 1.06922901 -0.86905873 -0.27499190
v 1.06922901 -0.83429641 -0.30845487
v 1.06922901 -0.83429641 -0.27499190
v 1.06922901 -0.93858343 -0.24152893
v 1.06922901 -0.93858343 -0.20806596
v 1.06922901 -0.90382111 -0.24152893
v 1.06922901 -0.90382111 -0.20806596
v 1.06922901 -0.93858343 -0.17460297
v 1.06922901 -0.93858343 -0.14114000
v 1.06922901 -0.90382111 -0.17460297
v 1.06922901 -0.90382111 -0.14114000
v 1.06922901 -0.86905873 -0.24152893
v 1.06922901 -0.86905873 -0.20806596
v 1.06922901 -0.83429641 -0.24152893
v 1.06922901 -0.83429641 -0.20806596
v 1.06922901 -0.86905873 -0.17460297
v 1.06922901 -0.86905873 -0.14114000
v 1.06922901 -0.83429641 -0.17460297
v 1.06922901 -0.83429641 -0.14114000
v 0.47737652 -1.11239517 -0.10767703
v 0.47737652 -1.11239517 -0.07421405
v 0.55135810 -1.11239517 -0.10767703
v 0.62533963 -1.11239517 -0.10767703
v 0.55135810 -1.11239517 -0.07421405
v 0.62533963 -1.11239517 -0.07421405
v 0.47737652 -1.11239517 -0.04075107
v 0.47737652 -1.11239517 -0.00728810
v 0.55135810 -1.11239517 -0.04075107
v 0.62533963 -1.11239517 -0.04075107
v 0.55135810 -1.11239517 -0.00728810
v 0.62533963 -1.11239517 -0.00728810
v 0.69932121 -1.11239517 -0.10767703
v 0.77330273 -1.11239517 -0.10767703
v 0.69932121 -1.11239517 -0.07421405
v 0.77330273 -1.11239517 -0.07421405
v 0.69932121 -1.11239517 -0.04075107
v 0.77330273 -1.11239517 -0.04075107
v 0.69932121 -1.11239517 -0.00728810
v 0.77330273 -1.11239517 -0.00728810
v 0.47737652 -1.11239517 0.02617487
v 0.47737652 -1.11239517 0.05963785
v 0.55135810 -1.11239517 0.02617487
v 0.62533963 -1.11239517 0.02617487
v 0.55135810 -1.11239517 0.05963785
v 0.62533963 -1.11239517 0.05963785
v 0.47737652 -1.11239517 0.09310082
v 0.55135810 -1.11239517 0.09310082
v 0.62533963 -1.11239517 0.09310082
v 0.69932121 -1.11239517 0.02617487
v 0.77330273 -1.11239517 0.02617487
v 0.69932121 -1.11239517 0.05963785
v 0.77330273 -1.11239517 0.05963785
v 0.69932121 -1.11239517 0.09310082
v 0.77330273 -1.11239517 0.09310082
v 0.84728432 -1.11239517 -0.10767703
v 0.84728432 -1.11239517 -0.07421405
v 0.84728432 -1.11239517 -0.04075107
v 0.84728432 -1.11239517 -0.00728810
v 0.92126590 -1.11239517 -0.10767703
v 0.99524742 -1.11239517 -0.10767703
v 0.92126590 -1.11239517 -0.07421405
v 0.99524742 -1.11239517 -0.07421405
v 1.06922901 -1.11239517 -0.10767703
v 1.06922901 -1.07763290 -0.10767703
v 1.06922901 -1.11239517 -0.07421405
v 1.06922901 -1.07763290 -0.07421405
v 1.06922901 -1.04287052 -0.10767703
v 1.06922901 -1.04287052 -0.07421405
v 0.92126590 -1.11239517 -0.04075107
v 0.99524742 -1.11239517 -0.04075107
v 0.92126590 -1.11239517 -0.00728810
v 0.99524742 -1.11239517 -0.00728810
v 1.06922901 -1.11239517 -0.04075107
v 1.06922901 -1.07763290 -0.04075107
v 1.06922901 -1.11239517 -0.00728810
v 1.06922901 -1.07763290 -0.00728810
v 1.06922901 -1.04287052 -0.04075107
v 1.06922901 -1.04287052 -0.00728810
v 1.06922901 -1.00810814 -0.10767703
v 1.06922901 -1.00810814 -0.07421405
v 1.06922901 -0.97334582 -0.10767703
v 1.06922901 -0.97334582 -0.07421405
v 1.06922901 -1.00810814 -0.04075107
v 1.06922901 -1.00810814 -0.00728810
v 1.06922901 -0.97334582 -0.04075107
v 1.06922901 -0.97334582 -0.00728810
v 0.84728432 -1.11239517 0.02617487
v 0.84728432 -1.11239517 0.05963785
v 0.84728432 -1.11239517 0.09310082
v 0.92126590 -1.11239517 0.02617487
v 0.99524742 -1.11239517 0.02617487
v 0.92126590 -1.11239517 0.05963785
v 0.99524742 -1.11239517 0.05963785
v 1.06922901 -1.11239517 0.02617487
v 1.06922901 -1.07763290 0.02617487
v 1.06922901 -1.11239517 0.05963785
v 1.06922901 -1.07763290 0.05963785
v 1.06922901 -1.04287052 0.02617487
v 1.06922901 -1.04287052 0.05963785
v 0.92126590 -1.11239517 0.09310082
v 0.99524742 -1.11239517 0.09310082
v 1.06922901 -1.11239517 0.09310082
v 1.06922901 -1.07763290 0.09310082
v 1.06922901 -1.04287052 0.09310082
v 1.06922901 -1.00810814 0.02617487
v 1.06922901 -1.00810814 0.05963785
v 1.06922901 -0.97334582 0.02617487
v 1.06922901 -0.97334582 0.05963785
v 1.06922901 -1.00810814 0.09310082
v 1.06922901 -0.97334582 0.09310082
v 1.06922901 -0.93858343 -0.10767703
v 1.06922901 -0.93858343 -0.07421405
v 1.06922901 -0.90382111 -0.10767703
v 1.06922901 -0.90382111 -0.07421405
v 1.06922901 -0.93858343 -0.04075107
v 1.06922901 -0.93858343 -0.00728810
v 1.06922901 -0.90382111 -0.04075107
v 1.06922901 -0.90382111 -0.00728810
v 1.06922901 -0.86905873 -0.10767703
v 1.06922901 -0.86905873 -0.07421405
v 1.06922901 -0.83429641 -0.10767703
v 1.06922901 -0.83429641 -0.07421405
v 1.06922901 -0.86905873 -0.04075107
v 1.06922901 -0.86905873 -0.00728810
v 1.06922901 -0.83429641 -0.04075107
v 1.06922901 -0.83429641 -0.00728810
v 1.06922901 -0.93858343 0.02617487
v 1.06922901 -0.93858343 0.05963785
v 1.06922901 -0.90382111 0.02617487
v 1.06922901 -0.90382111 0.05963785
v 1.06922901 -0.93858343 0.09310082
v 1.06922901 -0.90382111 0.09310082
v 1.06922901 -0.86905873 0.02617487
v 1.06922901 -0.86905873 0.05963785
v 1.06922901 -0.83429641 0.02617487
v 1.06922901 -0.83429641 0.05963785
v 1.06922901 -0.86905873 0.09310082
v 1.06922901 -0.83429641 0.09310082
v 0.47737652 -0.79953402 -0.40884379
v 0.47737652 -0.76477170 -0.40884379
v 0.55135810 -0.79953402 -0.40884379
v 0.55135810 -0.76477170 -0.40884379
v 0.62533963 -0.79953402 -0.40884379
v 0.62533963 -0.76477170 -0.40884379
v 0.47737652 -0.73000938 -0.40884379
v 0.47737652 -0.69524699 -0.40884379
v 0.55135810 -0.73000938 -0.40884379
v 0.62533963 -0.73000938 -0.40884379
v 0.55135810 -0.69524699 -0.40884379
v 0.62533963 -0.69524699 -0.40884379
v 0.69932121 -0.79953402 -0.40884379
v 0.69932121 -0.76477170 -0.40884379
v 0.77330273 -0.79953402 -0.40884379
v 0.77330273 -0.76477170 -0.40884379
v 0.69932121 -0.73000938 -0.40884379
v 0.77330273 -0.73000938 -0.40884379
v 0.69932121 -0.69524699 -0.40884379
v 0.77330273 -0.69524699 -0.40884379
v 0.47737652 -0.66048467 -0.40884379
v 0.47737652 -0.62572229 -0.40884379
v 0.55135810 -0.66048467 -0.40884379
v 0.62533963 -0.66048467 -0.40884379
v 0.55135810 -0.62572229 -0.40884379
v 0.62533963 -0.62572229 -0.40884379
v 0.47737652 -0.59095997 -0.40884379
v 0.55135810 -0.59095997 -0.40884379
v 0.62533963 -0.59095997 -0.40884379
v 0.69932121 -0.66048467 -0.40884379
v 0.77330273 -0.66048467 -0.40884379
v 0.69932121 -0.62572229 -0.40884379
v 0.77330273 -0.62572229 -0.40884379
v 0.69932121 -0.59095997 -0.40884379
v 0.77330273 -0.59095997 -0.40884379
v 0.84728432 -0.79953402 -0.40884379
v 0.84728432 -0.76477170 -0.40884379
v 0.84728432 -0.73000938 -0.40884379
v 0.84728432 -0.69524699 -0.40884379
v 0.92126590 -0.79953402 -0.40884379
v 0.92126590 -0.76477170 -0.40884379
v 0.99524742 -0.79953402 -0.40884379
v 0.99524742 -0.76477170 -0.40884379
v 1.06922901 -0.79953402 -0.40884379
v 1.06922901 -0.79953402 -0.37538081
v 1.06922901 -0.76477170 -0.40884379
v 1.06922901 -0.76477170 -0.37538081
v 1.06922901 -0.79953402 -0.34191784
v 1.06922901 -0.76477170 -0.34191784
v 1.06922901 -0.79953402 -0.30845487
v 1.06922901 -0.76477170 -0.30845487
v 1.06922901 -0.79953402 -0.27499190
v 1.06922901 -0.76477170 -0.27499190
v 0.92126590 -0.73000938 -0.40884379
v 0.99524742 -0.73000938 -0.40884379
v 0.92126590 -0.69524699 -0.40884379
v 0.99524742 -0.69524699 -0.40884379
v 1.06922901 -0.73000938 -0.40884379
v 1.06922901 -0.73000938 -0.37538081
v 1.06922901 -0.73000938 -0.34191784
v 1.06922901 -0.69524699 -0.40884379
v 1.06922901 -0.69524699 -0.37538081
v 1.06922901 -0.69524699 -0.34191784
v 1.06922901 -0.73000938 -0.30845487
v 1.06922901 -0.73000938 -0.27499190
v 1.06922901 -0.69524699 -0.30845487
v 1.06922901 -0.69524699 -0.27499190
v 1.06922901 -0.79953402 -0.24152893
v 1.06922901 -0.76477170 -0.24152893
v 1.06922901 -0.79953402 -0.20806596
v 1.06922901 -0.76477170 -0.20806596
v 1.06922901 -0.79953402 -0.17460297
v 1.06922901 -0.76477170 -0.17460297
v 1.06922901 -0.79953402 -0.14114000
v 1.06922901 -0.76477170 -0.14114000
v 1.06922901 -0.73000938 -0.24152893
v 1.06922901 -0.73000938 -0.20806596
v 1.06922901 -0.69524699 -0.24152893
v 1.06922901 -0.69524699 -0.20806596
v 1.06922901 -0.73000938 -0.17460297
v 1.06922901 -0.73000938 -0.14114000
v 1.06922901 -0.69524699 -0.17460297
v 1.06922901 -0.69524699 -0.14114000
v 0.84728432 -0.66048467 -0.40884379
v 0.84728432 -0.62572229 -0.40884379
v 0.84728432 -0.59095997 -0.40884379
v 0.92126590 -0.66048467 -0.40884379
v 0.99524742 -0.66048467 -0.40884379
v 0.92126590 -0.62572229 -0.40884379
v 0.99524742 -0.62572229 -0.40884379
v 1.06922901 -0.66048467 -0.40884379
v 1.06922901 -0.66048467 -0.37538081
v 1.06922901 -0.66048467 -0.34191784
v 1.06922901 -0.62572229 -0.40884379
v 1.06922901 -0.62572229 -0.37538081
v 1.06922901 -0.62572229 -0.34191784
v 1.06922901 -0.66048467 -0.30845487
v 1.06922901 -0.66048467 -0.27499190
v 1.06922901 -0.62572229 -0.30845487
v 1.06922901 -0.62572229 -0.27499190
v 0.92126590 -0.59095997 -0.40884379
v 0.99524742 -0.59095997 -0.40884379
v 1.06922901 -0.59095997 -0.40884379
v 1.06922901 -0.59095997 -0.37538081
v 1.06922901 -0.59095997 -0.34191784
v 1.06922901 -0.59095997 -0.30845487
v 1.06922901 -0.59095997 -0.27499190
v 1.06922901 -0.66048467 -0.24152893
v 1.06922901 -0.66048467 -0.20806596
v 1.06922901 -0.62572229 -0.24152893
v 1.06922901 -0.62572229 -0.20806596
v 1.06922901 -0.66048467 -0.17460297
v 1.06922901 -0.66048467 -0.14114000
v 1.06922901 -0.62572229 -0.17460297
v 1.06922901 -0.62572229 -0.14114000
v 1.06922901 -0.59095997 -0.24152893
v 1.06922901 -0.59095997 -0.20806596
v 1.06922901 -0.59095997 -0.17460297
v 1.06922901 -0.59095997 -0.14114000
v 1.06922901 -0.79953402 -0.10767703
v 1.06922901 -0.76477170 -0.10767703
v 1.06922901 -0.79953402 -0.07421405
v 1.06922901 -0.76477170 -0.07421405
v 1.06922901 -0.79953402 -0.04075107
v 1.06922901 -0.76477170 -0.04075107
v 1.06922901 -0.79953402 -0.00728810
v 1.06922901 -0.76477170 -0.00728810
v 1.06922901 -0.73000938 -0.10767703
v 1.06922901 -0.73000938 -0.07421405
v 1.06922901 -0.69524699 -0.10767703
v 1.06922901 -0.69524699 -0.07421405
v 1.06922901 -0.73000938 -0.04075107
v 1.06922901 -0.73000938 -0.00728810
v 1.06922901 -0.69524699 -0.04075107
v 1.06922901 -0.69524699 -0.00728810
v 1.06922901 -0.79953402 0.02617487
v 1.06922901 -0.76477170 0.02617487
v 1.06922901 -0.79953402 0.05963785
v 1.06922901 -0.76477170 0.05963785
v 1.06922901 -0.79953402 0.09310082
v 1.06922901 -0.76477170 0.09310082
v 1.06922901 -0.73000938 0.02617487
v 1.06922901 -0.73000938 0.05963785
v 1.06922901 -0.69524699 0.02617487
v 1.06922901 -0.69524699 0.05963785
v 1.06922901 -0.73000938 0.09310082
v 1.06922901 -0.69524699 0.09310082
v 1.06922901 -0.66048467 -0.10767703
v 1.06922901 -0.66048467 -0.07421405
v 1.06922901 -0.62572229 -0.10767703
v 1.06922901 -0.62572229 -0.07421405
v 1.06922901 -0.66048467 -0.04075107
v 1.06922901 -0.66048467 -0.00728810
v 1.06922901 -0.62572229 -0.04075107
v 1.06922901 -0.62572229 -0.00728810
v 1.06922901 -0.59095997 -0.10767703
v 1.06922901 -0.59095997 -0.07421405
v 1.06922901 -0.59095997 -0.04075107
v 1.06922901 -0.59095997 -0.00728810
v 1.06922901 -0.66048467 0.02617487
v 1.06922901 -0.66048467 0.05963785
v 1.06922901 -0.62572229 0.02617487
v 1.06922901 -0.62572229 0.05963785
v 1.06922901 -0.66048467 0.09310082
v 1.06922901 -0.62572229 0.09310082
v 1.06922901 -0.59095997 0.02617487
v 1.06922901 -0.59095997 0.05963785
v 1.06922901 -0.59095997 0.09310082
v -0.11447595 -1.11239517 0.12656380
v -0.11447595 -1.11239517 0.16002677
v -0.11447595 -1.11239517 0.19348975
v -0.04049439 -1.11239517 0.12656380
v -0.04049439 -1.11239517 0.16002677
v -0.04049439 -1.11239517 0.19348975
v -0.11447595 -1.11239517 0.22695273
v -0.04049439 -1.11239517 0.22695273
v 0.03348717 -1.11239517 0.12656380
v 0.03348717 -1.11239517 0.16002677
v 0.03348717 -1.11239517 0.19348975
v 0.10746873 -1.11239517 0.12656380
v 0.10746873 -1.11239517 0.16002677
v 0.10746873 -1.11239517 0.19348975
v 0.03348717 -1.11239517 0.22695273
v 0.10746873 -1.11239517 0.22695273
v -0.11447595 -1.11239517 0.26041570
v -0.11447595 -1.11239517 0.29387867
v -0.11447595 -1.11239517 0.32734165
v -0.04049439 -1.11239517 0.26041570
v -0.04049439 -1.11239517 0.29387867
v -0.04049439 -1.11239517 0.32734165
v -0.11447595 -1.11239517 0.36080462
v -0.11447595 -1.11239517 0.39426759
v -0.04049439 -1.11239517 0.36080462
v -0.04049439 -1.11239517 0.39426759
v 0.03348717 -1.11239517 0.26041570
v 0.03348717 -1.11239517 0.29387867
v 0.03348717 -1.11239517 0.32734165
v 0.10746873 -1.11239517 0.26041570
v 0.10746873 -1.11239517 0.29387867
v 0.10746873 -1.11239517 0.32734165
v 0.03348717 -1.11239517 0.36080462
v 0.03348717 -1.11239517 0.39426759
v 0.10746873 -1.11239517 0.36080462
v 0.10746873 -1.11239517 0.39426759
v 0.18145029 -1.11239517 0.12656380
v 0.18145029 -1.11239517 0.16002677
v 0.18145029 -1.11239517 0.19348975
v 0.25543186 -1.11239517 0.12656380
v 0.25543186 -1.11239517 0.16002677
v 0.25543186 -1.11239517 0.19348975
v 0.18145029 -1.11239517 0.22695273
v 0.25543186 -1.11239517 0.22695273
v 0.32941341 -1.11239517 0.12656380
v 0.32941341 -1.11239517 0.16002677
v 0.32941341 -1.11239517 0.19348975
v 0.40339497 -1.11239517 0.12656380
v 0.40339497 -1.11239517 0.16002677
v 0.40339497 -1.11239517 0.19348975
v 0.32941341 -1.11239517 0.22695273
v 0.40339497 -1.11239517 0.22695273
v 0.18145029 -1.11239517 0.26041570
v 0.18145029 -1.11239517 0.29387867
v 0.18145029 -1.11239517 0.32734165
v 0.25543186 -1.11239517 0.26041570
v 0.25543186 -1.11239517 0.29387867
v 0.25543186 -1.11239517 0.32734165
v 0.18145029 -1.11239517 0.36080462
v 0.18145029 -1.11239517 0.39426759
v 0.25543186 -1.11239517 0.36080462
v 0.25543186 -1.11239517 0.39426759
v 0.32941341 -1.11239517 0.26041570
v 0.32941341 -1.11239517 0.29387867
v 0.32941341 -1.11239517 0.32734165
v 0.40339497 -1.11239517 0.26041570
v 0.40339497 -1.11239517 0.29387867
v 0.40339497 -1.11239517 0.32734165
v 0.32941341 -1.11239517 0.36080462
v 0.32941341 -1.11239517 0.39426759
v 0.40339497 -1.11239517 0.36080462
v 0.40339497 -1.11239517 0.39426759
v -0.11447595 -1.11239517 0.42773056
v -0.04049439 -1.11239517 0.42773056
v -0.11447595 -1.11239517 0.46119356
v -0.11447595 -1.11239517 0.49465653
v -0.04049439 -1.11239517 0.46119356
v -0.04049439 -1.11239517 0.49465653
v 0.03348717 -1.11239517 0.42773056
v 0.10746873 -1.11239517 0.42773056
v 0.03348717 -1.11239517 0.46119356
v 0.03348717 -1.11239517 0.49465653
v 0.10746873 -1.11239517 0.46119356
v 0.10746873 -1.11239517 0.49465653
v -0.11447595 -1.11239517 0.52811950
v -0.11447595 -1.11239517 0.56158245
v -0.04049439 -1.11239517 0.52811950
v -0.04049439 -1.11239517 0.56158245
v -0.11447595 -1.11239517 0.59504545
v -0.11447595 -1.11239517 0.62850845
v -0.11447595 -1.11239517 0.66197139
v -0.11447595 -1.07763290 0.66197139
v -0.11447595 -1.04287052 0.66197139
v -0.04049439 -1.11239517 0.59504545
v -0.04049439 -1.11239517 0.62850845
v -0.04049439 -1.11239517 0.66197139
v -0.04049439 -1.07763290 0.66197139
v -0.04049439 -1.04287052 0.66197139
v -0.11447595 -1.00810814 0.66197139
v -0.11447595 -0.97334582 0.66197139
v -0.04049439 -1.00810814 0.66197139
v -0.04049439 -0.97334582 0.66197139
v 0.03348717 -1.11239517 0.52811950
v 0.03348717 -1.11239517 0.56158245
v 0.10746873 -1.11239517 0.52811950
v 0.10746873 -1.11239517 0.56158245
v 0.03348717 -1.11239517 0.59504545
v 0.03348717 -1.11239517 0.62850845
v 0.03348717 -1.11239517 0.66197139
v 0.03348717 -1.07763290 0.66197139
v 0.03348717 -1.04287052 0.66197139
v 0.10746873 -1.11239517 0.59504545
v 0.10746873 -1.11239517 0.62850845
v 0.10746873 -1.11239517 0.66197139
v 0.10746873 -1.07763290 0.66197139
v 0.10746873 -1.04287052 0.66197139
v 0.03348717 -1.00810814 0.66197139
v 0.03348717 -0.97334582 0.66197139
v 0.10746873 -1.00810814 0.66197139
v 0.10746873 -0.97334582 0.66197139
v -0.11447595 -0.93858343 0.66197139
v -0.11447595 -0.90382111 0.66197139
v -0.04049439 -0.93858343 0.66197139
v -0.04049439 -0.90382111 0.66197139
v -0.11447595 -0.86905873 0.66197139
v -0.11447595 -0.83429641 0.66197139
v -0.04049439 -0.86905873 0.66197139
v -0.04049439 -0.83429641 0.66197139
v 0.03348717 -0.93858343 0.66197139
v 0.03348717 -0.90382111 0.66197139
v 0.10746873 -0.93858343 0.66197139
v 0.10746873 -0.90382111 0.66197139
v 0.03348717 -0.86905873 0.66197139
v 0.03348717 -0.83429641 0.66197139
v 0.10746873 -0.86905873 0.66197139
v 0.10746873 -0.83429641 0.66197139
v 0.18145029 -1.11239517 0.42773056
v 0.25543186 -1.11239517 0.42773056
v 0.18145029 -1.11239517 0.46119356
v 0.18145029 -1.11239517 0.49465653
v 0.25543186 -1.11239517 0.46119356
v 0.25543186 -1.11239517 0.49465653
v 0.32941341 -1.11239517 0.42773056
v 0.40339497 -1.11239517 0.42773056
v 0.32941341 -1.11239517 0.46119356
v 0.32941341 -1.11239517 0.49465653
v 0.40339497 -1.11239517 0.46119356
v 0.40339497 -1.11239517 0.49465653
v 0.18145029 -1.11239517 0.52811950
v 0.18145029 -1.11239517 0.56158245
v 0.25543186 -1.11239517 0.52811950
v 0.25543186 -1.11239517 0.56158245
v 0.18145029 -1.11239517 0.59504545
v 0.18145029 -1.11239517 0.62850845
v 0.18145029 -1.11239517 0.66197139
v 0.18145029 -1.07763290 0.66197139
v 0.18145029 -1.04287052 0.66197139
v 0.25543186 -1.11239517 0.59504545
v 0.25543186 -1.11239517 0.62850845
v 0.25543186 -1.11239517 0.66197139
v 0.25543186 -1.07763290 0.66197139
v 0.25543186 -1.04287052 0.66197139
v 0.18145029 -1.00810814 0.66197139
v 0.18145029 -0.97334582 0.66197139
v 0.25543186 -1.00810814 0.66197139
v 0.25543186 -0.97334582 0.66197139
v 0.32941341 -1.11239517 0.52811950
v 0.32941341 -1.11239517 0.56158245
v 0.40339497 -1.11239517 0.52811950
v 0.40339497 -1.11239517 0.56158245
v 0.32941341 -1.11239517 0.59504545
v 0.32941341 -1.11239517 0.62850845
v 0.32941341 -1.11239517 0.66197139
v 0.32941341 -1.07763290 0.66197139
v 0.32941341 -1.04287052 0.66197139
v 0.40339497 -1.11239517 0.59504545
v 0.40339497 -1.11239517 0.62850845
v 0.40339497 -1.11239517 0.66197139
v 0.40339497 -1.07763290 0.66197139
v 0.40339497 -1.04287052 0.66197139
v 0.32941341 -1.00810814 0.66197139
v 0.32941341 -0.97334582 0.66197139
v 0.40339497 -1.00810814 0.66197139
v 0.40339497 -0.97334582 0.66197139
v 0.18145029 -0.93858343 0.66197139
v 0.18145029 -0.90382111 0.66197139
v 0.25543186 -0.93858343 0.66197139
v 0.25543186 -0.90382111 0.66197139
v 0.18145029 -0.86905873 0.66197139
v 0.18145029 -0.83429641 0.66197139
v 0.25543186 -0.86905873 0.66197139
v 0.25543186 -0.83429641 0.66197139
v 0.32941341 -0.93858343 0.66197139
v 0.32941341 -0.90382111 0.66197139
v 0.40339497 -0.93858343 0.66197139
v 0.40339497 -0.90382111 0.66197139
v 0.32941341 -0.86905873 0.66197139
v 0.32941341 -0.83429641 0.66197139
v 0.40339497 -0.86905873 0.66197139
v 0.40339497 -0.83429641 0.66197139
v -0.11447595 -0.79953402 0.66197139
v -0.11447595 -0.76477170 0.66197139
v -0.04049439 -0.79953402 0.66197139
v -0.04049439 -0.76477170 0.66197139
v -0.11447595 -0.73000938 0.66197139
v -0.11447595 -0.69524699 0.66197139
v -0.04049439 -0.73000938 0.66197139
v -0.04049439 -0.69524699 0.66197139
v 0.03348717 -0.79953402 0.66197139
v 0.03348717 -0.76477170 0.66197139
v 0.10746873 -0.79953402 0.66197139
v 0.10746873 -0.76477170 0.66197139
v 0.03348717 -0.73000938 0.66197139
v 0.03348717 -0.69524699 0.66197139
v 0.10746873 -0.73000938 0.66197139
v 0.10746873 -0.69524699 0.66197139
v -0.11447595 -0.66048467 0.66197139
v -0.11447595 -0.62572229 0.66197139
v -0.04049439 -0.66048467 0.66197139
v -0.04049439 -0.62572229 0.66197139
v -0.11447595 -0.59095997 0.66197139
v -0.04049439 -0.59095997 0.66197139
v 0.03348717 -0.66048467 0.66197139
v 0.03348717 -0.62572229 0.66197139
v 0.10746873 -0.66048467 0.66197139
v 0.10746873 -0.62572229 0.66197139
v 0.03348717 -0.59095997 0.66197139
v 0.10746873 -0.59095997 0.66197139
v 0.18145029 -0.79953402 0.66197139
v 0.18145029 -0.76477170 0.66197139
v 0.25543186 -0.79953402 0.66197139
v 0.25543186 -0.76477170 0.66197139
v 0.18145029 -0.73000938 0.66197139
v 0.18145029 -0.69524699 0.66197139
v 0.25543186 -0.73000938 0.66197139
v 0.25543186 -0.69524699 0.66197139
v 0.32941341 -0.79953402 0.66197139
v 0.32941341 -0.76477170 0.66197139
v 0.40339497 -0.79953402 0.66197139
v 0.40339497 -0.76477170 0.66197139
v 0.32941341 -0.73000938 0.66197139
v 0.32941341 -0.69524699 0.66197139
v 0.40339497 -0.73000938 0.66197139
v 0.40339497 -0.69524699 0.66197139
v 0.18145029 -0.66048467 0.66197139
v 0.18145029 -0.62572229 0.66197139
v 0.25543186 -0.66048467 0.66197139
v 0.25543186 -0.62572229 0.66197139
v 0.18145029 -0.59095997 0.66197139
v 0.25543186 -0.59095997 0.66197139
v 0.32941341 -0.66048467 0.66197139
v 0.32941341 -0.62572229 0.66197139
v 0.40339497 -0.66048467 0.66197139
v 0.40339497 -0.62572229 0.66197139
v 0.32941341 -0.59095997 0.66197139
v 0.40339497 -0.59095997 0.66197139
v 0.47737652 -1.11239517 0.12656380
v 0.47737652 -1.11239517 0.16002677
v 0.47737652 -1.11239517 0.19348975
v 0.55135810 -1.11239517 0.12656380
v 0.55135810 -1.11239517 0.16002677
v 0.62533963 -1.11239517 0.12656380
v 0.62533963 -1.11239517 0.16002677
v 0.55135810 -1.11239517 0.19348975
v 0.62533963 -1.11239517 0.19348975
v 0.47737652 -1.11239517 0.22695273
v 0.55135810 -1.11239517 0.22695273
v 0.62533963 -1.11239517 0.22695273
v 0.69932121 -1.11239517 0.12656380
v 0.69932121 -1.11239517 0.16002677
v 0.77330273 -1.11239517 0.12656380
v 0.77330273 -1.11239517 0.16002677
v 0.69932121 -1.11239517 0.19348975
v 0.77330273 -1.11239517 0.19348975
v 0.69932121 -1.11239517 0.22695273
v 0.77330273 -1.11239517 0.22695273
v 0.47737652 -1.11239517 0.26041570
v 0.47737652 -1.11239517 0.29387867
v 0.47737652 -1.11239517 0.32734165
v 0.55135810 -1.11239517 0.26041570
v 0.62533963 -1.11239517 0.26041570
v 0.55135810 -1.11239517 0.29387867
v 0.55135810 -1.11239517 0.32734165
v 0.62533963 -1.11239517 0.29387867
v 0.62533963 -1.11239517 0.32734165
v 0.47737652 -1.11239517 0.36080462
v 0.47737652 -1.11239517 0.39426759
v 0.55135810 -1.11239517 0.36080462
v 0.62533963 -1.11239517 0.36080462
v 0.55135810 -1.11239517 0.39426759
v 0.62533963 -1.11239517 0.39426759
v 0.69932121 -1.11239517 0.26041570
v 0.77330273 -1.11239517 0.26041570
v 0.69932121 -1.11239517 0.29387867
v 0.69932121 -1.11239517 0.32734165
v 0.77330273 -1.11239517 0.29387867
v 0.77330273 -1.11239517 0.32734165
v 0.69932121 -1.11239517 0.36080462
v 0.77330273 -1.11239517 0.36080462
v 0.69932121 -1.11239517 0.39426759
v 0.77330273 -1.11239517 0.39426759
v 0.84728432 -1.11239517 0.12656380
v 0.84728432 -1.11239517 0.16002677
v 0.84728432 -1.11239517 0.19348975
v 0.84728432 -1.11239517 0.22695273
v 0.92126590 -1.11239517 0.12656380
v 0.92126590 -1.11239517 0.16002677
v 0.99524742 -1.11239517 0.12656380
v 0.99524742 -1.11239517 0.16002677
v 0.92126590 -1.11239517 0.19348975
v 0.99524742 -1.11239517 0.19348975
v 1.06922901 -1.11239517 0.12656380
v 1.06922901 -1.11239517 0.16002677
v 1.06922901 -1.07763290 0.12656380
v 1.06922901 -1.07763290 0.16002677
v 1.06922901 -1.11239517 0.19348975
v 1.06922901 -1.07763290 0.19348975
v 1.06922901 -1.04287052 0.12656380
v 1.06922901 -1.04287052 0.16002677
v 1.06922901 -1.04287052 0.19348975
v 0.92126590 -1.11239517 0.22695273
v 0.99524742 -1.11239517 0.22695273
v 1.06922901 -1.11239517 0.22695273
v 1.06922901 -1.07763290 0.22695273
v 1.06922901 -1.04287052 0.22695273
v 1.06922901 -1.00810814 0.12656380
v 1.06922901 -1.00810814 0.16002677
v 1.06922901 -1.00810814 0.19348975
v 1.06922901 -0.97334582 0.12656380
v 1.06922901 -0.97334582 0.16002677
v 1.06922901 -0.97334582 0.19348975
v 1.06922901 -1.00810814 0.22695273
v 1.06922901 -0.97334582 0.22695273
v 0.84728432 -1.11239517 0.26041570
v 0.84728432 -1.11239517 0.29387867
v 0.84728432 -1.11239517 0.32734165
v 0.84728432 -1.11239517 0.36080462
v 0.84728432 -1.11239517 0.39426759
v 0.92126590 -1.11239517 0.26041570
v 0.99524742 -1.11239517 0.26041570
v 0.92126590 -1.11239517 0.29387867
v 0.92126590 -1.11239517 0.32734165
v 0.99524742 -1.11239517 0.29387867
v 0.99524742 -1.11239517 0.32734165
v 1.06922901 -1.11239517 0.26041570
v 1.06922901 -1.07763290 0.26041570
v 1.06922901 -1.11239517 0.29387867
v 1.06922901 -1.11239517 0.32734165
v 1.06922901 -1.07763290 0.29387867
v 1.06922901 -1.07763290 0.32734165
v 1.06922901 -1.04287052 0.26041570
v 1.06922901 -1.04287052 0.29387867
v 1.06922901 -1.04287052 0.32734165
v 0.92126590 -1.11239517 0.36080462
v 0.99524742 -1.11239517 0.36080462
v 0.92126590 -1.11239517 0.39426759
v 0.99524742 -1.11239517 0.39426759
v 1.06922901 -1.11239517 0.36080462
v 1.06922901 -1.07763290 0.36080462
v 1.06922901 -1.11239517 0.39426759
v 1.06922901 -1.07763290 0.39426759
v 1.06922901 -1.04287052 0.36080462
v 1.06922901 -1.04287052 0.39426759
v 1.06922901 -1.00810814 0.26041570
v 1.06922901 -1.00810814 0.29387867
v 1.06922901 -1.00810814 0.32734165
v 1.06922901 -0.97334582 0.26041570
v 1.06922901 -0.97334582 0.29387867
v 1.06922901 -0.97334582 0.32734165
v 1.06922901 -1.00810814 0.36080462
v 1.06922901 -1.00810814 0.39426759
v 1.06922901 -0.97334582 0.36080462
v 1.06922901 -0.97334582 0.39426759
v 1.06922901 -0.93858343 0.12656380
v 1.06922901 -0.93858343 0.16002677
v 1.06922901 -0.93858343 0.19348975
v 1.06922901 -0.90382111 0.12656380
v 1.06922901 -0.90382111 0.16002677
v 1.06922901 -0.90382111 0.19348975
v 1.06922901 -0.93858343 0.22695273
v 1.06922901 -0.90382111 0.22695273
v 1.06922901 -0.86905873 0.12656380
v 1.06922901 -0.86905873 0.16002677
v 1.06922901 -0.86905873 0.19348975
v 1.06922901 -0.83429641 0.12656380
v 1.06922901 -0.83429641 0.16002677
v 1.06922901 -0.83429641 0.19348975
v 1.06922901 -0.86905873 0.22695273
v 1.06922901 -0.83429641 0.22695273
v 1.06922901 -0.93858343 0.26041570
v 1.06922901 -0.93858343 0.29387867
v 1.06922901 -0.93858343 0.32734165
v 1.06922901 -0.90382111 0.26041570
v 1.06922901 -0.90382111 0.29387867
v 1.06922901 -0.90382111 0.32734165
v 1.06922901 -0.93858343 0.36080462
v 1.06922901 -0.93858343 0.39426759
v 1.06922901 -0.90382111 0.36080462
v 1.06922901 -0.90382111 0.39426759
v 1.06922901 -0.86905873 0.26041570
v 1.06922901 -0.86905873 0.29387867
v 1.06922901 -0.86905873 0.32734165
v 1.06922901 -0.83429641 0.26041570
v 1.06922901 -0.83429641 0.29387867
v 1.06922901 -0.83429641 0.32734165
v 1.06922901 -0.86905873 0.36080462
v 1.06922901 -0.86905873 0.39426759
v 1.06922901 -0.83429641 0.36080462
v 1.06922901 -0.83429641 0.39426759
v 0.47737652 -1.11239517 0.42773056
v 0.55135810 -1.11239517 0.42773056
v 0.62533963 -1.11239517 0.42773056
v 0.47737652 -1.11239517 0.46119356
v 0.47737652 -1.11239517 0.49465653
v 0.55135810 -1.11239517 0.46119356
v 0.62533963 -1.11239517 0.46119356
v 0.55135810 -1.11239517 0.49465653
v 0.62533963 -1.11239517 0.49465653
v 0.69932121 -1.11239517 0.42773056
v 0.77330273 -1.11239517 0.42773056
v 0.69932121 -1.11239517 0.46119356
v 0.77330273 -1.11239517 0.46119356
v 0.69932121 -1.11239517 0.49465653
v 0.77330273 -1.11239517 0.49465653
v 0.47737652 -1.11239517 0.52811950
v 0.47737652 -1.11239517 0.56158245
v 0.55135810 -1.11239517 0.52811950
v 0.55135810 -1.11239517 0.56158245
v 0.62533963 -1.11239517 0.52811950
v 0.62533963 -1.11239517 0.56158245
v 0.47737652 -1.11239517 0.59504545
v 0.47737652 -1.11239517 0.62850845
v 0.47737652 -1.11239517 0.66197139
v 0.47737652 -1.07763290 0.66197139
v 0.47737652 -1.04287052 0.66197139
v 0.55135810 -1.11239517 0.59504545
v 0.62533963 -1.11239517 0.59504545
v 0.55135810 -1.11239517 0.62850845
v 0.55135810 -1.11239517 0.66197139
v 0.55135810 -1.07763290 0.66197139
v 0.62533963 -1.11239517 0.62850845
v 0.62533963 -1.11239517 0.66197139
v 0.62533963 -1.07763290 0.66197139
v 0.55135810 -1.04287052 0.66197139
v 0.62533963 -1.04287052 0.66197139
v 0.47737652 -1.00810814 0.66197139
v 0.47737652 -0.97334582 0.66197139
v 0.55135810 -1.00810814 0.66197139
v 0.62533963 -1.00810814 0.66197139
v 0.55135810 -0.97334582 0.66197139
v 0.62533963 -0.97334582 0.66197139
v 0.69932121 -1.11239517 0.52811950
v 0.69932121 -1.11239517 0.56158245
v 0.77330273 -1.11239517 0.52811950
v 0.77330273 -1.11239517 0.56158245
v 0.69932121 -1.11239517 0.59504545
v 0.77330273 -1.11239517 0.59504545
v 0.69932121 -1.11239517 0.62850845
v 0.69932121 -1.11239517 0.66197139
v 0.69932121 -1.07763290 0.66197139
v 0.77330273 -1.11239517 0.62850845
v 0.77330273 -1.11239517 0.66197139
v 0.77330273 -1.07763290 0.66197139
v 0.69932121 -1.04287052 0.66197139
v 0.77330273 -1.04287052 0.66197139
v 0.69932121 -1.00810814 0.66197139
v 0.77330273 -1.00810814 0.66197139
v 0.69932121 -0.97334582 0.66197139
v 0.77330273 -0.97334582 0.66197139
v 0.47737652 -0.93858343 0.66197139
v 0.47737652 -0.90382111 0.66197139
v 0.55135810 -0.93858343 0.66197139
v 0.62533963 -0.93858343 0.66197139
v 0.55135810 -0.90382111 0.66197139
v 0.62533963 -0.90382111 0.66197139
v 0.47737652 -0.86905873 0.66197139
v 0.47737652 -0.83429641 0.66197139
v 0.55135810 -0.86905873 0.66197139
v 0.62533963 -0.86905873 0.66197139
v 0.55135810 -0.83429641 0.66197139
v 0.62533963 -0.83429641 0.66197139
v 0.69932121 -0.93858343 0.66197139
v 0.77330273 -0.93858343 0.66197139
v 0.69932121 -0.90382111 0.66197139
v 0.77330273 -0.90382111 0.66197139
v 0.69932121 -0.86905873 0.66197139
v 0.77330273 -0.86905873 0.66197139
v 0.69932121 -0.83429641 0.66197139
v 0.77330273 -0.83429641 0.66197139
v 0.84728432 -1.11239517 0.42773056
v 0.84728432 -1.11239517 0.46119356
v 0.84728432 -1.11239517 0.49465653
v 0.92126590 -1.11239517 0.42773056
v 0.99524742 -1.11239517 0.42773056
v 1.06922901 -1.11239517 0.42773056
v 1.06922901 -1.07763290 0.42773056
v 1.06922901 -1.04287052 0.42773056
v 0.92126590 -1.11239517 0.46119356
v 0.99524742 -1.11239517 0.46119356
v 0.92126590 -1.11239517 0.49465653
v 0.99524742 -1.11239517 0.49465653
v 1.06922901 -1.11239517 0.46119356
v 1.06922901 -1.07763290 0.46119356
v 1.06922901 -1.11239517 0.49465653
v 1.06922901 -1.07763290 0.49465653
v 1.06922901 -1.04287052 0.46119356
v 1.06922901 -1.04287052 0.49465653
v 1.06922901 -1.00810814 0.42773056
v 1.06922901 -0.97334582 0.42773056
v 1.06922901 -1.00810814 0.46119356
v 1.06922901 -1.00810814 0.49465653
v 1.06922901 -0.97334582 0.46119356
v 1.06922901 -0.97334582 0.49465653
v 0.84728432 -1.11239517 0.52811950
v 0.84728432 -1.11239517 0.56158245
v 0.84728432 -1.11239517 0.59504545
v 0.84728432 -1.11239517 0.62850845
v 0.84728432 -1.11239517 0.66197139
v 0.84728432 -1.07763290 0.66197139
v 0.84728432 -1.04287052 0.66197139
v 0.84728432 -1.00810814 0.66197139
v 0.84728432 -0.97334582 0.66197139
v 0.92126590 -1.11239517 0.52811950
v 0.92126590 -1.11239517 0.56158245
v 0.99524742 -1.11239517 0.52811950
v 0.99524742 -1.11239517 0.56158245
v 1.06922901 -1.11239517 0.52811950
v 1.06922901 -1.11239517 0.56158245
v 1.06922901 -1.07763290 0.52811950
v 1.06922901 -1.07763290 0.56158245
v 1.06922901 -1.04287052 0.52811950
v 1.06922901 -1.04287052 0.56158245
v 0.92126590 -1.11239517 0.59504545
v 0.99524742 -1.11239517 0.59504545
v 0.92126590 -1.11239517 0.62850845
v 0.92126590 -1.11239517 0.66197139
v 0.92126590 -1.07763290 0.66197139
v 0.99524742 -1.11239517 0.62850845
v 0.99524742 -1.11239517 0.66197139
v 0.99524742 -1.07763290 0.66197139
v 0.92126590 -1.04287052 0.66197139
v 0.99524742 -1.04287052 0.66197139
v 1.06922901 -1.11239517 0.59504545
v 1.06922901 -1.07763290 0.59504545
v 1.06922901 -1.11239517 0.62850845
v 1.06922901 -1.11239517 0.66197139
v 1.06922901 -1.07763290 0.62850845
v 1.06922901 -1.07763290 0.66197139
v 1.06922901 -1.04287052 0.59504545
v 1.06922901 -1.04287052 0.62850845
v 1.06922901 -1.04287052 0.66197139
v 1.06922901 -1.00810814 0.52811950
v 1.06922901 -1.00810814 0.56158245
v 1.06922901 -0.97334582 0.52811950
v 1.06922901 -0.97334582 0.56158245
v 0.92126590 -1.00810814 0.66197139
v 0.99524742 -1.00810814 0.66197139
v 0.92126590 -0.97334582 0.66197139
v 0.99524742 -0.97334582 0.66197139
v 1.06922901 -1.00810814 0.59504545
v 1.06922901 -1.00810814 0.62850845
v 1.06922901 -1.00810814 0.66197139
v 1.06922901 -0.97334582 0.59504545
v 1.06922901 -0.97334582 0.62850845
v 1.06922901 -0.97334582 0.66197139
v 1.06922901 -0.93858343 0.42773056
v 1.06922901 -0.90382111 0.42773056
v 1.06922901 -0.93858343 0.46119356
v 1.06922901 -0.93858343 0.49465653
v 1.06922901 -0.90382111 0.46119356
v 1.06922901 -0.90382111 0.49465653
v 1.06922901 -0.86905873 0.42773056
v 1.06922901 -0.83429641 0.42773056
v 1.06922901 -0.86905873 0.46119356
v 1.06922901 -0.86905873 0.49465653
v 1.06922901 -0.83429641 0.46119356
v 1.06922901 -0.83429641 0.49465653
v 0.84728432 -0.93858343 0.66197139
v 0.84728432 -0.90382111 0.66197139
v 0.84728432 -0.86905873 0.66197139
v 0.84728432 -0.83429641 0.66197139
v 1.06922901 -0.93858343 0.52811950
v 1.06922901 -0.93858343 0.56158245
v 1.06922901 -0.90382111 0.52811950
v 1.06922901 -0.90382111 0.56158245
v 0.92126590 -0.93858343 0.66197139
v 0.99524742 -0.93858343 0.66197139
v 0.92126590 -0.90382111 0.66197139
v 0.99524742 -0.90382111 0.66197139
v 1.06922901 -0.93858343 0.59504545
v 1.06922901 -0.93858343 0.62850845
v 1.06922901 -0.93858343 0.66197139
v 1.06922901 -0.90382111 0.59504545
v 1.06922901 -0.90382111 0.62850845
v 1.06922901 -0.90382111 0.66197139
v 1.06922901 -0.86905873 0.52811950
v 1.06922901 -0.86905873 0.56158245
v 1.06922901 -0.83429641 0.52811950
v 1.06922901 -0.83429641 0.56158245
v 0.92126590 -0.86905873 0.66197139
v 0.99524742 -0.86905873 0.66197139
v 0.92126590 -0.83429641 0.66197139
v 0.99524742 -0.83429641 0.66197139
v 1.06922901 -0.86905873 0.59504545
v 1.06922901 -0.86905873 0.62850845
v 1.06922901 -0.86905873 0.66197139
v 1.06922901 -0.83429641 0.59504545
v 1.06922901 -0.83429641 0.62850845
v 1.06922901 -0.83429641 0.66197139
v 1.06922901 -0.79953402 0.12656380
v 1.06922901 -0.79953402 0.16002677
v 1.06922901 -0.76477170 0.12656380
v 1.06922901 -0.76477170 0.16002677
v 1.06922901 -0.79953402 0.19348975
v 1.06922901 -0.76477170 0.19348975
v 1.06922901 -0.79953402 0.22695273
v 1.06922901 -0.76477170 0.22695273
v 1.06922901 -0.73000938 0.12656380
v 1.06922901 -0.73000938 0.16002677
v 1.06922901 -0.73000938 0.19348975
v 1.06922901 -0.69524699 0.12656380
v 1.06922901 -0.69524699 0.16002677
v 1.06922901 -0.69524699 0.19348975
v 1.06922901 -0.73000938 0.22695273
v 1.06922901 -0.69524699 0.22695273
v 1.06922901 -0.79953402 0.26041570
v 1.06922901 -0.76477170 0.26041570
v 1.06922901 -0.79953402 0.29387867
v 1.06922901 -0.79953402 0.32734165
v 1.06922901 -0.76477170 0.29387867
v 1.06922901 -0.76477170 0.32734165
v 1.06922901 -0.79953402 0.36080462
v 1.06922901 -0.76477170 0.36080462
v 1.06922901 -0.79953402 0.39426759
v 1.06922901 -0.76477170 0.39426759
v 1.06922901 -0.73000938 0.26041570
v 1.06922901 -0.73000938 0.29387867
v 1.06922901 -0.73000938 0.32734165
v 1.06922901 -0.69524699 0.26041570
v 1.06922901 -0.69524699 0.29387867
v 1.06922901 -0.69524699 0.32734165
v 1.06922901 -0.73000938 0.36080462
v 1.06922901 -0.73000938 0.39426759
v 1.06922901 -0.69524699 0.36080462
v 1.06922901 -0.69524699 0.39426759
v 1.06922901 -0.66048467 0.12656380
v 1.06922901 -0.66048467 0.16002677
v 1.06922901 -0.66048467 0.19348975
v 1.06922901 -0.62572229 0.12656380
v 1.06922901 -0.62572229 0.16002677
v 1.06922901 -0.62572229 0.19348975
v 1.06922901 -0.66048467 0.22695273
v 1.06922901 -0.62572229 0.22695273
v 1.06922901 -0.59095997 0.12656380
v 1.06922901 -0.59095997 0.16002677
v 1.06922901 -0.59095997 0.19348975
v 1.06922901 -0.59095997 0.22695273
v 1.06922901 -0.66048467 0.26041570
v 1.06922901 -0.66048467 0.29387867
v 1.06922901 -0.66048467 0.32734165
v 1.06922901 -0.62572229 0.26041570
v 1.06922901 -0.62572229 0.29387867
v 1.06922901 -0.62572229 0.32734165
v 1.06922901 -0.66048467 0.36080462
v 1.06922901 -0.66048467 0.39426759
v 1.06922901 -0.62572229 0.36080462
v 1.06922901 -0.62572229 0.39426759
v 1.06922901 -0.59095997 0.26041570
v 1.06922901 -0.59095997 0.29387867
v 1.06922901 -0.59095997 0.32734165
v 1.06922901 -0.59095997 0.36080462
v 1.06922901 -0.59095997 0.39426759
v 0.47737652 -0.79953402 0.66197139
v 0.47737652 -0.76477170 0.66197139
v 0.55135810 -0.79953402 0.66197139
v 0.55135810 -0.76477170 0.66197139
v 0.62533963 -0.79953402 0.66197139
v 0.62533963 -0.76477170 0.66197139
v 0.47737652 -0.73000938 0.66197139
v 0.47737652 -0.69524699 0.66197139
v 0.55135810 -0.73000938 0.66197139
v 0.62533963 -0.73000938 0.66197139
v 0.55135810 -0.69524699 0.66197139
v 0.62533963 -0.69524699 0.66197139
v 0.69932121 -0.79953402 0.66197139
v 0.69932121 -0.76477170 0.66197139
v 0.77330273 -0.79953402 0.66197139
v 0.77330273 -0.76477170 0.66197139
v 0.69932121 -0.73000938 0.66197139
v 0.77330273 -0.73000938 0.66197139
v 0.69932121 -0.69524699 0.66197139
v 0.77330273 -0.69524699 0.66197139
v 0.47737652 -0.66048467 0.66197139
v 0.47737652 -0.62572229 0.66197139
v 0.55135810 -0.66048467 0.66197139
v 0.62533963 -0.66048467 0.66197139
v 0.55135810 -0.62572229 0.66197139
v 0.62533963 -0.62572229 0.66197139
v 0.47737652 -0.59095997 0.66197139
v 0.55135810 -0.59095997 0.66197139
v 0.62533963 -0.59095997 0.66197139
v 0.69932121 -0.66048467 0.66197139
v 0.77330273 -0.66048467 0.66197139
v 0.69932121 -0.62572229 0.66197139
v 0.77330273 -0.62572229 0.66197139
v 0.69932121 -0.59095997 0.66197139
v 0.77330273 -0.59095997 0.66197139
v 1.06922901 -0.79953402 0.42773056
v 1.06922901 -0.76477170 0.42773056
v 1.06922901 -0.79953402 0.46119356
v 1.06922901 -0.76477170 0.46119356
v 1.06922901 -0.79953402 0.49465653
v 1.06922901 -0.76477170 0.49465653
v 1.06922901 -0.73000938 0.42773056
v 1.06922901 -0.69524699 0.42773056
v 1.06922901 -0.73000938 0.46119356
v 1.06922901 -0.73000938 0.49465653
v 1.06922901 -0.69524699 0.46119356
v 1.06922901 -0.69524699 0.49465653
v 0.84728432 -0.79953402 0.66197139
v 0.84728432 -0.76477170 0.66197139
v 0.84728432 -0.73000938 0.66197139
v 0.84728432 -0.69524699 0.66197139
v 1.06922901 -0.79953402 0.52811950
v 1.06922901 -0.79953402 0.56158245
v 1.06922901 -0.76477170 0.52811950
v 1.06922901 -0.76477170 0.56158245
v 0.92126590 -0.79953402 0.66197139
v 0.92126590 -0.76477170 0.66197139
v 0.99524742 -0.79953402 0.66197139
v 0.99524742 -0.76477170 0.66197139
v 1.06922901 -0.79953402 0.59504545
v 1.06922901 -0.76477170 0.59504545
v 1.06922901 -0.79953402 0.62850845
v 1.06922901 -0.79953402 0.66197139
v 1.06922901 -0.76477170 0.62850845
v 1.06922901 -0.76477170 0.66197139
v 1.06922901 -0.73000938 0.52811950
v 1.06922901 -0.73000938 0.56158245
v 1.06922901 -0.69524699 0.52811950
v 1.06922901 -0.69524699 0.56158245
v 0.92126590 -0.73000938 0.66197139
v 0.99524742 -0.73000938 0.66197139
v 0.92126590 -0.69524699 0.66197139
v 0.99524742 -0.69524699 0.66197139
v 1.06922901 -0.73000938 0.59504545
v 1.06922901 -0.73000938 0.62850845
v 1.06922901 -0.73000938 0.66197139
v 1.06922901 -0.69524699 0.59504545
v 1.06922901 -0.69524699 0.62850845
v 1.06922901 -0.69524699 0.66197139
v 1.06922901 -0.66048467 0.42773056
v 1.06922901 -0.62572229 0.42773056
v 1.06922901 -0.66048467 0.46119356
v 1.06922901 -0.66048467 0.49465653
v 1.06922901 -0.62572229 0.46119356
v 1.06922901 -0.62572229 0.49465653
v 1.06922901 -0.59095997 0.42773056
v 1.06922901 -0.59095997 0.46119356
v 1.06922901 -0.59095997 0.49465653
v 0.84728432 -0.66048467 0.66197139
v 0.84728432 -0.62572229 0.66197139
v 0.84728432 -0.59095997 0.66197139
v 1.06922901 -0.66048467 0.52811950
v 1.06922901 -0.66048467 0.56158245
v 1.06922901 -0.62572229 0.52811950
v 1.06922901 -0.62572229 0.56158245
v 0.92126590 -0.66048467 0.66197139
v 0.99524742 -0.66048467 0.66197139
v 0.92126590 -0.62572229 0.66197139
v 0.99524742 -0.62572229 0.66197139
v 1.06922901 -0.66048467 0.59504545
v 1.06922901 -0.66048467 0.62850845
v 1.06922901 -0.66048467 0.66197139
v 1.06922901 -0.62572229 0.59504545
v 1.06922901 -0.62572229 0.62850845
v 1.06922901 -0.62572229 0.66197139
v 1.06922901 -0.59095997 0.52811950
v 1.06922901 -0.59095997 0.56158245
v 0.92126590 -0.59095997 0.66197139
v 0.99524742 -0.59095997 0.66197139
v 1.06922901 -0.59095997 0.59504545
v 1.06922901 -0.59095997 0.62850845
v 1.06922901 -0.59095997 0.66197139
v -0.11447595 -0.55619758 -0.40884379
v -0.11447595 -0.52143526 -0.40884379
v -0.11447595 -0.48667291 -0.40884379
v -0.04049439 -0.55619758 -0.40884379
v -0.04049439 -0.52143526 -0.40884379
v -0.04049439 -0.48667291 -0.40884379
v -0.11447595 -0.45191056 -0.40884379
v -0.11447595 -0.41714820 -0.40884379
v -0.04049439 -0.45191056 -0.40884379
v -0.04049439 -0.41714820 -0.40884379
v 0.03348717 -0.55619758 -0.40884379
v 0.03348717 -0.52143526 -0.40884379
v 0.03348717 -0.48667291 -0.40884379
v 0.10746873 -0.55619758 -0.40884379
v 0.10746873 -0.52143526 -0.40884379
v 0.10746873 -0.48667291 -0.40884379
v 0.03348717 -0.45191056 -0.40884379
v 0.03348717 -0.41714820 -0.40884379
v 0.10746873 -0.45191056 -0.40884379
v 0.10746873 -0.41714820 -0.40884379
v -0.11447595 -0.38238585 -0.40884379
v -0.11447595 -0.34762350 -0.40884379
v -0.04049439 -0.38238585 -0.40884379
v -0.04049439 -0.34762350 -0.40884379
v -0.11447595 -0.31286114 -0.40884379
v -0.04049439 -0.31286114 -0.40884379
v 0.03348717 -0.38238585 -0.40884379
v 0.03348717 -0.34762350 -0.40884379
v 0.10746873 -0.38238585 -0.40884379
v 0.10746873 -0.34762350 -0.40884379
v 0.03348717 -0.31286114 -0.40884379
v 0.10746873 -0.31286114 -0.40884379
v 0.18145029 -0.55619758 -0.40884379
v 0.18145029 -0.52143526 -0.40884379
v 0.18145029 -0.48667291 -0.40884379
v 0.25543186 -0.55619758 -0.40884379
v 0.25543186 -0.52143526 -0.40884379
v 0.25543186 -0.48667291 -0.40884379
v 0.18145029 -0.45191056 -0.40884379
v 0.18145029 -0.41714820 -0.40884379
v 0.25543186 -0.45191056 -0.40884379
v 0.25543186 -0.41714820 -0.40884379
v 0.32941341 -0.55619758 -0.40884379
v 0.32941341 -0.52143526 -0.40884379
v 0.32941341 -0.48667291 -0.40884379
v 0.40339497 -0.55619758 -0.40884379
v 0.40339497 -0.52143526 -0.40884379
v 0.40339497 -0.48667291 -0.40884379
v 0.32941341 -0.45191056 -0.40884379
v 0.32941341 -0.41714820 -0.40884379
v 0.40339497 -0.45191056 -0.40884379
v 0.40339497 -0.41714820 -0.40884379
v 0.18145029 -0.38238585 -0.40884379
v 0.18145029 -0.34762350 -0.40884379
v 0.25543186 -0.38238585 -0.40884379
v 0.25543186 -0.34762350 -0.40884379
v 0.18145029 -0.31286114 -0.40884379
v 0.25543186 -0.31286114 -0.40884379
v 0.32941341 -0.38238585 -0.40884379
v 0.32941341 -0.34762350 -0.40884379
v 0.40339497 -0.38238585 -0.40884379
v 0.40339497 -0.34762350 -0.40884379
v 0.32941341 -0.31286114 -0.40884379
v 0.40339497 -0.31286114 -0.40884379
v -0.11063900 -0.55253702 -0.04151200
v -0.09578300 -0.54550701 -0.05181900
v -0.07909330 -0.52797878 -0.05464440
v -0.07661440 -0.54925847 -0.05399130
v -0.05329800 -0.53855449 -0.05464530
v -0.10289080 -0.51869023 -0.05354300
v -0.11292350 -0.48423600 -0.05447700
v 0.09280480 -0.51088983 -0.05467430
v 0.10366830 -0.49856731 -0.05444940
v 0.14193051 -0.53630692 -0.05316730
v 0.14641771 -0.51367480 -0.04969320
v 0.16227040 -0.51215351 -0.04230050
v 0.17713501 -0.51775998 -0.03154200
v 0.17291351 -0.51797050 -0.00882090
v 0.17309999 -0.50638598 -0.02250600
v 0.16319400 -0.49716100 -0.03486800
v 0.16537701 -0.49138299 -0.01917700
v 0.06337980 -0.42485160 -0.05462040
v 0.08772360 -0.42795581 -0.05317270
v 0.11345970 -0.48191711 -0.05330460
v 0.12553510 -0.47006479 -0.04942740
v 0.14419450 -0.47604811 -0.04231650
v 0.15907000 -0.48164299 -0.03155600
v 0.15657300 -0.48376501 -0.00903500
v 0.15504199 -0.47027001 -0.02251400
v 0.14513800 -0.46105000 -0.03486800
v 0.14594600 -0.46750599 -0.00757800
v 0.14731900 -0.45526800 -0.01917600
v 0.12614310 -0.43995410 -0.04232270
v 0.11387840 -0.42936760 -0.04625640
v 0.14101601 -0.44553399 -0.03155500
v 0.13679950 -0.44573531 -0.00882530
v 0.12708899 -0.42493901 -0.03485800
v 0.13698600 -0.43415901 -0.02250700
v 0.12926200 -0.41915500 -0.01917200
v -0.09743200 -0.54017597 0.00947400
v -0.07890900 -0.52664101 0.01559200
v -0.05287080 -0.53470051 0.01741910
v -0.10237660 -0.51561892 0.01372770
v -0.10829500 -0.49188280 0.01588160
v -0.07872010 -0.49815619 0.01715460
v -0.11177970 -0.46675399 0.01725550
v -0.05507310 -0.48159519 0.01755490
v 0.02996160 -0.43271711 0.01712880
v 0.04192580 -0.50206423 0.01754720
v 0.12743340 -0.54730648 0.01373220
v 0.16845320 -0.53688729 0.00097010
v 0.12926440 -0.51260579 0.00973190
v 0.08942130 -0.47930709 0.01424250
v 0.10044860 -0.46660620 0.01102010
v 0.05559510 -0.44755319 0.01621030
v 0.12002530 -0.47128031 0.00637560
v 0.12767260 -0.45539469 0.00094780
v 0.00695410 -0.31038821 -0.05458860
v 0.02074190 -0.29716080 -0.05335660
v 0.09694950 -0.41269431 -0.04939240
v 0.05412660 -0.36175480 -0.05322090
v 0.07421810 -0.36927399 -0.04968910
v 0.09001960 -0.36767551 -0.04230760
v 0.10489800 -0.37329599 -0.03155200
v 0.10068200 -0.37350169 -0.00882460
v 0.09094800 -0.35269201 -0.03488400
v 0.10086700 -0.36192101 -0.02251800
v 0.12296200 -0.40941599 -0.03154400
v 0.10928100 -0.40231001 -0.04073000
v 0.12045600 -0.41153699 -0.00903100
v 0.10902500 -0.38881800 -0.03486300
v 0.11892700 -0.39804101 -0.02250500
v 0.10983000 -0.39527601 -0.00757700
v 0.11120400 -0.38303801 -0.01917500
v 0.05945950 -0.32083270 -0.04632490
v 0.07189160 -0.33152720 -0.04234660
v 0.08682200 -0.33717099 -0.03158000
v 0.08435500 -0.33930501 -0.00905000
v 0.09314800 -0.34692001 -0.01919300
v 0.07282400 -0.31655499 -0.03496300
v 0.08280400 -0.32579499 -0.02256800
v 0.07375400 -0.32305801 -0.00761300
v 0.04214230 -0.30367419 -0.04949290
v 0.05186740 -0.29219401 -0.04255090
v 0.06871300 -0.30105501 -0.03168600
v 0.06637400 -0.30322799 -0.00912600
v 0.06474000 -0.28967500 -0.02274500
v 0.05588100 -0.28704500 -0.00775800
v 0.07510500 -0.31081000 -0.01927400
v 0.00552520 -0.34853861 0.01623940
v -0.04404320 -0.30673420 0.01749920
v 0.01721430 -0.33500439 0.01425130
v 0.05320690 -0.40690479 0.01428760
v 0.06888150 -0.40369949 0.01098510
v 0.08819780 -0.40856689 0.00656850
v 0.08705550 -0.37413701 0.00098240
v 0.05203670 -0.33634269 0.00652570
v 0.03719140 -0.34029809 0.01098850
v 0.19519199 -0.55387199 -0.03154000
v 0.18338519 -0.54413468 -0.03831190
v 0.19267800 -0.55600899 -0.00901200
v 0.19115999 -0.54250598 -0.02249500
v 0.18205900 -0.53974903 -0.00756900
v 0.18343601 -0.52750403 -0.01916700
v -0.11447595 -0.27809879 -0.40884379
v -0.11447595 -0.24333645 -0.40884379
v -0.11447595 -0.20857410 -0.40884379
v -0.04049439 -0.27809879 -0.40884379
v -0.04049439 -0.24333645 -0.40884379
v -0.04049439 -0.20857410 -0.40884379
v -0.11447595 -0.17381175 -0.40884379
v -0.04049439 -0.17381175 -0.40884379
v 0.03348717 -0.27809879 -0.40884379
v 0.03348717 -0.24333645 -0.40884379
v 0.03348717 -0.20857410 -0.40884379
v 0.10746873 -0.27809879 -0.40884379
v 0.10746873 -0.24333645 -0.40884379
v 0.10746873 -0.20857410 -0.40884379
v 0.03348717 -0.17381175 -0.40884379
v 0.10746873 -0.17381175 -0.40884379
v -0.11447595 -0.13904940 -0.40884379
v -0.11447595 -0.10428705 -0.40884379
v -0.04049439 -0.13904940 -0.40884379
v -0.04049439 -0.10428705 -0.40884379
v -0.11447595 -0.06952470 -0.40884379
v -0.11447595 -0.03476235 -0.40884379
v -0.11447595 0.00000000 -0.40884379
v -0.11447595 0.00000000 -0.37538081
v -0.11447595 0.00000000 -0.34191784
v -0.04049439 -0.06952470 -0.40884379
v -0.04049439 -0.03476235 -0.40884379
v -0.04049439 0.00000000 -0.40884379
v -0.04049439 0.00000000 -0.37538081
v -0.04049439 0.00000000 -0.34191784
v -0.11447595 0.00000000 -0.30845487
v -0.11447595 0.00000000 -0.27499190
v -0.04049439 0.00000000 -0.30845487
v -0.04049439 0.00000000 -0.27499190
v 0.03348717 -0.13904940 -0.40884379
v 0.03348717 -0.10428705 -0.40884379
v 0.10746873 -0.13904940 -0.40884379
v 0.10746873 -0.10428705 -0.40884379
v 0.03348717 -0.06952470 -0.40884379
v 0.03348717 -0.03476235 -0.40884379
v 0.03348717 0.00000000 -0.40884379
v 0.03348717 0.00000000 -0.37538081
v 0.03348717 0.00000000 -0.34191784
v 0.10746873 -0.06952470 -0.40884379
v 0.10746873 -0.03476235 -0.40884379
v 0.10746873 0.00000000 -0.40884379
v 0.10746873 0.00000000 -0.37538081
v 0.10746873 0.00000000 -0.34191784
v 0.03348717 0.00000000 -0.30845487
v 0.03348717 0.00000000 -0.27499190
v 0.10746873 0.00000000 -0.30845487
v 0.10746873 0.00000000 -0.27499190
v -0.11447595 0.00000000 -0.24152893
v -0.11447595 0.00000000 -0.20806596
v -0.04049439 0.00000000 -0.24152893
v -0.04049439 0.00000000 -0.20806596
v -0.11447595 0.00000000 -0.17460297
v -0.11447595 0.00000000 -0.14114000
v -0.04049439 0.00000000 -0.17460297
v -0.04049439 0.00000000 -0.14114000
v 0.03348717 0.00000000 -0.24152893
v 0.03348717 0.00000000 -0.20806596
v 0.10746873 0.00000000 -0.24152893
v 0.10746873 0.00000000 -0.20806596
v 0.03348717 0.00000000 -0.17460297
v 0.03348717 0.00000000 -0.14114000
v 0.10746873 0.00000000 -0.17460297
v 0.10746873 0.00000000 -0.14114000
v 0.18145029 -0.27809879 -0.40884379
v 0.18145029 -0.24333645 -0.40884379
v 0.18145029 -0.20857410 -0.40884379
v 0.25543186 -0.27809879 -0.40884379
v 0.25543186 -0.24333645 -0.40884379
v 0.25543186 -0.20857410 -0.40884379
v 0.18145029 -0.17381175 -0.40884379
v 0.25543186 -0.17381175 -0.40884379
v 0.32941341 -0.27809879 -0.40884379
v 0.32941341 -0.24333645 -0.40884379
v 0.32941341 -0.20857410 -0.40884379
v 0.40339497 -0.27809879 -0.40884379
v 0.40339497 -0.24333645 -0.40884379
v 0.40339497 -0.20857410 -0.40884379
v 0.32941341 -0.17381175 -0.40884379
v 0.40339497 -0.17381175 -0.40884379
v 0.18145029 -0.13904940 -0.40884379
v 0.18145029 -0.10428705 -0.40884379
v 0.25543186 -0.13904940 -0.40884379
v 0.25543186 -0.10428705 -0.40884379
v 0.18145029 -0.06952470 -0.40884379
v 0.18145029 -0.03476235 -0.40884379
v 0.18145029 0.00000000 -0.40884379
v 0.18145029 0.00000000 -0.37538081
v 0.18145029 0.00000000 -0.34191784
v 0.25543186 -0.06952470 -0.40884379
v 0.25543186 -0.03476235 -0.40884379
v 0.25543186 0.00000000 -0.40884379
v 0.25543186 0.00000000 -0.37538081
v 0.25543186 0.00000000 -0.34191784
v 0.18145029 0.00000000 -0.30845487
v 0.18145029 0.00000000 -0.27499190
v 0.25543186 0.00000000 -0.30845487
v 0.25543186 0.00000000 -0.27499190
v 0.32941341 -0.13904940 -0.40884379
v 0.32941341 -0.10428705 -0.40884379
v 0.40339497 -0.13904940 -0.40884379
v 0.40339497 -0.10428705 -0.40884379
v 0.32941341 -0.06952470 -0.40884379
v 0.32941341 -0.03476235 -0.40884379
v 0.32941341 0.00000000 -0.40884379
v 0.32941341 0.00000000 -0.37538081
v 0.32941341 0.00000000 -0.34191784
v 0.40339497 -0.06952470 -0.40884379
v 0.40339497 -0.03476235 -0.40884379
v 0.40339497 0.00000000 -0.40884379
v 0.40339497 0.00000000 -0.37538081
v 0.40339497 0.00000000 -0.34191784
v 0.32941341 0.00000000 -0.30845487
v 0.32941341 0.00000000 -0.27499190
v 0.40339497 0.00000000 -0.30845487
v 0.40339497 0.00000000 -0.27499190
v 0.18145029 0.00000000 -0.24152893
v 0.18145029 0.00000000 -0.20806596
v 0.25543186 0.00000000 -0.24152893
v 0.25543186 0.00000000 -0.20806596
v 0.18145029 0.00000000 -0.17460297
v 0.18145029 0.00000000 -0.14114000
v 0.25543186 0.00000000 -0.17460297
v 0.25543186 0.00000000 -0.14114000
v 0.32941341 0.00000000 -0.24152893
v 0.32941341 0.00000000 -0.20806596
v 0.40339497 0.00000000 -0.24152893
v 0.40339497 0.00000000 -0.20806596
v 0.32941341 0.00000000 -0.17460297
v 0.32941341 0.00000000 -0.14114000
v 0.40339497 0.00000000 -0.17460297
v 0.40339497 0.00000000 -0.14114000
v 0.02448200 -0.26792589 -0.04945820
v -0.00345670 -0.24529390 -0.05313770
v -0.03801440 -0.21316500 -0.05461650
v 0.00663730 -0.23221409 -0.04943590
v 0.01858460 -0.22176591 -0.04153130
v 0.03027500 -0.22886901 -0.01018800
v 0.02769500 -0.21302600 -0.02304000
v -0.07572200 -0.17393920 -0.05546630
v -0.05102580 -0.15082580 -0.05758460
v -0.02302400 -0.19936369 -0.05294990
v -0.01169970 -0.17418340 -0.04852970
v 0.00130300 -0.19008410 -0.04450680
v 0.01506520 -0.19079261 -0.03460220
v 0.02088090 -0.18932140 -0.01895740
v -0.03619240 -0.17167480 -0.05427410
v -0.00815060 -0.14761420 -0.04973610
v 0.00585200 -0.16357601 -0.04011400
v 0.01757500 -0.16265500 -0.02773800
v 0.01523900 -0.16753601 -0.00748100
v 0.01414100 -0.14349900 -0.03872600
v 0.02379800 -0.14902399 -0.01969900
v 0.05108840 -0.26652810 -0.03183000
v 0.04837500 -0.26724899 -0.00910700
v 0.05706900 -0.27471599 -0.01935200
v 0.03713900 -0.25693500 -0.04027400
v 0.04657200 -0.25330901 -0.02151500
v 0.03370960 -0.23106380 -0.03128170
v 0.03898000 -0.23899800 -0.01771100
v -0.09477790 -0.22647031 0.01755920
v -0.07946600 -0.22406420 0.01743310
v -0.04717220 -0.21258751 0.01519860
v -0.02164480 -0.27135471 0.01532430
v 0.01827940 -0.26392281 0.00581880
v 0.00425600 -0.27190241 0.01073180
v -0.02273180 -0.21321100 0.01096240
v 0.00258500 -0.22602400 0.00487200
v 0.02004730 -0.23832220 0.00068990
v -0.08687990 -0.20574830 0.01784380
v -0.09057460 -0.18636610 0.01933750
v -0.05322850 -0.19274260 0.01618460
v -0.07905340 -0.16671230 0.02354720
v -0.05158000 -0.16816300 0.02008500
v -0.08517440 -0.14862360 0.03152710
v -0.05673900 -0.14723200 0.02974300
v -0.01813810 -0.19699010 0.00910800
v 0.01635390 -0.20713590 -0.00587740
v 0.00260830 -0.18537620 0.00121080
v -0.02178130 -0.17313980 0.01211610
v -0.02473930 -0.15557130 0.01805930
v 0.00065900 -0.16284700 0.00575900
v 0.01608400 -0.14992300 0.00009900
v 0.00030100 -0.14496300 0.01420100
v 0.03527900 -0.27031139 0.00097150
v 0.03602100 -0.25170100 -0.00565100
v -0.06725670 -0.08104910 -0.08953810
v 0.00187810 -0.08454270 -0.08507490
v -0.09497010 -0.13324431 -0.06357730
v -0.09337740 -0.11280050 -0.07224950
v -0.04832820 -0.13255940 -0.06193660
v -0.04489780 -0.11491780 -0.06927290
v -0.01675500 -0.13149500 -0.05720900
v -0.02358240 -0.10826680 -0.07107610
v 0.00253400 -0.12753700 -0.05416000
v 0.02064500 -0.12624200 -0.04673500
v 0.01234660 -0.11169740 -0.06327930
v 0.03179200 -0.13113999 -0.03109600
v 0.03062700 -0.13680001 -0.00738800
v -0.05340300 -0.06382640 -0.09797510
v -0.06372370 -0.04640510 -0.10407650
v -0.04140980 -0.02796350 -0.10741410
v -0.00508840 -0.04725490 -0.10360100
v 0.00014150 -0.06524460 -0.09656580
v 0.04024250 -0.08650400 -0.08075850
v 0.08182310 -0.07948550 -0.08435440
v 0.15298030 -0.07545660 -0.08604950
v 0.03585800 -0.11386000 -0.05198300
v 0.06573860 -0.10430720 -0.05283120
v 0.04479800 -0.12593700 -0.01395400
v 0.04845700 -0.11900400 -0.03376100
v 0.07003090 -0.11521980 -0.01866550
v 0.07341790 -0.11003480 -0.03641670
v 0.05393660 -0.09620710 -0.06870480
v 0.10097380 -0.09003040 -0.06992870
v 0.11898270 -0.09650040 -0.05377400
v 0.12441710 -0.10344290 -0.02592820
v 0.14554480 -0.09902920 -0.03606610
v 0.16202851 -0.09967440 -0.01839000
v 0.04024400 -0.06667430 -0.09513250
v 0.05585680 -0.04745220 -0.10344260
v 0.06190600 -0.00949880 -0.10861030
v 0.10119743 0.00000000 -0.10860964
v 0.07028180 -0.02863990 -0.10732060
v 0.13891099 -0.06168380 -0.09698920
v 0.15789600 -0.04382560 -0.10374940
v 0.14173529 0.00000000 -0.10844865
v 0.14682519 -0.02159890 -0.10807510
v 0.16156727 0.00000000 -0.10831311
v 0.17987300 -0.00770900 -0.10806710
v -0.11018370 -0.13204759 0.04281220
v -0.07942410 -0.12768289 0.04537770
v 0.01942100 -0.13450700 0.01164100
v -0.02292660 -0.13749979 0.02816780
v -0.04024110 -0.12231830 0.04500540
v -0.00637340 -0.11084670 0.05048690
v 0.00085710 -0.12807980 0.02817900
v 0.02261400 -0.12111200 0.02709000
v 0.01420090 -0.10221040 0.05761240
v -0.08940580 -0.08487840 0.08254740
v -0.05810950 -0.09894510 0.06997840
v -0.03088050 -0.09455960 0.07200020
v -0.03939950 -0.08154590 0.08418650
v -0.00711210 -0.07889380 0.08545030
v -0.00176580 -0.09142300 0.07320840
v 0.02757630 -0.07606370 0.08585500
v -0.09727840 -0.06774100 0.09396020
v -0.11019260 -0.04907440 0.10201330
v -0.05694310 -0.04791730 0.10237830
v -0.05120270 -0.02910560 0.10626010
v -0.00419910 -0.06351460 0.09583260
v 0.00607150 -0.04563230 0.10296430
v -0.00400769 0.00000000 0.10760099
v 0.02124000 -0.02706920 0.10637840
v -0.00047950 -0.00958880 0.10761080
v 0.01424790 0.00000000 0.10733039
v 0.03872600 -0.12549900 0.00866700
v 0.05976400 -0.11936640 0.00015220
v 0.05451210 -0.11628990 0.02102620
v 0.10277280 -0.10986310 0.00011520
v 0.07844590 -0.11293630 0.01642470
v 0.10655500 -0.10798800 0.01821800
v 0.04022860 -0.11030580 0.03991300
v 0.08232600 -0.10713870 0.03552640
v 0.06426530 -0.10175460 0.05165820
v 0.14516529 -0.10206790 0.00147370
v 0.17647910 -0.09943340 -0.00078510
v 0.15266059 -0.10014940 0.01922510
v 0.12719440 -0.10177940 0.03514270
v 0.11135140 -0.09781820 0.05299100
v 0.16976380 -0.09524070 0.03608340
v 0.16476180 -0.08895590 0.05385830
v 0.04067570 -0.09076640 0.07003430
v 0.06550770 -0.07784430 0.08205030
v 0.09980540 -0.06987990 0.08677140
v 0.11005200 -0.08841910 0.06860780
v 0.14028139 -0.07363790 0.07835420
v 0.15869799 -0.07910480 0.06871700
v 0.05430970 -0.06397700 0.09246580
v 0.03731150 -0.05949960 0.09649400
v 0.04808810 -0.04545500 0.10128850
v 0.05670330 -0.02809240 0.10495440
v 0.04454487 0.00000000 0.10697895
v 0.05746080 -0.00966020 0.10693950
v 0.08497845 0.00000000 0.10636676
v 0.13143870 -0.05848910 0.08968580
v 0.16559251 -0.06233830 0.08061550
v 0.16528380 -0.04402810 0.08883290
v 0.11944930 -0.04295190 0.09865000
v 0.17981049 -0.02553630 0.09101790
v 0.11516310 -0.01779580 0.10467710
v 0.11016798 0.00000000 0.10551190
v 0.14179491 0.00000000 0.10144125
v 0.13531254 0.00000000 0.10269537
v 0.13810322 0.00000000 0.10214336
v 0.47149900 -0.18324301 -0.01528300
v 0.43040001 -0.14351100 -0.01321900
v 0.46365601 -0.16851400 -0.02559200
v 0.45147100 -0.16293100 -0.01603400
v 0.45812601 -0.15090500 -0.03267300
v 0.44172701 -0.14860500 -0.02443900
v 0.47729999 -0.15440200 -0.03589800
v 0.46486101 -0.17338900 -0.00357900
v 0.47580490 -0.16910741 0.00822280
v 0.44626099 -0.15403000 -0.00095600
v 0.45998901 -0.14349701 0.01426700
v 0.20354439 -0.07835590 -0.07926170
v 0.22743499 -0.07569500 -0.07563100
v 0.19471550 -0.08744490 -0.06913500
v 0.19190019 -0.09424080 -0.05341930
v 0.21859901 -0.08930300 -0.05735300
v 0.24703370 -0.08699850 -0.05641320
v 0.25391150 -0.07653120 -0.07139040
v 0.20708890 -0.09717370 -0.03647150
v 0.24314161 -0.09427550 -0.03868920
v 0.23177660 -0.09819270 -0.01936630
v 0.32438779 -0.07721720 -0.06814120
v 0.31828171 -0.09511880 -0.03719780
v 0.31486920 -0.09834250 -0.02000940
v 0.21189760 -0.06274530 -0.09097190
v 0.20713700 -0.04707110 -0.09995440
v 0.25146219 -0.06185480 -0.08526030
v 0.24562910 -0.04308810 -0.09729830
v 0.18361472 0.00000000 -0.10790140
v 0.20200360 -0.02536100 -0.10577540
v 0.25185019 -0.02610670 -0.10353420
v 0.21882616 0.00000000 -0.10741963
v 0.23662940 -0.00684370 -0.10727770
v 0.23901537 0.00000000 -0.10709154
v 0.29371649 -0.06357990 -0.08124900
v 0.29974499 -0.04845970 -0.08965270
v 0.25543186 0.00000000 -0.10767703
v 0.25588185 0.00000000 -0.10594126
v 0.26636529 -0.00867050 -0.10525600
v 0.26857227 0.00000000 -0.10499724
v 0.30213419 -0.03259170 -0.09504430
v 0.29654497 0.00000000 -0.09991303
v 0.39270940 -0.11365840 -0.02217770
v 0.34373009 -0.09610170 -0.04077810
v 0.33228561 -0.08807440 -0.05441580
v 0.35788921 -0.07528610 -0.07057040
v 0.38712081 -0.09143050 -0.05592880
v 0.35549679 -0.10222660 -0.02476870
v 0.38617349 -0.10261350 -0.04004050
v 0.43999511 -0.12107570 -0.04176670
v 0.45258549 -0.11062960 -0.04919060
v 0.42990801 -0.13112999 -0.03119900
v 0.41621599 -0.12956800 -0.01799600
v 0.41613701 -0.11473400 -0.03820100
v 0.47209781 -0.13637550 -0.04009450
v 0.40973201 -0.09740300 -0.05310300
v 0.42772201 -0.09912900 -0.05454900
v 0.41665280 -0.08320970 -0.06613840
v 0.43870100 -0.08179500 -0.06725200
v 0.46987110 -0.09748260 -0.05641370
v 0.33690929 -0.06207110 -0.07995450
v 0.34510300 -0.04515900 -0.08680820
v 0.32941341 0.00000000 -0.10767703
v 0.34931141 -0.02783810 -0.09006470
v 0.33513099 -0.01289110 -0.09268810
v 0.33104655 0.00000000 -0.09315158
v 0.36341619 0.00000000 -0.09100819
v 0.36388665 0.00000000 -0.09096242
v 0.36488098 0.00000000 -0.09095326
v 0.41669771 -0.06496610 -0.07810010
v 0.41981041 -0.04738610 -0.08528600
v 0.44853699 -0.06314400 -0.07779100
v 0.44729999 -0.04345200 -0.08581100
v 0.46968490 -0.04784600 -0.08289580
v 0.40339497 0.00000000 -0.10767703
v 0.44592211 -0.02694660 -0.08920830
v 0.44919482 0.00000000 -0.09065156
v 0.46510199 -0.00005260 -0.09059180
v 0.46491185 0.00000000 -0.09058936
v 0.46510416 0.00000000 -0.09058858
v 0.46531343 0.00000000 -0.09058502
v 0.19025840 -0.09815670 0.01745340
v 0.23010950 -0.09908200 -0.00177330
v 0.19888480 -0.08769140 0.05271070
v 0.27266371 -0.09811020 0.01674270
v 0.30937821 -0.09887350 -0.00220920
v 0.27872011 -0.09475150 0.03480690
v 0.27365199 -0.08788660 0.05190210
v 0.19311319 -0.07639390 0.06767290
v 0.27685910 -0.07713090 0.06631030
v 0.21599209 -0.06246420 0.07805120
v 0.19906050 -0.04505440 0.08538510
v 0.21556801 -0.02735220 0.08848380
v 0.18343540 -0.00786910 0.09253770
v 0.18145029 0.00000000 0.09310082
v 0.18429968 0.00000000 0.09243735
v 0.19212058 0.00000000 0.09170762
v 0.21225230 -0.00930010 0.08984960
v 0.21380800 0.00000000 0.08968199
v 0.22183354 0.00000000 0.08976095
v 0.28075549 -0.04562370 0.08488680
v 0.32744479 -0.06058180 0.07714900
v 0.25543186 0.00000000 0.09310082
v 0.26588187 0.00000000 0.08957134
v 0.31006709 -0.02793670 0.08823220
v 0.30127269 -0.01037720 0.08947190
v 0.32283455 0.00000000 0.08910673
v 0.38236341 -0.11171360 -0.00328200
v 0.37737179 -0.10674370 0.01340790
v 0.39690399 -0.11054100 0.01824700
v 0.34468251 -0.10193040 -0.00559140
v 0.33340049 -0.09814110 0.01466990
v 0.33121589 -0.09375930 0.03247530
v 0.36251801 -0.09745800 0.02864700
v 0.33815119 -0.08625620 0.04828240
v 0.37350589 -0.09033280 0.04230130
v 0.40323049 -0.09909700 0.03541710
v 0.39094090 -0.08326890 0.05102770
v 0.40691799 -0.12339700 -0.00023600
v 0.42648199 -0.13530500 0.00235700
v 0.43512300 -0.12411700 0.01918700
v 0.41677499 -0.12034900 0.01578600
v 0.44311601 -0.13904899 0.01079600
v 0.45375499 -0.12573700 0.02214200
v 0.47149101 -0.12655801 0.02376400
v 0.42516541 -0.10529200 0.03283500
v 0.44536600 -0.10980300 0.03157900
v 0.46740869 -0.10997930 0.03272360
v 0.44240400 -0.09356120 0.04407950
v 0.34959549 -0.07722470 0.06001920
v 0.46795371 -0.07392360 0.06160430
v 0.36337921 -0.05566500 0.07510590
v 0.33133271 -0.04604070 0.08328390
v 0.37760571 -0.06839900 0.06436300
v 0.39342681 -0.05070750 0.07700070
v 0.35521221 -0.02928820 0.08605330
v 0.32941341 0.00000000 0.09310082
v 0.34161377 0.00000000 0.08882036
v 0.35009590 -0.01115500 0.08873010
v 0.36158279 0.00000000 0.08895063
v 0.38964289 -0.03254450 0.08595730
v 0.38457200 -0.01336610 0.09010080
v 0.37397105 0.00000000 0.08942740
v 0.39329648 0.00000000 0.09197029
v 0.40057924 0.00000000 0.09359961
v 0.41816539 -0.06584150 0.06702840
v 0.41925699 -0.03537200 0.08974200
v 0.43204239 -0.05130340 0.08016170
v 0.44896051 -0.05303430 0.08056160
v 0.46992540 -0.05394260 0.08231540
v 0.43783301 -0.03592300 0.09435800
v 0.47544810 -0.04177400 0.09833310
v 0.43365899 -0.01742400 0.10405900
v 0.41292000 -0.01581900 0.09645800
v 0.42171234 0.00000000 0.10120144
v 0.42561615 0.00000000 0.10266007
v 0.43898487 0.00000000 0.10941324
v 0.45649239 -0.02976690 0.10640310
v 0.45073000 -0.01132900 0.11743100
v 0.44454229 0.00000000 0.11361533
v 0.45588914 0.00000000 0.12089191
v 0.47737652 -0.55619758 -0.40884379
v 0.47737652 -0.52143526 -0.40884379
v 0.47737652 -0.48667291 -0.40884379
v 0.55135810 -0.55619758 -0.40884379
v 0.55135810 -0.52143526 -0.40884379
v 0.62533963 -0.55619758 -0.40884379
v 0.62533963 -0.52143526 -0.40884379
v 0.55135810 -0.48667291 -0.40884379
v 0.62533963 -0.48667291 -0.40884379
v 0.47737652 -0.45191056 -0.40884379
v 0.47737652 -0.41714820 -0.40884379
v 0.55135810 -0.45191056 -0.40884379
v 0.62533963 -0.45191056 -0.40884379
v 0.55135810 -0.41714820 -0.40884379
v 0.62533963 -0.41714820 -0.40884379
v 0.69932121 -0.55619758 -0.40884379
v 0.69932121 -0.52143526 -0.40884379
v 0.77330273 -0.55619758 -0.40884379
v 0.77330273 -0.52143526 -0.40884379
v 0.69932121 -0.48667291 -0.40884379
v 0.77330273 -0.48667291 -0.40884379
v 0.69932121 -0.45191056 -0.40884379
v 0.77330273 -0.45191056 -0.40884379
v 0.69932121 -0.41714820 -0.40884379
v 0.77330273 -0.41714820 -0.40884379
v 0.47737652 -0.38238585 -0.40884379
v 0.47737652 -0.34762350 -0.40884379
v 0.55135810 -0.38238585 -0.40884379
v 0.62533963 -0.38238585 -0.40884379
v 0.55135810 -0.34762350 -0.40884379
v 0.62533963 -0.34762350 -0.40884379
v 0.47737652 -0.31286114 -0.40884379
v 0.55135810 -0.31286114 -0.40884379
v 0.62533963 -0.31286114 -0.40884379
v 0.69932121 -0.38238585 -0.40884379
v 0.77330273 -0.38238585 -0.40884379
v 0.69932121 -0.34762350 -0.40884379
v 0.77330273 -0.34762350 -0.40884379
v 0.69932121 -0.31286114 -0.40884379
v 0.77330273 -0.31286114 -0.40884379
v 0.84728432 -0.55619758 -0.40884379
v 0.84728432 -0.52143526 -0.40884379
v 0.84728432 -0.48667291 -0.40884379
v 0.84728432 -0.45191056 -0.40884379
v 0.84728432 -0.41714820 -0.40884379
v 0.92126590 -0.55619758 -0.40884379
v 0.92126590 -0.52143526 -0.40884379
v 0.99524742 -0.55619758 -0.40884379
v 0.99524742 -0.52143526 -0.40884379
v 0.92126590 -0.48667291 -0.40884379
v 0.99524742 -0.48667291 -0.40884379
v 1.06922901 -0.55619758 -0.40884379
v 1.06922901 -0.55619758 -0.37538081
v 1.06922901 -0.52143526 -0.40884379
v 1.06922901 -0.52143526 -0.37538081
v 1.06922901 -0.55619758 -0.34191784
v 1.06922901 -0.52143526 -0.34191784
v 1.06922901 -0.48667291 -0.40884379
v 1.06922901 -0.48667291 -0.37538081
v 1.06922901 -0.48667291 -0.34191784
v 1.06922901 -0.55619758 -0.30845487
v 1.06922901 -0.52143526 -0.30845487
v 1.06922901 -0.55619758 -0.27499190
v 1.06922901 -0.52143526 -0.27499190
v 1.06922901 -0.48667291 -0.30845487
v 1.06922901 -0.48667291 -0.27499190
v 0.92126590 -0.45191056 -0.40884379
v 0.99524742 -0.45191056 -0.40884379
v 0.92126590 -0.41714820 -0.40884379
v 0.99524742 -0.41714820 -0.40884379
v 1.06922901 -0.45191056 -0.40884379
v 1.06922901 -0.45191056 -0.37538081
v 1.06922901 -0.45191056 -0.34191784
v 1.06922901 -0.41714820 -0.40884379
v 1.06922901 -0.41714820 -0.37538081
v 1.06922901 -0.41714820 -0.34191784
v 1.06922901 -0.45191056 -0.30845487
v 1.06922901 -0.45191056 -0.27499190
v 1.06922901 -0.41714820 -0.30845487
v 1.06922901 -0.41714820 -0.27499190
v 1.06922901 -0.55619758 -0.24152893
v 1.06922901 -0.52143526 -0.24152893
v 1.06922901 -0.55619758 -0.20806596
v 1.06922901 -0.52143526 -0.20806596
v 1.06922901 -0.48667291 -0.24152893
v 1.06922901 -0.48667291 -0.20806596
v 1.06922901 -0.55619758 -0.17460297
v 1.06922901 -0.52143526 -0.17460297
v 1.06922901 -0.55619758 -0.14114000
v 1.06922901 -0.52143526 -0.14114000
v 1.06922901 -0.48667291 -0.17460297
v 1.06922901 -0.48667291 -0.14114000
v 1.06922901 -0.45191056 -0.24152893
v 1.06922901 -0.45191056 -0.20806596
v 1.06922901 -0.41714820 -0.24152893
v 1.06922901 -0.41714820 -0.20806596
v 1.06922901 -0.45191056 -0.17460297
v 1.06922901 -0.45191056 -0.14114000
v 1.06922901 -0.41714820 -0.17460297
v 1.06922901 -0.41714820 -0.14114000
v 0.84728432 -0.38238585 -0.40884379
v 0.84728432 -0.34762350 -0.40884379
v 0.84728432 -0.31286114 -0.40884379
v 0.92126590 -0.38238585 -0.40884379
v 0.99524742 -0.38238585 -0.40884379
v 0.92126590 -0.34762350 -0.40884379
v 0.99524742 -0.34762350 -0.40884379
v 1.06922901 -0.38238585 -0.40884379
v 1.06922901 -0.38238585 -0.37538081
v 1.06922901 -0.38238585 -0.34191784
v 1.06922901 -0.34762350 -0.40884379
v 1.06922901 -0.34762350 -0.37538081
v 1.06922901 -0.34762350 -0.34191784
v 1.06922901 -0.38238585 -0.30845487
v 1.06922901 -0.38238585 -0.27499190
v 1.06922901 -0.34762350 -0.30845487
v 1.06922901 -0.34762350 -0.27499190
v 0.92126590 -0.31286114 -0.40884379
v 0.99524742 -0.31286114 -0.40884379
v 1.06922901 -0.31286114 -0.40884379
v 1.06922901 -0.31286114 -0.37538081
v 1.06922901 -0.31286114 -0.34191784
v 1.06922901 -0.31286114 -0.30845487
v 1.06922901 -0.31286114 -0.27499190
v 1.06922901 -0.38238585 -0.24152893
v 1.06922901 -0.38238585 -0.20806596
v 1.06922901 -0.34762350 -0.24152893
v 1.06922901 -0.34762350 -0.20806596
v 1.06922901 -0.38238585 -0.17460297
v 1.06922901 -0.38238585 -0.14114000
v 1.06922901 -0.34762350 -0.17460297
v 1.06922901 -0.34762350 -0.14114000
v 1.06922901 -0.31286114 -0.24152893
v 1.06922901 -0.31286114 -0.20806596
v 1.06922901 -0.31286114 -0.17460297
v 1.06922901 -0.31286114 -0.14114000
v 0.58427203 -0.28414401 -0.02459300
v 0.57646197 -0.28376999 -0.01106300
v 0.61275762 -0.29757029 -0.01688290
v 0.60159642 -0.28594771 -0.02802910
v 0.59282202 -0.29309601 -0.01448500
v 0.65440458 -0.29879531 -0.01780080
v 0.63825369 -0.28736201 -0.02848630
v 0.69507343 -0.28645661 -0.02901430
v 0.70498753 -0.29800329 -0.01929580
v 0.73519951 -0.28391549 -0.02747730
v 0.75225312 -0.29648840 -0.01679060
v 0.75982201 -0.28414601 -0.01831700
v 0.60212320 -0.29453939 -0.00148710
v 0.61722720 -0.28572261 0.00845000
v 0.63747299 -0.29838899 -0.00142000
v 0.66017932 -0.28886700 0.00856350
v 0.66942191 -0.29951799 -0.00287010
v 0.73442298 -0.29997140 -0.00485740
v 0.72877359 -0.29130891 0.00668070
v 0.75118899 -0.29778799 -0.00196800
v 0.74812299 -0.28870699 0.00612300
v 0.76431298 -0.29079801 -0.00474600
v 1.06922901 -0.55619758 -0.10767703
v 1.06922901 -0.52143526 -0.10767703
v 1.06922901 -0.55619758 -0.07421405
v 1.06922901 -0.52143526 -0.07421405
v 1.06922901 -0.48667291 -0.10767703
v 1.06922901 -0.48667291 -0.07421405
v 1.06922901 -0.55619758 -0.04075107
v 1.06922901 -0.52143526 -0.04075107
v 1.06922901 -0.55619758 -0.00728810
v 1.06922901 -0.52143526 -0.00728810
v 1.06922901 -0.48667291 -0.04075107
v 1.06922901 -0.48667291 -0.00728810
v 1.06922901 -0.45191056 -0.10767703
v 1.06922901 -0.45191056 -0.07421405
v 1.06922901 -0.41714820 -0.10767703
v 1.06922901 -0.41714820 -0.07421405
v 1.06922901 -0.45191056 -0.04075107
v 1.06922901 -0.45191056 -0.00728810
v 1.06922901 -0.41714820 -0.04075107
v 1.06922901 -0.41714820 -0.00728810
v 1.06922901 -0.55619758 0.02617487
v 1.06922901 -0.52143526 0.02617487
v 1.06922901 -0.55619758 0.05963785
v 1.06922901 -0.52143526 0.05963785
v 1.06922901 -0.48667291 0.02617487
v 1.06922901 -0.48667291 0.05963785
v 1.06922901 -0.55619758 0.09310082
v 1.06922901 -0.52143526 0.09310082
v 1.06922901 -0.48667291 0.09310082
v 1.06922901 -0.45191056 0.02617487
v 1.06922901 -0.45191056 0.05963785
v 1.06922901 -0.41714820 0.02617487
v 1.06922901 -0.41714820 0.05963785
v 1.06922901 -0.45191056 0.09310082
v 1.06922901 -0.41714820 0.09310082
v 1.06922901 -0.38238585 -0.10767703
v 1.06922901 -0.38238585 -0.07421405
v 1.06922901 -0.34762350 -0.10767703
v 1.06922901 -0.34762350 -0.07421405
v 1.06922901 -0.38238585 -0.04075107
v 1.06922901 -0.38238585 -0.00728810
v 1.06922901 -0.34762350 -0.04075107
v 1.06922901 -0.34762350 -0.00728810
v 1.06922901 -0.31286114 -0.10767703
v 1.06922901 -0.31286114 -0.07421405
v 1.06922901 -0.31286114 -0.04075107
v 1.06922901 -0.31286114 -0.00728810
v 1.06922901 -0.38238585 0.02617487
v 1.06922901 -0.38238585 0.05963785
v 1.06922901 -0.34762350 0.02617487
v 1.06922901 -0.34762350 0.05963785
v 1.06922901 -0.38238585 0.09310082
v 1.06922901 -0.34762350 0.09310082
v 1.06922901 -0.31286114 0.02617487
v 1.06922901 -0.31286114 0.05963785
v 1.06922901 -0.31286114 0.09310082
v 0.47737652 -0.27809879 -0.40884379
v 0.47737652 -0.24333645 -0.40884379
v 0.47737652 -0.20857410 -0.40884379
v 0.55135810 -0.27809879 -0.40884379
v 0.55135810 -0.24333645 -0.40884379
v 0.62533963 -0.27809879 -0.40884379
v 0.62533963 -0.24333645 -0.40884379
v 0.55135810 -0.20857410 -0.40884379
v 0.62533963 -0.20857410 -0.40884379
v 0.47737652 -0.17381175 -0.40884379
v 0.55135810 -0.17381175 -0.40884379
v 0.62533963 -0.17381175 -0.40884379
v 0.69932121 -0.27809879 -0.40884379
v 0.69932121 -0.24333645 -0.40884379
v 0.77330273 -0.27809879 -0.40884379
v 0.77330273 -0.24333645 -0.40884379
v 0.69932121 -0.20857410 -0.40884379
v 0.77330273 -0.20857410 -0.40884379
v 0.69932121 -0.17381175 -0.40884379
v 0.77330273 -0.17381175 -0.40884379
v 0.47737652 -0.13904940 -0.40884379
v 0.47737652 -0.10428705 -0.40884379
v 0.55135810 -0.13904940 -0.40884379
v 0.55135810 -0.10428705 -0.40884379
v 0.62533963 -0.13904940 -0.40884379
v 0.62533963 -0.10428705 -0.40884379
v 0.47737652 -0.06952470 -0.40884379
v 0.47737652 -0.03476235 -0.40884379
v 0.47737652 0.00000000 -0.40884379
v 0.47737652 0.00000000 -0.37538081
v 0.47737652 0.00000000 -0.34191784
v 0.55135810 -0.06952470 -0.40884379
v 0.62533963 -0.06952470 -0.40884379
v 0.55135810 -0.03476235 -0.40884379
v 0.55135810 0.00000000 -0.40884379
v 0.55135810 0.00000000 -0.37538081
v 0.62533963 -0.03476235 -0.40884379
v 0.62533963 0.00000000 -0.40884379
v 0.62533963 0.00000000 -0.37538081
v 0.55135810 0.00000000 -0.34191784
v 0.62533963 0.00000000 -0.34191784
v 0.47737652 0.00000000 -0.30845487
v 0.47737652 0.00000000 -0.27499190
v 0.55135810 0.00000000 -0.30845487
v 0.62533963 0.00000000 -0.30845487
v 0.55135810 0.00000000 -0.27499190
v 0.62533963 0.00000000 -0.27499190
v 0.69932121 -0.13904940 -0.40884379
v 0.69932121 -0.10428705 -0.40884379
v 0.77330273 -0.13904940 -0.40884379
v 0.77330273 -0.10428705 -0.40884379
v 0.69932121 -0.06952470 -0.40884379
v 0.77330273 -0.06952470 -0.40884379
v 0.69932121 -0.03476235 -0.40884379
v 0.69932121 0.00000000 -0.40884379
v 0.69932121 0.00000000 -0.37538081
v 0.77330273 -0.03476235 -0.40884379
v 0.77330273 0.00000000 -0.40884379
v 0.77330273 0.00000000 -0.37538081
v 0.69932121 0.00000000 -0.34191784
v 0.77330273 0.00000000 -0.34191784
v 0.69932121 0.00000000 -0.30845487
v 0.77330273 0.00000000 -0.30845487
v 0.69932121 0.00000000 -0.27499190
v 0.77330273 0.00000000 -0.27499190
v 0.47737652 0.00000000 -0.24152893
v 0.47737652 0.00000000 -0.20806596
v 0.55135810 0.00000000 -0.24152893
v 0.62533963 0.00000000 -0.24152893
v 0.55135810 0.00000000 -0.20806596
v 0.62533963 0.00000000 -0.20806596
v 0.47737652 0.00000000 -0.17460297
v 0.47737652 0.00000000 -0.14114000
v 0.55135810 0.00000000 -0.17460297
v 0.62533963 0.00000000 -0.17460297
v 0.55135810 0.00000000 -0.14114000
v 0.62533963 0.00000000 -0.14114000
v 0.69932121 0.00000000 -0.24152893
v 0.77330273 0.00000000 -0.24152893
v 0.69932121 0.00000000 -0.20806596
v 0.77330273 0.00000000 -0.20806596
v 0.69932121 0.00000000 -0.17460297
v 0.77330273 0.00000000 -0.17460297
v 0.69932121 0.00000000 -0.14114000
v 0.77330273 0.00000000 -0.14114000
v 0.84728432 -0.27809879 -0.40884379
v 0.84728432 -0.24333645 -0.40884379
v 0.84728432 -0.20857410 -0.40884379
v 0.84728432 -0.17381175 -0.40884379
v 0.92126590 -0.27809879 -0.40884379
v 0.92126590 -0.24333645 -0.40884379
v 0.99524742 -0.27809879 -0.40884379
v 0.99524742 -0.24333645 -0.40884379
v 0.92126590 -0.20857410 -0.40884379
v 0.99524742 -0.20857410 -0.40884379
v 1.06922901 -0.27809879 -0.40884379
v 1.06922901 -0.27809879 -0.37538081
v 1.06922901 -0.24333645 -0.40884379
v 1.06922901 -0.24333645 -0.37538081
v 1.06922901 -0.27809879 -0.34191784
v 1.06922901 -0.24333645 -0.34191784
v 1.06922901 -0.20857410 -0.40884379
v 1.06922901 -0.20857410 -0.37538081
v 1.06922901 -0.20857410 -0.34191784
v 1.06922901 -0.27809879 -0.30845487
v 1.06922901 -0.24333645 -0.30845487
v 1.06922901 -0.27809879 -0.27499190
v 1.06922901 -0.24333645 -0.27499190
v 1.06922901 -0.20857410 -0.30845487
v 1.06922901 -0.20857410 -0.27499190
v 0.92126590 -0.17381175 -0.40884379
v 0.99524742 -0.17381175 -0.40884379
v 1.06922901 -0.17381175 -0.40884379
v 1.06922901 -0.17381175 -0.37538081
v 1.06922901 -0.17381175 -0.34191784
v 1.06922901 -0.17381175 -0.30845487
v 1.06922901 -0.17381175 -0.27499190
v 1.06922901 -0.27809879 -0.24152893
v 1.06922901 -0.24333645 -0.24152893
v 1.06922901 -0.27809879 -0.20806596
v 1.06922901 -0.24333645 -0.20806596
v 1.06922901 -0.20857410 -0.24152893
v 1.06922901 -0.20857410 -0.20806596
v 1.06922901 -0.27809879 -0.17460297
v 1.06922901 -0.24333645 -0.17460297
v 1.06922901 -0.27809879 -0.14114000
v 1.06922901 -0.24333645 -0.14114000
v 1.06922901 -0.20857410 -0.17460297
v 1.06922901 -0.20857410 -0.14114000
v 1.06922901 -0.17381175 -0.24152893
v 1.06922901 -0.17381175 -0.20806596
v 1.06922901 -0.17381175 -0.17460297
v 1.06922901 -0.17381175 -0.14114000
v 0.84728432 -0.13904940 -0.40884379
v 0.84728432 -0.10428705 -0.40884379
v 0.84728432 -0.06952470 -0.40884379
v 0.84728432 -0.03476235 -0.40884379
v 0.84728432 0.00000000 -0.40884379
v 0.84728432 0.00000000 -0.37538081
v 0.84728432 0.00000000 -0.34191784
v 0.84728432 0.00000000 -0.30845487
v 0.84728432 0.00000000 -0.27499190
v 0.92126590 -0.13904940 -0.40884379
v 0.92126590 -0.10428705 -0.40884379
v 0.99524742 -0.13904940 -0.40884379
v 0.99524742 -0.10428705 -0.40884379
v 1.06922901 -0.13904940 -0.40884379
v 1.06922901 -0.13904940 -0.37538081
v 1.06922901 -0.10428705 -0.40884379
v 1.06922901 -0.10428705 -0.37538081
v 1.06922901 -0.13904940 -0.34191784
v 1.06922901 -0.10428705 -0.34191784
v 1.06922901 -0.13904940 -0.30845487
v 1.06922901 -0.10428705 -0.30845487
v 1.06922901 -0.13904940 -0.27499190
v 1.06922901 -0.10428705 -0.27499190
v 0.92126590 -0.06952470 -0.40884379
v 0.99524742 -0.06952470 -0.40884379
v 0.92126590 -0.03476235 -0.40884379
v 0.92126590 0.00000000 -0.40884379
v 0.92126590 0.00000000 -0.37538081
v 0.99524742 -0.03476235 -0.40884379
v 0.99524742 0.00000000 -0.40884379
v 0.99524742 0.00000000 -0.37538081
v 0.92126590 0.00000000 -0.34191784
v 0.99524742 0.00000000 -0.34191784
v 1.06922901 -0.06952470 -0.40884379
v 1.06922901 -0.06952470 -0.37538081
v 1.06922901 -0.06952470 -0.34191784
v 1.06922901 -0.03476235 -0.40884379
v 1.06922901 -0.03476235 -0.37538081
v 1.06922901 0.00000000 -0.40884379
v 1.06922901 0.00000000 -0.37538081
v 1.06922901 -0.03476235 -0.34191784
v 1.06922901 0.00000000 -0.34191784
v 0.92126590 0.00000000 -0.30845487
v 0.99524742 0.00000000 -0.30845487
v 0.92126590 0.00000000 -0.27499190
v 0.99524742 0.00000000 -0.27499190
v 1.06922901 -0.06952470 -0.30845487
v 1.06922901 -0.06952470 -0.27499190
v 1.06922901 -0.03476235 -0.30845487
v 1.06922901 0.00000000 -0.30845487
v 1.06922901 -0.03476235 -0.27499190
v 1.06922901 0.00000000 -0.27499190
v 0.84728432 0.00000000 -0.24152893
v 0.84728432 0.00000000 -0.20806596
v 0.84728432 0.00000000 -0.17460297
v 0.84728432 0.00000000 -0.14114000
v 1.06922901 -0.13904940 -0.24152893
v 1.06922901 -0.10428705 -0.24152893
v 1.06922901 -0.13904940 -0.20806596
v 1.06922901 -0.10428705 -0.20806596
v 1.06922901 -0.13904940 -0.17460297
v 1.06922901 -0.10428705 -0.17460297
v 1.06922901 -0.13904940 -0.14114000
v 1.06922901 -0.10428705 -0.14114000
v 0.92126590 0.00000000 -0.24152893
v 0.99524742 0.00000000 -0.24152893
v 0.92126590 0.00000000 -0.20806596
v 0.99524742 0.00000000 -0.20806596
v 1.06922901 -0.06952470 -0.24152893
v 1.06922901 -0.06952470 -0.20806596
v 1.06922901 -0.03476235 -0.24152893
v 1.06922901 0.00000000 -0.24152893
v 1.06922901 -0.03476235 -0.20806596
v 1.06922901 0.00000000 -0.20806596
v 0.92126590 0.00000000 -0.17460297
v 0.99524742 0.00000000 -0.17460297
v 0.92126590 0.00000000 -0.14114000
v 0.99524742 0.00000000 -0.14114000
v 1.06922901 -0.06952470 -0.17460297
v 1.06922901 -0.06952470 -0.14114000
v 1.06922901 -0.03476235 -0.17460297
v 1.06922901 0.00000000 -0.17460297
v 1.06922901 -0.03476235 -0.14114000
v 1.06922901 0.00000000 -0.14114000
v 0.54424101 -0.25498801 -0.01692200
v 0.50876200 -0.22018600 -0.01640100
v 0.53903103 -0.24218500 -0.02680600
v 0.52670002 -0.23779500 -0.01714600
v 0.52075601 -0.22453301 -0.02642200
v 0.53590900 -0.22576700 -0.03260900
v 0.55705798 -0.26187161 -0.02531140
v 0.57754230 -0.26473171 -0.03274250
v 0.56161100 -0.27171800 -0.01176800
v 0.55475003 -0.24449700 -0.03254100
v 0.57076597 -0.24679901 -0.03498400
v 0.60925847 -0.27178600 -0.03373620
v 0.59260303 -0.25589979 -0.03581810
v 0.55547911 -0.22795209 -0.03558590
v 0.58776557 -0.23689429 -0.03657710
v 0.50173599 -0.20673800 -0.02534900
v 0.49033499 -0.20190801 -0.01590600
v 0.48335901 -0.18874300 -0.02499700
v 0.50002557 -0.18981139 -0.03251560
v 0.53172737 -0.20565321 -0.03531680
v 0.51695198 -0.20835000 -0.03205600
v 0.55063409 -0.20535091 -0.03649100
v 0.49255800 -0.17117301 -0.03491500
v 0.47774801 -0.17284800 -0.03061200
v 0.51382858 -0.17203981 -0.03663750
v 0.49961701 -0.15525910 -0.03743550
v 0.57684958 -0.15231250 -0.03779740
v 0.68860823 -0.23788480 -0.03639140
v 0.69044638 -0.20868661 -0.03400070
v 0.70049328 -0.27132919 -0.03370970
v 0.73062152 -0.27007949 -0.03047670
v 0.70108950 -0.25511390 -0.03562550
v 0.71720833 -0.24851890 -0.03294300
v 0.73243803 -0.24875450 -0.02696860
v 0.74910301 -0.26896501 -0.02177700
v 0.76086003 -0.27294299 -0.01211800
v 0.74613148 -0.25220171 -0.01598430
v 0.71283472 -0.22034959 -0.02892510
v 0.72569048 -0.21730611 -0.01694770
v 0.66712791 -0.17663570 -0.03428060
v 0.68905407 -0.18059920 -0.02753940
v 0.64064533 -0.17262210 -0.03659690
v 0.63576752 -0.15165350 -0.03665300
v 0.65802598 -0.15050900 -0.03294300
v 0.67316401 -0.16402900 -0.03010500
v 0.68660998 -0.15743300 -0.01566700
v 0.67316502 -0.14615101 -0.02435700
v 0.70684099 -0.20225400 -0.02497000
v 0.70550728 -0.18874639 -0.01579510
v 0.53722501 -0.24559601 -0.00367100
v 0.50214100 -0.21048400 -0.00325800
v 0.51989800 -0.22845900 -0.00365200
v 0.52890062 -0.22193320 0.00824780
v 0.55433601 -0.26117799 -0.00225800
v 0.57252598 -0.27433601 0.00112100
v 0.55520499 -0.24706700 0.00867700
v 0.57055360 -0.25593990 0.01153490
v 0.58937877 -0.27079740 0.01192650
v 0.61662072 -0.27104539 0.01418900
v 0.59106082 -0.24782860 0.01630210
v 0.57277900 -0.23369400 0.01584100
v 0.55701768 -0.22318120 0.01557520
v 0.61852902 -0.23620901 0.01751770
v 0.48390099 -0.19214299 -0.00309500
v 0.50234801 -0.19508500 0.00837700
v 0.52065498 -0.19659300 0.01381700
v 0.53732252 -0.20711440 0.01488080
v 0.52210808 -0.18003070 0.01630550
v 0.49986711 -0.17095380 0.01471480
v 0.47791669 -0.14634140 0.01697100
v 0.51069182 -0.14775109 0.01926040
v 0.56621271 -0.20442881 0.01721690
v 0.55441058 -0.17119710 0.01769080
v 0.55794638 -0.14798270 0.01908520
v 0.62585193 -0.25593460 0.01691740
v 0.69389540 -0.25676760 0.01651280
v 0.68276012 -0.21718070 0.01668540
v 0.69988352 -0.27600229 0.01363660
v 0.72927272 -0.26075929 0.01339090
v 0.76029831 -0.27765200 0.00335280
v 0.75504702 -0.26139599 -0.00421300
v 0.73798758 -0.27791631 0.01137870
v 0.74104857 -0.25373831 0.00706690
v 0.72122997 -0.23173501 0.00926000
v 0.70834708 -0.24115130 0.01480730
v 0.72923613 -0.22337390 -0.00226480
v 0.70744199 -0.20939600 0.01044060
v 0.64881152 -0.18351600 0.01716850
v 0.67815572 -0.19386150 0.01476950
v 0.69341153 -0.18920220 0.00910730
v 0.63104123 -0.14679059 0.01767150
v 0.65270001 -0.15425301 0.01532100
v 0.69520980 -0.17284840 -0.00113030
v 0.68147600 -0.15830500 0.00484100
v 0.66955519 -0.17056081 0.01375480
v 0.67943299 -0.14085799 -0.00687600
v 0.66902202 -0.13969000 0.00790400
v 0.71455801 -0.20072199 -0.00493800
v 0.48102081 -0.11961010 -0.04496310
v 0.49827370 -0.09996740 -0.05278080
v 0.56756443 -0.11425210 -0.04565200
v 0.62193233 -0.11601860 -0.04176790
v 0.56277889 -0.13401160 -0.04039330
v 0.61628848 -0.13459840 -0.03855440
v 0.59381038 -0.09264940 -0.05404950
v 0.51444209 -0.04768850 -0.07969850
v 0.47737652 0.00000000 -0.10767703
v 0.49923831 -0.02854950 -0.08630780
v 0.50763112 -0.00951790 -0.08923290
v 0.50572437 0.00000000 -0.08929107
v 0.60303283 -0.04595600 -0.07968770
v 0.55135810 0.00000000 -0.10767703
v 0.62533963 0.00000000 -0.10767703
v 0.55264145 0.00000000 -0.08926727
v 0.60965812 -0.02842650 -0.08585390
v 0.60096878 -0.00947570 -0.08918580
v 0.61815763 0.00000000 -0.08916759
v 0.51608711 -0.06606550 -0.07068990
v 0.59445202 -0.06192270 -0.07178150
v 0.64350110 -0.12251110 -0.03614840
v 0.65850598 -0.13204201 -0.03054500
v 0.65992302 -0.11381100 -0.03040100
v 0.67140400 -0.12891001 -0.01970000
v 0.67083502 -0.11222500 -0.01940500
v 0.62699509 -0.09853330 -0.04751330
v 0.63117832 -0.07614810 -0.05945080
v 0.64868951 -0.08049640 -0.05183510
v 0.66419899 -0.08223900 -0.04284400
v 0.65186602 -0.09738500 -0.04019700
v 0.66735798 -0.09617700 -0.03015000
v 0.67590398 -0.09916100 -0.01399900
v 0.67960501 -0.08153900 -0.02915400
v 0.68293297 -0.08663400 -0.00909500
v 0.69551128 -0.07235600 -0.01440410
v 0.63003320 -0.04857480 -0.07701560
v 0.66268897 -0.04210290 -0.07744940
v 0.66216493 -0.02487800 -0.08548310
v 0.65007931 0.00000000 -0.08901411
v 0.68221998 -0.02583200 -0.08262200
v 0.66356981 -0.00827000 -0.08889300
v 0.66645974 0.00000000 -0.08848121
v 0.68953383 0.00000000 -0.08589219
v 0.69932121 0.00000000 -0.10767703
v 0.77330273 0.00000000 -0.10767703
v 0.71244651 -0.02193970 -0.07679160
v 0.71526700 -0.00898800 -0.07974500
v 0.69966859 -0.00561890 -0.08481450
v 0.70171976 0.00000000 -0.08429300
v 0.71053088 0.00000000 -0.08147494
v 0.72015607 0.00000000 -0.07758074
v 0.77330273 0.00000000 -0.07421405
v 0.66855228 -0.05703970 -0.06523030
v 0.68075091 -0.06427260 -0.05150160
v 0.68883502 -0.04151000 -0.07184800
v 0.69669902 -0.06574650 -0.03458290
v 0.72215879 -0.03655720 -0.06470120
v 0.72019631 -0.04764370 -0.05197890
v 0.73524398 -0.03530600 -0.05603800
v 0.72381800 -0.05243370 -0.03171680
v 0.73584241 -0.04087430 -0.03798300
v 0.73340422 -0.02050880 -0.06658590
v 0.72640759 0.00000000 -0.07349915
v 0.73603863 0.00000000 -0.06457575
v 0.74253231 -0.02543490 -0.04582500
v 0.74203801 0.00000000 -0.05512480
v 0.74305469 0.00000000 -0.05311665
v 0.74332750 -0.00160130 -0.05292630
v 0.74344426 0.00000000 -0.05196895
v 0.77330273 0.00000000 -0.04075107
v 0.74781770 -0.00164660 -0.03113530
v 0.74757272 0.00000000 -0.03192325
v 0.74757618 0.00000000 -0.02958954
v 0.74773461 0.00000000 -0.02498660
v 0.77330273 0.00000000 -0.00728810
v 0.49567419 -0.12637889 0.02495310
v 0.53598738 -0.12820180 0.02375790
v 0.52333558 -0.10994560 0.03240820
v 0.50088042 -0.09319100 0.04460580
v 0.50351667 -0.07811610 0.05735060
v 0.52727002 -0.08847810 0.04586380
v 0.52965701 -0.07284600 0.05902500
v 0.57319349 -0.13095680 0.02132100
v 0.56642199 -0.11264160 0.02719820
v 0.56954229 -0.09402950 0.03613190
v 0.57448882 -0.07970400 0.04581420
v 0.62050188 -0.09741780 0.03015620
v 0.56840760 -0.06716520 0.05832160
v 0.50519562 -0.06273260 0.07265560
v 0.50990641 -0.04911420 0.08900840
v 0.55131561 -0.04365180 0.09137440
v 0.49871269 -0.03913550 0.10588490
v 0.54369879 -0.03606410 0.10822890
v 0.48445299 -0.02942600 0.12194500
v 0.50793380 -0.03133420 0.12545270
v 0.54565841 -0.03090980 0.12646361
v 0.56027031 -0.05466270 0.07388520
v 0.60769951 -0.03663020 0.10310750
v 0.63221401 -0.13179560 0.01875870
v 0.65230602 -0.13536000 0.01516100
v 0.62819862 -0.11402860 0.02268760
v 0.64891499 -0.11540500 0.01888900
v 0.67378598 -0.11974200 -0.00341900
v 0.66483903 -0.11886200 0.01061900
v 0.66186398 -0.10078100 0.01782900
v 0.67447299 -0.09863000 0.00551800
v 0.68594599 -0.08025500 0.00748000
v 0.66983801 -0.08303800 0.02320500
v 0.64775503 -0.09395600 0.02735900
v 0.62834013 -0.08091960 0.04047940
v 0.65535402 -0.07480000 0.03822600
v 0.68791598 -0.06931600 0.02394500
v 0.63207471 -0.06613940 0.05323620
v 0.66891098 -0.06310900 0.04521330
v 0.68829691 -0.05301990 0.05080390
v 0.70013678 -0.06891700 0.00609710
v 0.71979201 -0.05625000 -0.00185400
v 0.73276758 -0.04429010 0.00137780
v 0.72019112 -0.05210010 0.02130000
v 0.73505902 -0.03529400 0.02875900
v 0.71273428 -0.04790930 0.04334660
v 0.72626901 -0.03620500 0.04752000
v 0.74312329 -0.02787570 -0.00602100
v 0.74748838 -0.00820750 0.00497140
v 0.74738038 0.00000000 0.00751826
v 0.74629360 0.00000000 0.01671175
v 0.77330273 0.00000000 0.02617487
v 0.73734301 -0.02307600 0.04363200
v 0.74465978 -0.01612700 0.02732460
v 0.74282110 0.00000000 0.03672229
v 0.73769623 0.00000000 0.05677484
v 0.77330273 0.00000000 0.05963785
v 0.62578672 -0.05463910 0.06751640
v 0.65422100 -0.04809830 0.07104180
v 0.62674439 -0.04397680 0.08463610
v 0.67357010 -0.03716840 0.08777810
v 0.69910979 -0.03690760 0.07742430
v 0.64779079 -0.03293430 0.10653190
v 0.63588959 -0.03007950 0.12362750
v 0.69622511 -0.02964100 0.10594000
v 0.69097757 -0.02777690 0.12500200
v 0.71269399 -0.03699900 0.06461100
v 0.72942573 -0.02197550 0.06387470
v 0.71573597 -0.02561940 0.09144930
v 0.73502690 0.00000000 0.06516543
v 0.73156059 0.00000000 0.08362518
v 0.73145801 -0.00207500 0.08537700
v 0.73069811 0.00000000 0.08756689
v 0.73642337 -0.00561110 0.06098870
v 0.77330273 0.00000000 0.09310082
v 0.71000618 -0.02351910 0.12621860
v 0.72400087 -0.01535870 0.10822690
v 0.72976029 0.00000000 0.10752188
v 0.72999573 -0.00079040 0.10783660
v 0.72998136 0.00000000 0.11021758
v 1.06922901 -0.27809879 -0.10767703
v 1.06922901 -0.24333645 -0.10767703
v 1.06922901 -0.27809879 -0.07421405
v 1.06922901 -0.24333645 -0.07421405
v 1.06922901 -0.20857410 -0.10767703
v 1.06922901 -0.20857410 -0.07421405
v 1.06922901 -0.27809879 -0.04075107
v 1.06922901 -0.24333645 -0.04075107
v 1.06922901 -0.27809879 -0.00728810
v 1.06922901 -0.24333645 -0.00728810
v 1.06922901 -0.20857410 -0.04075107
v 1.06922901 -0.20857410 -0.00728810
v 1.06922901 -0.17381175 -0.10767703
v 1.06922901 -0.17381175 -0.07421405
v 1.06922901 -0.17381175 -0.04075107
v 1.06922901 -0.17381175 -0.00728810
v 1.06922901 -0.27809879 0.02617487
v 1.06922901 -0.24333645 0.02617487
v 1.06922901 -0.27809879 0.05963785
v 1.06922901 -0.24333645 0.05963785
v 1.06922901 -0.20857410 0.02617487
v 1.06922901 -0.20857410 0.05963785
v 1.06922901 -0.27809879 0.09310082
v 1.06922901 -0.24333645 0.09310082
v 1.06922901 -0.20857410 0.09310082
v 1.06922901 -0.17381175 0.02617487
v 1.06922901 -0.17381175 0.05963785
v 1.06922901 -0.17381175 0.09310082
v 0.84728432 0.00000000 -0.10767703
v 0.84728432 0.00000000 -0.07421405
v 0.84728432 0.00000000 -0.04075107
v 0.84728432 0.00000000 -0.00728810
v 1.06922901 -0.13904940 -0.10767703
v 1.06922901 -0.10428705 -0.10767703
v 1.06922901 -0.13904940 -0.07421405
v 1.06922901 -0.10428705 -0.07421405
v 1.06922901 -0.13904940 -0.04075107
v 1.06922901 -0.10428705 -0.04075107
v 1.06922901 -0.13904940 -0.00728810
v 1.06922901 -0.10428705 -0.00728810
v 0.92126590 0.00000000 -0.10767703
v 0.99524742 0.00000000 -0.10767703
v 0.92126590 0.00000000 -0.07421405
v 0.99524742 0.00000000 -0.07421405
v 1.06922901 -0.06952470 -0.10767703
v 1.06922901 -0.06952470 -0.07421405
v 1.06922901 -0.03476235 -0.10767703
v 1.06922901 0.00000000 -0.10767703
v 1.06922901 -0.03476235 -0.07421405
v 1.06922901 0.00000000 -0.07421405
v 0.92126590 0.00000000 -0.04075107
v 0.99524742 0.00000000 -0.04075107
v 0.92126590 0.00000000 -0.00728810
v 0.99524742 0.00000000 -0.00728810
v 1.06922901 -0.06952470 -0.04075107
v 1.06922901 -0.06952470 -0.00728810
v 1.06922901 -0.03476235 -0.04075107
v 1.06922901 0.00000000 -0.04075107
v 1.06922901 -0.03476235 -0.00728810
v 1.06922901 0.00000000 -0.00728810
v 0.84728432 0.00000000 0.02617487
v 0.84728432 0.00000000 0.05963785
v 0.84728432 0.00000000 0.09310082
v 1.06922901 -0.13904940 0.02617487
v 1.06922901 -0.10428705 0.02617487
v 1.06922901 -0.13904940 0.05963785
v 1.06922901 -0.10428705 0.05963785
v 1.06922901 -0.13904940 0.09310082
v 1.06922901 -0.10428705 0.09310082
v 0.92126590 0.00000000 0.02617487
v 0.99524742 0.00000000 0.02617487
v 0.92126590 0.00000000 0.05963785
v 0.99524742 0.00000000 0.05963785
v 1.06922901 -0.06952470 0.02617487
v 1.06922901 -0.06952470 0.05963785
v 1.06922901 -0.03476235 0.02617487
v 1.06922901 0.00000000 0.02617487
v 1.06922901 -0.03476235 0.05963785
v 1.06922901 0.00000000 0.05963785
v 0.92126590 0.00000000 0.09310082
v 0.99524742 0.00000000 0.09310082
v 1.06922901 -0.06952470 0.09310082
v 1.06922901 -0.03476235 0.09310082
v 1.06922901 0.00000000 0.09310082
v -0.11447595 -0.55619758 0.66197139
v -0.11447595 -0.52143526 0.66197139
v -0.11447595 -0.48667291 0.66197139
v -0.04049439 -0.55619758 0.66197139
v -0.04049439 -0.52143526 0.66197139
v -0.04049439 -0.48667291 0.66197139
v -0.11447595 -0.45191056 0.66197139
v -0.11447595 -0.41714820 0.66197139
v -0.04049439 -0.45191056 0.66197139
v -0.04049439 -0.41714820 0.66197139
v 0.03348717 -0.55619758 0.66197139
v 0.03348717 -0.52143526 0.66197139
v 0.03348717 -0.48667291 0.66197139
v 0.10746873 -0.55619758 0.66197139
v 0.10746873 -0.52143526 0.66197139
v 0.10746873 -0.48667291 0.66197139
v 0.03348717 -0.45191056 0.66197139
v 0.03348717 -0.41714820 0.66197139
v 0.10746873 -0.45191056 0.66197139
v 0.10746873 -0.41714820 0.66197139
v -0.11447595 -0.38238585 0.66197139
v -0.11447595 -0.34762350 0.66197139
v -0.04049439 -0.38238585 0.66197139
v -0.04049439 -0.34762350 0.66197139
v -0.11447595 -0.31286114 0.66197139
v -0.04049439 -0.31286114 0.66197139
v 0.03348717 -0.38238585 0.66197139
v 0.03348717 -0.34762350 0.66197139
v 0.10746873 -0.38238585 0.66197139
v 0.10746873 -0.34762350 0.66197139
v 0.03348717 -0.31286114 0.66197139
v 0.10746873 -0.31286114 0.66197139
v 0.18145029 -0.55619758 0.66197139
v 0.18145029 -0.52143526 0.66197139
v 0.18145029 -0.48667291 0.66197139
v 0.25543186 -0.55619758 0.66197139
v 0.25543186 -0.52143526 0.66197139
v 0.25543186 -0.48667291 0.66197139
v 0.18145029 -0.45191056 0.66197139
v 0.18145029 -0.41714820 0.66197139
v 0.25543186 -0.45191056 0.66197139
v 0.25543186 -0.41714820 0.66197139
v 0.32941341 -0.55619758 0.66197139
v 0.32941341 -0.52143526 0.66197139
v 0.32941341 -0.48667291 0.66197139
v 0.40339497 -0.55619758 0.66197139
v 0.40339497 -0.52143526 0.66197139
v 0.40339497 -0.48667291 0.66197139
v 0.32941341 -0.45191056 0.66197139
v 0.32941341 -0.41714820 0.66197139
v 0.40339497 -0.45191056 0.66197139
v 0.40339497 -0.41714820 0.66197139
v 0.18145029 -0.38238585 0.66197139
v 0.18145029 -0.34762350 0.66197139
v 0.25543186 -0.38238585 0.66197139
v 0.25543186 -0.34762350 0.66197139
v 0.18145029 -0.31286114 0.66197139
v 0.25543186 -0.31286114 0.66197139
v 0.32941341 -0.38238585 0.66197139
v 0.32941341 -0.34762350 0.66197139
v 0.40339497 -0.38238585 0.66197139
v 0.40339497 -0.34762350 0.66197139
v 0.32941341 -0.31286114 0.66197139
v 0.40339497 -0.31286114 0.66197139
v -0.11447595 0.00000000 0.12656380
v -0.11447595 0.00000000 0.16002677
v -0.11447595 0.00000000 0.19348975
v -0.04049439 0.00000000 0.12656380
v -0.04049439 0.00000000 0.16002677
v -0.04049439 0.00000000 0.19348975
v -0.11447595 0.00000000 0.22695273
v -0.04049439 0.00000000 0.22695273
v 0.03348717 0.00000000 0.12656380
v 0.03348717 0.00000000 0.16002677
v 0.03348717 0.00000000 0.19348975
v 0.10746873 0.00000000 0.12656380
v 0.10746873 0.00000000 0.16002677
v 0.10746873 0.00000000 0.19348975
v 0.03348717 0.00000000 0.22695273
v 0.10746873 0.00000000 0.22695273
v -0.11447595 0.00000000 0.26041570
v -0.11447595 0.00000000 0.29387867
v -0.11447595 0.00000000 0.32734165
v -0.04049439 0.00000000 0.26041570
v -0.04049439 0.00000000 0.29387867
v -0.04049439 0.00000000 0.32734165
v -0.11447595 0.00000000 0.36080462
v -0.11447595 0.00000000 0.39426759
v -0.04049439 0.00000000 0.36080462
v -0.04049439 0.00000000 0.39426759
v 0.03348717 0.00000000 0.26041570
v 0.03348717 0.00000000 0.29387867
v 0.03348717 0.00000000 0.32734165
v 0.10746873 0.00000000 0.26041570
v 0.10746873 0.00000000 0.29387867
v 0.10746873 0.00000000 0.32734165
v 0.03348717 0.00000000 0.36080462
v 0.03348717 0.00000000 0.39426759
v 0.10746873 0.00000000 0.36080462
v 0.10746873 0.00000000 0.39426759
v 0.18145029 0.00000000 0.12656380
v 0.18145029 0.00000000 0.16002677
v 0.18145029 0.00000000 0.19348975
v 0.25543186 0.00000000 0.12656380
v 0.25543186 0.00000000 0.16002677
v 0.25543186 0.00000000 0.19348975
v 0.18145029 0.00000000 0.22695273
v 0.25543186 0.00000000 0.22695273
v 0.32941341 0.00000000 0.12656380
v 0.32941341 0.00000000 0.16002677
v 0.32941341 0.00000000 0.19348975
v 0.40339497 0.00000000 0.12656380
v 0.40339497 0.00000000 0.16002677
v 0.46510401 -0.00533000 0.13216899
v 0.46364862 0.00000000 0.12949333
v 0.47151479 0.00000000 0.13669184
v 0.40339497 0.00000000 0.19348975
v 0.32941341 0.00000000 0.22695273
v 0.40339497 0.00000000 0.22695273
v 0.18145029 0.00000000 0.26041570
v 0.18145029 0.00000000 0.29387867
v 0.18145029 0.00000000 0.32734165
v 0.25543186 0.00000000 0.26041570
v 0.25543186 0.00000000 0.29387867
v 0.25543186 0.00000000 0.32734165
v 0.18145029 0.00000000 0.36080462
v 0.18145029 0.00000000 0.39426759
v 0.25543186 0.00000000 0.36080462
v 0.25543186 0.00000000 0.39426759
v 0.32941341 0.00000000 0.26041570
v 0.32941341 0.00000000 0.29387867
v 0.32941341 0.00000000 0.32734165
v 0.40339497 0.00000000 0.26041570
v 0.40339497 0.00000000 0.29387867
v 0.40339497 0.00000000 0.32734165
v 0.32941341 0.00000000 0.36080462
v 0.32941341 0.00000000 0.39426759
v 0.40339497 0.00000000 0.36080462
v 0.40339497 0.00000000 0.39426759
v -0.11447595 -0.27809879 0.66197139
v -0.11447595 -0.24333645 0.66197139
v -0.11447595 -0.20857410 0.66197139
v -0.04049439 -0.27809879 0.66197139
v -0.04049439 -0.24333645 0.66197139
v -0.04049439 -0.20857410 0.66197139
v -0.11447595 -0.17381175 0.66197139
v -0.04049439 -0.17381175 0.66197139
v 0.03348717 -0.27809879 0.66197139
v 0.03348717 -0.24333645 0.66197139
v 0.03348717 -0.20857410 0.66197139
v 0.10746873 -0.27809879 0.66197139
v 0.10746873 -0.24333645 0.66197139
v 0.10746873 -0.20857410 0.66197139
v 0.03348717 -0.17381175 0.66197139
v 0.10746873 -0.17381175 0.66197139
v -0.11447595 0.00000000 0.42773056
v -0.04049439 0.00000000 0.42773056
v -0.11447595 0.00000000 0.46119356
v -0.11447595 0.00000000 0.49465653
v -0.04049439 0.00000000 0.46119356
v -0.04049439 0.00000000 0.49465653
v 0.03348717 0.00000000 0.42773056
v 0.10746873 0.00000000 0.42773056
v 0.03348717 0.00000000 0.46119356
v 0.03348717 0.00000000 0.49465653
v 0.10746873 0.00000000 0.46119356
v 0.10746873 0.00000000 0.49465653
v -0.11447595 -0.13904940 0.66197139
v -0.11447595 -0.10428705 0.66197139
v -0.04049439 -0.13904940 0.66197139
v -0.04049439 -0.10428705 0.66197139
v -0.11447595 0.00000000 0.52811950
v -0.11447595 0.00000000 0.56158245
v -0.04049439 0.00000000 0.52811950
v -0.04049439 0.00000000 0.56158245
v -0.11447595 -0.06952470 0.66197139
v -0.11447595 0.00000000 0.59504545
v -0.11447595 -0.03476235 0.66197139
v -0.11447595 0.00000000 0.62850845
v -0.11447595 0.00000000 0.66197139
v -0.04049439 -0.06952470 0.66197139
v -0.04049439 0.00000000 0.59504545
v -0.04049439 -0.03476235 0.66197139
v -0.04049439 0.00000000 0.62850845
v -0.04049439 0.00000000 0.66197139
v 0.03348717 -0.13904940 0.66197139
v 0.03348717 -0.10428705 0.66197139
v 0.10746873 -0.13904940 0.66197139
v 0.10746873 -0.10428705 0.66197139
v 0.03348717 0.00000000 0.52811950
v 0.03348717 0.00000000 0.56158245
v 0.10746873 0.00000000 0.52811950
v 0.10746873 0.00000000 0.56158245
v 0.03348717 -0.06952470 0.66197139
v 0.03348717 0.00000000 0.59504545
v 0.03348717 -0.03476235 0.66197139
v 0.03348717 0.00000000 0.62850845
v 0.03348717 0.00000000 0.66197139
v 0.10746873 -0.06952470 0.66197139
v 0.10746873 0.00000000 0.59504545
v 0.10746873 -0.03476235 0.66197139
v 0.10746873 0.00000000 0.62850845
v 0.10746873 0.00000000 0.66197139
v 0.18145029 -0.27809879 0.66197139
v 0.18145029 -0.24333645 0.66197139
v 0.18145029 -0.20857410 0.66197139
v 0.25543186 -0.27809879 0.66197139
v 0.25543186 -0.24333645 0.66197139
v 0.25543186 -0.20857410 0.66197139
v 0.18145029 -0.17381175 0.66197139
v 0.25543186 -0.17381175 0.66197139
v 0.32941341 -0.27809879 0.66197139
v 0.32941341 -0.24333645 0.66197139
v 0.32941341 -0.20857410 0.66197139
v 0.40339497 -0.27809879 0.66197139
v 0.40339497 -0.24333645 0.66197139
v 0.40339497 -0.20857410 0.66197139
v 0.32941341 -0.17381175 0.66197139
v 0.40339497 -0.17381175 0.66197139
v 0.18145029 0.00000000 0.42773056
v 0.25543186 0.00000000 0.42773056
v 0.18145029 0.00000000 0.46119356
v 0.18145029 0.00000000 0.49465653
v 0.25543186 0.00000000 0.46119356
v 0.25543186 0.00000000 0.49465653
v 0.32941341 0.00000000 0.42773056
v 0.40339497 0.00000000 0.42773056
v 0.32941341 0.00000000 0.46119356
v 0.32941341 0.00000000 0.49465653
v 0.40339497 0.00000000 0.46119356
v 0.40339497 0.00000000 0.49465653
v 0.18145029 -0.13904940 0.66197139
v 0.18145029 -0.10428705 0.66197139
v 0.25543186 -0.13904940 0.66197139
v 0.25543186 -0.10428705 0.66197139
v 0.18145029 0.00000000 0.52811950
v 0.18145029 0.00000000 0.56158245
v 0.25543186 0.00000000 0.52811950
v 0.25543186 0.00000000 0.56158245
v 0.18145029 -0.06952470 0.66197139
v 0.18145029 0.00000000 0.59504545
v 0.18145029 -0.03476235 0.66197139
v 0.18145029 0.00000000 0.62850845
v 0.18145029 0.00000000 0.66197139
v 0.25543186 -0.06952470 0.66197139
v 0.25543186 0.00000000 0.59504545
v 0.25543186 -0.03476235 0.66197139
v 0.25543186 0.00000000 0.62850845
v 0.25543186 0.00000000 0.66197139
v 0.32941341 -0.13904940 0.66197139
v 0.32941341 -0.10428705 0.66197139
v 0.40339497 -0.13904940 0.66197139
v 0.40339497 -0.10428705 0.66197139
v 0.32941341 0.00000000 0.52811950
v 0.32941341 0.00000000 0.56158245
v 0.40339497 0.00000000 0.52811950
v 0.40339497 0.00000000 0.56158245
v 0.32941341 -0.06952470 0.66197139
v 0.32941341 0.00000000 0.59504545
v 0.32941341 -0.03476235 0.66197139
v 0.32941341 0.00000000 0.62850845
v 0.32941341 0.00000000 0.66197139
v 0.40339497 -0.06952470 0.66197139
v 0.40339497 0.00000000 0.59504545
v 0.40339497 -0.03476235 0.66197139
v 0.40339497 0.00000000 0.62850845
v 0.40339497 0.00000000 0.66197139
v 1.06922901 -0.55619758 0.12656380
v 1.06922901 -0.55619758 0.16002677
v 1.06922901 -0.52143526 0.12656380
v 1.06922901 -0.52143526 0.16002677
v 1.06922901 -0.55619758 0.19348975
v 1.06922901 -0.52143526 0.19348975
v 1.06922901 -0.48667291 0.12656380
v 1.06922901 -0.48667291 0.16002677
v 1.06922901 -0.48667291 0.19348975
v 1.06922901 -0.55619758 0.22695273
v 1.06922901 -0.52143526 0.22695273
v 1.06922901 -0.48667291 0.22695273
v 1.06922901 -0.45191056 0.12656380
v 1.06922901 -0.45191056 0.16002677
v 1.06922901 -0.45191056 0.19348975
v 1.06922901 -0.41714820 0.12656380
v 1.06922901 -0.41714820 0.16002677
v 1.06922901 -0.41714820 0.19348975
v 1.06922901 -0.45191056 0.22695273
v 1.06922901 -0.41714820 0.22695273
v 1.06922901 -0.55619758 0.26041570
v 1.06922901 -0.52143526 0.26041570
v 1.06922901 -0.55619758 0.29387867
v 1.06922901 -0.55619758 0.32734165
v 1.06922901 -0.52143526 0.29387867
v 1.06922901 -0.52143526 0.32734165
v 1.06922901 -0.48667291 0.26041570
v 1.06922901 -0.48667291 0.29387867
v 1.06922901 -0.48667291 0.32734165
v 1.06922901 -0.55619758 0.36080462
v 1.06922901 -0.52143526 0.36080462
v 1.06922901 -0.55619758 0.39426759
v 1.06922901 -0.52143526 0.39426759
v 1.06922901 -0.48667291 0.36080462
v 1.06922901 -0.48667291 0.39426759
v 1.06922901 -0.45191056 0.26041570
v 1.06922901 -0.45191056 0.29387867
v 1.06922901 -0.45191056 0.32734165
v 1.06922901 -0.41714820 0.26041570
v 1.06922901 -0.41714820 0.29387867
v 1.06922901 -0.41714820 0.32734165
v 1.06922901 -0.45191056 0.36080462
v 1.06922901 -0.45191056 0.39426759
v 1.06922901 -0.41714820 0.36080462
v 1.06922901 -0.41714820 0.39426759
v 1.06922901 -0.38238585 0.12656380
v 1.06922901 -0.38238585 0.16002677
v 1.06922901 -0.38238585 0.19348975
v 1.06922901 -0.34762350 0.12656380
v 1.06922901 -0.34762350 0.16002677
v 1.06922901 -0.34762350 0.19348975
v 1.06922901 -0.38238585 0.22695273
v 1.06922901 -0.34762350 0.22695273
v 1.06922901 -0.31286114 0.12656380
v 1.06922901 -0.31286114 0.16002677
v 1.06922901 -0.31286114 0.19348975
v 1.06922901 -0.31286114 0.22695273
v 1.06922901 -0.38238585 0.26041570
v 1.06922901 -0.38238585 0.29387867
v 1.06922901 -0.38238585 0.32734165
v 1.06922901 -0.34762350 0.26041570
v 1.06922901 -0.34762350 0.29387867
v 1.06922901 -0.34762350 0.32734165
v 1.06922901 -0.38238585 0.36080462
v 1.06922901 -0.38238585 0.39426759
v 1.06922901 -0.34762350 0.36080462
v 1.06922901 -0.34762350 0.39426759
v 1.06922901 -0.31286114 0.26041570
v 1.06922901 -0.31286114 0.29387867
v 1.06922901 -0.31286114 0.32734165
v 1.06922901 -0.31286114 0.36080462
v 1.06922901 -0.31286114 0.39426759
v 0.47737652 -0.55619758 0.66197139
v 0.47737652 -0.52143526 0.66197139
v 0.47737652 -0.48667291 0.66197139
v 0.55135810 -0.55619758 0.66197139
v 0.55135810 -0.52143526 0.66197139
v 0.62533963 -0.55619758 0.66197139
v 0.62533963 -0.52143526 0.66197139
v 0.55135810 -0.48667291 0.66197139
v 0.62533963 -0.48667291 0.66197139
v 0.47737652 -0.45191056 0.66197139
v 0.47737652 -0.41714820 0.66197139
v 0.55135810 -0.45191056 0.66197139
v 0.62533963 -0.45191056 0.66197139
v 0.55135810 -0.41714820 0.66197139
v 0.62533963 -0.41714820 0.66197139
v 0.69932121 -0.55619758 0.66197139
v 0.69932121 -0.52143526 0.66197139
v 0.77330273 -0.55619758 0.66197139
v 0.77330273 -0.52143526 0.66197139
v 0.69932121 -0.48667291 0.66197139
v 0.77330273 -0.48667291 0.66197139
v 0.69932121 -0.45191056 0.66197139
v 0.77330273 -0.45191056 0.66197139
v 0.69932121 -0.41714820 0.66197139
v 0.77330273 -0.41714820 0.66197139
v 0.47737652 -0.38238585 0.66197139
v 0.47737652 -0.34762350 0.66197139
v 0.55135810 -0.38238585 0.66197139
v 0.62533963 -0.38238585 0.66197139
v 0.55135810 -0.34762350 0.66197139
v 0.62533963 -0.34762350 0.66197139
v 0.47737652 -0.31286114 0.66197139
v 0.55135810 -0.31286114 0.66197139
v 0.62533963 -0.31286114 0.66197139
v 0.69932121 -0.38238585 0.66197139
v 0.77330273 -0.38238585 0.66197139
v 0.69932121 -0.34762350 0.66197139
v 0.77330273 -0.34762350 0.66197139
v 0.69932121 -0.31286114 0.66197139
v 0.77330273 -0.31286114 0.66197139
v 1.06922901 -0.55619758 0.42773056
v 1.06922901 -0.52143526 0.42773056
v 1.06922901 -0.48667291 0.42773056
v 1.06922901 -0.55619758 0.46119356
v 1.06922901 -0.52143526 0.46119356
v 1.06922901 -0.55619758 0.49465653
v 1.06922901 -0.52143526 0.49465653
v 1.06922901 -0.48667291 0.46119356
v 1.06922901 -0.48667291 0.49465653
v 1.06922901 -0.45191056 0.42773056
v 1.06922901 -0.41714820 0.42773056
v 1.06922901 -0.45191056 0.46119356
v 1.06922901 -0.45191056 0.49465653
v 1.06922901 -0.41714820 0.46119356
v 1.06922901 -0.41714820 0.49465653
v 0.84728432 -0.55619758 0.66197139
v 0.84728432 -0.52143526 0.66197139
v 0.84728432 -0.48667291 0.66197139
v 0.84728432 -0.45191056 0.66197139
v 0.84728432 -0.41714820 0.66197139
v 1.06922901 -0.55619758 0.52811950
v 1.06922901 -0.55619758 0.56158245
v 1.06922901 -0.52143526 0.52811950
v 1.06922901 -0.52143526 0.56158245
v 1.06922901 -0.48667291 0.52811950
v 1.06922901 -0.48667291 0.56158245
v 0.92126590 -0.55619758 0.66197139
v 0.92126590 -0.52143526 0.66197139
v 0.99524742 -0.55619758 0.66197139
v 0.99524742 -0.52143526 0.66197139
v 0.92126590 -0.48667291 0.66197139
v 0.99524742 -0.48667291 0.66197139
v 1.06922901 -0.55619758 0.59504545
v 1.06922901 -0.52143526 0.59504545
v 1.06922901 -0.55619758 0.62850845
v 1.06922901 -0.55619758 0.66197139
v 1.06922901 -0.52143526 0.62850845
v 1.06922901 -0.52143526 0.66197139
v 1.06922901 -0.48667291 0.59504545
v 1.06922901 -0.48667291 0.62850845
v 1.06922901 -0.48667291 0.66197139
v 1.06922901 -0.45191056 0.52811950
v 1.06922901 -0.45191056 0.56158245
v 1.06922901 -0.41714820 0.52811950
v 1.06922901 -0.41714820 0.56158245
v 0.92126590 -0.45191056 0.66197139
v 0.99524742 -0.45191056 0.66197139
v 0.92126590 -0.41714820 0.66197139
v 0.99524742 -0.41714820 0.66197139
v 1.06922901 -0.45191056 0.59504545
v 1.06922901 -0.45191056 0.62850845
v 1.06922901 -0.45191056 0.66197139
v 1.06922901 -0.41714820 0.59504545
v 1.06922901 -0.41714820 0.62850845
v 1.06922901 -0.41714820 0.66197139
v 1.06922901 -0.38238585 0.42773056
v 1.06922901 -0.34762350 0.42773056
v 1.06922901 -0.38238585 0.46119356
v 1.06922901 -0.38238585 0.49465653
v 1.06922901 -0.34762350 0.46119356
v 1.06922901 -0.34762350 0.49465653
v 1.06922901 -0.31286114 0.42773056
v 1.06922901 -0.31286114 0.46119356
v 1.06922901 -0.31286114 0.49465653
v 0.84728432 -0.38238585 0.66197139
v 0.84728432 -0.34762350 0.66197139
v 0.84728432 -0.31286114 0.66197139
v 1.06922901 -0.38238585 0.52811950
v 1.06922901 -0.38238585 0.56158245
v 1.06922901 -0.34762350 0.52811950
v 1.06922901 -0.34762350 0.56158245
v 0.92126590 -0.38238585 0.66197139
v 0.99524742 -0.38238585 0.66197139
v 0.92126590 -0.34762350 0.66197139
v 0.99524742 -0.34762350 0.66197139
v 1.06922901 -0.38238585 0.59504545
v 1.06922901 -0.38238585 0.62850845
v 1.06922901 -0.38238585 0.66197139
v 1.06922901 -0.34762350 0.59504545
v 1.06922901 -0.34762350 0.62850845
v 1.06922901 -0.34762350 0.66197139
v 1.06922901 -0.31286114 0.52811950
v 1.06922901 -0.31286114 0.56158245
v 0.92126590 -0.31286114 0.66197139
v 0.99524742 -0.31286114 0.66197139
v 1.06922901 -0.31286114 0.59504545
v 1.06922901 -0.31286114 0.62850845
v 1.06922901 -0.31286114 0.66197139
v 0.49439600 -0.02393500 0.14017200
v 0.51399499 -0.02687800 0.14383399
v 0.47739300 -0.01602900 0.13780400
v 0.47979003 0.00000000 0.14153175
v 0.48399827 0.00000000 0.14796613
v 0.47737652 0.00000000 0.16002677
v 0.48687401 -0.00744900 0.15233400
v 0.49447531 0.00000000 0.15857100
v 0.49956700 -0.01692600 0.15788500
v 0.53682530 -0.02811970 0.14565490
v 0.51409400 -0.02184200 0.16208400
v 0.49974510 0.00000000 0.16174884
v 0.50284278 0.00000000 0.16711473
v 0.50696898 -0.00707600 0.17277600
v 0.47737652 0.00000000 0.19348975
v 0.51324695 0.00000000 0.17773066
v 0.53464389 -0.02355210 0.17731079
v 0.51962602 -0.01692500 0.17817500
v 0.51849872 0.00000000 0.18074872
v 0.52090538 0.00000000 0.18549392
v 0.52506000 -0.00824800 0.19134800
v 0.61261117 -0.02858780 0.14024220
v 0.55508912 -0.02710970 0.16603050
v 0.55190599 -0.02531100 0.18605800
v 0.53125840 0.00000000 0.19677606
v 0.53728598 -0.01681400 0.19748700
v 0.53622377 0.00000000 0.19990912
v 0.53860438 0.00000000 0.20595728
v 0.54172498 -0.00687700 0.21179099
v 0.47737652 0.00000000 0.22695273
v 0.55235499 -0.02152900 0.20444500
v 0.57564378 -0.02624270 0.20646760
v 0.57200933 -0.02316750 0.22629420
v 0.55195820 0.00000000 0.22622089
v 0.57694101 -0.01918900 0.24768500
v 0.55925202 -0.01305470 0.23259500
v 0.55135810 0.00000000 0.22695273
v 0.55352831 0.00000000 0.22820505
v 0.56307274 0.00000000 0.23786753
v 0.56845587 0.00000000 0.24804851
v 0.57016999 -0.00379400 0.25185800
v 0.57313925 0.00000000 0.25312802
v 0.58991998 -0.02612100 0.23222800
v 0.60813922 -0.02710950 0.23197100
v 0.59209698 -0.02399900 0.25069901
v 0.60947561 -0.02645150 0.25133899
v 0.62991101 -0.02750300 0.15443610
v 0.68854231 -0.02706520 0.14335521
v 0.68496519 -0.02711590 0.16204630
v 0.72245783 -0.01807270 0.14580180
v 0.73186928 -0.00624230 0.14206040
v 0.73106718 0.00000000 0.14120670
v 0.73278785 0.00000000 0.15508772
v 0.77330273 0.00000000 0.12656380
v 0.77330273 0.00000000 0.16002677
v 0.70631248 -0.02524560 0.16548280
v 0.72249901 -0.02113800 0.17414001
v 0.72246701 -0.02299200 0.19262400
v 0.73487002 -0.00896700 0.17167000
v 0.73434132 0.00000000 0.17120655
v 0.73622799 -0.01418900 0.18743201
v 0.73721856 0.00000000 0.18154007
v 0.73801214 0.00000000 0.18780273
v 0.77330273 0.00000000 0.19348975
v 0.69153649 -0.02718080 0.23677540
v 0.73646700 -0.01750200 0.20602600
v 0.74238235 0.00000000 0.19627723
v 0.74605012 -0.00587670 0.20466900
v 0.74637324 0.00000000 0.21055230
v 0.70802492 -0.02677790 0.23763341
v 0.72605789 -0.02475220 0.25308061
v 0.74105263 -0.02005090 0.25984079
v 0.74973625 0.00000000 0.24025609
v 0.77330273 0.00000000 0.22695273
v 0.47737652 0.00000000 0.26041570
v 0.47737652 0.00000000 0.29387867
v 0.47737652 0.00000000 0.32734165
v 0.55135810 0.00000000 0.26041570
v 0.58175898 -0.00835300 0.26398301
v 0.58161485 0.00000000 0.26076153
v 0.59399801 -0.01813800 0.26819399
v 0.60911202 -0.02379700 0.26926699
v 0.62483799 -0.02588300 0.27198300
v 0.61203903 -0.01796000 0.28688499
v 0.58954638 0.00000000 0.27097419
v 0.59385514 0.00000000 0.27347550
v 0.59987801 -0.00913700 0.28252399
v 0.59584296 0.00000000 0.27738675
v 0.60719985 0.00000000 0.28910577
v 0.61092037 0.00000000 0.29117900
v 0.55135810 0.00000000 0.29387867
v 0.55135810 0.00000000 0.32734165
v 0.61291963 0.00000000 0.29498205
v 0.61748898 -0.00868100 0.30057001
v 0.62385982 0.00000000 0.30575085
v 0.62533963 0.00000000 0.32734165
v 0.47737652 0.00000000 0.36080462
v 0.47737652 0.00000000 0.39426759
v 0.55135810 0.00000000 0.36080462
v 0.62533963 0.00000000 0.36080462
v 0.55135810 0.00000000 0.39426759
v 0.62533963 0.00000000 0.39426759
v 0.64978319 -0.02709270 0.26736960
v 0.62948447 -0.02511230 0.28683630
v 0.64590019 -0.02608240 0.29117459
v 0.64498103 -0.02309900 0.30728701
v 0.64794499 -0.01789200 0.32264999
v 0.62982202 -0.01732500 0.30551100
v 0.62814009 0.00000000 0.30806550
v 0.63080466 0.00000000 0.31299746
v 0.63541800 -0.00750900 0.31908000
v 0.64291841 0.00000000 0.32391804
v 0.66535532 -0.02685190 0.30666980
v 0.68859708 -0.02622340 0.32175931
v 0.75256407 -0.00833240 0.26093680
v 0.75273407 0.00000000 0.26485848
v 0.77330273 0.00000000 0.26041570
v 0.75276297 -0.01590800 0.27726299
v 0.75730926 0.00000000 0.27815828
v 0.76076400 -0.00576400 0.28582999
v 0.72315389 -0.02662980 0.29661700
v 0.74121767 -0.02397380 0.29956549
v 0.75369591 -0.01869380 0.29984030
v 0.76258838 0.00000000 0.29505885
v 0.77330273 0.00000000 0.29387867
v 0.76575238 -0.00768600 0.30659619
v 0.76537687 0.00000000 0.30693859
v 0.76704520 0.00000000 0.31831124
v 0.77330273 0.00000000 0.32734165
v 0.66027182 -0.00326730 0.34406391
v 0.65829986 0.00000000 0.34051856
v 0.66885042 -0.02305650 0.32929480
v 0.69673687 -0.02386800 0.33597019
v 0.69609821 -0.01880290 0.35014910
v 0.67111433 -0.01420170 0.34797060
v 0.66575074 0.00000000 0.34717080
v 0.67529351 0.00000000 0.35184902
v 0.68525320 -0.00586920 0.35889071
v 0.68160945 0.00000000 0.35652080
v 0.69397867 0.00000000 0.35938263
v 0.73139751 -0.02439870 0.33031929
v 0.69932121 0.00000000 0.36080462
v 0.71327841 0.00000000 0.36060780
v 0.75216299 -0.01952400 0.32846501
v 0.74359578 -0.01851610 0.34679651
v 0.76458299 -0.01135600 0.32849699
v 0.76230901 -0.01247100 0.34264499
v 0.76686317 0.00000000 0.32737768
v 0.76844740 0.00000000 0.34245643
v 0.76897597 0.00000000 0.34049219
v 0.76888418 0.00000000 0.34125584
v 0.75345343 0.00000000 0.36013189
v 0.75928748 -0.00766440 0.35737991
v 0.76071954 0.00000000 0.35569313
v 0.77330273 0.00000000 0.36080462
v 0.72081989 -0.00863270 0.36117771
v 0.69932121 0.00000000 0.39426759
v 0.73885214 0.00000000 0.36167580
v 0.77330273 0.00000000 0.39426759
v 1.06922901 -0.27809879 0.12656380
v 1.06922901 -0.27809879 0.16002677
v 1.06922901 -0.24333645 0.12656380
v 1.06922901 -0.24333645 0.16002677
v 1.06922901 -0.27809879 0.19348975
v 1.06922901 -0.24333645 0.19348975
v 1.06922901 -0.20857410 0.12656380
v 1.06922901 -0.20857410 0.16002677
v 1.06922901 -0.20857410 0.19348975
v 1.06922901 -0.27809879 0.22695273
v 1.06922901 -0.24333645 0.22695273
v 1.06922901 -0.20857410 0.22695273
v 1.06922901 -0.17381175 0.12656380
v 1.06922901 -0.17381175 0.16002677
v 1.06922901 -0.17381175 0.19348975
v 1.06922901 -0.17381175 0.22695273
v 1.06922901 -0.27809879 0.26041570
v 1.06922901 -0.24333645 0.26041570
v 1.06922901 -0.27809879 0.29387867
v 1.06922901 -0.27809879 0.32734165
v 1.06922901 -0.24333645 0.29387867
v 1.06922901 -0.24333645 0.32734165
v 1.06922901 -0.20857410 0.26041570
v 1.06922901 -0.20857410 0.29387867
v 1.06922901 -0.20857410 0.32734165
v 1.06922901 -0.27809879 0.36080462
v 1.06922901 -0.24333645 0.36080462
v 1.06922901 -0.27809879 0.39426759
v 1.06922901 -0.24333645 0.39426759
v 1.06922901 -0.20857410 0.36080462
v 1.06922901 -0.20857410 0.39426759
v 1.06922901 -0.17381175 0.26041570
v 1.06922901 -0.17381175 0.29387867
v 1.06922901 -0.17381175 0.32734165
v 1.06922901 -0.17381175 0.36080462
v 1.06922901 -0.17381175 0.39426759
v 0.84728432 0.00000000 0.12656380
v 0.84728432 0.00000000 0.16002677
v 0.84728432 0.00000000 0.19348975
v 0.84728432 0.00000000 0.22695273
v 1.06922901 -0.13904940 0.12656380
v 1.06922901 -0.13904940 0.16002677
v 1.06922901 -0.10428705 0.12656380
v 1.06922901 -0.10428705 0.16002677
v 1.06922901 -0.13904940 0.19348975
v 1.06922901 -0.10428705 0.19348975
v 1.06922901 -0.13904940 0.22695273
v 1.06922901 -0.10428705 0.22695273
v 0.92126590 0.00000000 0.12656380
v 0.92126590 0.00000000 0.16002677
v 0.99524742 0.00000000 0.12656380
v 0.99524742 0.00000000 0.16002677
v 0.92126590 0.00000000 0.19348975
v 0.99524742 0.00000000 0.19348975
v 1.06922901 -0.06952470 0.12656380
v 1.06922901 -0.06952470 0.16002677
v 1.06922901 -0.06952470 0.19348975
v 1.06922901 -0.03476235 0.12656380
v 1.06922901 -0.03476235 0.16002677
v 1.06922901 0.00000000 0.12656380
v 1.06922901 0.00000000 0.16002677
v 1.06922901 -0.03476235 0.19348975
v 1.06922901 0.00000000 0.19348975
v 0.92126590 0.00000000 0.22695273
v 0.99524742 0.00000000 0.22695273
v 1.06922901 -0.06952470 0.22695273
v 1.06922901 -0.03476235 0.22695273
v 1.06922901 0.00000000 0.22695273
v 0.84728432 0.00000000 0.26041570
v 0.84728432 0.00000000 0.29387867
v 0.84728432 0.00000000 0.32734165
v 0.84728432 0.00000000 0.36080462
v 0.84728432 0.00000000 0.39426759
v 1.06922901 -0.13904940 0.26041570
v 1.06922901 -0.10428705 0.26041570
v 1.06922901 -0.13904940 0.29387867
v 1.06922901 -0.13904940 0.32734165
v 1.06922901 -0.10428705 0.29387867
v 1.06922901 -0.10428705 0.32734165
v 1.06922901 -0.13904940 0.36080462
v 1.06922901 -0.10428705 0.36080462
v 1.06922901 -0.13904940 0.39426759
v 1.06922901 -0.10428705 0.39426759
v 0.92126590 0.00000000 0.26041570
v 0.99524742 0.00000000 0.26041570
v 0.92126590 0.00000000 0.29387867
v 0.92126590 0.00000000 0.32734165
v 0.99524742 0.00000000 0.29387867
v 0.99524742 0.00000000 0.32734165
v 1.06922901 -0.06952470 0.26041570
v 1.06922901 -0.06952470 0.29387867
v 1.06922901 -0.06952470 0.32734165
v 1.06922901 -0.03476235 0.26041570
v 1.06922901 0.00000000 0.26041570
v 1.06922901 -0.03476235 0.29387867
v 1.06922901 -0.03476235 0.32734165
v 1.06922901 0.00000000 0.29387867
v 1.06922901 0.00000000 0.32734165
v 0.92126590 0.00000000 0.36080462
v 0.99524742 0.00000000 0.36080462
v 0.92126590 0.00000000 0.39426759
v 0.99524742 0.00000000 0.39426759
v 1.06922901 -0.06952470 0.36080462
v 1.06922901 -0.06952470 0.39426759
v 1.06922901 -0.03476235 0.36080462
v 1.06922901 0.00000000 0.36080462
v 1.06922901 -0.03476235 0.39426759
v 1.06922901 0.00000000 0.39426759
v 0.47737652 -0.27809879 0.66197139
v 0.47737652 -0.24333645 0.66197139
v 0.47737652 -0.20857410 0.66197139
v 0.55135810 -0.27809879 0.66197139
v 0.55135810 -0.24333645 0.66197139
v 0.62533963 -0.27809879 0.66197139
v 0.62533963 -0.24333645 0.66197139
v 0.55135810 -0.20857410 0.66197139
v 0.62533963 -0.20857410 0.66197139
v 0.47737652 -0.17381175 0.66197139
v 0.55135810 -0.17381175 0.66197139
v 0.62533963 -0.17381175 0.66197139
v 0.69932121 -0.27809879 0.66197139
v 0.69932121 -0.24333645 0.66197139
v 0.77330273 -0.27809879 0.66197139
v 0.77330273 -0.24333645 0.66197139
v 0.69932121 -0.20857410 0.66197139
v 0.77330273 -0.20857410 0.66197139
v 0.69932121 -0.17381175 0.66197139
v 0.77330273 -0.17381175 0.66197139
v 0.47737652 0.00000000 0.42773056
v 0.55135810 0.00000000 0.42773056
v 0.62533963 0.00000000 0.42773056
v 0.47737652 0.00000000 0.46119356
v 0.47737652 0.00000000 0.49465653
v 0.55135810 0.00000000 0.46119356
v 0.62533963 0.00000000 0.46119356
v 0.55135810 0.00000000 0.49465653
v 0.62533963 0.00000000 0.49465653
v 0.69932121 0.00000000 0.42773056
v 0.77330273 0.00000000 0.42773056
v 0.69932121 0.00000000 0.46119356
v 0.77330273 0.00000000 0.46119356
v 0.69932121 0.00000000 0.49465653
v 0.77330273 0.00000000 0.49465653
v 0.47737652 -0.13904940 0.66197139
v 0.47737652 -0.10428705 0.66197139
v 0.55135810 -0.13904940 0.66197139
v 0.55135810 -0.10428705 0.66197139
v 0.62533963 -0.13904940 0.66197139
v 0.62533963 -0.10428705 0.66197139
v 0.47737652 0.00000000 0.52811950
v 0.47737652 0.00000000 0.56158245
v 0.55135810 0.00000000 0.52811950
v 0.55135810 0.00000000 0.56158245
v 0.62533963 0.00000000 0.52811950
v 0.62533963 0.00000000 0.56158245
v 0.47737652 -0.06952470 0.66197139
v 0.47737652 0.00000000 0.59504545
v 0.47737652 -0.03476235 0.66197139
v 0.47737652 0.00000000 0.62850845
v 0.47737652 0.00000000 0.66197139
v 0.55135810 -0.06952470 0.66197139
v 0.62533963 -0.06952470 0.66197139
v 0.55135810 0.00000000 0.59504545
v 0.62533963 0.00000000 0.59504545
v 0.55135810 -0.03476235 0.66197139
v 0.55135810 0.00000000 0.62850845
v 0.55135810 0.00000000 0.66197139
v 0.62533963 -0.03476235 0.66197139
v 0.62533963 0.00000000 0.62850845
v 0.62533963 0.00000000 0.66197139
v 0.69932121 -0.13904940 0.66197139
v 0.69932121 -0.10428705 0.66197139
v 0.77330273 -0.13904940 0.66197139
v 0.77330273 -0.10428705 0.66197139
v 0.69932121 0.00000000 0.52811950
v 0.69932121 0.00000000 0.56158245
v 0.77330273 0.00000000 0.52811950
v 0.77330273 0.00000000 0.56158245
v 0.69932121 -0.06952470 0.66197139
v 0.77330273 -0.06952470 0.66197139
v 0.69932121 0.00000000 0.59504545
v 0.77330273 0.00000000 0.59504545
v 0.69932121 -0.03476235 0.66197139
v 0.69932121 0.00000000 0.62850845
v 0.69932121 0.00000000 0.66197139
v 0.77330273 -0.03476235 0.66197139
v 0.77330273 0.00000000 0.62850845
v 0.77330273 0.00000000 0.66197139
v 1.06922901 -0.27809879 0.42773056
v 1.06922901 -0.24333645 0.42773056
v 1.06922901 -0.20857410 0.42773056
v 1.06922901 -0.27809879 0.46119356
v 1.06922901 -0.24333645 0.46119356
v 1.06922901 -0.27809879 0.49465653
v 1.06922901 -0.24333645 0.49465653
v 1.06922901 -0.20857410 0.46119356
v 1.06922901 -0.20857410 0.49465653
v 1.06922901 -0.17381175 0.42773056
v 1.06922901 -0.17381175 0.46119356
v 1.06922901 -0.17381175 0.49465653
v 0.84728432 -0.27809879 0.66197139
v 0.84728432 -0.24333645 0.66197139
v 0.84728432 -0.20857410 0.66197139
v 0.84728432 -0.17381175 0.66197139
v 1.06922901 -0.27809879 0.52811950
v 1.06922901 -0.27809879 0.56158245
v 1.06922901 -0.24333645 0.52811950
v 1.06922901 -0.24333645 0.56158245
v 1.06922901 -0.20857410 0.52811950
v 1.06922901 -0.20857410 0.56158245
v 0.92126590 -0.27809879 0.66197139
v 0.92126590 -0.24333645 0.66197139
v 0.99524742 -0.27809879 0.66197139
v 0.99524742 -0.24333645 0.66197139
v 0.92126590 -0.20857410 0.66197139
v 0.99524742 -0.20857410 0.66197139
v 1.06922901 -0.27809879 0.59504545
v 1.06922901 -0.24333645 0.59504545
v 1.06922901 -0.27809879 0.62850845
v 1.06922901 -0.27809879 0.66197139
v 1.06922901 -0.24333645 0.62850845
v 1.06922901 -0.24333645 0.66197139
v 1.06922901 -0.20857410 0.59504545
v 1.06922901 -0.20857410 0.62850845
v 1.06922901 -0.20857410 0.66197139
v 1.06922901 -0.17381175 0.52811950
v 1.06922901 -0.17381175 0.56158245
v 0.92126590 -0.17381175 0.66197139
v 0.99524742 -0.17381175 0.66197139
v 1.06922901 -0.17381175 0.59504545
v 1.06922901 -0.17381175 0.62850845
v 1.06922901 -0.17381175 0.66197139
v 0.84728432 0.00000000 0.42773056
v 0.84728432 0.00000000 0.46119356
v 0.84728432 0.00000000 0.49465653
v 1.06922901 -0.13904940 0.42773056
v 1.06922901 -0.10428705 0.42773056
v 1.06922901 -0.13904940 0.46119356
v 1.06922901 -0.10428705 0.46119356
v 1.06922901 -0.13904940 0.49465653
v 1.06922901 -0.10428705 0.49465653
v 0.92126590 0.00000000 0.42773056
v 0.99524742 0.00000000 0.42773056
v 1.06922901 -0.06952470 0.42773056
v 1.06922901 -0.03476235 0.42773056
v 1.06922901 0.00000000 0.42773056
v 0.92126590 0.00000000 0.46119356
v 0.99524742 0.00000000 0.46119356
v 0.92126590 0.00000000 0.49465653
v 0.99524742 0.00000000 0.49465653
v 1.06922901 -0.06952470 0.46119356
v 1.06922901 -0.06952470 0.49465653
v 1.06922901 -0.03476235 0.46119356
v 1.06922901 0.00000000 0.46119356
v 1.06922901 -0.03476235 0.49465653
v 1.06922901 0.00000000 0.49465653
v 0.84728432 -0.13904940 0.66197139
v 0.84728432 -0.10428705 0.66197139
v 0.84728432 0.00000000 0.52811950
v 0.84728432 0.00000000 0.56158245
v 0.84728432 -0.06952470 0.66197139
v 0.84728432 0.00000000 0.59504545
v 0.84728432 -0.03476235 0.66197139
v 0.84728432 0.00000000 0.62850845
v 0.84728432 0.00000000 0.66197139
v 1.06922901 -0.13904940 0.52811950
v 1.06922901 -0.13904940 0.56158245
v 1.06922901 -0.10428705 0.52811950
v 1.06922901 -0.10428705 0.56158245
v 0.92126590 -0.13904940 0.66197139
v 0.92126590 -0.10428705 0.66197139
v 0.99524742 -0.13904940 0.66197139
v 0.99524742 -0.10428705 0.66197139
v 1.06922901 -0.13904940 0.59504545
v 1.06922901 -0.10428705 0.59504545
v 1.06922901 -0.13904940 0.62850845
v 1.06922901 -0.13904940 0.66197139
v 1.06922901 -0.10428705 0.62850845
v 1.06922901 -0.10428705 0.66197139
v 0.92126590 0.00000000 0.52811950
v 0.92126590 0.00000000 0.56158245
v 0.99524742 0.00000000 0.52811950
v 0.99524742 0.00000000 0.56158245
v 1.06922901 -0.06952470 0.52811950
v 1.06922901 -0.06952470 0.56158245
v 1.06922901 -0.03476235 0.52811950
v 1.06922901 -0.03476235 0.56158245
v 1.06922901 0.00000000 0.52811950
v 1.06922901 0.00000000 0.56158245
v 0.92126590 -0.06952470 0.66197139
v 0.99524742 -0.06952470 0.66197139
v 0.92126590 0.00000000 0.59504545
v 0.99524742 0.00000000 0.59504545
v 0.92126590 -0.03476235 0.66197139
v 0.92126590 0.00000000 0.62850845
v 0.92126590 0.00000000 0.66197139
v 0.99524742 -0.03476235 0.66197139
v 0.99524742 0.00000000 0.62850845
v 0.99524742 0.00000000 0.66197139
v 1.06922901 -0.06952470 0.59504545
v 1.06922901 -0.06952470 0.62850845
v 1.06922901 -0.06952470 0.66197139
v 1.06922901 -0.03476235 0.59504545
v 1.06922901 0.00000000 0.59504545
v 1.06922901 -0.03476235 0.62850845
v 1.06922901 -0.03476235 0.66197139
v 1.06922901 0.00000000 0.62850845
v 1.06922901 0.00000000 0.66197139
f 1 10 2
f 1 3 10
f 1 2 4
f 1 4 3
f 2 10 11
f 3 12 10
f 2 11 5
f 2 5 6
f 2 6 4
f 5 11 13
f 3 7 12
f 3 4 8
f 3 8 7
f 7 14 12
f 4 6 9
f 4 9 8
f 10 35 11
f 10 12 35
f 11 35 36
f 12 37 35
f 11 36 13
f 13 36 38
f 12 14 37
f 14 39 37
f 5 13 15
f 5 15 16
f 5 16 6
f 13 21 15
f 15 21 17
f 15 17 18
f 15 18 16
f 17 21 22
f 6 16 19
f 6 19 9
f 16 18 20
f 16 20 19
f 13 38 21
f 21 38 45
f 21 45 22
f 22 45 46
f 7 23 14
f 7 8 24
f 7 24 23
f 14 23 29
f 8 9 25
f 8 25 24
f 23 26 29
f 23 24 27
f 23 27 26
f 26 30 29
f 24 25 28
f 24 28 27
f 14 29 39
f 29 49 39
f 29 30 49
f 30 50 49
f 9 19 31
f 9 31 25
f 19 20 32
f 19 32 31
f 25 31 33
f 25 33 28
f 31 32 34
f 31 34 33
f 35 40 36
f 35 37 40
f 36 40 41
f 37 42 40
f 36 41 38
f 38 41 43
f 37 39 42
f 39 44 42
f 40 133 41
f 40 42 133
f 41 133 134
f 42 135 133
f 41 134 43
f 43 134 136
f 42 44 135
f 44 137 135
f 38 43 45
f 43 47 45
f 45 47 46
f 46 47 48
f 43 136 47
f 47 136 143
f 47 143 48
f 48 143 144
f 39 49 44
f 44 49 51
f 49 50 51
f 50 52 51
f 44 51 137
f 51 147 137
f 51 52 147
f 52 148 147
f 17 22 53
f 17 53 54
f 17 54 18
f 22 59 53
f 53 59 55
f 53 55 56
f 53 56 54
f 55 59 60
f 18 54 57
f 18 57 20
f 54 56 58
f 54 58 57
f 22 46 59
f 46 77 59
f 59 77 60
f 60 77 78
f 55 60 61
f 55 61 62
f 55 62 56
f 60 67 61
f 61 67 63
f 61 63 64
f 61 64 62
f 63 67 68
f 56 62 65
f 56 65 58
f 62 64 66
f 62 66 65
f 60 78 67
f 67 78 81
f 67 81 68
f 68 81 82
f 20 57 69
f 20 69 32
f 57 58 70
f 57 70 69
f 32 69 71
f 32 71 34
f 69 70 72
f 69 72 71
f 58 65 73
f 58 73 70
f 65 66 74
f 65 74 73
f 70 73 75
f 70 75 72
f 73 74 76
f 73 76 75
f 46 48 77
f 48 79 77
f 77 79 78
f 78 79 80
f 48 144 79
f 79 144 169
f 79 169 80
f 80 169 170
f 78 80 81
f 80 83 81
f 81 83 82
f 82 83 84
f 80 170 83
f 83 170 173
f 83 173 84
f 84 173 174
f 26 85 30
f 26 27 86
f 26 86 85
f 30 85 91
f 27 28 87
f 27 87 86
f 85 88 91
f 85 86 89
f 85 89 88
f 88 92 91
f 86 87 90
f 86 90 89
f 30 91 50
f 50 91 109
f 91 92 109
f 92 110 109
f 28 33 93
f 28 93 87
f 33 34 94
f 33 94 93
f 87 93 95
f 87 95 90
f 93 94 96
f 93 96 95
f 88 97 92
f 88 89 98
f 88 98 97
f 92 97 103
f 89 90 99
f 89 99 98
f 97 100 103
f 97 98 101
f 97 101 100
f 100 104 103
f 98 99 102
f 98 102 101
f 92 103 110
f 103 113 110
f 103 104 113
f 104 114 113
f 90 95 105
f 90 105 99
f 95 96 106
f 95 106 105
f 99 105 107
f 99 107 102
f 105 106 108
f 105 108 107
f 50 109 52
f 52 109 111
f 109 110 111
f 110 112 111
f 52 111 148
f 111 185 148
f 111 112 185
f 112 186 185
f 110 113 112
f 112 113 115
f 113 114 115
f 114 116 115
f 112 115 186
f 115 189 186
f 115 116 189
f 116 190 189
f 34 71 117
f 34 117 94
f 71 72 118
f 71 118 117
f 94 117 119
f 94 119 96
f 117 118 120
f 117 120 119
f 72 75 121
f 72 121 118
f 75 76 122
f 75 122 121
f 118 121 123
f 118 123 120
f 121 122 124
f 121 124 123
f 96 119 125
f 96 125 106
f 119 120 126
f 119 126 125
f 106 125 127
f 106 127 108
f 125 126 128
f 125 128 127
f 120 123 129
f 120 129 126
f 123 124 130
f 123 130 129
f 126 129 131
f 126 131 128
f 129 130 132
f 129 132 131
f 133 138 134
f 133 135 138
f 134 138 139
f 135 140 138
f 134 139 136
f 136 139 141
f 135 137 140
f 137 142 140
f 138 151 139
f 138 140 151
f 139 151 152
f 140 153 151
f 139 152 141
f 141 152 154
f 140 142 153
f 142 155 153
f 136 141 143
f 141 145 143
f 143 145 144
f 144 145 146
f 141 154 145
f 145 154 161
f 145 161 146
f 146 161 162
f 137 147 142
f 142 147 149
f 147 148 149
f 148 150 149
f 142 149 155
f 149 165 155
f 149 150 165
f 150 166 165
f 151 156 152
f 151 153 156
f 152 156 157
f 153 158 156
f 152 157 154
f 154 157 159
f 153 155 158
f 155 160 158
f 156 474 157
f 156 158 474
f 157 474 475
f 158 476 474
f 157 475 159
f 159 475 477
f 158 160 476
f 160 478 476
f 154 159 161
f 159 163 161
f 161 163 162
f 162 163 164
f 159 477 163
f 163 477 484
f 163 484 164
f 164 484 485
f 155 165 160
f 160 165 167
f 165 166 167
f 166 168 167
f 160 167 478
f 167 488 478
f 167 168 488
f 168 489 488
f 144 146 169
f 146 171 169
f 169 171 170
f 170 171 172
f 146 162 171
f 162 177 171
f 171 177 172
f 172 177 178
f 170 172 173
f 172 175 173
f 173 175 174
f 174 175 176
f 172 178 175
f 175 178 181
f 175 181 176
f 176 181 182
f 162 164 177
f 164 179 177
f 177 179 178
f 178 179 180
f 164 485 179
f 179 485 510
f 179 510 180
f 180 510 511
f 178 180 181
f 180 183 181
f 181 183 182
f 182 183 184
f 180 511 183
f 183 511 514
f 183 514 184
f 184 514 515
f 148 185 150
f 150 185 187
f 185 186 187
f 186 188 187
f 150 187 166
f 166 187 193
f 187 188 193
f 188 194 193
f 186 189 188
f 188 189 191
f 189 190 191
f 190 192 191
f 188 191 194
f 191 197 194
f 191 192 197
f 192 198 197
f 166 193 168
f 168 193 195
f 193 194 195
f 194 196 195
f 168 195 489
f 195 526 489
f 195 196 526
f 196 527 526
f 194 197 196
f 196 197 199
f 197 198 199
f 198 200 199
f 196 199 527
f 199 530 527
f 199 200 530
f 200 531 530
f 63 68 201
f 63 201 202
f 63 202 64
f 68 207 201
f 201 207 203
f 201 203 204
f 201 204 202
f 203 207 208
f 64 202 205
f 64 205 66
f 202 204 206
f 202 206 205
f 68 82 207
f 82 225 207
f 207 225 208
f 208 225 226
f 203 208 209
f 203 209 210
f 203 210 204
f 208 215 209
f 209 215 211
f 209 211 212
f 209 212 210
f 211 215 216
f 204 210 213
f 204 213 206
f 210 212 214
f 210 214 213
f 208 226 215
f 215 226 229
f 215 229 216
f 216 229 230
f 66 205 217
f 66 217 74
f 205 206 218
f 205 218 217
f 74 217 219
f 74 219 76
f 217 218 220
f 217 220 219
f 206 213 221
f 206 221 218
f 213 214 222
f 213 222 221
f 218 221 223
f 218 223 220
f 221 222 224
f 221 224 223
f 82 84 225
f 84 227 225
f 225 227 226
f 226 227 228
f 84 174 227
f 174 285 227
f 227 285 228
f 228 285 286
f 226 228 229
f 228 231 229
f 229 231 230
f 230 231 232
f 228 286 231
f 231 286 289
f 231 289 232
f 232 289 290
f 211 216 233
f 211 233 234
f 211 234 212
f 216 239 233
f 233 239 235
f 233 235 236
f 233 236 234
f 235 239 240
f 212 234 237
f 212 237 214
f 234 236 238
f 234 238 237
f 216 230 239
f 230 251 239
f 239 251 240
f 240 251 252
f 235 240 241
f 235 241 242
f 235 242 236
f 240 244 241
f 241 244 722
f 241 722 724
f 241 724 242
f 244 731 722
f 236 242 243
f 236 243 238
f 242 724 728
f 242 728 243
f 240 252 244
f 244 252 255
f 244 255 731
f 255 746 731
f 214 237 245
f 214 245 222
f 237 238 246
f 237 246 245
f 222 245 247
f 222 247 224
f 245 246 248
f 245 248 247
f 238 243 249
f 238 249 246
f 243 728 738
f 243 738 249
f 246 249 250
f 246 250 248
f 249 738 741
f 249 741 250
f 230 232 251
f 232 253 251
f 251 253 252
f 252 253 254
f 232 290 253
f 253 290 301
f 253 301 254
f 254 301 302
f 252 254 255
f 254 256 255
f 255 256 746
f 256 749 746
f 254 302 256
f 256 302 305
f 256 305 749
f 305 830 749
f 76 219 257
f 76 257 122
f 219 220 258
f 219 258 257
f 122 257 259
f 122 259 124
f 257 258 260
f 257 260 259
f 220 223 261
f 220 261 258
f 223 224 262
f 223 262 261
f 258 261 263
f 258 263 260
f 261 262 264
f 261 264 263
f 124 259 265
f 124 265 130
f 259 260 266
f 259 266 265
f 130 265 267
f 130 267 132
f 265 266 268
f 265 268 267
f 260 263 269
f 260 269 266
f 263 264 270
f 263 270 269
f 266 269 271
f 266 271 268
f 269 270 272
f 269 272 271
f 224 247 273
f 224 273 262
f 247 248 274
f 247 274 273
f 262 273 275
f 262 275 264
f 273 274 276
f 273 276 275
f 248 250 277
f 248 277 274
f 250 741 794
f 250 794 277
f 274 277 278
f 274 278 276
f 277 794 797
f 277 797 278
f 264 275 279
f 264 279 270
f 275 276 280
f 275 280 279
f 270 279 281
f 270 281 272
f 279 280 282
f 279 282 281
f 276 278 283
f 276 283 280
f 278 797 802
f 278 802 283
f 280 283 284
f 280 284 282
f 283 802 805
f 283 805 284
f 174 176 285
f 176 287 285
f 285 287 286
f 286 287 288
f 176 182 287
f 182 293 287
f 287 293 288
f 288 293 294
f 286 288 289
f 288 291 289
f 289 291 290
f 290 291 292
f 288 294 291
f 291 294 297
f 291 297 292
f 292 297 298
f 182 184 293
f 184 295 293
f 293 295 294
f 294 295 296
f 184 515 295
f 295 515 610
f 295 610 296
f 296 610 611
f 294 296 297
f 296 299 297
f 297 299 298
f 298 299 300
f 296 611 299
f 299 611 614
f 299 614 300
f 300 614 615
f 290 292 301
f 292 303 301
f 301 303 302
f 302 303 304
f 292 298 303
f 298 307 303
f 303 307 304
f 304 307 308
f 302 304 305
f 304 306 305
f 305 306 830
f 306 833 830
f 304 308 306
f 306 308 311
f 306 311 833
f 311 838 833
f 298 300 307
f 300 309 307
f 307 309 308
f 308 309 310
f 300 615 309
f 309 615 626
f 309 626 310
f 310 626 627
f 308 310 311
f 310 312 311
f 311 312 838
f 312 841 838
f 310 627 312
f 312 627 630
f 312 630 841
f 630 1218 841
f 100 313 104
f 100 101 314
f 100 314 313
f 104 313 319
f 101 102 317
f 101 317 314
f 313 315 319
f 313 314 316
f 313 316 315
f 315 320 319
f 314 317 318
f 314 318 316
f 104 319 114
f 114 319 337
f 319 320 337
f 320 338 337
f 102 107 321
f 102 321 317
f 107 108 323
f 107 323 321
f 317 321 322
f 317 322 318
f 321 323 324
f 321 324 322
f 315 325 320
f 315 316 326
f 315 326 325
f 320 325 331
f 316 318 327
f 316 327 326
f 325 328 331
f 325 326 329
f 325 329 328
f 328 332 331
f 326 327 330
f 326 330 329
f 320 331 338
f 331 341 338
f 331 332 341
f 332 342 341
f 318 322 333
f 318 333 327
f 322 324 334
f 322 334 333
f 327 333 335
f 327 335 330
f 333 334 336
f 333 336 335
f 114 337 116
f 116 337 339
f 337 338 339
f 338 340 339
f 116 339 190
f 190 339 397
f 339 340 397
f 340 398 397
f 338 341 340
f 340 341 343
f 341 342 343
f 342 344 343
f 340 343 398
f 343 401 398
f 343 344 401
f 344 402 401
f 108 127 345
f 108 345 323
f 127 128 347
f 127 347 345
f 323 345 346
f 323 346 324
f 345 347 348
f 345 348 346
f 128 131 349
f 128 349 347
f 131 132 351
f 131 351 349
f 347 349 350
f 347 350 348
f 349 351 352
f 349 352 350
f 324 346 353
f 324 353 334
f 346 348 354
f 346 354 353
f 334 353 355
f 334 355 336
f 353 354 356
f 353 356 355
f 348 350 357
f 348 357 354
f 350 352 358
f 350 358 357
f 354 357 359
f 354 359 356
f 357 358 360
f 357 360 359
f 328 361 332
f 328 329 362
f 328 362 361
f 332 361 367
f 329 330 363
f 329 363 362
f 361 364 367
f 361 362 365
f 361 365 364
f 364 368 367
f 362 363 366
f 362 366 365
f 332 367 342
f 342 367 379
f 367 368 379
f 368 380 379
f 330 335 369
f 330 369 363
f 335 336 370
f 335 370 369
f 363 369 371
f 363 371 366
f 369 370 372
f 369 372 371
f 364 373 368
f 364 365 374
f 364 374 373
f 368 373 376
f 365 366 375
f 365 375 374
f 373 1474 376
f 373 374 1475
f 373 1475 1474
f 376 1474 1483
f 374 375 1478
f 374 1478 1475
f 368 376 380
f 376 383 380
f 376 1483 383
f 383 1483 1504
f 366 371 377
f 366 377 375
f 371 372 378
f 371 378 377
f 375 377 1486
f 375 1486 1478
f 377 378 1488
f 377 1488 1486
f 342 379 344
f 344 379 381
f 379 380 381
f 380 382 381
f 344 381 402
f 381 413 402
f 381 382 413
f 382 414 413
f 380 383 382
f 382 383 384
f 383 1504 384
f 384 1504 1507
f 382 384 414
f 384 417 414
f 384 1507 417
f 417 1507 1570
f 336 355 385
f 336 385 370
f 355 356 386
f 355 386 385
f 370 385 387
f 370 387 372
f 385 386 388
f 385 388 387
f 356 359 389
f 356 389 386
f 359 360 390
f 359 390 389
f 386 389 391
f 386 391 388
f 389 390 392
f 389 392 391
f 372 387 393
f 372 393 378
f 387 388 394
f 387 394 393
f 378 393 1514
f 378 1514 1488
f 393 394 1516
f 393 1516 1514
f 388 391 395
f 388 395 394
f 391 392 396
f 391 396 395
f 394 395 1520
f 394 1520 1516
f 395 396 1522
f 395 1522 1520
f 190 397 192
f 192 397 399
f 397 398 399
f 398 400 399
f 192 399 198
f 198 399 405
f 399 400 405
f 400 406 405
f 398 401 400
f 400 401 403
f 401 402 403
f 402 404 403
f 400 403 406
f 403 409 406
f 403 404 409
f 404 410 409
f 198 405 200
f 200 405 407
f 405 406 407
f 406 408 407
f 200 407 531
f 407 666 531
f 407 408 666
f 408 667 666
f 406 409 408
f 408 409 411
f 409 410 411
f 410 412 411
f 408 411 667
f 411 670 667
f 411 412 670
f 412 671 670
f 402 413 404
f 404 413 415
f 413 414 415
f 414 416 415
f 404 415 410
f 410 415 419
f 415 416 419
f 416 420 419
f 414 417 416
f 416 417 418
f 417 1570 418
f 418 1570 1573
f 416 418 420
f 418 423 420
f 418 1573 423
f 423 1573 1580
f 410 419 412
f 412 419 421
f 419 420 421
f 420 422 421
f 412 421 671
f 421 682 671
f 421 422 682
f 422 683 682
f 420 423 422
f 422 423 424
f 423 1580 424
f 424 1580 1583
f 422 424 683
f 424 686 683
f 424 1583 686
f 686 1583 2122
f 132 267 425
f 132 425 351
f 267 268 427
f 267 427 425
f 351 425 426
f 351 426 352
f 425 427 428
f 425 428 426
f 268 271 429
f 268 429 427
f 271 272 431
f 271 431 429
f 427 429 430
f 427 430 428
f 429 431 432
f 429 432 430
f 352 426 433
f 352 433 358
f 426 428 434
f 426 434 433
f 358 433 435
f 358 435 360
f 433 434 436
f 433 436 435
f 428 430 437
f 428 437 434
f 430 432 438
f 430 438 437
f 434 437 439
f 434 439 436
f 437 438 440
f 437 440 439
f 272 281 441
f 272 441 431
f 281 282 443
f 281 443 441
f 431 441 442
f 431 442 432
f 441 443 444
f 441 444 442
f 282 284 445
f 282 445 443
f 284 805 1050
f 284 1050 445
f 443 445 446
f 443 446 444
f 445 1050 1052
f 445 1052 446
f 432 442 447
f 432 447 438
f 442 444 448
f 442 448 447
f 438 447 449
f 438 449 440
f 447 448 450
f 447 450 449
f 444 446 451
f 444 451 448
f 446 1052 1058
f 446 1058 451
f 448 451 452
f 448 452 450
f 451 1058 1061
f 451 1061 452
f 360 435 453
f 360 453 390
f 435 436 454
f 435 454 453
f 390 453 455
f 390 455 392
f 453 454 456
f 453 456 455
f 436 439 457
f 436 457 454
f 439 440 458
f 439 458 457
f 454 457 459
f 454 459 456
f 457 458 460
f 457 460 459
f 392 455 461
f 392 461 396
f 455 456 462
f 455 462 461
f 396 461 1602
f 396 1602 1522
f 461 462 1604
f 461 1604 1602
f 456 459 463
f 456 463 462
f 459 460 464
f 459 464 463
f 462 463 1608
f 462 1608 1604
f 463 464 1610
f 463 1610 1608
f 440 449 465
f 440 465 458
f 449 450 466
f 449 466 465
f 458 465 467
f 458 467 460
f 465 466 468
f 465 468 467
f 450 452 469
f 450 469 466
f 452 1061 1086
f 452 1086 469
f 466 469 470
f 466 470 468
f 469 1086 1089
f 469 1089 470
f 460 467 471
f 460 471 464
f 467 468 472
f 467 472 471
f 464 471 1622
f 464 1622 1610
f 471 472 1624
f 471 1624 1622
f 468 470 473
f 468 473 472
f 470 1089 1094
f 470 1094 473
f 472 473 1628
f 472 1628 1624
f 473 1094 2583
f 473 2583 1628
f 474 479 475
f 474 476 479
f 475 479 480
f 476 481 479
f 475 480 477
f 477 480 482
f 476 478 481
f 478 483 481
f 479 492 480
f 479 481 492
f 480 492 493
f 481 494 492
f 480 493 482
f 482 493 495
f 481 483 494
f 483 496 494
f 477 482 484
f 482 486 484
f 484 486 485
f 485 486 487
f 482 495 486
f 486 495 502
f 486 502 487
f 487 502 503
f 478 488 483
f 483 488 490
f 488 489 490
f 489 491 490
f 483 490 496
f 490 506 496
f 490 491 506
f 491 507 506
f 492 497 493
f 492 494 497
f 493 497 498
f 494 499 497
f 493 498 495
f 495 498 500
f 494 496 499
f 496 501 499
f 497 542 498
f 497 499 542
f 498 542 543
f 499 544 542
f 498 543 500
f 500 543 545
f 499 501 544
f 501 546 544
f 495 500 502
f 500 504 502
f 502 504 503
f 503 504 505
f 500 545 504
f 504 545 552
f 504 552 505
f 505 552 553
f 496 506 501
f 501 506 508
f 506 507 508
f 507 509 508
f 501 508 546
f 508 556 546
f 508 509 556
f 509 557 556
f 485 487 510
f 487 512 510
f 510 512 511
f 511 512 513
f 487 503 512
f 503 518 512
f 512 518 513
f 513 518 519
f 511 513 514
f 513 516 514
f 514 516 515
f 515 516 517
f 513 519 516
f 516 519 522
f 516 522 517
f 517 522 523
f 503 505 518
f 505 520 518
f 518 520 519
f 519 520 521
f 505 553 520
f 520 553 578
f 520 578 521
f 521 578 579
f 519 521 522
f 521 524 522
f 522 524 523
f 523 524 525
f 521 579 524
f 524 579 582
f 524 582 525
f 525 582 583
f 489 526 491
f 491 526 528
f 526 527 528
f 527 529 528
f 491 528 507
f 507 528 534
f 528 529 534
f 529 535 534
f 527 530 529
f 529 530 532
f 530 531 532
f 531 533 532
f 529 532 535
f 532 538 535
f 532 533 538
f 533 539 538
f 507 534 509
f 509 534 536
f 534 535 536
f 535 537 536
f 509 536 557
f 536 594 557
f 536 537 594
f 537 595 594
f 535 538 537
f 537 538 540
f 538 539 540
f 539 541 540
f 537 540 595
f 540 598 595
f 540 541 598
f 541 599 598
f 542 547 543
f 542 544 547
f 543 547 548
f 544 549 547
f 543 548 545
f 545 548 550
f 544 546 549
f 546 551 549
f 547 560 548
f 547 549 560
f 548 560 561
f 549 562 560
f 548 561 550
f 550 561 563
f 549 551 562
f 551 564 562
f 545 550 552
f 550 554 552
f 552 554 553
f 553 554 555
f 550 563 554
f 554 563 570
f 554 570 555
f 555 570 571
f 546 556 551
f 551 556 558
f 556 557 558
f 557 559 558
f 551 558 564
f 558 574 564
f 558 559 574
f 559 575 574
f 560 565 561
f 560 562 565
f 561 565 566
f 562 567 565
f 561 566 563
f 563 566 568
f 562 564 567
f 564 569 567
f 565 3367 566
f 565 567 3367
f 566 3367 3368
f 567 3369 3367
f 566 3368 568
f 568 3368 3370
f 567 569 3369
f 569 3371 3369
f 563 568 570
f 568 572 570
f 570 572 571
f 571 572 573
f 568 3370 572
f 572 3370 3377
f 572 3377 573
f 573 3377 3378
f 564 574 569
f 569 574 576
f 574 575 576
f 575 577 576
f 569 576 3371
f 576 3381 3371
f 576 577 3381
f 577 3382 3381
f 553 555 578
f 555 580 578
f 578 580 579
f 579 580 581
f 555 571 580
f 571 586 580
f 580 586 581
f 581 586 587
f 579 581 582
f 581 584 582
f 582 584 583
f 583 584 585
f 581 587 584
f 584 587 590
f 584 590 585
f 585 590 591
f 571 573 586
f 573 588 586
f 586 588 587
f 587 588 589
f 573 3378 588
f 588 3378 3403
f 588 3403 589
f 589 3403 3404
f 587 589 590
f 589 592 590
f 590 592 591
f 591 592 593
f 589 3404 592
f 592 3404 3407
f 592 3407 593
f 593 3407 3408
f 557 594 559
f 559 594 596
f 594 595 596
f 595 597 596
f 559 596 575
f 575 596 602
f 596 597 602
f 597 603 602
f 595 598 597
f 597 598 600
f 598 599 600
f 599 601 600
f 597 600 603
f 600 606 603
f 600 601 606
f 601 607 606
f 575 602 577
f 577 602 604
f 602 603 604
f 603 605 604
f 577 604 3382
f 604 3419 3382
f 604 605 3419
f 605 3420 3419
f 603 606 605
f 605 606 608
f 606 607 608
f 607 609 608
f 605 608 3420
f 608 3423 3420
f 608 609 3423
f 609 3424 3423
f 515 517 610
f 517 612 610
f 610 612 611
f 611 612 613
f 517 523 612
f 523 618 612
f 612 618 613
f 613 618 619
f 611 613 614
f 613 616 614
f 614 616 615
f 615 616 617
f 613 619 616
f 616 619 622
f 616 622 617
f 617 622 623
f 523 525 618
f 525 620 618
f 618 620 619
f 619 620 621
f 525 583 620
f 583 638 620
f 620 638 621
f 621 638 639
f 619 621 622
f 621 624 622
f 622 624 623
f 623 624 625
f 621 639 624
f 624 639 642
f 624 642 625
f 625 642 643
f 615 617 626
f 617 628 626
f 626 628 627
f 627 628 629
f 617 623 628
f 623 632 628
f 628 632 629
f 629 632 633
f 627 629 630
f 629 631 630
f 630 631 1218
f 631 1221 1218
f 629 633 631
f 631 633 636
f 631 636 1221
f 636 1226 1221
f 623 625 632
f 625 634 632
f 632 634 633
f 633 634 635
f 625 643 634
f 634 643 654
f 634 654 635
f 635 654 655
f 633 635 636
f 635 637 636
f 636 637 1226
f 637 1229 1226
f 635 655 637
f 637 655 658
f 637 658 1229
f 658 1254 1229
f 583 585 638
f 585 640 638
f 638 640 639
f 639 640 641
f 585 591 640
f 591 646 640
f 640 646 641
f 641 646 647
f 639 641 642
f 641 644 642
f 642 644 643
f 643 644 645
f 641 647 644
f 644 647 650
f 644 650 645
f 645 650 651
f 591 593 646
f 593 648 646
f 646 648 647
f 647 648 649
f 593 3408 648
f 648 3408 3503
f 648 3503 649
f 649 3503 3504
f 647 649 650
f 649 652 650
f 650 652 651
f 651 652 653
f 649 3504 652
f 652 3504 3507
f 652 3507 653
f 653 3507 3508
f 643 645 654
f 645 656 654
f 654 656 655
f 655 656 657
f 645 651 656
f 651 660 656
f 656 660 657
f 657 660 661
f 655 657 658
f 657 659 658
f 658 659 1254
f 659 1257 1254
f 657 661 659
f 659 661 664
f 659 664 1257
f 664 1262 1257
f 651 653 660
f 653 662 660
f 660 662 661
f 661 662 663
f 653 3508 662
f 662 3508 3519
f 662 3519 663
f 663 3519 3520
f 661 663 664
f 663 665 664
f 664 665 1262
f 665 1265 1262
f 663 3520 665
f 665 3520 3523
f 665 3523 1265
f 1265 3523 4312
f 531 666 533
f 533 666 668
f 666 667 668
f 667 669 668
f 533 668 539
f 539 668 674
f 668 669 674
f 669 675 674
f 667 670 669
f 669 670 672
f 670 671 672
f 671 673 672
f 669 672 675
f 672 678 675
f 672 673 678
f 673 679 678
f 539 674 541
f 541 674 676
f 674 675 676
f 675 677 676
f 541 676 599
f 599 676 694
f 676 677 694
f 677 695 694
f 675 678 677
f 677 678 680
f 678 679 680
f 679 681 680
f 677 680 695
f 680 698 695
f 680 681 698
f 681 699 698
f 671 682 673
f 673 682 684
f 682 683 684
f 683 685 684
f 673 684 679
f 679 684 688
f 684 685 688
f 685 689 688
f 683 686 685
f 685 686 687
f 686 2122 687
f 687 2122 2125
f 685 687 689
f 687 692 689
f 687 2125 692
f 692 2125 2132
f 679 688 681
f 681 688 690
f 688 689 690
f 689 691 690
f 681 690 699
f 690 710 699
f 690 691 710
f 691 711 710
f 689 692 691
f 691 692 693
f 692 2132 693
f 693 2132 2135
f 691 693 711
f 693 714 711
f 693 2135 714
f 714 2135 2154
f 599 694 601
f 601 694 696
f 694 695 696
f 695 697 696
f 601 696 607
f 607 696 702
f 696 697 702
f 697 703 702
f 695 698 697
f 697 698 700
f 698 699 700
f 699 701 700
f 697 700 703
f 700 706 703
f 700 701 706
f 701 707 706
f 607 702 609
f 609 702 704
f 702 703 704
f 703 705 704
f 609 704 3424
f 704 3559 3424
f 704 705 3559
f 705 3560 3559
f 703 706 705
f 705 706 708
f 706 707 708
f 707 709 708
f 705 708 3560
f 708 3563 3560
f 708 709 3563
f 709 3564 3563
f 699 710 701
f 701 710 712
f 710 711 712
f 711 713 712
f 701 712 707
f 707 712 716
f 712 713 716
f 713 717 716
f 711 714 713
f 713 714 715
f 714 2154 715
f 715 2154 2157
f 713 715 717
f 715 720 717
f 715 2157 720
f 720 2157 2164
f 707 716 709
f 709 716 718
f 716 717 718
f 717 719 718
f 709 718 3564
f 718 3575 3564
f 718 719 3575
f 719 3576 3575
f 717 720 719
f 719 720 721
f 720 2164 721
f 721 2164 2167
f 719 721 3576
f 721 3579 3576
f 721 2167 3579
f 2167 5096 3579
f 722 731 723
f 722 723 725
f 722 725 724
f 723 731 732
f 723 732 726
f 723 726 727
f 723 727 725
f 726 732 733
f 724 725 729
f 724 729 728
f 725 727 730
f 725 730 729
f 731 746 732
f 732 746 747
f 732 747 733
f 733 747 748
f 726 733 734
f 726 734 735
f 726 735 727
f 733 737 734
f 734 737 754
f 734 754 755
f 734 755 735
f 737 763 754
f 727 735 736
f 727 736 730
f 735 755 760
f 735 760 736
f 733 748 737
f 737 748 752
f 737 752 763
f 752 784 763
f 728 729 739
f 728 739 738
f 729 730 740
f 729 740 739
f 738 739 742
f 738 742 741
f 739 740 743
f 739 743 742
f 730 736 744
f 730 744 740
f 736 760 774
f 736 774 744
f 740 744 745
f 740 745 743
f 744 774 777
f 744 777 745
f 746 749 747
f 747 749 750
f 747 750 748
f 748 750 751
f 749 830 750
f 750 830 831
f 750 831 751
f 751 831 832
f 748 751 752
f 751 753 752
f 752 753 784
f 753 787 784
f 751 832 753
f 753 832 836
f 753 836 787
f 787 836 846
f 754 763 756
f 754 756 758
f 754 758 755
f 756 763 764
f 756 764 757
f 756 757 759
f 756 759 758
f 757 764 765
f 755 758 761
f 755 761 760
f 758 759 762
f 758 762 761
f 763 784 764
f 764 784 785
f 764 785 765
f 765 785 786
f 757 765 766
f 757 766 767
f 757 767 759
f 765 772 766
f 766 772 768
f 766 768 769
f 766 769 767
f 768 772 773
f 759 767 770
f 759 770 762
f 767 769 771
f 767 771 770
f 765 786 772
f 772 786 790
f 772 790 773
f 773 790 791
f 760 761 775
f 760 775 774
f 761 762 776
f 761 776 775
f 774 775 778
f 774 778 777
f 775 776 779
f 775 779 778
f 762 770 780
f 762 780 776
f 770 771 781
f 770 781 780
f 776 780 782
f 776 782 779
f 780 781 783
f 780 783 782
f 784 787 785
f 785 787 788
f 785 788 786
f 786 788 789
f 787 846 788
f 788 846 847
f 788 847 789
f 789 847 848
f 786 789 790
f 789 792 790
f 790 792 791
f 791 792 793
f 789 848 792
f 792 848 852
f 792 852 793
f 793 852 853
f 741 742 795
f 741 795 794
f 742 743 796
f 742 796 795
f 794 795 798
f 794 798 797
f 795 796 799
f 795 799 798
f 743 745 800
f 743 800 796
f 745 777 810
f 745 810 800
f 796 800 801
f 796 801 799
f 800 810 813
f 800 813 801
f 797 798 803
f 797 803 802
f 798 799 804
f 798 804 803
f 802 803 806
f 802 806 805
f 803 804 807
f 803 807 806
f 799 801 808
f 799 808 804
f 801 813 820
f 801 820 808
f 804 808 809
f 804 809 807
f 808 820 823
f 808 823 809
f 777 778 811
f 777 811 810
f 778 779 812
f 778 812 811
f 810 811 814
f 810 814 813
f 811 812 815
f 811 815 814
f 779 782 816
f 779 816 812
f 782 783 817
f 782 817 816
f 812 816 818
f 812 818 815
f 816 817 819
f 816 819 818
f 813 814 821
f 813 821 820
f 814 815 822
f 814 822 821
f 820 821 824
f 820 824 823
f 821 822 825
f 821 825 824
f 815 818 826
f 815 826 822
f 818 819 827
f 818 827 826
f 822 826 828
f 822 828 825
f 826 827 829
f 826 829 828
f 830 833 831
f 831 833 834
f 831 834 832
f 832 834 835
f 833 838 834
f 834 838 839
f 834 839 835
f 835 839 840
f 832 835 836
f 835 837 836
f 836 837 846
f 837 849 846
f 835 840 837
f 837 840 844
f 837 844 849
f 844 856 849
f 838 841 839
f 839 841 842
f 839 842 840
f 840 842 843
f 841 1218 842
f 842 1218 1219
f 842 1219 843
f 843 1219 1220
f 840 843 844
f 843 845 844
f 844 845 856
f 845 859 856
f 843 1220 845
f 845 1220 1224
f 845 1224 859
f 859 1224 1234
f 846 849 847
f 847 849 850
f 847 850 848
f 848 850 851
f 849 856 850
f 850 856 857
f 850 857 851
f 851 857 858
f 848 851 852
f 851 854 852
f 852 854 853
f 853 854 855
f 851 858 854
f 854 858 862
f 854 862 855
f 855 862 863
f 856 859 857
f 857 859 860
f 857 860 858
f 858 860 861
f 859 1234 860
f 860 1234 1235
f 860 1235 861
f 861 1235 1236
f 858 861 862
f 861 864 862
f 862 864 863
f 863 864 865
f 861 1236 864
f 864 1236 1240
f 864 1240 865
f 865 1240 1241
f 768 773 866
f 768 866 867
f 768 867 769
f 773 869 866
f 866 869 870
f 866 870 871
f 866 871 867
f 869 876 870
f 769 867 868
f 769 868 771
f 867 871 874
f 867 874 868
f 773 791 869
f 791 884 869
f 869 884 876
f 876 884 886
f 870 876 872
f 870 872 873
f 870 873 871
f 872 876 877
f 872 877 890
f 872 890 892
f 872 892 873
f 877 896 890
f 871 873 875
f 871 875 874
f 873 892 894
f 873 894 875
f 876 886 877
f 877 886 887
f 877 887 896
f 887 924 896
f 771 868 878
f 771 878 781
f 868 874 880
f 868 880 878
f 781 878 879
f 781 879 783
f 878 880 882
f 878 882 879
f 874 875 881
f 874 881 880
f 875 894 912
f 875 912 881
f 880 881 883
f 880 883 882
f 881 912 914
f 881 914 883
f 791 793 884
f 793 885 884
f 884 885 886
f 885 888 886
f 793 853 885
f 853 986 885
f 885 986 888
f 888 986 988
f 886 888 887
f 887 888 889
f 887 889 924
f 889 926 924
f 888 988 889
f 889 988 989
f 889 989 926
f 926 989 998
f 890 896 891
f 890 891 893
f 890 893 892
f 891 896 897
f 891 897 898
f 891 898 899
f 891 899 893
f 897 907 898
f 892 893 895
f 892 895 894
f 893 899 904
f 893 904 895
f 896 924 897
f 897 924 925
f 897 925 907
f 907 925 928
f 898 907 900
f 898 900 902
f 898 902 899
f 900 907 908
f 900 908 901
f 900 901 903
f 900 903 902
f 901 910 903
f 901 908 909
f 901 909 910
f 899 902 905
f 899 905 904
f 902 903 906
f 902 906 905
f 903 911 906
f 903 910 911
f 907 928 908
f 908 928 929
f 908 929 909
f 909 931 910
f 909 929 930
f 909 930 931
f 910 932 911
f 910 931 932
f 894 895 913
f 894 913 912
f 895 904 916
f 895 916 913
f 912 913 915
f 912 915 914
f 913 916 919
f 913 919 915
f 904 905 917
f 904 917 916
f 905 906 918
f 905 918 917
f 906 922 918
f 906 911 922
f 916 917 920
f 916 920 919
f 917 918 921
f 917 921 920
f 918 923 921
f 918 922 923
f 911 938 922
f 911 932 938
f 922 939 923
f 922 938 939
f 924 926 925
f 925 926 927
f 925 927 928
f 927 933 928
f 926 998 927
f 927 998 999
f 927 999 933
f 933 999 1002
f 928 933 929
f 929 933 934
f 929 934 930
f 930 936 931
f 930 934 935
f 930 935 936
f 931 937 932
f 931 936 937
f 933 1002 934
f 934 1002 1003
f 934 1003 935
f 935 1005 936
f 935 1003 1004
f 935 1004 1005
f 936 1006 937
f 936 1005 1006
f 932 940 938
f 932 937 940
f 938 941 939
f 938 940 941
f 937 1012 940
f 937 1006 1012
f 940 1013 941
f 940 1012 1013
f 783 879 942
f 783 942 817
f 879 882 944
f 879 944 942
f 817 942 943
f 817 943 819
f 942 944 946
f 942 946 943
f 882 883 945
f 882 945 944
f 883 914 954
f 883 954 945
f 944 945 947
f 944 947 946
f 945 954 956
f 945 956 947
f 819 943 948
f 819 948 827
f 943 946 950
f 943 950 948
f 827 948 949
f 827 949 829
f 948 950 952
f 948 952 949
f 946 947 951
f 946 951 950
f 947 956 966
f 947 966 951
f 950 951 953
f 950 953 952
f 951 966 968
f 951 968 953
f 914 915 955
f 914 955 954
f 915 919 958
f 915 958 955
f 954 955 957
f 954 957 956
f 955 958 961
f 955 961 957
f 919 920 959
f 919 959 958
f 920 921 960
f 920 960 959
f 921 964 960
f 921 923 964
f 958 959 962
f 958 962 961
f 959 960 963
f 959 963 962
f 960 965 963
f 960 964 965
f 923 978 964
f 923 939 978
f 964 979 965
f 964 978 979
f 956 957 967
f 956 967 966
f 957 961 970
f 957 970 967
f 966 967 969
f 966 969 968
f 967 970 973
f 967 973 969
f 961 962 971
f 961 971 970
f 962 963 972
f 962 972 971
f 963 976 972
f 963 965 976
f 970 971 974
f 970 974 973
f 971 972 975
f 971 975 974
f 972 977 975
f 972 976 977
f 965 982 976
f 965 979 982
f 976 983 977
f 976 982 983
f 939 980 978
f 939 941 980
f 978 981 979
f 978 980 981
f 941 1034 980
f 941 1013 1034
f 980 1035 981
f 980 1034 1035
f 979 984 982
f 979 981 984
f 982 985 983
f 982 984 985
f 981 1038 984
f 981 1035 1038
f 984 1039 985
f 984 1038 1039
f 853 855 986
f 855 987 986
f 986 987 988
f 987 990 988
f 855 863 987
f 863 992 987
f 987 992 990
f 990 992 994
f 988 990 989
f 989 990 991
f 989 991 998
f 991 1000 998
f 990 994 991
f 991 994 995
f 991 995 1000
f 995 1016 1000
f 863 865 992
f 865 993 992
f 992 993 994
f 993 996 994
f 865 1241 993
f 993 1241 1290
f 993 1290 996
f 996 1290 1292
f 994 996 995
f 995 996 997
f 995 997 1016
f 997 1018 1016
f 996 1292 997
f 997 1292 1293
f 997 1293 1018
f 1018 1293 1302
f 998 1000 999
f 999 1000 1001
f 999 1001 1002
f 1001 1007 1002
f 1000 1016 1001
f 1001 1016 1017
f 1001 1017 1007
f 1007 1017 1020
f 1002 1007 1003
f 1003 1007 1008
f 1003 1008 1004
f 1004 1010 1005
f 1004 1008 1009
f 1004 1009 1010
f 1005 1011 1006
f 1005 1010 1011
f 1007 1020 1008
f 1008 1020 1021
f 1008 1021 1009
f 1009 1023 1010
f 1009 1021 1022
f 1009 1022 1023
f 1010 1024 1011
f 1010 1023 1024
f 1006 1014 1012
f 1006 1011 1014
f 1012 1015 1013
f 1012 1014 1015
f 1011 1030 1014
f 1011 1024 1030
f 1014 1031 1015
f 1014 1030 1031
f 1016 1018 1017
f 1017 1018 1019
f 1017 1019 1020
f 1019 1025 1020
f 1018 1302 1019
f 1019 1302 1303
f 1019 1303 1025
f 1025 1303 1306
f 1020 1025 1021
f 1021 1025 1026
f 1021 1026 1022
f 1022 1028 1023
f 1022 1026 1027
f 1022 1027 1028
f 1023 1029 1024
f 1023 1028 1029
f 1025 1306 1026
f 1026 1306 1307
f 1026 1307 1027
f 1027 1309 1028
f 1027 1307 1308
f 1027 1308 1309
f 1028 1310 1029
f 1028 1309 1310
f 1024 1032 1030
f 1024 1029 1032
f 1030 1033 1031
f 1030 1032 1033
f 1029 1316 1032
f 1029 1310 1316
f 1032 1317 1033
f 1032 1316 1317
f 1013 1036 1034
f 1013 1015 1036
f 1034 1037 1035
f 1034 1036 1037
f 1015 1042 1036
f 1015 1031 1042
f 1036 1043 1037
f 1036 1042 1043
f 1035 1040 1038
f 1035 1037 1040
f 1038 1041 1039
f 1038 1040 1041
f 1037 1046 1040
f 1037 1043 1046
f 1040 1047 1041
f 1040 1046 1047
f 1031 1044 1042
f 1031 1033 1044
f 1042 1045 1043
f 1042 1044 1045
f 1033 1338 1044
f 1033 1317 1338
f 1044 1339 1045
f 1044 1338 1339
f 1043 1048 1046
f 1043 1045 1048
f 1046 1049 1047
f 1046 1048 1049
f 1045 1342 1048
f 1045 1339 1342
f 1048 1343 1049
f 1048 1342 1343
f 805 806 1051
f 805 1051 1050
f 806 807 1054
f 806 1054 1051
f 1050 1051 1053
f 1050 1053 1052
f 1051 1054 1055
f 1051 1055 1053
f 807 809 1056
f 807 1056 1054
f 809 823 1066
f 809 1066 1056
f 1054 1056 1057
f 1054 1057 1055
f 1056 1066 1067
f 1056 1067 1057
f 1052 1053 1059
f 1052 1059 1058
f 1053 1055 1060
f 1053 1060 1059
f 1058 1059 1062
f 1058 1062 1061
f 1059 1060 1063
f 1059 1063 1062
f 1055 1057 1064
f 1055 1064 1060
f 1057 1067 1076
f 1057 1076 1064
f 1060 1064 1065
f 1060 1065 1063
f 1064 1076 1079
f 1064 1079 1065
f 823 824 1068
f 823 1068 1066
f 824 825 1069
f 824 1069 1068
f 1066 1068 1070
f 1066 1070 1067
f 1068 1069 1071
f 1068 1071 1070
f 825 828 1072
f 825 1072 1069
f 828 829 1074
f 828 1074 1072
f 1069 1072 1073
f 1069 1073 1071
f 1072 1074 1075
f 1072 1075 1073
f 1067 1070 1077
f 1067 1077 1076
f 1070 1071 1078
f 1070 1078 1077
f 1076 1077 1080
f 1076 1080 1079
f 1077 1078 1081
f 1077 1081 1080
f 1071 1073 1082
f 1071 1082 1078
f 1073 1075 1083
f 1073 1083 1082
f 1078 1082 1084
f 1078 1084 1081
f 1082 1083 1085
f 1082 1085 1084
f 1061 1062 1087
f 1061 1087 1086
f 1062 1063 1088
f 1062 1088 1087
f 1086 1087 1090
f 1086 1090 1089
f 1087 1088 1091
f 1087 1091 1090
f 1063 1065 1092
f 1063 1092 1088
f 1065 1079 1098
f 1065 1098 1092
f 1088 1092 1093
f 1088 1093 1091
f 1092 1098 1101
f 1092 1101 1093
f 1089 1090 1095
f 1089 1095 1094
f 1090 1091 1096
f 1090 1096 1095
f 1094 1095 2584
f 1094 2584 2583
f 1095 1096 2587
f 1095 2587 2584
f 1091 1093 1097
f 1091 1097 1096
f 1093 1101 1108
f 1093 1108 1097
f 1096 1097 2592
f 1096 2592 2587
f 1097 1108 2603
f 1097 2603 2592
f 1079 1080 1099
f 1079 1099 1098
f 1080 1081 1100
f 1080 1100 1099
f 1098 1099 1102
f 1098 1102 1101
f 1099 1100 1103
f 1099 1103 1102
f 1081 1084 1104
f 1081 1104 1100
f 1084 1085 1105
f 1084 1105 1104
f 1100 1104 1106
f 1100 1106 1103
f 1104 1105 1107
f 1104 1107 1106
f 1101 1102 1109
f 1101 1109 1108
f 1102 1103 1110
f 1102 1110 1109
f 1108 1109 2605
f 1108 2605 2603
f 1109 1110 2606
f 1109 2606 2605
f 1103 1106 1111
f 1103 1111 1110
f 1106 1107 1112
f 1106 1112 1111
f 1110 1111 2612
f 1110 2612 2606
f 1111 1112 2614
f 1111 2614 2612
f 829 949 1113
f 829 1113 1074
f 949 952 1115
f 949 1115 1113
f 1074 1113 1114
f 1074 1114 1075
f 1113 1115 1116
f 1113 1116 1114
f 952 953 1117
f 952 1117 1115
f 953 968 1125
f 953 1125 1117
f 1115 1117 1118
f 1115 1118 1116
f 1117 1125 1127
f 1117 1127 1118
f 1075 1114 1119
f 1075 1119 1083
f 1114 1116 1121
f 1114 1121 1119
f 1083 1119 1120
f 1083 1120 1085
f 1119 1121 1123
f 1119 1123 1120
f 1116 1118 1122
f 1116 1122 1121
f 1118 1127 1137
f 1118 1137 1122
f 1121 1122 1124
f 1121 1124 1123
f 1122 1137 1139
f 1122 1139 1124
f 968 969 1126
f 968 1126 1125
f 969 973 1129
f 969 1129 1126
f 1125 1126 1128
f 1125 1128 1127
f 1126 1129 1130
f 1126 1130 1128
f 973 974 1131
f 973 1131 1129
f 974 975 1132
f 974 1132 1131
f 975 1135 1132
f 975 977 1135
f 1129 1131 1133
f 1129 1133 1130
f 1131 1132 1134
f 1131 1134 1133
f 1132 1136 1134
f 1132 1135 1136
f 977 1149 1135
f 977 983 1149
f 1135 1150 1136
f 1135 1149 1150
f 1127 1128 1138
f 1127 1138 1137
f 1128 1130 1141
f 1128 1141 1138
f 1137 1138 1140
f 1137 1140 1139
f 1138 1141 1144
f 1138 1144 1140
f 1130 1133 1142
f 1130 1142 1141
f 1133 1134 1143
f 1133 1143 1142
f 1134 1147 1143
f 1134 1136 1147
f 1141 1142 1145
f 1141 1145 1144
f 1142 1143 1146
f 1142 1146 1145
f 1143 1148 1146
f 1143 1147 1148
f 1136 1153 1147
f 1136 1150 1153
f 1147 1154 1148
f 1147 1153 1154
f 983 1151 1149
f 983 985 1151
f 1149 1152 1150
f 1149 1151 1152
f 985 1190 1151
f 985 1039 1190
f 1151 1191 1152
f 1151 1190 1191
f 1150 1155 1153
f 1150 1152 1155
f 1153 1156 1154
f 1153 1155 1156
f 1152 1194 1155
f 1152 1191 1194
f 1155 1195 1156
f 1155 1194 1195
f 1085 1120 1157
f 1085 1157 1105
f 1120 1123 1159
f 1120 1159 1157
f 1105 1157 1158
f 1105 1158 1107
f 1157 1159 1161
f 1157 1161 1158
f 1123 1124 1160
f 1123 1160 1159
f 1124 1139 1166
f 1124 1166 1160
f 1159 1160 1162
f 1159 1162 1161
f 1160 1166 1168
f 1160 1168 1162
f 1107 1158 1163
f 1107 1163 1112
f 1158 1161 1164
f 1158 1164 1163
f 1112 1163 2655
f 1112 2655 2614
f 1163 1164 2658
f 1163 2658 2655
f 1161 1162 1165
f 1161 1165 1164
f 1162 1168 1178
f 1162 1178 1165
f 1164 1165 2660
f 1164 2660 2658
f 1165 1178 2670
f 1165 2670 2660
f 1139 1140 1167
f 1139 1167 1166
f 1140 1144 1170
f 1140 1170 1167
f 1166 1167 1169
f 1166 1169 1168
f 1167 1170 1173
f 1167 1173 1169
f 1144 1145 1171
f 1144 1171 1170
f 1145 1146 1172
f 1145 1172 1171
f 1146 1176 1172
f 1146 1148 1176
f 1170 1171 1174
f 1170 1174 1173
f 1171 1172 1175
f 1171 1175 1174
f 1172 1177 1175
f 1172 1176 1177
f 1148 1184 1176
f 1148 1154 1184
f 1176 1185 1177
f 1176 1184 1185
f 1168 1169 1179
f 1168 1179 1178
f 1169 1173 1180
f 1169 1180 1179
f 1178 1179 2671
f 1178 2671 2670
f 1179 1180 2676
f 1179 2676 2671
f 1173 1174 1181
f 1173 1181 1180
f 1174 1175 1182
f 1174 1182 1181
f 1175 1183 1182
f 1175 1177 1183
f 1180 1181 2678
f 1180 2678 2676
f 1181 1182 2679
f 1181 2679 2678
f 1182 2685 2679
f 1182 1183 2685
f 1177 1188 1183
f 1177 1185 1188
f 1183 2700 2685
f 1183 1188 2700
f 1154 1186 1184
f 1154 1156 1186
f 1184 1187 1185
f 1184 1186 1187
f 1156 1206 1186
f 1156 1195 1206
f 1186 1207 1187
f 1186 1206 1207
f 1185 1189 1188
f 1185 1187 1189
f 1188 2703 2700
f 1188 1189 2703
f 1187 1210 1189
f 1187 1207 1210
f 1189 2743 2703
f 1189 1210 2743
f 1039 1192 1190
f 1039 1041 1192
f 1190 1193 1191
f 1190 1192 1193
f 1041 1198 1192
f 1041 1047 1198
f 1192 1199 1193
f 1192 1198 1199
f 1191 1196 1194
f 1191 1193 1196
f 1194 1197 1195
f 1194 1196 1197
f 1193 1202 1196
f 1193 1199 1202
f 1196 1203 1197
f 1196 1202 1203
f 1047 1200 1198
f 1047 1049 1200
f 1198 1201 1199
f 1198 1200 1201
f 1049 1418 1200
f 1049 1343 1418
f 1200 1419 1201
f 1200 1418 1419
f 1199 1204 1202
f 1199 1201 1204
f 1202 1205 1203
f 1202 1204 1205
f 1201 1422 1204
f 1201 1419 1422
f 1204 1423 1205
f 1204 1422 1423
f 1195 1208 1206
f 1195 1197 1208
f 1206 1209 1207
f 1206 1208 1209
f 1197 1212 1208
f 1197 1203 1212
f 1208 1213 1209
f 1208 1212 1213
f 1207 1211 1210
f 1207 1209 1211
f 1210 2746 2743
f 1210 1211 2746
f 1209 1216 1211
f 1209 1213 1216
f 1211 2753 2746
f 1211 1216 2753
f 1203 1214 1212
f 1203 1205 1214
f 1212 1215 1213
f 1212 1214 1215
f 1205 1434 1214
f 1205 1423 1434
f 1214 1435 1215
f 1214 1434 1435
f 1213 1217 1216
f 1213 1215 1217
f 1216 2756 2753
f 1216 1217 2756
f 1215 1438 1217
f 1215 1435 1438
f 1217 3103 2756
f 1217 1438 3103
f 1218 1221 1219
f 1219 1221 1222
f 1219 1222 1220
f 1220 1222 1223
f 1221 1226 1222
f 1222 1226 1227
f 1222 1227 1223
f 1223 1227 1228
f 1220 1223 1224
f 1223 1225 1224
f 1224 1225 1234
f 1225 1237 1234
f 1223 1228 1225
f 1225 1228 1232
f 1225 1232 1237
f 1232 1244 1237
f 1226 1229 1227
f 1227 1229 1230
f 1227 1230 1228
f 1228 1230 1231
f 1229 1254 1230
f 1230 1254 1255
f 1230 1255 1231
f 1231 1255 1256
f 1228 1231 1232
f 1231 1233 1232
f 1232 1233 1244
f 1233 1247 1244
f 1231 1256 1233
f 1233 1256 1260
f 1233 1260 1247
f 1247 1260 1270
f 1234 1237 1235
f 1235 1237 1238
f 1235 1238 1236
f 1236 1238 1239
f 1237 1244 1238
f 1238 1244 1245
f 1238 1245 1239
f 1239 1245 1246
f 1236 1239 1240
f 1239 1242 1240
f 1240 1242 1241
f 1241 1242 1243
f 1239 1246 1242
f 1242 1246 1250
f 1242 1250 1243
f 1243 1250 1251
f 1244 1247 1245
f 1245 1247 1248
f 1245 1248 1246
f 1246 1248 1249
f 1247 1270 1248
f 1248 1270 1271
f 1248 1271 1249
f 1249 1271 1272
f 1246 1249 1250
f 1249 1252 1250
f 1250 1252 1251
f 1251 1252 1253
f 1249 1272 1252
f 1252 1272 1276
f 1252 1276 1253
f 1253 1276 1277
f 1254 1257 1255
f 1255 1257 1258
f 1255 1258 1256
f 1256 1258 1259
f 1257 1262 1258
f 1258 1262 1263
f 1258 1263 1259
f 1259 1263 1264
f 1256 1259 1260
f 1259 1261 1260
f 1260 1261 1270
f 1261 1273 1270
f 1259 1264 1261
f 1261 1264 1268
f 1261 1268 1273
f 1268 1280 1273
f 1262 1265 1263
f 1263 1265 1266
f 1263 1266 1264
f 1264 1266 1267
f 1265 4312 1266
f 1266 4312 4313
f 1266 4313 1267
f 1267 4313 4314
f 1264 1267 1268
f 1267 1269 1268
f 1268 1269 1280
f 1269 1283 1280
f 1267 4314 1269
f 1269 4314 4318
f 1269 4318 1283
f 1283 4318 4328
f 1270 1273 1271
f 1271 1273 1274
f 1271 1274 1272
f 1272 1274 1275
f 1273 1280 1274
f 1274 1280 1281
f 1274 1281 1275
f 1275 1281 1282
f 1272 1275 1276
f 1275 1278 1276
f 1276 1278 1277
f 1277 1278 1279
f 1275 1282 1278
f 1278 1282 1286
f 1278 1286 1279
f 1279 1286 1287
f 1280 1283 1281
f 1281 1283 1284
f 1281 1284 1282
f 1282 1284 1285
f 1283 4328 1284
f 1284 4328 4329
f 1284 4329 1285
f 1285 4329 4330
f 1282 1285 1286
f 1285 1288 1286
f 1286 1288 1287
f 1287 1288 1289
f 1285 4330 1288
f 1288 4330 4334
f 1288 4334 1289
f 1289 4334 4335
f 1241 1243 1290
f 1243 1291 1290
f 1290 1291 1292
f 1291 1294 1292
f 1243 1251 1291
f 1251 1296 1291
f 1291 1296 1294
f 1294 1296 1298
f 1292 1294 1293
f 1293 1294 1295
f 1293 1295 1302
f 1295 1304 1302
f 1294 1298 1295
f 1295 1298 1299
f 1295 1299 1304
f 1299 1320 1304
f 1251 1253 1296
f 1253 1297 1296
f 1296 1297 1298
f 1297 1300 1298
f 1253 1277 1297
f 1277 1354 1297
f 1297 1354 1300
f 1300 1354 1356
f 1298 1300 1299
f 1299 1300 1301
f 1299 1301 1320
f 1301 1322 1320
f 1300 1356 1301
f 1301 1356 1357
f 1301 1357 1322
f 1322 1357 1366
f 1302 1304 1303
f 1303 1304 1305
f 1303 1305 1306
f 1305 1311 1306
f 1304 1320 1305
f 1305 1320 1321
f 1305 1321 1311
f 1311 1321 1324
f 1306 1311 1307
f 1307 1311 1312
f 1307 1312 1308
f 1308 1314 1309
f 1308 1312 1313
f 1308 1313 1314
f 1309 1315 1310
f 1309 1314 1315
f 1311 1324 1312
f 1312 1324 1325
f 1312 1325 1313
f 1313 1327 1314
f 1313 1325 1326
f 1313 1326 1327
f 1314 1328 1315
f 1314 1327 1328
f 1310 1318 1316
f 1310 1315 1318
f 1316 1319 1317
f 1316 1318 1319
f 1315 1334 1318
f 1315 1328 1334
f 1318 1335 1319
f 1318 1334 1335
f 1320 1322 1321
f 1321 1322 1323
f 1321 1323 1324
f 1323 1329 1324
f 1322 1366 1323
f 1323 1366 1367
f 1323 1367 1329
f 1329 1367 1370
f 1324 1329 1325
f 1325 1329 1330
f 1325 1330 1326
f 1326 1332 1327
f 1326 1330 1331
f 1326 1331 1332
f 1327 1333 1328
f 1327 1332 1333
f 1329 1370 1330
f 1330 1370 1371
f 1330 1371 1331
f 1331 1373 1332
f 1331 1371 1372
f 1331 1372 1373
f 1332 1374 1333
f 1332 1373 1374
f 1328 1336 1334
f 1328 1333 1336
f 1334 1337 1335
f 1334 1336 1337
f 1333 1380 1336
f 1333 1374 1380
f 1336 1381 1337
f 1336 1380 1381
f 1317 1340 1338
f 1317 1319 1340
f 1338 1341 1339
f 1338 1340 1341
f 1319 1346 1340
f 1319 1335 1346
f 1340 1347 1341
f 1340 1346 1347
f 1339 1344 1342
f 1339 1341 1344
f 1342 1345 1343
f 1342 1344 1345
f 1341 1350 1344
f 1341 1347 1350
f 1344 1351 1345
f 1344 1350 1351
f 1335 1348 1346
f 1335 1337 1348
f 1346 1349 1347
f 1346 1348 1349
f 1337 1402 1348
f 1337 1381 1402
f 1348 1403 1349
f 1348 1402 1403
f 1347 1352 1350
f 1347 1349 1352
f 1350 1353 1351
f 1350 1352 1353
f 1349 1406 1352
f 1349 1403 1406
f 1352 1407 1353
f 1352 1406 1407
f 1277 1279 1354
f 1279 1355 1354
f 1354 1355 1356
f 1355 1358 1356
f 1279 1287 1355
f 1287 1360 1355
f 1355 1360 1358
f 1358 1360 1362
f 1356 1358 1357
f 1357 1358 1359
f 1357 1359 1366
f 1359 1368 1366
f 1358 1362 1359
f 1359 1362 1363
f 1359 1363 1368
f 1363 1384 1368
f 1287 1289 1360
f 1289 1361 1360
f 1360 1361 1362
f 1361 1364 1362
f 1289 4335 1361
f 1361 4335 4384
f 1361 4384 1364
f 1364 4384 4386
f 1362 1364 1363
f 1363 1364 1365
f 1363 1365 1384
f 1365 1386 1384
f 1364 4386 1365
f 1365 4386 4387
f 1365 4387 1386
f 1386 4387 4396
f 1366 1368 1367
f 1367 1368 1369
f 1367 1369 1370
f 1369 1375 1370
f 1368 1384 1369
f 1369 1384 1385
f 1369 1385 1375
f 1375 1385 1388
f 1370 1375 1371
f 1371 1375 1376
f 1371 1376 1372
f 1372 1378 1373
f 1372 1376 1377
f 1372 1377 1378
f 1373 1379 1374
f 1373 1378 1379
f 1375 1388 1376
f 1376 1388 1389
f 1376 1389 1377
f 1377 1391 1378
f 1377 1389 1390
f 1377 1390 1391
f 1378 1392 1379
f 1378 1391 1392
f 1374 1382 1380
f 1374 1379 1382
f 1380 1383 1381
f 1380 1382 1383
f 1379 1398 1382
f 1379 1392 1398
f 1382 1399 1383
f 1382 1398 1399
f 1384 1386 1385
f 1385 1386 1387
f 1385 1387 1388
f 1387 1393 1388
f 1386 4396 1387
f 1387 4396 4397
f 1387 4397 1393
f 1393 4397 4400
f 1388 1393 1389
f 1389 1393 1394
f 1389 1394 1390
f 1390 1396 1391
f 1390 1394 1395
f 1390 1395 1396
f 1391 1397 1392
f 1391 1396 1397
f 1393 4400 1394
f 1394 4400 4401
f 1394 4401 1395
f 1395 4403 1396
f 1395 4401 4402
f 1395 4402 4403
f 1396 4404 1397
f 1396 4403 4404
f 1392 1400 1398
f 1392 1397 1400
f 1398 1401 1399
f 1398 1400 1401
f 1397 4410 1400
f 1397 4404 4410
f 1400 4411 1401
f 1400 4410 4411
f 1381 1404 1402
f 1381 1383 1404
f 1402 1405 1403
f 1402 1404 1405
f 1383 1410 1404
f 1383 1399 1410
f 1404 1411 1405
f 1404 1410 1411
f 1403 1408 1406
f 1403 1405 1408
f 1406 1409 1407
f 1406 1408 1409
f 1405 1414 1408
f 1405 1411 1414
f 1408 1415 1409
f 1408 1414 1415
f 1399 1412 1410
f 1399 1401 1412
f 1410 1413 1411
f 1410 1412 1413
f 1401 4432 1412
f 1401 4411 4432
f 1412 4433 1413
f 1412 4432 4433
f 1411 1416 1414
f 1411 1413 1416
f 1414 1417 1415
f 1414 1416 1417
f 1413 4436 1416
f 1413 4433 4436
f 1416 4437 1417
f 1416 4436 4437
f 1343 1420 1418
f 1343 1345 1420
f 1418 1421 1419
f 1418 1420 1421
f 1345 1426 1420
f 1345 1351 1426
f 1420 1427 1421
f 1420 1426 1427
f 1419 1424 1422
f 1419 1421 1424
f 1422 1425 1423
f 1422 1424 1425
f 1421 1430 1424
f 1421 1427 1430
f 1424 1431 1425
f 1424 1430 1431
f 1351 1428 1426
f 1351 1353 1428
f 1426 1429 1427
f 1426 1428 1429
f 1353 1446 1428
f 1353 1407 1446
f 1428 1447 1429
f 1428 1446 1447
f 1427 1432 1430
f 1427 1429 1432
f 1430 1433 1431
f 1430 1432 1433
f 1429 1450 1432
f 1429 1447 1450
f 1432 1451 1433
f 1432 1450 1451
f 1423 1436 1434
f 1423 1425 1436
f 1434 1437 1435
f 1434 1436 1437
f 1425 1440 1436
f 1425 1431 1440
f 1436 1441 1437
f 1436 1440 1441
f 1435 1439 1438
f 1435 1437 1439
f 1438 3106 3103
f 1438 1439 3106
f 1437 1444 1439
f 1437 1441 1444
f 1439 3113 3106
f 1439 1444 3113
f 1431 1442 1440
f 1431 1433 1442
f 1440 1443 1441
f 1440 1442 1443
f 1433 1462 1442
f 1433 1451 1462
f 1442 1463 1443
f 1442 1462 1463
f 1441 1445 1444
f 1441 1443 1445
f 1444 3116 3113
f 1444 1445 3116
f 1443 1466 1445
f 1443 1463 1466
f 1445 3135 3116
f 1445 1466 3135
f 1407 1448 1446
f 1407 1409 1448
f 1446 1449 1447
f 1446 1448 1449
f 1409 1454 1448
f 1409 1415 1454
f 1448 1455 1449
f 1448 1454 1455
f 1447 1452 1450
f 1447 1449 1452
f 1450 1453 1451
f 1450 1452 1453
f 1449 1458 1452
f 1449 1455 1458
f 1452 1459 1453
f 1452 1458 1459
f 1415 1456 1454
f 1415 1417 1456
f 1454 1457 1455
f 1454 1456 1457
f 1417 4512 1456
f 1417 4437 4512
f 1456 4513 1457
f 1456 4512 4513
f 1455 1460 1458
f 1455 1457 1460
f 1458 1461 1459
f 1458 1460 1461
f 1457 4516 1460
f 1457 4513 4516
f 1460 4517 1461
f 1460 4516 4517
f 1451 1464 1462
f 1451 1453 1464
f 1462 1465 1463
f 1462 1464 1465
f 1453 1468 1464
f 1453 1459 1468
f 1464 1469 1465
f 1464 1468 1469
f 1463 1467 1466
f 1463 1465 1467
f 1466 3138 3135
f 1466 1467 3138
f 1465 1472 1467
f 1465 1469 1472
f 1467 3145 3138
f 1467 1472 3145
f 1459 1470 1468
f 1459 1461 1470
f 1468 1471 1469
f 1468 1470 1471
f 1461 4528 1470
f 1461 4517 4528
f 1470 4529 1471
f 1470 4528 4529
f 1469 1473 1472
f 1469 1471 1473
f 1472 3148 3145
f 1472 1473 3148
f 1471 4532 1473
f 1471 4529 4532
f 1473 6489 3148
f 1473 4532 6489
f 1474 1476 1483
f 1474 1475 1477
f 1474 1477 1476
f 1476 1484 1483
f 1475 1478 1479
f 1475 1479 1477
f 1476 1480 1484
f 1476 1477 1481
f 1476 1481 1480
f 1480 1485 1484
f 1477 1479 1482
f 1477 1482 1481
f 1483 1484 1504
f 1484 1505 1504
f 1484 1485 1505
f 1485 1506 1505
f 1478 1486 1487
f 1478 1487 1479
f 1486 1488 1489
f 1486 1489 1487
f 1479 1487 1490
f 1479 1490 1482
f 1487 1489 1491
f 1487 1491 1490
f 1480 1492 1485
f 1480 1481 1493
f 1480 1493 1492
f 1485 1492 1498
f 1481 1482 1494
f 1481 1494 1493
f 1492 1495 1498
f 1492 1493 1496
f 1492 1496 1495
f 1495 1499 1498
f 1493 1494 1497
f 1493 1497 1496
f 1485 1498 1506
f 1498 1510 1506
f 1498 1499 1510
f 1499 1511 1510
f 1482 1490 1500
f 1482 1500 1494
f 1490 1491 1501
f 1490 1501 1500
f 1494 1500 1502
f 1494 1502 1497
f 1500 1501 1503
f 1500 1503 1502
f 1504 1505 1507
f 1505 1508 1507
f 1505 1506 1508
f 1506 1509 1508
f 1507 1508 1570
f 1508 1571 1570
f 1508 1509 1571
f 1509 1572 1571
f 1506 1510 1509
f 1509 1510 1512
f 1510 1511 1512
f 1511 1513 1512
f 1509 1512 1572
f 1512 1576 1572
f 1512 1513 1576
f 1513 1577 1576
f 1488 1514 1515
f 1488 1515 1489
f 1514 1516 1517
f 1514 1517 1515
f 1489 1515 1518
f 1489 1518 1491
f 1515 1517 1519
f 1515 1519 1518
f 1516 1520 1521
f 1516 1521 1517
f 1520 1522 1523
f 1520 1523 1521
f 1517 1521 1524
f 1517 1524 1519
f 1521 1523 1525
f 1521 1525 1524
f 1491 1518 1526
f 1491 1526 1501
f 1518 1519 1527
f 1518 1527 1526
f 1501 1526 1528
f 1501 1528 1503
f 1526 1527 1529
f 1526 1529 1528
f 1519 1524 1530
f 1519 1530 1527
f 1524 1525 1531
f 1524 1531 1530
f 1527 1530 1532
f 1527 1532 1529
f 1530 1531 1533
f 1530 1533 1532
f 1495 1534 1499
f 1495 1496 1535
f 1495 1535 1534
f 1499 1534 1540
f 1496 1497 1536
f 1496 1536 1535
f 1534 1537 1540
f 1534 1535 1538
f 1534 1538 1537
f 1537 1541 1540
f 1535 1536 1539
f 1535 1539 1538
f 1499 1540 1511
f 1511 1540 1552
f 1540 1541 1552
f 1541 1553 1552
f 1497 1502 1542
f 1497 1542 1536
f 1502 1503 1543
f 1502 1543 1542
f 1536 1542 1544
f 1536 1544 1539
f 1542 1543 1545
f 1542 1545 1544
f 1537 1546 1541
f 1537 1538 1547
f 1537 1547 1546
f 1541 1546 1549
f 1538 1539 1548
f 1538 1548 1547
f 1546 1658 1549
f 1546 1547 1659
f 1546 1659 1658
f 1549 1658 1667
f 1547 1548 1662
f 1547 1662 1659
f 1541 1549 1553
f 1549 1556 1553
f 1549 1667 1556
f 1556 1667 1682
f 1539 1544 1550
f 1539 1550 1548
f 1544 1545 1551
f 1544 1551 1550
f 1548 1550 1670
f 1548 1670 1662
f 1550 1551 1672
f 1550 1672 1670
f 1511 1552 1513
f 1513 1552 1554
f 1552 1553 1554
f 1553 1555 1554
f 1513 1554 1577
f 1554 1590 1577
f 1554 1555 1590
f 1555 1591 1590
f 1553 1556 1555
f 1555 1556 1557
f 1556 1682 1557
f 1557 1682 1685
f 1555 1557 1591
f 1557 1594 1591
f 1557 1685 1594
f 1594 1685 1790
f 1503 1528 1558
f 1503 1558 1543
f 1528 1529 1559
f 1528 1559 1558
f 1543 1558 1560
f 1543 1560 1545
f 1558 1559 1561
f 1558 1561 1560
f 1529 1532 1562
f 1529 1562 1559
f 1532 1533 1563
f 1532 1563 1562
f 1559 1562 1564
f 1559 1564 1561
f 1562 1563 1565
f 1562 1565 1564
f 1545 1560 1566
f 1545 1566 1551
f 1560 1561 1567
f 1560 1567 1566
f 1551 1566 1690
f 1551 1690 1672
f 1566 1567 1692
f 1566 1692 1690
f 1561 1564 1568
f 1561 1568 1567
f 1564 1565 1569
f 1564 1569 1568
f 1567 1568 1696
f 1567 1696 1692
f 1568 1569 1698
f 1568 1698 1696
f 1570 1571 1573
f 1571 1574 1573
f 1571 1572 1574
f 1572 1575 1574
f 1573 1574 1580
f 1574 1581 1580
f 1574 1575 1581
f 1575 1582 1581
f 1572 1576 1575
f 1575 1576 1578
f 1576 1577 1578
f 1577 1579 1578
f 1575 1578 1582
f 1578 1586 1582
f 1578 1579 1586
f 1579 1587 1586
f 1580 1581 1583
f 1581 1584 1583
f 1581 1582 1584
f 1582 1585 1584
f 1583 1584 2122
f 1584 2123 2122
f 1584 1585 2123
f 1585 2124 2123
f 1582 1586 1585
f 1585 1586 1588
f 1586 1587 1588
f 1587 1589 1588
f 1585 1588 2124
f 1588 2128 2124
f 1588 1589 2128
f 1589 2129 2128
f 1577 1590 1579
f 1579 1590 1592
f 1590 1591 1592
f 1591 1593 1592
f 1579 1592 1587
f 1587 1592 1596
f 1592 1593 1596
f 1593 1597 1596
f 1591 1594 1593
f 1593 1594 1595
f 1594 1790 1595
f 1595 1790 1793
f 1593 1595 1597
f 1595 1600 1597
f 1595 1793 1600
f 1600 1793 1798
f 1587 1596 1589
f 1589 1596 1598
f 1596 1597 1598
f 1597 1599 1598
f 1589 1598 2129
f 1598 2142 2129
f 1598 1599 2142
f 1599 2143 2142
f 1597 1600 1599
f 1599 1600 1601
f 1600 1798 1601
f 1601 1798 1801
f 1599 1601 2143
f 1601 2146 2143
f 1601 1801 2146
f 1801 2283 2146
f 1522 1602 1603
f 1522 1603 1523
f 1602 1604 1605
f 1602 1605 1603
f 1523 1603 1606
f 1523 1606 1525
f 1603 1605 1607
f 1603 1607 1606
f 1604 1608 1609
f 1604 1609 1605
f 1608 1610 1611
f 1608 1611 1609
f 1605 1609 1612
f 1605 1612 1607
f 1609 1611 1613
f 1609 1613 1612
f 1525 1606 1614
f 1525 1614 1531
f 1606 1607 1615
f 1606 1615 1614
f 1531 1614 1616
f 1531 1616 1533
f 1614 1615 1617
f 1614 1617 1616
f 1607 1612 1618
f 1607 1618 1615
f 1612 1613 1619
f 1612 1619 1618
f 1615 1618 1620
f 1615 1620 1617
f 1618 1619 1621
f 1618 1621 1620
f 1610 1622 1623
f 1610 1623 1611
f 1622 1624 1625
f 1622 1625 1623
f 1611 1623 1626
f 1611 1626 1613
f 1623 1625 1627
f 1623 1627 1626
f 1624 1628 1629
f 1624 1629 1625
f 1628 2583 2585
f 1628 2585 1629
f 1625 1629 1630
f 1625 1630 1627
f 1629 2585 2589
f 1629 2589 1630
f 1613 1626 1631
f 1613 1631 1619
f 1626 1627 1632
f 1626 1632 1631
f 1619 1631 1633
f 1619 1633 1621
f 1631 1632 1634
f 1631 1634 1633
f 1627 1630 1635
f 1627 1635 1632
f 1630 2589 2595
f 1630 2595 1635
f 1632 1635 1636
f 1632 1636 1634
f 1635 2595 2598
f 1635 2598 1636
f 1533 1616 1637
f 1533 1637 1563
f 1616 1617 1638
f 1616 1638 1637
f 1563 1637 1639
f 1563 1639 1565
f 1637 1638 1640
f 1637 1640 1639
f 1617 1620 1641
f 1617 1641 1638
f 1620 1621 1642
f 1620 1642 1641
f 1638 1641 1643
f 1638 1643 1640
f 1641 1642 1644
f 1641 1644 1643
f 1565 1639 1645
f 1565 1645 1569
f 1639 1640 1646
f 1639 1646 1645
f 1569 1645 1858
f 1569 1858 1698
f 1645 1646 1860
f 1645 1860 1858
f 1640 1643 1647
f 1640 1647 1646
f 1643 1644 1648
f 1643 1648 1647
f 1646 1647 1864
f 1646 1864 1860
f 1647 1648 1866
f 1647 1866 1864
f 1621 1633 1649
f 1621 1649 1642
f 1633 1634 1650
f 1633 1650 1649
f 1642 1649 1651
f 1642 1651 1644
f 1649 1650 1652
f 1649 1652 1651
f 1634 1636 1653
f 1634 1653 1650
f 1636 2598 2628
f 1636 2628 1653
f 1650 1653 1654
f 1650 1654 1652
f 1653 2628 2631
f 1653 2631 1654
f 1644 1651 1655
f 1644 1655 1648
f 1651 1652 1656
f 1651 1656 1655
f 1648 1655 1874
f 1648 1874 1866
f 1655 1656 1876
f 1655 1876 1874
f 1652 1654 1657
f 1652 1657 1656
f 1654 2631 2636
f 1654 2636 1657
f 1656 1657 1880
f 1656 1880 1876
f 1657 2636 2775
f 1657 2775 1880
f 1658 1660 1667
f 1658 1659 1661
f 1658 1661 1660
f 1660 1668 1667
f 1659 1662 1663
f 1659 1663 1661
f 1660 1664 1668
f 1660 1661 1665
f 1660 1665 1664
f 1664 1669 1668
f 1661 1663 1666
f 1661 1666 1665
f 1667 1668 1682
f 1668 1683 1682
f 1668 1669 1683
f 1669 1684 1683
f 1662 1670 1671
f 1662 1671 1663
f 1670 1672 1673
f 1670 1673 1671
f 1663 1671 1674
f 1663 1674 1666
f 1671 1673 1675
f 1671 1675 1674
f 1664 1676 1669
f 1664 1665 1677
f 1664 1677 1676
f 1669 1676 1679
f 1665 1666 1678
f 1665 1678 1677
f 1676 1706 1679
f 1676 1677 1707
f 1676 1707 1706
f 1679 1706 1712
f 1677 1678 1710
f 1677 1710 1707
f 1669 1679 1684
f 1679 1688 1684
f 1679 1712 1688
f 1688 1712 1740
f 1666 1674 1680
f 1666 1680 1678
f 1674 1675 1681
f 1674 1681 1680
f 1678 1680 1714
f 1678 1714 1710
f 1680 1681 1716
f 1680 1716 1714
f 1682 1683 1685
f 1683 1686 1685
f 1683 1684 1686
f 1684 1687 1686
f 1685 1686 1790
f 1686 1791 1790
f 1686 1687 1791
f 1687 1792 1791
f 1684 1688 1687
f 1687 1688 1689
f 1688 1740 1689
f 1689 1740 1742
f 1687 1689 1792
f 1689 1796 1792
f 1689 1742 1796
f 1742 1806 1796
f 1672 1690 1691
f 1672 1691 1673
f 1690 1692 1693
f 1690 1693 1691
f 1673 1691 1694
f 1673 1694 1675
f 1691 1693 1695
f 1691 1695 1694
f 1692 1696 1697
f 1692 1697 1693
f 1696 1698 1699
f 1696 1699 1697
f 1693 1697 1700
f 1693 1700 1695
f 1697 1699 1701
f 1697 1701 1700
f 1675 1694 1702
f 1675 1702 1681
f 1694 1695 1703
f 1694 1703 1702
f 1681 1702 1758
f 1681 1758 1716
f 1702 1703 1760
f 1702 1760 1758
f 1695 1700 1704
f 1695 1704 1703
f 1700 1701 1705
f 1700 1705 1704
f 1703 1704 1762
f 1703 1762 1760
f 1704 1705 1764
f 1704 1764 1762
f 1706 1708 1712
f 1706 1707 1709
f 1706 1709 1708
f 1708 1713 1712
f 1707 1710 1711
f 1707 1711 1709
f 1708 1718 1713
f 1708 1709 1719
f 1708 1719 1718
f 1713 1718 1727
f 1709 1711 1720
f 1709 1720 1719
f 1712 1713 1740
f 1713 1741 1740
f 1713 1727 1741
f 1727 1744 1741
f 1710 1714 1715
f 1710 1715 1711
f 1714 1716 1717
f 1714 1717 1715
f 1711 1715 1732
f 1711 1732 1720
f 1715 1717 1733
f 1715 1733 1732
f 1718 1721 1727
f 1718 1719 1722
f 1718 1722 1721
f 1721 1728 1727
f 1719 1720 1725
f 1719 1725 1722
f 1721 1723 1728
f 1721 1722 1724
f 1721 1724 1723
f 1723 1724 1730
f 1723 1729 1728
f 1723 1730 1729
f 1722 1725 1726
f 1722 1726 1724
f 1724 1726 1731
f 1724 1731 1730
f 1727 1728 1744
f 1728 1745 1744
f 1728 1729 1745
f 1729 1730 1747
f 1729 1746 1745
f 1729 1747 1746
f 1730 1731 1748
f 1730 1748 1747
f 1720 1732 1734
f 1720 1734 1725
f 1732 1733 1736
f 1732 1736 1734
f 1725 1734 1735
f 1725 1735 1726
f 1726 1735 1738
f 1726 1738 1731
f 1734 1736 1737
f 1734 1737 1735
f 1735 1737 1739
f 1735 1739 1738
f 1731 1738 1754
f 1731 1754 1748
f 1738 1739 1755
f 1738 1755 1754
f 1740 1741 1742
f 1741 1743 1742
f 1741 1744 1743
f 1743 1744 1749
f 1742 1743 1806
f 1743 1807 1806
f 1743 1749 1807
f 1749 1810 1807
f 1744 1745 1749
f 1745 1750 1749
f 1745 1746 1750
f 1746 1747 1752
f 1746 1751 1750
f 1746 1752 1751
f 1747 1748 1753
f 1747 1753 1752
f 1749 1750 1810
f 1750 1811 1810
f 1750 1751 1811
f 1751 1752 1813
f 1751 1812 1811
f 1751 1813 1812
f 1752 1753 1814
f 1752 1814 1813
f 1748 1754 1756
f 1748 1756 1753
f 1754 1755 1757
f 1754 1757 1756
f 1753 1756 1820
f 1753 1820 1814
f 1756 1757 1821
f 1756 1821 1820
f 1716 1758 1759
f 1716 1759 1717
f 1758 1760 1761
f 1758 1761 1759
f 1717 1759 1766
f 1717 1766 1733
f 1759 1761 1767
f 1759 1767 1766
f 1760 1762 1763
f 1760 1763 1761
f 1762 1764 1765
f 1762 1765 1763
f 1761 1763 1774
f 1761 1774 1767
f 1763 1765 1775
f 1763 1775 1774
f 1733 1766 1768
f 1733 1768 1736
f 1766 1767 1770
f 1766 1770 1768
f 1736 1768 1769
f 1736 1769 1737
f 1737 1769 1772
f 1737 1772 1739
f 1768 1770 1771
f 1768 1771 1769
f 1769 1771 1773
f 1769 1773 1772
f 1739 1772 1782
f 1739 1782 1755
f 1772 1773 1783
f 1772 1783 1782
f 1767 1774 1776
f 1767 1776 1770
f 1774 1775 1778
f 1774 1778 1776
f 1770 1776 1777
f 1770 1777 1771
f 1771 1777 1780
f 1771 1780 1773
f 1776 1778 1779
f 1776 1779 1777
f 1777 1779 1781
f 1777 1781 1780
f 1773 1780 1786
f 1773 1786 1783
f 1780 1781 1787
f 1780 1787 1786
f 1755 1782 1784
f 1755 1784 1757
f 1782 1783 1785
f 1782 1785 1784
f 1757 1784 1842
f 1757 1842 1821
f 1784 1785 1843
f 1784 1843 1842
f 1783 1786 1788
f 1783 1788 1785
f 1786 1787 1789
f 1786 1789 1788
f 1785 1788 1846
f 1785 1846 1843
f 1788 1789 1847
f 1788 1847 1846
f 1790 1791 1793
f 1791 1794 1793
f 1791 1792 1794
f 1792 1795 1794
f 1793 1794 1798
f 1794 1799 1798
f 1794 1795 1799
f 1795 1800 1799
f 1792 1796 1795
f 1795 1796 1797
f 1796 1806 1797
f 1797 1806 1808
f 1795 1797 1800
f 1797 1804 1800
f 1797 1808 1804
f 1804 1808 1824
f 1798 1799 1801
f 1799 1802 1801
f 1799 1800 1802
f 1800 1803 1802
f 1801 1802 2283
f 1802 2284 2283
f 1802 1803 2284
f 1803 2285 2284
f 1800 1804 1803
f 1803 1804 1805
f 1804 1824 1805
f 1805 1824 1826
f 1803 1805 2285
f 1805 2289 2285
f 1805 1826 2289
f 1826 2299 2289
f 1806 1807 1808
f 1807 1809 1808
f 1807 1810 1809
f 1809 1810 1815
f 1808 1809 1824
f 1809 1825 1824
f 1809 1815 1825
f 1815 1828 1825
f 1810 1811 1815
f 1811 1816 1815
f 1811 1812 1816
f 1812 1813 1818
f 1812 1817 1816
f 1812 1818 1817
f 1813 1814 1819
f 1813 1819 1818
f 1815 1816 1828
f 1816 1829 1828
f 1816 1817 1829
f 1817 1818 1831
f 1817 1830 1829
f 1817 1831 1830
f 1818 1819 1832
f 1818 1832 1831
f 1814 1820 1822
f 1814 1822 1819
f 1820 1821 1823
f 1820 1823 1822
f 1819 1822 1838
f 1819 1838 1832
f 1822 1823 1839
f 1822 1839 1838
f 1824 1825 1826
f 1825 1827 1826
f 1825 1828 1827
f 1827 1828 1833
f 1826 1827 2299
f 1827 2300 2299
f 1827 1833 2300
f 1833 2303 2300
f 1828 1829 1833
f 1829 1834 1833
f 1829 1830 1834
f 1830 1831 1836
f 1830 1835 1834
f 1830 1836 1835
f 1831 1832 1837
f 1831 1837 1836
f 1833 1834 2303
f 1834 2304 2303
f 1834 1835 2304
f 1835 1836 2306
f 1835 2305 2304
f 1835 2306 2305
f 1836 1837 2307
f 1836 2307 2306
f 1832 1838 1840
f 1832 1840 1837
f 1838 1839 1841
f 1838 1841 1840
f 1837 1840 2313
f 1837 2313 2307
f 1840 1841 2314
f 1840 2314 2313
f 1821 1842 1844
f 1821 1844 1823
f 1842 1843 1845
f 1842 1845 1844
f 1823 1844 1850
f 1823 1850 1839
f 1844 1845 1851
f 1844 1851 1850
f 1843 1846 1848
f 1843 1848 1845
f 1846 1847 1849
f 1846 1849 1848
f 1845 1848 1854
f 1845 1854 1851
f 1848 1849 1855
f 1848 1855 1854
f 1839 1850 1852
f 1839 1852 1841
f 1850 1851 1853
f 1850 1853 1852
f 1841 1852 2335
f 1841 2335 2314
f 1852 1853 2336
f 1852 2336 2335
f 1851 1854 1856
f 1851 1856 1853
f 1854 1855 1857
f 1854 1857 1856
f 1853 1856 2339
f 1853 2339 2336
f 1856 1857 2340
f 1856 2340 2339
f 1698 1858 1859
f 1698 1859 1699
f 1858 1860 1861
f 1858 1861 1859
f 1699 1859 1862
f 1699 1862 1701
f 1859 1861 1863
f 1859 1863 1862
f 1860 1864 1865
f 1860 1865 1861
f 1864 1866 1867
f 1864 1867 1865
f 1861 1865 1868
f 1861 1868 1863
f 1865 1867 1869
f 1865 1869 1868
f 1701 1862 1870
f 1701 1870 1705
f 1862 1863 1871
f 1862 1871 1870
f 1705 1870 1886
f 1705 1886 1764
f 1870 1871 1888
f 1870 1888 1886
f 1863 1868 1872
f 1863 1872 1871
f 1868 1869 1873
f 1868 1873 1872
f 1871 1872 1890
f 1871 1890 1888
f 1872 1873 1892
f 1872 1892 1890
f 1866 1874 1875
f 1866 1875 1867
f 1874 1876 1877
f 1874 1877 1875
f 1867 1875 1878
f 1867 1878 1869
f 1875 1877 1879
f 1875 1879 1878
f 1876 1880 1881
f 1876 1881 1877
f 1880 2775 2777
f 1880 2777 1881
f 1877 1881 1882
f 1877 1882 1879
f 1881 2777 2781
f 1881 2781 1882
f 1869 1878 1883
f 1869 1883 1873
f 1878 1879 1884
f 1878 1884 1883
f 1873 1883 1918
f 1873 1918 1892
f 1883 1884 1920
f 1883 1920 1918
f 1879 1882 1885
f 1879 1885 1884
f 1882 2781 2787
f 1882 2787 1885
f 1884 1885 1922
f 1884 1922 1920
f 1885 2787 2811
f 1885 2811 1922
f 1764 1886 1887
f 1764 1887 1765
f 1886 1888 1889
f 1886 1889 1887
f 1765 1887 1894
f 1765 1894 1775
f 1887 1889 1895
f 1887 1895 1894
f 1888 1890 1891
f 1888 1891 1889
f 1890 1892 1893
f 1890 1893 1891
f 1889 1891 1902
f 1889 1902 1895
f 1891 1893 1903
f 1891 1903 1902
f 1775 1894 1896
f 1775 1896 1778
f 1894 1895 1898
f 1894 1898 1896
f 1778 1896 1897
f 1778 1897 1779
f 1779 1897 1900
f 1779 1900 1781
f 1896 1898 1899
f 1896 1899 1897
f 1897 1899 1901
f 1897 1901 1900
f 1781 1900 1910
f 1781 1910 1787
f 1900 1901 1911
f 1900 1911 1910
f 1895 1902 1904
f 1895 1904 1898
f 1902 1903 1906
f 1902 1906 1904
f 1898 1904 1905
f 1898 1905 1899
f 1899 1905 1908
f 1899 1908 1901
f 1904 1906 1907
f 1904 1907 1905
f 1905 1907 1909
f 1905 1909 1908
f 1901 1908 1914
f 1901 1914 1911
f 1908 1909 1915
f 1908 1915 1914
f 1787 1910 1912
f 1787 1912 1789
f 1910 1911 1913
f 1910 1913 1912
f 1789 1912 1967
f 1789 1967 1847
f 1912 1913 1970
f 1912 1970 1967
f 1911 1914 1916
f 1911 1916 1913
f 1914 1915 1917
f 1914 1917 1916
f 1913 1916 2002
f 1913 2002 1970
f 1916 1917 2006
f 1916 2006 2002
f 1892 1918 1919
f 1892 1919 1893
f 1918 1920 1921
f 1918 1921 1919
f 1893 1919 1924
f 1893 1924 1903
f 1919 1921 1925
f 1919 1925 1924
f 1920 1922 1923
f 1920 1923 1921
f 1922 2811 2813
f 1922 2813 1923
f 1921 1923 1932
f 1921 1932 1925
f 1923 2813 2819
f 1923 2819 1932
f 1903 1924 1926
f 1903 1926 1906
f 1924 1925 1928
f 1924 1928 1926
f 1906 1926 1927
f 1906 1927 1907
f 1907 1927 1930
f 1907 1930 1909
f 1926 1928 1929
f 1926 1929 1927
f 1927 1929 1931
f 1927 1931 1930
f 1909 1930 1936
f 1909 1936 1915
f 1930 1931 1937
f 1930 1937 1936
f 1925 1932 1933
f 1925 1933 1928
f 1932 2819 2822
f 1932 2822 1933
f 1928 1933 1934
f 1928 1934 1929
f 1929 1934 1935
f 1929 1935 1931
f 1933 2822 2824
f 1933 2824 1934
f 1934 2824 2828
f 1934 2828 1935
f 1931 1935 1940
f 1931 1940 1937
f 1935 2828 2835
f 1935 2835 1940
f 1915 1936 1938
f 1915 1938 1917
f 1936 1937 1939
f 1936 1939 1938
f 1917 1938 2058
f 1917 2058 2006
f 1938 1939 2064
f 1938 2064 2058
f 1937 1940 1941
f 1937 1941 1939
f 1940 2835 2838
f 1940 2838 1941
f 1939 1941 2071
f 1939 2071 2064
f 1941 2838 2883
f 1941 2883 2071
f 1847 1967 1983
f 1847 1983 1849
f 1967 1971 1974
f 1967 1974 1969
f 1967 1969 1976
f 1967 1970 1972
f 1967 1972 1971
f 1970 1997 1972
f 1967 1976 1983
f 1983 1976 1978
f 1983 1978 1987
f 1849 1983 1985
f 1983 1988 1985
f 1849 2032 1855
f 1849 1985 2032
f 1983 1987 1988
f 1970 1998 1997
f 1970 2000 1998
f 1970 2001 2000
f 1970 2002 2001
f 2002 2006 2001
f 2006 2005 2001
f 2006 2007 2005
f 2006 2008 2007
f 2006 2009 2008
f 1855 2032 2035
f 1855 2439 1857
f 1855 2035 2439
f 2006 2058 2009
f 2058 2059 2009
f 2058 2062 2059
f 2058 2063 2062
f 2058 2064 2063
f 2064 2066 2063
f 2064 2067 2066
f 2064 2068 2067
f 2064 2074 2068
f 2064 2073 2074
f 2064 2075 2073
f 2064 2071 2081
f 2064 2081 2075
f 2081 2077 2075
f 2071 2883 2886
f 2071 2886 2081
f 2081 2083 2077
f 2081 2085 2083
f 2081 2086 2085
f 2081 2107 2086
f 2081 2886 2891
f 2081 2891 2107
f 2107 2109 2086
f 2107 2894 2109
f 2107 2891 2894
f 2894 2111 2109
f 2894 2117 2111
f 2894 2118 2117
f 2894 3167 2118
f 3167 2121 2118
f 2122 2123 2125
f 2123 2126 2125
f 2123 2124 2126
f 2124 2127 2126
f 2125 2126 2132
f 2126 2133 2132
f 2126 2127 2133
f 2127 2134 2133
f 2124 2128 2127
f 2127 2128 2130
f 2128 2129 2130
f 2129 2131 2130
f 2127 2130 2134
f 2130 2138 2134
f 2130 2131 2138
f 2131 2139 2138
f 2132 2133 2135
f 2133 2136 2135
f 2133 2134 2136
f 2134 2137 2136
f 2135 2136 2154
f 2136 2155 2154
f 2136 2137 2155
f 2137 2156 2155
f 2134 2138 2137
f 2137 2138 2140
f 2138 2139 2140
f 2139 2141 2140
f 2137 2140 2156
f 2140 2160 2156
f 2140 2141 2160
f 2141 2161 2160
f 2129 2142 2131
f 2131 2142 2144
f 2142 2143 2144
f 2143 2145 2144
f 2131 2144 2139
f 2139 2144 2148
f 2144 2145 2148
f 2145 2149 2148
f 2143 2146 2145
f 2145 2146 2147
f 2146 2283 2147
f 2147 2283 2286
f 2145 2147 2149
f 2147 2152 2149
f 2147 2286 2152
f 2152 2286 2291
f 2139 2148 2141
f 2141 2148 2150
f 2148 2149 2150
f 2149 2151 2150
f 2141 2150 2161
f 2150 2174 2161
f 2150 2151 2174
f 2151 2175 2174
f 2149 2152 2151
f 2151 2152 2153
f 2152 2291 2153
f 2153 2291 2294
f 2151 2153 2175
f 2153 2178 2175
f 2153 2294 2178
f 2178 2294 2351
f 2154 2155 2157
f 2155 2158 2157
f 2155 2156 2158
f 2156 2159 2158
f 2157 2158 2164
f 2158 2165 2164
f 2158 2159 2165
f 2159 2166 2165
f 2156 2160 2159
f 2159 2160 2162
f 2160 2161 2162
f 2161 2163 2162
f 2159 2162 2166
f 2162 2170 2166
f 2162 2163 2170
f 2163 2171 2170
f 2164 2165 2167
f 2165 2168 2167
f 2165 2166 2168
f 2166 2169 2168
f 2167 2168 5096
f 2168 5097 5096
f 2168 2169 5097
f 2169 5098 5097
f 2166 2170 2169
f 2169 2170 2172
f 2170 2171 2172
f 2171 2173 2172
f 2169 2172 5098
f 2172 5102 5098
f 2172 2173 5102
f 2173 5103 5102
f 2161 2174 2163
f 2163 2174 2176
f 2174 2175 2176
f 2175 2177 2176
f 2163 2176 2171
f 2171 2176 2180
f 2176 2177 2180
f 2177 2181 2180
f 2175 2178 2177
f 2177 2178 2179
f 2178 2351 2179
f 2179 2351 2354
f 2177 2179 2181
f 2179 2184 2181
f 2179 2354 2184
f 2184 2354 2359
f 2171 2180 2173
f 2173 2180 2182
f 2180 2181 2182
f 2181 2183 2182
f 2173 2182 5103
f 2182 5116 5103
f 2182 2183 5116
f 2183 5117 5116
f 2181 2184 2183
f 2183 2184 2185
f 2184 2359 2185
f 2185 2359 2362
f 2183 2185 5117
f 2185 5120 5117
f 2185 2362 5120
f 2362 5260 5120
f 2283 2284 2286
f 2284 2287 2286
f 2284 2285 2287
f 2285 2288 2287
f 2286 2287 2291
f 2287 2292 2291
f 2287 2288 2292
f 2288 2293 2292
f 2285 2289 2288
f 2288 2289 2290
f 2289 2299 2290
f 2290 2299 2301
f 2288 2290 2293
f 2290 2297 2293
f 2290 2301 2297
f 2297 2301 2317
f 2291 2292 2294
f 2292 2295 2294
f 2292 2293 2295
f 2293 2296 2295
f 2294 2295 2351
f 2295 2352 2351
f 2295 2296 2352
f 2296 2353 2352
f 2293 2297 2296
f 2296 2297 2298
f 2297 2317 2298
f 2298 2317 2319
f 2296 2298 2353
f 2298 2357 2353
f 2298 2319 2357
f 2319 2367 2357
f 2299 2300 2301
f 2300 2302 2301
f 2300 2303 2302
f 2302 2303 2308
f 2301 2302 2317
f 2302 2318 2317
f 2302 2308 2318
f 2308 2321 2318
f 2303 2304 2308
f 2304 2309 2308
f 2304 2305 2309
f 2305 2306 2311
f 2305 2310 2309
f 2305 2311 2310
f 2306 2307 2312
f 2306 2312 2311
f 2308 2309 2321
f 2309 2322 2321
f 2309 2310 2322
f 2310 2311 2324
f 2310 2323 2322
f 2310 2324 2323
f 2311 2312 2325
f 2311 2325 2324
f 2307 2313 2315
f 2307 2315 2312
f 2313 2314 2316
f 2313 2316 2315
f 2312 2315 2331
f 2312 2331 2325
f 2315 2316 2332
f 2315 2332 2331
f 2317 2318 2319
f 2318 2320 2319
f 2318 2321 2320
f 2320 2321 2326
f 2319 2320 2367
f 2320 2368 2367
f 2320 2326 2368
f 2326 2371 2368
f 2321 2322 2326
f 2322 2327 2326
f 2322 2323 2327
f 2323 2324 2329
f 2323 2328 2327
f 2323 2329 2328
f 2324 2325 2330
f 2324 2330 2329
f 2326 2327 2371
f 2327 2372 2371
f 2327 2328 2372
f 2328 2329 2374
f 2328 2373 2372
f 2328 2374 2373
f 2329 2330 2375
f 2329 2375 2374
f 2325 2331 2333
f 2325 2333 2330
f 2331 2332 2334
f 2331 2334 2333
f 2330 2333 2381
f 2330 2381 2375
f 2333 2334 2382
f 2333 2382 2381
f 2314 2335 2337
f 2314 2337 2316
f 2335 2336 2338
f 2335 2338 2337
f 2316 2337 2343
f 2316 2343 2332
f 2337 2338 2344
f 2337 2344 2343
f 2336 2339 2341
f 2336 2341 2338
f 2339 2340 2342
f 2339 2342 2341
f 2338 2341 2347
f 2338 2347 2344
f 2341 2342 2348
f 2341 2348 2347
f 2332 2343 2345
f 2332 2345 2334
f 2343 2344 2346
f 2343 2346 2345
f 2334 2345 2403
f 2334 2403 2382
f 2345 2346 2404
f 2345 2404 2403
f 2344 2347 2349
f 2344 2349 2346
f 2347 2348 2350
f 2347 2350 2349
f 2346 2349 2407
f 2346 2407 2404
f 2349 2350 2408
f 2349 2408 2407
f 2351 2352 2354
f 2352 2355 2354
f 2352 2353 2355
f 2353 2356 2355
f 2354 2355 2359
f 2355 2360 2359
f 2355 2356 2360
f 2356 2361 2360
f 2353 2357 2356
f 2356 2357 2358
f 2357 2367 2358
f 2358 2367 2369
f 2356 2358 2361
f 2358 2365 2361
f 2358 2369 2365
f 2365 2369 2385
f 2359 2360 2362
f 2360 2363 2362
f 2360 2361 2363
f 2361 2364 2363
f 2362 2363 5260
f 2363 5261 5260
f 2363 2364 5261
f 2364 5262 5261
f 2361 2365 2364
f 2364 2365 2366
f 2365 2385 2366
f 2366 2385 2387
f 2364 2366 5262
f 2366 5266 5262
f 2366 2387 5266
f 2387 5276 5266
f 2367 2368 2369
f 2368 2370 2369
f 2368 2371 2370
f 2370 2371 2376
f 2369 2370 2385
f 2370 2386 2385
f 2370 2376 2386
f 2376 2389 2386
f 2371 2372 2376
f 2372 2377 2376
f 2372 2373 2377
f 2373 2374 2379
f 2373 2378 2377
f 2373 2379 2378
f 2374 2375 2380
f 2374 2380 2379
f 2376 2377 2389
f 2377 2390 2389
f 2377 2378 2390
f 2378 2379 2392
f 2378 2391 2390
f 2378 2392 2391
f 2379 2380 2393
f 2379 2393 2392
f 2375 2381 2383
f 2375 2383 2380
f 2381 2382 2384
f 2381 2384 2383
f 2380 2383 2399
f 2380 2399 2393
f 2383 2384 2400
f 2383 2400 2399
f 2385 2386 2387
f 2386 2388 2387
f 2386 2389 2388
f 2388 2389 2394
f 2387 2388 5276
f 2388 5277 5276
f 2388 2394 5277
f 2394 5280 5277
f 2389 2390 2394
f 2390 2395 2394
f 2390 2391 2395
f 2391 2392 2397
f 2391 2396 2395
f 2391 2397 2396
f 2392 2393 2398
f 2392 2398 2397
f 2394 2395 5280
f 2395 5281 5280
f 2395 2396 5281
f 2396 2397 5283
f 2396 5282 5281
f 2396 5283 5282
f 2397 2398 5284
f 2397 5284 5283
f 2393 2399 2401
f 2393 2401 2398
f 2399 2400 2402
f 2399 2402 2401
f 2398 2401 5290
f 2398 5290 5284
f 2401 2402 5291
f 2401 5291 5290
f 2382 2403 2405
f 2382 2405 2384
f 2403 2404 2406
f 2403 2406 2405
f 2384 2405 2411
f 2384 2411 2400
f 2405 2406 2412
f 2405 2412 2411
f 2404 2407 2409
f 2404 2409 2406
f 2407 2408 2410
f 2407 2410 2409
f 2406 2409 2415
f 2406 2415 2412
f 2409 2410 2416
f 2409 2416 2415
f 2400 2411 2413
f 2400 2413 2402
f 2411 2412 2414
f 2411 2414 2413
f 2402 2413 5312
f 2402 5312 5291
f 2413 2414 5313
f 2413 5313 5312
f 2412 2415 2417
f 2412 2417 2414
f 2415 2416 2418
f 2415 2418 2417
f 2414 2417 5316
f 2414 5316 5313
f 2417 2418 5317
f 2417 5317 5316
f 1857 2439 2340
f 2340 2439 2342
f 2342 2439 2466
f 2342 2466 2348
f 2348 2466 2350
f 2350 2466 2468
f 2350 2564 2408
f 2350 2468 2564
f 3167 3170 2121
f 3170 2473 2121
f 3170 3175 2473
f 3175 3178 2473
f 3178 2501 2473
f 3178 3203 2501
f 2408 2567 2410
f 2408 2564 2567
f 2410 2577 2416
f 2410 2567 2577
f 2416 2577 2418
f 3203 3206 2501
f 3206 3211 2501
f 3211 2582 2501
f 3211 3214 2582
f 3214 6553 2582
f 6553 6556 2582
f 2583 2584 2586
f 2583 2586 2585
f 2584 2587 2588
f 2584 2588 2586
f 2585 2586 2590
f 2585 2590 2589
f 2586 2588 2591
f 2586 2591 2590
f 2587 2592 2593
f 2587 2593 2588
f 2592 2603 2604
f 2592 2604 2593
f 2588 2593 2594
f 2588 2594 2591
f 2593 2604 2609
f 2593 2609 2594
f 2589 2590 2596
f 2589 2596 2595
f 2590 2591 2597
f 2590 2597 2596
f 2595 2596 2599
f 2595 2599 2598
f 2596 2597 2600
f 2596 2600 2599
f 2591 2594 2601
f 2591 2601 2597
f 2594 2609 2618
f 2594 2618 2601
f 2597 2601 2602
f 2597 2602 2600
f 2601 2618 2621
f 2601 2621 2602
f 2603 2605 2607
f 2603 2607 2604
f 2605 2606 2608
f 2605 2608 2607
f 2604 2607 2610
f 2604 2610 2609
f 2607 2608 2611
f 2607 2611 2610
f 2606 2612 2613
f 2606 2613 2608
f 2612 2614 2615
f 2612 2615 2613
f 2608 2613 2616
f 2608 2616 2611
f 2613 2615 2617
f 2613 2617 2616
f 2609 2610 2619
f 2609 2619 2618
f 2610 2611 2620
f 2610 2620 2619
f 2618 2619 2622
f 2618 2622 2621
f 2619 2620 2623
f 2619 2623 2622
f 2611 2616 2624
f 2611 2624 2620
f 2616 2617 2625
f 2616 2625 2624
f 2620 2624 2626
f 2620 2626 2623
f 2624 2625 2627
f 2624 2627 2626
f 2598 2599 2629
f 2598 2629 2628
f 2599 2600 2630
f 2599 2630 2629
f 2628 2629 2632
f 2628 2632 2631
f 2629 2630 2633
f 2629 2633 2632
f 2600 2602 2634
f 2600 2634 2630
f 2602 2621 2640
f 2602 2640 2634
f 2630 2634 2635
f 2630 2635 2633
f 2634 2640 2643
f 2634 2643 2635
f 2631 2632 2637
f 2631 2637 2636
f 2632 2633 2638
f 2632 2638 2637
f 2636 2637 2776
f 2636 2776 2775
f 2637 2638 2779
f 2637 2779 2776
f 2633 2635 2639
f 2633 2639 2638
f 2635 2643 2650
f 2635 2650 2639
f 2638 2639 2784
f 2638 2784 2779
f 2639 2650 2791
f 2639 2791 2784
f 2621 2622 2641
f 2621 2641 2640
f 2622 2623 2642
f 2622 2642 2641
f 2640 2641 2644
f 2640 2644 2643
f 2641 2642 2645
f 2641 2645 2644
f 2623 2626 2646
f 2623 2646 2642
f 2626 2627 2647
f 2626 2647 2646
f 2642 2646 2648
f 2642 2648 2645
f 2646 2647 2649
f 2646 2649 2648
f 2643 2644 2651
f 2643 2651 2650
f 2644 2645 2652
f 2644 2652 2651
f 2650 2651 2793
f 2650 2793 2791
f 2651 2652 2794
f 2651 2794 2793
f 2645 2648 2653
f 2645 2653 2652
f 2648 2649 2654
f 2648 2654 2653
f 2652 2653 2800
f 2652 2800 2794
f 2653 2654 2802
f 2653 2802 2800
f 2614 2655 2656
f 2614 2656 2615
f 2655 2658 2659
f 2655 2659 2656
f 2615 2656 2657
f 2615 2657 2617
f 2656 2659 2662
f 2656 2662 2657
f 2658 2660 2661
f 2658 2661 2659
f 2660 2670 2672
f 2660 2672 2661
f 2659 2661 2663
f 2659 2663 2662
f 2661 2672 2674
f 2661 2674 2663
f 2617 2657 2664
f 2617 2664 2625
f 2657 2662 2666
f 2657 2666 2664
f 2625 2664 2665
f 2625 2665 2627
f 2664 2666 2668
f 2664 2668 2665
f 2662 2663 2667
f 2662 2667 2666
f 2663 2674 2688
f 2663 2688 2667
f 2666 2667 2669
f 2666 2669 2668
f 2667 2688 2690
f 2667 2690 2669
f 2670 2671 2673
f 2670 2673 2672
f 2671 2676 2677
f 2671 2677 2673
f 2672 2673 2675
f 2672 2675 2674
f 2673 2677 2682
f 2673 2682 2675
f 2676 2678 2680
f 2676 2680 2677
f 2678 2679 2681
f 2678 2681 2680
f 2679 2686 2681
f 2679 2685 2686
f 2677 2680 2683
f 2677 2683 2682
f 2680 2681 2684
f 2680 2684 2683
f 2681 2687 2684
f 2681 2686 2687
f 2685 2701 2686
f 2685 2700 2701
f 2686 2702 2687
f 2686 2701 2702
f 2674 2675 2689
f 2674 2689 2688
f 2675 2682 2692
f 2675 2692 2689
f 2688 2689 2691
f 2688 2691 2690
f 2689 2692 2695
f 2689 2695 2691
f 2682 2683 2693
f 2682 2693 2692
f 2683 2684 2694
f 2683 2694 2693
f 2684 2698 2694
f 2684 2687 2698
f 2692 2693 2696
f 2692 2696 2695
f 2693 2694 2697
f 2693 2697 2696
f 2694 2699 2697
f 2694 2698 2699
f 2687 2706 2698
f 2687 2702 2706
f 2698 2707 2699
f 2698 2706 2707
f 2700 2704 2701
f 2700 2703 2704
f 2701 2705 2702
f 2701 2704 2705
f 2703 2744 2704
f 2703 2743 2744
f 2704 2745 2705
f 2704 2744 2745
f 2702 2708 2706
f 2702 2705 2708
f 2706 2709 2707
f 2706 2708 2709
f 2705 2749 2708
f 2705 2745 2749
f 2708 2750 2709
f 2708 2749 2750
f 2627 2665 2710
f 2627 2710 2647
f 2665 2668 2712
f 2665 2712 2710
f 2647 2710 2711
f 2647 2711 2649
f 2710 2712 2714
f 2710 2714 2711
f 2668 2669 2713
f 2668 2713 2712
f 2669 2690 2719
f 2669 2719 2713
f 2712 2713 2715
f 2712 2715 2714
f 2713 2719 2721
f 2713 2721 2715
f 2649 2711 2716
f 2649 2716 2654
f 2711 2714 2717
f 2711 2717 2716
f 2654 2716 2919
f 2654 2919 2802
f 2716 2717 2922
f 2716 2922 2919
f 2714 2715 2718
f 2714 2718 2717
f 2715 2721 2731
f 2715 2731 2718
f 2717 2718 2924
f 2717 2924 2922
f 2718 2731 2931
f 2718 2931 2924
f 2690 2691 2720
f 2690 2720 2719
f 2691 2695 2723
f 2691 2723 2720
f 2719 2720 2722
f 2719 2722 2721
f 2720 2723 2726
f 2720 2726 2722
f 2695 2696 2724
f 2695 2724 2723
f 2696 2697 2725
f 2696 2725 2724
f 2697 2729 2725
f 2697 2699 2729
f 2723 2724 2727
f 2723 2727 2726
f 2724 2725 2728
f 2724 2728 2727
f 2725 2730 2728
f 2725 2729 2730
f 2699 2737 2729
f 2699 2707 2737
f 2729 2738 2730
f 2729 2737 2738
f 2721 2722 2732
f 2721 2732 2731
f 2722 2726 2733
f 2722 2733 2732
f 2731 2732 2932
f 2731 2932 2931
f 2732 2733 2937
f 2732 2937 2932
f 2726 2727 2734
f 2726 2734 2733
f 2727 2728 2735
f 2727 2735 2734
f 2728 2736 2735
f 2728 2730 2736
f 2733 2734 2939
f 2733 2939 2937
f 2734 2735 2940
f 2734 2940 2939
f 2735 2946 2940
f 2735 2736 2946
f 2730 2741 2736
f 2730 2738 2741
f 2736 2955 2946
f 2736 2741 2955
f 2707 2739 2737
f 2707 2709 2739
f 2737 2740 2738
f 2737 2739 2740
f 2709 2763 2739
f 2709 2750 2763
f 2739 2764 2740
f 2739 2763 2764
f 2738 2742 2741
f 2738 2740 2742
f 2741 2958 2955
f 2741 2742 2958
f 2740 2767 2742
f 2740 2764 2767
f 2742 3039 2958
f 2742 2767 3039
f 2743 2747 2744
f 2743 2746 2747
f 2744 2748 2745
f 2744 2747 2748
f 2746 2754 2747
f 2746 2753 2754
f 2747 2755 2748
f 2747 2754 2755
f 2745 2751 2749
f 2745 2748 2751
f 2749 2752 2750
f 2749 2751 2752
f 2748 2759 2751
f 2748 2755 2759
f 2751 2760 2752
f 2751 2759 2760
f 2753 2757 2754
f 2753 2756 2757
f 2754 2758 2755
f 2754 2757 2758
f 2756 3104 2757
f 2756 3103 3104
f 2757 3105 2758
f 2757 3104 3105
f 2755 2761 2759
f 2755 2758 2761
f 2759 2762 2760
f 2759 2761 2762
f 2758 3109 2761
f 2758 3105 3109
f 2761 3110 2762
f 2761 3109 3110
f 2750 2765 2763
f 2750 2752 2765
f 2763 2766 2764
f 2763 2765 2766
f 2752 2769 2765
f 2752 2760 2769
f 2765 2770 2766
f 2765 2769 2770
f 2764 2768 2767
f 2764 2766 2768
f 2767 3042 3039
f 2767 2768 3042
f 2766 2773 2768
f 2766 2770 2773
f 2768 3047 3042
f 2768 2773 3047
f 2760 2771 2769
f 2760 2762 2771
f 2769 2772 2770
f 2769 2771 2772
f 2762 3123 2771
f 2762 3110 3123
f 2771 3124 2772
f 2771 3123 3124
f 2770 2774 2773
f 2770 2772 2774
f 2773 3050 3047
f 2773 2774 3050
f 2772 3127 2774
f 2772 3124 3127
f 2774 3239 3050
f 2774 3127 3239
f 2775 2776 2778
f 2775 2778 2777
f 2776 2779 2780
f 2776 2780 2778
f 2777 2778 2782
f 2777 2782 2781
f 2778 2780 2783
f 2778 2783 2782
f 2779 2784 2785
f 2779 2785 2780
f 2784 2791 2792
f 2784 2792 2785
f 2780 2785 2786
f 2780 2786 2783
f 2785 2792 2797
f 2785 2797 2786
f 2781 2782 2788
f 2781 2788 2787
f 2782 2783 2789
f 2782 2789 2788
f 2787 2788 2812
f 2787 2812 2811
f 2788 2789 2815
f 2788 2815 2812
f 2783 2786 2790
f 2783 2790 2789
f 2786 2797 2806
f 2786 2806 2790
f 2789 2790 2817
f 2789 2817 2815
f 2790 2806 2843
f 2790 2843 2817
f 2791 2793 2795
f 2791 2795 2792
f 2793 2794 2796
f 2793 2796 2795
f 2792 2795 2798
f 2792 2798 2797
f 2795 2796 2799
f 2795 2799 2798
f 2794 2800 2801
f 2794 2801 2796
f 2800 2802 2803
f 2800 2803 2801
f 2796 2801 2804
f 2796 2804 2799
f 2801 2803 2805
f 2801 2805 2804
f 2797 2798 2807
f 2797 2807 2806
f 2798 2799 2808
f 2798 2808 2807
f 2806 2807 2845
f 2806 2845 2843
f 2807 2808 2846
f 2807 2846 2845
f 2799 2804 2809
f 2799 2809 2808
f 2804 2805 2810
f 2804 2810 2809
f 2808 2809 2849
f 2808 2849 2846
f 2809 2810 2851
f 2809 2851 2849
f 2811 2812 2814
f 2811 2814 2813
f 2812 2815 2816
f 2812 2816 2814
f 2813 2814 2820
f 2813 2820 2819
f 2814 2816 2821
f 2814 2821 2820
f 2815 2817 2818
f 2815 2818 2816
f 2817 2843 2844
f 2817 2844 2818
f 2816 2818 2831
f 2816 2831 2821
f 2818 2844 2853
f 2818 2853 2831
f 2819 2820 2823
f 2819 2823 2822
f 2820 2821 2826
f 2820 2826 2823
f 2822 2823 2825
f 2822 2825 2824
f 2824 2825 2829
f 2824 2829 2828
f 2823 2826 2827
f 2823 2827 2825
f 2825 2827 2830
f 2825 2830 2829
f 2828 2829 2836
f 2828 2836 2835
f 2829 2830 2837
f 2829 2837 2836
f 2821 2831 2832
f 2821 2832 2826
f 2831 2853 2856
f 2831 2856 2832
f 2826 2832 2833
f 2826 2833 2827
f 2827 2833 2834
f 2827 2834 2830
f 2832 2856 2857
f 2832 2857 2833
f 2833 2857 2862
f 2833 2862 2834
f 2830 2834 2841
f 2830 2841 2837
f 2834 2862 2873
f 2834 2873 2841
f 2835 2836 2839
f 2835 2839 2838
f 2836 2837 2840
f 2836 2840 2839
f 2838 2839 2884
f 2838 2884 2883
f 2839 2840 2885
f 2839 2885 2884
f 2837 2841 2842
f 2837 2842 2840
f 2841 2873 2876
f 2841 2876 2842
f 2840 2842 2889
f 2840 2889 2885
f 2842 2876 2899
f 2842 2899 2889
f 2843 2845 2847
f 2843 2847 2844
f 2845 2846 2848
f 2845 2848 2847
f 2844 2847 2854
f 2844 2854 2853
f 2847 2848 2855
f 2847 2855 2854
f 2846 2849 2850
f 2846 2850 2848
f 2849 2851 2852
f 2849 2852 2850
f 2848 2850 2865
f 2848 2865 2855
f 2850 2852 2866
f 2850 2866 2865
f 2853 2854 2858
f 2853 2858 2856
f 2854 2855 2859
f 2854 2859 2858
f 2856 2858 2860
f 2856 2860 2857
f 2857 2860 2863
f 2857 2863 2862
f 2858 2859 2861
f 2858 2861 2860
f 2860 2861 2864
f 2860 2864 2863
f 2862 2863 2874
f 2862 2874 2873
f 2863 2864 2875
f 2863 2875 2874
f 2855 2865 2867
f 2855 2867 2859
f 2865 2866 2869
f 2865 2869 2867
f 2859 2867 2868
f 2859 2868 2861
f 2861 2868 2871
f 2861 2871 2864
f 2867 2869 2870
f 2867 2870 2868
f 2868 2870 2872
f 2868 2872 2871
f 2864 2871 2879
f 2864 2879 2875
f 2871 2872 2880
f 2871 2880 2879
f 2873 2874 2877
f 2873 2877 2876
f 2874 2875 2878
f 2874 2878 2877
f 2876 2877 2900
f 2876 2900 2899
f 2877 2878 2901
f 2877 2901 2900
f 2875 2879 2881
f 2875 2881 2878
f 2879 2880 2882
f 2879 2882 2881
f 2878 2881 2905
f 2878 2905 2901
f 2881 2882 2906
f 2881 2906 2905
f 2883 2884 2887
f 2883 2887 2886
f 2884 2885 2888
f 2884 2888 2887
f 2886 2887 2892
f 2886 2892 2891
f 2887 2888 2893
f 2887 2893 2892
f 2885 2889 2890
f 2885 2890 2888
f 2889 2899 2902
f 2889 2902 2890
f 2888 2890 2897
f 2888 2897 2893
f 2890 2902 2909
f 2890 2909 2897
f 2891 2892 2895
f 2891 2895 2894
f 2892 2893 2896
f 2892 2896 2895
f 2894 2895 3168
f 2894 3168 3167
f 2895 2896 3169
f 2895 3169 3168
f 2893 2897 2898
f 2893 2898 2896
f 2897 2909 2912
f 2897 2912 2898
f 2896 2898 3173
f 2896 3173 3169
f 2898 2912 3183
f 2898 3183 3173
f 2899 2900 2903
f 2899 2903 2902
f 2900 2901 2904
f 2900 2904 2903
f 2902 2903 2910
f 2902 2910 2909
f 2903 2904 2911
f 2903 2911 2910
f 2901 2905 2907
f 2901 2907 2904
f 2905 2906 2908
f 2905 2908 2907
f 2904 2907 2915
f 2904 2915 2911
f 2907 2908 2916
f 2907 2916 2915
f 2909 2910 2913
f 2909 2913 2912
f 2910 2911 2914
f 2910 2914 2913
f 2912 2913 3184
f 2912 3184 3183
f 2913 2914 3185
f 2913 3185 3184
f 2911 2915 2917
f 2911 2917 2914
f 2915 2916 2918
f 2915 2918 2917
f 2914 2917 3189
f 2914 3189 3185
f 2917 2918 3190
f 2917 3190 3189
f 2802 2919 2920
f 2802 2920 2803
f 2919 2922 2923
f 2919 2923 2920
f 2803 2920 2921
f 2803 2921 2805
f 2920 2923 2926
f 2920 2926 2921
f 2922 2924 2925
f 2922 2925 2923
f 2924 2931 2933
f 2924 2933 2925
f 2923 2925 2927
f 2923 2927 2926
f 2925 2933 2935
f 2925 2935 2927
f 2805 2921 2928
f 2805 2928 2810
f 2921 2926 2929
f 2921 2929 2928
f 2810 2928 2963
f 2810 2963 2851
f 2928 2929 2965
f 2928 2965 2963
f 2926 2927 2930
f 2926 2930 2929
f 2927 2935 2949
f 2927 2949 2930
f 2929 2930 2967
f 2929 2967 2965
f 2930 2949 2987
f 2930 2987 2967
f 2931 2932 2934
f 2931 2934 2933
f 2932 2937 2938
f 2932 2938 2934
f 2933 2934 2936
f 2933 2936 2935
f 2934 2938 2943
f 2934 2943 2936
f 2937 2939 2941
f 2937 2941 2938
f 2939 2940 2942
f 2939 2942 2941
f 2940 2947 2942
f 2940 2946 2947
f 2938 2941 2944
f 2938 2944 2943
f 2941 2942 2945
f 2941 2945 2944
f 2942 2948 2945
f 2942 2947 2948
f 2946 2956 2947
f 2946 2955 2956
f 2947 2957 2948
f 2947 2956 2957
f 2935 2936 2950
f 2935 2950 2949
f 2936 2943 2951
f 2936 2951 2950
f 2949 2950 2988
f 2949 2988 2987
f 2950 2951 2991
f 2950 2991 2988
f 2943 2944 2952
f 2943 2952 2951
f 2944 2945 2953
f 2944 2953 2952
f 2945 2954 2953
f 2945 2948 2954
f 2951 2952 2993
f 2951 2993 2991
f 2952 2953 2994
f 2952 2994 2993
f 2953 2997 2994
f 2953 2954 2997
f 2948 2961 2954
f 2948 2957 2961
f 2954 3021 2997
f 2954 2961 3021
f 2955 2959 2956
f 2955 2958 2959
f 2956 2960 2957
f 2956 2959 2960
f 2958 3040 2959
f 2958 3039 3040
f 2959 3041 2960
f 2959 3040 3041
f 2957 2962 2961
f 2957 2960 2962
f 2961 3023 3021
f 2961 2962 3023
f 2960 3045 2962
f 2960 3041 3045
f 2962 3067 3023
f 2962 3045 3067
f 2851 2963 2964
f 2851 2964 2852
f 2963 2965 2966
f 2963 2966 2964
f 2852 2964 2969
f 2852 2969 2866
f 2964 2966 2973
f 2964 2973 2969
f 2965 2967 2968
f 2965 2968 2966
f 2967 2987 2989
f 2967 2989 2968
f 2966 2968 2974
f 2966 2974 2973
f 2968 2989 2999
f 2968 2999 2974
f 2866 2969 2970
f 2866 2970 2869
f 2969 2973 2975
f 2969 2975 2970
f 2869 2970 2971
f 2869 2971 2870
f 2870 2971 2972
f 2870 2972 2872
f 2970 2975 2976
f 2970 2976 2971
f 2971 2976 2979
f 2971 2979 2972
f 2872 2972 2981
f 2872 2981 2880
f 2972 2979 2983
f 2972 2983 2981
f 2973 2974 2977
f 2973 2977 2975
f 2974 2999 3001
f 2974 3001 2977
f 2975 2977 2978
f 2975 2978 2976
f 2976 2978 2980
f 2976 2980 2979
f 2977 3001 3003
f 2977 3003 2978
f 2978 3003 3005
f 2978 3005 2980
f 2979 2980 2984
f 2979 2984 2983
f 2980 3005 3025
f 2980 3025 2984
f 2880 2981 2982
f 2880 2982 2882
f 2981 2983 2985
f 2981 2985 2982
f 2882 2982 3055
f 2882 3055 2906
f 2982 2985 3057
f 2982 3057 3055
f 2983 2984 2986
f 2983 2986 2985
f 2984 3025 3027
f 2984 3027 2986
f 2985 2986 3058
f 2985 3058 3057
f 2986 3027 3071
f 2986 3071 3058
f 2987 2988 2990
f 2987 2990 2989
f 2988 2991 2992
f 2988 2992 2990
f 2989 2990 3000
f 2989 3000 2999
f 2990 2992 3007
f 2990 3007 3000
f 2991 2993 2995
f 2991 2995 2992
f 2993 2994 2996
f 2993 2996 2995
f 2994 2998 2996
f 2994 2997 2998
f 2992 2995 3008
f 2992 3008 3007
f 2995 2996 3009
f 2995 3009 3008
f 2996 3016 3009
f 2996 2998 3016
f 2997 3022 2998
f 2997 3021 3022
f 2998 3029 3016
f 2998 3022 3029
f 2999 3000 3002
f 2999 3002 3001
f 3000 3007 3010
f 3000 3010 3002
f 3001 3002 3004
f 3001 3004 3003
f 3003 3004 3006
f 3003 3006 3005
f 3002 3010 3011
f 3002 3011 3004
f 3004 3011 3017
f 3004 3017 3006
f 3005 3006 3026
f 3005 3026 3025
f 3006 3017 3030
f 3006 3030 3026
f 3007 3008 3012
f 3007 3012 3010
f 3008 3009 3013
f 3008 3013 3012
f 3009 3018 3013
f 3009 3016 3018
f 3010 3012 3014
f 3010 3014 3011
f 3011 3014 3019
f 3011 3019 3017
f 3012 3013 3015
f 3012 3015 3014
f 3013 3020 3015
f 3014 3015 3020
f 3013 3018 3020
f 3014 3020 3019
f 3016 3031 3018
f 3016 3029 3031
f 3017 3019 3032
f 3017 3032 3030
f 3018 3033 3020
f 3019 3020 3033
f 3018 3031 3033
f 3019 3033 3032
f 3021 3024 3022
f 3021 3023 3024
f 3022 3034 3029
f 3022 3024 3034
f 3023 3068 3024
f 3023 3067 3068
f 3024 3075 3034
f 3024 3068 3075
f 3025 3026 3028
f 3025 3028 3027
f 3026 3030 3035
f 3026 3035 3028
f 3027 3028 3072
f 3027 3072 3071
f 3028 3035 3076
f 3028 3076 3072
f 3029 3036 3031
f 3029 3034 3036
f 3030 3032 3037
f 3030 3037 3035
f 3031 3038 3033
f 3032 3033 3038
f 3031 3036 3038
f 3032 3038 3037
f 3034 3077 3036
f 3034 3075 3077
f 3035 3037 3078
f 3035 3078 3076
f 3036 3079 3038
f 3037 3038 3079
f 3036 3077 3079
f 3037 3079 3078
f 3039 3043 3040
f 3039 3042 3043
f 3040 3044 3041
f 3040 3043 3044
f 3042 3048 3043
f 3042 3047 3048
f 3043 3049 3044
f 3043 3048 3049
f 3041 3046 3045
f 3041 3044 3046
f 3045 3069 3067
f 3045 3046 3069
f 3044 3053 3046
f 3044 3049 3053
f 3046 3085 3069
f 3046 3053 3085
f 3047 3051 3048
f 3047 3050 3051
f 3048 3052 3049
f 3048 3051 3052
f 3050 3240 3051
f 3050 3239 3240
f 3051 3241 3052
f 3051 3240 3241
f 3049 3054 3053
f 3049 3052 3054
f 3053 3087 3085
f 3053 3054 3087
f 3052 3245 3054
f 3052 3241 3245
f 3054 3267 3087
f 3054 3245 3267
f 2906 3055 3056
f 2906 3056 2908
f 3055 3057 3059
f 3055 3059 3056
f 2908 3056 3061
f 2908 3061 2916
f 3056 3059 3063
f 3056 3063 3061
f 3057 3058 3060
f 3057 3060 3059
f 3058 3071 3073
f 3058 3073 3060
f 3059 3060 3064
f 3059 3064 3063
f 3060 3073 3089
f 3060 3089 3064
f 2916 3061 3062
f 2916 3062 2918
f 3061 3063 3065
f 3061 3065 3062
f 2918 3062 3255
f 2918 3255 3190
f 3062 3065 3257
f 3062 3257 3255
f 3063 3064 3066
f 3063 3066 3065
f 3064 3089 3091
f 3064 3091 3066
f 3065 3066 3258
f 3065 3258 3257
f 3066 3091 3271
f 3066 3271 3258
f 3067 3070 3068
f 3067 3069 3070
f 3068 3080 3075
f 3068 3070 3080
f 3069 3086 3070
f 3069 3085 3086
f 3070 3093 3080
f 3070 3086 3093
f 3071 3072 3074
f 3071 3074 3073
f 3072 3076 3081
f 3072 3081 3074
f 3073 3074 3090
f 3073 3090 3089
f 3074 3081 3094
f 3074 3094 3090
f 3075 3082 3077
f 3075 3080 3082
f 3076 3078 3083
f 3076 3083 3081
f 3077 3084 3079
f 3078 3079 3084
f 3077 3082 3084
f 3078 3084 3083
f 3080 3095 3082
f 3080 3093 3095
f 3081 3083 3096
f 3081 3096 3094
f 3082 3097 3084
f 3083 3084 3097
f 3082 3095 3097
f 3083 3097 3096
f 3085 3088 3086
f 3085 3087 3088
f 3086 3098 3093
f 3086 3088 3098
f 3087 3268 3088
f 3087 3267 3268
f 3088 3275 3098
f 3088 3268 3275
f 3089 3090 3092
f 3089 3092 3091
f 3090 3094 3099
f 3090 3099 3092
f 3091 3092 3272
f 3091 3272 3271
f 3092 3099 3276
f 3092 3276 3272
f 3093 3100 3095
f 3093 3098 3100
f 3094 3096 3101
f 3094 3101 3099
f 3095 3102 3097
f 3096 3097 3102
f 3095 3100 3102
f 3096 3102 3101
f 3098 3277 3100
f 3098 3275 3277
f 3099 3101 3278
f 3099 3278 3276
f 3100 3279 3102
f 3101 3102 3279
f 3100 3277 3279
f 3101 3279 3278
f 3103 3107 3104
f 3103 3106 3107
f 3104 3108 3105
f 3104 3107 3108
f 3106 3114 3107
f 3106 3113 3114
f 3107 3115 3108
f 3107 3114 3115
f 3105 3111 3109
f 3105 3108 3111
f 3109 3112 3110
f 3109 3111 3112
f 3108 3119 3111
f 3108 3115 3119
f 3111 3120 3112
f 3111 3119 3120
f 3113 3117 3114
f 3113 3116 3117
f 3114 3118 3115
f 3114 3117 3118
f 3116 3136 3117
f 3116 3135 3136
f 3117 3137 3118
f 3117 3136 3137
f 3115 3121 3119
f 3115 3118 3121
f 3119 3122 3120
f 3119 3121 3122
f 3118 3141 3121
f 3118 3137 3141
f 3121 3142 3122
f 3121 3141 3142
f 3110 3125 3123
f 3110 3112 3125
f 3123 3126 3124
f 3123 3125 3126
f 3112 3129 3125
f 3112 3120 3129
f 3125 3130 3126
f 3125 3129 3130
f 3124 3128 3127
f 3124 3126 3128
f 3127 3242 3239
f 3127 3128 3242
f 3126 3133 3128
f 3126 3130 3133
f 3128 3247 3242
f 3128 3133 3247
f 3120 3131 3129
f 3120 3122 3131
f 3129 3132 3130
f 3129 3131 3132
f 3122 3155 3131
f 3122 3142 3155
f 3131 3156 3132
f 3131 3155 3156
f 3130 3134 3133
f 3130 3132 3134
f 3133 3250 3247
f 3133 3134 3250
f 3132 3159 3134
f 3132 3156 3159
f 3134 3303 3250
f 3134 3159 3303
f 3135 3139 3136
f 3135 3138 3139
f 3136 3140 3137
f 3136 3139 3140
f 3138 3146 3139
f 3138 3145 3146
f 3139 3147 3140
f 3139 3146 3147
f 3137 3143 3141
f 3137 3140 3143
f 3141 3144 3142
f 3141 3143 3144
f 3140 3151 3143
f 3140 3147 3151
f 3143 3152 3144
f 3143 3151 3152
f 3145 3149 3146
f 3145 3148 3149
f 3146 3150 3147
f 3146 3149 3150
f 3148 6490 3149
f 3148 6489 6490
f 3149 6491 3150
f 3149 6490 6491
f 3147 3153 3151
f 3147 3150 3153
f 3151 3154 3152
f 3151 3153 3154
f 3150 6495 3153
f 3150 6491 6495
f 3153 6496 3154
f 3153 6495 6496
f 3142 3157 3155
f 3142 3144 3157
f 3155 3158 3156
f 3155 3157 3158
f 3144 3161 3157
f 3144 3152 3161
f 3157 3162 3158
f 3157 3161 3162
f 3156 3160 3159
f 3156 3158 3160
f 3159 3306 3303
f 3159 3160 3306
f 3158 3165 3160
f 3158 3162 3165
f 3160 3311 3306
f 3160 3165 3311
f 3152 3163 3161
f 3152 3154 3163
f 3161 3164 3162
f 3161 3163 3164
f 3154 6509 3163
f 3154 6496 6509
f 3163 6510 3164
f 3163 6509 6510
f 3162 3166 3165
f 3162 3164 3166
f 3165 3314 3311
f 3165 3166 3314
f 3164 6513 3166
f 3164 6510 6513
f 3166 6628 3314
f 3166 6513 6628
f 3167 3168 3171
f 3167 3171 3170
f 3168 3169 3172
f 3168 3172 3171
f 3170 3171 3176
f 3170 3176 3175
f 3171 3172 3177
f 3171 3177 3176
f 3169 3173 3174
f 3169 3174 3172
f 3173 3183 3186
f 3173 3186 3174
f 3172 3174 3181
f 3172 3181 3177
f 3174 3186 3193
f 3174 3193 3181
f 3175 3176 3179
f 3175 3179 3178
f 3176 3177 3180
f 3176 3180 3179
f 3178 3179 3204
f 3178 3204 3203
f 3179 3180 3205
f 3179 3205 3204
f 3177 3181 3182
f 3177 3182 3180
f 3181 3193 3196
f 3181 3196 3182
f 3180 3182 3209
f 3180 3209 3205
f 3182 3196 3219
f 3182 3219 3209
f 3183 3184 3187
f 3183 3187 3186
f 3184 3185 3188
f 3184 3188 3187
f 3186 3187 3194
f 3186 3194 3193
f 3187 3188 3195
f 3187 3195 3194
f 3185 3189 3191
f 3185 3191 3188
f 3189 3190 3192
f 3189 3192 3191
f 3188 3191 3199
f 3188 3199 3195
f 3191 3192 3200
f 3191 3200 3199
f 3193 3194 3197
f 3193 3197 3196
f 3194 3195 3198
f 3194 3198 3197
f 3196 3197 3220
f 3196 3220 3219
f 3197 3198 3221
f 3197 3221 3220
f 3195 3199 3201
f 3195 3201 3198
f 3199 3200 3202
f 3199 3202 3201
f 3198 3201 3225
f 3198 3225 3221
f 3201 3202 3226
f 3201 3226 3225
f 3203 3204 3207
f 3203 3207 3206
f 3204 3205 3208
f 3204 3208 3207
f 3206 3207 3212
f 3206 3212 3211
f 3207 3208 3213
f 3207 3213 3212
f 3205 3209 3210
f 3205 3210 3208
f 3209 3219 3222
f 3209 3222 3210
f 3208 3210 3217
f 3208 3217 3213
f 3210 3222 3229
f 3210 3229 3217
f 3211 3212 3215
f 3211 3215 3214
f 3212 3213 3216
f 3212 3216 3215
f 3214 3215 6554
f 3214 6554 6553
f 3215 3216 6555
f 3215 6555 6554
f 3213 3217 3218
f 3213 3218 3216
f 3217 3229 3232
f 3217 3232 3218
f 3216 3218 6559
f 3216 6559 6555
f 3218 3232 6569
f 3218 6569 6559
f 3219 3220 3223
f 3219 3223 3222
f 3220 3221 3224
f 3220 3224 3223
f 3222 3223 3230
f 3222 3230 3229
f 3223 3224 3231
f 3223 3231 3230
f 3221 3225 3227
f 3221 3227 3224
f 3225 3226 3228
f 3225 3228 3227
f 3224 3227 3235
f 3224 3235 3231
f 3227 3228 3236
f 3227 3236 3235
f 3229 3230 3233
f 3229 3233 3232
f 3230 3231 3234
f 3230 3234 3233
f 3232 3233 6570
f 3232 6570 6569
f 3233 3234 6571
f 3233 6571 6570
f 3231 3235 3237
f 3231 3237 3234
f 3235 3236 3238
f 3235 3238 3237
f 3234 3237 6575
f 3234 6575 6571
f 3237 3238 6576
f 3237 6576 6575
f 3239 3243 3240
f 3239 3242 3243
f 3240 3244 3241
f 3240 3243 3244
f 3242 3248 3243
f 3242 3247 3248
f 3243 3249 3244
f 3243 3248 3249
f 3241 3246 3245
f 3241 3244 3246
f 3245 3269 3267
f 3245 3246 3269
f 3244 3253 3246
f 3244 3249 3253
f 3246 3285 3269
f 3246 3253 3285
f 3247 3251 3248
f 3247 3250 3251
f 3248 3252 3249
f 3248 3251 3252
f 3250 3304 3251
f 3250 3303 3304
f 3251 3305 3252
f 3251 3304 3305
f 3249 3254 3253
f 3249 3252 3254
f 3253 3287 3285
f 3253 3254 3287
f 3252 3309 3254
f 3252 3305 3309
f 3254 3331 3287
f 3254 3309 3331
f 3190 3255 3256
f 3190 3256 3192
f 3255 3257 3259
f 3255 3259 3256
f 3192 3256 3261
f 3192 3261 3200
f 3256 3259 3263
f 3256 3263 3261
f 3257 3258 3260
f 3257 3260 3259
f 3258 3271 3273
f 3258 3273 3260
f 3259 3260 3264
f 3259 3264 3263
f 3260 3273 3289
f 3260 3289 3264
f 3200 3261 3262
f 3200 3262 3202
f 3261 3263 3265
f 3261 3265 3262
f 3202 3262 3319
f 3202 3319 3226
f 3262 3265 3321
f 3262 3321 3319
f 3263 3264 3266
f 3263 3266 3265
f 3264 3289 3291
f 3264 3291 3266
f 3265 3266 3322
f 3265 3322 3321
f 3266 3291 3335
f 3266 3335 3322
f 3267 3270 3268
f 3267 3269 3270
f 3268 3280 3275
f 3268 3270 3280
f 3269 3286 3270
f 3269 3285 3286
f 3270 3293 3280
f 3270 3286 3293
f 3271 3272 3274
f 3271 3274 3273
f 3272 3276 3281
f 3272 3281 3274
f 3273 3274 3290
f 3273 3290 3289
f 3274 3281 3294
f 3274 3294 3290
f 3275 3282 3277
f 3275 3280 3282
f 3276 3278 3283
f 3276 3283 3281
f 3277 3284 3279
f 3278 3279 3284
f 3277 3282 3284
f 3278 3284 3283
f 3280 3295 3282
f 3280 3293 3295
f 3281 3283 3296
f 3281 3296 3294
f 3282 3297 3284
f 3283 3284 3297
f 3282 3295 3297
f 3283 3297 3296
f 3285 3288 3286
f 3285 3287 3288
f 3286 3298 3293
f 3286 3288 3298
f 3287 3332 3288
f 3287 3331 3332
f 3288 3339 3298
f 3288 3332 3339
f 3289 3290 3292
f 3289 3292 3291
f 3290 3294 3299
f 3290 3299 3292
f 3291 3292 3336
f 3291 3336 3335
f 3292 3299 3340
f 3292 3340 3336
f 3293 3300 3295
f 3293 3298 3300
f 3294 3296 3301
f 3294 3301 3299
f 3295 3302 3297
f 3296 3297 3302
f 3295 3300 3302
f 3296 3302 3301
f 3298 3341 3300
f 3298 3339 3341
f 3299 3301 3342
f 3299 3342 3340
f 3300 3343 3302
f 3301 3302 3343
f 3300 3341 3343
f 3301 3343 3342
f 3303 3307 3304
f 3303 3306 3307
f 3304 3308 3305
f 3304 3307 3308
f 3306 3312 3307
f 3306 3311 3312
f 3307 3313 3308
f 3307 3312 3313
f 3305 3310 3309
f 3305 3308 3310
f 3309 3333 3331
f 3309 3310 3333
f 3308 3317 3310
f 3308 3313 3317
f 3310 3349 3333
f 3310 3317 3349
f 3311 3315 3312
f 3311 3314 3315
f 3312 3316 3313
f 3312 3315 3316
f 3314 6629 3315
f 3314 6628 6629
f 3315 6630 3316
f 3315 6629 6630
f 3313 3318 3317
f 3313 3316 3318
f 3317 3351 3349
f 3317 3318 3351
f 3316 6634 3318
f 3316 6630 6634
f 3318 6656 3351
f 3318 6634 6656
f 3226 3319 3320
f 3226 3320 3228
f 3319 3321 3323
f 3319 3323 3320
f 3228 3320 3325
f 3228 3325 3236
f 3320 3323 3327
f 3320 3327 3325
f 3321 3322 3324
f 3321 3324 3323
f 3322 3335 3337
f 3322 3337 3324
f 3323 3324 3328
f 3323 3328 3327
f 3324 3337 3353
f 3324 3353 3328
f 3236 3325 3326
f 3236 3326 3238
f 3325 3327 3329
f 3325 3329 3326
f 3238 3326 6644
f 3238 6644 6576
f 3326 3329 6646
f 3326 6646 6644
f 3327 3328 3330
f 3327 3330 3329
f 3328 3353 3355
f 3328 3355 3330
f 3329 3330 6647
f 3329 6647 6646
f 3330 3355 6660
f 3330 6660 6647
f 3331 3334 3332
f 3331 3333 3334
f 3332 3344 3339
f 3332 3334 3344
f 3333 3350 3334
f 3333 3349 3350
f 3334 3357 3344
f 3334 3350 3357
f 3335 3336 3338
f 3335 3338 3337
f 3336 3340 3345
f 3336 3345 3338
f 3337 3338 3354
f 3337 3354 3353
f 3338 3345 3358
f 3338 3358 3354
f 3339 3346 3341
f 3339 3344 3346
f 3340 3342 3347
f 3340 3347 3345
f 3341 3348 3343
f 3342 3343 3348
f 3341 3346 3348
f 3342 3348 3347
f 3344 3359 3346
f 3344 3357 3359
f 3345 3347 3360
f 3345 3360 3358
f 3346 3361 3348
f 3347 3348 3361
f 3346 3359 3361
f 3347 3361 3360
f 3349 3352 3350
f 3349 3351 3352
f 3350 3362 3357
f 3350 3352 3362
f 3351 6657 3352
f 3351 6656 6657
f 3352 6664 3362
f 3352 6657 6664
f 3353 3354 3356
f 3353 3356 3355
f 3354 3358 3363
f 3354 3363 3356
f 3355 3356 6661
f 3355 6661 6660
f 3356 3363 6665
f 3356 6665 6661
f 3357 3364 3359
f 3357 3362 3364
f 3358 3360 3365
f 3358 3365 3363
f 3359 3366 3361
f 3360 3361 3366
f 3359 3364 3366
f 3360 3366 3365
f 3362 6666 3364
f 3362 6664 6666
f 3363 3365 6667
f 3363 6667 6665
f 3364 6668 3366
f 3365 3366 6668
f 3364 6666 6668
f 3365 6668 6667
f 3367 3372 3368
f 3367 3369 3372
f 3368 3372 3373
f 3369 3374 3372
f 3368 3373 3370
f 3370 3373 3375
f 3369 3371 3374
f 3371 3376 3374
f 3372 3385 3373
f 3372 3374 3385
f 3373 3385 3386
f 3374 3387 3385
f 3373 3386 3375
f 3375 3386 3388
f 3374 3376 3387
f 3376 3389 3387
f 3370 3375 3377
f 3375 3379 3377
f 3377 3379 3378
f 3378 3379 3380
f 3375 3388 3379
f 3379 3388 3395
f 3379 3395 3380
f 3380 3395 3396
f 3371 3381 3376
f 3376 3381 3383
f 3381 3382 3383
f 3382 3384 3383
f 3376 3383 3389
f 3383 3399 3389
f 3383 3384 3399
f 3384 3400 3399
f 3385 3390 3386
f 3385 3387 3390
f 3386 3390 3391
f 3387 3392 3390
f 3386 3391 3388
f 3388 3391 3393
f 3387 3389 3392
f 3389 3394 3392
f 3390 3435 3391
f 3390 3392 3435
f 3391 3435 3436
f 3392 3437 3435
f 3391 3436 3393
f 3393 3436 3438
f 3392 3394 3437
f 3394 3439 3437
f 3388 3393 3395
f 3393 3397 3395
f 3395 3397 3396
f 3396 3397 3398
f 3393 3438 3397
f 3397 3438 3445
f 3397 3445 3398
f 3398 3445 3446
f 3389 3399 3394
f 3394 3399 3401
f 3399 3400 3401
f 3400 3402 3401
f 3394 3401 3439
f 3401 3449 3439
f 3401 3402 3449
f 3402 3450 3449
f 3378 3380 3403
f 3380 3405 3403
f 3403 3405 3404
f 3404 3405 3406
f 3380 3396 3405
f 3396 3411 3405
f 3405 3411 3406
f 3406 3411 3412
f 3404 3406 3407
f 3406 3409 3407
f 3407 3409 3408
f 3408 3409 3410
f 3406 3412 3409
f 3409 3412 3415
f 3409 3415 3410
f 3410 3415 3416
f 3396 3398 3411
f 3398 3413 3411
f 3411 3413 3412
f 3412 3413 3414
f 3398 3446 3413
f 3413 3446 3471
f 3413 3471 3414
f 3414 3471 3472
f 3412 3414 3415
f 3414 3417 3415
f 3415 3417 3416
f 3416 3417 3418
f 3414 3472 3417
f 3417 3472 3475
f 3417 3475 3418
f 3418 3475 3476
f 3382 3419 3384
f 3384 3419 3421
f 3419 3420 3421
f 3420 3422 3421
f 3384 3421 3400
f 3400 3421 3427
f 3421 3422 3427
f 3422 3428 3427
f 3420 3423 3422
f 3422 3423 3425
f 3423 3424 3425
f 3424 3426 3425
f 3422 3425 3428
f 3425 3431 3428
f 3425 3426 3431
f 3426 3432 3431
f 3400 3427 3402
f 3402 3427 3429
f 3427 3428 3429
f 3428 3430 3429
f 3402 3429 3450
f 3429 3487 3450
f 3429 3430 3487
f 3430 3488 3487
f 3428 3431 3430
f 3430 3431 3433
f 3431 3432 3433
f 3432 3434 3433
f 3430 3433 3488
f 3433 3491 3488
f 3433 3434 3491
f 3434 3492 3491
f 3435 3440 3436
f 3435 3437 3440
f 3436 3440 3441
f 3437 3442 3440
f 3436 3441 3438
f 3438 3441 3443
f 3437 3439 3442
f 3439 3444 3442
f 3440 3453 3441
f 3440 3442 3453
f 3441 3453 3454
f 3442 3455 3453
f 3441 3454 3443
f 3443 3454 3456
f 3442 3444 3455
f 3444 3457 3455
f 3438 3443 3445
f 3443 3447 3445
f 3445 3447 3446
f 3446 3447 3448
f 3443 3456 3447
f 3447 3456 3463
f 3447 3463 3448
f 3448 3463 3464
f 3439 3449 3444
f 3444 3449 3451
f 3449 3450 3451
f 3450 3452 3451
f 3444 3451 3457
f 3451 3467 3457
f 3451 3452 3467
f 3452 3468 3467
f 3453 3458 3454
f 3453 3455 3458
f 3454 3458 3459
f 3455 3460 3458
f 3454 3459 3456
f 3456 3459 3461
f 3455 3457 3460
f 3457 3462 3460
f 3458 3808 3459
f 3458 3460 3808
f 3459 3808 3809
f 3460 3810 3808
f 3459 3809 3461
f 3461 3809 3811
f 3460 3462 3810
f 3462 3812 3810
f 3456 3461 3463
f 3461 3465 3463
f 3463 3465 3464
f 3464 3465 3466
f 3461 3811 3465
f 3465 3811 3823
f 3465 3823 3466
f 3466 3823 3824
f 3457 3467 3462
f 3462 3467 3469
f 3467 3468 3469
f 3468 3470 3469
f 3462 3469 3812
f 3469 3829 3812
f 3469 3470 3829
f 3470 3830 3829
f 3446 3448 3471
f 3448 3473 3471
f 3471 3473 3472
f 3472 3473 3474
f 3448 3464 3473
f 3464 3479 3473
f 3473 3479 3474
f 3474 3479 3480
f 3472 3474 3475
f 3474 3477 3475
f 3475 3477 3476
f 3476 3477 3478
f 3474 3480 3477
f 3477 3480 3483
f 3477 3483 3478
f 3478 3483 3484
f 3464 3466 3479
f 3466 3481 3479
f 3479 3481 3480
f 3480 3481 3482
f 3466 3824 3481
f 3481 3824 3853
f 3481 3853 3482
f 3482 3853 3854
f 3480 3482 3483
f 3482 3485 3483
f 3483 3485 3484
f 3484 3485 3486
f 3482 3854 3485
f 3485 3854 3859
f 3485 3859 3486
f 3486 3859 3860
f 3450 3487 3452
f 3452 3487 3489
f 3487 3488 3489
f 3488 3490 3489
f 3452 3489 3468
f 3468 3489 3495
f 3489 3490 3495
f 3490 3496 3495
f 3488 3491 3490
f 3490 3491 3493
f 3491 3492 3493
f 3492 3494 3493
f 3490 3493 3496
f 3493 3499 3496
f 3493 3494 3499
f 3494 3500 3499
f 3468 3495 3470
f 3470 3495 3497
f 3495 3496 3497
f 3496 3498 3497
f 3470 3497 3830
f 3497 3873 3830
f 3497 3498 3873
f 3498 3874 3873
f 3496 3499 3498
f 3498 3499 3501
f 3499 3500 3501
f 3500 3502 3501
f 3498 3501 3874
f 3501 3879 3874
f 3501 3502 3879
f 3502 3880 3879
f 3408 3410 3503
f 3410 3505 3503
f 3503 3505 3504
f 3504 3505 3506
f 3410 3416 3505
f 3416 3511 3505
f 3505 3511 3506
f 3506 3511 3512
f 3504 3506 3507
f 3506 3509 3507
f 3507 3509 3508
f 3508 3509 3510
f 3506 3512 3509
f 3509 3512 3515
f 3509 3515 3510
f 3510 3515 3516
f 3416 3418 3511
f 3418 3513 3511
f 3511 3513 3512
f 3512 3513 3514
f 3418 3476 3513
f 3476 3531 3513
f 3513 3531 3514
f 3514 3531 3532
f 3512 3514 3515
f 3514 3517 3515
f 3515 3517 3516
f 3516 3517 3518
f 3514 3532 3517
f 3517 3532 3535
f 3517 3535 3518
f 3518 3535 3536
f 3508 3510 3519
f 3510 3521 3519
f 3519 3521 3520
f 3520 3521 3522
f 3510 3516 3521
f 3516 3525 3521
f 3521 3525 3522
f 3522 3525 3526
f 3520 3522 3523
f 3522 3524 3523
f 3523 3524 4312
f 3524 4315 4312
f 3522 3526 3524
f 3524 3526 3529
f 3524 3529 4315
f 3529 4320 4315
f 3516 3518 3525
f 3518 3527 3525
f 3525 3527 3526
f 3526 3527 3528
f 3518 3536 3527
f 3527 3536 3547
f 3527 3547 3528
f 3528 3547 3548
f 3526 3528 3529
f 3528 3530 3529
f 3529 3530 4320
f 3530 4323 4320
f 3528 3548 3530
f 3530 3548 3551
f 3530 3551 4323
f 3551 4348 4323
f 3476 3478 3531
f 3478 3533 3531
f 3531 3533 3532
f 3532 3533 3534
f 3478 3484 3533
f 3484 3539 3533
f 3533 3539 3534
f 3534 3539 3540
f 3532 3534 3535
f 3534 3537 3535
f 3535 3537 3536
f 3536 3537 3538
f 3534 3540 3537
f 3537 3540 3543
f 3537 3543 3538
f 3538 3543 3544
f 3484 3486 3539
f 3486 3541 3539
f 3539 3541 3540
f 3540 3541 3542
f 3486 3860 3541
f 3541 3860 4025
f 3541 4025 3542
f 3542 4025 4026
f 3540 3542 3543
f 3542 3545 3543
f 3543 3545 3544
f 3544 3545 3546
f 3542 4026 3545
f 3545 4026 4031
f 3545 4031 3546
f 3546 4031 4032
f 3536 3538 3547
f 3538 3549 3547
f 3547 3549 3548
f 3548 3549 3550
f 3538 3544 3549
f 3544 3553 3549
f 3549 3553 3550
f 3550 3553 3554
f 3548 3550 3551
f 3550 3552 3551
f 3551 3552 4348
f 3552 4351 4348
f 3550 3554 3552
f 3552 3554 3557
f 3552 3557 4351
f 3557 4356 4351
f 3544 3546 3553
f 3546 3555 3553
f 3553 3555 3554
f 3554 3555 3556
f 3546 4032 3555
f 3555 4032 4045
f 3555 4045 3556
f 3556 4045 4046
f 3554 3556 3557
f 3556 3558 3557
f 3557 3558 4356
f 3558 4359 4356
f 3556 4046 3558
f 3558 4046 4051
f 3558 4051 4359
f 4051 4568 4359
f 3424 3559 3426
f 3426 3559 3561
f 3559 3560 3561
f 3560 3562 3561
f 3426 3561 3432
f 3432 3561 3567
f 3561 3562 3567
f 3562 3568 3567
f 3560 3563 3562
f 3562 3563 3565
f 3563 3564 3565
f 3564 3566 3565
f 3562 3565 3568
f 3565 3571 3568
f 3565 3566 3571
f 3566 3572 3571
f 3432 3567 3434
f 3434 3567 3569
f 3567 3568 3569
f 3568 3570 3569
f 3434 3569 3492
f 3492 3569 3587
f 3569 3570 3587
f 3570 3588 3587
f 3568 3571 3570
f 3570 3571 3573
f 3571 3572 3573
f 3572 3574 3573
f 3570 3573 3588
f 3573 3591 3588
f 3573 3574 3591
f 3574 3592 3591
f 3564 3575 3566
f 3566 3575 3577
f 3575 3576 3577
f 3576 3578 3577
f 3566 3577 3572
f 3572 3577 3581
f 3577 3578 3581
f 3578 3582 3581
f 3576 3579 3578
f 3578 3579 3580
f 3579 5096 3580
f 3580 5096 5099
f 3578 3580 3582
f 3580 3585 3582
f 3580 5099 3585
f 3585 5099 5106
f 3572 3581 3574
f 3574 3581 3583
f 3581 3582 3583
f 3582 3584 3583
f 3574 3583 3592
f 3583 3603 3592
f 3583 3584 3603
f 3584 3604 3603
f 3582 3585 3584
f 3584 3585 3586
f 3585 5106 3586
f 3586 5106 5109
f 3584 3586 3604
f 3586 3607 3604
f 3586 5109 3607
f 3607 5109 5128
f 3492 3587 3494
f 3494 3587 3589
f 3587 3588 3589
f 3588 3590 3589
f 3494 3589 3500
f 3500 3589 3595
f 3589 3590 3595
f 3590 3596 3595
f 3588 3591 3590
f 3590 3591 3593
f 3591 3592 3593
f 3592 3594 3593
f 3590 3593 3596
f 3593 3599 3596
f 3593 3594 3599
f 3594 3600 3599
f 3500 3595 3502
f 3502 3595 3597
f 3595 3596 3597
f 3596 3598 3597
f 3502 3597 3880
f 3597 4144 3880
f 3597 3598 4144
f 3598 4145 4144
f 3596 3599 3598
f 3598 3599 3601
f 3599 3600 3601
f 3600 3602 3601
f 3598 3601 4145
f 3601 4150 4145
f 3601 3602 4150
f 3602 4151 4150
f 3592 3603 3594
f 3594 3603 3605
f 3603 3604 3605
f 3604 3606 3605
f 3594 3605 3600
f 3600 3605 3609
f 3605 3606 3609
f 3606 3610 3609
f 3604 3607 3606
f 3606 3607 3608
f 3607 5128 3608
f 3608 5128 5131
f 3606 3608 3610
f 3608 3613 3610
f 3608 5131 3613
f 3613 5131 5138
f 3600 3609 3602
f 3602 3609 3611
f 3609 3610 3611
f 3610 3612 3611
f 3602 3611 4151
f 3611 4164 4151
f 3611 3612 4164
f 3612 4165 4164
f 3610 3613 3612
f 3612 3613 3614
f 3613 5138 3614
f 3614 5138 5141
f 3612 3614 4165
f 3614 4170 4165
f 3614 5141 4170
f 4170 5141 5720
f 3808 3813 3809
f 3808 3810 3813
f 3809 3813 3814
f 3810 3815 3813
f 3809 3814 3811
f 3811 3814 3819
f 3810 3812 3815
f 3812 3821 3815
f 3813 3816 3814
f 3813 3815 3816
f 3814 3816 3817
f 3815 3818 3816
f 3814 3817 3819
f 3817 3820 3819
f 3815 3821 3818
f 3818 3821 3822
f 3811 3819 3823
f 3819 3825 3823
f 3823 3825 3824
f 3824 3825 3827
f 3819 3820 3825
f 3820 3826 3825
f 3825 3826 3827
f 3826 3828 3827
f 3812 3829 3821
f 3821 3829 3831
f 3829 3830 3831
f 3830 3833 3831
f 3821 3831 3822
f 3822 3831 3832
f 3831 3833 3832
f 3832 3833 3834
f 3816 3835 3817
f 3816 3818 3835
f 3817 3835 3836
f 3818 3837 3835
f 3817 3836 3820
f 3820 3836 3841
f 3818 3822 3837
f 3822 3843 3837
f 3835 3838 3836
f 3835 3837 3838
f 3836 3838 3839
f 3837 3840 3838
f 3836 3839 3841
f 3839 3842 3841
f 3837 3843 3840
f 3840 3843 3844
f 3820 3841 3826
f 3826 3841 3845
f 3826 3845 3828
f 3828 3845 3847
f 3841 3842 3845
f 3842 3846 3845
f 3845 3846 3847
f 3846 3848 3847
f 3822 3832 3843
f 3832 3849 3843
f 3832 3834 3849
f 3834 3851 3849
f 3843 3849 3844
f 3844 3849 3850
f 3849 3851 3850
f 3850 3851 3852
f 3824 3827 3853
f 3827 3855 3853
f 3853 3855 3854
f 3854 3855 3857
f 3827 3828 3855
f 3828 3856 3855
f 3855 3856 3857
f 3856 3858 3857
f 3854 3857 3859
f 3857 3861 3859
f 3859 3861 3860
f 3860 3861 3863
f 3857 3858 3861
f 3858 3862 3861
f 3861 3862 3863
f 3862 3864 3863
f 3828 3847 3856
f 3847 3865 3856
f 3856 3865 3858
f 3858 3865 3867
f 3847 3848 3865
f 3848 3866 3865
f 3865 3866 3867
f 3866 3868 3867
f 3858 3867 3862
f 3862 3867 3869
f 3862 3869 3864
f 3864 3869 3871
f 3867 3868 3869
f 3868 3870 3869
f 3869 3870 3871
f 3870 3872 3871
f 3830 3873 3833
f 3833 3873 3875
f 3873 3874 3875
f 3874 3877 3875
f 3833 3875 3834
f 3834 3875 3876
f 3875 3877 3876
f 3876 3877 3878
f 3874 3879 3877
f 3877 3879 3881
f 3879 3880 3881
f 3880 3883 3881
f 3877 3881 3878
f 3878 3881 3882
f 3881 3883 3882
f 3882 3883 3884
f 3834 3876 3851
f 3851 3876 3885
f 3876 3878 3885
f 3878 3887 3885
f 3851 3885 3852
f 3852 3885 3886
f 3885 3887 3886
f 3886 3887 3888
f 3878 3882 3887
f 3882 3889 3887
f 3882 3884 3889
f 3884 3891 3889
f 3887 3889 3888
f 3888 3889 3890
f 3889 3891 3890
f 3890 3891 3892
f 3838 3893 3839
f 3838 3840 3893
f 3839 3893 3894
f 3840 3895 3893
f 3839 3894 3842
f 3842 3894 3896
f 3840 3844 3895
f 3844 3897 3895
f 3893 3902 3894
f 3893 3895 3902
f 3894 3902 3903
f 3895 3904 3902
f 3894 3903 3896
f 3896 3903 3908
f 3895 3897 3904
f 3897 3910 3904
f 3842 3896 3846
f 3846 3896 3898
f 3846 3898 3848
f 3848 3898 3899
f 3896 3908 3898
f 3898 3908 3921
f 3898 3921 3899
f 3899 3921 3923
f 3844 3850 3897
f 3850 3900 3897
f 3850 3852 3900
f 3852 3901 3900
f 3897 3900 3910
f 3900 3931 3910
f 3900 3901 3931
f 3901 3933 3931
f 3902 3905 3903
f 3902 3904 3905
f 3903 3905 3906
f 3904 3907 3905
f 3903 3906 3908
f 3906 3909 3908
f 3904 3910 3907
f 3907 3910 3911
f 3905 3912 3906
f 3905 3907 3912
f 3912 3914 3913
f 3906 3912 3913
f 3907 3914 3912
f 3913 3914 3915
f 3906 3913 3909
f 3913 3915 3916
f 3909 3913 3916
f 3915 3917 3916
f 3907 3911 3914
f 3914 3918 3915
f 3911 3918 3914
f 3915 3918 3919
f 3915 3919 3917
f 3917 3919 3920
f 3908 3909 3921
f 3909 3922 3921
f 3921 3922 3923
f 3922 3924 3923
f 3909 3916 3922
f 3916 3917 3925
f 3916 3925 3922
f 3917 3926 3925
f 3922 3925 3924
f 3925 3926 3927
f 3924 3925 3927
f 3926 3928 3927
f 3917 3920 3926
f 3920 3929 3926
f 3926 3929 3928
f 3928 3929 3930
f 3910 3931 3911
f 3911 3931 3932
f 3931 3933 3932
f 3932 3933 3934
f 3911 3932 3918
f 3918 3935 3919
f 3918 3932 3935
f 3919 3935 3936
f 3919 3936 3920
f 3920 3936 3937
f 3932 3934 3935
f 3935 3938 3936
f 3934 3938 3935
f 3936 3938 3939
f 3936 3939 3937
f 3937 3939 3940
f 3920 3937 3929
f 3929 3937 3941
f 3929 3941 3930
f 3930 3941 3942
f 3937 3940 3941
f 3940 3943 3941
f 3941 3943 3942
f 3942 3943 3944
f 3848 3899 3866
f 3866 3899 3945
f 3866 3945 3868
f 3868 3945 3946
f 3899 3923 3945
f 3923 3949 3945
f 3945 3949 3946
f 3946 3949 3951
f 3868 3946 3870
f 3870 3946 3947
f 3870 3947 3872
f 3872 3947 3948
f 3946 3951 3947
f 3947 3951 3959
f 3947 3959 3948
f 3948 3959 3961
f 3923 3924 3949
f 3924 3950 3949
f 3949 3950 3951
f 3950 3952 3951
f 3924 3927 3950
f 3927 3928 3953
f 3927 3953 3950
f 3928 3954 3953
f 3950 3953 3952
f 3953 3954 3955
f 3952 3953 3955
f 3954 3956 3955
f 3928 3930 3954
f 3930 3957 3954
f 3954 3957 3956
f 3956 3957 3958
f 3951 3952 3959
f 3952 3960 3959
f 3959 3960 3961
f 3960 3962 3961
f 3952 3955 3960
f 3955 3956 3963
f 3955 3963 3960
f 3956 3964 3963
f 3960 3963 3962
f 3963 3964 3965
f 3962 3963 3965
f 3964 3966 3965
f 3956 3958 3964
f 3958 3967 3964
f 3964 3967 3966
f 3966 3967 3968
f 3930 3942 3957
f 3942 3969 3957
f 3957 3969 3958
f 3958 3969 3970
f 3942 3944 3969
f 3944 3971 3969
f 3969 3971 3970
f 3970 3971 3972
f 3958 3970 3967
f 3967 3970 3973
f 3967 3973 3968
f 3968 3973 3974
f 3970 3972 3973
f 3972 3975 3973
f 3973 3975 3974
f 3974 3975 3976
f 3852 3886 3901
f 3886 3977 3901
f 3886 3888 3977
f 3888 3978 3977
f 3901 3977 3933
f 3933 3977 3981
f 3977 3978 3981
f 3978 3983 3981
f 3888 3890 3978
f 3890 3979 3978
f 3890 3892 3979
f 3892 3980 3979
f 3978 3979 3983
f 3979 3995 3983
f 3979 3980 3995
f 3980 3997 3995
f 3933 3981 3934
f 3934 3981 3982
f 3981 3983 3982
f 3982 3983 3984
f 3934 3982 3938
f 3938 3985 3939
f 3938 3982 3985
f 3939 3985 3986
f 3939 3986 3940
f 3940 3986 3987
f 3982 3984 3985
f 3985 3988 3986
f 3984 3988 3985
f 3986 3988 3989
f 3986 3989 3987
f 3987 3989 3990
f 3940 3987 3943
f 3943 3987 3991
f 3943 3991 3944
f 3944 3991 3992
f 3987 3990 3991
f 3990 3993 3991
f 3991 3993 3992
f 3992 3993 3994
f 3983 3995 3984
f 3984 3995 3996
f 3995 3997 3996
f 3996 3997 3998
f 3984 3996 3988
f 3988 3999 3989
f 3988 3996 3999
f 3989 3999 4000
f 3989 4000 3990
f 3990 4000 4001
f 3996 3998 3999
f 3999 4002 4000
f 3998 4002 3999
f 4000 4002 4003
f 4000 4003 4001
f 4001 4003 4004
f 3990 4001 3993
f 3993 4001 4005
f 3993 4005 3994
f 3994 4005 4006
f 4001 4004 4005
f 4004 4007 4005
f 4005 4007 4006
f 4006 4007 4008
f 3944 3992 3971
f 3971 3992 4009
f 3971 4009 3972
f 3972 4009 4010
f 3992 3994 4009
f 3994 4011 4009
f 4009 4011 4010
f 4010 4011 4012
f 3972 4010 3975
f 3975 4010 4013
f 3975 4013 3976
f 3976 4013 4014
f 4010 4012 4013
f 4012 4015 4013
f 4013 4015 4014
f 4014 4015 4016
f 3994 4006 4011
f 4006 4017 4011
f 4011 4017 4012
f 4012 4017 4018
f 4006 4008 4017
f 4008 4019 4017
f 4017 4019 4018
f 4018 4019 4020
f 4012 4018 4015
f 4015 4018 4021
f 4015 4021 4016
f 4016 4021 4022
f 4018 4020 4021
f 4020 4023 4021
f 4021 4023 4022
f 4022 4023 4024
f 3860 3863 4025
f 3863 4027 4025
f 4025 4027 4026
f 4026 4027 4029
f 3863 3864 4027
f 3864 4028 4027
f 4027 4028 4029
f 4028 4030 4029
f 4026 4029 4031
f 4029 4033 4031
f 4031 4033 4032
f 4032 4033 4035
f 4029 4030 4033
f 4030 4034 4033
f 4033 4034 4035
f 4034 4036 4035
f 3864 3871 4028
f 3871 4037 4028
f 4028 4037 4030
f 4030 4037 4039
f 3871 3872 4037
f 3872 4038 4037
f 4037 4038 4039
f 4038 4040 4039
f 4030 4039 4034
f 4034 4039 4041
f 4034 4041 4036
f 4036 4041 4043
f 4039 4040 4041
f 4040 4042 4041
f 4041 4042 4043
f 4042 4044 4043
f 4032 4035 4045
f 4035 4047 4045
f 4045 4047 4046
f 4046 4047 4049
f 4035 4036 4047
f 4036 4048 4047
f 4047 4048 4049
f 4048 4050 4049
f 4046 4049 4051
f 4049 4052 4051
f 4051 4052 4568
f 4052 4571 4568
f 4049 4050 4052
f 4050 4053 4052
f 4052 4053 4571
f 4053 4573 4571
f 4036 4043 4048
f 4043 4054 4048
f 4048 4054 4050
f 4050 4054 4056
f 4043 4044 4054
f 4044 4055 4054
f 4054 4055 4056
f 4055 4057 4056
f 4050 4056 4053
f 4053 4056 4058
f 4053 4058 4573
f 4058 4580 4573
f 4056 4057 4058
f 4057 4059 4058
f 4058 4059 4580
f 4059 4582 4580
f 3872 3948 4038
f 3948 4060 4038
f 4038 4060 4040
f 4040 4060 4061
f 3948 3961 4060
f 3961 4064 4060
f 4060 4064 4061
f 4061 4064 4066
f 4040 4061 4042
f 4042 4061 4062
f 4042 4062 4044
f 4044 4062 4063
f 4061 4066 4062
f 4062 4066 4074
f 4062 4074 4063
f 4063 4074 4076
f 3961 3962 4064
f 3962 4065 4064
f 4064 4065 4066
f 4065 4067 4066
f 3962 3965 4065
f 3965 3966 4068
f 3965 4068 4065
f 3966 4069 4068
f 4065 4068 4067
f 4068 4069 4070
f 4067 4068 4070
f 4069 4071 4070
f 3966 3968 4069
f 3968 4072 4069
f 4069 4072 4071
f 4071 4072 4073
f 4066 4067 4074
f 4067 4075 4074
f 4074 4075 4076
f 4075 4077 4076
f 4067 4070 4075
f 4070 4071 4078
f 4070 4078 4075
f 4071 4079 4078
f 4075 4078 4077
f 4078 4079 4080
f 4077 4078 4080
f 4079 4081 4080
f 4071 4073 4079
f 4073 4082 4079
f 4079 4082 4081
f 4081 4082 4083
f 3968 3974 4072
f 3974 4084 4072
f 4072 4084 4073
f 4073 4084 4085
f 3974 3976 4084
f 3976 4086 4084
f 4084 4086 4085
f 4085 4086 4087
f 4073 4085 4082
f 4082 4085 4088
f 4082 4088 4083
f 4083 4088 4089
f 4085 4087 4088
f 4087 4090 4088
f 4088 4090 4089
f 4089 4090 4091
f 4044 4063 4055
f 4055 4063 4092
f 4055 4092 4057
f 4057 4092 4093
f 4063 4076 4092
f 4076 4095 4092
f 4092 4095 4093
f 4093 4095 4097
f 4057 4093 4059
f 4059 4093 4094
f 4059 4094 4582
f 4094 4613 4582
f 4093 4097 4094
f 4094 4097 4105
f 4094 4105 4613
f 4105 4617 4613
f 4076 4077 4095
f 4077 4096 4095
f 4095 4096 4097
f 4096 4098 4097
f 4077 4080 4096
f 4080 4081 4099
f 4080 4099 4096
f 4081 4100 4099
f 4096 4099 4098
f 4099 4100 4101
f 4098 4099 4101
f 4100 4102 4101
f 4081 4083 4100
f 4083 4103 4100
f 4100 4103 4102
f 4102 4103 4104
f 4097 4098 4105
f 4098 4106 4105
f 4105 4106 4617
f 4106 4619 4617
f 4098 4101 4106
f 4101 4102 4107
f 4101 4107 4106
f 4102 4108 4107
f 4106 4107 4619
f 4107 4108 4623
f 4107 4623 4619
f 4108 4625 4623
f 4102 4104 4108
f 4104 4109 4108
f 4108 4109 4625
f 4109 4629 4625
f 4083 4089 4103
f 4089 4110 4103
f 4103 4110 4104
f 4104 4110 4111
f 4089 4091 4110
f 4091 4112 4110
f 4110 4112 4111
f 4111 4112 4113
f 4104 4111 4109
f 4109 4111 4114
f 4109 4114 4629
f 4114 4637 4629
f 4111 4113 4114
f 4113 4115 4114
f 4114 4115 4637
f 4115 4640 4637
f 3976 4014 4086
f 4014 4116 4086
f 4086 4116 4087
f 4087 4116 4117
f 4014 4016 4116
f 4016 4118 4116
f 4116 4118 4117
f 4117 4118 4119
f 4087 4117 4090
f 4090 4117 4120
f 4090 4120 4091
f 4091 4120 4121
f 4117 4119 4120
f 4119 4122 4120
f 4120 4122 4121
f 4121 4122 4123
f 4016 4022 4118
f 4022 4124 4118
f 4118 4124 4119
f 4119 4124 4125
f 4022 4024 4124
f 4024 4126 4124
f 4124 4126 4125
f 4125 4126 4127
f 4119 4125 4122
f 4122 4125 4128
f 4122 4128 4123
f 4123 4128 4129
f 4125 4127 4128
f 4127 4130 4128
f 4128 4130 4129
f 4129 4130 4131
f 4091 4121 4112
f 4112 4121 4132
f 4112 4132 4113
f 4113 4132 4133
f 4121 4123 4132
f 4123 4134 4132
f 4132 4134 4133
f 4133 4134 4135
f 4113 4133 4115
f 4115 4133 4136
f 4115 4136 4640
f 4136 4685 4640
f 4133 4135 4136
f 4135 4137 4136
f 4136 4137 4685
f 4137 4688 4685
f 4123 4129 4134
f 4129 4138 4134
f 4134 4138 4135
f 4135 4138 4139
f 4129 4131 4138
f 4131 4140 4138
f 4138 4140 4139
f 4139 4140 4141
f 4135 4139 4137
f 4137 4139 4142
f 4137 4142 4688
f 4142 4693 4688
f 4139 4141 4142
f 4141 4143 4142
f 4142 4143 4693
f 4143 4696 4693
f 3880 4144 3883
f 3883 4144 4146
f 4144 4145 4146
f 4145 4147 4146
f 3883 4146 3884
f 3884 4146 4148
f 4146 4147 4148
f 4147 4149 4148
f 4145 4150 4147
f 4147 4150 4152
f 4150 4151 4152
f 4151 4154 4152
f 4147 4152 4149
f 4149 4152 4153
f 4152 4154 4153
f 4153 4154 4155
f 3884 4148 3891
f 3891 4148 4156
f 4148 4149 4156
f 4149 4157 4156
f 3891 4156 3892
f 3892 4156 4158
f 4156 4157 4158
f 4157 4159 4158
f 4149 4153 4157
f 4153 4160 4157
f 4153 4155 4160
f 4155 4162 4160
f 4157 4160 4159
f 4159 4160 4161
f 4160 4162 4161
f 4161 4162 4163
f 4151 4164 4154
f 4154 4164 4166
f 4164 4165 4166
f 4165 4168 4166
f 4154 4166 4155
f 4155 4166 4167
f 4166 4168 4167
f 4167 4168 4169
f 4165 4170 4168
f 4168 4170 4171
f 4170 5720 4171
f 4171 5720 5723
f 4168 4171 4169
f 4169 4171 4172
f 4171 5723 4172
f 4172 5723 5725
f 4155 4167 4162
f 4162 4167 4173
f 4167 4169 4173
f 4169 4175 4173
f 4162 4173 4163
f 4163 4173 4174
f 4173 4175 4174
f 4174 4175 4176
f 4169 4172 4175
f 4172 4177 4175
f 4172 5725 4177
f 4177 5725 5735
f 4175 4177 4176
f 4176 4177 4178
f 4177 5735 4178
f 4178 5735 5737
f 3892 4158 3980
f 3980 4158 4179
f 4158 4159 4179
f 4159 4180 4179
f 3980 4179 3997
f 3997 4179 4183
f 4179 4180 4183
f 4180 4184 4183
f 4159 4161 4180
f 4161 4181 4180
f 4161 4163 4181
f 4163 4182 4181
f 4180 4181 4184
f 4181 4197 4184
f 4181 4182 4197
f 4182 4199 4197
f 3997 4183 3998
f 3998 4183 4185
f 4183 4184 4185
f 4184 4186 4185
f 3998 4185 4002
f 4002 4187 4003
f 4002 4185 4187
f 4003 4187 4188
f 4003 4188 4004
f 4004 4188 4191
f 4185 4186 4187
f 4187 4189 4188
f 4186 4189 4187
f 4188 4189 4190
f 4188 4190 4191
f 4190 4192 4191
f 4004 4191 4007
f 4007 4191 4193
f 4007 4193 4008
f 4008 4193 4195
f 4191 4192 4193
f 4192 4194 4193
f 4193 4194 4195
f 4194 4196 4195
f 4184 4197 4186
f 4186 4197 4198
f 4197 4199 4198
f 4198 4199 4200
f 4186 4198 4189
f 4189 4201 4190
f 4189 4198 4201
f 4190 4201 4202
f 4190 4202 4192
f 4192 4202 4203
f 4198 4200 4201
f 4201 4204 4202
f 4200 4204 4201
f 4202 4204 4205
f 4202 4205 4203
f 4203 4205 4206
f 4192 4203 4194
f 4194 4203 4207
f 4194 4207 4196
f 4196 4207 4208
f 4203 4206 4207
f 4206 4209 4207
f 4207 4209 4208
f 4208 4209 4210
f 4008 4195 4019
f 4019 4195 4211
f 4019 4211 4020
f 4020 4211 4213
f 4195 4196 4211
f 4196 4212 4211
f 4211 4212 4213
f 4212 4214 4213
f 4020 4213 4023
f 4023 4213 4215
f 4023 4215 4024
f 4024 4215 4217
f 4213 4214 4215
f 4214 4216 4215
f 4215 4216 4217
f 4216 4218 4217
f 4196 4208 4212
f 4208 4219 4212
f 4212 4219 4214
f 4214 4219 4220
f 4208 4210 4219
f 4210 4221 4219
f 4219 4221 4220
f 4220 4221 4222
f 4214 4220 4216
f 4216 4220 4223
f 4216 4223 4218
f 4218 4223 4224
f 4220 4222 4223
f 4222 4225 4223
f 4223 4225 4224
f 4224 4225 4226
f 4163 4174 4182
f 4174 4227 4182
f 4174 4176 4227
f 4176 4228 4227
f 4182 4227 4199
f 4199 4227 4230
f 4227 4228 4230
f 4228 4232 4230
f 4176 4178 4228
f 4178 4229 4228
f 4178 5737 4229
f 4229 5737 5760
f 4228 4229 4232
f 4229 4244 4232
f 4229 5760 4244
f 4244 5760 5765
f 4199 4230 4200
f 4200 4230 4231
f 4230 4232 4231
f 4231 4232 4233
f 4200 4231 4204
f 4204 4234 4205
f 4204 4231 4234
f 4205 4234 4235
f 4205 4235 4206
f 4206 4235 4236
f 4231 4233 4234
f 4234 4237 4235
f 4233 4237 4234
f 4235 4237 4238
f 4235 4238 4236
f 4236 4238 4239
f 4206 4236 4209
f 4209 4236 4240
f 4209 4240 4210
f 4210 4240 4241
f 4236 4239 4240
f 4239 4242 4240
f 4240 4242 4241
f 4241 4242 4243
f 4232 4244 4233
f 4233 4244 4245
f 4244 5765 4245
f 4245 5765 5767
f 4233 4245 4237
f 4237 4246 4238
f 4237 4245 4246
f 4238 4246 4247
f 4238 4247 4239
f 4239 4247 4248
f 4245 5767 4246
f 4246 5771 4247
f 4246 5767 5771
f 4247 5771 5772
f 4247 5772 4248
f 4248 5772 5775
f 4239 4248 4242
f 4242 4248 4249
f 4242 4249 4243
f 4243 4249 4250
f 4248 5775 4249
f 4249 5775 5780
f 4249 5780 4250
f 4250 5780 5782
f 4210 4241 4221
f 4221 4241 4251
f 4221 4251 4222
f 4222 4251 4252
f 4241 4243 4251
f 4243 4253 4251
f 4251 4253 4252
f 4252 4253 4254
f 4222 4252 4225
f 4225 4252 4255
f 4225 4255 4226
f 4226 4255 4256
f 4252 4254 4255
f 4254 4257 4255
f 4255 4257 4256
f 4256 4257 4258
f 4243 4250 4253
f 4250 4259 4253
f 4253 4259 4254
f 4254 4259 4260
f 4250 5782 4259
f 4259 5782 5800
f 4259 5800 4260
f 4260 5800 5802
f 4254 4260 4257
f 4257 4260 4261
f 4257 4261 4258
f 4258 4261 4262
f 4260 5802 4261
f 4261 5802 5806
f 4261 5806 4262
f 4262 5806 5808
f 4024 4217 4126
f 4126 4217 4263
f 4126 4263 4127
f 4127 4263 4265
f 4217 4218 4263
f 4218 4264 4263
f 4263 4264 4265
f 4264 4266 4265
f 4127 4265 4130
f 4130 4265 4267
f 4130 4267 4131
f 4131 4267 4269
f 4265 4266 4267
f 4266 4268 4267
f 4267 4268 4269
f 4268 4270 4269
f 4218 4224 4264
f 4224 4271 4264
f 4264 4271 4266
f 4266 4271 4272
f 4224 4226 4271
f 4226 4273 4271
f 4271 4273 4272
f 4272 4273 4274
f 4266 4272 4268
f 4268 4272 4275
f 4268 4275 4270
f 4270 4275 4276
f 4272 4274 4275
f 4274 4277 4275
f 4275 4277 4276
f 4276 4277 4278
f 4131 4269 4140
f 4140 4269 4279
f 4140 4279 4141
f 4141 4279 4281
f 4269 4270 4279
f 4270 4280 4279
f 4279 4280 4281
f 4280 4282 4281
f 4141 4281 4143
f 4143 4281 4283
f 4143 4283 4696
f 4283 4921 4696
f 4281 4282 4283
f 4282 4284 4283
f 4283 4284 4921
f 4284 4923 4921
f 4270 4276 4280
f 4276 4285 4280
f 4280 4285 4282
f 4282 4285 4286
f 4276 4278 4285
f 4278 4287 4285
f 4285 4287 4286
f 4286 4287 4288
f 4282 4286 4284
f 4284 4286 4289
f 4284 4289 4923
f 4289 4929 4923
f 4286 4288 4289
f 4288 4290 4289
f 4289 4290 4929
f 4290 4932 4929
f 4226 4256 4273
f 4256 4291 4273
f 4273 4291 4274
f 4274 4291 4292
f 4256 4258 4291
f 4258 4293 4291
f 4291 4293 4292
f 4292 4293 4294
f 4274 4292 4277
f 4277 4292 4295
f 4277 4295 4278
f 4278 4295 4296
f 4292 4294 4295
f 4294 4297 4295
f 4295 4297 4296
f 4296 4297 4298
f 4258 4262 4293
f 4262 4299 4293
f 4293 4299 4294
f 4294 4299 4300
f 4262 5808 4299
f 4299 5808 5878
f 4299 5878 4300
f 4300 5878 5880
f 4294 4300 4297
f 4297 4300 4301
f 4297 4301 4298
f 4298 4301 4302
f 4300 5880 4301
f 4301 5880 5884
f 4301 5884 4302
f 4302 5884 5886
f 4278 4296 4287
f 4287 4296 4303
f 4287 4303 4288
f 4288 4303 4304
f 4296 4298 4303
f 4298 4305 4303
f 4303 4305 4304
f 4304 4305 4306
f 4288 4304 4290
f 4290 4304 4307
f 4290 4307 4932
f 4307 4957 4932
f 4304 4306 4307
f 4306 4308 4307
f 4307 4308 4957
f 4308 4960 4957
f 4298 4302 4305
f 4302 4309 4305
f 4305 4309 4306
f 4306 4309 4310
f 4302 5886 4309
f 4309 5886 5898
f 4309 5898 4310
f 4310 5898 5900
f 4306 4310 4308
f 4308 4310 4311
f 4308 4311 4960
f 4311 4965 4960
f 4310 5900 4311
f 4311 5900 5904
f 4311 5904 4965
f 4965 5904 6756
f 4312 4315 4313
f 4313 4315 4316
f 4313 4316 4314
f 4314 4316 4317
f 4315 4320 4316
f 4316 4320 4321
f 4316 4321 4317
f 4317 4321 4322
f 4314 4317 4318
f 4317 4319 4318
f 4318 4319 4328
f 4319 4331 4328
f 4317 4322 4319
f 4319 4322 4326
f 4319 4326 4331
f 4326 4338 4331
f 4320 4323 4321
f 4321 4323 4324
f 4321 4324 4322
f 4322 4324 4325
f 4323 4348 4324
f 4324 4348 4349
f 4324 4349 4325
f 4325 4349 4350
f 4322 4325 4326
f 4325 4327 4326
f 4326 4327 4338
f 4327 4341 4338
f 4325 4350 4327
f 4327 4350 4354
f 4327 4354 4341
f 4341 4354 4364
f 4328 4331 4329
f 4329 4331 4332
f 4329 4332 4330
f 4330 4332 4333
f 4331 4338 4332
f 4332 4338 4339
f 4332 4339 4333
f 4333 4339 4340
f 4330 4333 4334
f 4333 4336 4334
f 4334 4336 4335
f 4335 4336 4337
f 4333 4340 4336
f 4336 4340 4344
f 4336 4344 4337
f 4337 4344 4345
f 4338 4341 4339
f 4339 4341 4342
f 4339 4342 4340
f 4340 4342 4343
f 4341 4364 4342
f 4342 4364 4365
f 4342 4365 4343
f 4343 4365 4366
f 4340 4343 4344
f 4343 4346 4344
f 4344 4346 4345
f 4345 4346 4347
f 4343 4366 4346
f 4346 4366 4370
f 4346 4370 4347
f 4347 4370 4371
f 4348 4351 4349
f 4349 4351 4352
f 4349 4352 4350
f 4350 4352 4353
f 4351 4356 4352
f 4352 4356 4357
f 4352 4357 4353
f 4353 4357 4358
f 4350 4353 4354
f 4353 4355 4354
f 4354 4355 4364
f 4355 4367 4364
f 4353 4358 4355
f 4355 4358 4362
f 4355 4362 4367
f 4362 4374 4367
f 4356 4359 4357
f 4357 4359 4360
f 4357 4360 4358
f 4358 4360 4361
f 4359 4568 4360
f 4360 4568 4569
f 4360 4569 4361
f 4361 4569 4570
f 4358 4361 4362
f 4361 4363 4362
f 4362 4363 4374
f 4363 4377 4374
f 4361 4570 4363
f 4363 4570 4577
f 4363 4577 4377
f 4377 4577 4588
f 4364 4367 4365
f 4365 4367 4368
f 4365 4368 4366
f 4366 4368 4369
f 4367 4374 4368
f 4368 4374 4375
f 4368 4375 4369
f 4369 4375 4376
f 4366 4369 4370
f 4369 4372 4370
f 4370 4372 4371
f 4371 4372 4373
f 4369 4376 4372
f 4372 4376 4380
f 4372 4380 4373
f 4373 4380 4381
f 4374 4377 4375
f 4375 4377 4378
f 4375 4378 4376
f 4376 4378 4379
f 4377 4588 4378
f 4378 4588 4589
f 4378 4589 4379
f 4379 4589 4590
f 4376 4379 4380
f 4379 4382 4380
f 4380 4382 4381
f 4381 4382 4383
f 4379 4590 4382
f 4382 4590 4597
f 4382 4597 4383
f 4383 4597 4598
f 4335 4337 4384
f 4337 4385 4384
f 4384 4385 4386
f 4385 4388 4386
f 4337 4345 4385
f 4345 4390 4385
f 4385 4390 4388
f 4388 4390 4392
f 4386 4388 4387
f 4387 4388 4389
f 4387 4389 4396
f 4389 4398 4396
f 4388 4392 4389
f 4389 4392 4393
f 4389 4393 4398
f 4393 4414 4398
f 4345 4347 4390
f 4347 4391 4390
f 4390 4391 4392
f 4391 4394 4392
f 4347 4371 4391
f 4371 4448 4391
f 4391 4448 4394
f 4394 4448 4450
f 4392 4394 4393
f 4393 4394 4395
f 4393 4395 4414
f 4395 4416 4414
f 4394 4450 4395
f 4395 4450 4451
f 4395 4451 4416
f 4416 4451 4460
f 4396 4398 4397
f 4397 4398 4399
f 4397 4399 4400
f 4399 4405 4400
f 4398 4414 4399
f 4399 4414 4415
f 4399 4415 4405
f 4405 4415 4418
f 4400 4405 4401
f 4401 4405 4406
f 4401 4406 4402
f 4402 4408 4403
f 4402 4406 4407
f 4402 4407 4408
f 4403 4409 4404
f 4403 4408 4409
f 4405 4418 4406
f 4406 4418 4419
f 4406 4419 4407
f 4407 4421 4408
f 4407 4419 4420
f 4407 4420 4421
f 4408 4422 4409
f 4408 4421 4422
f 4404 4412 4410
f 4404 4409 4412
f 4410 4413 4411
f 4410 4412 4413
f 4409 4428 4412
f 4409 4422 4428
f 4412 4429 4413
f 4412 4428 4429
f 4414 4416 4415
f 4415 4416 4417
f 4415 4417 4418
f 4417 4423 4418
f 4416 4460 4417
f 4417 4460 4461
f 4417 4461 4423
f 4423 4461 4464
f 4418 4423 4419
f 4419 4423 4424
f 4419 4424 4420
f 4420 4426 4421
f 4420 4424 4425
f 4420 4425 4426
f 4421 4427 4422
f 4421 4426 4427
f 4423 4464 4424
f 4424 4464 4465
f 4424 4465 4425
f 4425 4467 4426
f 4425 4465 4466
f 4425 4466 4467
f 4426 4468 4427
f 4426 4467 4468
f 4422 4430 4428
f 4422 4427 4430
f 4428 4431 4429
f 4428 4430 4431
f 4427 4474 4430
f 4427 4468 4474
f 4430 4475 4431
f 4430 4474 4475
f 4411 4434 4432
f 4411 4413 4434
f 4432 4435 4433
f 4432 4434 4435
f 4413 4440 4434
f 4413 4429 4440
f 4434 4441 4435
f 4434 4440 4441
f 4433 4438 4436
f 4433 4435 4438
f 4436 4439 4437
f 4436 4438 4439
f 4435 4444 4438
f 4435 4441 4444
f 4438 4445 4439
f 4438 4444 4445
f 4429 4442 4440
f 4429 4431 4442
f 4440 4443 4441
f 4440 4442 4443
f 4431 4496 4442
f 4431 4475 4496
f 4442 4497 4443
f 4442 4496 4497
f 4441 4446 4444
f 4441 4443 4446
f 4444 4447 4445
f 4444 4446 4447
f 4443 4500 4446
f 4443 4497 4500
f 4446 4501 4447
f 4446 4500 4501
f 4371 4373 4448
f 4373 4449 4448
f 4448 4449 4450
f 4449 4452 4450
f 4373 4381 4449
f 4381 4454 4449
f 4449 4454 4452
f 4452 4454 4456
f 4450 4452 4451
f 4451 4452 4453
f 4451 4453 4460
f 4453 4462 4460
f 4452 4456 4453
f 4453 4456 4457
f 4453 4457 4462
f 4457 4478 4462
f 4381 4383 4454
f 4383 4455 4454
f 4454 4455 4456
f 4455 4458 4456
f 4383 4598 4455
f 4455 4598 4721
f 4455 4721 4458
f 4458 4721 4724
f 4456 4458 4457
f 4457 4458 4459
f 4457 4459 4478
f 4459 4480 4478
f 4458 4724 4459
f 4459 4724 4725
f 4459 4725 4480
f 4480 4725 4736
f 4460 4462 4461
f 4461 4462 4463
f 4461 4463 4464
f 4463 4469 4464
f 4462 4478 4463
f 4463 4478 4479
f 4463 4479 4469
f 4469 4479 4482
f 4464 4469 4465
f 4465 4469 4470
f 4465 4470 4466
f 4466 4472 4467
f 4466 4470 4471
f 4466 4471 4472
f 4467 4473 4468
f 4467 4472 4473
f 4469 4482 4470
f 4470 4482 4483
f 4470 4483 4471
f 4471 4485 4472
f 4471 4483 4484
f 4471 4484 4485
f 4472 4486 4473
f 4472 4485 4486
f 4468 4476 4474
f 4468 4473 4476
f 4474 4477 4475
f 4474 4476 4477
f 4473 4492 4476
f 4473 4486 4492
f 4476 4493 4477
f 4476 4492 4493
f 4478 4480 4479
f 4479 4480 4481
f 4479 4481 4482
f 4481 4487 4482
f 4480 4736 4481
f 4481 4736 4737
f 4481 4737 4487
f 4487 4737 4742
f 4482 4487 4483
f 4483 4487 4488
f 4483 4488 4484
f 4484 4490 4485
f 4484 4488 4489
f 4484 4489 4490
f 4485 4491 4486
f 4485 4490 4491
f 4487 4742 4488
f 4488 4742 4743
f 4488 4743 4489
f 4489 4745 4490
f 4489 4743 4744
f 4489 4744 4745
f 4490 4746 4491
f 4490 4745 4746
f 4486 4494 4492
f 4486 4491 4494
f 4492 4495 4493
f 4492 4494 4495
f 4491 4757 4494
f 4491 4746 4757
f 4494 4758 4495
f 4494 4757 4758
f 4475 4498 4496
f 4475 4477 4498
f 4496 4499 4497
f 4496 4498 4499
f 4477 4504 4498
f 4477 4493 4504
f 4498 4505 4499
f 4498 4504 4505
f 4497 4502 4500
f 4497 4499 4502
f 4500 4503 4501
f 4500 4502 4503
f 4499 4508 4502
f 4499 4505 4508
f 4502 4509 4503
f 4502 4508 4509
f 4493 4506 4504
f 4493 4495 4506
f 4504 4507 4505
f 4504 4506 4507
f 4495 4781 4506
f 4495 4758 4781
f 4506 4782 4507
f 4506 4781 4782
f 4505 4510 4508
f 4505 4507 4510
f 4508 4511 4509
f 4508 4510 4511
f 4507 4787 4510
f 4507 4782 4787
f 4510 4788 4511
f 4510 4787 4788
f 4437 4514 4512
f 4437 4439 4514
f 4512 4515 4513
f 4512 4514 4515
f 4439 4520 4514
f 4439 4445 4520
f 4514 4521 4515
f 4514 4520 4521
f 4513 4518 4516
f 4513 4515 4518
f 4516 4519 4517
f 4516 4518 4519
f 4515 4524 4518
f 4515 4521 4524
f 4518 4525 4519
f 4518 4524 4525
f 4445 4522 4520
f 4445 4447 4522
f 4520 4523 4521
f 4520 4522 4523
f 4447 4540 4522
f 4447 4501 4540
f 4522 4541 4523
f 4522 4540 4541
f 4521 4526 4524
f 4521 4523 4526
f 4524 4527 4525
f 4524 4526 4527
f 4523 4544 4526
f 4523 4541 4544
f 4526 4545 4527
f 4526 4544 4545
f 4517 4530 4528
f 4517 4519 4530
f 4528 4531 4529
f 4528 4530 4531
f 4519 4534 4530
f 4519 4525 4534
f 4530 4535 4531
f 4530 4534 4535
f 4529 4533 4532
f 4529 4531 4533
f 4532 6492 6489
f 4532 4533 6492
f 4531 4538 4533
f 4531 4535 4538
f 4533 6499 6492
f 4533 4538 6499
f 4525 4536 4534
f 4525 4527 4536
f 4534 4537 4535
f 4534 4536 4537
f 4527 4556 4536
f 4527 4545 4556
f 4536 4557 4537
f 4536 4556 4557
f 4535 4539 4538
f 4535 4537 4539
f 4538 6502 6499
f 4538 4539 6502
f 4537 4560 4539
f 4537 4557 4560
f 4539 6521 6502
f 4539 4560 6521
f 4501 4542 4540
f 4501 4503 4542
f 4540 4543 4541
f 4540 4542 4543
f 4503 4548 4542
f 4503 4509 4548
f 4542 4549 4543
f 4542 4548 4549
f 4541 4546 4544
f 4541 4543 4546
f 4544 4547 4545
f 4544 4546 4547
f 4543 4552 4546
f 4543 4549 4552
f 4546 4553 4547
f 4546 4552 4553
f 4509 4550 4548
f 4509 4511 4550
f 4548 4551 4549
f 4548 4550 4551
f 4511 4984 4550
f 4511 4788 4984
f 4550 4985 4551
f 4550 4984 4985
f 4549 4554 4552
f 4549 4551 4554
f 4552 4555 4553
f 4552 4554 4555
f 4551 4990 4554
f 4551 4985 4990
f 4554 4991 4555
f 4554 4990 4991
f 4545 4558 4556
f 4545 4547 4558
f 4556 4559 4557
f 4556 4558 4559
f 4547 4562 4558
f 4547 4553 4562
f 4558 4563 4559
f 4558 4562 4563
f 4557 4561 4560
f 4557 4559 4561
f 4560 6524 6521
f 4560 4561 6524
f 4559 4566 4561
f 4559 4563 4566
f 4561 6531 6524
f 4561 4566 6531
f 4553 4564 4562
f 4553 4555 4564
f 4562 4565 4563
f 4562 4564 4565
f 4555 5004 4564
f 4555 4991 5004
f 4564 5005 4565
f 4564 5004 5005
f 4563 4567 4566
f 4563 4565 4567
f 4566 6534 6531
f 4566 4567 6534
f 4565 5010 4567
f 4565 5005 5010
f 4567 6828 6534
f 4567 5010 6828
f 4568 4571 4569
f 4569 4571 4572
f 4569 4572 4570
f 4570 4572 4575
f 4571 4573 4572
f 4572 4573 4574
f 4572 4574 4575
f 4574 4576 4575
f 4570 4575 4577
f 4575 4578 4577
f 4577 4578 4588
f 4578 4591 4588
f 4575 4576 4578
f 4576 4579 4578
f 4578 4579 4591
f 4579 4592 4591
f 4573 4580 4574
f 4574 4580 4581
f 4574 4581 4576
f 4576 4581 4584
f 4580 4582 4581
f 4581 4582 4583
f 4581 4583 4584
f 4583 4585 4584
f 4576 4584 4579
f 4579 4584 4586
f 4579 4586 4592
f 4586 4603 4592
f 4584 4585 4586
f 4585 4587 4586
f 4586 4587 4603
f 4587 4604 4603
f 4588 4591 4589
f 4589 4591 4593
f 4589 4593 4590
f 4590 4593 4594
f 4591 4592 4593
f 4592 4595 4593
f 4593 4595 4594
f 4594 4595 4596
f 4590 4594 4597
f 4594 4599 4597
f 4597 4599 4598
f 4598 4599 4601
f 4594 4596 4599
f 4596 4600 4599
f 4599 4600 4601
f 4600 4602 4601
f 4592 4603 4595
f 4595 4603 4605
f 4595 4605 4596
f 4596 4605 4606
f 4603 4604 4605
f 4604 4607 4605
f 4605 4607 4606
f 4606 4607 4608
f 4596 4606 4600
f 4600 4606 4609
f 4600 4609 4602
f 4602 4609 4611
f 4606 4608 4609
f 4608 4610 4609
f 4609 4610 4611
f 4610 4612 4611
f 4582 4613 4583
f 4583 4613 4614
f 4583 4614 4585
f 4585 4614 4615
f 4613 4617 4614
f 4614 4617 4618
f 4614 4618 4615
f 4615 4618 4621
f 4585 4615 4587
f 4587 4615 4616
f 4587 4616 4604
f 4604 4616 4645
f 4615 4621 4616
f 4616 4621 4632
f 4616 4632 4645
f 4632 4650 4645
f 4617 4619 4618
f 4618 4619 4620
f 4618 4620 4621
f 4620 4622 4621
f 4619 4623 4620
f 4623 4625 4624
f 4620 4623 4624
f 4624 4625 4626
f 4620 4624 4622
f 4624 4626 4627
f 4622 4624 4627
f 4626 4628 4627
f 4625 4629 4626
f 4626 4629 4630
f 4626 4630 4628
f 4628 4630 4631
f 4621 4622 4632
f 4622 4633 4632
f 4632 4633 4650
f 4633 4651 4650
f 4622 4627 4633
f 4627 4628 4634
f 4627 4634 4633
f 4628 4635 4634
f 4633 4634 4651
f 4634 4635 4656
f 4634 4656 4651
f 4635 4657 4656
f 4628 4631 4635
f 4631 4636 4635
f 4635 4636 4657
f 4636 4662 4657
f 4629 4637 4630
f 4630 4637 4638
f 4630 4638 4631
f 4631 4638 4639
f 4637 4640 4638
f 4638 4640 4641
f 4638 4641 4639
f 4639 4641 4642
f 4631 4639 4636
f 4636 4639 4643
f 4636 4643 4662
f 4643 4675 4662
f 4639 4642 4643
f 4642 4644 4643
f 4643 4644 4675
f 4644 4678 4675
f 4604 4645 4607
f 4607 4645 4646
f 4607 4646 4608
f 4608 4646 4647
f 4645 4650 4646
f 4646 4650 4652
f 4646 4652 4647
f 4647 4652 4653
f 4608 4647 4610
f 4610 4647 4648
f 4610 4648 4612
f 4612 4648 4649
f 4647 4653 4648
f 4648 4653 4665
f 4648 4665 4649
f 4649 4665 4667
f 4650 4651 4652
f 4651 4654 4652
f 4652 4654 4653
f 4653 4654 4655
f 4651 4656 4654
f 4656 4657 4658
f 4654 4656 4658
f 4657 4660 4658
f 4654 4658 4655
f 4658 4660 4659
f 4655 4658 4659
f 4659 4660 4661
f 4657 4662 4660
f 4660 4662 4663
f 4660 4663 4661
f 4661 4663 4664
f 4653 4655 4665
f 4655 4666 4665
f 4665 4666 4667
f 4666 4668 4667
f 4655 4659 4666
f 4659 4661 4669
f 4659 4669 4666
f 4661 4670 4669
f 4666 4669 4668
f 4669 4670 4671
f 4668 4669 4671
f 4670 4672 4671
f 4661 4664 4670
f 4664 4673 4670
f 4670 4673 4672
f 4672 4673 4674
f 4662 4675 4663
f 4663 4675 4676
f 4663 4676 4664
f 4664 4676 4677
f 4675 4678 4676
f 4676 4678 4679
f 4676 4679 4677
f 4677 4679 4680
f 4664 4677 4673
f 4673 4677 4681
f 4673 4681 4674
f 4674 4681 4682
f 4677 4680 4681
f 4680 4683 4681
f 4681 4683 4682
f 4682 4683 4684
f 4640 4685 4641
f 4641 4685 4686
f 4641 4686 4642
f 4642 4686 4687
f 4685 4688 4686
f 4686 4688 4689
f 4686 4689 4687
f 4687 4689 4690
f 4642 4687 4644
f 4644 4687 4691
f 4644 4691 4678
f 4678 4691 4701
f 4687 4690 4691
f 4690 4692 4691
f 4691 4692 4701
f 4692 4704 4701
f 4688 4693 4689
f 4689 4693 4694
f 4689 4694 4690
f 4690 4694 4695
f 4693 4696 4694
f 4694 4696 4697
f 4694 4697 4695
f 4695 4697 4698
f 4690 4695 4692
f 4692 4695 4699
f 4692 4699 4704
f 4699 4711 4704
f 4695 4698 4699
f 4698 4700 4699
f 4699 4700 4711
f 4700 4714 4711
f 4678 4701 4679
f 4679 4701 4702
f 4679 4702 4680
f 4680 4702 4703
f 4701 4704 4702
f 4702 4704 4705
f 4702 4705 4703
f 4703 4705 4706
f 4680 4703 4683
f 4683 4703 4707
f 4683 4707 4684
f 4684 4707 4708
f 4703 4706 4707
f 4706 4709 4707
f 4707 4709 4708
f 4708 4709 4710
f 4704 4711 4705
f 4705 4711 4712
f 4705 4712 4706
f 4706 4712 4713
f 4711 4714 4712
f 4712 4714 4715
f 4712 4715 4713
f 4713 4715 4716
f 4706 4713 4709
f 4709 4713 4717
f 4709 4717 4710
f 4710 4717 4718
f 4713 4716 4717
f 4716 4719 4717
f 4717 4719 4718
f 4718 4719 4720
f 4598 4601 4721
f 4601 4722 4721
f 4721 4722 4724
f 4722 4726 4724
f 4601 4602 4722
f 4602 4723 4722
f 4722 4723 4726
f 4723 4727 4726
f 4724 4726 4725
f 4725 4726 4728
f 4725 4728 4736
f 4728 4738 4736
f 4726 4727 4728
f 4727 4729 4728
f 4728 4729 4738
f 4729 4740 4738
f 4602 4611 4723
f 4611 4730 4723
f 4723 4730 4727
f 4727 4730 4732
f 4611 4612 4730
f 4612 4731 4730
f 4730 4731 4732
f 4731 4733 4732
f 4727 4732 4729
f 4729 4732 4734
f 4729 4734 4740
f 4734 4763 4740
f 4732 4733 4734
f 4733 4735 4734
f 4734 4735 4763
f 4735 4765 4763
f 4736 4738 4737
f 4737 4738 4739
f 4737 4739 4742
f 4739 4747 4742
f 4738 4740 4739
f 4739 4740 4741
f 4739 4741 4747
f 4741 4748 4747
f 4742 4747 4743
f 4743 4747 4749
f 4743 4749 4744
f 4744 4751 4745
f 4744 4749 4750
f 4744 4750 4751
f 4745 4755 4746
f 4745 4751 4755
f 4747 4748 4749
f 4748 4752 4749
f 4749 4752 4750
f 4750 4754 4751
f 4750 4752 4753
f 4750 4753 4754
f 4751 4756 4755
f 4751 4754 4756
f 4746 4759 4757
f 4746 4755 4759
f 4757 4761 4758
f 4757 4759 4761
f 4755 4760 4759
f 4755 4756 4760
f 4759 4762 4761
f 4759 4760 4762
f 4740 4763 4741
f 4741 4763 4764
f 4741 4764 4748
f 4748 4764 4767
f 4763 4765 4764
f 4764 4765 4766
f 4764 4766 4767
f 4766 4768 4767
f 4748 4767 4752
f 4752 4767 4769
f 4752 4769 4753
f 4753 4771 4754
f 4753 4769 4770
f 4753 4770 4771
f 4754 4775 4756
f 4754 4771 4775
f 4767 4768 4769
f 4768 4772 4769
f 4769 4772 4770
f 4770 4774 4771
f 4770 4772 4773
f 4770 4773 4774
f 4771 4776 4775
f 4771 4774 4776
f 4756 4777 4760
f 4756 4775 4777
f 4760 4779 4762
f 4760 4777 4779
f 4775 4778 4777
f 4775 4776 4778
f 4777 4780 4779
f 4777 4778 4780
f 4758 4783 4781
f 4758 4761 4783
f 4781 4785 4782
f 4781 4783 4785
f 4761 4784 4783
f 4761 4762 4784
f 4783 4786 4785
f 4783 4784 4786
f 4782 4789 4787
f 4782 4785 4789
f 4787 4791 4788
f 4787 4789 4791
f 4785 4790 4789
f 4785 4786 4790
f 4789 4792 4791
f 4789 4790 4792
f 4762 4793 4784
f 4762 4779 4793
f 4784 4795 4786
f 4784 4793 4795
f 4779 4794 4793
f 4779 4780 4794
f 4793 4796 4795
f 4793 4794 4796
f 4786 4797 4790
f 4786 4795 4797
f 4790 4799 4792
f 4790 4797 4799
f 4795 4798 4797
f 4795 4796 4798
f 4797 4800 4799
f 4797 4798 4800
f 4612 4649 4731
f 4649 4801 4731
f 4731 4801 4733
f 4733 4801 4802
f 4649 4667 4801
f 4667 4804 4801
f 4801 4804 4802
f 4802 4804 4809
f 4733 4802 4735
f 4735 4802 4803
f 4735 4803 4765
f 4765 4803 4825
f 4802 4809 4803
f 4803 4809 4811
f 4803 4811 4825
f 4811 4834 4825
f 4667 4668 4804
f 4668 4805 4804
f 4804 4805 4809
f 4805 4810 4809
f 4668 4671 4805
f 4671 4672 4806
f 4671 4806 4805
f 4672 4807 4806
f 4805 4806 4810
f 4806 4807 4813
f 4806 4813 4810
f 4807 4814 4813
f 4672 4674 4807
f 4674 4808 4807
f 4807 4808 4814
f 4808 4817 4814
f 4809 4810 4811
f 4810 4812 4811
f 4811 4812 4834
f 4812 4836 4834
f 4810 4813 4812
f 4813 4814 4815
f 4812 4813 4815
f 4814 4816 4815
f 4812 4815 4836
f 4815 4816 4838
f 4815 4838 4836
f 4816 4840 4838
f 4814 4817 4816
f 4816 4817 4818
f 4816 4818 4840
f 4818 4842 4840
f 4674 4682 4808
f 4682 4819 4808
f 4808 4819 4817
f 4817 4819 4821
f 4682 4684 4819
f 4684 4820 4819
f 4819 4820 4821
f 4820 4823 4821
f 4817 4821 4818
f 4818 4821 4822
f 4818 4822 4842
f 4822 4863 4842
f 4821 4823 4822
f 4822 4823 4824
f 4822 4824 4863
f 4824 4865 4863
f 4765 4825 4766
f 4766 4825 4826
f 4766 4826 4768
f 4768 4826 4827
f 4825 4834 4826
f 4826 4834 4835
f 4826 4835 4827
f 4827 4835 4844
f 4768 4827 4772
f 4772 4827 4828
f 4772 4828 4773
f 4773 4830 4774
f 4773 4828 4829
f 4773 4829 4830
f 4774 4831 4776
f 4774 4830 4831
f 4827 4844 4828
f 4828 4844 4846
f 4828 4846 4829
f 4829 4848 4830
f 4829 4846 4847
f 4829 4847 4848
f 4830 4852 4831
f 4830 4848 4852
f 4776 4832 4778
f 4776 4831 4832
f 4778 4833 4780
f 4778 4832 4833
f 4831 4867 4832
f 4831 4852 4867
f 4832 4869 4833
f 4832 4867 4869
f 4834 4836 4835
f 4835 4836 4837
f 4835 4837 4844
f 4837 4845 4844
f 4836 4838 4837
f 4838 4840 4839
f 4837 4838 4839
f 4839 4840 4841
f 4837 4839 4845
f 4839 4841 4854
f 4839 4854 4845
f 4841 4855 4854
f 4840 4842 4841
f 4841 4842 4843
f 4841 4843 4855
f 4843 4860 4855
f 4844 4845 4846
f 4845 4849 4846
f 4846 4849 4847
f 4847 4851 4848
f 4847 4849 4850
f 4847 4850 4851
f 4848 4853 4852
f 4848 4851 4853
f 4845 4854 4849
f 4854 4855 4856
f 4849 4854 4856
f 4855 4858 4856
f 4849 4856 4850
f 4850 4859 4851
f 4856 4858 4857
f 4850 4856 4857
f 4850 4857 4859
f 4857 4858 4859
f 4855 4860 4858
f 4858 4860 4861
f 4851 4862 4853
f 4858 4861 4859
f 4851 4859 4862
f 4859 4861 4862
f 4842 4863 4843
f 4843 4863 4864
f 4843 4864 4860
f 4860 4864 4871
f 4863 4865 4864
f 4864 4865 4866
f 4864 4866 4871
f 4866 4874 4871
f 4852 4868 4867
f 4852 4853 4868
f 4867 4870 4869
f 4867 4868 4870
f 4860 4871 4861
f 4861 4871 4872
f 4853 4873 4868
f 4861 4872 4862
f 4853 4862 4873
f 4862 4872 4873
f 4871 4874 4872
f 4872 4874 4875
f 4868 4876 4870
f 4872 4875 4873
f 4868 4873 4876
f 4873 4875 4876
f 4684 4708 4820
f 4708 4877 4820
f 4820 4877 4823
f 4823 4877 4879
f 4708 4710 4877
f 4710 4878 4877
f 4877 4878 4879
f 4878 4881 4879
f 4823 4879 4824
f 4824 4879 4880
f 4824 4880 4865
f 4865 4880 4893
f 4879 4881 4880
f 4880 4881 4882
f 4880 4882 4893
f 4882 4895 4893
f 4710 4718 4878
f 4718 4883 4878
f 4878 4883 4881
f 4881 4883 4885
f 4718 4720 4883
f 4720 4884 4883
f 4883 4884 4885
f 4884 4887 4885
f 4881 4885 4882
f 4882 4885 4886
f 4882 4886 4895
f 4886 4907 4895
f 4885 4887 4886
f 4886 4887 4888
f 4886 4888 4907
f 4888 4909 4907
f 4780 4889 4794
f 4780 4833 4889
f 4794 4890 4796
f 4794 4889 4890
f 4833 4897 4889
f 4833 4869 4897
f 4889 4899 4890
f 4889 4897 4899
f 4796 4891 4798
f 4796 4890 4891
f 4798 4892 4800
f 4798 4891 4892
f 4890 4911 4891
f 4890 4899 4911
f 4891 4913 4892
f 4891 4911 4913
f 4865 4893 4866
f 4866 4893 4894
f 4866 4894 4874
f 4874 4894 4901
f 4893 4895 4894
f 4894 4895 4896
f 4894 4896 4901
f 4896 4904 4901
f 4869 4898 4897
f 4869 4870 4898
f 4897 4900 4899
f 4897 4898 4900
f 4874 4901 4875
f 4875 4901 4902
f 4870 4903 4898
f 4875 4902 4876
f 4870 4876 4903
f 4876 4902 4903
f 4901 4904 4902
f 4902 4904 4905
f 4898 4906 4900
f 4902 4905 4903
f 4898 4903 4906
f 4903 4905 4906
f 4895 4907 4896
f 4896 4907 4908
f 4896 4908 4904
f 4904 4908 4915
f 4907 4909 4908
f 4908 4909 4910
f 4908 4910 4915
f 4910 4918 4915
f 4899 4912 4911
f 4899 4900 4912
f 4911 4914 4913
f 4911 4912 4914
f 4904 4915 4905
f 4905 4915 4916
f 4900 4917 4912
f 4905 4916 4906
f 4900 4906 4917
f 4906 4916 4917
f 4915 4918 4916
f 4916 4918 4919
f 4912 4920 4914
f 4916 4919 4917
f 4912 4917 4920
f 4917 4919 4920
f 4696 4921 4697
f 4697 4921 4922
f 4697 4922 4698
f 4698 4922 4925
f 4921 4923 4922
f 4922 4923 4924
f 4922 4924 4925
f 4924 4926 4925
f 4698 4925 4700
f 4700 4925 4927
f 4700 4927 4714
f 4714 4927 4937
f 4925 4926 4927
f 4926 4928 4927
f 4927 4928 4937
f 4928 4938 4937
f 4923 4929 4924
f 4924 4929 4930
f 4924 4930 4926
f 4926 4930 4931
f 4929 4932 4930
f 4930 4932 4933
f 4930 4933 4931
f 4931 4933 4934
f 4926 4931 4928
f 4928 4931 4935
f 4928 4935 4938
f 4935 4947 4938
f 4931 4934 4935
f 4934 4936 4935
f 4935 4936 4947
f 4936 4950 4947
f 4714 4937 4715
f 4715 4937 4939
f 4715 4939 4716
f 4716 4939 4940
f 4937 4938 4939
f 4938 4941 4939
f 4939 4941 4940
f 4940 4941 4942
f 4716 4940 4719
f 4719 4940 4943
f 4719 4943 4720
f 4720 4943 4945
f 4940 4942 4943
f 4942 4944 4943
f 4943 4944 4945
f 4944 4946 4945
f 4938 4947 4941
f 4941 4947 4948
f 4941 4948 4942
f 4942 4948 4949
f 4947 4950 4948
f 4948 4950 4951
f 4948 4951 4949
f 4949 4951 4952
f 4942 4949 4944
f 4944 4949 4953
f 4944 4953 4946
f 4946 4953 4954
f 4949 4952 4953
f 4952 4955 4953
f 4953 4955 4954
f 4954 4955 4956
f 4932 4957 4933
f 4933 4957 4958
f 4933 4958 4934
f 4934 4958 4959
f 4957 4960 4958
f 4958 4960 4961
f 4958 4961 4959
f 4959 4961 4962
f 4934 4959 4936
f 4936 4959 4963
f 4936 4963 4950
f 4950 4963 4969
f 4959 4962 4963
f 4962 4964 4963
f 4963 4964 4969
f 4964 4972 4969
f 4960 4965 4961
f 4961 4965 4966
f 4961 4966 4962
f 4962 4966 4967
f 4965 6756 4966
f 4966 6756 6757
f 4966 6757 4967
f 4967 6757 6760
f 4962 4967 4964
f 4964 4967 4968
f 4964 4968 4972
f 4968 4979 4972
f 4967 6760 4968
f 4968 6760 6765
f 4968 6765 4979
f 4979 6765 6776
f 4950 4969 4951
f 4951 4969 4970
f 4951 4970 4952
f 4952 4970 4971
f 4969 4972 4970
f 4970 4972 4973
f 4970 4973 4971
f 4971 4973 4974
f 4952 4971 4955
f 4955 4971 4975
f 4955 4975 4956
f 4956 4975 4976
f 4971 4974 4975
f 4974 4977 4975
f 4975 4977 4976
f 4976 4977 4978
f 4972 4979 4973
f 4973 4979 4980
f 4973 4980 4974
f 4974 4980 4981
f 4979 6776 4980
f 4980 6776 6778
f 4980 6778 4981
f 4981 6778 6779
f 4974 4981 4977
f 4977 4981 4982
f 4977 4982 4978
f 4978 4982 4983
f 4981 6779 4982
f 4982 6779 6785
f 4982 6785 4983
f 4983 6785 6787
f 4788 4986 4984
f 4788 4791 4986
f 4984 4987 4985
f 4984 4986 4987
f 4791 4988 4986
f 4791 4792 4988
f 4986 4989 4987
f 4986 4988 4989
f 4985 4992 4990
f 4985 4987 4992
f 4990 4994 4991
f 4990 4992 4994
f 4987 4993 4992
f 4987 4989 4993
f 4992 4995 4994
f 4992 4993 4995
f 4792 4996 4988
f 4792 4799 4996
f 4988 4997 4989
f 4988 4996 4997
f 4799 4998 4996
f 4799 4800 4998
f 4996 4999 4997
f 4996 4998 4999
f 4989 5000 4993
f 4989 4997 5000
f 4993 5002 4995
f 4993 5000 5002
f 4997 5001 5000
f 4997 4999 5001
f 5000 5003 5002
f 5000 5001 5003
f 4991 5006 5004
f 4991 4994 5006
f 5004 5008 5005
f 5004 5006 5008
f 4994 5007 5006
f 4994 4995 5007
f 5006 5009 5008
f 5006 5007 5009
f 5005 5011 5010
f 5005 5008 5011
f 5010 6831 6828
f 5010 5011 6831
f 5008 5012 5011
f 5008 5009 5012
f 5011 6833 6831
f 5011 5012 6833
f 4995 5013 5007
f 4995 5002 5013
f 5007 5015 5009
f 5007 5013 5015
f 5002 5014 5013
f 5002 5003 5014
f 5013 5016 5015
f 5013 5014 5016
f 5009 5017 5012
f 5009 5015 5017
f 5012 6843 6833
f 5012 5017 6843
f 5015 5018 5017
f 5015 5016 5018
f 5017 6845 6843
f 5017 5018 6845
f 4720 4945 4884
f 4884 4945 5019
f 4884 5019 4887
f 4887 5019 5021
f 4945 4946 5019
f 4946 5020 5019
f 5019 5020 5021
f 5020 5022 5021
f 4887 5021 4888
f 4888 5021 5023
f 4888 5023 4909
f 4909 5023 5035
f 5021 5022 5023
f 5022 5024 5023
f 5023 5024 5035
f 5024 5037 5035
f 4946 4954 5020
f 4954 5025 5020
f 5020 5025 5022
f 5022 5025 5027
f 4954 4956 5025
f 4956 5026 5025
f 5025 5026 5027
f 5026 5029 5027
f 5022 5027 5024
f 5024 5027 5028
f 5024 5028 5037
f 5028 5049 5037
f 5027 5029 5028
f 5028 5029 5030
f 5028 5030 5049
f 5030 5051 5049
f 4800 5031 4998
f 4800 4892 5031
f 4998 5032 4999
f 4998 5031 5032
f 4892 5039 5031
f 4892 4913 5039
f 5031 5040 5032
f 5031 5039 5040
f 4999 5033 5001
f 4999 5032 5033
f 5001 5034 5003
f 5001 5033 5034
f 5032 5053 5033
f 5032 5040 5053
f 5033 5055 5034
f 5033 5053 5055
f 4909 5035 4910
f 4910 5035 5036
f 4910 5036 4918
f 4918 5036 5043
f 5035 5037 5036
f 5036 5037 5038
f 5036 5038 5043
f 5038 5044 5043
f 4913 5041 5039
f 4913 4914 5041
f 5039 5042 5040
f 5039 5041 5042
f 4918 5043 4919
f 4919 5043 5045
f 4914 5046 5041
f 4919 5045 4920
f 4914 4920 5046
f 4920 5045 5046
f 5043 5044 5045
f 5044 5047 5045
f 5041 5048 5042
f 5045 5047 5046
f 5041 5046 5048
f 5046 5047 5048
f 5037 5049 5038
f 5038 5049 5050
f 5038 5050 5044
f 5044 5050 5057
f 5049 5051 5050
f 5050 5051 5052
f 5050 5052 5057
f 5052 5060 5057
f 5040 5054 5053
f 5040 5042 5054
f 5053 5056 5055
f 5053 5054 5056
f 5044 5057 5047
f 5047 5057 5058
f 5042 5059 5054
f 5047 5058 5048
f 5042 5048 5059
f 5048 5058 5059
f 5057 5060 5058
f 5058 5060 5061
f 5054 5062 5056
f 5058 5061 5059
f 5054 5059 5062
f 5059 5061 5062
f 4956 4976 5026
f 4976 5063 5026
f 5026 5063 5029
f 5029 5063 5065
f 4976 4978 5063
f 4978 5064 5063
f 5063 5064 5065
f 5064 5067 5065
f 5029 5065 5030
f 5030 5065 5066
f 5030 5066 5051
f 5051 5066 5075
f 5065 5067 5066
f 5066 5067 5068
f 5066 5068 5075
f 5068 5077 5075
f 4978 4983 5064
f 4983 5069 5064
f 5064 5069 5067
f 5067 5069 5070
f 4983 6787 5069
f 5069 6787 6868
f 5069 6868 5070
f 5070 6868 6871
f 5067 5070 5068
f 5068 5070 5071
f 5068 5071 5077
f 5071 5089 5077
f 5070 6871 5071
f 5071 6871 6873
f 5071 6873 5089
f 5089 6873 6888
f 5003 5072 5014
f 5003 5034 5072
f 5014 5073 5016
f 5014 5072 5073
f 5034 5079 5072
f 5034 5055 5079
f 5072 5081 5073
f 5072 5079 5081
f 5016 5074 5018
f 5016 5073 5074
f 5018 6883 6845
f 5018 5074 6883
f 5073 5091 5074
f 5073 5081 5091
f 5074 6894 6883
f 5074 5091 6894
f 5051 5075 5052
f 5052 5075 5076
f 5052 5076 5060
f 5060 5076 5083
f 5075 5077 5076
f 5076 5077 5078
f 5076 5078 5083
f 5078 5086 5083
f 5055 5080 5079
f 5055 5056 5080
f 5079 5082 5081
f 5079 5080 5082
f 5060 5083 5061
f 5061 5083 5084
f 5056 5085 5080
f 5061 5084 5062
f 5056 5062 5085
f 5062 5084 5085
f 5083 5086 5084
f 5084 5086 5087
f 5080 5088 5082
f 5084 5087 5085
f 5080 5085 5088
f 5085 5087 5088
f 5077 5089 5078
f 5078 5089 5090
f 5078 5090 5086
f 5086 5090 5093
f 5089 6888 5090
f 5090 6888 6889
f 5090 6889 5093
f 5093 6889 6900
f 5081 5092 5091
f 5081 5082 5092
f 5091 6896 6894
f 5091 5092 6896
f 5086 5093 5087
f 5087 5093 5094
f 5082 5095 5092
f 5087 5094 5088
f 5082 5088 5095
f 5088 5094 5095
f 5093 6900 5094
f 5094 6900 6902
f 5092 6903 6896
f 5094 6902 5095
f 5092 5095 6903
f 5095 6902 6903
f 5096 5097 5099
f 5097 5100 5099
f 5097 5098 5100
f 5098 5101 5100
f 5099 5100 5106
f 5100 5107 5106
f 5100 5101 5107
f 5101 5108 5107
f 5098 5102 5101
f 5101 5102 5104
f 5102 5103 5104
f 5103 5105 5104
f 5101 5104 5108
f 5104 5112 5108
f 5104 5105 5112
f 5105 5113 5112
f 5106 5107 5109
f 5107 5110 5109
f 5107 5108 5110
f 5108 5111 5110
f 5109 5110 5128
f 5110 5129 5128
f 5110 5111 5129
f 5111 5130 5129
f 5108 5112 5111
f 5111 5112 5114
f 5112 5113 5114
f 5113 5115 5114
f 5111 5114 5130
f 5114 5134 5130
f 5114 5115 5134
f 5115 5135 5134
f 5103 5116 5105
f 5105 5116 5118
f 5116 5117 5118
f 5117 5119 5118
f 5105 5118 5113
f 5113 5118 5122
f 5118 5119 5122
f 5119 5123 5122
f 5117 5120 5119
f 5119 5120 5121
f 5120 5260 5121
f 5121 5260 5263
f 5119 5121 5123
f 5121 5126 5123
f 5121 5263 5126
f 5126 5263 5268
f 5113 5122 5115
f 5115 5122 5124
f 5122 5123 5124
f 5123 5125 5124
f 5115 5124 5135
f 5124 5148 5135
f 5124 5125 5148
f 5125 5149 5148
f 5123 5126 5125
f 5125 5126 5127
f 5126 5268 5127
f 5127 5268 5271
f 5125 5127 5149
f 5127 5152 5149
f 5127 5271 5152
f 5152 5271 5328
f 5128 5129 5131
f 5129 5132 5131
f 5129 5130 5132
f 5130 5133 5132
f 5131 5132 5138
f 5132 5139 5138
f 5132 5133 5139
f 5133 5140 5139
f 5130 5134 5133
f 5133 5134 5136
f 5134 5135 5136
f 5135 5137 5136
f 5133 5136 5140
f 5136 5144 5140
f 5136 5137 5144
f 5137 5145 5144
f 5138 5139 5141
f 5139 5142 5141
f 5139 5140 5142
f 5140 5143 5142
f 5141 5142 5720
f 5142 5721 5720
f 5142 5143 5721
f 5143 5722 5721
f 5140 5144 5143
f 5143 5144 5146
f 5144 5145 5146
f 5145 5147 5146
f 5143 5146 5722
f 5146 5729 5722
f 5146 5147 5729
f 5147 5730 5729
f 5135 5148 5137
f 5137 5148 5150
f 5148 5149 5150
f 5149 5151 5150
f 5137 5150 5145
f 5145 5150 5154
f 5150 5151 5154
f 5151 5155 5154
f 5149 5152 5151
f 5151 5152 5153
f 5152 5328 5153
f 5153 5328 5331
f 5151 5153 5155
f 5153 5158 5155
f 5153 5331 5158
f 5158 5331 5336
f 5145 5154 5147
f 5147 5154 5156
f 5154 5155 5156
f 5155 5157 5156
f 5147 5156 5730
f 5156 5745 5730
f 5156 5157 5745
f 5157 5746 5745
f 5155 5158 5157
f 5157 5158 5159
f 5158 5336 5159
f 5159 5336 5339
f 5157 5159 5746
f 5159 5751 5746
f 5159 5339 5751
f 5339 5934 5751
f 5260 5261 5263
f 5261 5264 5263
f 5261 5262 5264
f 5262 5265 5264
f 5263 5264 5268
f 5264 5269 5268
f 5264 5265 5269
f 5265 5270 5269
f 5262 5266 5265
f 5265 5266 5267
f 5266 5276 5267
f 5267 5276 5278
f 5265 5267 5270
f 5267 5274 5270
f 5267 5278 5274
f 5274 5278 5294
f 5268 5269 5271
f 5269 5272 5271
f 5269 5270 5272
f 5270 5273 5272
f 5271 5272 5328
f 5272 5329 5328
f 5272 5273 5329
f 5273 5330 5329
f 5270 5274 5273
f 5273 5274 5275
f 5274 5294 5275
f 5275 5294 5296
f 5273 5275 5330
f 5275 5334 5330
f 5275 5296 5334
f 5296 5344 5334
f 5276 5277 5278
f 5277 5279 5278
f 5277 5280 5279
f 5279 5280 5285
f 5278 5279 5294
f 5279 5295 5294
f 5279 5285 5295
f 5285 5298 5295
f 5280 5281 5285
f 5281 5286 5285
f 5281 5282 5286
f 5282 5283 5288
f 5282 5287 5286
f 5282 5288 5287
f 5283 5284 5289
f 5283 5289 5288
f 5285 5286 5298
f 5286 5299 5298
f 5286 5287 5299
f 5287 5288 5301
f 5287 5300 5299
f 5287 5301 5300
f 5288 5289 5302
f 5288 5302 5301
f 5284 5290 5292
f 5284 5292 5289
f 5290 5291 5293
f 5290 5293 5292
f 5289 5292 5308
f 5289 5308 5302
f 5292 5293 5309
f 5292 5309 5308
f 5294 5295 5296
f 5295 5297 5296
f 5295 5298 5297
f 5297 5298 5303
f 5296 5297 5344
f 5297 5345 5344
f 5297 5303 5345
f 5303 5348 5345
f 5298 5299 5303
f 5299 5304 5303
f 5299 5300 5304
f 5300 5301 5306
f 5300 5305 5304
f 5300 5306 5305
f 5301 5302 5307
f 5301 5307 5306
f 5303 5304 5348
f 5304 5349 5348
f 5304 5305 5349
f 5305 5306 5351
f 5305 5350 5349
f 5305 5351 5350
f 5306 5307 5352
f 5306 5352 5351
f 5302 5308 5310
f 5302 5310 5307
f 5308 5309 5311
f 5308 5311 5310
f 5307 5310 5358
f 5307 5358 5352
f 5310 5311 5359
f 5310 5359 5358
f 5291 5312 5314
f 5291 5314 5293
f 5312 5313 5315
f 5312 5315 5314
f 5293 5314 5320
f 5293 5320 5309
f 5314 5315 5321
f 5314 5321 5320
f 5313 5316 5318
f 5313 5318 5315
f 5316 5317 5319
f 5316 5319 5318
f 5315 5318 5324
f 5315 5324 5321
f 5318 5319 5325
f 5318 5325 5324
f 5309 5320 5322
f 5309 5322 5311
f 5320 5321 5323
f 5320 5323 5322
f 5311 5322 5380
f 5311 5380 5359
f 5322 5323 5381
f 5322 5381 5380
f 5321 5324 5326
f 5321 5326 5323
f 5324 5325 5327
f 5324 5327 5326
f 5323 5326 5384
f 5323 5384 5381
f 5326 5327 5385
f 5326 5385 5384
f 5328 5329 5331
f 5329 5332 5331
f 5329 5330 5332
f 5330 5333 5332
f 5331 5332 5336
f 5332 5337 5336
f 5332 5333 5337
f 5333 5338 5337
f 5330 5334 5333
f 5333 5334 5335
f 5334 5344 5335
f 5335 5344 5346
f 5333 5335 5338
f 5335 5342 5338
f 5335 5346 5342
f 5342 5346 5362
f 5336 5337 5339
f 5337 5340 5339
f 5337 5338 5340
f 5338 5341 5340
f 5339 5340 5934
f 5340 5935 5934
f 5340 5341 5935
f 5341 5936 5935
f 5338 5342 5341
f 5341 5342 5343
f 5342 5362 5343
f 5343 5362 5364
f 5341 5343 5936
f 5343 5943 5936
f 5343 5364 5943
f 5364 5954 5943
f 5344 5345 5346
f 5345 5347 5346
f 5345 5348 5347
f 5347 5348 5353
f 5346 5347 5362
f 5347 5363 5362
f 5347 5353 5363
f 5353 5366 5363
f 5348 5349 5353
f 5349 5354 5353
f 5349 5350 5354
f 5350 5351 5356
f 5350 5355 5354
f 5350 5356 5355
f 5351 5352 5357
f 5351 5357 5356
f 5353 5354 5366
f 5354 5367 5366
f 5354 5355 5367
f 5355 5356 5369
f 5355 5368 5367
f 5355 5369 5368
f 5356 5357 5370
f 5356 5370 5369
f 5352 5358 5360
f 5352 5360 5357
f 5358 5359 5361
f 5358 5361 5360
f 5357 5360 5376
f 5357 5376 5370
f 5360 5361 5377
f 5360 5377 5376
f 5362 5363 5364
f 5363 5365 5364
f 5363 5366 5365
f 5365 5366 5371
f 5364 5365 5954
f 5365 5955 5954
f 5365 5371 5955
f 5371 5960 5955
f 5366 5367 5371
f 5367 5372 5371
f 5367 5368 5372
f 5368 5369 5374
f 5368 5373 5372
f 5368 5374 5373
f 5369 5370 5375
f 5369 5375 5374
f 5371 5372 5960
f 5372 5961 5960
f 5372 5373 5961
f 5373 5374 5963
f 5373 5962 5961
f 5373 5963 5962
f 5374 5375 5964
f 5374 5964 5963
f 5370 5376 5378
f 5370 5378 5375
f 5376 5377 5379
f 5376 5379 5378
f 5375 5378 5975
f 5375 5975 5964
f 5378 5379 5976
f 5378 5976 5975
f 5359 5380 5382
f 5359 5382 5361
f 5380 5381 5383
f 5380 5383 5382
f 5361 5382 5388
f 5361 5388 5377
f 5382 5383 5389
f 5382 5389 5388
f 5381 5384 5386
f 5381 5386 5383
f 5384 5385 5387
f 5384 5387 5386
f 5383 5386 5392
f 5383 5392 5389
f 5386 5387 5393
f 5386 5393 5392
f 5377 5388 5390
f 5377 5390 5379
f 5388 5389 5391
f 5388 5391 5390
f 5379 5390 5999
f 5379 5999 5976
f 5390 5391 6000
f 5390 6000 5999
f 5389 5392 5394
f 5389 5394 5391
f 5392 5393 5395
f 5392 5395 5394
f 5391 5394 6005
f 5391 6005 6000
f 5394 5395 6006
f 5394 6006 6005
f 2418 5486 5317
f 2418 2577 5486
f 5317 5486 5319
f 5319 5486 5325
f 5325 5490 5327
f 5325 5486 5490
f 5327 5490 5492
f 5327 5587 5385
f 5327 5492 5587
f 6556 6561 2582
f 6561 5516 2582
f 6561 5519 5516
f 6561 5546 5519
f 6561 6564 5546
f 6564 5548 5546
f 6564 5555 5548
f 6589 5557 5555
f 6564 6589 5555
f 5653 5654 5556
f 5653 5556 6589
f 6589 5558 5557
f 6589 5556 5558
f 5385 5587 5590
f 5385 5595 5387
f 5385 5590 5595
f 5595 5590 5592
f 5595 5592 5596
f 5387 5595 5621
f 5387 5621 5393
f 5595 5596 5598
f 5595 5598 5600
f 5595 5600 5621
f 5621 5600 5624
f 5393 5621 5633
f 5393 5633 5395
f 5621 5624 5625
f 5621 5625 5626
f 5621 5626 5627
f 5621 5627 5635
f 5621 5635 5633
f 5395 5633 6257
f 5395 6257 6006
f 5633 5635 6257
f 6257 5635 5637
f 6257 5638 5639
f 6257 5637 5638
f 5653 5658 5654
f 5654 5658 5655
f 5655 5658 5657
f 5653 5661 5658
f 5661 5662 5658
f 5653 6589 6592
f 5653 6592 5661
f 5661 5695 5662
f 5695 5665 5662
f 5661 6592 6597
f 5661 6597 5695
f 5695 5696 5665
f 5695 5698 5696
f 5695 5702 5698
f 5702 5701 5698
f 5695 6597 6600
f 5695 6600 5702
f 6600 5703 5702
f 5703 5714 5713
f 6600 5714 5703
f 6600 5715 5714
f 6600 5718 5715
f 6600 5719 5718
f 6600 6603 5719
f 5720 5721 5723
f 5721 5724 5723
f 5721 5722 5724
f 5722 5727 5724
f 5723 5724 5725
f 5724 5726 5725
f 5724 5727 5726
f 5726 5727 5728
f 5722 5729 5727
f 5727 5729 5731
f 5729 5730 5731
f 5730 5733 5731
f 5727 5731 5728
f 5728 5731 5732
f 5731 5733 5732
f 5732 5733 5734
f 5725 5726 5735
f 5726 5736 5735
f 5726 5728 5736
f 5728 5739 5736
f 5735 5736 5737
f 5736 5738 5737
f 5736 5739 5738
f 5738 5739 5740
f 5728 5732 5739
f 5732 5741 5739
f 5732 5734 5741
f 5734 5743 5741
f 5739 5741 5740
f 5740 5741 5742
f 5741 5743 5742
f 5742 5743 5744
f 5730 5745 5733
f 5733 5745 5747
f 5745 5746 5747
f 5746 5749 5747
f 5733 5747 5734
f 5734 5747 5748
f 5747 5749 5748
f 5748 5749 5750
f 5746 5751 5749
f 5749 5751 5752
f 5751 5934 5752
f 5752 5934 5937
f 5749 5752 5750
f 5750 5752 5753
f 5752 5937 5753
f 5753 5937 5939
f 5734 5748 5743
f 5743 5748 5754
f 5748 5750 5754
f 5750 5756 5754
f 5743 5754 5744
f 5744 5754 5755
f 5754 5756 5755
f 5755 5756 5757
f 5750 5753 5756
f 5753 5758 5756
f 5753 5939 5758
f 5758 5939 5946
f 5756 5758 5757
f 5757 5758 5759
f 5758 5946 5759
f 5759 5946 5948
f 5737 5738 5760
f 5738 5761 5760
f 5738 5740 5761
f 5740 5762 5761
f 5760 5761 5765
f 5761 5766 5765
f 5761 5762 5766
f 5762 5769 5766
f 5740 5742 5762
f 5742 5763 5762
f 5742 5744 5763
f 5744 5764 5763
f 5762 5763 5769
f 5763 5786 5769
f 5763 5764 5786
f 5764 5788 5786
f 5765 5766 5767
f 5766 5768 5767
f 5766 5769 5768
f 5768 5769 5770
f 5767 5768 5771
f 5771 5773 5772
f 5768 5773 5771
f 5772 5773 5774
f 5772 5774 5775
f 5774 5776 5775
f 5768 5770 5773
f 5773 5777 5774
f 5770 5777 5773
f 5774 5777 5778
f 5774 5778 5776
f 5776 5778 5779
f 5775 5776 5780
f 5776 5781 5780
f 5780 5781 5782
f 5781 5783 5782
f 5776 5779 5781
f 5779 5784 5781
f 5781 5784 5783
f 5783 5784 5785
f 5769 5786 5770
f 5770 5786 5787
f 5786 5788 5787
f 5787 5788 5789
f 5770 5787 5777
f 5777 5790 5778
f 5777 5787 5790
f 5778 5790 5791
f 5778 5791 5779
f 5779 5791 5792
f 5787 5789 5790
f 5790 5793 5791
f 5789 5793 5790
f 5791 5793 5794
f 5791 5794 5792
f 5792 5794 5795
f 5779 5792 5784
f 5784 5792 5796
f 5784 5796 5785
f 5785 5796 5797
f 5792 5795 5796
f 5795 5798 5796
f 5796 5798 5797
f 5797 5798 5799
f 5782 5783 5800
f 5783 5801 5800
f 5800 5801 5802
f 5801 5803 5802
f 5783 5785 5801
f 5785 5804 5801
f 5801 5804 5803
f 5803 5804 5805
f 5802 5803 5806
f 5803 5807 5806
f 5806 5807 5808
f 5807 5809 5808
f 5803 5805 5807
f 5805 5810 5807
f 5807 5810 5809
f 5809 5810 5811
f 5785 5797 5804
f 5797 5812 5804
f 5804 5812 5805
f 5805 5812 5813
f 5797 5799 5812
f 5799 5814 5812
f 5812 5814 5813
f 5813 5814 5815
f 5805 5813 5810
f 5810 5813 5816
f 5810 5816 5811
f 5811 5816 5817
f 5813 5815 5816
f 5815 5818 5816
f 5816 5818 5817
f 5817 5818 5819
f 5744 5755 5764
f 5755 5820 5764
f 5755 5757 5820
f 5757 5821 5820
f 5764 5820 5788
f 5788 5820 5823
f 5820 5821 5823
f 5821 5825 5823
f 5757 5759 5821
f 5759 5822 5821
f 5759 5948 5822
f 5822 5948 6019
f 5821 5822 5825
f 5822 5837 5825
f 5822 6019 5837
f 5837 6019 6023
f 5788 5823 5789
f 5789 5823 5824
f 5823 5825 5824
f 5824 5825 5826
f 5789 5824 5793
f 5793 5827 5794
f 5793 5824 5827
f 5794 5827 5828
f 5794 5828 5795
f 5795 5828 5829
f 5824 5826 5827
f 5827 5830 5828
f 5826 5830 5827
f 5828 5830 5831
f 5828 5831 5829
f 5829 5831 5832
f 5795 5829 5798
f 5798 5829 5833
f 5798 5833 5799
f 5799 5833 5834
f 5829 5832 5833
f 5832 5835 5833
f 5833 5835 5834
f 5834 5835 5836
f 5825 5837 5826
f 5826 5837 5838
f 5837 6023 5838
f 5838 6023 6025
f 5826 5838 5830
f 5830 5839 5831
f 5830 5838 5839
f 5831 5839 5840
f 5831 5840 5832
f 5832 5840 5841
f 5838 6025 5839
f 5839 6029 5840
f 5839 6025 6029
f 5840 6029 6030
f 5840 6030 5841
f 5841 6030 6033
f 5832 5841 5835
f 5835 5841 5842
f 5835 5842 5836
f 5836 5842 5843
f 5841 6033 5842
f 5842 6033 6038
f 5842 6038 5843
f 5843 6038 6040
f 5799 5834 5814
f 5814 5834 5844
f 5814 5844 5815
f 5815 5844 5845
f 5834 5836 5844
f 5836 5846 5844
f 5844 5846 5845
f 5845 5846 5847
f 5815 5845 5818
f 5818 5845 5848
f 5818 5848 5819
f 5819 5848 5849
f 5845 5847 5848
f 5847 5850 5848
f 5848 5850 5849
f 5849 5850 5851
f 5836 5843 5846
f 5843 5852 5846
f 5846 5852 5847
f 5847 5852 5853
f 5843 6040 5852
f 5852 6040 6051
f 5852 6051 5853
f 5853 6051 6053
f 5847 5853 5850
f 5850 5853 5854
f 5850 5854 5851
f 5851 5854 5855
f 5853 6053 5854
f 5854 6053 6057
f 5854 6057 5855
f 5855 6057 6059
f 5808 5809 5878
f 5809 5879 5878
f 5878 5879 5880
f 5879 5881 5880
f 5809 5811 5879
f 5811 5882 5879
f 5879 5882 5881
f 5881 5882 5883
f 5880 5881 5884
f 5881 5885 5884
f 5884 5885 5886
f 5885 5887 5886
f 5881 5883 5885
f 5883 5888 5885
f 5885 5888 5887
f 5887 5888 5889
f 5811 5817 5882
f 5817 5890 5882
f 5882 5890 5883
f 5883 5890 5891
f 5817 5819 5890
f 5819 5892 5890
f 5890 5892 5891
f 5891 5892 5893
f 5883 5891 5888
f 5888 5891 5894
f 5888 5894 5889
f 5889 5894 5895
f 5891 5893 5894
f 5893 5896 5894
f 5894 5896 5895
f 5895 5896 5897
f 5886 5887 5898
f 5887 5899 5898
f 5898 5899 5900
f 5899 5901 5900
f 5887 5889 5899
f 5889 5902 5899
f 5899 5902 5901
f 5901 5902 5903
f 5900 5901 5904
f 5901 5905 5904
f 5904 5905 6756
f 5905 6758 6756
f 5901 5903 5905
f 5903 5906 5905
f 5905 5906 6758
f 5906 6762 6758
f 5889 5895 5902
f 5895 5907 5902
f 5902 5907 5903
f 5903 5907 5908
f 5895 5897 5907
f 5897 5909 5907
f 5907 5909 5908
f 5908 5909 5910
f 5903 5908 5906
f 5906 5908 5911
f 5906 5911 6762
f 5911 6768 6762
f 5908 5910 5911
f 5910 5912 5911
f 5911 5912 6768
f 5912 6771 6768
f 5819 5849 5892
f 5849 5913 5892
f 5892 5913 5893
f 5893 5913 5914
f 5849 5851 5913
f 5851 5915 5913
f 5913 5915 5914
f 5914 5915 5916
f 5893 5914 5896
f 5896 5914 5917
f 5896 5917 5897
f 5897 5917 5918
f 5914 5916 5917
f 5916 5919 5917
f 5917 5919 5918
f 5918 5919 5920
f 5851 5855 5915
f 5855 5921 5915
f 5915 5921 5916
f 5916 5921 5922
f 5855 6059 5921
f 5921 6059 6405
f 5921 6405 5922
f 5922 6405 6407
f 5916 5922 5919
f 5919 5922 5923
f 5919 5923 5920
f 5920 5923 5924
f 5922 6407 5923
f 5923 6407 6411
f 5923 6411 5924
f 5924 6411 6413
f 5897 5918 5909
f 5909 5918 5925
f 5909 5925 5910
f 5910 5925 5926
f 5918 5920 5925
f 5920 5927 5925
f 5925 5927 5926
f 5926 5927 5928
f 5910 5926 5912
f 5912 5926 5929
f 5912 5929 6771
f 5929 6801 6771
f 5926 5928 5929
f 5928 5930 5929
f 5929 5930 6801
f 5930 6804 6801
f 5920 5924 5927
f 5924 5931 5927
f 5927 5931 5928
f 5928 5931 5932
f 5924 6413 5931
f 5931 6413 6421
f 5931 6421 5932
f 5932 6421 6423
f 5928 5932 5930
f 5930 5932 5933
f 5930 5933 6804
f 5933 6809 6804
f 5932 6423 5933
f 5933 6423 6427
f 5933 6427 6809
f 6427 7115 6809
f 5934 5935 5937
f 5935 5938 5937
f 5935 5936 5938
f 5936 5941 5938
f 5937 5938 5939
f 5938 5940 5939
f 5938 5941 5940
f 5940 5941 5942
f 5936 5943 5941
f 5941 5943 5944
f 5943 5954 5944
f 5944 5954 5956
f 5941 5944 5942
f 5942 5944 5945
f 5944 5956 5945
f 5945 5956 5958
f 5939 5940 5946
f 5940 5947 5946
f 5940 5942 5947
f 5942 5950 5947
f 5946 5947 5948
f 5947 5949 5948
f 5947 5950 5949
f 5949 5950 5951
f 5942 5945 5950
f 5945 5952 5950
f 5945 5958 5952
f 5952 5958 5981
f 5950 5952 5951
f 5951 5952 5953
f 5952 5981 5953
f 5953 5981 5983
f 5954 5955 5956
f 5955 5957 5956
f 5955 5960 5957
f 5957 5960 5965
f 5956 5957 5958
f 5957 5959 5958
f 5957 5965 5959
f 5959 5965 5966
f 5960 5961 5965
f 5961 5967 5965
f 5961 5962 5967
f 5962 5963 5969
f 5962 5968 5967
f 5962 5969 5968
f 5963 5964 5973
f 5963 5973 5969
f 5965 5967 5966
f 5966 5967 5970
f 5967 5968 5970
f 5968 5969 5972
f 5968 5971 5970
f 5968 5972 5971
f 5969 5973 5974
f 5969 5974 5972
f 5964 5975 5977
f 5964 5977 5973
f 5975 5976 5979
f 5975 5979 5977
f 5973 5977 5978
f 5973 5978 5974
f 5977 5979 5980
f 5977 5980 5978
f 5958 5959 5981
f 5959 5982 5981
f 5959 5966 5982
f 5966 5985 5982
f 5981 5982 5983
f 5982 5984 5983
f 5982 5985 5984
f 5984 5985 5986
f 5966 5970 5985
f 5970 5987 5985
f 5970 5971 5987
f 5971 5972 5989
f 5971 5988 5987
f 5971 5989 5988
f 5972 5974 5993
f 5972 5993 5989
f 5985 5987 5986
f 5986 5987 5990
f 5987 5988 5990
f 5988 5989 5992
f 5988 5991 5990
f 5988 5992 5991
f 5989 5993 5994
f 5989 5994 5992
f 5974 5978 5995
f 5974 5995 5993
f 5978 5980 5997
f 5978 5997 5995
f 5993 5995 5996
f 5993 5996 5994
f 5995 5997 5998
f 5995 5998 5996
f 5976 5999 6001
f 5976 6001 5979
f 5999 6000 6003
f 5999 6003 6001
f 5979 6001 6002
f 5979 6002 5980
f 6001 6003 6004
f 6001 6004 6002
f 6000 6005 6007
f 6000 6007 6003
f 6005 6006 6009
f 6005 6009 6007
f 6003 6007 6008
f 6003 6008 6004
f 6007 6009 6010
f 6007 6010 6008
f 5980 6002 6011
f 5980 6011 5997
f 6002 6004 6013
f 6002 6013 6011
f 5997 6011 6012
f 5997 6012 5998
f 6011 6013 6014
f 6011 6014 6012
f 6004 6008 6015
f 6004 6015 6013
f 6008 6010 6017
f 6008 6017 6015
f 6013 6015 6016
f 6013 6016 6014
f 6015 6017 6018
f 6015 6018 6016
f 5948 5949 6019
f 5949 6020 6019
f 5949 5951 6020
f 5951 6021 6020
f 6019 6020 6023
f 6020 6024 6023
f 6020 6021 6024
f 6021 6027 6024
f 5951 5953 6021
f 5953 6022 6021
f 5953 5983 6022
f 5983 6067 6022
f 6021 6022 6027
f 6022 6044 6027
f 6022 6067 6044
f 6044 6067 6076
f 6023 6024 6025
f 6024 6026 6025
f 6024 6027 6026
f 6026 6027 6028
f 6025 6026 6029
f 6029 6031 6030
f 6026 6031 6029
f 6030 6031 6032
f 6030 6032 6033
f 6032 6034 6033
f 6026 6028 6031
f 6031 6035 6032
f 6028 6035 6031
f 6032 6035 6036
f 6032 6036 6034
f 6034 6036 6037
f 6033 6034 6038
f 6034 6039 6038
f 6038 6039 6040
f 6039 6041 6040
f 6034 6037 6039
f 6037 6042 6039
f 6039 6042 6041
f 6041 6042 6043
f 6027 6044 6028
f 6028 6044 6045
f 6044 6076 6045
f 6045 6076 6078
f 6028 6045 6035
f 6035 6046 6036
f 6035 6045 6046
f 6036 6046 6047
f 6036 6047 6037
f 6037 6047 6048
f 6045 6078 6046
f 6046 6080 6047
f 6046 6078 6080
f 6047 6080 6081
f 6047 6081 6048
f 6048 6081 6084
f 6037 6048 6042
f 6042 6048 6049
f 6042 6049 6043
f 6043 6049 6050
f 6048 6084 6049
f 6049 6084 6086
f 6049 6086 6050
f 6050 6086 6088
f 6040 6041 6051
f 6041 6052 6051
f 6051 6052 6053
f 6052 6054 6053
f 6041 6043 6052
f 6043 6055 6052
f 6052 6055 6054
f 6054 6055 6056
f 6053 6054 6057
f 6054 6058 6057
f 6057 6058 6059
f 6058 6060 6059
f 6054 6056 6058
f 6056 6061 6058
f 6058 6061 6060
f 6060 6061 6062
f 6043 6050 6055
f 6050 6063 6055
f 6055 6063 6056
f 6056 6063 6064
f 6050 6088 6063
f 6063 6088 6123
f 6063 6123 6064
f 6064 6123 6125
f 6056 6064 6061
f 6061 6064 6065
f 6061 6065 6062
f 6062 6065 6066
f 6064 6125 6065
f 6065 6125 6127
f 6065 6127 6066
f 6066 6127 6129
f 5983 5984 6067
f 5984 6068 6067
f 5984 5986 6068
f 5986 6069 6068
f 6067 6068 6076
f 6068 6077 6076
f 6068 6069 6077
f 6069 6090 6077
f 5986 5990 6069
f 5990 6070 6069
f 5990 5991 6070
f 5991 5992 6072
f 5991 6071 6070
f 5991 6072 6071
f 5992 5994 6073
f 5992 6073 6072
f 6069 6070 6090
f 6070 6092 6090
f 6070 6071 6092
f 6071 6072 6094
f 6071 6093 6092
f 6071 6094 6093
f 6072 6073 6098
f 6072 6098 6094
f 5994 5996 6074
f 5994 6074 6073
f 5996 5998 6075
f 5996 6075 6074
f 6073 6074 6109
f 6073 6109 6098
f 6074 6075 6111
f 6074 6111 6109
f 6076 6077 6078
f 6077 6079 6078
f 6077 6090 6079
f 6079 6090 6091
f 6078 6079 6080
f 6080 6082 6081
f 6079 6082 6080
f 6081 6082 6083
f 6081 6083 6084
f 6083 6085 6084
f 6079 6091 6082
f 6082 6100 6083
f 6082 6091 6100
f 6083 6100 6101
f 6083 6101 6085
f 6085 6101 6102
f 6084 6085 6086
f 6085 6087 6086
f 6086 6087 6088
f 6087 6089 6088
f 6085 6102 6087
f 6087 6102 6113
f 6087 6113 6089
f 6089 6113 6114
f 6090 6092 6091
f 6091 6092 6095
f 6092 6093 6095
f 6093 6094 6097
f 6093 6096 6095
f 6093 6097 6096
f 6094 6098 6099
f 6094 6099 6097
f 6091 6095 6100
f 6100 6103 6101
f 6095 6103 6100
f 6101 6103 6104
f 6101 6104 6102
f 6102 6104 6107
f 6095 6096 6103
f 6096 6097 6106
f 6103 6105 6104
f 6096 6105 6103
f 6096 6106 6105
f 6104 6105 6106
f 6097 6099 6108
f 6104 6106 6107
f 6097 6108 6106
f 6106 6108 6107
f 6098 6109 6110
f 6098 6110 6099
f 6109 6111 6112
f 6109 6112 6110
f 6102 6107 6113
f 6107 6115 6113
f 6113 6115 6114
f 6114 6115 6117
f 6099 6110 6116
f 6107 6108 6115
f 6099 6116 6108
f 6108 6116 6115
f 6110 6112 6118
f 6115 6116 6117
f 6110 6118 6116
f 6116 6118 6117
f 5998 6012 6119
f 5998 6119 6075
f 6012 6014 6120
f 6012 6120 6119
f 6075 6119 6131
f 6075 6131 6111
f 6119 6120 6133
f 6119 6133 6131
f 6014 6016 6121
f 6014 6121 6120
f 6016 6018 6122
f 6016 6122 6121
f 6120 6121 6141
f 6120 6141 6133
f 6121 6122 6143
f 6121 6143 6141
f 6088 6089 6123
f 6089 6124 6123
f 6123 6124 6125
f 6124 6126 6125
f 6089 6114 6124
f 6114 6135 6124
f 6124 6135 6126
f 6126 6135 6136
f 6125 6126 6127
f 6126 6128 6127
f 6127 6128 6129
f 6128 6130 6129
f 6126 6136 6128
f 6128 6136 6145
f 6128 6145 6130
f 6130 6145 6146
f 6111 6131 6132
f 6111 6132 6112
f 6131 6133 6134
f 6131 6134 6132
f 6114 6117 6135
f 6117 6137 6135
f 6135 6137 6136
f 6136 6137 6139
f 6112 6132 6138
f 6117 6118 6137
f 6112 6138 6118
f 6118 6138 6137
f 6132 6134 6140
f 6137 6138 6139
f 6132 6140 6138
f 6138 6140 6139
f 6133 6141 6142
f 6133 6142 6134
f 6141 6143 6144
f 6141 6144 6142
f 6136 6139 6145
f 6139 6147 6145
f 6145 6147 6146
f 6146 6147 6149
f 6134 6142 6148
f 6139 6140 6147
f 6134 6148 6140
f 6140 6148 6147
f 6142 6144 6150
f 6147 6148 6149
f 6142 6150 6148
f 6148 6150 6149
f 6006 6257 6262
f 6006 6262 6009
f 6257 5639 6260
f 6257 6260 6264
f 6257 6264 6262
f 6009 6262 6263
f 6009 6263 6010
f 6262 6264 6267
f 6262 6267 6263
f 6010 6263 6293
f 6010 6293 6017
f 6263 6267 6288
f 6263 6288 6291
f 6263 6291 6292
f 6263 6292 6293
f 6293 6292 6298
f 6017 6293 6294
f 6017 6294 6018
f 6293 6298 6299
f 6293 6299 6300
f 6293 6300 6301
f 6293 6301 6294
f 6301 6300 6312
f 6301 6312 6313
f 6301 6313 6315
f 6301 6315 6316
f 6319 6316 6318
f 6319 6318 6321
f 6301 6316 6319
f 6319 6321 6322
f 6319 6322 6323
f 6319 6323 6324
f 6324 6323 6374
f 6324 6374 6376
f 6376 6374 6375
f 6376 6375 6379
f 6376 6379 6381
f 6381 6379 6380
f 6381 6380 6394
f 6381 6394 6399
f 6399 6394 6395
f 6399 6395 6397
f 6399 6397 6402
f 6399 6402 7009
f 7009 6402 6404
f 7009 6404 7007
f 6059 6060 6405
f 6060 6406 6405
f 6405 6406 6407
f 6406 6408 6407
f 6060 6062 6406
f 6062 6409 6406
f 6406 6409 6408
f 6408 6409 6410
f 6407 6408 6411
f 6408 6412 6411
f 6411 6412 6413
f 6412 6414 6413
f 6408 6410 6412
f 6410 6415 6412
f 6412 6415 6414
f 6414 6415 6416
f 6062 6066 6409
f 6066 6417 6409
f 6409 6417 6410
f 6410 6417 6418
f 6066 6129 6417
f 6129 6437 6417
f 6417 6437 6418
f 6418 6437 6439
f 6410 6418 6415
f 6415 6418 6419
f 6415 6419 6416
f 6416 6419 6420
f 6418 6439 6419
f 6419 6439 6441
f 6419 6441 6420
f 6420 6441 6443
f 6413 6414 6421
f 6414 6422 6421
f 6421 6422 6423
f 6422 6424 6423
f 6414 6416 6422
f 6416 6425 6422
f 6422 6425 6424
f 6424 6425 6426
f 6423 6424 6427
f 6424 6428 6427
f 6427 6428 7115
f 6428 7117 7115
f 6424 6426 6428
f 6426 6429 6428
f 6428 6429 7117
f 6429 7121 7117
f 6416 6420 6425
f 6420 6430 6425
f 6425 6430 6426
f 6426 6430 6431
f 6420 6443 6430
f 6430 6443 6468
f 6430 6468 6431
f 6431 6468 6470
f 6426 6431 6429
f 6429 6431 6432
f 6429 6432 7121
f 6432 7127 7121
f 6431 6470 6432
f 6432 6470 6472
f 6432 6472 7127
f 6472 7155 7127
f 6018 6294 6433
f 6018 6433 6122
f 6294 6301 6434
f 6294 6434 6433
f 6122 6433 6445
f 6122 6445 6143
f 6433 6434 6447
f 6433 6447 6445
f 6301 6319 6435
f 6301 6435 6434
f 6319 6324 6436
f 6319 6436 6435
f 6434 6435 6455
f 6434 6455 6447
f 6435 6436 6457
f 6435 6457 6455
f 6129 6130 6437
f 6130 6438 6437
f 6437 6438 6439
f 6438 6440 6439
f 6130 6146 6438
f 6146 6449 6438
f 6438 6449 6440
f 6440 6449 6450
f 6439 6440 6441
f 6440 6442 6441
f 6441 6442 6443
f 6442 6444 6443
f 6440 6450 6442
f 6442 6450 6459
f 6442 6459 6444
f 6444 6459 6460
f 6143 6445 6446
f 6143 6446 6144
f 6445 6447 6448
f 6445 6448 6446
f 6146 6149 6449
f 6149 6451 6449
f 6449 6451 6450
f 6450 6451 6453
f 6144 6446 6452
f 6149 6150 6451
f 6144 6452 6150
f 6150 6452 6451
f 6446 6448 6454
f 6451 6452 6453
f 6446 6454 6452
f 6452 6454 6453
f 6447 6455 6456
f 6447 6456 6448
f 6455 6457 6458
f 6455 6458 6456
f 6450 6453 6459
f 6453 6461 6459
f 6459 6461 6460
f 6460 6461 6463
f 6448 6456 6462
f 6453 6454 6461
f 6448 6462 6454
f 6454 6462 6461
f 6456 6458 6464
f 6461 6462 6463
f 6456 6464 6462
f 6462 6464 6463
f 6324 6376 6465
f 6324 6465 6436
f 6376 6381 6466
f 6376 6466 6465
f 6436 6465 6474
f 6436 6474 6457
f 6465 6466 6476
f 6465 6476 6474
f 6381 6399 6467
f 6381 6467 6466
f 6399 7009 7151
f 6399 7151 6467
f 6466 6467 6484
f 6466 6484 6476
f 6467 7151 7163
f 6467 7163 6484
f 6443 6444 6468
f 6444 6469 6468
f 6468 6469 6470
f 6469 6471 6470
f 6444 6460 6469
f 6460 6478 6469
f 6469 6478 6471
f 6471 6478 6479
f 6470 6471 6472
f 6471 6473 6472
f 6472 6473 7155
f 6473 7157 7155
f 6471 6479 6473
f 6473 6479 6486
f 6473 6486 7157
f 6486 7169 7157
f 6457 6474 6475
f 6457 6475 6458
f 6474 6476 6477
f 6474 6477 6475
f 6460 6463 6478
f 6463 6480 6478
f 6478 6480 6479
f 6479 6480 6482
f 6458 6475 6481
f 6463 6464 6480
f 6458 6481 6464
f 6464 6481 6480
f 6475 6477 6483
f 6480 6481 6482
f 6475 6483 6481
f 6481 6483 6482
f 6476 6484 6485
f 6476 6485 6477
f 6484 7163 7165
f 6484 7165 6485
f 6479 6482 6486
f 6482 6487 6486
f 6486 6487 7169
f 6487 7172 7169
f 6477 6485 6488
f 6482 6483 6487
f 6477 6488 6483
f 6483 6488 6487
f 6485 7165 7174
f 6487 6488 7172
f 6485 7174 6488
f 6488 7174 7172
f 6489 6493 6490
f 6489 6492 6493
f 6490 6494 6491
f 6490 6493 6494
f 6492 6500 6493
f 6492 6499 6500
f 6493 6501 6494
f 6493 6500 6501
f 6491 6497 6495
f 6491 6494 6497
f 6495 6498 6496
f 6495 6497 6498
f 6494 6505 6497
f 6494 6501 6505
f 6497 6506 6498
f 6497 6505 6506
f 6499 6503 6500
f 6499 6502 6503
f 6500 6504 6501
f 6500 6503 6504
f 6502 6522 6503
f 6502 6521 6522
f 6503 6523 6504
f 6503 6522 6523
f 6501 6507 6505
f 6501 6504 6507
f 6505 6508 6506
f 6505 6507 6508
f 6504 6527 6507
f 6504 6523 6527
f 6507 6528 6508
f 6507 6527 6528
f 6496 6511 6509
f 6496 6498 6511
f 6509 6512 6510
f 6509 6511 6512
f 6498 6515 6511
f 6498 6506 6515
f 6511 6516 6512
f 6511 6515 6516
f 6510 6514 6513
f 6510 6512 6514
f 6513 6631 6628
f 6513 6514 6631
f 6512 6519 6514
f 6512 6516 6519
f 6514 6636 6631
f 6514 6519 6636
f 6506 6517 6515
f 6506 6508 6517
f 6515 6518 6516
f 6515 6517 6518
f 6508 6541 6517
f 6508 6528 6541
f 6517 6542 6518
f 6517 6541 6542
f 6516 6520 6519
f 6516 6518 6520
f 6519 6639 6636
f 6519 6520 6639
f 6518 6545 6520
f 6518 6542 6545
f 6520 6692 6639
f 6520 6545 6692
f 6521 6525 6522
f 6521 6524 6525
f 6522 6526 6523
f 6522 6525 6526
f 6524 6532 6525
f 6524 6531 6532
f 6525 6533 6526
f 6525 6532 6533
f 6523 6529 6527
f 6523 6526 6529
f 6527 6530 6528
f 6527 6529 6530
f 6526 6537 6529
f 6526 6533 6537
f 6529 6538 6530
f 6529 6537 6538
f 6531 6535 6532
f 6531 6534 6535
f 6532 6536 6533
f 6532 6535 6536
f 6534 6829 6535
f 6534 6828 6829
f 6535 6830 6536
f 6535 6829 6830
f 6533 6539 6537
f 6533 6536 6539
f 6537 6540 6538
f 6537 6539 6540
f 6536 6837 6539
f 6536 6830 6837
f 6539 6838 6540
f 6539 6837 6838
f 6528 6543 6541
f 6528 6530 6543
f 6541 6544 6542
f 6541 6543 6544
f 6530 6547 6543
f 6530 6538 6547
f 6543 6548 6544
f 6543 6547 6548
f 6542 6546 6545
f 6542 6544 6546
f 6545 6695 6692
f 6545 6546 6695
f 6544 6551 6546
f 6544 6548 6551
f 6546 6700 6695
f 6546 6551 6700
f 6538 6549 6547
f 6538 6540 6549
f 6547 6550 6548
f 6547 6549 6550
f 6540 6853 6549
f 6540 6838 6853
f 6549 6854 6550
f 6549 6853 6854
f 6548 6552 6551
f 6548 6550 6552
f 6551 6703 6700
f 6551 6552 6703
f 6550 6859 6552
f 6550 6854 6859
f 6552 7223 6703
f 6552 6859 7223
f 6553 6554 6557
f 6553 6557 6556
f 6554 6555 6558
f 6554 6558 6557
f 6556 6557 6562
f 6556 6562 6561
f 6557 6558 6563
f 6557 6563 6562
f 6555 6559 6560
f 6555 6560 6558
f 6559 6569 6572
f 6559 6572 6560
f 6558 6560 6567
f 6558 6567 6563
f 6560 6572 6579
f 6560 6579 6567
f 6561 6562 6565
f 6561 6565 6564
f 6562 6563 6566
f 6562 6566 6565
f 6564 6565 6590
f 6564 6590 6589
f 6565 6566 6591
f 6565 6591 6590
f 6563 6567 6568
f 6563 6568 6566
f 6567 6579 6582
f 6567 6582 6568
f 6566 6568 6595
f 6566 6595 6591
f 6568 6582 6608
f 6568 6608 6595
f 6569 6570 6573
f 6569 6573 6572
f 6570 6571 6574
f 6570 6574 6573
f 6572 6573 6580
f 6572 6580 6579
f 6573 6574 6581
f 6573 6581 6580
f 6571 6575 6577
f 6571 6577 6574
f 6575 6576 6578
f 6575 6578 6577
f 6574 6577 6585
f 6574 6585 6581
f 6577 6578 6586
f 6577 6586 6585
f 6579 6580 6583
f 6579 6583 6582
f 6580 6581 6584
f 6580 6584 6583
f 6582 6583 6609
f 6582 6609 6608
f 6583 6584 6610
f 6583 6610 6609
f 6581 6585 6587
f 6581 6587 6584
f 6585 6586 6588
f 6585 6588 6587
f 6584 6587 6614
f 6584 6614 6610
f 6587 6588 6615
f 6587 6615 6614
f 6589 6590 6593
f 6589 6593 6592
f 6590 6591 6594
f 6590 6594 6593
f 6592 6593 6598
f 6592 6598 6597
f 6593 6594 6599
f 6593 6599 6598
f 6591 6595 6596
f 6591 6596 6594
f 6595 6608 6611
f 6595 6611 6596
f 6594 6596 6606
f 6594 6606 6599
f 6596 6611 6618
f 6596 6618 6606
f 6597 6598 6601
f 6597 6601 6600
f 6598 6599 6605
f 6598 6605 6601
f 6600 6601 6961
f 6600 6604 6603
f 6600 6961 6604
f 6961 6959 6604
f 6601 6605 6970
f 6601 6970 6961
f 6599 6606 6607
f 6599 6607 6605
f 6606 6618 6621
f 6606 6621 6607
f 6605 6607 6985
f 6605 6985 6970
f 6607 6621 7030
f 6607 7030 6985
f 6608 6609 6612
f 6608 6612 6611
f 6609 6610 6613
f 6609 6613 6612
f 6611 6612 6619
f 6611 6619 6618
f 6612 6613 6620
f 6612 6620 6619
f 6610 6614 6616
f 6610 6616 6613
f 6614 6615 6617
f 6614 6617 6616
f 6613 6616 6624
f 6613 6624 6620
f 6616 6617 6625
f 6616 6625 6624
f 6618 6619 6622
f 6618 6622 6621
f 6619 6620 6623
f 6619 6623 6622
f 6621 6622 7031
f 6621 7031 7030
f 6622 6623 7032
f 6622 7032 7031
f 6620 6624 6626
f 6620 6626 6623
f 6624 6625 6627
f 6624 6627 6626
f 6623 6626 7052
f 6623 7052 7032
f 6626 6627 7053
f 6626 7053 7052
f 6628 6632 6629
f 6628 6631 6632
f 6629 6633 6630
f 6629 6632 6633
f 6631 6637 6632
f 6631 6636 6637
f 6632 6638 6633
f 6632 6637 6638
f 6630 6635 6634
f 6630 6633 6635
f 6634 6658 6656
f 6634 6635 6658
f 6633 6642 6635
f 6633 6638 6642
f 6635 6674 6658
f 6635 6642 6674
f 6636 6640 6637
f 6636 6639 6640
f 6637 6641 6638
f 6637 6640 6641
f 6639 6693 6640
f 6639 6692 6693
f 6640 6694 6641
f 6640 6693 6694
f 6638 6643 6642
f 6638 6641 6643
f 6642 6676 6674
f 6642 6643 6676
f 6641 6698 6643
f 6641 6694 6698
f 6643 6720 6676
f 6643 6698 6720
f 6576 6644 6645
f 6576 6645 6578
f 6644 6646 6648
f 6644 6648 6645
f 6578 6645 6650
f 6578 6650 6586
f 6645 6648 6652
f 6645 6652 6650
f 6646 6647 6649
f 6646 6649 6648
f 6647 6660 6662
f 6647 6662 6649
f 6648 6649 6653
f 6648 6653 6652
f 6649 6662 6678
f 6649 6678 6653
f 6586 6650 6651
f 6586 6651 6588
f 6650 6652 6654
f 6650 6654 6651
f 6588 6651 6708
f 6588 6708 6615
f 6651 6654 6710
f 6651 6710 6708
f 6652 6653 6655
f 6652 6655 6654
f 6653 6678 6680
f 6653 6680 6655
f 6654 6655 6711
f 6654 6711 6710
f 6655 6680 6724
f 6655 6724 6711
f 6656 6659 6657
f 6656 6658 6659
f 6657 6669 6664
f 6657 6659 6669
f 6658 6675 6659
f 6658 6674 6675
f 6659 6682 6669
f 6659 6675 6682
f 6660 6661 6663
f 6660 6663 6662
f 6661 6665 6670
f 6661 6670 6663
f 6662 6663 6679
f 6662 6679 6678
f 6663 6670 6683
f 6663 6683 6679
f 6664 6671 6666
f 6664 6669 6671
f 6665 6667 6672
f 6665 6672 6670
f 6666 6673 6668
f 6667 6668 6673
f 6666 6671 6673
f 6667 6673 6672
f 6669 6684 6671
f 6669 6682 6684
f 6670 6672 6685
f 6670 6685 6683
f 6671 6686 6673
f 6672 6673 6686
f 6671 6684 6686
f 6672 6686 6685
f 6674 6677 6675
f 6674 6676 6677
f 6675 6687 6682
f 6675 6677 6687
f 6676 6721 6677
f 6676 6720 6721
f 6677 6728 6687
f 6677 6721 6728
f 6678 6679 6681
f 6678 6681 6680
f 6679 6683 6688
f 6679 6688 6681
f 6680 6681 6725
f 6680 6725 6724
f 6681 6688 6729
f 6681 6729 6725
f 6682 6689 6684
f 6682 6687 6689
f 6683 6685 6690
f 6683 6690 6688
f 6684 6691 6686
f 6685 6686 6691
f 6684 6689 6691
f 6685 6691 6690
f 6687 6730 6689
f 6687 6728 6730
f 6688 6690 6731
f 6688 6731 6729
f 6689 6732 6691
f 6690 6691 6732
f 6689 6730 6732
f 6690 6732 6731
f 6692 6696 6693
f 6692 6695 6696
f 6693 6697 6694
f 6693 6696 6697
f 6695 6701 6696
f 6695 6700 6701
f 6696 6702 6697
f 6696 6701 6702
f 6694 6699 6698
f 6694 6697 6699
f 6698 6722 6720
f 6698 6699 6722
f 6697 6706 6699
f 6697 6702 6706
f 6699 6738 6722
f 6699 6706 6738
f 6700 6704 6701
f 6700 6703 6704
f 6701 6705 6702
f 6701 6704 6705
f 6703 7224 6704
f 6703 7223 7224
f 6704 7225 6705
f 6704 7224 7225
f 6702 6707 6706
f 6702 6705 6707
f 6706 6740 6738
f 6706 6707 6740
f 6705 7232 6707
f 6705 7225 7232
f 6707 7258 6740
f 6707 7232 7258
f 6615 6708 6709
f 6615 6709 6617
f 6708 6710 6712
f 6708 6712 6709
f 6617 6709 6714
f 6617 6714 6625
f 6709 6712 6716
f 6709 6716 6714
f 6710 6711 6713
f 6710 6713 6712
f 6711 6724 6726
f 6711 6726 6713
f 6712 6713 6717
f 6712 6717 6716
f 6713 6726 6742
f 6713 6742 6717
f 6625 6714 6715
f 6625 6715 6627
f 6714 6716 6718
f 6714 6718 6715
f 6627 6715 7243
f 6627 7243 7053
f 6715 6718 7246
f 6715 7246 7243
f 6716 6717 6719
f 6716 6719 6718
f 6717 6742 6744
f 6717 6744 6719
f 6718 6719 7247
f 6718 7247 7246
f 6719 6744 7264
f 6719 7264 7247
f 6720 6723 6721
f 6720 6722 6723
f 6721 6733 6728
f 6721 6723 6733
f 6722 6739 6723
f 6722 6738 6739
f 6723 6746 6733
f 6723 6739 6746
f 6724 6725 6727
f 6724 6727 6726
f 6725 6729 6734
f 6725 6734 6727
f 6726 6727 6743
f 6726 6743 6742
f 6727 6734 6747
f 6727 6747 6743
f 6728 6735 6730
f 6728 6733 6735
f 6729 6731 6736
f 6729 6736 6734
f 6730 6737 6732
f 6731 6732 6737
f 6730 6735 6737
f 6731 6737 6736
f 6733 6748 6735
f 6733 6746 6748
f 6734 6736 6749
f 6734 6749 6747
f 6735 6750 6737
f 6736 6737 6750
f 6735 6748 6750
f 6736 6750 6749
f 6738 6741 6739
f 6738 6740 6741
f 6739 6751 6746
f 6739 6741 6751
f 6740 7259 6741
f 6740 7258 7259
f 6741 7270 6751
f 6741 7259 7270
f 6742 6743 6745
f 6742 6745 6744
f 6743 6747 6752
f 6743 6752 6745
f 6744 6745 7265
f 6744 7265 7264
f 6745 6752 7271
f 6745 7271 7265
f 6746 6753 6748
f 6746 6751 6753
f 6747 6749 6754
f 6747 6754 6752
f 6748 6755 6750
f 6749 6750 6755
f 6748 6753 6755
f 6749 6755 6754
f 6751 7272 6753
f 6751 7270 7272
f 6752 6754 7273
f 6752 7273 7271
f 6753 7274 6755
f 6754 6755 7274
f 6753 7272 7274
f 6754 7274 7273
f 6756 6758 6757
f 6757 6758 6759
f 6757 6759 6760
f 6759 6761 6760
f 6758 6762 6759
f 6759 6762 6763
f 6759 6763 6761
f 6761 6763 6764
f 6760 6761 6765
f 6761 6766 6765
f 6765 6766 6776
f 6766 6777 6776
f 6761 6764 6766
f 6764 6767 6766
f 6766 6767 6777
f 6767 6782 6777
f 6762 6768 6763
f 6763 6768 6769
f 6763 6769 6764
f 6764 6769 6770
f 6768 6771 6769
f 6769 6771 6772
f 6769 6772 6770
f 6770 6772 6773
f 6764 6770 6767
f 6767 6770 6774
f 6767 6774 6782
f 6774 6791 6782
f 6770 6773 6774
f 6773 6775 6774
f 6774 6775 6791
f 6775 6794 6791
f 6776 6777 6778
f 6777 6780 6778
f 6778 6780 6779
f 6779 6780 6781
f 6777 6782 6780
f 6780 6782 6783
f 6780 6783 6781
f 6781 6783 6784
f 6779 6781 6785
f 6781 6786 6785
f 6785 6786 6787
f 6786 6788 6787
f 6781 6784 6786
f 6784 6789 6786
f 6786 6789 6788
f 6788 6789 6790
f 6782 6791 6783
f 6783 6791 6792
f 6783 6792 6784
f 6784 6792 6793
f 6791 6794 6792
f 6792 6794 6795
f 6792 6795 6793
f 6793 6795 6796
f 6784 6793 6789
f 6789 6793 6797
f 6789 6797 6790
f 6790 6797 6798
f 6793 6796 6797
f 6796 6799 6797
f 6797 6799 6798
f 6798 6799 6800
f 6771 6801 6772
f 6772 6801 6802
f 6772 6802 6773
f 6773 6802 6803
f 6801 6804 6802
f 6802 6804 6805
f 6802 6805 6803
f 6803 6805 6806
f 6773 6803 6775
f 6775 6803 6807
f 6775 6807 6794
f 6794 6807 6813
f 6803 6806 6807
f 6806 6808 6807
f 6807 6808 6813
f 6808 6816 6813
f 6804 6809 6805
f 6805 6809 6810
f 6805 6810 6806
f 6806 6810 6811
f 6809 7115 6810
f 6810 7115 7116
f 6810 7116 6811
f 6811 7116 7119
f 6806 6811 6808
f 6808 6811 6812
f 6808 6812 6816
f 6812 6823 6816
f 6811 7119 6812
f 6812 7119 7124
f 6812 7124 6823
f 6823 7124 7131
f 6794 6813 6795
f 6795 6813 6814
f 6795 6814 6796
f 6796 6814 6815
f 6813 6816 6814
f 6814 6816 6817
f 6814 6817 6815
f 6815 6817 6818
f 6796 6815 6799
f 6799 6815 6819
f 6799 6819 6800
f 6800 6819 6820
f 6815 6818 6819
f 6818 6821 6819
f 6819 6821 6820
f 6820 6821 6822
f 6816 6823 6817
f 6817 6823 6824
f 6817 6824 6818
f 6818 6824 6825
f 6823 7131 6824
f 6824 7131 7133
f 6824 7133 6825
f 6825 7133 7134
f 6818 6825 6821
f 6821 6825 6826
f 6821 6826 6822
f 6822 6826 6827
f 6825 7134 6826
f 6826 7134 7140
f 6826 7140 6827
f 6827 7140 7142
f 6828 6832 6829
f 6828 6831 6832
f 6829 6835 6830
f 6829 6832 6835
f 6831 6834 6832
f 6831 6833 6834
f 6832 6836 6835
f 6832 6834 6836
f 6830 6839 6837
f 6830 6835 6839
f 6837 6841 6838
f 6837 6839 6841
f 6835 6840 6839
f 6835 6836 6840
f 6839 6842 6841
f 6839 6840 6842
f 6833 6844 6834
f 6833 6843 6844
f 6834 6847 6836
f 6834 6844 6847
f 6843 6846 6844
f 6843 6845 6846
f 6844 6848 6847
f 6844 6846 6848
f 6836 6849 6840
f 6836 6847 6849
f 6840 6851 6842
f 6840 6849 6851
f 6847 6850 6849
f 6847 6848 6850
f 6849 6852 6851
f 6849 6850 6852
f 6838 6855 6853
f 6838 6841 6855
f 6853 6857 6854
f 6853 6855 6857
f 6841 6856 6855
f 6841 6842 6856
f 6855 6858 6857
f 6855 6856 6858
f 6854 6860 6859
f 6854 6857 6860
f 6859 7226 7223
f 6859 6860 7226
f 6857 6861 6860
f 6857 6858 6861
f 6860 7228 7226
f 6860 6861 7228
f 6842 6862 6856
f 6842 6851 6862
f 6856 6864 6858
f 6856 6862 6864
f 6851 6863 6862
f 6851 6852 6863
f 6862 6865 6864
f 6862 6863 6865
f 6858 6866 6861
f 6858 6864 6866
f 6861 7235 7228
f 6861 6866 7235
f 6864 6867 6866
f 6864 6865 6867
f 6866 7237 7235
f 6866 6867 7237
f 6787 6788 6868
f 6788 6869 6868
f 6868 6869 6871
f 6869 6872 6871
f 6788 6790 6869
f 6790 6870 6869
f 6869 6870 6872
f 6870 6875 6872
f 6871 6872 6873
f 6872 6874 6873
f 6873 6874 6888
f 6874 6890 6888
f 6872 6875 6874
f 6874 6875 6876
f 6874 6876 6890
f 6876 6892 6890
f 6790 6798 6870
f 6798 6877 6870
f 6870 6877 6875
f 6875 6877 6879
f 6798 6800 6877
f 6800 6878 6877
f 6877 6878 6879
f 6878 6881 6879
f 6875 6879 6876
f 6876 6879 6880
f 6876 6880 6892
f 6880 6909 6892
f 6879 6881 6880
f 6880 6881 6882
f 6880 6882 6909
f 6882 6911 6909
f 6845 6884 6846
f 6845 6883 6884
f 6846 6885 6848
f 6846 6884 6885
f 6883 6895 6884
f 6883 6894 6895
f 6884 6898 6885
f 6884 6895 6898
f 6848 6886 6850
f 6848 6885 6886
f 6850 6887 6852
f 6850 6886 6887
f 6885 6913 6886
f 6885 6898 6913
f 6886 6915 6887
f 6886 6913 6915
f 6888 6890 6889
f 6889 6890 6891
f 6889 6891 6900
f 6891 6901 6900
f 6890 6892 6891
f 6891 6892 6893
f 6891 6893 6901
f 6893 6906 6901
f 6894 6897 6895
f 6894 6896 6897
f 6895 6899 6898
f 6895 6897 6899
f 6900 6901 6902
f 6901 6904 6902
f 6896 6905 6897
f 6902 6904 6903
f 6896 6903 6905
f 6903 6904 6905
f 6901 6906 6904
f 6904 6906 6907
f 6897 6908 6899
f 6904 6907 6905
f 6897 6905 6908
f 6905 6907 6908
f 6892 6909 6893
f 6893 6909 6910
f 6893 6910 6906
f 6906 6910 6917
f 6909 6911 6910
f 6910 6911 6912
f 6910 6912 6917
f 6912 6920 6917
f 6898 6914 6913
f 6898 6899 6914
f 6913 6916 6915
f 6913 6914 6916
f 6906 6917 6907
f 6907 6917 6918
f 6899 6919 6914
f 6907 6918 6908
f 6899 6908 6919
f 6908 6918 6919
f 6917 6920 6918
f 6918 6920 6921
f 6914 6922 6916
f 6918 6921 6919
f 6914 6919 6922
f 6919 6921 6922
f 6800 6820 6878
f 6820 6923 6878
f 6878 6923 6881
f 6881 6923 6925
f 6820 6822 6923
f 6822 6924 6923
f 6923 6924 6925
f 6924 6927 6925
f 6881 6925 6882
f 6882 6925 6926
f 6882 6926 6911
f 6911 6926 6935
f 6925 6927 6926
f 6926 6927 6928
f 6926 6928 6935
f 6928 6937 6935
f 6822 6827 6924
f 6827 6929 6924
f 6924 6929 6927
f 6927 6929 6930
f 6827 7142 6929
f 6929 7142 7303
f 6929 7303 6930
f 6930 7303 7306
f 6927 6930 6928
f 6928 6930 6931
f 6928 6931 6937
f 6931 6949 6937
f 6930 7306 6931
f 6931 7306 7308
f 6931 7308 6949
f 6949 7308 7319
f 6852 6932 6863
f 6852 6887 6932
f 6863 6933 6865
f 6863 6932 6933
f 6887 6939 6932
f 6887 6915 6939
f 6932 6941 6933
f 6932 6939 6941
f 6865 6934 6867
f 6865 6933 6934
f 6867 7315 7237
f 6867 6934 7315
f 6933 6951 6934
f 6933 6941 6951
f 6934 7325 7315
f 6934 6951 7325
f 6911 6935 6912
f 6912 6935 6936
f 6912 6936 6920
f 6920 6936 6943
f 6935 6937 6936
f 6936 6937 6938
f 6936 6938 6943
f 6938 6946 6943
f 6915 6940 6939
f 6915 6916 6940
f 6939 6942 6941
f 6939 6940 6942
f 6920 6943 6921
f 6921 6943 6944
f 6916 6945 6940
f 6921 6944 6922
f 6916 6922 6945
f 6922 6944 6945
f 6943 6946 6944
f 6944 6946 6947
f 6940 6948 6942
f 6944 6947 6945
f 6940 6945 6948
f 6945 6947 6948
f 6937 6949 6938
f 6938 6949 6950
f 6938 6950 6946
f 6946 6950 6953
f 6949 7319 6950
f 6950 7319 7320
f 6950 7320 6953
f 6953 7320 7331
f 6941 6952 6951
f 6941 6942 6952
f 6951 7327 7325
f 6951 6952 7327
f 6946 6953 6947
f 6947 6953 6954
f 6942 6955 6952
f 6947 6954 6948
f 6942 6948 6955
f 6948 6954 6955
f 6953 7331 6954
f 6954 7331 7333
f 6952 7334 7327
f 6954 7333 6955
f 6952 6955 7334
f 6955 7333 7334
f 6961 6960 6959
f 6961 6963 6960
f 6961 6967 6963
f 6961 6968 6967
f 6961 6970 6968
f 6970 6971 6968
f 6970 6974 6971
f 6970 6975 6974
f 6970 6980 6975
f 6970 6985 6992
f 6970 6982 6980
f 6970 6983 6982
f 6970 6992 6983
f 6992 6989 6983
f 6985 7030 7033
f 6985 7033 6992
f 6992 7033 6989
f 7033 6993 6989
f 7033 6994 6993
f 7033 6995 6994
f 7033 6997 6995
f 7033 7035 6997
f 7009 7007 7010
f 7010 7007 7008
f 7010 7008 7015
f 7010 7015 7017
f 7019 7017 7018
f 7019 7018 7022
f 7010 7017 7019
f 7019 7022 7024
f 7019 7024 7028
f 7019 7028 7029
f 7029 7028 7071
f 7029 7071 7072
f 7030 7031 7046
f 7030 7046 7033
f 7031 7032 7047
f 7031 7047 7046
f 7033 7040 7035
f 7033 7041 7040
f 7033 7043 7041
f 7033 7046 7043
f 7046 7044 7043
f 7046 7045 7044
f 7046 7048 7045
f 7046 7047 7051
f 7046 7050 7048
f 7046 7051 7050
f 7032 7052 7054
f 7032 7054 7047
f 7052 7053 7056
f 7052 7056 7054
f 7047 7054 7055
f 7047 7055 7051
f 7054 7056 7057
f 7054 7057 7055
f 7051 7064 7050
f 7051 7065 7064
f 7051 7067 7065
f 7072 7071 7074
f 7072 7074 7079
f 7072 7079 7080
f 7080 7079 7082
f 7080 7082 7083
f 7080 7083 7084
f 7084 7083 7103
f 7051 7086 7067
f 7051 7055 7086
f 7055 7091 7086
f 7055 7092 7091
f 7055 7094 7092
f 7055 7097 7094
f 7097 7095 7094
f 7055 7057 7112
f 7055 7112 7097
f 7097 7098 7095
f 7084 7103 7105
f 7084 7105 7110
f 7110 7105 7106
f 7110 7106 7104
f 7110 7109 7107
f 7110 7104 7109
f 7097 7114 7098
f 7097 7112 7114
f 7114 7113 7098
f 7110 7107 7113
f 7110 7113 7114
f 7115 7117 7116
f 7116 7117 7118
f 7116 7118 7119
f 7118 7120 7119
f 7117 7121 7118
f 7118 7121 7122
f 7118 7122 7120
f 7120 7122 7123
f 7119 7120 7124
f 7120 7125 7124
f 7124 7125 7131
f 7125 7132 7131
f 7120 7123 7125
f 7123 7126 7125
f 7125 7126 7132
f 7126 7137 7132
f 7121 7127 7122
f 7122 7127 7128
f 7122 7128 7123
f 7123 7128 7129
f 7127 7155 7128
f 7128 7155 7156
f 7128 7156 7129
f 7129 7156 7159
f 7123 7129 7126
f 7126 7129 7130
f 7126 7130 7137
f 7130 7146 7137
f 7129 7159 7130
f 7130 7159 7161
f 7130 7161 7146
f 7146 7161 7188
f 7131 7132 7133
f 7132 7135 7133
f 7133 7135 7134
f 7134 7135 7136
f 7132 7137 7135
f 7135 7137 7138
f 7135 7138 7136
f 7136 7138 7139
f 7134 7136 7140
f 7136 7141 7140
f 7140 7141 7142
f 7141 7143 7142
f 7136 7139 7141
f 7139 7144 7141
f 7141 7144 7143
f 7143 7144 7145
f 7137 7146 7138
f 7138 7146 7147
f 7138 7147 7139
f 7139 7147 7148
f 7146 7188 7147
f 7147 7188 7190
f 7147 7190 7148
f 7148 7190 7191
f 7139 7148 7144
f 7144 7148 7149
f 7144 7149 7145
f 7145 7149 7150
f 7148 7191 7149
f 7149 7191 7194
f 7149 7194 7150
f 7150 7194 7196
f 7009 7010 7152
f 7009 7152 7151
f 7010 7019 7153
f 7010 7153 7152
f 7151 7152 7164
f 7151 7164 7163
f 7152 7153 7167
f 7152 7167 7164
f 7019 7029 7154
f 7019 7154 7153
f 7029 7072 7183
f 7029 7183 7154
f 7153 7154 7178
f 7153 7178 7167
f 7154 7183 7198
f 7154 7198 7178
f 7155 7157 7156
f 7156 7157 7158
f 7156 7158 7159
f 7158 7160 7159
f 7157 7169 7158
f 7158 7169 7170
f 7158 7170 7160
f 7160 7170 7171
f 7159 7160 7161
f 7160 7162 7161
f 7161 7162 7188
f 7162 7189 7188
f 7160 7171 7162
f 7162 7171 7180
f 7162 7180 7189
f 7180 7204 7189
f 7163 7164 7166
f 7163 7166 7165
f 7164 7167 7168
f 7164 7168 7166
f 7169 7172 7170
f 7170 7172 7173
f 7170 7173 7171
f 7171 7173 7176
f 7165 7166 7175
f 7172 7174 7173
f 7165 7175 7174
f 7173 7174 7175
f 7166 7168 7177
f 7173 7175 7176
f 7166 7177 7175
f 7175 7177 7176
f 7167 7178 7179
f 7167 7179 7168
f 7178 7198 7199
f 7178 7199 7179
f 7171 7176 7180
f 7176 7181 7180
f 7180 7181 7204
f 7181 7207 7204
f 7168 7179 7182
f 7176 7177 7181
f 7168 7182 7177
f 7177 7182 7181
f 7179 7199 7208
f 7181 7182 7207
f 7179 7208 7182
f 7182 7208 7207
f 7072 7080 7184
f 7072 7184 7183
f 7080 7084 7185
f 7080 7185 7184
f 7183 7184 7200
f 7183 7200 7198
f 7184 7185 7201
f 7184 7201 7200
f 7084 7110 7186
f 7084 7186 7185
f 7110 7114 7187
f 7110 7187 7186
f 7185 7186 7213
f 7185 7213 7201
f 7186 7187 7215
f 7186 7215 7213
f 7188 7189 7190
f 7189 7192 7190
f 7190 7192 7191
f 7191 7192 7193
f 7189 7204 7192
f 7192 7204 7205
f 7192 7205 7193
f 7193 7205 7206
f 7191 7193 7194
f 7193 7195 7194
f 7194 7195 7196
f 7195 7197 7196
f 7193 7206 7195
f 7195 7206 7217
f 7195 7217 7197
f 7197 7217 7218
f 7198 7200 7202
f 7198 7202 7199
f 7200 7201 7203
f 7200 7203 7202
f 7204 7207 7205
f 7205 7207 7209
f 7205 7209 7206
f 7206 7209 7210
f 7199 7202 7211
f 7207 7208 7209
f 7199 7211 7208
f 7208 7211 7209
f 7202 7203 7212
f 7209 7211 7210
f 7202 7212 7211
f 7210 7211 7212
f 7201 7213 7214
f 7201 7214 7203
f 7213 7215 7216
f 7213 7216 7214
f 7206 7210 7217
f 7210 7219 7217
f 7217 7219 7218
f 7218 7219 7221
f 7203 7214 7220
f 7210 7212 7219
f 7203 7220 7212
f 7212 7220 7219
f 7214 7216 7222
f 7219 7220 7221
f 7214 7222 7220
f 7220 7222 7221
f 7223 7227 7224
f 7223 7226 7227
f 7224 7230 7225
f 7224 7227 7230
f 7226 7229 7227
f 7226 7228 7229
f 7227 7231 7230
f 7227 7229 7231
f 7225 7233 7232
f 7225 7230 7233
f 7232 7260 7258
f 7232 7233 7260
f 7230 7234 7233
f 7230 7231 7234
f 7233 7262 7260
f 7233 7234 7262
f 7228 7236 7229
f 7228 7235 7236
f 7229 7239 7231
f 7229 7236 7239
f 7235 7238 7236
f 7235 7237 7238
f 7236 7240 7239
f 7236 7238 7240
f 7231 7241 7234
f 7231 7239 7241
f 7234 7285 7262
f 7234 7241 7285
f 7239 7242 7241
f 7239 7240 7242
f 7241 7287 7285
f 7241 7242 7287
f 7053 7243 7244
f 7053 7244 7056
f 7243 7246 7248
f 7243 7248 7244
f 7056 7244 7245
f 7056 7245 7057
f 7244 7248 7249
f 7244 7249 7245
f 7246 7247 7250
f 7246 7250 7248
f 7247 7264 7266
f 7247 7266 7250
f 7248 7250 7251
f 7248 7251 7249
f 7250 7266 7268
f 7250 7268 7251
f 7057 7245 7252
f 7057 7252 7112
f 7245 7249 7254
f 7245 7254 7252
f 7112 7252 7253
f 7112 7253 7114
f 7252 7254 7255
f 7252 7255 7253
f 7249 7251 7256
f 7249 7256 7254
f 7251 7268 7289
f 7251 7289 7256
f 7254 7256 7257
f 7254 7257 7255
f 7256 7289 7291
f 7256 7291 7257
f 7258 7261 7259
f 7258 7260 7261
f 7259 7275 7270
f 7259 7261 7275
f 7260 7263 7261
f 7260 7262 7263
f 7261 7276 7275
f 7261 7263 7276
f 7264 7265 7267
f 7264 7267 7266
f 7265 7271 7277
f 7265 7277 7267
f 7266 7267 7269
f 7266 7269 7268
f 7267 7277 7278
f 7267 7278 7269
f 7270 7279 7272
f 7270 7275 7279
f 7271 7273 7280
f 7271 7280 7277
f 7272 7281 7274
f 7273 7274 7281
f 7272 7279 7281
f 7273 7281 7280
f 7275 7282 7279
f 7275 7276 7282
f 7277 7280 7283
f 7277 7283 7278
f 7279 7284 7281
f 7280 7281 7284
f 7279 7282 7284
f 7280 7284 7283
f 7262 7286 7263
f 7262 7285 7286
f 7263 7293 7276
f 7263 7286 7293
f 7285 7288 7286
f 7285 7287 7288
f 7286 7294 7293
f 7286 7288 7294
f 7268 7269 7290
f 7268 7290 7289
f 7269 7278 7295
f 7269 7295 7290
f 7289 7290 7292
f 7289 7292 7291
f 7290 7295 7296
f 7290 7296 7292
f 7276 7297 7282
f 7276 7293 7297
f 7278 7283 7298
f 7278 7298 7295
f 7282 7299 7284
f 7283 7284 7299
f 7282 7297 7299
f 7283 7299 7298
f 7293 7300 7297
f 7293 7294 7300
f 7295 7298 7301
f 7295 7301 7296
f 7297 7302 7299
f 7298 7299 7302
f 7297 7300 7302
f 7298 7302 7301
f 7142 7143 7303
f 7143 7304 7303
f 7303 7304 7306
f 7304 7307 7306
f 7143 7145 7304
f 7145 7305 7304
f 7304 7305 7307
f 7305 7310 7307
f 7306 7307 7308
f 7307 7309 7308
f 7308 7309 7319
f 7309 7321 7319
f 7307 7310 7309
f 7309 7310 7311
f 7309 7311 7321
f 7311 7323 7321
f 7145 7150 7305
f 7150 7312 7305
f 7305 7312 7310
f 7310 7312 7313
f 7150 7196 7312
f 7196 7350 7312
f 7312 7350 7313
f 7313 7350 7352
f 7310 7313 7311
f 7311 7313 7314
f 7311 7314 7323
f 7314 7340 7323
f 7313 7352 7314
f 7314 7352 7354
f 7314 7354 7340
f 7340 7354 7380
f 7237 7316 7238
f 7237 7315 7316
f 7238 7317 7240
f 7238 7316 7317
f 7315 7326 7316
f 7315 7325 7326
f 7316 7329 7317
f 7316 7326 7329
f 7240 7318 7242
f 7240 7317 7318
f 7242 7371 7287
f 7242 7318 7371
f 7317 7342 7318
f 7317 7329 7342
f 7318 7384 7371
f 7318 7342 7384
f 7319 7321 7320
f 7320 7321 7322
f 7320 7322 7331
f 7322 7332 7331
f 7321 7323 7322
f 7322 7323 7324
f 7322 7324 7332
f 7324 7337 7332
f 7325 7328 7326
f 7325 7327 7328
f 7326 7330 7329
f 7326 7328 7330
f 7331 7332 7333
f 7332 7335 7333
f 7327 7336 7328
f 7333 7335 7334
f 7327 7334 7336
f 7334 7335 7336
f 7332 7337 7335
f 7335 7337 7338
f 7328 7339 7330
f 7335 7338 7336
f 7328 7336 7339
f 7336 7338 7339
f 7323 7340 7324
f 7324 7340 7341
f 7324 7341 7337
f 7337 7341 7344
f 7340 7380 7341
f 7341 7380 7381
f 7341 7381 7344
f 7344 7381 7388
f 7329 7343 7342
f 7329 7330 7343
f 7342 7386 7384
f 7342 7343 7386
f 7337 7344 7338
f 7338 7344 7345
f 7330 7346 7343
f 7338 7345 7339
f 7330 7339 7346
f 7339 7345 7346
f 7344 7388 7345
f 7345 7388 7390
f 7343 7391 7386
f 7345 7390 7346
f 7343 7346 7391
f 7346 7390 7391
f 7114 7253 7347
f 7114 7347 7187
f 7253 7255 7348
f 7253 7348 7347
f 7187 7347 7356
f 7187 7356 7215
f 7347 7348 7361
f 7347 7361 7356
f 7255 7257 7349
f 7255 7349 7348
f 7257 7291 7373
f 7257 7373 7349
f 7348 7349 7363
f 7348 7363 7361
f 7349 7373 7394
f 7349 7394 7363
f 7196 7197 7350
f 7197 7351 7350
f 7350 7351 7352
f 7351 7353 7352
f 7197 7218 7351
f 7218 7358 7351
f 7351 7358 7353
f 7353 7358 7365
f 7352 7353 7354
f 7353 7355 7354
f 7354 7355 7380
f 7355 7382 7380
f 7353 7365 7355
f 7355 7365 7366
f 7355 7366 7382
f 7366 7398 7382
f 7215 7356 7357
f 7215 7357 7216
f 7356 7361 7362
f 7356 7362 7357
f 7218 7221 7358
f 7221 7359 7358
f 7358 7359 7365
f 7359 7367 7365
f 7216 7357 7360
f 7221 7222 7359
f 7216 7360 7222
f 7222 7360 7359
f 7357 7362 7368
f 7359 7360 7367
f 7357 7368 7360
f 7360 7368 7367
f 7361 7363 7364
f 7361 7364 7362
f 7363 7394 7396
f 7363 7396 7364
f 7365 7367 7366
f 7366 7367 7369
f 7366 7369 7398
f 7369 7400 7398
f 7362 7364 7370
f 7367 7368 7369
f 7362 7370 7368
f 7368 7370 7369
f 7364 7396 7402
f 7369 7370 7400
f 7364 7402 7370
f 7370 7402 7400
f 7287 7372 7288
f 7287 7371 7372
f 7288 7375 7294
f 7288 7372 7375
f 7371 7385 7372
f 7371 7384 7385
f 7372 7404 7375
f 7372 7385 7404
f 7291 7292 7374
f 7291 7374 7373
f 7292 7296 7376
f 7292 7376 7374
f 7373 7374 7395
f 7373 7395 7394
f 7374 7376 7406
f 7374 7406 7395
f 7294 7377 7300
f 7294 7375 7377
f 7296 7301 7378
f 7296 7378 7376
f 7300 7379 7302
f 7301 7302 7379
f 7300 7377 7379
f 7301 7379 7378
f 7375 7408 7377
f 7375 7404 7408
f 7376 7378 7409
f 7376 7409 7406
f 7377 7410 7379
f 7378 7379 7410
f 7377 7408 7410
f 7378 7410 7409
f 7380 7382 7381
f 7381 7382 7383
f 7381 7383 7388
f 7383 7389 7388
f 7382 7398 7383
f 7383 7398 7399
f 7383 7399 7389
f 7389 7399 7414
f 7384 7387 7385
f 7384 7386 7387
f 7385 7405 7404
f 7385 7387 7405
f 7388 7389 7390
f 7389 7392 7390
f 7386 7393 7387
f 7390 7392 7391
f 7386 7391 7393
f 7391 7392 7393
f 7389 7414 7392
f 7392 7414 7415
f 7387 7416 7405
f 7392 7415 7393
f 7387 7393 7416
f 7393 7415 7416
f 7394 7395 7397
f 7394 7397 7396
f 7395 7406 7407
f 7395 7407 7397
f 7398 7400 7399
f 7399 7400 7401
f 7399 7401 7414
f 7401 7417 7414
f 7396 7397 7403
f 7400 7402 7401
f 7396 7403 7402
f 7401 7402 7403
f 7397 7407 7418
f 7401 7403 7417
f 7397 7418 7403
f 7403 7418 7417
f 7404 7411 7408
f 7404 7405 7411
f 7406 7409 7412
f 7406 7412 7407
f 7408 7413 7410
f 7409 7410 7413
f 7408 7411 7413
f 7409 7413 7412
f 7414 7417 7415
f 7415 7417 7419
f 7405 7420 7411
f 7415 7419 7416
f 7405 7416 7420
f 7416 7419 7420
f 7407 7412 7421
f 7417 7418 7419
f 7407 7421 7418
f 7418 7421 7419
f 7411 7422 7413
f 7412 7413 7422
f 7419 7421 7420
f 7411 7420 7422
f 7412 7422 7421
f 7420 7421 7422
f 1943 1942 1956
f 1979 1942 1943
f 1956 1960 1944
f 1943 1956 1944
f 1980 1943 1944
f 1944 1960 2011
f 1981 1944 2011
f 1959 1945 1958
f 1958 1945 1962
f 1964 1946 1947
f 1946 1948 1947
f 1947 1959 1942
f 1947 1945 1959
f 1964 1947 1942
f 1947 1948 1945
f 1991 1949 1948
f 1962 1950 1951
f 1945 1950 1962
f 1950 2037 1951
f 1948 1950 1945
f 1948 1949 1950
f 1949 2039 1950
f 1961 1952 1954
f 1961 1954 2016
f 1952 1962 1953
f 1952 1953 1955
f 1953 2046 2043
f 1953 2043 1955
f 1952 1955 1954
f 1954 1955 2018
f 1955 2044 2018
f 1959 1958 1957
f 1959 1957 1956
f 1956 1957 1961
f 1958 1962 1957
f 1957 1962 1952
f 1957 1952 1961
f 1959 1956 1942
f 1956 1961 1960
f 1961 2016 1960
f 1953 1962 1951
f 1953 1951 2046
f 1979 1964 1942
f 1966 1964 1979
f 1975 1966 1965
f 1966 1979 1965
f 1966 1963 1964
f 1975 1963 1966
f 1973 1963 1975
f 1973 1968 1963
f 1973 1976 1969
f 1996 1972 1997
f 1968 1974 1971
f 1968 1971 1996
f 1996 1971 1972
f 1973 1974 1968
f 1973 1969 1974
f 1973 1975 1977
f 1975 1965 1986
f 1975 1986 1977
f 1973 1977 1976
f 1977 1978 1976
f 1977 1987 1978
f 1980 1982 1979
f 1980 1979 1943
f 1979 1982 1965
f 1986 1965 1982
f 1980 1981 1982
f 1980 1944 1981
f 1982 1981 2027
f 1982 2027 1989
f 1989 2027 2031
f 1984 1985 1988
f 1984 2032 1985
f 1984 2033 2032
f 1986 1982 1989
f 1986 1989 1984
f 1986 1984 1977
f 1977 1988 1987
f 1977 1984 1988
f 1984 1989 2031
f 1990 1991 1948
f 1990 1963 1993
f 1990 1992 1991
f 1990 1993 1992
f 1964 1990 1946
f 1946 1990 1948
f 1964 1963 1990
f 1991 2051 1949
f 1991 2052 2051
f 1991 1992 2052
f 1992 2004 2052
f 1968 1994 1993
f 1993 1994 1995
f 1963 1968 1993
f 1993 1995 1992
f 1968 1996 1994
f 1996 1997 1999
f 1996 1999 1994
f 1999 1997 1998
f 1994 1999 1995
f 1999 2003 1995
f 1999 1998 2000
f 1999 2000 2001
f 1999 2001 2003
f 1992 1995 2003
f 1992 2003 2004
f 2003 2001 2005
f 2003 2005 2007
f 2003 2007 2004
f 2004 2007 2008
f 2004 2008 2009
f 2011 1960 2019
f 2011 2019 2010
f 1981 2011 2026
f 2026 2010 2012
f 2026 2011 2010
f 2010 2019 2013
f 2019 2020 2013
f 2012 2010 2013
f 2020 2022 2013
f 2012 2013 2015
f 2012 2015 2036
f 2022 2014 2013
f 2015 2013 2014
f 2016 1954 2017
f 2016 2020 2019
f 2016 2017 2021
f 2016 2021 2020
f 1954 2018 2017
f 2017 2018 2024
f 2017 2024 2021
f 2018 2088 2024
f 2016 2019 1960
f 2020 2023 2022
f 2023 2021 2025
f 2020 2021 2023
f 2021 2024 2025
f 1981 2026 2027
f 2026 2028 2027
f 2026 2029 2028
f 2027 2028 2031
f 2026 2012 2029
f 2012 2036 2029
f 2029 2030 2028
f 2028 2030 2034
f 2031 2034 2033
f 1984 2031 2033
f 2033 2035 2032
f 2031 2028 2034
f 2029 2036 2030
f 2033 2439 2035
f 1949 2050 2039
f 1950 2039 2037
f 2037 2039 2038
f 2046 1951 2037
f 2046 2037 2038
f 2039 2040 2038
f 2039 2055 2040
f 2050 2055 2039
f 2055 2041 2040
f 2046 2042 2043
f 1955 2043 2044
f 2043 2045 2044
f 2043 2042 2045
f 2042 2048 2045
f 2045 2048 2090
f 2046 2038 2042
f 2042 2038 2048
f 2038 2040 2048
f 2040 2049 2048
f 2040 2041 2047
f 2041 2078 2047
f 2040 2047 2049
f 2048 2049 2090
f 2049 2099 2092
f 2047 2099 2049
f 2047 2078 2099
f 1949 2051 2050
f 2051 2053 2050
f 2050 2053 2054
f 2051 2052 2053
f 2052 2057 2053
f 2050 2054 2055
f 2053 2060 2054
f 2055 2056 2041
f 2055 2054 2056
f 2041 2056 2070
f 2054 2069 2056
f 2056 2072 2070
f 2056 2069 2072
f 2004 2057 2052
f 2004 2009 2057
f 2057 2009 2059
f 2057 2059 2062
f 2057 2060 2053
f 2060 2069 2054
f 2057 2061 2060
f 2060 2061 2065
f 2057 2062 2061
f 2061 2062 2063
f 2061 2063 2065
f 2060 2065 2069
f 2065 2063 2066
f 2065 2066 2067
f 2065 2067 2068
f 2065 2068 2069
f 2072 2069 2073
f 2069 2068 2074
f 2069 2074 2073
f 2041 2070 2078
f 2072 2076 2070
f 2072 2075 2076
f 2072 2073 2075
f 2076 2075 2077
f 2070 2079 2078
f 2070 2076 2079
f 2078 2079 2080
f 2078 2080 2104
f 2078 2104 2099
f 2079 2082 2080
f 2080 2082 2105
f 2076 2082 2079
f 2076 2077 2084
f 2076 2084 2082
f 2084 2077 2083
f 2084 2083 2085
f 2084 2085 2086
f 2082 2084 2108
f 2084 2086 2108
f 2018 2044 2088
f 2044 2087 2088
f 2044 2045 2087
f 2045 2090 2087
f 2088 2087 2089
f 2087 2091 2089
f 2087 2090 2091
f 2090 2093 2091
f 2091 2093 2095
f 2090 2049 2092
f 2090 2092 2093
f 2093 2092 2098
f 2093 2098 2095
f 2088 2094 2024
f 2088 2089 2094
f 2089 2091 2096
f 2091 2095 2096
f 2096 2095 2097
f 2095 2101 2097
f 2092 2099 2098
f 2099 2104 2100
f 2098 2099 2100
f 2098 2101 2095
f 2098 2102 2101
f 2098 2100 2102
f 2100 2112 2102
f 2101 2102 2103
f 2102 2112 2103
f 2097 2101 2469
f 2101 2103 2469
f 2104 2106 2100
f 2104 2105 2106
f 2104 2080 2105
f 2100 2106 2112
f 2105 2113 2106
f 2105 2110 2113
f 2082 2108 2105
f 2108 2086 2109
f 2108 2109 2111
f 2105 2108 2110
f 2108 2111 2116
f 2108 2116 2110
f 2116 2111 2117
f 2112 2471 2103
f 2106 2113 2112
f 2112 2113 2114
f 2113 2115 2114
f 2112 2114 2471
f 2471 2114 2472
f 2114 2119 2472
f 2110 2115 2113
f 2110 2116 2115
f 2116 2117 2118
f 2116 2120 2115
f 2116 2118 2120
f 2114 2115 2119
f 2115 2120 2119
f 2120 2118 2121
f 2189 5160 2186
f 2189 2186 2194
f 2189 2187 5160
f 2189 2190 2187
f 2187 2190 2214
f 2189 2194 2188
f 2189 2188 2190
f 2188 2196 2190
f 2190 2215 2214
f 2192 2203 2193
f 2186 5165 2191
f 2186 2191 2194
f 2195 2191 2192
f 2206 2192 2191
f 2206 2203 2192
f 2206 2191 5165
f 2206 5165 5166
f 2195 2193 2196
f 2195 2192 2193
f 2196 2193 2209
f 2196 2209 2221
f 2194 2195 2188
f 2195 2196 2188
f 2194 2191 2195
f 2196 2215 2190
f 2204 2198 2197
f 2197 2198 2202
f 2197 2202 2222
f 2211 2198 2204
f 2211 2199 2198
f 2200 2199 2211
f 2200 2249 2199
f 2250 2251 2202
f 2269 2202 2251
f 2198 2201 2202
f 2198 2199 2201
f 2250 2201 2199
f 2250 2202 2201
f 2205 2208 2203
f 2205 2204 2208
f 2210 2204 2205
f 2205 2203 2207
f 2210 2205 2207
f 2207 2203 2206
f 2207 2206 5166
f 2207 5166 2213
f 2208 2209 2193
f 2208 2197 2209
f 2208 2193 2203
f 2209 2222 2221
f 2197 2222 2209
f 2204 2197 2208
f 2211 2204 2210
f 2211 2210 2212
f 2210 2207 2257
f 2200 2211 2212
f 2210 2257 2212
f 2257 2207 2213
f 2214 2215 2216
f 2196 2221 2215
f 2215 2217 2216
f 2215 2221 2217
f 2216 2217 2218
f 2216 2218 5199
f 2222 2202 2219
f 2222 2219 2220
f 2269 2219 2202
f 2269 2270 2219
f 2219 2270 2220
f 2270 2271 2220
f 2271 2279 2220
f 2222 2223 2221
f 2221 2223 2217
f 2217 2223 2224
f 2222 2220 2223
f 2223 2227 2224
f 2223 2226 2227
f 2217 2225 2218
f 2217 2224 2225
f 2218 5201 5199
f 2218 2225 5201
f 2224 2227 2225
f 2225 2228 5201
f 2223 2220 2226
f 2226 2279 2227
f 2220 2279 2226
f 2279 2228 2227
f 2225 2227 2228
f 2255 2229 2230
f 2230 2231 2252
f 2232 2231 2230
f 2231 2259 2273
f 2232 2229 2239
f 2232 2239 2240
f 2232 2230 2229
f 2232 2240 2259
f 2232 2259 2231
f 2233 2245 2244
f 2503 2233 2244
f 2233 2505 2245
f 2236 2239 2229
f 2255 2235 2229
f 2235 2236 2229
f 2242 2236 2243
f 2242 2234 2236
f 2235 2243 2236
f 2234 2237 2236
f 2234 2238 2237
f 2238 2240 2237
f 2238 2264 2240
f 2236 2237 2239
f 2237 2240 2239
f 2234 2241 2244
f 2242 2241 2234
f 2503 2244 2241
f 2242 2514 2241
f 2242 2243 2514
f 2243 2258 2515
f 2243 2515 2514
f 2234 2244 2238
f 2238 2244 2245
f 2238 2245 2264
f 2246 2248 2247
f 2246 2247 2253
f 2199 2249 2248
f 2246 2199 2248
f 2200 2212 2249
f 2248 2249 2256
f 2247 2248 2256
f 2257 2256 2249
f 2246 2250 2199
f 2250 2252 2251
f 2250 2253 2252
f 2246 2253 2250
f 2252 2231 2251
f 2231 2273 2251
f 2255 2230 2253
f 2255 2253 2247
f 2255 2247 2254
f 2255 2254 2235
f 2254 2256 2258
f 2247 2256 2254
f 2257 2258 2256
f 2253 2230 2252
f 2212 2257 2249
f 2213 5162 2530
f 2257 2213 2530
f 2254 2258 2235
f 2235 2258 2243
f 2257 2524 2258
f 2257 2530 2524
f 2259 2261 2273
f 2240 2264 2260
f 2240 2260 2259
f 2260 2262 2259
f 2262 2261 2259
f 2262 2263 2261
f 2261 2263 2280
f 2260 2266 2262
f 2262 2267 2263
f 2263 2267 2282
f 2264 2266 2260
f 2532 2264 2245
f 2539 2266 2264
f 2539 2265 2266
f 2262 2266 2267
f 2266 2268 2267
f 2267 2268 2282
f 2266 2265 2268
f 2268 2552 2282
f 2269 2251 2273
f 2269 2274 2272
f 2269 2273 2274
f 2269 2272 2270
f 2270 2272 2271
f 2271 2276 2279
f 2271 2272 2276
f 2273 2261 2274
f 2274 2277 2272
f 2274 2261 2275
f 2274 2275 2277
f 2272 2278 2276
f 2272 2277 2278
f 2279 2276 2228
f 2228 2276 2278
f 2261 2280 2275
f 2280 2281 2275
f 2275 2281 2277
f 2263 2282 2280
f 2280 2282 2281
f 2281 2552 2278
f 2281 2278 2277
f 2281 2282 2552
f 2228 2278 5424
f 2552 5424 2278
f 2507 2419 2420
f 2507 2420 2421
f 2513 2421 2422
f 2420 2423 2421
f 2426 2423 2420
f 2423 2431 2422
f 2421 2423 2422
f 2456 2426 2425
f 2456 2427 2426
f 2425 2426 2420
f 2425 2420 2419
f 2425 2419 2424
f 2425 2424 2459
f 2426 2428 2423
f 2428 2431 2423
f 2428 2430 2431
f 2428 2427 2454
f 2426 2427 2428
f 2428 2454 2476
f 2428 2476 2430
f 2533 2422 2429
f 2422 2431 2429
f 2429 2434 2543
f 2430 2432 2431
f 2430 2476 2484
f 2430 2484 2432
f 2432 2484 2485
f 2432 2485 2487
f 2431 2432 2429
f 2429 2432 2433
f 2429 2433 2434
f 2433 2435 2434
f 2432 2487 2433
f 2433 2487 2435
f 2022 2436 2014
f 2015 2014 2440
f 2014 2436 2440
f 2015 2440 2442
f 2015 2442 2460
f 2022 2023 2437
f 2023 2025 2438
f 2025 2024 2452
f 2024 2094 2452
f 2022 2437 2436
f 2023 2438 2437
f 2025 2452 2438
f 2034 2030 2461
f 2036 2015 2460
f 2030 2036 2461
f 2033 2034 2464
f 2036 2460 2461
f 2033 2466 2439
f 2034 2461 2465
f 2034 2465 2464
f 2033 2464 2466
f 2449 2457 2441
f 2436 2449 2440
f 2449 2441 2440
f 2442 2440 2441
f 2442 2441 2443
f 2457 2458 2443
f 2458 2459 2443
f 2443 2459 2444
f 2444 2459 2560
f 2442 2443 2445
f 2457 2443 2441
f 2442 2445 2462
f 2444 2557 2445
f 2443 2444 2445
f 2462 2445 2561
f 2436 2437 2446
f 2436 2446 2449
f 2437 2451 2446
f 2437 2438 2451
f 2446 2451 2447
f 2450 2447 2448
f 2449 2446 2450
f 2449 2450 2457
f 2446 2447 2450
f 2451 2453 2455
f 2438 2452 2451
f 2452 2453 2451
f 2452 2474 2453
f 2451 2455 2447
f 2447 2454 2448
f 2447 2455 2454
f 2455 2453 2478
f 2455 2476 2454
f 2458 2456 2425
f 2457 2456 2458
f 2456 2448 2427
f 2450 2448 2456
f 2457 2450 2456
f 2458 2425 2459
f 2424 2560 2459
f 2448 2454 2427
f 2442 2462 2460
f 2460 2462 2461
f 2461 2463 2465
f 2461 2462 2463
f 2462 2561 2463
f 2463 2563 2465
f 2465 2563 2467
f 2464 2465 2467
f 2464 2467 2466
f 2467 2468 2466
f 2094 2089 2475
f 2089 2096 2475
f 2096 2097 2480
f 2094 2474 2452
f 2094 2475 2474
f 2096 2479 2475
f 2096 2480 2479
f 2469 2103 2470
f 2103 2471 2470
f 2097 2469 2480
f 2469 2470 2489
f 2471 2490 2470
f 2469 2489 2480
f 2470 2490 2489
f 2471 2496 2490
f 2471 2472 2496
f 2472 2119 2498
f 2119 2120 2498
f 2120 2121 2499
f 2472 2497 2496
f 2472 2498 2497
f 2499 2121 2473
f 2120 2499 2498
f 2453 2474 2475
f 2453 2475 2478
f 2478 2475 2479
f 2455 2478 2476
f 2476 2477 2484
f 2478 2477 2476
f 2484 2477 2481
f 2478 2482 2477
f 2478 2479 2482
f 2479 2483 2482
f 2482 2481 2477
f 2482 2483 2481
f 2479 2480 2483
f 2480 2489 2483
f 2484 2481 2485
f 2481 2486 2485
f 2485 2486 2487
f 2481 2483 2486
f 2483 2491 2486
f 2486 2492 2487
f 2487 2488 2435
f 2492 2488 2487
f 2488 2494 2578
f 2483 2489 2491
f 2491 2489 2493
f 2489 2490 2493
f 2490 2496 2493
f 2496 2500 2493
f 2486 2491 2492
f 2492 2494 2488
f 2492 2491 2493
f 2492 2493 2494
f 2493 2500 2495
f 2493 2495 2494
f 2496 2497 2500
f 2499 2473 2501
f 2502 2504 2506
f 2506 2504 2509
f 2503 2504 2502
f 2510 2504 2514
f 2511 2512 2505
f 2502 2506 2233
f 2506 2505 2233
f 2503 2502 2233
f 2505 2532 2245
f 2506 2511 2505
f 2506 2509 2511
f 2507 2511 2509
f 2508 2507 2509
f 2510 2509 2504
f 2508 2509 2510
f 2508 2510 2517
f 2510 2516 2518
f 2513 2512 2511
f 2505 2512 2533
f 2507 2513 2511
f 2507 2421 2513
f 2513 2422 2512
f 2512 2422 2533
f 2503 2241 2514
f 2503 2514 2504
f 2514 2515 2516
f 2258 2524 2515
f 2510 2514 2516
f 2518 2516 2521
f 2516 2515 2524
f 2516 2524 2521
f 2508 2419 2507
f 2508 2517 2419
f 2424 2419 2517
f 2510 2518 2517
f 2519 2517 2518
f 2424 2517 2519
f 2424 2519 2560
f 2519 2518 2522
f 2519 2522 2556
f 2518 2521 2520
f 2518 2520 2522
f 2521 2526 2520
f 2521 2525 2526
f 2520 2526 2523
f 2520 2523 2522
f 2521 2524 2525
f 2524 2530 2525
f 2525 2529 2526
f 2525 2530 2529
f 2523 2526 2527
f 2526 2528 2527
f 2526 2529 2528
f 2528 2529 2531
f 2527 2528 2571
f 2530 5403 2529
f 2528 2531 2571
f 2529 5403 2531
f 2571 2531 5452
f 2505 2533 2532
f 2532 2533 2535
f 2532 2535 2539
f 2539 2535 2536
f 2533 2534 2535
f 2533 2543 2534
f 2535 2538 2536
f 2536 2538 2542
f 2535 2534 2537
f 2535 2537 2538
f 2532 2539 2264
f 2539 2540 2265
f 2540 2541 2265
f 2539 2536 2542
f 2539 2542 2540
f 2540 2542 2541
f 2265 2541 2268
f 2541 2552 2268
f 2542 2550 2541
f 2538 2550 2542
f 2533 2429 2543
f 2534 2543 2544
f 2534 2544 2537
f 2543 2434 2545
f 2543 2545 2544
f 2545 2548 2544
f 2537 2544 2546
f 2537 2546 2538
f 2544 2548 2546
f 2434 2547 2545
f 2434 2435 2547
f 2547 2548 2545
f 2546 2548 2551
f 2547 2549 2548
f 2547 2435 2549
f 2435 2488 2549
f 2548 2549 2551
f 2538 2546 2550
f 2546 2553 2550
f 2546 2554 2553
f 2546 2551 2554
f 2551 2549 2555
f 2549 2579 2555
f 2551 2555 2554
f 2541 5424 2552
f 2541 2550 5424
f 2550 5433 5424
f 2550 2553 5433
f 2553 2554 5434
f 2554 2555 5436
f 2553 5434 5433
f 2554 5436 5434
f 2555 5438 5436
f 2555 5494 5438
f 2444 2560 2557
f 2560 2556 2557
f 2556 2558 2557
f 2445 2557 2561
f 2557 2565 2561
f 2556 2522 2558
f 2558 2522 2523
f 2558 2523 2559
f 2557 2558 2565
f 2558 2559 2568
f 2558 2568 2565
f 2560 2519 2556
f 2463 2561 2562
f 2463 2562 2563
f 2561 2566 2562
f 2467 2564 2468
f 2467 2563 2575
f 2467 2567 2564
f 2563 2562 2575
f 2561 2565 2566
f 2562 2566 2575
f 2467 2576 2567
f 2467 2575 2576
f 2570 2572 2569
f 2559 2570 2568
f 2568 2570 2569
f 2565 2568 2574
f 2568 2569 2574
f 2572 5453 2569
f 2574 2569 5450
f 2569 5453 5450
f 2523 2527 2559
f 2559 2527 2570
f 2527 2571 2570
f 2570 2571 2572
f 2571 5452 5453
f 2572 2571 5453
f 2565 2574 2566
f 2566 2573 2575
f 2566 2574 2573
f 2576 2577 2567
f 2573 2574 5464
f 2575 5465 2576
f 2575 2573 5465
f 2549 2488 2579
f 2488 2578 2579
f 2578 2580 2579
f 2578 2494 2581
f 2494 2495 2581
f 2500 5510 2495
f 2500 2497 5511
f 2498 5511 2497
f 2499 2501 2582
f 2498 2499 5513
f 2579 5494 2555
f 2579 2580 5494
f 2578 2581 2580
f 2495 5503 2581
f 2495 5510 5503
f 2500 5511 5510
f 2498 5513 5511
f 2499 2582 5518
f 2499 5518 5513
f 3615 3617 3640
f 3615 3667 3617
f 3616 3617 3639
f 3640 3617 3616
f 3639 3617 3618
f 3639 3618 3643
f 3667 3618 3617
f 3643 3618 3701
f 3623 3624 3627
f 3621 3620 3619
f 3621 3619 3632
f 3621 3632 3636
f 3620 3633 3622
f 3622 3637 3625
f 3620 3623 3619
f 3623 3625 3624
f 3625 3648 3624
f 3620 3622 3623
f 3622 3625 3623
f 3623 3627 3626
f 3631 3626 3629
f 3626 3627 3628
f 3627 3646 3628
f 3626 3628 3629
f 3631 3629 3727
f 3629 3628 3630
f 3628 3646 3647
f 3628 3647 3630
f 3619 3631 3632
f 3636 3632 3642
f 3632 3631 3729
f 3632 3731 3642
f 3619 3623 3626
f 3619 3626 3631
f 3624 3648 3627
f 3620 3635 3633
f 3634 3633 3635
f 3640 3634 3635
f 3621 3635 3620
f 3621 3636 3635
f 3636 3641 3635
f 3636 3642 3695
f 3638 3622 3633
f 3638 3637 3622
f 3625 3637 3652
f 3634 3638 3633
f 3634 3616 3638
f 3638 3616 3639
f 3638 3639 3637
f 3639 3652 3637
f 3640 3616 3634
f 3641 3640 3635
f 3615 3640 3641
f 3636 3695 3641
f 3695 3745 3696
f 3695 3642 3745
f 3643 3701 3644
f 3625 3652 3648
f 3645 3648 3652
f 3627 3648 3646
f 3646 3651 3647
f 3648 3649 3646
f 3645 3649 3648
f 3649 3650 3651
f 3645 3650 3649
f 3645 3661 3650
f 3649 3651 3646
f 3651 3650 3757
f 3650 3661 3764
f 3650 3764 3757
f 3639 3643 3652
f 3652 3656 3654
f 3656 3657 3654
f 3645 3652 3654
f 3645 3654 3653
f 3654 3657 3655
f 3654 3655 3653
f 3653 3655 3660
f 3643 3656 3652
f 3656 3659 3657
f 3643 3644 3656
f 3656 3644 3658
f 3656 3658 3659
f 3657 3660 3655
f 3657 3659 3660
f 3660 3659 3719
f 3660 3719 3662
f 3645 3653 3661
f 3653 3660 3661
f 3661 3662 3764
f 3660 3662 3661
f 3662 3663 3764
f 3662 3722 3663
f 3677 3664 3676
f 3677 3678 3664
f 3664 3665 3676
f 3664 3681 3665
f 3667 3669 3671
f 3615 3668 3667
f 3668 3669 3667
f 3666 3671 3669
f 3674 3666 3669
f 3668 3675 3669
f 3674 3669 3675
f 3666 3676 3671
f 3676 3670 3671
f 3670 3665 3700
f 3667 3671 3618
f 3670 3618 3671
f 3670 3701 3618
f 3666 3673 3676
f 3672 3673 3666
f 3677 3673 3690
f 3672 3691 3673
f 3672 3693 3691
f 3672 3666 3674
f 3674 3675 3693
f 3672 3674 3693
f 3693 3675 3696
f 3677 3676 3673
f 3676 3665 3670
f 3677 3690 3678
f 3679 3682 3678
f 3679 3683 3682
f 3690 3692 3679
f 3690 3679 3678
f 3664 3678 3682
f 3664 3682 3681
f 3681 3706 3705
f 3681 3705 3665
f 3681 3682 3680
f 3683 3680 3682
f 3681 3680 3706
f 3684 3687 3683
f 3686 3684 3683
f 3686 5163 3684
f 3686 3683 3679
f 3679 3692 3685
f 3686 3679 3685
f 3686 3685 5163
f 3688 3689 3687
f 3683 3687 3680
f 3687 3689 3680
f 3680 3689 3706
f 3684 3688 3687
f 3684 5160 3688
f 2187 3688 5160
f 2187 3689 3688
f 3691 3690 3673
f 3691 3692 3690
f 3691 3693 3692
f 3693 3685 3692
f 3693 3696 5164
f 3693 5164 3685
f 3696 5162 5164
f 3615 3641 3694
f 3615 3694 3668
f 3694 3641 3695
f 3668 3694 3675
f 3694 3696 3675
f 3694 3695 3696
f 3696 3745 3779
f 3696 3779 3697
f 3696 3697 5167
f 3779 3698 3697
f 3698 3789 3699
f 3697 3698 5169
f 5169 3698 3699
f 3789 3796 3699
f 3670 3700 3701
f 3701 3702 3644
f 3702 3718 3644
f 3700 3702 3701
f 3702 3720 3718
f 3700 3705 3702
f 3700 3665 3705
f 3705 3712 3702
f 3712 3703 3702
f 3702 3703 3704
f 3702 3704 3720
f 3704 3703 3715
f 3704 3721 3720
f 3705 3707 3712
f 3705 3706 3707
f 3689 3708 3706
f 3708 3709 3706
f 2214 3708 3689
f 3708 5195 3709
f 3706 3709 3707
f 3709 3711 3707
f 3707 3716 3714
f 3707 3711 3716
f 3709 3710 3711
f 3711 5197 3716
f 3712 3714 3713
f 3712 3713 3703
f 3713 3715 3703
f 3712 3707 3714
f 3713 3714 3715
f 3714 3717 3715
f 3704 3715 3721
f 3721 3715 3717
f 3714 3716 3717
f 3716 5197 3717
f 3721 3717 5204
f 3644 3718 3658
f 3718 3720 3658
f 3658 3719 3659
f 3720 3719 3658
f 3720 3721 3719
f 3721 3724 3719
f 3719 3724 3662
f 3662 3724 3722
f 3663 3722 3803
f 3724 3723 3722
f 3723 3803 3722
f 3723 3807 3803
f 3721 5204 3724
f 3724 3725 3723
f 3723 3726 3807
f 3723 3725 5205
f 5206 3807 3726
f 3723 5205 3726
f 3629 3630 3727
f 3630 3647 3756
f 3630 3728 3727
f 3727 3732 3730
f 3727 3728 3732
f 3630 3756 3728
f 3728 3756 3734
f 3632 3729 3731
f 3631 3727 3729
f 3642 3731 3746
f 3731 3729 3730
f 3729 3727 3730
f 3731 3730 3735
f 3731 3735 3746
f 3746 3735 3736
f 3732 3728 3733
f 3732 3733 3737
f 3728 3734 3733
f 3733 3738 3739
f 3733 3734 3738
f 3730 3732 3735
f 3735 3737 3736
f 3736 3737 3749
f 3732 3737 3735
f 3737 3733 3739
f 3738 3761 3740
f 3737 3741 3749
f 3737 3739 3742
f 3739 3738 3740
f 3739 3740 3742
f 3742 3740 3743
f 3740 3761 3743
f 3737 3742 3741
f 3741 3742 3744
f 3741 3744 3750
f 3742 3743 3744
f 3642 3746 3745
f 3746 3736 3747
f 3745 3746 3748
f 3745 3748 3779
f 3746 3747 3748
f 3747 3752 3774
f 3747 3774 3748
f 3747 3736 3749
f 3747 3749 3752
f 3749 3741 3750
f 3749 3750 3753
f 3743 3771 3751
f 3750 3751 3753
f 3752 3749 3753
f 3753 3751 3754
f 3751 3771 3754
f 3750 3744 3751
f 3743 3751 3744
f 3752 3753 3755
f 3753 3754 3755
f 3772 3773 3754
f 3772 3754 3771
f 3752 3755 3776
f 3754 3787 3755
f 3754 3773 3787
f 3647 3651 3758
f 3647 3758 3756
f 3734 3756 3760
f 3756 3758 3760
f 3651 3757 3758
f 3757 3764 3766
f 3758 3759 3760
f 3758 3757 3759
f 3757 3766 3759
f 3759 3766 3767
f 3762 3759 3767
f 3734 3760 3738
f 3760 3759 3762
f 3760 3762 3761
f 3760 3761 3738
f 3762 3767 3763
f 3743 3761 3763
f 3762 3763 3761
f 3764 3765 3766
f 3764 3663 3765
f 3765 3767 3766
f 3770 3767 3768
f 3765 3663 3803
f 3765 3803 3801
f 3768 3767 3801
f 3765 3801 3767
f 3768 3769 3773
f 3770 3763 3767
f 3743 3763 3771
f 3770 3771 3763
f 3770 3772 3771
f 3770 3768 3772
f 3772 3768 3773
f 3779 3748 3780
f 3780 3748 3775
f 3748 3774 3775
f 3752 3776 3774
f 3775 3774 3782
f 3774 3776 3777
f 3776 3787 3777
f 3774 3777 3782
f 3777 3787 3778
f 3780 3775 3781
f 3779 3780 3698
f 3781 3775 3788
f 3788 3775 3782
f 3777 3783 3782
f 3782 3783 3784
f 3777 3778 3783
f 3783 3778 3805
f 3783 3805 3786
f 3788 3782 3784
f 3786 3805 3785
f 3784 3786 3785
f 3784 3783 3786
f 3755 3787 3776
f 3773 3778 3787
f 3780 3781 3789
f 3780 3789 3698
f 3781 3788 3795
f 3781 3795 3789
f 3788 3791 3795
f 3790 3792 3794
f 3791 3794 3792
f 3788 3784 3793
f 3788 3793 3791
f 3784 3785 3793
f 3793 3785 3790
f 3793 3790 3794
f 3793 3794 3791
f 3789 3795 3796
f 3795 3791 3797
f 3795 3797 3799
f 3791 3792 3797
f 3797 3792 3798
f 3796 3795 3799
f 3796 3799 5254
f 3799 3800 5254
f 3799 3797 3800
f 3800 3798 5256
f 5254 3800 5256
f 3797 3798 3800
f 3768 3801 3802
f 3768 3802 3804
f 3768 3804 3769
f 3773 3769 3778
f 3778 3769 3804
f 3802 3801 3807
f 3803 3807 3801
f 3802 3807 3806
f 3804 3802 3805
f 3802 3806 3805
f 3778 3804 3805
f 3785 3805 3806
f 3785 3806 3790
f 3790 3806 3792
f 3806 3807 5206
f 3806 3798 3792
f 3806 5206 3798
f 3798 5206 5256
f 5161 5160 3684
f 2186 5160 5161
f 5161 3684 5163
f 5161 5163 5162
f 2186 5161 5165
f 5161 5162 5165
f 5163 3685 5164
f 5163 5164 5162
f 2187 2214 3689
f 5165 5162 5166
f 2213 5166 5162
f 2530 5162 3696
f 2530 3696 5167
f 5168 3697 5169
f 5167 3697 5168
f 3796 5255 3699
f 5169 3699 5170
f 5170 3699 5171
f 3699 5255 5171
f 5255 5172 5171
f 5255 5259 5172
f 5258 5173 5259
f 5168 5169 5179
f 5169 5170 5179
f 5179 5170 5180
f 5170 5171 5181
f 5171 5174 5175
f 5171 5172 5174
f 5172 5259 5173
f 5172 5173 5174
f 5173 5176 5174
f 5171 5175 5181
f 5182 5175 5176
f 5175 5174 5176
f 5173 5183 5176
f 5167 5168 5177
f 5168 5179 5178
f 5168 5178 5177
f 5178 5189 5215
f 5170 5181 5180
f 5178 5179 5180
f 5180 5181 5188
f 5181 5185 5188
f 5186 5191 5187
f 5181 5175 5182
f 5181 5182 5184
f 5182 5176 5183
f 5182 5183 5184
f 5184 5183 5186
f 5181 5184 5185
f 5185 5184 5187
f 5185 5187 5190
f 5184 5186 5187
f 5180 5188 5189
f 5178 5180 5189
f 5188 5192 5189
f 5185 5190 5188
f 5188 5190 5193
f 5190 5187 5191
f 5190 5191 5193
f 5189 5192 5223
f 5188 5193 5192
f 5192 5193 5194
f 5192 5194 5223
f 5193 5191 5194
f 5194 5191 5225
f 2214 5195 3708
f 3709 5195 3710
f 5195 5196 3710
f 2214 2216 5195
f 2216 5198 5195
f 5195 5198 5196
f 3710 5197 3711
f 3710 5196 5197
f 2216 5199 5198
f 5198 5200 5196
f 5198 5199 5200
f 5196 5200 5197
f 5197 5200 5202
f 3717 5197 5204
f 5197 5202 5204
f 5199 5201 5200
f 5201 5202 5200
f 2228 5202 5201
f 5202 5246 5204
f 5203 3725 3724
f 5204 5203 3724
f 5208 3725 5210
f 3726 5205 5207
f 5208 5205 3725
f 5258 5256 5206
f 5206 3726 5207
f 5258 5206 5173
f 5206 5207 5211
f 5208 5207 5205
f 5206 5211 5212
f 5173 5206 5183
f 5206 5212 5183
f 5203 5210 3725
f 5208 5209 5207
f 5208 5210 5248
f 5250 5211 5209
f 5208 5248 5209
f 5250 5209 5249
f 5209 5248 5249
f 5211 5207 5209
f 5183 5212 5186
f 5186 5212 5191
f 5250 5212 5211
f 5225 5191 5212
f 2530 5167 5177
f 5213 5216 5214
f 2530 5177 5213
f 5213 5214 5397
f 5214 5238 5396
f 5177 5178 5216
f 5178 5215 5217
f 5215 5189 5224
f 5178 5217 5216
f 5215 5218 5217
f 5215 5224 5218
f 5218 5224 5226
f 5220 5229 5228
f 5177 5216 5213
f 5216 5217 5230
f 5217 5218 5231
f 5218 5226 5219
f 5218 5219 5222
f 5219 5229 5220
f 5219 5220 5222
f 5218 5221 5231
f 5218 5222 5221
f 5222 5234 5221
f 5222 5220 5234
f 5220 5233 5234
f 5189 5223 5224
f 5223 5227 5224
f 5223 5194 5225
f 5223 5225 5227
f 5225 5228 5227
f 5224 5227 5226
f 5226 5227 5229
f 5227 5228 5229
f 5219 5226 5229
f 5217 5231 5230
f 5216 5230 5238
f 5216 5238 5214
f 5231 5235 5230
f 5231 5221 5232
f 5231 5232 5236
f 5221 5234 5232
f 5232 5234 5233
f 5232 5233 5236
f 5231 5236 5235
f 5235 5236 5244
f 5236 5233 5237
f 5236 5237 5244
f 5230 5239 5238
f 5238 5239 5396
f 5230 5240 5239
f 5230 5235 5240
f 5244 5241 5240
f 5240 5241 5242
f 5239 5240 5242
f 5417 5239 5242
f 5242 5241 5243
f 5242 5243 5419
f 5235 5244 5240
f 5244 5237 5241
f 2228 5424 5202
f 5204 5246 5203
f 5203 5245 5210
f 5203 5246 5245
f 5248 5245 5247
f 5202 5424 5246
f 5252 5253 5429
f 5427 5247 5245
f 5247 5429 5253
f 5246 5427 5245
f 5252 5429 5428
f 5427 5429 5247
f 5210 5245 5248
f 5250 5249 5252
f 5248 5253 5249
f 5250 5251 5212
f 5225 5251 5228
f 5248 5247 5253
f 5252 5249 5253
f 5250 5252 5251
f 5220 5228 5251
f 5220 5251 5233
f 5225 5212 5251
f 5251 5448 5237
f 5251 5252 5448
f 5251 5237 5233
f 5237 5448 5241
f 5252 5428 5448
f 5448 5243 5241
f 3796 5254 5255
f 5255 5254 5257
f 5254 5256 5257
f 5257 5256 5258
f 5255 5257 5259
f 5257 5258 5259
f 2530 5213 5398
f 5398 5213 5397
f 5214 5396 5397
f 5397 5396 5399
f 5396 5420 5400
f 5398 5397 5405
f 5397 5399 5405
f 5396 5400 5399
f 5399 5400 5407
f 5420 5422 5400
f 5400 5422 5402
f 5422 5401 5402
f 5402 5401 5441
f 2530 5398 5403
f 5398 5405 5403
f 5403 5405 5410
f 2531 5403 5404
f 2531 5404 5452
f 5403 5410 5404
f 5399 5407 5405
f 5410 5405 5406
f 5405 5407 5406
f 5406 5407 5412
f 5400 5408 5407
f 5400 5402 5408
f 5402 5409 5408
f 5402 5441 5409
f 5407 5408 5412
f 5408 5409 5413
f 5441 5414 5409
f 5410 5411 5404
f 5410 5406 5411
f 5406 5412 5411
f 5404 5411 5454
f 5411 5412 5415
f 5458 5411 5415
f 5412 5408 5413
f 5412 5413 5415
f 5413 5409 5414
f 5413 5414 5416
f 5413 5416 5415
f 5415 5416 5461
f 5414 5446 5416
f 5416 5446 5462
f 5396 5239 5420
f 5420 5239 5417
f 5417 5242 5419
f 5417 5418 5421
f 5417 5419 5418
f 5418 5419 5243
f 5420 5417 5421
f 5420 5421 5422
f 5421 5418 5449
f 5421 5449 5423
f 5422 5421 5423
f 5423 5449 5401
f 5422 5423 5401
f 5246 5425 5427
f 5246 5424 5425
f 5424 5433 5425
f 5425 5426 5427
f 5433 5426 5425
f 5427 5426 5429
f 5428 5449 5448
f 5428 5429 5431
f 5428 5432 5449
f 5431 5429 5430
f 5426 5430 5429
f 5431 5430 5440
f 5428 5431 5432
f 5401 5449 5432
f 5441 5432 5431
f 5441 5401 5432
f 5433 5435 5426
f 5433 5434 5435
f 5426 5435 5430
f 5434 5436 5435
f 5436 5437 5435
f 5435 5437 5443
f 5436 5439 5437
f 5437 5439 5444
f 5436 5438 5439
f 5438 5495 5439
f 5431 5440 5442
f 5430 5435 5440
f 5442 5440 5443
f 5435 5443 5440
f 5441 5431 5442
f 5441 5442 5414
f 5442 5443 5445
f 5437 5444 5443
f 5445 5443 5444
f 5444 5439 5497
f 5445 5444 5447
f 5444 5497 5447
f 5414 5442 5445
f 5414 5445 5446
f 5445 5447 5446
f 5446 5447 5496
f 5462 5446 5496
f 5418 5243 5448
f 5418 5448 5449
f 2574 5450 5463
f 5453 5455 5450
f 5455 5457 5450
f 5457 5451 5450
f 5463 5451 5467
f 5450 5451 5463
f 5460 5468 5451
f 5467 5451 5483
f 5483 5451 5468
f 5453 5452 5454
f 5452 5404 5454
f 5453 5454 5455
f 5455 5454 5456
f 5457 5456 5458
f 5454 5411 5456
f 5456 5411 5458
f 5455 5456 5457
f 5458 5415 5459
f 5458 5459 5460
f 5471 5459 5461
f 5457 5458 5460
f 5460 5459 5471
f 5415 5461 5459
f 5461 5416 5462
f 5457 5460 5451
f 5460 5471 5468
f 2574 5463 5464
f 2573 5464 5465
f 5464 5463 5466
f 2576 5485 2577
f 2576 5465 5485
f 5463 5467 5466
f 5464 5466 5465
f 5466 5467 5483
f 5466 5483 5484
f 5465 5487 5485
f 5485 5486 2577
f 5465 5466 5487
f 5468 5477 5469
f 5483 5468 5469
f 5469 5477 5478
f 5469 5478 5470
f 5469 5470 5488
f 5478 5572 5470
f 5471 5472 5477
f 5471 5474 5472
f 5472 5474 5476
f 5461 5473 5474
f 5461 5462 5473
f 5471 5461 5474
f 5474 5475 5476
f 5474 5473 5475
f 5473 5521 5475
f 5476 5475 5480
f 5475 5523 5480
f 5471 5477 5468
f 5472 5478 5477
f 5472 5479 5478
f 5472 5476 5479
f 5476 5480 5479
f 5523 5529 5480
f 5478 5479 5572
f 5479 5573 5572
f 5479 5481 5573
f 5479 5480 5481
f 5480 5482 5481
f 5480 5529 5482
f 5481 5482 5577
f 5466 5484 5487
f 5483 5469 5488
f 5483 5488 5484
f 5484 5489 5487
f 5487 5491 5485
f 5485 5491 5486
f 5484 5488 5489
f 5488 5470 5583
f 5488 5583 5489
f 5491 5490 5486
f 5491 5493 5492
f 5491 5492 5490
f 5493 5587 5492
f 5487 5489 5491
f 5489 5588 5491
f 5491 5588 5493
f 5438 5494 5495
f 2580 5495 5494
f 2580 2581 5495
f 5439 5495 5498
f 5495 5504 5498
f 5497 5500 5447
f 5462 5496 5520
f 5447 5500 5496
f 5496 5500 5501
f 5520 5496 5501
f 5439 5498 5497
f 5497 5498 5500
f 5498 5499 5500
f 5498 5505 5499
f 5499 5501 5500
f 5499 5526 5501
f 5499 5502 5526
f 2581 5504 5495
f 5498 5504 5505
f 2581 5503 5504
f 5504 5506 5505
f 5503 5506 5504
f 5503 5510 5514
f 5503 5514 5506
f 5499 5505 5508
f 5505 5507 5508
f 5505 5506 5507
f 5506 5514 5507
f 5499 5508 5502
f 5502 5508 5536
f 5508 5509 5536
f 5507 5509 5508
f 5507 5514 5509
f 5510 5511 5512
f 5510 5512 5514
f 5511 5513 5512
f 5518 2582 5516
f 5514 5543 5509
f 5514 5512 5515
f 5512 5513 5515
f 5514 5515 5543
f 5543 5515 5544
f 5515 5517 5544
f 5513 5517 5515
f 5513 5518 5517
f 5518 5516 5519
f 5517 5518 5547
f 5518 5519 5547
f 5462 5520 5473
f 5473 5520 5521
f 5520 5522 5521
f 5520 5501 5522
f 5521 5522 5524
f 5475 5521 5523
f 5521 5524 5523
f 5522 5527 5524
f 5523 5524 5525
f 5524 5527 5525
f 5501 5526 5522
f 5522 5526 5527
f 5527 5526 5528
f 5526 5502 5528
f 5527 5532 5525
f 5527 5533 5532
f 5527 5528 5533
f 5528 5539 5533
f 5523 5525 5531
f 5523 5531 5529
f 5525 5532 5531
f 5529 5530 5482
f 5529 5531 5530
f 5530 5531 5640
f 5531 5534 5640
f 5532 5533 5535
f 5533 5539 5535
f 5532 5534 5531
f 5532 5535 5534
f 5534 5535 5642
f 5502 5536 5528
f 5536 5509 5537
f 5509 5542 5537
f 5528 5536 5539
f 5536 5537 5539
f 5537 5542 5538
f 5537 5538 5539
f 5539 5540 5541
f 5538 5540 5539
f 5535 5539 5541
f 5541 5540 5550
f 5535 5541 5647
f 5647 5541 5550
f 5509 5543 5542
f 5542 5552 5538
f 5543 5544 5542
f 5542 5544 5552
f 5544 5545 5552
f 5517 5545 5544
f 5517 5547 5545
f 5547 5519 5546
f 5547 5546 5548
f 5545 5547 5554
f 5545 5554 5552
f 5547 5548 5554
f 5554 5548 5555
f 5538 5549 5540
f 5538 5552 5549
f 5549 5552 5551
f 5540 5549 5550
f 5549 5551 5550
f 5551 5552 5553
f 5550 5551 5650
f 5551 5553 5650
f 5553 5552 5554
f 5554 5555 5557
f 5553 5554 5558
f 5554 5557 5558
f 5553 5558 5556
f 5553 5556 5652
f 5652 5556 5654
f 5559 5566 6214
f 5561 5559 6174
f 5561 5566 5559
f 5560 5568 5564
f 5610 5560 5564
f 5561 5563 5562
f 5565 5561 6174
f 5565 5563 5561
f 5561 5562 5566
f 5563 5564 5562
f 5608 5564 5563
f 5565 5613 5563
f 5564 5568 5562
f 5566 5567 6214
f 5560 5678 5568
f 5678 5681 5568
f 5562 5568 5566
f 5568 5567 5566
f 5568 5681 5569
f 5568 5569 5567
f 5567 5569 6220
f 5470 5572 5570
f 5470 5570 5583
f 5583 5570 5571
f 5585 5571 5576
f 5572 5573 5574
f 5573 5481 5577
f 5573 5577 5574
f 5570 5572 5574
f 5570 5574 5571
f 5574 5578 5575
f 5574 5577 5578
f 5571 5574 5575
f 5571 5575 5576
f 5577 5482 5579
f 5482 5530 5579
f 5530 5641 5579
f 5577 5579 5578
f 5575 5578 5581
f 5576 5575 5580
f 5593 5576 5580
f 5575 5581 5603
f 5575 5603 5580
f 5578 5579 5582
f 5578 5582 5581
f 5579 5641 5644
f 5579 5644 5582
f 5582 5644 5669
f 5489 5583 5584
f 5489 5584 5588
f 5584 5586 5588
f 5583 5585 5586
f 5583 5571 5585
f 5583 5586 5584
f 5493 5590 5587
f 5493 5588 5591
f 5493 5591 5590
f 5588 5586 5589
f 5588 5589 5591
f 5591 5592 5590
f 5591 5589 5597
f 5591 5596 5592
f 5591 5597 5596
f 5585 5576 5593
f 5585 5593 5586
f 5586 5594 5599
f 5586 5593 5594
f 5593 5619 5594
f 5593 5580 5619
f 5594 5619 5620
f 5599 5594 5620
f 5589 5586 5599
f 5589 5599 5597
f 5597 5598 5596
f 5597 5600 5598
f 5597 5599 5623
f 5599 5622 5623
f 5597 5623 5600
f 5623 5624 5600
f 5628 5617 5630
f 5606 5669 5666
f 5606 5601 5607
f 5607 5601 5612
f 5606 5666 5601
f 5601 5666 5677
f 5581 5602 5603
f 5603 5602 5605
f 5580 5603 5604
f 5580 5604 5619
f 5604 5603 5605
f 5605 5602 5607
f 5605 5607 5614
f 5604 5605 5616
f 5604 5616 5628
f 5581 5606 5602
f 5581 5582 5606
f 5606 5607 5602
f 5582 5669 5606
f 5614 5607 5612
f 5615 5612 5608
f 5615 5608 5609
f 5609 5608 5613
f 5609 5613 6249
f 5618 5609 6249
f 5612 5611 5610
f 5610 5564 5608
f 5612 5610 5608
f 5601 5677 5611
f 5610 5611 5560
f 5611 5678 5560
f 5612 5601 5611
f 5608 5563 5613
f 5616 5605 5614
f 5616 5614 5615
f 5616 5615 5617
f 5614 5612 5615
f 5615 5609 5617
f 5616 5617 5628
f 5617 5609 5618
f 5617 5618 5630
f 5619 5628 5620
f 5599 5620 5622
f 5619 5604 5628
f 5620 5628 5629
f 5620 5629 5622
f 5623 5625 5624
f 5622 5625 5623
f 5622 5626 5625
f 5622 5627 5626
f 5622 5634 5627
f 5629 5628 5630
f 5629 5630 5631
f 5629 5631 5634
f 5631 5630 5632
f 5634 5631 5632
f 5622 5629 5634
f 5634 5635 5627
f 5634 5632 6258
f 5634 6258 5636
f 5634 5636 5635
f 5636 5637 5635
f 5636 5638 5637
f 5636 5639 5638
f 5530 5640 5641
f 5641 5640 5643
f 5640 5645 5643
f 5640 5534 5645
f 5534 5642 5645
f 5642 5535 5647
f 5642 5646 5645
f 5642 5648 5646
f 5641 5643 5644
f 5644 5670 5669
f 5644 5643 5670
f 5643 5645 5670
f 5645 5646 5671
f 5645 5671 5670
f 5646 5673 5671
f 5646 5648 5673
f 5648 5688 5673
f 5642 5647 5648
f 5647 5649 5648
f 5648 5660 5688
f 5647 5550 5649
f 5550 5650 5649
f 5649 5650 5659
f 5650 5651 5659
f 5553 5651 5650
f 5553 5656 5651
f 5553 5652 5656
f 5652 5654 5655
f 5652 5655 5656
f 5656 5655 5657
f 5656 5657 5658
f 5651 5656 5664
f 5656 5658 5664
f 5648 5649 5660
f 5649 5659 5660
f 5659 5663 5691
f 5659 5691 5660
f 5651 5663 5659
f 5651 5664 5663
f 5664 5658 5662
f 5664 5662 5665
f 5663 5664 5697
f 5664 5665 5697
f 5669 5667 5666
f 5666 5668 5677
f 5666 5667 5668
f 5669 5670 5667
f 5670 5671 5672
f 5667 5670 5672
f 5667 5674 5668
f 5671 5673 5672
f 5672 5673 5674
f 5673 5688 5674
f 5667 5672 5674
f 5668 5674 5675
f 5675 5674 5676
f 5674 5688 5692
f 5674 5692 5676
f 5611 5677 5678
f 5677 5680 5678
f 5678 5679 5681
f 5678 5680 5679
f 5677 5668 5680
f 5668 5675 5680
f 5680 5684 5679
f 5681 5682 5569
f 5679 5682 5681
f 5569 5682 5683
f 5569 5683 6220
f 5679 5685 5682
f 5680 5675 5684
f 5679 5684 5685
f 5682 5685 5686
f 5685 5687 5686
f 5682 5686 5683
f 5684 5675 5676
f 5684 5676 5687
f 5684 5687 5685
f 5676 5704 5687
f 5686 5687 6328
f 5704 5689 5687
f 5687 5689 6328
f 5692 5704 5676
f 5688 5660 5690
f 5688 5690 5692
f 5660 5691 5690
f 5690 5691 5694
f 5692 5690 5693
f 5692 5693 5704
f 5690 5699 5693
f 5690 5694 5699
f 5693 5699 5705
f 5663 5694 5691
f 5663 5697 5694
f 5697 5700 5694
f 5697 5665 5696
f 5697 5696 5698
f 5697 5698 5701
f 5694 5700 5699
f 5699 5700 5712
f 5697 5701 5700
f 5700 5701 5702
f 5700 5702 5712
f 5712 5702 5703
f 5704 5693 5706
f 5704 5706 5707
f 5706 5693 5705
f 5706 5709 5707
f 5706 5705 5709
f 5704 5707 5689
f 5689 5707 5708
f 5707 5716 5708
f 5709 5716 5707
f 5708 5716 5710
f 5699 5712 5705
f 5705 5711 5709
f 5705 5712 5711
f 5712 5703 5713
f 5712 5713 5714
f 5712 5714 5711
f 5711 5714 5715
f 5709 5711 5716
f 5711 5717 5716
f 5716 6343 5710
f 5716 6958 6343
f 5711 5715 5717
f 5716 5717 6602
f 5717 5715 5718
f 5717 5718 5719
f 5717 5719 6603
f 5716 6602 6958
f 5717 6603 6602
f 5859 6158 5856
f 5856 5857 5860
f 5859 5858 5862
f 5859 5862 6162
f 5859 5856 5860
f 5859 5860 5858
f 5860 5857 5868
f 5860 5868 5858
f 5858 5870 5861
f 5861 5870 5872
f 6162 5862 5863
f 5862 5858 5861
f 5861 5872 5864
f 5862 5861 5863
f 5861 5864 5863
f 5864 5872 5873
f 5864 5873 5866
f 5863 5864 5865
f 5863 5865 6180
f 5865 5864 5866
f 5866 5873 5875
f 5865 5866 5867
f 5865 5867 6185
f 5866 5875 5877
f 5866 5877 5867
f 5867 5877 6186
f 5857 6205 5868
f 6205 6208 5868
f 5868 5870 5858
f 5868 6208 5869
f 5868 5869 5870
f 5870 5871 5872
f 5869 5871 5870
f 5869 6209 5871
f 5871 6209 6228
f 5872 5871 5874
f 5871 6228 5874
f 5872 5874 5873
f 5874 6228 6232
f 5873 5876 5875
f 5875 5876 5877
f 5873 5874 5876
f 5874 6232 5876
f 5876 6232 6230
f 6186 5877 6230
f 5877 5876 6230
f 6153 6151 6160
f 6151 6200 6204
f 6153 6200 6151
f 6171 6166 6152
f 6152 6201 6202
f 6166 6201 6152
f 6156 6155 6154
f 6153 6156 6154
f 6153 6160 6164
f 6153 6164 6156
f 6154 6202 6200
f 6155 6202 6154
f 6153 6154 6200
f 6171 6152 6155
f 6170 6155 6156
f 6170 6171 6155
f 6156 6164 6172
f 6170 6156 6172
f 6155 6152 6202
f 6157 5856 6158
f 6157 6159 5857
f 6157 6204 6159
f 6157 5857 5856
f 6151 6157 6160
f 6157 6158 6161
f 6157 6161 6160
f 6163 6161 6158
f 6163 6165 6161
f 6151 6204 6157
f 5859 6162 6158
f 6163 6158 6162
f 6163 6178 6165
f 6164 6160 6161
f 6164 6161 6165
f 6164 6165 6172
f 6168 6167 6169
f 6171 6169 6166
f 6166 6169 6167
f 6201 6167 6214
f 6168 6214 6167
f 6166 6167 6201
f 6168 6169 6173
f 6168 6173 6174
f 6173 6169 6175
f 6168 5559 6214
f 6168 6174 5559
f 6170 6169 6171
f 6170 6172 6175
f 6170 6175 6169
f 5565 6174 6173
f 5565 6173 6176
f 6173 6175 6176
f 5565 6176 5613
f 5613 6176 6253
f 6176 6175 6177
f 6176 6177 6253
f 6175 6172 6192
f 6172 6165 6192
f 6175 6192 6177
f 6253 6177 6254
f 6177 6192 6193
f 6177 6193 6254
f 6163 6162 6182
f 6163 6182 6178
f 6162 5863 6180
f 6162 6180 6182
f 6165 6178 6192
f 6182 6179 6178
f 6182 6180 6181
f 6180 5865 6181
f 6182 6181 6183
f 6181 6184 6183
f 5865 6185 6181
f 6181 6185 6184
f 6185 6231 6187
f 6185 5867 6186
f 6185 6186 6231
f 6185 6187 6184
f 6231 6236 6187
f 6182 6183 6179
f 6188 6183 6184
f 6188 6184 6189
f 6184 6187 6189
f 6189 6187 6236
f 6179 6183 6188
f 6179 6188 6198
f 6188 6189 6198
f 6189 6236 6248
f 6178 6190 6192
f 6178 6179 6190
f 6179 6198 6191
f 6179 6191 6190
f 6191 6199 6196
f 6192 6190 6193
f 6193 6190 6194
f 6193 6194 6270
f 6190 6191 6195
f 6194 6190 6195
f 6195 6191 6196
f 6199 6243 6196
f 6194 6195 6197
f 6194 6197 6271
f 6195 6196 6197
f 6197 6196 6246
f 6189 6248 6198
f 6198 6248 6199
f 6191 6198 6199
f 6200 6206 6204
f 6201 6215 6203
f 6202 6203 6200
f 6200 6203 6206
f 6203 6212 6206
f 6201 6203 6202
f 6203 6217 6212
f 6159 6204 6205
f 6204 6207 6205
f 6159 6205 5857
f 6205 6207 6208
f 6204 6206 6207
f 6206 6211 6207
f 6207 6210 6208
f 6207 6211 6210
f 5869 6208 6209
f 6208 6225 6209
f 6208 6210 6225
f 6210 6213 6225
f 6206 6212 6211
f 6211 6222 6210
f 6211 6212 6222
f 6217 6222 6212
f 6222 6213 6210
f 6201 6214 6215
f 6214 5567 6215
f 5567 6219 6215
f 6215 6219 6218
f 6203 6215 6216
f 6203 6216 6217
f 6217 6216 6218
f 6215 6218 6216
f 6217 6218 6223
f 5567 6220 6219
f 6219 6221 6218
f 6220 6325 6221
f 6220 6221 6219
f 6218 6221 6224
f 6218 6224 6223
f 6221 6326 6224
f 6217 6223 6222
f 6222 6238 6213
f 6222 6223 6238
f 6223 6224 6241
f 6224 6332 6241
f 6223 6241 6238
f 6209 6225 6228
f 6225 6213 6226
f 6225 6226 6228
f 6213 6238 6227
f 6213 6227 6226
f 6226 6227 6235
f 6228 6226 6229
f 6228 6229 6232
f 6233 6232 6229
f 6226 6235 6229
f 6235 6234 6229
f 6233 6229 6234
f 6230 6232 6233
f 6231 6230 6233
f 6186 6230 6231
f 6231 6233 6236
f 6233 6234 6236
f 6235 6237 6234
f 6236 6237 6248
f 6236 6234 6237
f 6227 6237 6235
f 6227 6238 6239
f 6227 6239 6240
f 6227 6240 6237
f 6238 6245 6239
f 6239 6245 6240
f 6238 6242 6245
f 6238 6241 6242
f 6242 6241 6349
f 6247 6242 6349
f 6244 6243 6240
f 6244 6240 6245
f 6196 6243 6244
f 6244 6245 6247
f 6244 6247 6246
f 6196 6244 6246
f 6247 6245 6242
f 6248 6237 6240
f 6199 6248 6243
f 6243 6248 6240
f 5613 6253 6249
f 5618 6249 6250
f 6249 6253 6251
f 6250 6249 6251
f 5618 6250 6268
f 5630 5618 6268
f 6268 6250 6255
f 6253 6254 6251
f 6251 6254 6252
f 6255 6251 6252
f 6250 6251 6255
f 6268 6255 6269
f 6255 6252 6275
f 6255 6275 6276
f 6255 6276 6285
f 5632 5630 6268
f 5632 6268 6256
f 5632 6256 6258
f 6258 6256 6261
f 6258 6259 5636
f 5636 6260 5639
f 6259 6260 5636
f 6258 6265 6259
f 6259 6264 6260
f 6256 6269 6261
f 6261 6269 6285
f 6261 6285 6265
f 6258 6261 6265
f 6259 6266 6264
f 6259 6265 6266
f 6266 6267 6264
f 6266 6265 6290
f 6256 6268 6269
f 6269 6255 6285
f 6252 6270 6275
f 6270 6279 6275
f 6254 6193 6270
f 6254 6270 6252
f 6270 6194 6271
f 6270 6271 6272
f 6270 6272 6279
f 6271 6197 6273
f 6271 6273 6272
f 6197 6246 6273
f 6273 6246 6352
f 6272 6274 6280
f 6272 6273 6274
f 6273 6352 6274
f 6274 6352 6281
f 6277 6275 6279
f 6277 6302 6276
f 6277 6276 6275
f 6277 6279 6278
f 6277 6278 6303
f 6303 6278 6282
f 6279 6272 6280
f 6279 6280 6278
f 6280 6281 6282
f 6274 6281 6280
f 6282 6281 6283
f 6278 6280 6282
f 6303 6282 6305
f 6282 6284 6305
f 6282 6283 6284
f 6285 6286 6287
f 6289 6286 6304
f 6265 6285 6287
f 6265 6287 6290
f 6266 6290 6267
f 6290 6288 6267
f 6290 6291 6288
f 6289 6287 6286
f 6289 6290 6287
f 6289 6304 6295
f 6289 6295 6297
f 6290 6292 6291
f 6289 6297 6290
f 6290 6297 6292
f 6297 6298 6292
f 6297 6295 6296
f 6297 6299 6298
f 6297 6296 6299
f 6296 6300 6299
f 6296 6295 6311
f 6296 6311 6300
f 6276 6286 6285
f 6276 6302 6286
f 6302 6303 6304
f 6277 6303 6302
f 6303 6305 6307
f 6302 6304 6286
f 6303 6306 6304
f 6306 6307 6308
f 6303 6307 6306
f 6307 6310 6308
f 6305 6284 6309
f 6307 6305 6309
f 6309 6284 6366
f 6307 6309 6310
f 6309 6367 6310
f 6309 6366 6367
f 6310 6367 6372
f 6304 6306 6295
f 6295 6306 6311
f 6311 6306 6308
f 6311 6312 6300
f 6311 6313 6312
f 6311 6308 6314
f 6308 6310 6314
f 6311 6317 6313
f 6317 6315 6313
f 6311 6314 6317
f 6317 6314 6320
f 6317 6316 6315
f 6317 6318 6316
f 6317 6321 6318
f 6310 6372 6314
f 6314 6372 6320
f 6317 6320 6321
f 6320 6322 6321
f 6320 6323 6322
f 6320 6372 6373
f 6320 6373 6323
f 6220 5683 6325
f 6221 6325 6326
f 5683 5686 6325
f 5686 6327 6325
f 5686 6328 6327
f 6325 6327 6326
f 6326 6327 6333
f 5689 6329 6328
f 6328 6329 6330
f 6327 6328 6330
f 6327 6330 6334
f 6330 6329 6331
f 6330 6331 6337
f 6326 6332 6224
f 6326 6333 6332
f 6332 6348 6241
f 6332 6350 6348
f 6332 6333 6350
f 6327 6334 6333
f 6333 6336 6350
f 6330 6335 6334
f 6333 6334 6336
f 6330 6337 6335
f 6334 6359 6336
f 6334 6335 6359
f 6335 6337 6359
f 6337 6362 6359
f 6329 6338 6331
f 5689 5708 6329
f 6329 5708 6338
f 5708 5710 6338
f 6338 5710 6339
f 6331 6338 6346
f 6338 6339 6346
f 6339 6340 6346
f 6339 5710 6341
f 5710 6343 6341
f 6339 6341 6342
f 6339 6342 6340
f 6341 6344 6342
f 6343 6344 6341
f 6342 6344 6345
f 6331 6346 6337
f 6337 6346 6362
f 6346 6340 6384
f 6382 6362 6346
f 6382 6346 6384
f 6340 6347 6384
f 6342 6347 6340
f 6342 6345 6347
f 6345 6388 6347
f 6241 6348 6349
f 6247 6349 6353
f 6349 6348 6351
f 6349 6351 6353
f 6350 6351 6348
f 6350 6358 6351
f 6351 6354 6353
f 6246 6247 6352
f 6247 6353 6352
f 6352 6355 6281
f 6352 6353 6355
f 6355 6353 6354
f 6351 6358 6354
f 6358 6357 6354
f 6281 6355 6283
f 6283 6355 6356
f 6355 6354 6357
f 6355 6357 6356
f 6283 6356 6284
f 6284 6356 6365
f 6356 6361 6365
f 6356 6357 6361
f 6350 6336 6358
f 6336 6359 6358
f 6358 6359 6360
f 6358 6360 6357
f 6360 6359 6362
f 6357 6363 6361
f 6360 6363 6357
f 6360 6362 6363
f 6362 6383 6363
f 6361 6363 6364
f 6361 6364 6370
f 6363 6383 6364
f 6284 6365 6366
f 6365 6368 6366
f 6365 6361 6370
f 6365 6370 6368
f 6366 6368 6367
f 6367 6368 6369
f 6372 6367 6369
f 6368 6370 6371
f 6368 6371 6369
f 6364 6391 6370
f 6370 6391 6371
f 6372 6378 6373
f 6372 6369 6378
f 6373 6374 6323
f 6373 6378 6375
f 6373 6375 6374
f 6369 6371 6377
f 6391 6392 6371
f 6371 6392 6377
f 6377 6392 6398
f 6369 6377 6378
f 6378 6379 6375
f 6378 6380 6379
f 6378 6377 6398
f 6378 6398 6380
f 6382 6383 6362
f 6382 6384 6383
f 6383 6384 6385
f 6384 6387 6385
f 6364 6383 6386
f 6383 6385 6386
f 6384 6347 6387
f 6386 6385 6389
f 6347 6388 6387
f 6387 6388 6390
f 6387 6389 6385
f 6387 6390 6389
f 6389 6390 6400
f 6364 6386 6391
f 6391 6393 6392
f 6391 6386 6393
f 6386 6389 6393
f 6392 6393 6401
f 6392 6396 6398
f 6398 6395 6394
f 6392 6401 6396
f 6398 6396 6395
f 6396 6397 6395
f 6398 6394 6380
f 6393 6389 6400
f 6393 6400 6401
f 6396 6401 6403
f 6396 6402 6397
f 6396 6403 6402
f 6403 6404 6402
f 6401 7006 6403
f 6403 7007 6404
f 6602 6603 6604
f 6602 6604 6958
f 6958 6604 6959
f 6343 6956 6344
f 6343 6958 6956
f 6344 6956 6957
f 6956 6964 6957
f 6957 6964 6966
f 6958 6962 6956
f 6962 6964 6956
f 6958 6959 6962
f 6962 6959 6960
f 6962 6963 6964
f 6962 6960 6963
f 6964 6963 6967
f 6344 6965 6345
f 6344 6957 6965
f 6957 6972 6965
f 6964 6969 6966
f 6966 6969 6973
f 6964 6967 6969
f 6969 6967 6968
f 6969 6968 6971
f 6969 6971 6974
f 6957 6966 6972
f 6966 6973 6972
f 6965 6972 6978
f 6972 6979 6978
f 6972 6981 6979
f 6973 6976 6972
f 6972 6976 6981
f 6969 6974 6973
f 6973 6974 6976
f 6976 6974 6975
f 6976 6975 6980
f 6345 6965 6977
f 6965 6978 6977
f 6345 6977 6388
f 6977 6978 7002
f 6978 6979 6987
f 7002 6978 6999
f 6981 6986 6979
f 6976 6982 6981
f 6976 6980 6982
f 6981 6984 6986
f 6981 6982 6984
f 6984 6982 6983
f 6984 6991 6986
f 6984 6983 6989
f 6984 6989 6991
f 6979 6986 6987
f 6978 6987 6999
f 6987 6986 6988
f 6986 6991 6988
f 6987 6988 6998
f 6987 6998 6999
f 6988 6991 6990
f 6988 6990 6998
f 6998 6990 7000
f 6991 6989 6993
f 6991 6993 6994
f 6991 6994 6996
f 6991 6996 6990
f 6996 6994 6995
f 6996 7034 6990
f 6990 7034 7000
f 6996 6995 6997
f 6996 6997 7034
f 7034 6997 7035
f 6998 7000 6999
f 6999 7000 7001
f 7000 7036 7001
f 6999 7001 7058
f 6388 6977 7002
f 6388 7002 7003
f 6388 7003 6390
f 6390 7003 6400
f 7002 7004 7003
f 7003 7004 7011
f 7002 7020 7004
f 6400 7005 6401
f 6400 7003 7011
f 6400 7011 7005
f 6401 7005 7006
f 6403 7006 7007
f 7005 7014 7006
f 7006 7008 7007
f 7006 7014 7008
f 7005 7011 7012
f 7004 7025 7011
f 7011 7013 7012
f 7012 7013 7016
f 7005 7012 7014
f 7014 7015 7008
f 7014 7017 7015
f 7012 7016 7014
f 7014 7016 7017
f 7016 7018 7017
f 7016 7022 7018
f 7002 6999 7020
f 7004 7020 7025
f 6999 7058 7020
f 7011 7025 7013
f 7013 7021 7016
f 7013 7026 7021
f 7016 7021 7023
f 7016 7023 7022
f 7023 7024 7022
f 7021 7027 7023
f 7023 7028 7024
f 7013 7025 7026
f 7021 7026 7027
f 7020 7076 7025
f 7023 7027 7070
f 7023 7070 7028
f 7070 7071 7028
f 7034 7035 7040
f 7036 7037 7001
f 7001 7037 7038
f 7038 7037 7039
f 7038 7039 7059
f 7000 7034 7036
f 7034 7041 7036
f 7036 7041 7042
f 7036 7042 7037
f 7034 7040 7041
f 7042 7041 7043
f 7042 7043 7044
f 7042 7044 7045
f 7037 7042 7039
f 7042 7045 7039
f 7039 7049 7059
f 7039 7045 7048
f 7039 7048 7049
f 7049 7048 7050
f 7049 7050 7063
f 7001 7038 7058
f 7038 7059 7058
f 7058 7059 7060
f 7058 7060 7068
f 7020 7058 7068
f 7020 7068 7076
f 7059 7063 7060
f 7060 7063 7061
f 7060 7061 7068
f 7061 7062 7068
f 7062 7087 7068
f 7059 7049 7063
f 7063 7050 7064
f 7063 7066 7061
f 7061 7066 7062
f 7063 7064 7066
f 7066 7064 7065
f 7066 7065 7067
f 7076 7068 7069
f 7068 7087 7069
f 7025 7076 7026
f 7026 7077 7027
f 7026 7076 7077
f 7027 7077 7073
f 7073 7077 7078
f 7027 7073 7070
f 7070 7074 7071
f 7070 7073 7075
f 7070 7075 7074
f 7073 7078 7075
f 7075 7079 7074
f 7076 7096 7077
f 7076 7069 7096
f 7077 7099 7078
f 7077 7096 7099
f 7075 7078 7081
f 7075 7081 7079
f 7081 7082 7079
f 7078 7099 7101
f 7078 7101 7081
f 7081 7101 7083
f 7081 7083 7082
f 7101 7103 7083
f 7066 7085 7062
f 7062 7085 7090
f 7066 7067 7085
f 7085 7067 7086
f 7085 7086 7091
f 7062 7090 7087
f 7087 7090 7089
f 7087 7088 7069
f 7087 7089 7088
f 7085 7091 7090
f 7090 7091 7092
f 7090 7092 7093
f 7093 7092 7094
f 7090 7093 7089
f 7093 7094 7095
f 7069 7088 7096
f 7096 7088 7089
f 7096 7089 7100
f 7093 7111 7089
f 7093 7095 7111
f 7111 7095 7098
f 7089 7111 7100
f 7096 7100 7099
f 7099 7100 7102
f 7099 7102 7101
f 7101 7105 7103
f 7101 7102 7105
f 7102 7106 7105
f 7102 7104 7106
f 7100 7111 7108
f 7111 7113 7108
f 7108 7113 7107
f 7100 7108 7102
f 7102 7108 7104
f 7108 7109 7104
f 7108 7107 7109
f 7111 7098 7113

