####
#
# OBJ File Generated by Meshlab
#
####
# Object wooden_ball.obj
#
# Vertices: 3960
# Faces: 8000
#
####
vn 0.1426437 -0.9867066 -0.0778653
v 0.1450470 -0.5317004 -0.0750178
vn 0.0172501 -0.9832661 0.1813567
v 0.0346696 -0.5318649 -0.1647326
vn -0.1948888 -0.9493917 -0.2463205
v 0.0155081 -0.5322173 0.1671447
vn -0.1637403 -0.8640072 0.4761099
v 0.0471870 -0.5272572 -0.1536168
vn -0.3794196 -0.9199862 0.0983168
v 0.1416495 -0.5303832 -0.0319537
vn -0.3626446 -0.8093488 -0.4619994
v 0.0031690 -0.5282456 0.1664789
vn -0.4874172 -0.8455514 0.2178701
v 0.1277098 -0.5299783 -0.0699423
vn -0.5139091 -0.8340413 -0.2006802
v 0.1393657 -0.5299211 0.0430476
vn -0.4181066 -0.7461850 -0.5180684
v 0.0805809 -0.5313530 0.1347667
vn -0.4287813 -0.8737494 -0.2295837
v 0.1289753 -0.5333368 0.0758311
vn 0.0655008 -0.9703629 0.2326060
v 0.0645430 -0.5317743 0.1753570
vn 0.1591837 -0.9872302 0.0061031
v 0.1563837 -0.5334324 0.0619711
vn -0.1964165 -0.9032755 -0.3814630
v 0.0536525 -0.5322893 0.1529673
vn -0.0087510 -0.9239697 0.3823655
v -0.0485091 -0.5315805 -0.1668280
vn -0.0034407 -0.9207267 0.3901930
v -0.0126409 -0.5315781 -0.1720620
vn -0.3188860 -0.9389428 0.1292211
v 0.1138680 -0.5307466 -0.1030645
vn -0.1180204 -0.9874812 -0.1046528
v 0.0879288 -0.5355297 0.1404489
vn -0.1628005 -0.8716800 -0.4622447
v 0.1098081 -0.5338887 0.1105376
vn 0.1959392 -0.9668657 0.1636418
v 0.1158945 -0.5341680 0.1377154
vn 0.0223844 -0.9987698 -0.0442489
v 0.1236120 -0.5347720 0.1122154
vn -0.2959795 -0.3929957 -0.8706036
v 0.0217800 -0.5222426 0.1559811
vn -0.0901408 -0.9770612 0.1929407
v -0.1036692 -0.5215489 0.1742949
vn -0.8865999 -0.2450152 -0.3923113
v 0.1258266 -0.5210000 0.0658468
vn 0.1189228 -0.8951104 -0.4296916
v -0.1008696 -0.5207564 0.1572863
vn -0.9755260 -0.1805352 -0.1255237
v 0.1353255 -0.5152412 0.0312976
vn -0.8904801 -0.4223712 0.1692566
v 0.1333898 -0.5216478 -0.0306237
vn 0.1367169 -0.4327512 0.8910864
v -0.0458800 -0.5240210 -0.1595580
vn -0.4656067 -0.3286524 -0.8217043
v 0.0605412 -0.5209118 0.1408636
vn -0.4523993 -0.4006870 0.7967339
v 0.0477646 -0.5198948 -0.1459597
vn -0.1365001 -0.4063174 0.9034788
v -0.0006243 -0.5226256 -0.1631011
vn -0.7854713 -0.3165216 0.5318354
v 0.1026726 -0.5157190 -0.0959712
vn 0.1355253 -0.7955300 -0.5905632
v -0.0655096 -0.5199160 0.1654032
vn -0.2782822 -0.1086664 0.9543326
v 0.0225936 -0.5131302 -0.1549549
vn 0.2005041 -0.9583403 -0.2034254
v -0.1562175 -0.5222321 0.1222240
vn 0.3473089 -0.9377168 0.0079876
v 0.1736688 -0.5278055 0.0486219
vn 0.1751508 -0.9845002 -0.0090327
v 0.1577711 -0.5310905 -0.0279175
vn -0.7015216 -0.4308217 -0.5676796
v 0.1053897 -0.5225179 0.1005804
vn -0.0767357 -0.7678555 0.6360108
v -0.0758619 -0.5243500 -0.1596754
vn 0.1614437 -0.9352945 -0.3148971
v 0.0451761 -0.5150099 -0.2290296
vn -0.1905491 -0.9803394 -0.0512415
v -0.0686902 -0.5292103 -0.1718575
vn -0.1447345 -0.9423780 0.3016216
v 0.0118973 -0.5237145 0.2081840
vn -0.6515376 -0.7582033 0.0250318
v 0.1412164 -0.5260890 0.0059083
vn 0.0061029 -0.9730788 -0.2303920
v 0.0042038 -0.5310408 -0.1898231
vn -0.2139293 -0.9723210 0.0939480
v -0.0087974 -0.5238335 0.1767882
vn -0.0282789 -0.9907550 0.1326832
v -0.0658110 -0.5223008 0.1793403
vn -0.1334098 -0.7693216 -0.6247769
v -0.0154930 -0.5213370 0.1706020
vn -0.0289829 -0.9366833 0.3489763
v 0.0747118 -0.5298060 -0.1401079
vn 0.1304790 -0.9771751 -0.1676425
v 0.0638438 -0.5266207 -0.1606259
vn 0.1680274 -0.9680310 -0.1862327
v 0.1245295 -0.5288206 -0.1140768
vn -0.0880691 -0.9958540 0.0227776
v 0.1562048 -0.5297791 0.0050306
vn 0.0813552 -0.3932954 0.9158057
v -0.0225570 -0.5222450 -0.1642280
vn -0.9910753 -0.1135900 0.0697654
v 0.1331272 -0.5062578 0.0015312
vn -0.3189687 -0.9466065 -0.0468522
v -0.2166743 -0.5125861 0.0219564
vn -0.2412674 -0.9272671 0.2862965
v -0.1452307 -0.5118041 0.1766573
vn 0.6996987 -0.7143165 0.0131812
v -0.1891673 -0.5086889 -0.0098435
vn 0.2473920 -0.9218158 -0.2984173
v 0.0948946 -0.5136147 -0.1891066
vn 0.2403289 -0.9671367 -0.0829982
v -0.1948131 -0.5128663 -0.0353547
vn 0.1243077 -0.9227521 0.3647961
v -0.1386385 -0.5117641 -0.1332791
vn 0.1248883 -0.9844167 0.1238009
v 0.1030611 -0.5354195 0.1441057
vn -0.1228190 -0.9074531 0.4018013
v 0.0149004 -0.5111564 0.2406413
vn -0.2311358 -0.9589211 -0.1644588
v -0.1041912 -0.5207901 -0.1715802
vn -0.2845374 -0.9427716 0.1738400
v -0.1774722 -0.5162635 0.1246935
vn -0.2942635 -0.9500034 0.1044149
v -0.2035995 -0.5135293 0.0929365
vn -0.0217408 -0.9926772 -0.1188257
v -0.1802029 -0.5162447 0.1019579
vn 0.5619336 -0.7393045 -0.3710249
v -0.1747332 -0.5117683 0.0905878
vn -0.2434749 -0.9669253 -0.0759964
v -0.1345466 -0.5142877 -0.1561744
vn -0.1578003 -0.9606568 0.2285556
v -0.1069308 -0.5204894 -0.1599837
vn 0.4265426 -0.9044158 -0.0096741
v 0.2260389 -0.5049441 0.0313678
vn 0.0438845 -0.7656125 0.6418036
v -0.1066777 -0.5164895 -0.1527567
vn 0.3368314 -0.9050437 0.2596933
v 0.1512215 -0.5126122 0.1664603
vn 0.1047891 -0.9788030 -0.1759659
v -0.1383164 -0.5200612 0.1429104
vn 0.3423802 -0.9360547 -0.0811020
v -0.1929405 -0.5145389 0.0646133
vn -0.0693991 -0.9784202 -0.1946220
v -0.0384467 -0.5320507 -0.1785205
vn 0.0393381 -0.9988826 -0.0261950
v -0.2026422 -0.5155070 0.0379376
vn 0.3488504 -0.9275664 -0.1338804
v 0.1800406 -0.5185376 -0.0821088
vn 0.0171695 -0.9985789 0.0504524
v 0.0867702 -0.5276582 -0.1405560
vn 0.0268258 -0.8240904 -0.5658228
v -0.0383545 -0.5213119 0.1699350
vn 0.3506595 -0.3500917 -0.8686045
v -0.1017946 -0.5086653 0.1470763
vn -0.9951110 0.0511282 0.0844980
v 0.1318444 -0.5015674 -0.0223105
vn 0.4023065 -0.7943460 -0.4551528
v 0.0750191 -0.5022534 -0.2422409
vn 0.7943334 -0.3147778 -0.5195665
v -0.1676767 -0.5017324 0.0918081
vn -0.2297432 -0.9017550 -0.3661367
v -0.1111704 -0.5031243 -0.2170220
vn -0.1209854 -0.9903772 -0.0671974
v -0.1878993 -0.5073348 -0.0877498
vn 0.3179355 -0.8003399 -0.5083041
v 0.1694938 -0.5036479 -0.1654417
vn 0.6188610 -0.5232223 -0.5858750
v 0.1082082 -0.4985344 -0.2138920
vn -0.4987982 -0.4445241 0.7440422
v 0.0739270 -0.5175968 -0.1289252
vn -0.9780678 0.0572896 0.2002535
v 0.1293456 -0.5011427 -0.0406597
vn 0.0542285 -0.0137323 0.9984341
v -0.0229398 -0.5028587 -0.1614014
vn 0.5868770 -0.3977281 0.7052572
v -0.1337494 -0.4990373 -0.1218752
vn -0.9236137 -0.1644658 0.3462496
v 0.1242424 -0.5155792 -0.0602333
vn 0.3359480 -0.3136331 0.8881291
v -0.1024481 -0.5032182 -0.1454318
vn -0.6205686 -0.2755083 -0.7341592
v 0.0786994 -0.5193118 0.1272240
vn -0.0477225 -0.9945311 -0.0929003
v -0.1985900 -0.5086595 -0.0582467
vn 0.0425101 -0.8945926 -0.4448562
v 0.0306942 -0.5050710 -0.2586153
vn 0.3644601 -0.9153101 0.1713948
v 0.1816687 -0.5194854 0.0977183
vn -0.1607876 -0.9067715 0.3897600
v -0.0190244 -0.5110988 0.2139022
vn -0.1608914 -0.8936716 0.4188854
v -0.1301598 -0.5013466 0.2109517
vn 0.3225035 -0.7566832 0.5687021
v 0.1277072 -0.4939420 0.2423278
vn 0.5512869 -0.7896319 0.2693774
v -0.1727808 -0.5039982 -0.0796230
vn -0.1243232 -0.8970797 -0.4240186
v -0.0170531 -0.5111011 -0.2288880
vn -0.2394383 -0.9684744 -0.0687505
v -0.2098866 -0.5104349 -0.0188483
vn -0.0830302 -0.9956787 0.0415931
v -0.1647348 -0.5069309 -0.1213824
vn -0.1550222 0.0423169 0.9870043
v 0.0030960 -0.5020540 -0.1606080
vn 0.2081806 -0.2348572 -0.9494751
v -0.0620840 -0.5054910 0.1598660
vn 0.7505913 -0.6544258 -0.0913221
v -0.1873066 -0.5100737 0.0370066
vn 0.0229169 -0.2484178 -0.9683819
v -0.0370860 -0.5042820 0.1624950
vn 0.3311048 -0.8624077 0.3829134
v -0.1552652 -0.5046027 -0.1105718
vn 0.4667989 -0.5082111 -0.7237543
v 0.1313760 -0.4982458 -0.1942574
vn 0.8641397 -0.2307859 0.4472142
v -0.1675200 -0.4906269 -0.0780836
vn -0.1598023 -0.1015527 -0.9819116
v -0.0042486 -0.5002452 0.1588692
vn 0.3065513 -0.8587557 0.4105667
v 0.1624643 -0.4923181 0.2215754
vn 0.4231330 -0.8929011 -0.1539029
v 0.2204986 -0.4980383 -0.1043654
vn 0.8390784 -0.5201442 0.1593661
v -0.1818236 -0.4994168 -0.0471363
vn 0.1756982 0.0549301 0.9829105
v -0.0496071 -0.4987502 -0.1584278
vn 0.0582495 0.1558847 0.9860563
v -0.0223947 -0.4879039 -0.1627779
vn 0.5986925 -0.3480580 -0.7214035
v -0.1322480 -0.5032593 0.1270688
vn 0.7441900 -0.3408331 -0.5744685
v 0.0815317 -0.4909623 -0.2473495
vn 0.1998337 0.0762402 -0.9768592
v -0.0640329 -0.4770672 0.1578391
vn 0.4470368 0.0380772 -0.8937048
v 0.1569184 -0.4889737 -0.1799280
vn 0.2354217 -0.1395047 0.9618290
v -0.0819752 -0.5036232 -0.1507284
vn -0.0884026 -0.8936666 0.4399375
v -0.0744064 -0.5032277 0.2216721
vn 0.7614411 -0.2992776 0.5750134
v -0.1542833 -0.4927458 -0.0984086
vn -0.4582312 -0.8860602 0.0701530
v -0.2369304 -0.5016294 0.0611046
vn -0.3049744 -0.8531991 0.4231336
v -0.0106043 -0.5035181 0.2331536
vn -0.4885705 -0.8536966 0.1802802
v -0.2536740 -0.4865833 0.0976468
vn -0.2165965 -0.8673323 0.4481301
v -0.1608103 -0.4871498 0.2280854
vn -0.4994445 -0.8633469 -0.0720240
v -0.2645093 -0.4859125 0.0067909
vn -0.3273760 -0.9324409 -0.1529020
v -0.1710810 -0.5045065 -0.1384188
vn 0.4305158 -0.9017503 -0.0387636
v 0.2272756 -0.5013910 -0.0133052
vn 0.3803648 -0.7870172 -0.4857228
v 0.2051959 -0.4938956 -0.1579890
vn -0.3114491 -0.8664806 0.3901421
v -0.1743158 -0.4871363 0.2193023
vn -0.9841138 0.1567836 -0.0833015
v 0.1370974 -0.4816295 0.0295674
vn -0.5304387 -0.0099893 0.8476645
v 0.0640045 -0.5029052 -0.1345596
vn 0.9368954 -0.0788017 0.3406130
v -0.1768299 -0.4788973 -0.0529004
vn 0.9149508 -0.3069620 -0.2619914
v -0.1788699 -0.4968314 0.0602222
vn -0.3368644 0.0947411 -0.9367746
v 0.0337680 -0.4925754 0.1505252
vn 0.4041682 -0.6446121 0.6489401
v 0.0908682 -0.4875306 0.2690445
vn -0.8698193 0.1644617 -0.4651525
v 0.1240402 -0.4807827 0.0767665
vn 0.5100279 -0.1451551 0.8478217
v 0.1269440 -0.4843679 0.2493330
vn 0.2569198 0.5476193 -0.7963073
v 0.1657529 -0.4796268 -0.1731710
vn 0.4213649 -0.5482082 -0.7224399
v 0.2218974 -0.4855321 -0.1562493
vn -0.9290262 0.2500476 0.2727391
v 0.1396338 -0.4485908 -0.0418327
vn 0.0338411 0.1093588 -0.9934261
v -0.0323659 -0.4787295 0.1606670
vn 0.4339220 -0.8993335 -0.0539542
v 0.2267855 -0.5010219 -0.0518149
vn -0.0009946 -0.8898090 0.4563322
v 0.0265007 -0.4871822 0.2912172
vn -0.1820000 -0.8433728 -0.5055674
v -0.0160632 -0.4939699 -0.2615849
vn -0.1515643 -0.8541403 -0.4974661
v -0.0913374 -0.4870186 -0.2596182
vn -0.4733519 0.0002857 -0.8808734
v 0.0579544 -0.5004860 0.1402466
vn 0.4413720 -0.8895707 0.1177068
v 0.2383386 -0.4961995 0.0828374
vn 0.3517779 -0.0927769 -0.9314745
v 0.1907901 -0.4878604 -0.1690794
vn 0.9974455 -0.0692594 -0.0174871
v -0.1864039 -0.4896178 0.0038930
vn -0.5112231 -0.7131318 0.4796811
v -0.2155913 -0.4742095 0.2089062
vn 0.1986113 -0.8110317 -0.5502555
v 0.0449261 -0.4848488 -0.2887511
vn -0.2446709 -0.8342566 0.4941175
v -0.0203870 -0.4690206 0.2938692
vn -0.1538513 -0.8378232 -0.5238150
v 0.0093680 -0.4920569 -0.2788290
vn 0.4411326 -0.5673631 -0.6953425
v 0.2525744 -0.4718103 -0.1507666
vn 0.3041601 -0.4572089 0.8357312
v 0.1699828 -0.4831683 0.2291829
vn 0.3631959 -0.6447229 0.6726226
v 0.1887525 -0.4825487 0.2232456
vn -0.7382895 0.1247093 -0.6628546
v 0.1004803 -0.4878668 0.1076267
vn -0.9592609 0.1014674 -0.2636720
v 0.1310537 -0.4917639 0.0525315
vn 0.0845400 0.2172906 -0.9724391
v 0.2250563 -0.4683394 -0.1558626
vn -0.3224331 -0.8452240 0.4261846
v 0.0039964 -0.4950759 0.2646517
vn -0.3361358 -0.7613552 0.5543926
v -0.1618328 -0.4701235 0.2572840
vn -0.4123461 -0.8681042 0.2763438
v -0.2168310 -0.4873815 0.1737615
vn -0.0794363 -0.7721214 -0.6304907
v -0.0324609 -0.4534687 -0.3151924
vn 0.4867302 -0.8616204 -0.1438885
v 0.2599414 -0.4793290 -0.0928784
vn 0.4775942 -0.6119150 0.6304474
v 0.0715825 -0.4781279 0.2910194
vn -0.1195882 -0.8531691 0.5077411
v -0.0928669 -0.4660307 0.2867225
vn -0.3892938 -0.7061238 0.5914724
v -0.0116805 -0.4446354 0.3331356
vn 0.3633685 -0.7345538 0.5730569
v 0.2249474 -0.4697928 0.2148008
vn 0.6963983 0.0571451 0.7153769
v -0.1224210 -0.4313941 -0.1302254
vn -0.1659814 -0.7682170 -0.6182983
v 0.0103491 -0.4600060 -0.3261620
vn -0.6270840 -0.4645564 -0.6252624
v -0.1698640 -0.4634700 -0.2553440
vn 0.5411684 0.6919472 -0.4778555
v 0.1052073 -0.4722590 -0.2048520
vn 0.7921052 0.0085574 -0.6103246
v -0.1559239 -0.4575980 0.1011123
vn 0.4197087 -0.8805798 0.2200544
v 0.2301941 -0.4909515 0.1250709
vn -0.2669563 -0.8141358 0.5156717
v 0.0087763 -0.4700681 0.3190360
vn -0.5229798 -0.4759675 0.7070694
v -0.1870385 -0.4700167 0.2403372
vn -0.3754277 0.1003664 0.9214015
v 0.0213641 -0.4850076 -0.1578529
vn -0.6142727 0.2396244 -0.7518306
v 0.0862489 -0.4570477 0.1303364
vn -0.9526373 0.2963274 0.0683552
v 0.1473601 -0.4378112 -0.0161581
vn 0.7411136 0.1452606 0.6554770
v 0.0849733 -0.4692987 0.2805764
vn 0.8187622 0.3473511 -0.4571387
v 0.0843266 -0.4770494 -0.2439933
vn -0.6990438 -0.2988852 0.6496195
v -0.1695726 -0.4632412 0.2568178
vn 0.2884583 0.2321652 0.9289194
v 0.1604650 -0.4757936 0.2333129
vn -0.6999058 0.1714600 0.6933494
v 0.0930261 -0.4524477 -0.1142533
vn 0.3965624 0.6749094 -0.6222827
v 0.1372479 -0.4717201 -0.1785587
vn -0.9102263 0.1725751 0.3764386
v 0.1300606 -0.4640915 -0.0574976
vn 0.1334883 0.1191949 0.9838564
v 0.2014481 -0.4658898 0.2227533
vn -0.5291860 -0.7252113 0.4404895
v -0.2421083 -0.4679692 0.1873641
vn 0.9848087 -0.0452218 0.1676506
v -0.1840091 -0.4809680 -0.0254379
vn -0.6549055 -0.1386817 0.7428769
v -0.2056951 -0.4629463 0.2292947
vn 0.4396548 -0.8976651 -0.0300170
v 0.2807045 -0.4763644 0.0235847
vn 0.6004852 0.3428834 0.7223908
v 0.1018191 -0.4712803 0.2634396
vn -0.4516618 -0.8749994 -0.1742919
v -0.2482642 -0.4809752 -0.0889091
vn 0.6450773 0.3131837 -0.6969873
v 0.1162558 -0.4840537 -0.2053516
vn 0.3796302 0.5680919 0.7301731
v 0.1291794 -0.4698312 0.2422516
vn -0.4125938 -0.8478887 -0.3329431
v -0.2042325 -0.4726577 -0.2130267
vn -0.2459610 -0.7686844 -0.5904469
v -0.0143456 -0.4608553 -0.3095665
vn 0.1782676 0.5307306 -0.8285806
v 0.1924500 -0.4756092 -0.1622595
vn -0.5451950 -0.8309114 0.1111244
v -0.2920519 -0.4681700 0.0696986
vn -0.6248930 -0.2713418 0.7320399
v -0.2290820 -0.4630540 0.2037290
vn 0.5432149 0.0441747 0.8384308
v -0.1096571 -0.4544141 -0.1389504
vn 0.4150090 0.1334431 -0.8999780
v -0.0933294 -0.4538288 0.1516304
vn 0.5884370 -0.5716380 0.5718145
v 0.0575068 -0.4663619 0.3171220
vn 0.6807336 -0.4149043 0.6037021
v 0.0473127 -0.4484978 0.3428273
vn -0.5197107 0.3011702 0.7994982
v 0.0648713 -0.4424360 -0.1405470
vn 0.0509207 0.3979913 0.9159749
v -0.0116108 -0.4533573 -0.1720346
vn -0.1793648 0.2804570 -0.9429592
v 0.0125391 -0.4551138 0.1655546
vn 0.8960750 0.2234648 0.3835535
v 0.0635508 -0.4574846 0.3078609
vn 0.7037361 -0.7069048 0.0710016
v 0.3115918 -0.4555610 -0.0383291
vn -0.2749269 -0.8145969 0.5107320
v -0.1451761 -0.4521787 0.2931222
vn -0.5871626 -0.4401873 -0.6793196
v -0.2389320 -0.4533610 -0.2009721
vn 0.9898758 -0.0336761 -0.1378833
v -0.1837553 -0.4791273 0.0295778
vn -0.6084581 -0.3723012 -0.7008357
v -0.2000217 -0.4640884 -0.2316112
vn 0.5917817 0.7543870 -0.2840680
v 0.0693938 -0.4512150 -0.2140569
vn -0.0789059 0.2694781 0.9597685
v 0.2308201 -0.4462775 0.2180111
vn 0.6462547 0.1096140 -0.7552084
v -0.1276536 -0.4379579 0.1321637
vn -0.7971410 0.1982854 0.5703061
v 0.1180108 -0.4496379 -0.0868430
vn -0.5541635 -0.6972677 0.4546654
v -0.2741563 -0.4533918 0.1726077
vn 0.8325015 -0.0465712 0.5520619
v -0.1571279 -0.4593060 -0.0903758
vn -0.5659311 -0.8000031 0.1992914
v -0.3027470 -0.4517217 0.1152522
vn 0.4961765 -0.8526749 0.1635678
v 0.3028491 -0.4571531 0.1080873
vn 0.7147186 -0.6990734 0.0217652
v 0.3063245 -0.4642891 0.0373716
vn -0.5160798 -0.8021269 -0.3004230
v -0.2439818 -0.4593587 -0.1833377
vn -0.3656689 -0.7940762 -0.4855196
v -0.1624082 -0.4736702 -0.2511009
vn -0.6083715 -0.5818220 -0.5397846
v -0.2189177 -0.4643472 -0.2122509
vn 0.2914533 -0.4150125 0.8618699
v 0.2404011 -0.4579273 0.2175818
vn 0.6906659 -0.5026246 -0.5199510
v 0.0587917 -0.4753765 -0.2925626
vn 0.7922935 -0.6068201 -0.0635639
v 0.3085769 -0.4628142 0.0062052
vn 0.4855937 -0.8570300 -0.1723324
v 0.3088068 -0.4508605 -0.0871071
vn 0.7384032 0.6675016 -0.0959295
v 0.0637769 -0.4560876 -0.2504517
vn -0.1242656 0.2545586 -0.9590402
v 0.2561187 -0.4459172 -0.1505245
vn 0.3172699 -0.8088470 -0.4950822
v 0.3059010 -0.4374999 -0.1517683
vn 0.8348764 -0.5493777 -0.0341397
v 0.3150645 -0.4522113 0.0859509
vn -0.5687560 -0.8224894 -0.0052723
v -0.3075283 -0.4609615 0.0325553
vn -0.7405496 -0.2264490 -0.6326984
v -0.1470024 -0.4441508 -0.2950864
vn 0.9270290 0.2565686 -0.2734772
v 0.0686132 -0.4654278 -0.2735308
vn -0.7503957 -0.3929830 0.5314797
v -0.1502354 -0.4455409 0.2984400
vn 0.9904898 0.0409971 -0.1313365
v 0.3125178 -0.4519840 0.0600739
vn 0.9941337 0.1058132 -0.0224032
v 0.3114411 -0.4509700 0.0345027
vn -0.5587904 -0.7756016 0.2935905
v -0.2934152 -0.4472130 0.1537801
vn 0.8951849 -0.0634985 -0.4411483
v -0.1682003 -0.4781807 0.0827147
vn 0.2852832 0.2415345 0.9275099
v -0.0568942 -0.4497119 -0.1642703
vn -0.8736655 0.2884765 0.3917781
v -0.1673212 -0.4421395 0.2654368
vn -0.4313080 0.4069954 -0.8051883
v 0.0629099 -0.4314676 0.1547683
vn -0.4854882 0.2186595 -0.8464569
v -0.2286673 -0.4456383 -0.2081234
vn 0.9635189 0.2469406 0.1032073
v 0.3090476 -0.4478903 -0.0115708
vn 0.9399661 -0.0268906 0.3402066
v 0.3139131 -0.4463056 -0.0315757
vn -0.1218070 0.5608217 -0.8189275
v 0.2207137 -0.4576079 -0.1495713
vn -0.5001392 -0.1958180 0.8435141
v -0.2780007 -0.4398327 0.1791247
vn -0.6460680 -0.7517214 0.1323298
v -0.3547548 -0.4209134 0.0743555
vn -0.3682682 0.4674418 0.8036646
v -0.2339342 -0.4417101 0.2002694
vn -0.5646977 0.4916019 0.6629059
v -0.2119532 -0.4483256 0.2179093
vn -0.7920990 0.2696269 -0.5476135
v -0.1743173 -0.4455884 -0.2550568
vn -0.7983636 -0.1313947 -0.5876657
v -0.1626534 -0.4493221 -0.2782786
vn 0.4171226 0.7333103 0.5369029
v 0.1062682 -0.4564385 0.2403546
vn 0.0961997 -0.8124342 0.5750620
v 0.0298587 -0.4627777 0.3319701
vn 0.2854158 -0.5616785 -0.7765662
v 0.2739890 -0.4534093 -0.1503653
vn -0.2578336 0.2517777 0.9328075
v 0.0071804 -0.4658210 -0.1666251
vn -0.5381852 -0.8248864 -0.1729716
v -0.2906911 -0.4572877 -0.0852045
vn -0.5708234 -0.6024242 0.5578939
v -0.1570955 -0.4584169 0.2756608
vn -0.5165895 -0.1278436 0.8466353
v -0.2603208 -0.4489318 0.1893179
vn 0.7910753 -0.6044705 0.0938902
v 0.3256862 -0.4473221 -0.0642517
vn -0.0657708 0.6052216 0.7933354
v 0.1867880 -0.4505070 0.2133810
vn -0.7549800 0.3457693 0.5571794
v -0.1772860 -0.4461960 0.2453220
vn -0.9160634 -0.0082473 0.4009488
v -0.1404933 -0.4300244 0.3190299
vn 0.2528842 -0.4048781 0.8787055
v 0.2719389 -0.4370463 0.2173700
vn -0.4245265 -0.0229853 -0.9051237
v -0.2608439 -0.4366159 -0.1910394
vn 0.6180992 -0.7516274 0.2302383
v 0.3295448 -0.4257021 0.1595931
vn -0.2502514 0.3028016 0.9196116
v -0.2761840 -0.4297568 0.1788028
vn 0.5064700 -0.7855988 -0.3554190
v 0.3284107 -0.4255261 -0.1525745
vn 0.9555717 0.2836427 0.0801852
v 0.0447533 -0.4254346 0.3431666
vn 0.8320721 -0.5445297 -0.1055627
v 0.3222498 -0.4433394 0.1134099
vn 0.9045539 0.2460314 -0.3482110
v 0.3213236 -0.4302405 0.1042987
vn 0.8959815 0.1948770 -0.3990491
v -0.1766005 -0.4236488 0.0689272
vn -0.3264144 0.5212188 -0.7885332
v 0.2506071 -0.4257945 -0.1365036
vn -0.6234955 0.5560595 -0.5495920
v 0.1045173 -0.4266619 0.1263231
vn 0.8154240 0.1020313 0.5698012
v -0.1543100 -0.4111401 -0.0935227
vn 0.0103054 -0.7060251 -0.7081118
v 0.0259918 -0.4309747 -0.3593689
vn 0.9323397 0.2565789 -0.2547745
v 0.3130662 -0.4440891 0.0712042
vn 0.7944562 0.5981627 0.1050745
v 0.0493587 -0.4330894 0.2964635
vn 0.3365377 0.2739628 -0.9009366
v -0.0653530 -0.4343760 0.1673188
vn -0.1068685 -0.7816574 0.6144843
v -0.0328528 -0.4464990 0.3239654
vn 0.5859681 0.7499675 0.3069039
v 0.0662333 -0.4347799 0.2508979
vn -0.3208548 0.5789383 0.7495884
v 0.0000616 -0.4335895 -0.1817598
vn -0.8825184 0.4650139 -0.0701664
v 0.1517066 -0.4256998 0.0109343
vn 0.9594306 0.2790973 -0.0399706
v 0.0584875 -0.4484279 -0.3015164
vn -0.7616750 0.4636059 0.4526819
v 0.1324552 -0.4235308 -0.0793314
vn -0.3875408 -0.6824676 -0.6197178
v -0.1297714 -0.4419440 -0.3114756
vn 0.4788773 -0.7809363 0.4010175
v 0.2561598 -0.4545318 0.2088270
vn -0.3882347 -0.6815625 -0.6202793
v -0.1412243 -0.4511049 -0.2948875
vn -0.6238900 0.6284740 -0.4645233
v -0.1798429 -0.4419843 -0.2418945
vn -0.1148937 -0.7779673 -0.6177105
v -0.0822939 -0.4452174 -0.3207388
vn 0.7261808 0.6188714 0.2994322
v 0.0632128 -0.4450262 0.2829850
vn 0.0905956 0.6944219 0.7138422
v 0.1573580 -0.4560615 0.2177705
vn 0.2910610 0.4364038 0.8513725
v -0.0446481 -0.4405185 -0.1703858
vn -0.0215872 0.7508636 0.6601046
v -0.0135373 -0.4290740 -0.1897751
vn 0.3155050 0.8828197 -0.3479742
v 0.0814778 -0.4285463 -0.1588065
vn 0.6962860 -0.7110905 -0.0976532
v 0.3362133 -0.4287400 -0.1124912
vn 0.0022632 0.7439749 -0.6682037
v 0.1681238 -0.4237971 -0.1146809
vn -0.2409148 -0.7208170 0.6499100
v 0.0120342 -0.4390856 0.3649599
vn 0.3558431 0.8332340 0.4231984
v 0.0822271 -0.4259565 0.2110490
vn -0.3396665 0.3797517 -0.8604739
v 0.2721253 -0.4287252 -0.1480993
vn 0.9557188 -0.1755097 0.2362160
v 0.3374533 -0.4289440 -0.0866912
vn -0.4323486 -0.5055728 -0.7466397
v -0.2907746 -0.4264801 -0.1808879
vn 0.4293422 0.1866540 0.8836433
v -0.0804329 -0.4434279 -0.1567364
vn 0.3271503 -0.5241488 -0.7862829
v 0.3204519 -0.4247222 -0.1628954
vn -0.6331724 0.5555239 0.5389674
v 0.0974504 -0.4275780 -0.1194894
vn -0.4686511 -0.4917396 0.7338653
v -0.3097045 -0.4265434 0.1664933
vn 0.8236656 -0.5669829 -0.0102641
v 0.3286755 -0.4375770 0.1283768
vn 0.9559400 -0.1626396 -0.2443913
v 0.3333681 -0.4241699 0.1378251
vn 0.8388723 0.3228151 0.4382736
v 0.3259936 -0.4293772 -0.0602229
vn -0.8589317 0.4114238 -0.3049045
v 0.1429301 -0.4218891 0.0622035
vn 0.8641548 -0.3513240 -0.3602887
v 0.0555467 -0.4494662 -0.3253856
vn 0.6944832 0.6220652 -0.3615634
v 0.3103423 -0.4259418 0.0889507
vn -0.1363159 0.2310116 0.9633544
v 0.2533274 -0.4303532 0.2176593
vn -0.4969034 0.7754577 0.3895539
v -0.1757460 -0.4326705 0.2277802
vn 0.2831044 -0.7366403 -0.6141767
v 0.0444036 -0.4476970 -0.3379518
vn -0.5330590 -0.6213558 -0.5742519
v -0.1306425 -0.4242549 -0.3315610
vn -0.9389350 0.0820119 0.3341784
v -0.1475973 -0.4308968 0.3066203
vn 0.7805864 -0.6243560 0.0294008
v 0.3303650 -0.4407150 -0.0794932
vn -0.2932435 0.7330937 -0.6136627
v -0.2162344 -0.4359928 -0.2063537
vn 0.7188507 -0.4633974 0.5181857
v 0.0397965 -0.4301773 0.3656396
vn -0.1971773 0.8220852 0.5341321
v -0.1948135 -0.4108785 0.1711614
vn 0.3454269 0.9016058 -0.2603600
v 0.0535404 -0.4248677 -0.1796229
vn -0.2210801 -0.7251486 -0.6521373
v -0.0152095 -0.4344245 -0.3379304
vn 0.6460901 0.7615726 -0.0507421
v 0.0324308 -0.4219841 -0.2203187
vn -0.5226268 -0.6565947 0.5438243
v -0.1335444 -0.4289616 0.3332313
vn 0.7396285 0.6391538 0.2107890
v 0.2979412 -0.4270503 -0.0129934
vn -0.2561092 0.5593494 0.7883758
v 0.2194902 -0.4319538 0.2059483
vn 0.7095852 0.6821985 -0.1763355
v 0.2970350 -0.4248382 0.0563969
vn 0.7477169 0.6639838 -0.0067160
v 0.2988527 -0.4322265 0.0176200
vn 0.5757753 0.2216015 0.7870042
v -0.0971752 -0.4167214 -0.1530699
vn -0.9049148 0.4227512 -0.0490984
v -0.1426937 -0.4185048 -0.3009099
vn -0.9418827 -0.0715271 -0.3282389
v -0.1426094 -0.4234203 -0.3110000
vn 0.4950803 0.5028680 0.7085332
v -0.0678443 -0.4192529 -0.1712719
vn -0.0422017 0.3048793 -0.9514555
v -0.2856480 -0.4096896 -0.1809397
vn -0.6095042 -0.6904302 0.3896293
v -0.3371654 -0.4130811 0.1542649
vn -0.4391033 0.8980835 -0.0251851
v 0.1303768 -0.4097470 -0.0975753
vn 0.9530796 0.2479005 0.1737371
v 0.0542454 -0.4321868 -0.3254788
vn 0.9073908 0.0580540 0.4162592
v -0.1746383 -0.4168580 -0.0585729
vn 0.1420165 0.8285618 0.5415872
v -0.0203059 -0.4162526 -0.2081297
vn 0.2269634 0.5006807 -0.8353481
v -0.0514766 -0.4244924 0.1765908
vn 0.5138358 -0.7716026 0.3749695
v 0.3101276 -0.4232253 0.2007977
vn 0.9007226 -0.1729867 0.3984652
v 0.3449646 -0.4114855 -0.1086666
vn -0.4482738 0.8860086 0.1184880
v 0.1209058 -0.4170592 -0.1043933
vn -0.2688463 0.8416270 -0.4683862
v 0.0764775 -0.4126150 0.1602479
vn -0.8335740 0.5023166 -0.2298532
v -0.1486063 -0.4250571 -0.2850858
vn 0.7297642 0.3196912 -0.6043524
v -0.1525955 -0.4084903 0.1129938
vn -0.8429679 0.5108852 0.1685275
v 0.1531907 -0.4201351 -0.0300339
vn -0.1803644 -0.1031924 0.9781718
v 0.2886630 -0.4117975 0.2224705
vn 0.7699178 0.1579615 0.6182836
v -0.1367740 -0.4138350 -0.1169236
vn -0.1228807 -0.1483060 -0.9812776
v 0.2867636 -0.4368794 -0.1538501
vn -0.5639557 -0.7563054 -0.3315964
v -0.2986932 -0.4279484 -0.1663903
vn -0.2263594 -0.6952821 -0.6821615
v 0.0019529 -0.4090202 -0.3762345
vn -0.0832827 0.5786696 -0.8112987
v -0.2482736 -0.4249837 -0.1897080
vn -0.1157700 0.6023557 0.7897879
v -0.2538200 -0.4269247 0.1796391
vn -0.1060614 -0.7838516 0.6118234
v -0.1113144 -0.4244942 0.3467350
vn -0.1343547 0.9422590 0.3067523
v 0.0552416 -0.4192146 -0.1584804
vn -0.3315367 0.7610071 0.5576304
v 0.0409963 -0.4243703 -0.1634399
vn 0.7857548 -0.6102394 0.1009816
v 0.3426353 -0.4215397 -0.1168745
vn 0.0749452 0.7920809 0.6057979
v 0.1310568 -0.4228224 0.1837162
vn 0.3289005 0.9443642 -0.0008340
v 0.0356997 -0.4182107 -0.1879748
vn -0.0633479 0.9892452 -0.1318375
v 0.1012010 -0.4207187 -0.1307368
vn 0.3189137 -0.6575741 0.6825616
v 0.3078192 -0.4120031 0.2194790
vn -0.2245536 0.8363873 0.5000321
v 0.0697398 -0.4266107 -0.1472219
vn -0.2905441 -0.3081072 -0.9058996
v -0.3132736 -0.4070967 -0.1781154
vn -0.5808693 -0.7306249 -0.3588566
v -0.3321421 -0.4018073 -0.1680753
vn -0.9041494 0.4243011 0.0498252
v -0.1348202 -0.4033005 -0.3215911
vn -0.1227385 0.5988772 -0.7913794
v 0.0027533 -0.4209793 0.1824187
vn -0.4539438 -0.6019304 0.6569740
v -0.0088249 -0.4069115 0.3711279
vn 0.9413678 0.2862444 -0.1785798
v -0.1873070 -0.4162042 0.0398319
vn 0.9879597 0.1544665 0.0087037
v -0.1884217 -0.4270600 -0.0018544
vn 0.6192254 0.5285645 0.5806715
v -0.0886122 -0.4018349 -0.1664166
vn -0.0976906 -0.6865925 0.7204494
v -0.0268200 -0.4086082 0.3647487
vn 0.3694421 0.9230404 0.1072793
v 0.0537048 -0.4063226 0.1973815
vn 0.6866303 -0.5212382 -0.5068033
v 0.0542315 -0.4163837 -0.3672839
vn -0.1151902 0.8508070 -0.5126975
v 0.0544220 -0.4092545 0.1734445
vn -0.4679114 0.0471015 -0.8825194
v 0.3082614 -0.4133692 -0.1632090
vn 0.8319192 -0.5483559 -0.0849484
v 0.3480905 -0.4074658 0.1680254
vn 0.2137352 -0.6482681 0.7307981
v 0.0288708 -0.4069709 0.3972222
vn -0.6071410 0.7890227 0.0939316
v -0.1346266 -0.4085396 0.2409902
vn -0.9724463 -0.1746074 0.1544689
v -0.1389827 -0.4103596 0.3393946
vn -0.8759978 -0.2839436 -0.3898769
v -0.1323489 -0.4067071 -0.3443908
vn -0.4589925 0.2148640 -0.8620669
v 0.2911416 -0.4236173 -0.1556387
vn 0.1159421 0.9875203 0.1065886
v 0.0796611 -0.4099751 0.1764038
vn 0.6846333 0.4827842 0.5460739
v 0.3319532 -0.4153608 -0.0846704
vn -0.6835997 0.6204609 -0.3843433
v 0.1259106 -0.4196704 0.0990095
vn -0.4368816 0.8548297 -0.2800014
v -0.1501646 -0.4085182 -0.2054826
vn -0.4232511 0.9058103 0.0191390
v -0.1144473 -0.3904091 0.2047786
vn -0.6930363 0.6710935 -0.2633141
v -0.1596609 -0.4310710 -0.2604351
vn -0.0993780 0.9068120 0.4096535
v 0.0027114 -0.4151838 -0.2057188
vn 0.0864845 0.8558704 -0.5099081
v 0.1350215 -0.4183413 -0.1124105
vn -0.2099607 0.8850530 0.4154487
v 0.0216881 -0.4174924 -0.1820727
vn 0.3747196 -0.7740554 -0.5103172
v 0.3417804 -0.4123252 -0.1655149
vn 0.3541041 0.9235248 0.1473506
v 0.0210074 -0.4138132 -0.2160053
vn -0.2072146 0.6568266 -0.7250110
v 0.2009505 -0.4154836 -0.1100349
vn 0.6631662 0.7234533 0.1919007
v 0.0208258 -0.4078985 -0.2445157
vn -0.0570712 0.9532872 0.2966249
v 0.1227598 -0.4085127 0.1636534
vn -0.1592755 0.7417169 0.6515269
v 0.1695851 -0.4103802 0.1741256
vn -0.0990370 -0.0516137 0.9937443
v -0.3110655 -0.4113925 0.1694100
vn -0.3910362 0.5073175 0.7679321
v 0.2229365 -0.3939092 0.1792227
vn -0.2321181 0.1686898 0.9579483
v -0.2929677 -0.4267583 0.1719876
vn -0.3255025 0.2550703 0.9104874
v 0.2669600 -0.4134180 0.2148180
vn -0.5462173 0.8376018 -0.0083703
v 0.1702494 -0.4063861 0.0043266
vn -0.1849200 0.9488316 0.2559749
v 0.1433870 -0.4039205 0.1556486
vn 0.7321810 0.6252915 -0.2700400
v -0.1911317 -0.3969749 0.0595837
vn 0.5881019 0.3819574 0.7129129
v 0.3414556 -0.3967671 -0.1066013
vn -0.0759754 0.8705923 -0.4861037
v -0.0122782 -0.3986025 0.2115947
vn -0.9536731 0.2524769 -0.1635944
v -0.1383934 -0.3999008 0.3400201
vn 0.6827838 0.2619785 -0.6820363
v 0.3378381 -0.3961011 0.1504969
vn -0.2896854 0.8360898 -0.4658715
v -0.1816783 -0.4188276 -0.1976342
vn -0.2777198 -0.4623542 -0.8420810
v -0.3291291 -0.3978349 -0.1787363
vn -0.8290311 -0.5533985 -0.0803588
v -0.3767942 -0.4055324 -0.0053869
vn -0.9634522 -0.1537838 0.2193411
v -0.3857258 -0.3889852 -0.0468106
vn -0.3691165 -0.2029378 -0.9069561
v 0.3211319 -0.4051400 -0.1706958
vn 0.7070387 0.3083334 0.6364172
v -0.1083313 -0.3951786 -0.1499938
vn -0.5919871 -0.7967899 -0.1211492
v -0.3389237 -0.4293085 -0.0492389
vn 0.8493913 -0.3540561 0.3913807
v 0.0387264 -0.4037739 0.3924466
vn 0.7687941 0.5514814 0.3237656
v 0.0192814 -0.3927954 -0.2793576
vn -0.5183530 -0.6785953 0.5204024
v -0.1306678 -0.4159487 0.3507014
vn -0.3205761 0.9373022 -0.1367317
v 0.2009820 -0.3895407 0.0697115
vn -0.2911055 -0.4463162 0.8462030
v -0.3445980 -0.3937557 0.1672349
vn 0.3171903 0.7751881 0.5463275
v -0.0270437 -0.3878874 -0.2499030
vn -0.8369987 -0.5467487 -0.0223379
v -0.3797763 -0.4022484 0.0216792
vn -0.5476642 0.8362446 -0.0275491
v -0.1161797 -0.3918741 -0.2245429
vn 0.6437047 0.5875408 -0.4903468
v 0.3157260 -0.4151262 0.1145628
vn 0.9420910 0.2115021 0.2602527
v -0.1889266 -0.4126216 -0.0202009
vn 0.5152335 0.5154850 -0.6846969
v -0.1078995 -0.4040029 0.1577409
vn -0.4462812 0.8856548 0.1282529
v 0.1487989 -0.4074996 -0.0775205
vn 0.5178710 0.8472235 0.1184147
v 0.2609781 -0.4021213 0.0013367
vn -0.5647119 0.8103404 -0.1563619
v 0.1540527 -0.4086856 0.0606911
vn -0.5573767 0.8123478 0.1715290
v 0.1578567 -0.4077576 -0.0524726
vn 0.5053343 0.8627852 -0.0154571
v 0.0320084 -0.3958260 0.2117186
vn 0.4573973 -0.7304891 0.5071226
v 0.3310439 -0.3975389 0.2221555
vn -0.2016820 0.8243718 -0.5289004
v 0.1794191 -0.4056029 -0.0925026
vn -0.3282706 0.6436117 0.6913772
v 0.1992822 -0.3986923 0.1719215
vn -0.3100515 0.9287029 -0.2034185
v 0.1196803 -0.4081869 0.1405407
vn -0.0060343 0.8758444 -0.4825560
v 0.0306642 -0.4001612 0.1921857
vn -0.9342562 -0.3065183 0.1822415
v -0.3951304 -0.3824518 -0.0688312
vn 0.7486230 0.5853055 0.3114179
v -0.1928744 -0.3907587 -0.0326344
vn -0.3838057 0.9233939 0.0060753
v 0.2108605 -0.3837927 -0.0620826
vn 0.8551509 0.3017859 0.4214763
v -0.1759697 -0.3940402 -0.0618550
vn 0.9701392 0.0663250 0.2333044
v 0.0558541 -0.4046753 -0.3543183
vn 0.3907595 0.8825472 0.2615674
v 0.2485473 -0.3886549 -0.0316216
vn 0.8783808 -0.2429364 -0.4116177
v 0.3565640 -0.3909781 0.1706270
vn 0.6990418 0.6010810 0.3873528
v 0.3077653 -0.4262004 -0.0364568
vn 0.4785199 0.7512675 0.4545501
v 0.2823235 -0.3923588 -0.0697258
vn 0.3769104 -0.6414708 -0.6681720
v 0.0573955 -0.3842737 -0.3926076
vn -0.0304200 0.8106564 -0.5847313
v -0.2107451 -0.4033204 -0.1627480
vn 0.4046229 0.8942094 -0.1914936
v 0.2492903 -0.3927073 0.0602624
vn 0.4059525 0.8587341 0.3126954
v -0.0953727 -0.3894971 -0.1765762
vn 0.7989824 -0.0548088 0.5988516
v 0.3585220 -0.3901147 -0.1249755
vn -0.3481053 -0.4570869 -0.8184707
v -0.3469719 -0.3801898 -0.1799165
vn -0.9439288 0.1805512 -0.2764049
v -0.3813632 -0.3901809 -0.0058488
vn 0.9791377 0.1696569 -0.1118305
v 0.0394295 -0.3955257 0.3741207
vn 0.7388827 0.2738125 0.6156941
v -0.1413549 -0.3904512 -0.1163434
vn 0.6771803 -0.6742373 -0.2946711
v 0.3694358 -0.3829389 -0.1733774
vn -0.1496438 -0.3600114 0.9208683
v 0.3062865 -0.3981954 0.2302433
vn 0.5645018 0.8138943 0.1375272
v -0.1135965 -0.3807311 -0.1503305
vn -0.8934394 -0.3651060 0.2616557
v -0.1392271 -0.3943507 0.3679139
vn -0.4307073 0.4425759 0.7865226
v 0.2550027 -0.4035944 0.2042513
vn 0.7482263 0.6605371 -0.0620336
v -0.1989467 -0.3960823 0.0341441
vn 0.2599550 0.7199209 -0.6435350
v -0.2476116 -0.3838708 -0.1475583
vn -0.3737500 0.9259645 -0.0538583
v 0.1745752 -0.3929867 0.1302987
vn 0.0632522 0.7037960 0.7075807
v -0.2486304 -0.4046973 0.1577556
vn -0.2040936 0.9788164 0.0162577
v 0.2102966 -0.3902110 0.0112530
vn 0.2914345 0.8595923 0.4197227
v 0.0059390 -0.4008569 -0.2385982
vn 0.0670396 0.9521241 -0.2982710
v -0.1743048 -0.3723876 -0.1183026
vn 0.2657781 0.5510705 -0.7910016
v -0.2797731 -0.3919948 -0.1690359
vn 0.7385142 -0.3826667 0.5551242
v 0.0384528 -0.3839109 0.4097430
vn 0.1522402 0.9857599 -0.0714173
v 0.2305585 -0.3872633 0.0511580
vn 0.5054159 0.8622695 -0.0323465
v 0.2592656 -0.4022633 0.0247301
vn 0.1360438 -0.6156495 -0.7761880
v 0.3465836 -0.3959102 -0.1805208
vn -0.3414036 0.8944457 0.2888088
v -0.1420759 -0.4006442 0.1865523
vn 0.8060709 0.5807021 0.1141707
v -0.1999814 -0.3932773 -0.0018711
vn -0.3676351 0.8673299 -0.3355344
v 0.2021195 -0.3923165 -0.0831968
vn -0.3950802 0.6255463 -0.6727581
v 0.2249383 -0.3907021 -0.0990395
vn 0.3634543 0.7655851 -0.5308300
v -0.0642660 -0.3976985 0.1957274
vn 0.1755059 0.7738382 -0.6085820
v -0.0491944 -0.4040286 0.1946272
vn 0.0978035 -0.0893723 0.9911847
v -0.3390374 -0.3846840 0.1692116
vn -0.5893968 0.1709793 0.7895427
v 0.2951878 -0.3869741 0.2235458
vn 0.1594392 0.2051479 0.9656570
v -0.3178960 -0.3914689 0.1687528
vn 0.1242645 0.2791042 0.9521865
v -0.3010750 -0.4026420 0.1683530
vn 0.0994747 0.4977705 0.8615854
v -0.2803591 -0.4074675 0.1672582
vn -0.2709090 -0.6955490 -0.6654472
v -0.1162692 -0.3959388 -0.3699796
vn 0.2097982 0.8697312 -0.4467127
v -0.0388478 -0.3859715 0.2385994
vn -0.2840072 -0.7033898 0.6516002
v -0.1282148 -0.3939140 0.3801300
vn 0.4571444 0.8222855 -0.3389184
v 0.2616732 -0.3894824 0.0910757
vn -0.0324684 -0.5176898 0.8549521
v 0.3246908 -0.3847510 0.2390396
vn 0.4950667 0.8255801 0.2707886
v -0.1528172 -0.3755706 -0.1128405
vn -0.9255430 0.2568356 -0.2782189
v -0.3850074 -0.3845706 0.0313286
vn -0.7041639 0.4772076 0.5257625
v -0.3862867 -0.3797582 -0.0562253
vn -0.3862093 0.8684323 0.3109142
v 0.1836671 -0.3900248 0.1525651
vn -0.8749306 0.4677536 0.1253119
v -0.1474014 -0.4228263 0.2973461
vn -0.3608092 0.9129850 -0.1904608
v 0.2164902 -0.3738227 0.1127008
vn 0.8138392 0.2859922 0.5058401
v 0.0302756 -0.3706938 -0.3270806
vn -0.5275573 0.8339766 -0.1617605
v -0.0963131 -0.3788628 0.2330498
vn 0.6628673 0.5084858 0.5495900
v 0.0107659 -0.3597385 -0.3043267
vn -0.0782701 0.9380750 -0.3374745
v -0.1524155 -0.3798131 -0.1399264
vn 0.1655444 0.9245018 -0.3433534
v -0.0855142 -0.3817330 0.2059481
vn -0.6140509 -0.7581449 -0.2194494
v -0.3745864 -0.3947240 -0.0871094
vn 0.6560698 0.6210209 0.4288422
v -0.1752976 -0.3839863 -0.0733160
vn -0.9573690 0.2313069 0.1730371
v -0.1323019 -0.3863448 -0.3456925
vn 0.6411595 0.6264129 -0.4433072
v -0.1769066 -0.3936835 0.0922355
vn -0.9465160 0.1521438 -0.2845341
v -0.1381951 -0.3793868 0.3643327
vn 0.8351198 0.0828029 0.5438001
v 0.0550353 -0.3807749 -0.3596880
vn -0.3616892 -0.5528967 0.7506571
v 0.0096675 -0.3930172 0.4076163
vn 0.9685213 -0.1387789 0.2066566
v 0.0599014 -0.3912187 -0.3689455
vn 0.0250015 -0.4809675 0.8763819
v 0.0236355 -0.3653230 0.4249719
vn 0.4376311 0.4030572 0.8037562
v 0.3518160 -0.3802691 -0.1225953
vn 0.1805634 0.2782705 -0.9433782
v -0.3041450 -0.3897616 -0.1747340
vn 0.9850699 0.0824821 -0.1511090
v 0.0396355 -0.3761308 0.3937069
vn -0.0190305 -0.6329200 -0.7739834
v 0.0133160 -0.3886853 -0.3971855
vn 0.9228710 -0.3507282 -0.1590564
v 0.0591267 -0.3939304 -0.3777352
vn 0.8123358 -0.5748531 0.0982571
v 0.3683891 -0.3900075 -0.1481340
vn -0.5964425 0.5368469 -0.5967007
v 0.2959835 -0.3769896 -0.1326984
vn 0.4481509 0.7128831 0.5394058
v 0.0026074 -0.3781631 -0.2757292
vn -0.0943661 0.9552472 -0.2803532
v -0.1290176 -0.3820342 -0.1569781
vn 0.3384699 0.7918628 -0.5083222
v 0.2546369 -0.3725754 0.1157671
vn 0.6607971 0.7487009 0.0528602
v 0.0179091 -0.3893816 0.2496351
vn 0.5505797 0.8280014 0.1061867
v -0.1098210 -0.3856318 -0.1577703
vn -0.7957935 -0.6037967 0.0462856
v -0.3897210 -0.3891571 0.0672024
vn -0.0950606 0.9490363 -0.3004889
v 0.2224537 -0.3851268 0.0620191
vn -0.1027867 -0.6844235 -0.7218029
v -0.0752436 -0.3923067 -0.3819786
vn -0.0516052 0.9443826 0.3247744
v -0.1631264 -0.3889892 0.1451239
vn 0.7116413 -0.6645053 0.2280340
v 0.3548150 -0.3901502 0.1950742
vn -0.2435089 0.9380704 -0.2464294
v -0.0974118 -0.3828827 0.2042506
vn 0.1630292 0.9703030 -0.1786999
v -0.1213624 -0.3899245 0.1648890
vn -0.3299232 0.9434037 0.0337654
v 0.2259065 -0.3765828 -0.0716467
vn 0.4232838 0.8685928 -0.2576383
v -0.1546610 -0.3873138 0.1296681
vn 0.0415954 0.9782292 -0.2033163
v 0.0104350 -0.3826781 0.2259289
vn 0.2182314 0.9747061 0.0481984
v 0.2328757 -0.3901460 0.0115601
vn 0.0006873 0.9900275 0.1408725
v 0.2250659 -0.3852021 -0.0224743
vn 0.1601596 0.9010932 -0.4029640
v -0.0936823 -0.3881539 0.1886009
vn -0.1327377 0.9886041 -0.0710123
v -0.1118075 -0.3869373 -0.1821077
vn 0.3613686 0.8112744 0.4596157
v -0.0709662 -0.3813651 -0.2187099
vn -0.9087024 0.4115579 -0.0698579
v -0.1372754 -0.4077545 0.3178612
vn 0.3970117 0.7114823 0.5798057
v 0.2924761 -0.3810245 -0.0934785
vn -0.4494865 -0.6461400 0.6168185
v -0.1405768 -0.3619542 0.4056154
vn -0.1070376 -0.6378109 0.7627190
v -0.1287973 -0.3635710 0.4083168
vn -0.5514396 0.6533205 -0.5187356
v -0.3776932 -0.3689046 0.0452416
vn -0.7829100 0.2761930 -0.5574670
v 0.3215858 -0.3747099 -0.1606372
vn -0.6760409 -0.0133075 0.7367439
v 0.3191208 -0.3639683 0.2401878
vn -0.6938677 0.7041743 0.1506194
v -0.0993299 -0.3752023 -0.2593649
vn -0.0793102 -0.5306168 0.8438932
v 0.3362613 -0.3690899 0.2505038
vn -0.5886773 -0.1447945 -0.7952946
v 0.3369106 -0.3841283 -0.1822256
vn 0.5154672 -0.6804050 0.5209056
v 0.3483001 -0.3745854 0.2380984
vn 0.2748214 0.7935757 -0.5428727
v -0.0174398 -0.3654510 0.2838826
vn -0.3482798 -0.5311073 0.7724159
v -0.3768951 -0.3611254 0.1779570
vn -0.3223017 0.8012615 -0.5040851
v 0.2795841 -0.3732437 -0.1181354
vn 0.3035350 0.9135646 -0.2706773
v 0.0032331 -0.3794076 0.2614895
vn 0.8760356 0.3895026 -0.2843402
v 0.0113872 -0.3648889 0.3219647
vn -0.2636046 0.9352055 -0.2364387
v 0.2435556 -0.3699536 -0.0917528
vn 0.2097559 0.9003299 -0.3813249
v -0.2061204 -0.3638768 -0.1063657
vn 0.2897990 0.0677055 -0.9546897
v -0.3386789 -0.3667122 -0.1811866
vn 0.6571713 -0.1698522 0.7343543
v 0.3797025 -0.3654292 -0.1440606
vn -0.4619473 0.8269932 -0.3204482
v -0.0883956 -0.3693444 0.2474194
vn -0.5837297 0.7157434 0.3833682
v -0.3751706 -0.3762373 -0.0472468
vn 0.4039893 0.5894282 -0.6995478
v 0.3075816 -0.3815485 0.1425144
vn -0.8989089 0.0832307 0.4301576
v -0.3970956 -0.3680691 -0.0807098
vn -0.9072406 -0.0825642 -0.4124290
v -0.3991105 -0.3690058 0.0687246
vn 0.7239422 -0.1103820 -0.6809725
v 0.3630762 -0.3714901 0.1767025
vn 0.8383349 -0.1093416 0.5340778
v 0.0698183 -0.3619999 -0.3809029
vn 0.4037686 0.2449354 -0.8814633
v 0.3503822 -0.3678151 0.1702022
vn 0.6764252 0.0319267 0.7358190
v 0.3695949 -0.3734122 -0.1356465
vn -0.5274353 0.3429153 0.7773166
v 0.2788610 -0.3875732 0.2116112
vn 0.3345442 0.4990364 0.7994016
v -0.3004835 -0.3852781 0.1588195
vn 0.1950911 0.9806792 0.0144220
v -0.1425894 -0.3786162 -0.1298582
vn 0.4387234 0.4635922 -0.7698078
v -0.3122775 -0.3691480 -0.1689842
vn -0.6701148 -0.4977053 -0.5506685
v -0.1307074 -0.3651594 -0.3924248
vn -0.0860915 0.9730792 0.2137876
v -0.0911233 -0.3797992 -0.2088474
vn 0.7986926 0.5838977 -0.1454431
v 0.0118157 -0.3808436 0.2851303
vn -0.3089526 0.8899142 0.3355610
v -0.0876739 -0.3714859 -0.2364907
vn 0.5188524 -0.7029216 -0.4865115
v 0.3734500 -0.3669797 -0.1953999
vn 0.2600858 0.7136448 0.6504356
v 0.3164890 -0.3713878 -0.1151709
vn 0.4532666 0.8573498 0.2439277
v -0.2057512 -0.3684956 -0.0712870
vn -0.7570531 0.6418778 0.1219159
v -0.3747880 -0.3808411 -0.0173268
vn 0.1145633 0.8793304 0.4622265
v -0.1906608 -0.3795497 0.1278144
vn 0.8482887 -0.5240629 -0.0759246
v 0.3664870 -0.3757591 0.1900080
vn -0.5819796 0.7836226 0.2173372
v 0.2213425 -0.3657987 0.1538367
vn -0.7902338 -0.5967049 -0.1395487
v -0.3948790 -0.3765420 -0.0884974
vn 0.0456176 0.9483595 -0.3139002
v 0.2293331 -0.3761081 0.0947742
vn 0.4158958 0.9064054 -0.0738917
v -0.1948551 -0.3733163 0.1114304
vn 0.1586945 0.9432882 0.2915878
v 0.2485061 -0.3749824 -0.0672034
vn -0.6170750 -0.6690593 -0.4142198
v -0.3732487 -0.3631717 -0.1697028
vn 0.5975580 0.6547793 0.4628052
v -0.1399737 -0.3811423 -0.1236143
vn 0.4473978 0.2193325 0.8670228
v -0.3364510 -0.3647955 0.1665557
vn 0.5984876 0.7928768 0.1147129
v -0.2356788 -0.3638929 0.0024276
vn 0.5179221 0.8433577 -0.1431935
v -0.2252528 -0.3605585 0.1016977
vn 0.8480220 -0.3347580 -0.4108476
v 0.3739705 -0.3616751 0.1877022
vn -0.8022136 -0.4264693 -0.4178244
v -0.1321266 -0.3802836 -0.3772092
vn -0.9232823 -0.0624690 -0.3790086
v -0.3944248 -0.3783085 0.0552807
vn 0.9906723 -0.0279877 -0.1333611
v 0.0417792 -0.3531497 0.4107023
vn 0.6967667 -0.6439963 0.3158877
v 0.3592354 -0.3767774 0.2157738
vn 0.2173395 0.7933136 0.5686979
v -0.0678329 -0.3631302 -0.2490281
vn 0.2193943 -0.1430610 0.9650905
v -0.3608405 -0.3615364 0.1776384
vn 0.6713181 -0.4215795 0.6095924
v 0.3944876 -0.3491550 -0.1526014
vn -0.4564152 -0.5341261 0.7116141
v -0.0094341 -0.3669289 0.4044510
vn -0.0167074 -0.5913315 -0.8062555
v 0.0129170 -0.3454362 -0.4303746
vn -0.8337648 -0.5516455 -0.0228829
v -0.4072040 -0.3620131 0.0896967
vn 0.2108607 0.8813144 -0.4228744
v -0.0746319 -0.3757925 0.2308019
vn -0.1276673 -0.6585374 -0.7416397
v -0.0156833 -0.3854257 -0.3937357
vn 0.6197495 0.6557140 -0.4312188
v 0.0021513 -0.3612680 0.2990771
vn 0.4739167 0.7071897 0.5246767
v -0.2744488 -0.3330971 0.1069041
vn -0.6065536 0.6770249 -0.4168094
v -0.0853409 -0.3547743 0.2738296
vn 0.3220012 0.9328441 0.1616081
v -0.1772954 -0.3700979 -0.1001665
vn -0.6583934 -0.6971502 -0.2837245
v -0.3809268 -0.3700577 -0.1335248
vn 0.5449188 0.8066937 -0.2287110
v -0.2357000 -0.3631629 0.0785568
vn -0.5045630 0.8479164 -0.1626466
v -0.3559341 -0.3707509 0.0062820
vn -0.0497093 -0.5938132 0.8030660
v -0.0271058 -0.3584443 0.4070197
vn -0.8198561 -0.5713603 -0.0371944
v -0.4111325 -0.3533901 -0.1085578
vn 0.1052596 0.9560639 0.2736095
v 0.2890610 -0.3707190 -0.1053156
vn -0.6314916 -0.6813455 0.3701171
v -0.3699754 -0.3779429 0.1625978
vn -0.2171019 0.9755292 -0.0347791
v 0.2954896 -0.3688652 -0.1177804
vn 0.3920308 0.9199318 0.0061114
v -0.2221133 -0.3565114 -0.0933767
vn -0.0207229 0.8550436 0.5181418
v 0.3131291 -0.3643138 -0.1220538
vn 0.4652536 0.8764410 0.1240578
v -0.2382732 -0.3510463 -0.0719229
vn -0.9606046 0.0399231 0.2750363
v -0.1335447 -0.3511570 -0.3791294
vn 0.0543964 0.7894291 0.6114269
v -0.0645756 -0.3410481 -0.2751852
vn -0.3579963 -0.6040912 -0.7119778
v -0.1358094 -0.3251471 -0.4203467
vn 0.2585096 -0.0111380 0.9659445
v 0.3894436 -0.3409793 -0.1485620
vn -0.3462853 0.9339004 -0.0889754
v 0.2389747 -0.3531896 0.1517335
vn -0.3590534 0.7870077 -0.5016967
v -0.3371322 -0.3435013 0.0476803
vn -0.5080401 0.8182495 0.2690036
v 0.2733629 -0.3438043 0.1801027
vn 0.8630305 -0.4333076 0.2596593
v 0.0449524 -0.3424861 0.4269748
vn 0.7737541 -0.6334838 0.0017405
v 0.3967206 -0.3522058 -0.1648101
vn 0.0423304 -0.5785450 0.8145514
v -0.0787725 -0.3482877 0.4180557
vn 0.5522655 0.5441997 -0.6315454
v -0.0021813 -0.3361115 0.3218732
vn -0.4924777 0.5398459 0.6826656
v -0.3867921 -0.3574877 -0.0779033
vn -0.8102100 0.4299368 -0.3983893
v -0.1070044 -0.3582843 0.3185371
vn -0.7884354 0.3546728 0.5025702
v -0.1069766 -0.3405119 -0.3411601
vn 0.4954082 0.4193967 0.7607084
v -0.3204896 -0.3616987 0.1552912
vn -0.8785764 -0.4450272 0.1733620
v -0.1439393 -0.3660318 0.3959030
vn 0.8404569 -0.5363362 0.0773034
v 0.3757457 -0.3613370 0.2010471
vn -0.2696082 -0.5594862 -0.7837644
v 0.3573756 -0.3662433 -0.2007051
vn 0.3609414 0.8702927 0.3351297
v -0.2244684 -0.3619562 0.1106881
vn 0.5595888 -0.5947908 0.5771345
v 0.3614361 -0.3497195 0.2547160
vn 0.5098323 -0.6931306 -0.5095499
v 0.0794116 -0.3518551 -0.4148459
vn -0.7080145 0.4384945 0.5535684
v 0.2888631 -0.3418681 0.1947181
vn -0.4034829 0.9090337 0.1042084
v -0.3315445 -0.3593787 -0.0199223
vn 0.8625557 -0.5057238 0.0155321
v 0.0773102 -0.3622802 -0.3973946
vn 0.7710190 -0.5545436 0.3130674
v 0.3788906 -0.3458992 0.2253230
vn -0.3579052 0.8330627 0.4217942
v -0.3327962 -0.3509683 -0.0458566
vn -0.5398056 0.8304060 -0.1379707
v 0.3130427 -0.3608781 -0.1366781
vn -0.1053526 0.8229311 -0.5582879
v -0.0708298 -0.3538828 0.2652200
vn 0.4400589 0.0277678 -0.8975395
v 0.3741935 -0.3379022 0.1845544
vn -0.4909217 0.7458553 0.4502175
v 0.2441760 -0.3543051 0.1652745
vn -0.7945555 -0.0487015 -0.6052352
v 0.3423899 -0.3567647 -0.1885861
vn -0.6988344 -0.3484248 -0.6246845
v 0.3574297 -0.3506647 -0.2115862
vn 0.5784418 0.3517645 -0.7359802
v -0.3304105 -0.3503269 -0.1707952
vn -0.9091758 -0.4016749 -0.1098029
v -0.1530692 -0.3456421 0.4090604
vn -0.3188903 0.9254959 -0.2043685
v -0.3149656 -0.3504563 0.0087386
vn -0.7326500 0.5889447 0.3411279
v 0.3279904 -0.3477077 -0.1478655
vn -0.9081733 0.0568225 -0.4147198
v -0.1417796 -0.3551972 0.3800185
vn -0.9215083 0.0948252 -0.3766043
v 0.3362282 -0.3376612 -0.1769105
vn -0.6313015 0.6557049 0.4141372
v -0.0797577 -0.3412414 -0.2906961
vn -0.6873734 -0.1063995 -0.7184685
v -0.4107247 -0.3461266 0.0819448
vn -0.9050168 -0.3774590 -0.1961359
v -0.1394030 -0.3389534 -0.4035970
vn 0.7550124 -0.5349472 0.3791937
v 0.4187127 -0.3258203 -0.1600187
vn -0.3978804 -0.4757572 0.7844402
v 0.0079019 -0.3364785 0.4357300
vn 0.3727174 0.8177835 -0.4385339
v -0.2383613 -0.3520444 -0.1050670
vn -0.1598636 -0.4639724 -0.8713055
v -0.3656647 -0.3528553 -0.1873487
vn 0.5178012 0.0754439 -0.8521680
v -0.3537085 -0.3405923 -0.1855853
vn -0.6297125 -0.6364933 0.4453521
v -0.4082084 -0.3301923 0.1792326
vn 0.3483834 0.9367461 0.0337003
v -0.2647227 -0.3433627 0.0067928
vn -0.2302174 0.5861350 -0.7768177
v -0.3533918 -0.3280052 0.0720069
vn 0.0239321 0.7963545 -0.6043566
v 0.2868803 -0.3469955 0.1638482
vn -0.4453144 0.7648153 0.4655671
v -0.0742408 -0.3459975 -0.2742621
vn 0.7319087 -0.3255622 -0.5985975
v 0.3933114 -0.3256417 0.1962544
vn 0.2303464 0.7225824 0.6517786
v -0.2314781 -0.3641140 0.1174457
vn -0.3366991 -0.5001473 0.7978010
v -0.0106038 -0.3460205 0.4175279
vn 0.8379896 0.2629542 -0.4781511
v 0.0080047 -0.3267748 0.3422388
vn 0.5242391 0.8462766 0.0948126
v -0.2382838 -0.3500808 0.1032016
vn 0.0936755 0.4128545 0.9059669
v 0.3540870 -0.3512872 -0.1397247
vn 0.3313096 0.7160797 -0.6143808
v -0.0565860 -0.3462226 0.2791236
vn -0.2035849 -0.6859918 -0.6985475
v 0.3705874 -0.3432143 -0.2267120
vn -0.4215754 0.4186923 -0.8043451
v -0.3923260 -0.3490201 0.0711272
vn -0.1397055 0.9784277 0.1521896
v -0.2852206 -0.3425589 -0.0334547
vn -0.3046343 0.6708399 0.6761448
v -0.3427356 -0.3344623 -0.0768658
vn -0.1945567 0.9723098 -0.1294657
v 0.2593856 -0.3475953 0.1636735
vn 0.0500663 0.4672341 -0.8827149
v 0.3189196 -0.3364968 0.1744258
vn 0.5166538 0.8299248 -0.2104608
v -0.2668573 -0.3429269 0.0739465
vn 0.8445014 -0.5346000 -0.0319420
v 0.3943185 -0.3310165 0.2072311
vn 0.0156858 0.8954157 -0.4449547
v 0.2500128 -0.3588891 0.1370453
vn 0.5507762 0.8346304 0.0061444
v -0.2520894 -0.3552987 0.0391373
vn -0.0862086 -0.5617694 0.8227900
v -0.1343509 -0.3438049 0.4224848
vn 0.6806921 0.1128240 0.7238294
v 0.0407936 -0.3250735 -0.3514449
vn -0.9815928 0.1225881 -0.1464500
v 0.3347347 -0.3276953 -0.1697894
vn -0.8485933 -0.0688214 0.5245504
v -0.1433658 -0.3162083 -0.4020101
vn 0.6530038 -0.5858693 0.4799408
v 0.3764997 -0.3155625 0.2721023
vn -0.8039959 -0.1517917 0.5749347
v -0.4114116 -0.3478748 -0.1016488
vn 0.0879494 -0.5464995 -0.8328285
v 0.0620847 -0.3187394 -0.4411522
vn -0.7500203 -0.6361441 -0.1810809
v -0.4245229 -0.3325553 -0.1251606
vn 0.8088447 -0.2892928 0.5119375
v 0.0885881 -0.3350006 -0.4007220
vn 0.7345790 -0.6141897 -0.2883829
v 0.4140069 -0.3244715 -0.1850266
vn -0.1198537 -0.5531144 -0.8244389
v -0.0165280 -0.3257397 -0.4385200
vn 0.7182038 -0.6958312 -0.0015605
v 0.0968418 -0.3352995 -0.4191224
vn -0.1164823 0.8493908 0.5147497
v -0.3028231 -0.3355265 -0.0570806
vn -0.6408332 0.5694050 -0.5148891
v -0.0825203 -0.3381891 0.2920708
vn 0.3536546 0.6866649 0.6351532
v -0.0293654 -0.3498054 -0.2939481
vn 0.5303372 0.8308548 -0.1685908
v -0.2637097 -0.3379512 0.0924455
vn -0.2890673 -0.6786504 0.6751842
v -0.4007436 -0.3261988 0.1913044
vn 0.2092184 0.9477330 -0.2408940
v -0.2929358 -0.3336170 0.0461474
vn -0.0697884 0.9926464 -0.0989083
v -0.2794306 -0.3429417 0.0045950
vn 0.4952777 0.7167173 -0.4909342
v -0.2641867 -0.3399184 -0.1067406
vn -0.9040228 -0.0447417 -0.4251365
v 0.3430810 -0.3324680 -0.1916000
vn -0.4665777 -0.4449324 0.7644216
v 0.3403782 -0.3325320 0.2664679
vn 0.2313324 -0.6062595 0.7608776
v 0.3599676 -0.3337488 0.2676536
vn 0.1009970 -0.3535188 0.9299592
v -0.3851147 -0.3327440 0.1873535
vn 0.8135671 0.2091634 -0.5425488
v -0.3425789 -0.2883545 -0.1531746
vn -0.6761426 -0.5735571 0.4624538
v -0.1569726 -0.3381123 0.4219301
vn 0.9188250 -0.0227730 -0.3940076
v 0.0431523 -0.3308122 0.4172693
vn 0.4154173 0.8213426 -0.3909283
v -0.2958471 -0.3250186 0.0736976
vn 0.1318572 -0.4552844 -0.8805281
v -0.3774805 -0.3329348 -0.1992298
vn 0.6851366 0.2834943 0.6709836
v -0.3466348 -0.3217666 0.1568619
vn 0.4892870 -0.4513744 0.7462301
v 0.0393782 -0.3423482 0.4334021
vn -0.8511476 -0.1017102 0.5149785
v 0.3312210 -0.3299623 0.2560079
vn -0.5531961 -0.3875869 -0.7373945
v -0.4366918 -0.3184856 0.0937756
vn -0.1957816 0.2375635 -0.9514375
v -0.4123456 -0.3268033 0.0865143
vn 0.3534971 0.6438546 -0.6785950
v -0.0370831 -0.3173365 0.3262754
vn -0.3438548 0.0200314 0.9388092
v -0.4232438 -0.3198262 -0.1089147
vn 0.4169021 -0.7630079 -0.4939753
v 0.1103956 -0.3180656 -0.4380714
vn 0.6632155 0.4239422 0.6167806
v -0.3137578 -0.3056376 0.1154186
vn 0.2968942 0.9335119 0.2010214
v -0.2679501 -0.3385739 -0.0569863
vn -0.5880264 0.7552349 -0.2895604
v 0.2941101 -0.3293987 0.1845680
vn -0.0312127 0.8808492 -0.4723670
v -0.3117428 -0.3280571 0.0574361
vn -0.1183824 0.7247826 -0.6787310
v -0.0707046 -0.3346093 0.2868834
vn 0.2426774 -0.6932031 -0.6786583
v 0.0876775 -0.3368210 -0.4275364
vn 0.5436822 0.8377496 -0.0508457
v -0.2613341 -0.3358254 -0.0914814
vn 0.5028890 -0.7514555 -0.4271034
v 0.3890300 -0.3317263 -0.2337068
vn 0.7732111 -0.5644461 0.2890421
v 0.4161478 -0.2950341 0.2221903
vn 0.5845206 0.2874389 0.7587585
v 0.0215680 -0.3262036 -0.3338864
vn -0.7710923 -0.6355451 -0.0387186
v -0.4333534 -0.3289174 0.1037848
vn 0.2063986 0.6559169 0.7260665
v -0.0277432 -0.3044845 -0.3395158
vn -0.6915676 0.3932631 -0.6058699
v 0.3121531 -0.3029409 0.1925549
vn 0.0954448 0.7244492 -0.6826886
v -0.3199242 -0.3148698 0.0751871
vn 0.3895411 -0.2256626 0.8929358
v 0.4117382 -0.3221189 -0.1515067
vn 0.6344282 -0.5652282 0.5272741
v 0.0543115 -0.3048180 0.4482881
vn 0.4077758 -0.0112559 -0.9130127
v 0.3840692 -0.3179245 0.1878363
vn 0.1362559 0.7416445 0.6568089
v -0.0587460 -0.3251178 -0.2975155
vn 0.3560312 0.8533131 0.3809180
v -0.2882950 -0.3182048 -0.0829977
vn -0.7989765 -0.0366099 -0.6002468
v -0.1511111 -0.3234498 0.3980110
vn -0.7764583 -0.6268222 -0.0648578
v -0.4542932 -0.3060015 0.1031590
vn 0.7126848 -0.6014424 -0.3610367
v 0.4039840 -0.3041614 -0.2620576
vn 0.7340480 -0.4741462 0.4861677
v 0.1077648 -0.3177295 -0.4182068
vn 0.4239921 -0.4026111 0.8112552
v -0.3996024 -0.2985704 0.2075539
vn 0.4612045 -0.4295613 -0.7763811
v -0.3873223 -0.3080695 -0.2149381
vn -0.5679784 -0.5872061 0.5767058
v 0.3428870 -0.3154157 0.2825063
vn -0.8343951 -0.4209899 -0.3557419
v 0.3609789 -0.3124644 -0.2434264
vn -0.9477510 -0.0218741 -0.3182602
v 0.3440113 -0.3113787 -0.1956144
vn 0.1320528 -0.8010802 0.5838087
v 0.3570924 -0.3179157 0.2853006
vn -0.6367854 0.3874614 0.6666169
v 0.3362437 -0.3309059 -0.1508981
vn 0.6476358 0.7597677 -0.0576284
v -0.3033182 -0.3015096 0.0995803
vn 0.2841956 0.6659362 -0.6897548
v -0.0634969 -0.3021812 0.3227565
vn -0.3822395 0.3010224 0.8736581
v -0.4014403 -0.3374133 -0.0975260
vn 0.6061373 0.7828501 -0.1405105
v -0.2915634 -0.3113577 -0.1029321
vn -0.2078910 -0.5181971 0.8296102
v -0.0135022 -0.3086057 0.4419283
vn -0.2785243 -0.7913319 -0.5442591
v 0.3758230 -0.3265943 -0.2456066
vn 0.2283891 -0.8599537 -0.4564188
v 0.3845444 -0.3196021 -0.2596553
vn 0.5377799 -0.7987075 0.2699245
v 0.1445423 -0.2944413 -0.4350413
vn -0.8420515 -0.2794371 -0.4613721
v 0.3564126 -0.3271657 -0.2219745
vn -0.0404340 -0.5099179 -0.8592722
v 0.0098377 -0.2979562 -0.4622719
vn 0.6650351 0.7315564 0.1501784
v -0.2891659 -0.3157861 0.0992696
vn -0.8097085 0.2128318 0.5468773
v 0.3389580 -0.3028642 -0.1608196
vn -0.8633553 -0.5031714 -0.0378989
v -0.1479890 -0.3201915 -0.4132578
vn -0.9035429 0.3076298 0.2982855
v 0.3036317 -0.3196515 0.2045061
vn -0.1418556 -0.4779555 0.8668538
v 0.0103093 -0.3066940 0.4548122
vn 0.7368172 -0.1341015 0.6626591
v -0.3919398 -0.2943799 0.2015714
vn 0.5967330 0.0468513 0.8010710
v -0.3706128 -0.3233387 0.1811607
vn -0.6410830 0.2418955 -0.7283538
v -0.0967967 -0.2895595 0.3440030
vn -0.2063373 -0.8254262 0.5254489
v 0.3510306 -0.3046581 0.3101322
vn -0.0759402 0.2236460 0.9717075
v 0.3655253 -0.3139242 -0.1503138
vn 0.0920249 0.2010127 -0.9752566
v 0.3615639 -0.3143677 0.1858602
vn -0.7581658 -0.2838192 -0.5870532
v -0.1712674 -0.2953976 0.4177519
vn -0.8807322 -0.3680956 0.2980208
v 0.3361306 -0.2960956 0.2876913
vn 0.8128659 -0.5759279 -0.0869261
v 0.4233920 -0.3208852 -0.1703009
vn -0.0643731 0.4033689 -0.9127703
v -0.3688428 -0.2932938 0.0928266
vn 0.0356750 -0.8895577 -0.4554277
v 0.3832255 -0.3086481 -0.2845196
vn 0.2703941 0.6190040 0.7373745
v 0.0002961 -0.3369848 -0.3171870
vn 0.1131159 -0.6066233 -0.7869009
v -0.3974479 -0.3015706 -0.2235620
vn 0.0828367 0.7439455 0.6630862
v -0.3125933 -0.3080341 -0.0904872
vn 0.2931330 0.4079327 -0.8646756
v -0.0003278 -0.2957249 0.3491920
vn -0.5242434 0.5587772 0.6426018
v -0.0749099 -0.3129141 -0.3147828
vn -0.8390766 -0.5081710 0.1941974
v -0.1670766 -0.3168944 0.4283762
vn -0.7568558 -0.4784923 0.4452128
v -0.4365422 -0.3180904 -0.1153594
vn 0.0143288 -0.5099422 0.8600894
v -0.0592486 -0.3008822 0.4472352
vn -0.5165007 -0.7219833 -0.4603990
v 0.3749683 -0.3110004 -0.2734052
vn -0.5113246 -0.6764135 -0.5301058
v -0.3970099 -0.3265480 -0.1965431
vn 0.7539973 0.0520117 -0.6548151
v -0.3625908 -0.3096677 -0.1882370
vn 0.7443274 0.1739755 -0.6447552
v 0.0096471 -0.2984407 0.3548573
vn 0.5474489 -0.6607475 0.5135295
v 0.3662734 -0.3009585 0.3051154
vn 0.2891227 0.7753341 0.5614848
v -0.0565802 -0.3013732 -0.3269806
vn -0.7827594 -0.5781802 -0.2302074
v -0.1551271 -0.3056841 -0.4263105
vn -0.6986652 -0.6419293 0.3159017
v -0.1831980 -0.2927664 0.4395073
vn -0.0223646 0.0495454 0.9985214
v 0.4025669 -0.3058660 -0.1508428
vn 0.4393862 -0.4914434 0.7519462
v 0.1384015 -0.2871126 -0.4243430
vn -0.0980341 0.1663072 0.9811887
v -0.4089020 -0.3081955 -0.1068493
vn -0.7609432 0.1568868 0.6295649
v -0.1224027 -0.3049842 -0.3764616
vn -0.8333405 -0.5443105 -0.0962803
v -0.4496159 -0.2989497 -0.1264369
vn -0.0515124 0.5729069 0.8180002
v 0.0080311 -0.2780553 -0.3641184
vn -0.1604650 0.4485297 0.8792452
v -0.3567234 -0.3050070 -0.1021936
vn 0.7910225 0.1162613 0.6006387
v -0.3640025 -0.2862830 0.1676925
vn -0.6481248 0.4196641 -0.6354654
v -0.0859007 -0.3053134 0.3262753
vn -0.8130057 -0.5503046 -0.1902279
v 0.3617138 -0.2951558 -0.2729626
vn 0.5496529 -0.5202057 -0.6536573
v 0.4114301 -0.2989011 0.1990145
vn -0.1044089 -0.5726219 -0.8131438
v -0.0661863 -0.3303985 -0.4316052
vn -0.1324707 0.2484710 -0.9595383
v 0.3290681 -0.2972020 0.1892544
vn -0.7630911 -0.5512526 0.3373612
v -0.4390926 -0.2851855 0.1883281
vn -0.8103129 -0.5382761 0.2316289
v -0.4638244 -0.2829961 0.1259643
vn 0.8085467 -0.5873934 -0.0349479
v 0.4108574 -0.3058170 0.2104293
vn -0.1854013 0.6401481 -0.7455446
v -0.0752820 -0.3012102 0.3217506
vn 0.5013371 0.7905342 0.3517342
v -0.3136954 -0.2936788 -0.1066903
vn 0.8291928 -0.5362545 0.1577036
v 0.4487928 -0.2814046 -0.1615330
vn -0.0376484 0.5839693 0.8109023
v -0.0817080 -0.2705464 -0.3541517
vn -0.1706562 0.6912369 0.7021881
v -0.0743766 -0.2930836 -0.3318085
vn -0.6633694 -0.6320023 -0.4006423
v -0.4644579 -0.2877730 0.0950040
vn 0.5467045 -0.6975023 0.4632545
v 0.0738863 -0.2781250 0.4610245
vn -0.0509415 -0.1272156 -0.9905661
v -0.4410540 -0.2959227 0.0921953
vn -0.7825702 -0.5348428 -0.3186330
v -0.4384738 -0.2968170 -0.1570522
vn -0.9666958 -0.1806619 -0.1812748
v 0.3491586 -0.2886866 -0.2199637
vn 0.9303738 -0.2358108 -0.2807094
v 0.0522721 -0.3096718 0.4314906
vn 0.4736490 -0.4690851 0.7453964
v -0.4047452 -0.2781979 0.2220639
vn 0.1647519 -0.0335361 -0.9857648
v 0.3873346 -0.2960247 0.1895866
vn 0.1973904 -0.5387120 -0.8190400
v 0.1210490 -0.2997154 -0.4492920
vn -0.7215437 -0.2831696 0.6318146
v -0.1629667 -0.2814078 -0.4203282
vn 0.5462914 -0.5152245 -0.6603860
v 0.4249436 -0.2842449 0.1957672
vn 0.8622085 -0.2993316 -0.4086528
v -0.3800260 -0.2663818 -0.2213492
vn -0.5098799 -0.4407923 0.7387319
v -0.4530296 -0.2875226 -0.1130790
vn -0.6347877 0.3921104 0.6658033
v -0.0870338 -0.2935661 -0.3420937
vn -0.2192726 0.5090847 -0.8323175
v -0.0833438 -0.2769987 0.3409496
vn -0.0687081 -0.2127697 0.9746837
v -0.4445222 -0.2793416 -0.1091744
vn -0.6230482 -0.6217718 -0.4745638
v -0.2009111 -0.2679140 0.4335409
vn 0.7188060 0.6796457 -0.1462871
v -0.3324022 -0.2737697 0.1124775
vn 0.2669763 0.6042314 -0.7507517
v -0.0390068 -0.2906166 0.3475612
vn 0.7671939 -0.4991950 0.4027630
v 0.4238444 -0.2586098 0.2598923
vn 0.1436150 -0.7266180 0.6718639
v 0.3523867 -0.2885753 0.3301371
vn -0.3194523 -0.6620080 0.6780086
v -0.4163408 -0.2975017 0.2115421
vn -0.3999003 -0.6112140 -0.6830060
v -0.1548166 -0.2966343 -0.4374236
vn 0.7291807 0.5904254 -0.3459674
v -0.3097603 -0.2976218 -0.1152848
vn 0.5216030 -0.2882977 0.8030035
v 0.1001143 -0.2755863 -0.3979094
vn 0.5673476 -0.4503584 0.6894158
v 0.4373890 -0.2912337 -0.1578524
vn 0.2397621 0.6413915 -0.7287874
v -0.3311101 -0.2896146 0.0947369
vn 0.4416388 -0.7441048 -0.5012617
v 0.1394911 -0.2957194 -0.4444366
vn 0.1109122 -0.4513739 -0.8854153
v 0.0488794 -0.2614031 -0.4752622
vn 0.4734239 -0.6669171 -0.5754054
v -0.3961240 -0.2764929 -0.2454626
vn -0.2542350 -0.5044190 0.8251825
v -0.1615585 -0.3063665 0.4404153
vn 0.4075729 0.7219435 0.5591797
v -0.3364722 -0.2715495 -0.1200533
vn 0.4214219 0.0741074 0.9038317
v 0.0516869 -0.2764488 -0.3628387
vn 0.8307810 -0.3553369 -0.4284141
v 0.0620813 -0.2886545 0.4393910
vn 0.8108508 0.4154723 0.4121937
v -0.3371072 -0.2736475 0.1248122
vn 0.4510537 -0.8897023 -0.0705728
v 0.1751231 -0.2785548 -0.4407504
vn 0.4995004 -0.6067512 -0.6183465
v 0.3739306 -0.2760684 -0.3330708
vn -0.7418749 -0.5759687 0.3433391
v -0.1940402 -0.2761986 0.4425383
vn 0.1392019 -0.1573540 0.9776822
v 0.4280899 -0.2832968 -0.1502598
vn 0.1507786 0.6090927 0.7786347
v -0.0383048 -0.2737104 -0.3633024
vn 0.8042278 -0.5914915 -0.0579260
v 0.4369668 -0.2736231 0.2058883
vn 0.1902092 0.3915953 0.9002631
v 0.0303440 -0.2915762 -0.3512906
vn -0.1404887 -0.4319668 0.8908803
v -0.0155091 -0.2659933 0.4657837
vn 0.2925452 -0.5062125 -0.8112744
v 0.1516347 -0.2795503 -0.4521765
vn -0.6127130 -0.6843128 0.3953466
v 0.3371612 -0.2776882 0.3371608
vn -0.7067184 -0.7035776 -0.0743492
v 0.3559748 -0.2861134 -0.3073941
vn -0.2206516 -0.8967202 -0.3836741
v 0.3697454 -0.2956627 -0.3054356
vn -0.1146868 -0.9148363 -0.3871967
v 0.3581245 -0.2810625 -0.3319422
vn -0.7288790 -0.6787847 0.0893684
v 0.3467465 -0.2748441 -0.3168672
vn -0.1238365 -0.4670531 -0.8755147
v -0.0865488 -0.2600422 -0.4760367
vn 0.0827989 -0.1379070 -0.9869782
v 0.4038050 -0.2790080 0.1900140
vn 0.3343320 -0.4951965 -0.8018744
v 0.4445236 -0.2523728 0.1919364
vn 0.1041393 0.5140863 0.8513932
v -0.3459921 -0.2766621 -0.1146024
vn 0.7799916 0.5760700 0.2444516
v -0.3425935 -0.2586475 -0.1326392
vn -0.6763414 -0.0221523 -0.7362551
v -0.1349585 -0.2833432 0.3830871
vn 0.7807783 0.5678977 -0.2605331
v -0.3254259 -0.2832945 -0.1240102
vn -0.9882206 0.0723026 0.1348794
v 0.3123781 -0.2873217 0.2183054
vn -0.0506008 -0.1737719 0.9834851
v 0.4359672 -0.2627010 -0.1481474
vn 0.7426053 -0.4768934 0.4702235
v 0.4105774 -0.2528803 0.2894223
vn 0.2387612 -0.9538739 0.1819825
v 0.2071983 -0.2648381 -0.4297971
vn -0.4532684 -0.6978649 0.5545559
v -0.4279761 -0.2710344 0.2319811
vn 0.5321974 -0.5360793 0.6552748
v 0.3614475 -0.2758194 0.3359510
vn 0.6251667 -0.1014838 0.7738654
v 0.0673067 -0.2875148 -0.3741575
vn 0.9308054 0.2285471 -0.2852499
v -0.3507662 -0.2511832 -0.1553684
vn 0.0573640 -0.5800666 -0.8125467
v -0.4726468 -0.2610959 0.0766796
vn -0.6103329 0.1966251 0.7673541
v 0.3458524 -0.2848797 -0.1588357
vn -0.1790104 -0.5202912 -0.8350164
v -0.1279141 -0.2832478 -0.4514312
vn 0.0489526 -0.8480278 -0.5276861
v 0.3375113 -0.2680805 -0.3657159
vn 0.0672327 0.1472665 -0.9868092
v -0.4052997 -0.2919432 0.0942388
vn 0.2231146 0.5583751 0.7990226
v -0.0722040 -0.2582596 -0.3665966
vn 0.2526766 0.6048988 -0.7551504
v -0.0775578 -0.2677631 0.3484168
vn 0.5463331 -0.6471475 -0.5317146
v 0.3894700 -0.2996680 -0.2934622
vn -0.5802556 -0.6324299 -0.5131627
v -0.4118828 -0.2963488 -0.2213623
vn -0.2180660 -0.7603426 0.6118221
v 0.3412855 -0.2735667 0.3453805
vn -0.1257622 -0.4649552 -0.8763564
v -0.0138706 -0.2570796 -0.4789638
vn 0.1194792 -0.4483592 0.8858323
v 0.0736030 -0.2513533 0.4777358
vn -0.7588685 -0.6360942 0.1396526
v -0.1720190 -0.2807854 -0.4331204
vn -0.4849296 0.2967746 0.8226593
v -0.0971021 -0.2665027 -0.3610739
vn -0.1421952 0.0355040 -0.9892017
v 0.3609959 -0.2519822 0.1917107
vn -0.9799865 -0.1477341 0.1334211
v 0.3162884 -0.2615148 0.2457217
vn -0.8143935 -0.4340859 0.3851400
v -0.4407653 -0.2449823 0.2405864
vn 0.2483369 0.3394630 -0.9072452
v -0.3584636 -0.2648529 0.1039003
vn -0.0967219 -0.4439120 0.8908350
v 0.0127671 -0.2829009 0.4680704
vn -0.4347638 -0.7128909 -0.5502428
v -0.4140067 -0.2592057 -0.2686902
vn 0.8704988 -0.4581801 -0.1797301
v 0.4604774 -0.2541032 -0.1749591
vn -0.7069939 -0.6736619 0.2152654
v -0.4693785 -0.2707226 -0.1128660
vn -0.5925997 0.0465845 0.8041489
v -0.1210682 -0.2607070 -0.3796947
vn 0.8899789 -0.0728872 -0.4501388
v -0.3630741 -0.2659362 -0.1873235
vn 0.1712769 -0.4044075 0.8983979
v 0.4543638 -0.2488105 -0.1437449
vn -0.0370382 0.3295881 0.9433981
v 0.0634502 -0.2352812 -0.3718337
vn -0.9993635 0.0352659 -0.0053709
v 0.3418795 -0.2777002 -0.1818767
vn 0.0814836 -0.0019570 0.9966728
v -0.4243532 -0.2728604 -0.1101416
vn 0.0889318 0.1945043 0.9768620
v -0.3764627 -0.2682751 -0.1161869
vn -0.6927683 -0.6958237 -0.1894767
v -0.4847257 -0.2643847 0.0852503
vn -0.3599264 -0.7855137 -0.5034096
v -0.4085953 -0.2506175 -0.2870281
vn 0.2418613 -0.1189489 -0.9629924
v -0.4344906 -0.2680129 0.0891670
vn 0.4488182 0.1153633 -0.8861453
v -0.3748066 -0.2331665 0.1050626
vn 0.8048295 -0.3519275 -0.4779086
v 0.4392422 -0.2235108 -0.2811565
vn 0.1022833 -0.7834426 0.6129893
v 0.3419693 -0.2644188 0.3588193
vn -0.7382103 -0.6679691 0.0941436
v 0.3236114 -0.2589363 0.3442977
vn 0.0716297 -0.3033428 -0.9501854
v 0.4304208 -0.2470124 0.1855857
vn 0.6962388 -0.5023673 0.5127170
v 0.3729608 -0.2816603 0.3161915
vn 0.6202419 -0.4872703 0.6147094
v 0.4552171 -0.2638195 -0.1505104
vn -0.3021956 -0.9427797 -0.1408699
v 0.3209588 -0.2630748 -0.3661303
vn 0.6951191 -0.5737539 -0.4331465
v 0.0908966 -0.2581728 0.4562050
vn 0.0009500 0.4088050 0.9126213
v 0.0356582 -0.2775009 -0.3579035
vn -0.4515175 -0.6234239 -0.6383374
v -0.1761892 -0.2721867 -0.4481155
vn -0.6691172 -0.6913461 -0.2726220
v -0.2127506 -0.2595967 0.4349255
vn 0.5055954 -0.7060845 0.4958004
v 0.0882030 -0.2617752 0.4683525
vn -0.5465146 -0.8318173 0.0969632
v 0.3334665 -0.2702426 -0.3429106
vn 0.2867309 -0.9212113 -0.2629739
v 0.2347042 -0.2578199 -0.4276134
vn 0.0156385 0.4507550 -0.8925107
v -0.0960388 -0.2440525 0.3609400
vn -0.4136042 -0.5139019 0.7515560
v -0.1966137 -0.2636254 0.4517069
vn -0.1164031 -0.3504035 0.9293373
v 0.0153960 -0.2361528 0.4867892
vn -0.4067013 -0.5149666 -0.7545883
v -0.1914847 -0.2525595 -0.4525088
vn 0.7867789 -0.5929493 0.1714352
v 0.4700168 -0.2449722 -0.1533424
vn -0.1292198 -0.3717615 0.9192909
v -0.0099136 -0.2390946 0.4783126
vn 0.3284528 -0.6523383 -0.6830619
v -0.4787586 -0.2434551 0.0610312
vn -0.3461757 0.1016322 0.9326485
v 0.3650950 -0.2408633 -0.1619726
vn 0.3961100 0.2787708 0.8748621
v -0.3672012 -0.2460206 -0.1218856
vn -0.1369637 -0.8467181 0.5141102
v 0.2419881 -0.2519990 -0.4078657
vn 0.9320993 0.3573436 0.0591307
v -0.3567045 -0.2318861 -0.1531317
vn -0.5288842 -0.3014335 -0.7933595
v -0.1849696 -0.2572389 0.4145090
vn -0.0531050 -0.4374112 0.8976923
v -0.1141533 -0.2599244 0.4698463
vn -0.2483824 -0.0695532 0.9661618
v 0.3941397 -0.2462437 -0.1545881
vn -0.6020138 -0.7125558 0.3603382
v 0.3111585 -0.2536477 -0.3543855
vn -0.5386264 -0.1592424 -0.8273594
v -0.1530647 -0.2511341 0.3933091
vn -0.3792262 -0.7802576 0.4973788
v 0.2742478 -0.2469264 -0.3852625
vn -0.9061499 -0.4155352 0.0788861
v 0.3294097 -0.2685465 0.3123169
vn 0.9131434 0.2238956 0.3406464
v -0.3626109 -0.2415253 0.1534253
vn -0.2828322 -0.7644370 0.5793462
v -0.4239661 -0.2468776 0.2746252
vn 0.7571825 0.4389824 -0.4837036
v -0.3590271 -0.2406424 0.1136283
vn -0.7660916 0.1955107 -0.6122739
v 0.3141991 -0.2797264 0.1968277
vn -0.5067124 -0.7510952 0.4232005
v -0.4271511 -0.2533212 0.2580732
vn -0.4702737 -0.7323587 0.4924363
v -0.4779806 -0.2585278 -0.1006594
vn 0.3339001 -0.6034067 -0.7241624
v 0.2187057 -0.2546429 -0.4403655
vn -0.1696943 0.0864483 0.9816978
v -0.1206392 -0.2163054 -0.3792228
vn -0.0316125 -0.4681451 -0.8830860
v 0.0093711 -0.2672224 -0.4794833
vn 0.4501695 -0.7001638 0.5541823
v -0.4149466 -0.2613741 0.2443975
vn -0.5599632 -0.7658990 -0.3159748
v -0.4951320 -0.2517568 0.0677935
vn 0.6233981 -0.6722056 -0.3993925
v -0.3930956 -0.2544100 -0.2674821
vn -0.8276593 -0.4441733 0.3430599
v -0.4644205 -0.2411653 0.1930038
vn 0.1140887 0.5138820 0.8502406
v -0.0283028 -0.2375325 -0.3889174
vn -0.5134791 -0.4885169 -0.7054719
v -0.2125358 -0.2507139 0.4286101
vn 0.0654787 0.5653980 -0.8222151
v -0.0257922 -0.2799749 0.3578940
vn -0.4001625 -0.8675729 0.2952750
v 0.3199467 -0.2522558 0.3709637
vn 0.0347383 -0.9902471 0.1349220
v 0.2583838 -0.2535569 -0.4084553
vn -0.2458824 -0.9613490 0.1238952
v 0.2861057 -0.2530485 -0.3907098
vn 0.6830169 -0.4364205 0.5856835
v 0.3843522 -0.2406620 0.3363293
vn -0.7992104 -0.5966727 -0.0724195
v -0.5061042 -0.2347034 0.0586614
vn 0.3237938 0.5928869 -0.7373214
v -0.0840692 -0.2497788 0.3608608
vn 0.9624974 -0.1458409 -0.2287557
v -0.3599704 -0.2361847 -0.1931106
vn 0.5515515 -0.4929836 0.6728731
v 0.3473515 -0.2431673 0.3727702
vn 0.2875656 -0.4928209 0.8212391
v 0.1190953 -0.2262672 0.4818474
vn 0.2860395 -0.4244057 0.8591049
v 0.1418142 -0.2631084 -0.4123858
vn 0.2024978 -0.6550217 0.7279707
v 0.4706077 -0.2293958 -0.1336406
vn -0.2014029 -0.3283121 -0.9228478
v -0.1201369 -0.2034281 -0.4924245
vn -0.8429990 -0.4752901 -0.2518966
v -0.4716896 -0.2637620 -0.1225367
vn -0.9911423 -0.0352136 0.1280510
v 0.3404521 -0.2486090 -0.1914970
vn -0.1215795 -0.3900134 -0.9127475
v -0.0212537 -0.2014864 -0.5050196
vn -0.9685891 0.1100188 -0.2230047
v 0.3135415 -0.2346236 0.2305532
vn -0.5725651 -0.7832028 0.2424103
v -0.4954592 -0.2391200 -0.0810571
vn 0.5914626 0.0256667 -0.8059239
v 0.0360294 -0.2332603 0.3973669
vn -0.9315178 -0.3422650 0.1230014
v 0.3316772 -0.2284928 -0.2434430
vn 0.7472998 0.1627246 -0.6442544
v 0.0203429 -0.2571605 0.3782797
vn 0.1007056 -0.3951576 -0.9130766
v 0.0901511 -0.2351158 -0.4859503
vn 0.3579512 -0.1603571 0.9198677
v 0.0903308 -0.2375761 -0.3801124
vn -0.7025607 0.3205085 -0.6353604
v 0.3274418 -0.2291497 0.2080404
vn 0.0201888 -0.4125272 -0.9107216
v 0.0101702 -0.2297188 -0.4978986
vn -0.4819745 0.1686897 -0.8597932
v 0.3484853 -0.2180935 0.1975528
vn -0.4404049 0.1583520 -0.8837241
v -0.1120832 -0.2483635 0.3633223
vn 0.3310531 0.4247455 -0.8426121
v 0.0074863 -0.2708005 0.3595055
vn -0.3470592 -0.6536050 0.6725700
v -0.2159825 -0.2380549 -0.4296037
vn -0.8227081 -0.4498782 -0.3475069
v -0.4484969 -0.2493812 -0.2063257
vn 0.3980777 -0.6300628 -0.6667497
v 0.1882257 -0.2690134 -0.4440910
vn -0.8661546 -0.4147719 0.2788199
v -0.4839677 -0.2320451 0.1544384
vn -0.7959790 -0.5399390 0.2736482
v 0.3283100 -0.2442251 -0.3078875
vn -0.6135517 -0.7889648 -0.0329989
v -0.1988445 -0.2558610 -0.4405118
vn 0.2150100 -0.7388532 0.6386445
v 0.3260491 -0.2450335 0.3839082
vn -0.5351373 -0.4596101 0.7087924
v -0.1842033 -0.2574039 -0.4262227
vn 0.8334582 -0.4584343 -0.3085216
v 0.4389511 -0.2618262 -0.2398090
vn 0.5516332 -0.6996199 -0.4541288
v 0.4561819 -0.2429173 0.1896773
vn 0.4887601 -0.8380360 0.2425062
v 0.1195654 -0.2361682 0.4705011
vn 0.3460933 -0.7692668 -0.5370737
v 0.2726085 -0.2501727 -0.4168059
vn 0.2947691 -0.4486543 0.8436946
v -0.4581505 -0.2440898 -0.0945437
vn -0.5184414 -0.8142826 0.2610793
v -0.2614703 -0.2320644 0.4411108
vn -0.6157559 -0.6758839 0.4050009
v -0.4211192 -0.2290169 0.2971803
vn -0.0005452 0.3675627 0.9299986
v -0.0973025 -0.2350051 -0.3739513
vn 0.3141809 -0.8728953 0.3732883
v -0.4854589 -0.2248567 -0.0577205
vn 0.2667909 -0.6791542 0.6837926
v -0.4755118 -0.2396983 -0.0834270
vn 0.6252621 -0.7363278 0.2585900
v -0.4090297 -0.2329027 0.2823186
vn 0.3851183 -0.8933795 0.2314238
v 0.1415018 -0.2287196 0.4682094
vn -0.4722450 -0.8799824 0.0511442
v 0.2948462 -0.2333898 0.3950394
vn -0.4620603 -0.8586994 -0.2216654
v -0.2417887 -0.2315279 -0.4408329
vn 0.2872676 -0.1651982 0.9434972
v -0.4182249 -0.2360281 -0.1068307
vn 0.3898999 -0.4884944 -0.7806095
v 0.2626781 -0.2447214 -0.4258444
vn -0.6965878 -0.6874126 -0.2054983
v 0.2974644 -0.2322021 0.3788915
vn 0.5456479 0.0869391 0.8334927
v -0.3825046 -0.2210534 -0.1183510
vn -0.6010130 -0.7860056 -0.1448397
v -0.5086647 -0.2275295 0.0323776
vn 0.2156320 -0.7060742 0.6745087
v 0.3019814 -0.2288248 0.4127133
vn -0.4311602 -0.1784704 0.8844485
v -0.1335962 -0.2217132 -0.3851506
vn -0.8825742 -0.4259312 -0.1991116
v -0.4973947 -0.2319762 -0.0926106
vn 0.2829581 0.5795161 -0.7642616
v -0.0616239 -0.2456083 0.3754817
vn 0.9094269 0.4143640 0.0352856
v -0.3631842 -0.2280519 0.1348850
vn 0.7277067 0.4826059 0.4873751
v -0.3574505 -0.2389078 -0.1329156
vn -0.9792310 -0.1904687 -0.0694866
v 0.3115292 -0.2309341 0.2625119
vn 0.1095442 -0.6223044 0.7750724
v 0.1809582 -0.2549236 -0.4168363
vn 0.1778492 -0.1949105 -0.9645619
v 0.0380887 -0.2084604 -0.4992767
vn -0.9107032 -0.4114768 0.0361469
v 0.3425149 -0.2542062 -0.2609371
vn -0.3986774 0.0732104 -0.9141644
v -0.1245832 -0.2256915 0.3726327
vn 0.0577064 -0.8808942 -0.4697823
v -0.4916605 -0.2362471 0.0461175
vn 0.0685845 0.1326144 0.9887920
v 0.0846224 -0.2208347 -0.3766615
vn -0.1916414 -0.8996468 0.3923128
v -0.4130572 -0.2299191 0.3102215
vn 0.2216595 0.4789024 -0.8494231
v -0.0690460 -0.1821818 0.4153601
vn -0.4672357 -0.7351941 0.4911012
v -0.2323212 -0.2424071 0.4491379
vn -0.6178216 -0.7830099 0.0720557
v -0.5048454 -0.2241943 -0.0567209
vn -0.3362572 -0.7682443 -0.5447308
v -0.2324175 -0.2393748 0.4292139
vn -0.7922720 0.2324161 0.5641701
v 0.3447800 -0.2451841 -0.1702195
vn -0.9579483 -0.0200373 0.2862405
v 0.3320473 -0.2116950 -0.2232866
vn -0.1620714 -0.3683283 0.9154601
v -0.1399150 -0.2187295 0.4855150
vn 0.5799891 -0.7795404 -0.2364944
v -0.3902015 -0.2406321 -0.2983562
vn 0.7086336 -0.6883833 -0.1548122
v 0.4779227 -0.2213068 0.1818342
vn 0.4404353 -0.6781563 -0.5883204
v 0.1164402 -0.2344710 0.4587362
vn 0.2200577 -0.2859057 0.9326482
v 0.1241789 -0.2125684 -0.3843277
vn 0.0050524 -0.4002034 0.9164124
v -0.0544761 -0.2414643 0.4781364
vn 0.1449112 -0.8599504 -0.4893731
v 0.2986191 -0.2553066 -0.3955504
vn -0.8842726 -0.4117520 0.2202777
v -0.4953656 -0.2364448 0.1019374
vn -0.3865953 -0.8968741 0.2148509
v -0.2910176 -0.2173968 0.4280088
vn 0.3110633 -0.5531452 0.7728325
v 0.2884298 -0.2176147 0.4276751
vn 0.3955692 -0.2505521 -0.8835998
v -0.4168075 -0.2333505 0.0884670
vn 0.0186704 -0.9424978 0.3336903
v -0.4022478 -0.2219282 0.3273284
vn 0.3200197 -0.3683991 -0.8728514
v 0.2103892 -0.2076070 -0.4640352
vn -0.4996783 -0.6621318 -0.5584829
v -0.2573760 -0.2213095 -0.4392664
vn -0.1645400 -0.9064533 0.3889333
v -0.2574710 -0.2217403 -0.4227329
vn 0.9079214 -0.2229890 -0.3549010
v 0.4706813 -0.1967654 -0.2342079
vn 0.1720565 0.4776428 -0.8615416
v 0.0191272 -0.2331058 0.3887258
vn 0.5419107 -0.6613820 -0.5185623
v -0.4701503 -0.2244147 0.0491840
vn -0.2999731 -0.3308003 -0.8947554
v -0.1810913 -0.2065500 0.3957195
vn 0.4436127 -0.1423856 -0.8848357
v 0.0639087 -0.1994589 0.4103577
vn -0.3727460 -0.4575543 0.8072822
v 0.4402705 -0.2058528 -0.1297092
vn 0.9170327 0.0135002 0.3985835
v -0.3710854 -0.2437005 0.1755618
vn -0.7099373 -0.4612408 -0.5322085
v -0.4045378 -0.2288195 -0.3124839
vn 0.7849279 -0.6125561 0.0930767
v 0.4854183 -0.2213119 -0.1389779
vn 0.8976152 -0.3795261 -0.2241584
v 0.4991060 -0.1935119 -0.1384698
vn -0.8773060 -0.3540738 0.3239845
v 0.3178401 -0.2058781 -0.2652315
vn -0.5376277 -0.6086051 -0.5835720
v -0.3961327 -0.2193508 -0.3313680
vn -0.4884749 -0.8445137 0.2195200
v -0.2723549 -0.2248719 0.4364682
vn -0.1607774 -0.9048441 0.3942178
v 0.2989697 -0.2321883 0.4071900
vn -0.2231679 -0.3841265 -0.8959035
v -0.1330470 -0.2232606 -0.4817552
vn -0.3825380 -0.8730603 -0.3023746
v -0.2853506 -0.2143071 -0.4237760
vn 0.1584428 -0.6234459 -0.7656443
v 0.4615404 -0.2270403 0.1766769
vn -0.5449906 -0.8340846 -0.0853707
v -0.5095943 -0.2212246 -0.0050130
vn -0.4500264 -0.8786019 -0.1597967
v 0.2728292 -0.2229424 0.4060724
vn -0.0770333 0.3095840 -0.9477466
v -0.1160352 -0.2220882 0.3709826
vn 0.5668812 -0.5020816 -0.6531156
v 0.3604673 -0.2599943 -0.3568035
vn 0.2242162 -0.8012753 -0.5546936
v 0.1431444 -0.2246163 0.4579870
vn 0.8173474 -0.5318959 0.2214272
v 0.4593526 -0.2403610 0.2108996
vn -0.0122495 -0.8363396 -0.5480748
v -0.3959344 -0.2384360 -0.3100211
vn 0.0161366 -0.9762500 -0.2160454
v -0.4997890 -0.2277141 0.0211211
vn 0.5175180 -0.8267043 -0.2207608
v -0.4880723 -0.2225172 0.0192167
vn 0.3027608 -0.9307176 -0.2051845
v -0.3783520 -0.2226100 -0.3274900
vn -0.1996525 -0.9376404 -0.2845514
v 0.2163533 -0.2121790 0.4361988
vn 0.6600243 -0.3048598 0.6866065
v 0.3646353 -0.1871220 0.3886608
vn 0.1602638 -0.8383351 0.5210660
v 0.2102588 -0.2113512 0.4554554
vn 0.2912431 -0.4671455 0.8348368
v 0.2594802 -0.2082418 0.4440609
vn 0.8784120 0.0414213 -0.4761058
v 0.4607990 -0.1950060 -0.2625150
vn -0.3413728 -0.8873196 0.3100459
v -0.3233408 -0.2106788 0.4136949
vn -0.6804646 -0.3463667 0.6457539
v 0.2776181 -0.1852564 -0.3159293
vn 0.2839492 0.3956257 0.8734147
v -0.1236735 -0.1929709 -0.3853953
vn 0.9758447 0.2173025 0.0225120
v -0.3740922 -0.2031502 0.1675344
vn -0.0697750 -0.9820433 0.1752782
v -0.3585766 -0.2115231 0.3852107
vn -0.1708820 -0.0013628 -0.9852906
v -0.1451272 -0.1938923 0.3797233
vn -0.5040670 -0.4580901 0.7321680
v 0.2489439 -0.1866961 -0.3413456
vn 0.2502021 0.4695663 0.8467033
v -0.0847192 -0.2031267 -0.3973463
vn -0.0849181 -0.7352157 -0.6724930
v 0.4810790 -0.1950934 0.1482994
vn -0.1444865 -0.7511762 -0.6440947
v -0.2606361 -0.2206998 0.4205692
vn 0.2719868 0.5066878 -0.8181019
v -0.1036118 -0.2200099 0.3739288
vn -0.2747785 0.5682377 0.7756306
v 0.0792455 -0.2104948 -0.3816873
vn 0.3725758 -0.3547983 -0.8574995
v 0.0853569 -0.1927289 0.4206372
vn -0.6080402 -0.6215810 -0.4938869
v -0.3889332 -0.2153274 -0.3442189
vn -0.1768280 -0.1642005 -0.9704484
v 0.3976577 -0.2250981 0.1842048
vn 0.9870451 0.0297492 0.1576608
v -0.3572549 -0.2037406 -0.1981791
vn 0.9529107 -0.2641181 -0.1490061
v -0.3593864 -0.2179447 -0.2106987
vn 0.8566914 -0.2967281 0.4219388
v -0.3991302 -0.2448093 0.2310410
vn -0.7819836 0.2120214 0.5861302
v 0.3481000 -0.2316105 -0.1738873
vn -0.3725791 -0.4593068 -0.8063636
v -0.2282799 -0.2279194 -0.4513431
vn -0.8546687 0.3597188 0.3743579
v 0.3375460 -0.2052851 -0.2108086
vn -0.1555875 -0.6596088 0.7353290
v 0.2187490 -0.2388840 -0.4011021
vn -0.8931643 -0.4468191 -0.0510897
v -0.5176666 -0.2110348 0.0091764
vn 0.0216301 0.3529568 -0.9353896
v 0.0329656 -0.2109775 0.3999715
vn 0.1908342 -0.6957861 0.6924335
v 0.2343574 -0.2114692 0.4496225
vn -0.1394848 -0.9884609 0.0590687
v 0.2467903 -0.2165422 0.4333243
vn 0.0276489 -0.7864327 -0.6170568
v 0.1627811 -0.2105628 0.4462967
vn 0.5104809 -0.4071546 -0.7573865
v -0.4254699 -0.2121904 0.0751070
vn 0.7237417 0.0278664 -0.6895083
v -0.3815127 -0.2061189 0.1011954
vn 0.5152034 -0.8467351 0.1326845
v -0.3640618 -0.2156448 -0.3371135
vn 0.1481306 -0.9862660 0.0730539
v 0.1766496 -0.2141261 0.4598233
vn -0.4225583 -0.8042316 -0.4179187
v 0.2531982 -0.2141281 0.4109994
vn -0.2400820 0.5728055 0.7837439
v 0.0260153 -0.2261831 -0.3928432
vn -0.0126342 -0.8571465 -0.5149177
v -0.2879184 -0.2136628 0.4133419
vn -0.0074729 -0.9008225 0.4341232
v 0.2736333 -0.2204261 0.4274879
vn 0.0299083 -0.8815107 0.4712158
v -0.2744379 -0.2139106 -0.4104119
vn -0.1314589 -0.7364925 0.6635492
v -0.2371477 -0.2225920 -0.4215969
vn -0.1248053 -0.9540873 -0.2722888
v -0.3742667 -0.2198808 -0.3519811
vn -0.1984797 -0.8900701 -0.4103425
v -0.3517909 -0.2132740 -0.3808570
vn -0.5507300 -0.6584996 0.5129080
v -0.3894550 -0.2091813 0.3637867
vn 0.4568100 -0.8875560 -0.0597414
v -0.3843706 -0.2131291 0.3400059
vn 0.6986321 -0.7132639 -0.0562835
v -0.3933043 -0.2153415 0.3080259
vn 0.5076680 -0.4419866 0.7395412
v 0.3222202 -0.2215994 0.4050471
vn -0.5373484 -0.3824770 0.7516436
v -0.3322668 -0.2005299 0.4151614
vn -0.4826260 -0.0201641 0.8755944
v 0.3742976 -0.2124570 -0.1582852
vn -0.2813160 -0.7062701 -0.6496491
v 0.2056751 -0.1943330 0.4173853
vn -0.8641376 0.1193413 -0.4889007
v 0.3168533 -0.2020204 0.2403155
vn -0.3900005 -0.3044360 0.8690330
v 0.4186795 -0.2015649 -0.1376846
vn -0.7951300 -0.3136214 0.5190472
v 0.2950235 -0.1888355 -0.2951869
vn 0.1487032 -0.3017668 0.9417135
v 0.0862818 -0.1794229 0.5068275
vn -0.1216295 -0.3034124 0.9450647
v -0.0110601 -0.1720195 0.5051731
vn -0.1874555 0.5441390 -0.8177856
v 0.0163043 -0.1879707 0.4199439
vn -0.5353436 -0.6168199 0.5770099
v 0.2739705 -0.2126914 -0.3472299
vn -0.2677462 -0.3370728 0.9026040
v -0.2085674 -0.2080624 0.4729032
vn 0.8542347 0.4415275 0.2744750
v -0.3646215 -0.2098620 -0.1642020
vn -0.1147969 -0.5186173 -0.8472649
v -0.2135879 -0.1861614 0.3928638
vn 0.4268724 -0.7532666 0.5003693
v 0.4901224 -0.2074050 -0.1175988
vn -0.6150642 -0.4425052 -0.6525989
v -0.3678176 -0.2082505 -0.3729065
vn -0.1523531 -0.5664453 0.8098940
v 0.1952564 -0.2145171 -0.3870660
vn -0.7712480 -0.4789948 -0.4192140
v 0.2632068 -0.1708587 0.3302021
vn -0.7745527 -0.3777595 0.5073124
v -0.4060338 -0.2072919 0.3404460
vn 0.3347046 -0.5284188 0.7802221
v 0.1651503 -0.2110333 0.4720055
vn -0.8472056 -0.5044898 -0.1665315
v 0.3010005 -0.2139005 0.3146106
vn -0.3839092 -0.0434261 -0.9223491
v 0.3668021 -0.2024580 0.1904400
vn -0.2203846 -0.3625106 -0.9055477
v 0.4239312 -0.2084001 0.1749238
vn 0.8847904 -0.4567953 0.0921086
v -0.3922662 -0.2110277 0.2559572
vn 0.3919718 -0.8703604 0.2980451
v -0.3387869 -0.2082162 -0.3634882
vn 0.9845545 -0.1599588 0.0711745
v -0.3777635 -0.1903079 0.2076079
vn -0.3145584 -0.6518543 0.6900283
v 0.4702917 -0.1979192 -0.1081461
vn -0.9182425 -0.2440134 -0.3119107
v 0.3049193 -0.2041725 0.2672210
vn -0.0849434 -0.9213747 -0.3792801
v 0.1860318 -0.2118302 0.4462652
vn 0.4719039 -0.3778228 -0.7965907
v 0.3087903 -0.1980534 -0.4231715
vn 0.8815414 -0.4655880 -0.0781833
v -0.3602020 -0.1975368 -0.2543230
vn -0.5331284 -0.4687506 0.7043060
v -0.3583825 -0.2033390 0.3960751
vn -0.1592018 -0.9426836 0.2932619
v -0.3389737 -0.2075505 0.4012370
vn 0.8591695 -0.4425929 0.2567865
v 0.4944017 -0.1941020 0.1854191
vn 0.1697018 0.4822536 0.8594375
v -0.0208349 -0.1900957 -0.4139157
vn -0.1530192 -0.9767671 -0.1500374
v -0.3098001 -0.2111799 -0.4037764
vn 0.1795531 -0.8953302 -0.4076083
v -0.3232718 -0.2057112 0.3946339
vn 0.3392185 -0.9399914 0.0367030
v -0.4907935 -0.2219889 -0.0217377
vn 0.4875198 -0.7786241 -0.3950557
v -0.3547581 -0.1991346 0.3575694
vn 0.7971749 -0.6019896 0.0460519
v 0.4992365 -0.1994916 -0.1208633
vn 0.8174121 -0.1793019 -0.5474380
v 0.4236618 -0.1998841 -0.3166998
vn 0.6713709 -0.4566619 -0.5837133
v -0.4148091 -0.1849036 0.0661694
vn -0.0305028 -0.3054083 0.9517329
v 0.1442496 -0.1963085 -0.3810164
vn 0.2155505 -0.8233989 0.5249307
v -0.2926013 -0.2045007 -0.3933587
vn -0.7940835 0.0895770 0.6011717
v 0.3119830 -0.1940606 -0.2689900
vn 0.8748611 0.2725250 0.4004352
v -0.3601452 -0.1956167 -0.1951630
vn 0.0311706 0.1521074 -0.9878724
v 0.1104010 -0.1946474 -0.4984051
vn -0.0140975 -0.1678511 -0.9857116
v -0.1706908 -0.1729276 0.3826558
vn 0.1803845 -0.0935901 -0.9791335
v 0.0074794 -0.1988970 -0.5111207
vn -0.4910682 -0.4146361 0.7661129
v -0.2919156 -0.2061847 0.4382386
vn 0.4453354 0.5917578 -0.6719368
v -0.0044657 -0.1785410 -0.5112904
vn 0.0856632 -0.0741523 -0.9935609
v 0.1357809 -0.1913074 -0.4941904
vn -0.7349382 -0.2102351 -0.6447225
v -0.3977221 -0.1654176 -0.3534183
vn -0.2813986 -0.2173387 0.9346544
v -0.1507178 -0.2023367 -0.3864784
vn -0.0860870 -0.3121653 0.9461194
v -0.1676006 -0.1862303 -0.3847721
vn 0.8285073 -0.0499149 -0.5577492
v 0.4426217 -0.2016510 -0.2848373
vn -0.4382978 -0.2813874 0.8536488
v -0.2707492 -0.1961767 0.4546152
vn 0.9003109 0.3021988 -0.3132350
v -0.3745421 -0.2083912 0.1122305
vn 0.6395884 -0.7295334 0.2422968
v -0.4665481 -0.2066154 -0.0472808
vn 0.3843862 -0.3545019 -0.8523940
v 0.2591404 -0.1924487 -0.4520106
vn -0.8818532 -0.3518011 -0.3139602
v -0.4926326 -0.1876539 -0.1682242
vn -0.1189542 0.8956029 0.4286552
v 0.0435850 -0.1937487 -0.4189582
vn 0.5461848 -0.6820452 0.4863092
v -0.3178516 -0.1730900 -0.3344015
vn -0.7483092 -0.2145910 0.6276816
v -0.4027235 -0.1710239 0.3574252
vn -0.3411270 -0.2552357 0.9047028
v -0.2416090 -0.1897985 0.4683865
vn -0.8506532 -0.3507710 -0.3915980
v -0.4680828 -0.1995345 -0.2158270
vn -0.8439958 -0.2714920 0.4625616
v -0.4554961 -0.1576056 0.2820383
vn -0.7564926 0.3954841 -0.5208757
v 0.3018376 -0.1804059 0.2623872
vn 0.5435638 -0.8163249 0.1953254
v 0.5075240 -0.1901748 -0.0934858
vn 0.0515981 0.2280629 -0.9722782
v 0.0758599 -0.1987966 -0.4985826
vn 0.7565416 -0.2172712 0.6167967
v 0.4683865 -0.1625289 0.2814238
vn -0.7662059 0.5051293 0.3972064
v 0.3251135 -0.1952712 -0.2450563
vn 0.3635361 -0.5903064 -0.7206801
v 0.3366983 -0.2559752 -0.3769209
vn 0.0830881 0.5538217 -0.8284793
v -0.0304224 -0.2269658 0.3968482
vn 0.5729586 -0.5940424 0.5646521
v -0.4360540 -0.1942917 -0.0736669
vn 0.7589815 -0.3626519 0.5407687
v 0.4384395 -0.1914227 0.3035241
vn 0.0800851 0.6547806 0.7515642
v 0.0073031 -0.2033522 -0.4126493
vn -0.3838114 -0.2561073 -0.8871853
v 0.3955327 -0.1851523 0.1747286
vn 0.7108538 -0.1779266 0.6804624
v -0.3948504 -0.1975092 -0.1052393
vn 0.1909725 -0.6348754 0.7486407
v -0.2436823 -0.1716394 -0.3760626
vn 0.0325176 -0.8628836 0.5043556
v 0.4897490 -0.1967929 -0.0983567
vn -0.2604447 0.9058690 0.3340209
v 0.0795822 -0.1919459 -0.4067163
vn -0.3342162 0.4954803 0.8017474
v 0.1453297 -0.1750979 -0.3773017
vn -0.2639376 0.8573559 -0.4419026
v 0.1183312 -0.1796546 -0.4865810
vn -0.2798600 0.6366323 0.7185943
v 0.1085597 -0.1907797 -0.3830639
vn -0.6159493 -0.1884152 0.7649224
v -0.3649698 -0.1515904 0.4009422
vn 0.7922031 0.4866485 -0.3682222
v 0.4260768 -0.1859798 -0.3112976
vn -0.0379920 -0.1043969 0.9938098
v 0.1283741 -0.1917154 -0.3811072
vn 0.8458636 0.2783746 -0.4549970
v 0.4156110 -0.1834967 -0.3316986
vn 0.8506349 0.2387478 -0.4684227
v 0.4789778 -0.1762821 -0.2237872
vn 0.0119407 0.9938315 0.1102562
v 0.3976340 -0.1793719 -0.2764534
vn 0.3473019 -0.7057228 0.6175246
v -0.2836703 -0.1802521 -0.3680828
vn -0.8656145 0.3394090 -0.3681212
v 0.3640145 -0.1571484 0.1938581
vn -0.7614911 0.5014150 0.4107487
v 0.3701232 -0.1799339 -0.1643425
vn 0.2188246 0.2414840 0.9454107
v -0.1480372 -0.1760415 -0.3851612
vn -0.4999571 -0.1350613 0.8554539
v -0.3051033 -0.1475090 0.4430883
vn 0.7377679 -0.1130593 0.6655195
v 0.4259301 -0.1839855 0.3234183
vn -0.1095409 0.4106662 -0.9051818
v 0.1288586 -0.1840843 -0.4930346
vn -0.6660939 -0.5245733 -0.5302281
v 0.2466190 -0.1595466 0.3433985
vn 0.7676902 -0.2191155 -0.6021960
v 0.4004949 -0.1880569 -0.3521358
vn 0.5095008 -0.1607614 0.8453193
v 0.3116529 -0.1493907 0.4401989
vn -0.0693265 0.1904926 -0.9792377
v 0.0508583 -0.1857054 0.4068359
vn 0.1969639 0.9341778 -0.2975183
v 0.0312816 -0.1840855 -0.4911193
vn -0.2767618 -0.3232007 0.9049554
v 0.1863384 -0.1856043 -0.3716109
vn 0.2328683 -0.3496083 -0.9074946
v 0.1486285 -0.2011858 -0.4894553
vn -0.5076450 -0.4188665 -0.7528927
v -0.3381980 -0.1998610 -0.3991778
vn 0.9379255 0.3314750 -0.1020797
v -0.3868839 -0.1748823 0.1061548
vn 0.8611928 -0.0142675 -0.5080782
v -0.3865505 -0.1864551 0.0932197
vn -0.0437815 0.9341904 -0.3540783
v 0.0781801 -0.1868516 -0.4846533
vn -0.7975966 -0.2723599 -0.5382006
v -0.4124414 -0.1783310 -0.3285930
vn 0.7186345 -0.2109017 0.6626348
v 0.3968924 -0.1924622 0.3542313
vn 0.2870026 -0.3642070 0.8859925
v 0.2108483 -0.1962537 0.4639388
vn 0.5517020 -0.7964473 -0.2475815
v 0.4984860 -0.1924955 0.1490206
vn 0.5323411 -0.8229086 -0.1985812
v 0.5111724 -0.1785453 0.1230506
vn 0.2271169 0.3950605 -0.8901377
v -0.1301947 -0.1903860 0.3806974
vn 0.0349182 0.9444585 0.3267705
v 0.0281810 -0.1899500 -0.4306979
vn -0.5167221 0.8511039 0.0928464
v 0.3531657 -0.1899121 -0.2084424
vn -0.1687642 0.9665522 0.1931206
v 0.3480558 -0.1862057 -0.2483829
vn -0.3018813 -0.7766025 0.5529522
v 0.4899568 -0.1840411 -0.0823220
vn -0.1767522 0.9830040 -0.0496157
v 0.3800339 -0.1833914 -0.2283479
vn -0.0028821 0.9991704 -0.0406240
v 0.0603910 -0.1857623 -0.4768152
vn 0.6703489 0.6648562 -0.3295429
v 0.4317494 -0.1843195 -0.2991854
vn 0.1743149 0.5974917 -0.7826992
v 0.0391288 -0.1897326 -0.4979325
vn 0.2849739 -0.2500719 0.9253399
v 0.1758404 -0.1584790 0.4865496
vn -0.9130442 -0.2838522 0.2928794
v -0.5096607 -0.1604798 0.1618785
vn 0.9245140 -0.2057905 -0.3208180
v 0.5090939 -0.1453233 -0.1596304
vn -0.6151873 0.4435579 0.6517676
v 0.3042054 -0.1802484 -0.2821079
vn 0.9211071 -0.1340021 -0.3655205
v 0.4853156 -0.1783872 -0.2042538
vn 0.0847646 0.6362638 -0.7668008
v -0.0396259 -0.1719406 0.4271115
vn 0.1151648 -0.3102154 -0.9436650
v -0.1962551 -0.1589143 0.3763152
vn -0.5804494 0.5695077 -0.5820134
v 0.1508386 -0.1737476 -0.4937574
vn 0.9173940 0.1001995 -0.3851603
v -0.3899048 -0.1717217 0.0889088
vn 0.7786276 0.0810272 0.6222329
v 0.3656340 -0.1762863 0.3917253
vn 0.1317446 -0.2842585 -0.9496529
v 0.0839612 -0.1665312 0.4101472
vn 0.1295544 0.9610435 0.2441536
v 0.3824970 -0.1722143 -0.3068330
vn -0.8789409 -0.0557309 -0.4736633
v 0.2876971 -0.1796809 0.2880742
vn -0.1804842 0.9542274 -0.2384861
v 0.4153756 -0.1735732 -0.2118212
vn -0.8648693 -0.3277488 0.3802392
v -0.4831356 -0.1779140 0.2157999
vn 0.3413943 -0.2778622 -0.8979101
v 0.2376361 -0.1713199 -0.4684628
vn 0.6255707 -0.3955635 0.6724513
v -0.4018547 -0.1813014 -0.0920832
vn -0.4872370 0.8046758 -0.3392596
v 0.3309308 -0.1732722 0.2426817
vn 0.1682507 0.2314259 -0.9581929
v -0.0198425 -0.1752703 -0.5161688
vn 0.2142035 -0.6653602 -0.7151312
v -0.2516298 -0.1572133 0.3665618
vn -0.3164906 0.5532107 0.7705789
v 0.1692392 -0.1673478 -0.3758939
vn 0.3218000 -0.2517684 0.9127198
v 0.2506002 -0.1633848 0.4607780
vn 0.1197730 -0.4621324 -0.8786854
v -0.2196110 -0.1570620 0.3724857
vn 0.5084232 0.5720572 0.6436275
v 0.4211243 -0.1697150 0.3240118
vn -0.1455402 -0.2796409 0.9490095
v 0.0111434 -0.1563961 0.5161157
vn 0.8732995 0.3282959 0.3599582
v -0.3840156 -0.1969487 -0.1257372
vn 0.3959042 0.6469559 -0.6516962
v -0.1157691 -0.1735686 0.4013028
vn 0.6831077 -0.7228545 0.1041409
v -0.3685809 -0.2154762 -0.3205546
vn 0.1387408 -0.5462489 -0.8260527
v 0.1112806 -0.1908916 0.4282664
vn -0.2193174 -0.9175172 0.3317561
v 0.5075777 -0.1680422 -0.0379410
vn -0.3733211 0.9140244 0.1587159
v 0.1205121 -0.1806959 -0.4007095
vn 0.2550399 0.9646205 0.0667975
v 0.4113599 -0.1770632 -0.3004509
vn -0.1363736 -0.6004429 -0.7879535
v 0.1457564 -0.1701585 0.4130318
vn 0.5082833 0.8602138 -0.0409921
v 0.4108540 -0.1746841 -0.3228973
vn -0.4386077 0.8880347 -0.1379044
v 0.3771869 -0.1751392 -0.1808589
vn 0.3045996 0.9514202 0.0449298
v 0.0076730 -0.1784361 -0.4802995
vn -0.1554413 -0.8827329 0.4434192
v 0.5015308 -0.1801427 -0.0668604
vn -0.5025732 -0.4535131 -0.7360341
v -0.2976395 -0.2028351 -0.4249800
vn 0.6787078 -0.6724747 -0.2951838
v -0.4498995 -0.1916099 0.0253312
vn 0.6373895 -0.7617615 0.1159921
v 0.5167639 -0.1799239 -0.0761397
vn -0.7488337 0.3514519 -0.5618982
v 0.3388124 -0.1866071 0.2194929
vn -0.0926749 -0.3528211 0.9310901
v 0.0169249 -0.1976537 0.5004507
vn 0.7473655 -0.6639135 -0.0257653
v -0.4460862 -0.1808987 -0.0165703
vn -0.0117580 -0.4958797 0.8683117
v -0.1941844 -0.1768564 -0.3842635
vn -0.2295088 0.8744743 0.4273410
v 0.3319110 -0.1839918 -0.2601678
vn 0.9678858 -0.2398903 0.0751648
v -0.3511891 -0.1851213 -0.2254292
vn -0.2222847 0.9736280 0.0513614
v 0.1042866 -0.1831028 -0.4446590
vn -0.4496352 -0.1867315 0.8734756
v 0.2216179 -0.1813236 -0.3540656
vn -0.3802834 0.8861324 -0.2648659
v 0.1313720 -0.1732441 -0.4828689
vn 0.0049985 0.9893173 -0.1456924
v 0.4297349 -0.1786995 -0.2527909
vn 0.6067343 0.6768150 -0.4168872
v 0.4422655 -0.1856381 -0.2807433
vn 0.2074676 0.9774174 -0.0401556
v 0.4254287 -0.1813392 -0.2848866
vn 0.9084996 -0.3967128 0.1313296
v -0.4330178 -0.1642961 -0.0212142
vn -0.0601380 0.9207214 -0.3855589
v 0.4563566 -0.1717770 -0.2289238
vn -0.5202003 0.8537205 0.0235181
v 0.1531281 -0.1618874 -0.4518287
vn -0.4828237 0.7735833 -0.4104269
v 0.1542786 -0.1626616 -0.4882737
vn -0.9259185 -0.3403417 0.1638369
v -0.5267936 -0.1815852 0.0651243
vn 0.2601502 0.7028484 -0.6620620
v -0.0896621 -0.1739385 0.4141350
vn 0.6723469 0.3172702 -0.6687970
v 0.4897749 -0.1584211 -0.1966744
vn -0.5600106 -0.4677207 0.6838316
v 0.4261529 -0.1664366 -0.1139228
vn 0.8433340 0.4054436 -0.3527083
v 0.3945363 -0.1714338 -0.3619530
vn -0.5789831 0.5123427 -0.6342583
v 0.2687750 -0.1602101 0.3152328
vn 0.4629372 0.6784818 -0.5703961
v 0.4759263 -0.1625541 -0.2113433
vn 0.6423455 -0.6882043 -0.3372937
v -0.3534778 -0.1688214 0.3045807
vn 0.2711710 0.3266366 -0.9054142
v -0.1614639 -0.1625479 0.3831702
vn -0.7779543 0.1911048 0.5985532
v 0.3945686 -0.1661148 -0.1403174
vn 0.3088889 0.0712829 0.9484231
v -0.1824961 -0.1577147 -0.3774089
vn 0.8882203 -0.4262094 0.1714945
v 0.5084839 -0.1767574 0.1616260
vn 0.0238649 -0.1512582 0.9882061
v -0.0515028 -0.1716116 0.5060834
vn 0.8563011 0.3294720 0.3977395
v -0.3831511 -0.1626804 -0.1785680
vn -0.1617188 -0.3060968 -0.9381641
v -0.0953356 -0.1856460 -0.5037481
vn -0.4592431 0.3899259 0.7981563
v 0.2241493 -0.1583372 -0.3601309
vn 0.9771070 0.1497441 -0.1511246
v -0.3776489 -0.1704861 0.1907048
vn -0.8309178 -0.3316291 -0.4467637
v -0.4449905 -0.2019556 -0.2588846
vn -0.5854925 0.1114105 0.8029859
v 0.2470065 -0.1713380 -0.3380115
vn -0.0560451 -0.1835630 0.9814090
v -0.1079456 -0.1745185 0.5071764
vn 0.2487128 0.2330819 -0.9401143
v -0.0377036 -0.1646416 -0.5176222
vn -0.2381323 0.6612355 -0.7113795
v 0.0138901 -0.1625243 0.4417636
vn 0.5628065 -0.2635589 0.7834447
v 0.3372632 -0.1707501 0.4183050
vn 0.9227673 0.3533447 -0.1537791
v -0.3911935 -0.1568576 0.1476880
vn 0.9384462 0.0726193 -0.3377058
v -0.3750416 -0.1591378 0.2071989
vn 0.9153769 -0.3857523 0.1152401
v -0.3451048 -0.1700691 -0.2407727
vn 0.0923028 0.0157408 -0.9956066
v 0.0626163 -0.1767185 0.4078962
vn 0.2820832 0.6603543 0.6959608
v -0.0588000 -0.1625802 -0.4235886
vn -0.8169488 -0.2679948 0.5106598
v -0.4222950 -0.1772082 0.3280244
vn 0.3122272 0.7351033 0.6017785
v -0.0301025 -0.1714288 -0.4232820
vn -0.1566017 0.3060049 -0.9390618
v 0.1583097 -0.1677447 -0.4984853
vn 0.2686302 -0.9423676 0.1994522
v 0.5209126 -0.1612220 -0.0157381
vn 0.8211602 -0.3119859 0.4778711
v -0.4191387 -0.1588149 -0.0504560
vn 0.5361410 -0.4653845 0.7042515
v -0.2727764 -0.1431834 -0.3359979
vn -0.3130047 0.8374118 -0.4480731
v 0.2930114 -0.1674555 0.2915409
vn 0.7300112 -0.6750568 0.1066864
v 0.5242653 -0.1702078 -0.0617421
vn 0.5713791 0.6607363 -0.4867787
v 0.4625291 -0.1799810 -0.2453036
vn 0.3080775 0.8960558 0.3196439
v 0.0053580 -0.1843920 -0.4385289
vn 0.9037068 0.3724747 0.2111317
v -0.3896368 -0.1782802 -0.1414550
vn 0.4352337 0.8945645 0.1016172
v 0.3881716 -0.1637063 -0.3447045
vn 0.3171532 -0.9125708 -0.2581249
v 0.5127258 -0.1691130 0.0958682
vn -0.1502859 0.9660059 -0.2103490
v 0.3143068 -0.1683692 0.2811365
vn 0.6681855 0.4174718 0.6158291
v 0.3930463 -0.1752451 0.3577487
vn 0.3758670 0.9010810 0.2162803
v 0.3764280 -0.1647467 0.3585657
vn 0.5138028 0.8325621 -0.2069956
v -0.0250143 -0.1630162 -0.5015619
vn -0.2115488 0.9772247 0.0167032
v 0.3524435 -0.1638138 0.2688811
vn -0.6009587 -0.5577441 0.5725121
v 0.4381408 -0.1405218 -0.0805561
vn -0.4927633 -0.5624582 -0.6639467
v 0.2105078 -0.1483525 0.3708721
vn -0.4654514 -0.7796753 -0.4188811
v 0.4945613 -0.1610088 0.0888567
vn 0.5239416 -0.2568511 -0.8121039
v 0.3435543 -0.1406726 -0.4269899
vn 0.7388700 -0.5182677 0.4306620
v -0.3099998 -0.1380583 -0.2917889
vn -0.9451512 -0.2202660 0.2411891
v -0.5227722 -0.1452023 0.1297027
vn -0.6766214 0.7239307 -0.1345652
v 0.3514643 -0.1633751 0.2217800
vn 0.4800280 -0.1440855 0.8653395
v 0.2989396 -0.1372951 0.4501846
vn -0.4100291 -0.4480047 -0.7944608
v 0.4259985 -0.1716073 0.1556039
vn 0.8734242 -0.4833070 0.0595370
v 0.5337273 -0.1514983 -0.0246552
vn -0.0613921 0.3962557 0.9160854
v -0.0563670 -0.1562559 0.5048993
vn 0.9675695 -0.2406951 -0.0766495
v 0.5346776 -0.1471958 -0.0435204
vn -0.5463598 -0.5710772 -0.6126679
v 0.4470764 -0.1458836 0.1225532
vn 0.8705320 0.0070386 -0.4920615
v 0.3807504 -0.1647489 -0.3861617
vn -0.9919040 -0.1265246 -0.0108645
v -0.5384737 -0.1613101 0.0245906
vn -0.0103980 0.8580487 0.5134631
v 0.3074649 -0.1634119 -0.3041967
vn 0.7344317 0.2727270 0.6214742
v 0.3412106 -0.1568763 0.4182518
vn 0.3264722 0.1510688 -0.9330564
v -0.1831909 -0.1533008 0.3783776
vn -0.1503237 0.0886325 -0.9846559
v 0.0854327 -0.1528482 0.4083698
vn 0.8463007 0.0520035 -0.5301611
v -0.4066597 -0.1611775 0.0584490
vn 0.7697099 -0.6375695 -0.0324291
v 0.5298866 -0.1503674 0.0679888
vn -0.2807374 -0.8244043 -0.4914714
v 0.4900719 -0.1763533 0.1193369
vn 0.6858501 0.6946627 0.2169179
v 0.3540933 -0.1586514 0.3944981
vn -0.4168825 -0.0874453 0.9047443
v -0.2547888 -0.1562624 0.4683108
vn -0.6648245 -0.2498768 0.7039674
v -0.3849136 -0.1380845 0.3872588
vn 0.9066805 -0.4135348 0.0831839
v 0.5250435 -0.1559774 0.1151682
vn 0.8514667 0.3046215 0.4268610
v -0.4029028 -0.1422602 -0.0724901
vn -0.3193662 0.0651548 0.9453889
v -0.0100309 -0.1499705 0.5107097
vn -0.1090770 0.7852138 -0.6095421
v 0.4716595 -0.1502006 -0.1940616
vn 0.9742102 0.1569699 0.1620957
v -0.3915583 -0.1801557 -0.1142046
vn 0.0952135 0.0839073 -0.9919143
v 0.1815291 -0.1579566 -0.4915468
vn -0.2783014 -0.2398527 0.9300640
v -0.1831631 -0.1538673 0.4957121
vn -0.3226691 -0.4418386 -0.8370564
v 0.1834301 -0.1497733 0.3851179
vn 0.6227558 0.7633479 0.1716833
v 0.3739910 -0.1505301 -0.3698952
vn 0.9264856 -0.2548625 0.2768927
v 0.5125014 -0.1340059 0.1973762
vn -0.9302605 -0.3376575 -0.1435370
v -0.5183446 -0.1925780 -0.0629328
vn 0.1949542 0.8921680 -0.4074667
v -0.0919115 -0.1573690 0.4403039
vn 0.0206415 0.7833506 -0.6212372
v -0.0162659 -0.1584581 0.4425613
vn 0.4640085 -0.7263163 -0.5071103
v -0.3136744 -0.1558110 0.3310856
vn -0.8973444 -0.0154256 0.4410614
v 0.4096446 -0.1499865 -0.1202281
vn 0.9465343 0.0187718 0.3220567
v -0.3947190 -0.1603423 -0.0901880
vn 0.8330170 -0.4307290 0.3472106
v 0.4714432 -0.2131105 0.2162565
vn 0.5872389 -0.8093225 -0.0121456
v 0.5260040 -0.1531382 0.0405351
vn 0.0345231 0.4442406 0.8952422
v -0.0951464 -0.1562882 0.5065315
vn -0.5613710 0.8187677 -0.1203417
v 0.3953368 -0.1594847 -0.1568379
vn 0.1455890 0.9394853 -0.3101149
v 0.2820333 -0.1574129 0.3251517
vn 0.1996795 0.9126343 0.3566885
v 0.3567755 -0.1607128 -0.3281487
vn 0.8808106 -0.3500088 -0.3188522
v -0.4320346 -0.1669998 0.0221422
vn -0.3410445 0.9344842 0.1021175
v 0.3614615 -0.1598144 0.2536860
vn 0.2123384 0.9689333 -0.1268100
v 0.3501093 -0.1583113 0.3687828
vn -0.1417076 0.9800000 0.1397106
v 0.3861330 -0.1599885 0.2907608
vn 0.0012016 0.9999966 0.0023239
v 0.3723673 -0.1645224 0.3260275
vn 0.1909057 0.9288116 0.3175910
v 0.4078304 -0.1644935 0.3240032
vn 0.0534693 0.9248419 0.3765748
v 0.4188427 -0.1614558 0.3106668
vn 0.5670511 0.3560342 0.7427603
v 0.4435670 -0.1635608 0.3065974
vn 0.8818830 0.4030653 -0.2445831
v -0.3954756 -0.1562451 0.0838677
vn -0.6560458 0.7460008 0.1143971
v 0.3677045 -0.1495990 0.2105280
vn -0.7609081 -0.0024088 -0.6488552
v 0.3707144 -0.1545410 0.1823078
vn -0.8494702 -0.2832842 0.4451410
v -0.4743621 -0.1623870 0.2452970
vn 0.2427758 -0.3132075 0.9181291
v -0.2162020 -0.1527410 -0.3676482
vn 0.3789791 -0.6669866 -0.6414856
v -0.2785840 -0.1494048 0.3478304
vn -0.9926512 -0.0795064 0.0912275
v -0.5371043 -0.1490800 0.0645593
vn -0.3457575 0.3751538 -0.8600648
v 0.0628675 -0.1559571 0.4127307
vn 0.8874629 0.4017103 -0.2259173
v 0.3744037 -0.1433334 -0.3989165
vn -0.9236908 -0.2757517 -0.2660006
v -0.5119895 -0.1560858 -0.1413240
vn 0.9358555 -0.3114364 -0.1648694
v 0.5268694 -0.1603022 -0.0791196
vn 0.7562389 0.5510020 0.3528450
v -0.4314230 -0.1519229 -0.0246731
vn -0.5799856 0.3252223 0.7468917
v 0.2740918 -0.1662435 -0.3179663
vn -0.2471586 0.7343647 0.6321560
v 0.2879968 -0.1557258 -0.3187695
vn -0.4205853 0.8682393 0.2631893
v 0.3848418 -0.1471353 0.2363661
vn -0.4971113 0.2716515 0.8240666
v 0.0029843 -0.1393025 0.5169737
vn 0.6446980 0.5201983 0.5601413
v -0.4199496 -0.1436351 -0.0495846
vn 0.8704699 -0.4276553 -0.2437072
v -0.3627729 -0.1573452 0.2465772
vn -0.8542057 -0.2637892 -0.4480491
v -0.4646645 -0.1264962 -0.2727767
vn 0.2379751 0.8590750 0.4531645
v 0.3331499 -0.1496456 -0.3400726
vn -0.6692488 0.7430360 0.0018836
v 0.1807171 -0.1414674 -0.4616642
vn -0.2759500 0.0312214 -0.9606647
v 0.1355128 -0.1387218 0.3989150
vn 0.0327313 0.0898668 0.9954158
v -0.1511734 -0.1437092 0.5056579
vn -0.5324833 0.8146570 0.2297729
v 0.1769846 -0.1523272 -0.4032548
vn 0.3747208 0.4989984 0.7813994
v -0.1087081 -0.1367264 -0.4234773
vn 0.4774982 0.6000443 -0.6418273
v -0.1536331 -0.1528307 0.3946318
vn -0.9952608 -0.0758742 -0.0608203
v -0.5351595 -0.1498250 -0.0339553
vn -0.9976635 -0.0388100 -0.0562261
v -0.5335066 -0.1367370 -0.0710034
vn 0.8678173 0.1027483 0.4861439
v -0.3538761 -0.1754928 -0.2136842
vn -0.6951742 -0.5977105 -0.3993432
v 0.4811222 -0.1352514 0.0703789
vn 0.7956721 0.0427744 0.6042155
v -0.3410296 -0.1464641 -0.2333298
vn 0.5216055 0.8102209 0.2673383
v -0.0549917 -0.1497663 -0.4530561
vn 0.1794198 0.9465508 0.2680486
v -0.1015636 -0.1463384 0.4931647
vn -0.1159619 -0.9711827 -0.2082235
v 0.5104565 -0.1599604 0.0629888
vn -0.1583755 -0.4008263 -0.9023610
v 0.1337783 -0.1511804 0.4026668
vn 0.3021925 -0.0816430 -0.9497443
v -0.2165286 -0.1450448 0.3689485
vn 0.5249048 0.8509609 0.0184544
v 0.3348451 -0.1449383 0.4054661
vn -0.4189046 0.3486372 -0.8384337
v 0.2548946 -0.1515622 0.3304252
vn 0.1534744 0.7710642 0.6179852
v 0.4443475 -0.1528823 0.2942978
vn 0.7571492 0.6472456 -0.0883078
v -0.4338095 -0.1541829 0.0108257
vn -0.6961824 0.7063244 0.1282029
v 0.1866787 -0.1400994 -0.4274020
vn -0.2088884 0.7928545 0.5724924
v 0.4462112 -0.1472928 0.2863845
vn 0.2504949 0.9593487 -0.1300088
v -0.1086723 -0.1460160 0.4689496
vn -0.0306076 0.9710322 -0.2369803
v -0.0611938 -0.1505246 0.4656220
vn -0.4849769 0.6454955 -0.5900279
v 0.1762540 -0.1473781 -0.4865769
vn 0.3075881 0.2846119 0.9079568
v 0.4664212 -0.1429387 0.2820368
vn -0.2089269 -0.0232329 0.9776552
v 0.0237321 -0.1299045 0.5241860
vn -0.6484579 -0.2575809 -0.7163480
v 0.2250638 -0.1441608 0.3535775
vn 0.9248677 0.2101004 -0.3169820
v -0.3962018 -0.1243148 0.1773223
vn -0.6825494 0.6309962 -0.3687413
v 0.4176448 -0.1328000 -0.1280278
vn 0.5004507 0.2813165 -0.8187858
v -0.2157100 -0.1250914 0.3736341
vn 0.2085877 0.1870268 -0.9599543
v 0.2188939 -0.1248142 -0.4811897
vn -0.0601941 0.6711575 0.7388669
v 0.2762983 -0.1316947 -0.3467886
vn 0.0386614 0.2238387 -0.9738591
v 0.2010381 -0.1372808 -0.4907772
vn 0.1109551 0.9930570 -0.0390733
v -0.5082183 -0.1368900 0.0142801
vn -0.3705668 0.7812216 -0.5023674
v 0.0123668 -0.1409007 0.4671884
vn -0.9347081 -0.1637868 0.3154278
v -0.5136631 -0.1273047 0.1720139
vn 0.4048640 -0.2226769 -0.8868484
v 0.2884284 -0.1458436 -0.4558125
vn 0.6997345 -0.1423084 -0.7000858
v 0.3693710 -0.1480911 -0.4056849
vn -0.7414125 0.6511056 0.1623853
v 0.3832880 -0.1275607 0.1854269
vn -0.5279031 0.6390505 0.5594040
v 0.1985293 -0.1460948 -0.3852555
vn -0.7399836 -0.1968001 0.6431906
v -0.4222744 -0.1125949 0.3589596
vn 0.4967734 0.8608122 -0.1105381
v -0.1341112 -0.1365768 0.4623473
vn -0.6163920 0.3706559 0.6947483
v 0.2251597 -0.1150245 -0.3808108
vn 0.5095743 0.7691593 -0.3856530
v -0.1382423 -0.1437155 0.4229270
vn -0.6495408 -0.1739704 -0.7401561
v 0.3887075 -0.1406766 0.1645252
vn -0.8091857 -0.2634516 0.5251778
v -0.4299136 -0.1438933 0.3339337
vn -0.9106593 0.3628362 -0.1976096
v -0.5344586 -0.1197291 0.0895475
vn 0.7545190 0.1002720 -0.6485727
v 0.5012225 -0.1423118 -0.1790501
vn 0.9332342 0.2316264 0.2746329
v -0.4024328 -0.1204632 -0.1636468
vn -0.8719870 -0.1782444 0.4559249
v -0.4705430 -0.1415606 0.2619231
vn -0.8021948 0.5956168 -0.0415240
v -0.5341330 -0.1389858 0.0213818
vn 0.8926981 -0.0376323 -0.4490811
v -0.3650311 -0.1454089 0.2313125
vn -0.3064779 0.3135166 -0.8987651
v 0.1025900 -0.1310675 0.4100949
vn 0.5139079 -0.1900973 -0.8365176
v -0.2640001 -0.1346622 0.3458102
vn 0.8465492 -0.2387780 0.4757517
v -0.3244935 -0.1379148 -0.2578497
vn 0.5151625 0.6674519 0.5376948
v -0.0927286 -0.1308038 -0.4391320
vn 0.7388511 -0.4577340 -0.4945490
v -0.3344874 -0.1373382 0.2799670
vn 0.1594321 0.5118438 0.8441548
v -0.1202684 -0.1477614 0.5035408
vn 0.2160873 0.8980203 0.3832308
v -0.4478783 -0.1404209 -0.0400310
vn 0.3941399 0.8160947 -0.4226622
v 0.2906129 -0.1313454 0.3949455
vn 0.2176803 0.8523468 -0.4755211
v 0.2642661 -0.1486038 0.3367025
vn -0.2607535 0.6127796 -0.7459952
v 0.4839847 -0.1267965 -0.1756696
vn -0.5517043 -0.8063932 0.2129612
v 0.5055861 -0.1544897 -0.0045612
vn 0.6636134 0.7213991 -0.1979918
v -0.0579833 -0.1378292 -0.5022414
vn -0.0189609 0.9609806 0.2759651
v -0.0730968 -0.1477040 0.4936094
vn 0.2233120 0.7799451 0.5846515
v 0.3006994 -0.1352661 -0.3477625
vn -0.2469798 0.9325159 0.2634677
v -0.0397777 -0.1429918 0.4961209
vn -0.8211445 0.5663019 0.0708795
v -0.5325580 -0.1362209 -0.0315840
vn 0.2188296 0.9654611 0.1414162
v -0.4718263 -0.1434632 -0.0057748
vn -0.2386916 0.9046537 0.3530272
v 0.4176899 -0.1511592 0.2768047
vn 0.9446468 -0.3272320 0.0236985
v 0.5379174 -0.1342097 0.0298306
vn 0.3812193 0.4122188 0.8274947
v -0.1500944 -0.1407058 -0.4053987
vn -0.1349272 0.9469914 -0.2915509
v -0.0115424 -0.1384426 0.4766436
vn 0.5830871 0.7047929 -0.4040748
v -0.4115813 -0.1386888 0.0741904
vn 0.7533428 0.4549588 -0.4748549
v -0.4255243 -0.1561072 0.0335223
vn 0.3308400 0.8979772 -0.2901412
v -0.4359638 -0.1491139 0.0342878
vn -0.4677520 0.0292291 -0.8833764
v 0.1916342 -0.1353221 0.3785868
vn 0.7911219 0.4113271 0.4526988
v -0.3795817 -0.1213313 -0.2081440
vn 0.9599651 0.2649506 0.0909298
v -0.4041528 -0.1358995 -0.1307973
vn -0.4442486 0.8958580 0.0090304
v 0.0004244 -0.1323710 0.4986021
vn 0.5615548 -0.0080589 0.8274003
v -0.2507619 -0.1338167 -0.3474708
vn -0.8946834 -0.1919991 0.4033336
v -0.4928030 -0.1409926 0.2190057
vn -0.3787182 -0.1350409 0.9156072
v -0.2108791 -0.1402519 0.4877737
vn 0.9098786 -0.1673149 0.3796404
v 0.5045274 -0.1118874 0.2384255
vn 0.6132094 0.4945354 0.6159618
v -0.3417792 -0.1321426 -0.2385502
vn -0.9480991 0.2475508 -0.1995668
v -0.5355415 -0.1082328 0.1040809
vn 0.4679615 0.2613686 0.8442147
v -0.2167360 -0.1358293 -0.3669738
vn 0.7830040 0.3563343 0.5098338
v 0.3086155 -0.1278736 0.4421327
vn -0.7665129 -0.4115429 0.4930421
v 0.4624349 -0.1130956 -0.0175431
vn 0.6344500 -0.0542359 -0.7710589
v 0.3419477 -0.1155315 -0.4337158
vn -0.8781978 0.3442101 -0.3320966
v 0.3839845 -0.1261322 0.1698625
vn -0.1440080 0.6356435 0.7584320
v 0.4585715 -0.1351230 0.2785463
vn 0.7413098 0.3893305 -0.5467007
v -0.3327121 -0.1189424 0.2759996
vn 0.8242119 -0.0953109 -0.5582030
v -0.3427833 -0.1298697 0.2608474
vn -0.5366424 -0.1826068 -0.8238141
v -0.3117418 -0.1282481 -0.4402751
vn -0.4921839 0.5943526 -0.6360031
v 0.2036833 -0.1196496 -0.4787436
vn -0.5178866 0.4426145 -0.7320423
v 0.0658229 -0.1244771 0.4306654
vn 0.4257751 0.7894192 0.4421910
v -0.1397819 -0.1336661 0.4948971
vn 0.7176154 -0.3437613 0.6056867
v -0.2885196 -0.1337987 -0.3127034
vn -0.7108636 0.6742849 -0.2000322
v -0.5334341 -0.1323868 0.0505648
vn -0.3338958 0.8552298 0.3963528
v -0.0125334 -0.1368109 0.5023044
vn 0.9588670 -0.2684989 0.0921007
v 0.5350852 -0.1360815 0.0867226
vn 0.0866346 0.9586970 -0.2709144
v -0.5045722 -0.1332941 0.0409570
vn 0.2039488 0.5361319 -0.8191261
v 0.4862236 -0.1403181 -0.1853779
vn -0.0949610 0.9681570 -0.2316343
v -0.5260244 -0.1338293 0.0412867
vn 0.6995098 -0.2058968 -0.6843191
v -0.3072172 -0.1303796 0.3036335
vn 0.7178259 0.6291108 -0.2982374
v -0.1741518 -0.1137342 0.4251968
vn -0.8125154 -0.2007432 -0.5472851
v -0.4461175 -0.1138149 -0.3122111
vn -0.4621489 0.7526453 0.4689814
v 0.4173805 -0.1282788 0.2341014
vn 0.1288987 0.9773746 0.1677026
v -0.5148897 -0.1336340 -0.0180015
vn 0.7536952 0.5719362 0.3237787
v -0.4097768 -0.1207639 -0.0975844
vn -0.5963251 -0.6628054 0.4528635
v 0.4672744 -0.1362707 -0.0424369
vn -0.4058028 -0.9128354 0.0453388
v 0.5115749 -0.1556183 0.0211482
vn -0.2957553 0.4807059 -0.8255002
v 0.2359979 -0.1353291 0.3457420
vn -0.1588474 0.9862695 0.0451652
v -0.5282201 -0.1367574 0.0039962
vn 0.1158134 0.8968236 0.4269598
v -0.4948396 -0.1229403 -0.0650904
vn 0.8291585 0.4877469 -0.2731286
v -0.4124953 -0.1248194 0.1138456
vn 0.5894393 0.5699859 -0.5724311
v -0.1797658 -0.1244908 0.4014662
vn -0.5935099 0.5313661 0.6044801
v 0.0254207 -0.1167360 0.5211356
vn -0.7561700 -0.3124506 -0.5749623
v 0.4624469 -0.1190116 0.0798298
vn 0.5665860 0.8106742 -0.1476069
v 0.3163136 -0.1334088 0.4171310
vn -0.0775938 0.9032766 -0.4219842
v -0.5141879 -0.1215222 0.0697545
vn 0.3264592 -0.1072638 -0.9391054
v 0.2433335 -0.1361358 -0.4733582
vn 0.5130242 0.7070320 -0.4867361
v -0.3144307 -0.1162159 0.3037069
vn 0.3016993 -0.1746359 0.9372725
v 0.2145271 -0.1048691 0.4860842
vn -0.1347540 0.5401745 0.8306942
v 0.4735679 -0.1128172 0.2636931
vn 0.8568436 0.1321953 0.4983408
v -0.3050604 -0.1224775 -0.2906387
vn -0.7948737 -0.3307885 0.5086794
v 0.4209158 -0.1277219 -0.0881351
vn 0.3790162 0.7568975 0.5324029
v 0.3323049 -0.1274866 -0.3787462
vn 0.6489624 0.3814590 -0.6582832
v -0.1962690 -0.1070477 0.3976231
vn 0.6801855 0.1833195 0.7097476
v 0.4950574 -0.1104541 0.2547160
vn 0.7118285 0.6870100 -0.1460055
v 0.2932851 -0.1070708 0.4408728
vn -0.9140348 -0.3083999 -0.2634957
v 0.4801141 -0.1173897 0.0459870
vn -0.1850173 -0.1978708 -0.9626089
v -0.1365960 -0.0813118 -0.5254245
vn -0.7666273 0.4997529 -0.4031499
v 0.4226792 -0.1103903 -0.1052536
vn -0.8931394 -0.2579076 -0.3684910
v -0.4962404 -0.1491961 -0.1928837
vn 0.7422526 0.2952393 0.6015769
v 0.2956452 -0.1143559 0.4524946
vn -0.9213042 -0.3421287 0.1847877
v 0.4795447 -0.1159885 0.0206500
vn 0.7208374 0.1999162 0.6636467
v -0.2768957 -0.1233220 -0.3278318
vn 0.4498700 0.2661750 0.8525068
v -0.1721771 -0.1027962 -0.4109586
vn -0.4738271 -0.1004300 0.8748724
v -0.3200505 -0.0919642 0.4433769
vn 0.6546195 0.6199958 0.4325259
v 0.3457184 -0.1116068 -0.4071233
vn -0.6539801 0.5799074 -0.4858163
v 0.0427493 -0.1182693 0.4590128
vn 0.5380974 0.4705338 0.6993205
v -0.1258624 -0.1062293 -0.4335002
vn -0.3877718 0.4014349 -0.8297489
v 0.2081870 -0.1125339 0.3733065
vn 0.1907156 0.7843129 -0.5903226
v 0.2369772 -0.1264167 0.3562297
vn -0.7198266 -0.2379767 -0.6520864
v 0.4078614 -0.1245728 0.1400570
vn -0.0487059 -0.1342409 -0.9897510
v -0.0895947 -0.1399850 -0.5167683
vn 0.2639798 -0.1805662 0.9474759
v 0.1403766 -0.1275264 0.5041850
vn -0.7848745 0.5632793 0.2582412
v -0.5286754 -0.1222434 -0.0679882
vn -0.3008137 -0.2920264 -0.9078721
v -0.1910931 -0.1736354 -0.4847203
vn -0.1304267 0.9547341 0.2673418
v -0.5204697 -0.1285538 -0.0384778
vn 0.8262196 0.1805034 0.5336475
v -0.3129257 -0.1261229 -0.2704741
vn 0.0980335 -0.2154185 0.9715886
v 0.0591134 -0.1288431 0.5239822
vn 0.5365618 0.7673717 0.3510588
v 0.3601183 -0.1336401 -0.3919784
vn 0.4380972 0.7469878 -0.5000802
v 0.2413847 -0.1139055 0.3788745
vn 0.3720318 0.8406816 0.3935057
v -0.3502330 -0.1192539 -0.2507735
vn 0.5582836 0.5623643 0.6099719
v -0.3271070 -0.1247132 -0.2576471
vn 0.7043155 0.6751990 0.2191939
v -0.0788831 -0.1196572 -0.4790320
vn 0.6176466 0.3964641 -0.6792120
v -0.0869801 -0.1091271 -0.5162144
vn 0.5029598 0.5832243 -0.6378722
v -0.2974294 -0.1153276 0.3181382
vn -0.7491939 0.5704232 0.3366392
v 0.2036085 -0.1286884 -0.4017594
vn -0.7997177 0.5759389 -0.1695462
v 0.2032952 -0.1143869 -0.4668752
vn 0.9968089 0.0785124 0.0144198
v 0.5410048 -0.1170211 0.0149223
vn 0.9996909 0.0155316 0.0194127
v 0.5415049 -0.1064529 -0.0218454
vn -0.8727450 -0.2494319 0.4196425
v 0.4226080 -0.1088776 -0.0719527
vn -0.9969096 -0.0657590 0.0429761
v -0.5346114 -0.1150702 -0.0947307
vn -0.2886577 0.8359848 0.4666973
v -0.5232114 -0.1134477 -0.0776770
vn -0.9942329 0.0741972 0.0774325
v 0.4195715 -0.1096342 -0.0846542
vn 0.9569944 0.2015726 0.2086389
v -0.4044463 -0.0908229 -0.1743763
vn -0.9743745 0.2243236 0.0165301
v 0.4125151 -0.1295760 -0.1092435
vn -0.6438919 -0.1613374 -0.7479127
v -0.3487440 -0.1254241 -0.4120417
vn -0.8619367 -0.0472835 -0.5048064
v -0.4614412 -0.1091436 -0.2879294
vn -0.6440158 0.3833289 -0.6620443
v 0.4515257 -0.0849244 -0.1145691
vn 0.8395019 0.5162005 0.1696282
v -0.3953586 -0.0960969 -0.1987010
vn 0.9980866 0.0511509 0.0347388
v 0.5380440 -0.1071253 0.0968173
vn 0.8557821 0.2197366 -0.4683513
v -0.4142115 -0.0882094 0.1411872
vn -0.7554868 0.4876579 -0.4375265
v 0.4746231 -0.1086523 0.0581955
vn 0.4346855 0.3406042 -0.8336890
v -0.2695994 -0.1058209 0.3458530
vn -0.3526453 -0.0619434 0.9337046
v -0.1969500 -0.1073526 0.4998582
vn -0.0025063 0.1131880 0.9935704
v -0.1766698 -0.1193221 0.5072188
vn 0.9867734 0.1608788 0.0199111
v 0.5411147 -0.1143325 0.0600888
vn -0.8851763 -0.1239223 -0.4484488
v -0.4826346 -0.0949278 -0.2517158
vn -0.2234840 0.7351182 -0.6400440
v -0.5183738 -0.1094896 0.0882732
vn 0.2255235 0.7903978 0.5695704
v -0.4352462 -0.1155478 -0.0873945
vn 0.4783544 0.3155541 0.8195137
v -0.1912489 -0.1114153 -0.3979875
vn -0.3284298 0.4637399 0.8228483
v 0.2548819 -0.1201930 -0.3617935
vn 0.6959769 0.0170452 0.7178619
v 0.4864283 -0.1342000 0.2715783
vn 0.1527589 0.8438445 -0.5143843
v -0.4711134 -0.1238016 0.0750564
vn 0.7769065 0.4188969 0.4700444
v -0.4138033 -0.0955709 -0.1214953
vn -0.7680540 0.6297986 -0.1159607
v 0.0351427 -0.1049476 0.5040446
vn 0.5671037 0.5659864 0.5983751
v -0.1711971 -0.1137231 0.5014389
vn 0.3454199 0.2929283 -0.8915594
v -0.0710993 -0.1373585 -0.5155555
vn 0.4408807 0.3655026 -0.8197756
v 0.5038250 -0.1124450 -0.1667017
vn -0.8289536 0.5146562 0.2190090
v 0.2059143 -0.1204880 -0.4106066
vn 0.4173598 0.8902882 0.1822030
v -0.3756740 -0.1106776 -0.2422119
vn -0.2106736 0.0356073 0.9769078
v 0.0480769 -0.1056262 0.5271165
vn 0.0032466 0.2092354 0.9778599
v -0.1931937 -0.0988522 0.4998826
vn 0.2591215 0.5941116 0.7615035
v -0.4309964 -0.0897596 -0.1167310
vn 0.7558787 0.4993738 -0.4234067
v -0.3549209 -0.1109422 0.2500655
vn 0.4727582 -0.0958809 -0.8759604
v 0.3189993 -0.1001116 -0.4482543
vn 0.8821188 0.4207375 -0.2117696
v 0.3528010 -0.1183060 -0.4182175
vn 0.8344374 0.3008701 -0.4617267
v 0.3406861 -0.0967562 -0.4335282
vn -0.5666693 0.6475132 0.5095221
v 0.4250599 -0.1098693 0.2159678
vn -0.8986036 -0.1264972 0.4201311
v -0.4769721 -0.0792485 0.2678679
vn -0.5556118 0.6937791 -0.4582205
v -0.4559739 -0.0959634 -0.2898396
vn 0.6629629 -0.0144353 -0.7485130
v 0.3185603 -0.0675879 -0.4523707
vn -0.6278422 0.4478409 -0.6365946
v 0.4596765 -0.1035621 0.0818213
vn -0.8410060 0.3252537 -0.4323411
v 0.3986572 -0.1046823 0.1554685
vn -0.5868090 0.4299369 0.6861556
v 0.2385531 -0.0758356 -0.3862058
vn 0.4870084 -0.0120564 0.8733141
v 0.2631170 -0.0845719 0.4722559
vn 0.4140280 -0.1072139 0.9039281
v 0.2764507 -0.1085413 0.4639293
vn -0.4288824 -0.2035668 -0.8801252
v -0.2582624 -0.1300286 -0.4692212
vn 0.9776052 -0.1182274 0.1740991
v 0.5340300 -0.1086124 0.1261987
vn -0.7847654 0.4255937 -0.4505700
v -0.4464151 -0.0993754 -0.3146120
vn -0.8433337 0.0459935 -0.5354185
v -0.4203483 -0.0919295 -0.3501016
vn -0.5268540 0.6220627 0.5791917
v 0.4576967 -0.1176973 0.2548338
vn -0.4332957 -0.1131968 0.8941148
v -0.2301232 -0.1128531 0.4813256
vn 0.8738077 -0.0279995 -0.4854648
v 0.5164487 -0.1152447 -0.1508511
vn 0.1251174 0.6676309 -0.7339036
v -0.4365471 -0.1004175 0.1125753
vn 0.4388676 0.6920514 -0.5731145
v -0.4290975 -0.1134071 0.1016820
vn -0.3309708 0.2304412 -0.9150711
v 0.2212549 -0.1003392 -0.4793360
vn -0.7479897 0.5728972 0.3351124
v -0.5296080 -0.0968852 -0.1068191
vn 0.7300993 0.6832877 0.0085494
v -0.1673594 -0.1092308 0.4729129
vn 0.5770733 0.3335524 0.7454725
v -0.2535653 -0.1106481 -0.3595563
vn 0.3901822 -0.0343431 -0.9200969
v 0.3014459 -0.0559921 -0.4610236
vn -0.7687116 -0.0022606 -0.6395916
v 0.4190959 -0.1110179 0.1201792
vn -0.2355494 0.7856314 0.5721012
v -0.5249068 -0.1036027 -0.0931376
vn -0.8064901 -0.0451975 0.5895175
v -0.4331143 -0.1031079 0.3487048
vn 0.0356673 -0.1670291 -0.9853067
v -0.1113343 -0.1099910 -0.5210550
vn 0.2361176 0.6673008 -0.7063697
v 0.2220149 -0.1023172 0.3793756
vn 0.7762097 0.6225318 0.0997631
v -0.3853046 -0.1049127 -0.2147565
vn 0.1399055 0.8950293 -0.4234961
v -0.3224472 -0.1044395 0.3280371
vn -0.4145870 0.4543772 -0.7884535
v 0.4875476 -0.0868104 -0.1488565
vn -0.6919314 0.5318576 0.4882196
v 0.4765990 -0.1017737 0.0101608
vn 0.2757137 0.9550788 -0.1086581
v -0.3734671 -0.0939666 0.3284358
vn 0.5676044 0.8011429 -0.1897241
v 0.5305458 -0.0957318 0.0744829
vn 0.4535085 0.8909119 0.0246167
v 0.5299995 -0.0982698 0.0449315
vn 0.1747643 0.5954230 0.7841740
v 0.2772979 -0.1080355 -0.3662921
vn -0.4527625 0.5641061 0.6905002
v 0.4693888 -0.1002095 0.2535003
vn 0.1350406 0.9426209 0.3053358
v -0.3715474 -0.1035359 -0.2807927
vn 0.7104980 0.5489548 0.4402741
v -0.1076305 -0.0968802 -0.4632658
vn -0.9760821 0.2163828 -0.0210325
v -0.5361457 -0.1081379 -0.0963585
vn 0.4935211 0.8627129 -0.1102877
v -0.3555152 -0.1073742 0.2722055
vn 0.6025803 0.6185179 -0.5043140
v 0.2714125 -0.0914663 0.4362299
vn -0.2025601 0.9752231 -0.0889349
v 0.5013341 -0.0984101 0.0507601
vn -0.6517653 0.3700525 -0.6620145
v 0.4344997 -0.1029751 0.1048901
vn 0.8450557 0.4184898 0.3327869
v 0.5374738 -0.0901610 -0.0128641
vn -0.7053040 0.3127978 0.6361634
v 0.4545131 -0.0687768 0.2131124
vn 0.2946510 0.9327510 0.2077412
v -0.4081073 -0.0825910 0.3307990
vn 0.7511733 0.5200023 0.4066157
v 0.3324238 -0.0817710 -0.4233620
vn 0.2567902 0.8323694 0.4911416
v 0.5226135 -0.0877443 -0.0011855
vn -0.2864729 0.8521557 -0.4379087
v 0.4715535 -0.0985802 0.0810390
vn -0.7404287 0.1266411 0.6600965
v 0.4451351 -0.0895225 -0.0290491
vn -0.8944804 0.3414439 0.2886536
v 0.2376385 -0.0587173 -0.4088701
vn -0.0705671 0.8735927 -0.4815145
v 0.5108873 -0.0861847 0.0930220
vn -0.7312843 0.5326092 0.4260876
v 0.4062282 -0.1006155 0.1831044
vn 0.3359250 -0.1544793 0.9291344
v 0.2558445 -0.0949838 0.4738673
vn -0.9681042 0.1343553 0.2114779
v 0.4219605 -0.0864453 -0.0681724
vn 0.7658508 0.0798284 -0.6380439
v 0.3238704 -0.0825024 -0.4451829
vn -0.9020610 0.3019353 -0.3084169
v 0.4259810 -0.0782839 -0.0814593
vn -0.6971276 0.1633743 0.6980845
v -0.3971633 -0.0971084 0.3902175
vn 0.6910515 0.1939304 0.6963037
v 0.2715506 -0.0864231 0.4672052
vn -0.7810293 0.4275833 -0.4551547
v 0.0575746 -0.0933939 0.4608689
vn -0.6098529 -0.0783658 0.7886307
v -0.3723877 -0.0973433 0.4111483
vn 0.8910179 0.0988111 -0.4430842
v -0.3870447 -0.1078199 0.2041028
vn -0.3599311 -0.1648904 -0.9182924
v -0.1937246 -0.0888205 -0.5057026
vn 0.7535172 0.0600535 -0.6546796
v 0.5180016 -0.0967788 -0.1485002
vn 0.1317181 -0.1570608 0.9787657
v 0.0704122 -0.0761014 0.5314675
vn -0.6773878 0.2915619 -0.6753796
v -0.4775785 -0.0834841 -0.2603268
vn 0.9474949 -0.1138631 -0.2988123
v 0.5254315 -0.1044859 -0.1325467
vn -0.4161149 0.7188041 0.5569283
v -0.4274572 -0.0845905 0.3489216
vn 0.0109465 0.9474226 -0.3197977
v -0.3635582 -0.0884688 0.3639092
vn -0.5643904 0.5700966 -0.5970371
v 0.4306576 -0.0843222 0.1315278
vn -0.7476683 0.1896791 0.6364071
v -0.4427277 -0.0846361 0.3322880
vn -0.8624778 -0.1213056 0.4913420
v -0.4466287 -0.0947983 0.3262134
vn 0.2874283 -0.1427039 -0.9471117
v -0.1112350 -0.0927192 -0.5249681
vn 0.0107751 0.3975266 0.9175274
v 0.4853260 -0.0933590 0.2517142
vn -0.5183885 0.4861494 0.7035142
v 0.4703194 -0.0893926 0.2439601
vn -0.8035120 0.3671480 0.4685838
v 0.0452383 -0.0916688 0.5214870
vn -0.6148337 0.5680394 0.5470933
v -0.4051692 -0.0916547 0.3797749
vn -0.9930260 -0.0265123 -0.1148756
v -0.5294399 -0.0919967 -0.1326933
vn 0.0092687 0.8503606 0.5261189
v -0.3537382 -0.0959518 -0.2983819
vn -0.1442234 0.4425007 -0.8850948
v 0.2030044 -0.0908471 0.3848629
vn -0.3019602 0.7177998 -0.6273623
v 0.4620181 -0.0783374 0.1170690
vn 0.8464676 0.4237241 -0.3224138
v -0.3670916 -0.1024392 0.2366435
vn -0.7780755 0.6279051 0.0182674
v 0.4819737 -0.1072218 0.0366440
vn 0.5820928 0.4812727 0.6553965
v -0.3063963 -0.0989102 -0.3134534
vn -0.0934922 0.9308339 0.3532811
v 0.5083423 -0.0949162 0.0131023
vn -0.1689209 0.9853116 -0.0250357
v -0.4352552 -0.0919164 -0.3023023
vn 0.3458975 0.9367241 -0.0538776
v -0.4020300 -0.1008391 -0.2510516
vn 0.8611442 0.4662443 -0.2026007
v 0.5356238 -0.0940580 0.0938771
vn 0.7661533 0.2630271 -0.5863668
v -0.0996465 -0.0914853 -0.5169249
vn 0.0287292 0.9782262 0.2055435
v -0.4137782 -0.0914290 -0.3072334
vn -0.0501016 0.9749235 -0.2168271
v 0.5084877 -0.0952363 0.0688424
vn -0.8423113 0.4101891 -0.3496521
v 0.2267452 -0.0724153 -0.4665721
vn -0.1101951 0.8753020 0.4708539
v -0.3915984 -0.0869637 -0.3216789
vn 0.6072704 0.7743689 0.1776949
v 0.5324920 -0.0967437 0.0154253
vn 0.1741488 0.3771802 -0.9096193
v 0.5056960 -0.0908650 -0.1541880
vn -0.4490276 0.3367294 -0.8276398
v 0.0910419 -0.0837546 0.4322846
vn -0.1932627 -0.0381322 0.9804058
v -0.2120441 -0.0767408 0.4971697
vn -0.9623678 -0.0734888 -0.2616251
v -0.5284419 -0.0507837 -0.1545218
vn 0.4906024 0.2339063 0.8394029
v -0.3032950 -0.0747455 -0.3257344
vn -0.9223979 -0.1730305 -0.3453154
v -0.5120685 -0.1079274 -0.1766335
vn -0.8900087 0.3875234 -0.2402295
v -0.4127206 -0.0720098 -0.3626954
vn 0.8670619 0.4718590 0.1598526
v -0.3870173 -0.0731528 0.2312564
vn 0.4599100 0.4273392 -0.7783726
v -0.4259105 -0.0787977 0.1319230
vn -0.8345239 0.4138176 0.3637650
v 0.4205144 -0.0635227 0.1726698
vn -0.8566371 0.4751026 -0.2011227
v 0.4103405 -0.0801073 0.1592848
vn 0.8468731 0.4316621 -0.3106024
v -0.1941881 -0.0855132 0.4182814
vn 0.5823479 0.1561768 0.7977968
v -0.2494462 -0.0879577 -0.3686630
vn -0.9964033 0.0799177 0.0281700
v -0.5315129 -0.0956093 0.1243371
vn -0.4409943 0.5707197 -0.6926782
v -0.5223190 -0.0855907 0.1118116
vn -0.1309256 0.0525581 -0.9899980
v 0.2470517 -0.0567998 -0.4802374
vn 0.1430071 0.5398278 -0.8295390
v -0.4798431 -0.0807574 0.1189286
vn -0.6596345 0.3890582 -0.6430522
v 0.0746495 -0.0846097 0.4435718
vn 0.9859213 -0.0737477 -0.1500684
v 0.5347090 -0.0906765 -0.0925717
vn 0.4516018 0.6579013 0.6026787
v 0.5299559 -0.0740555 -0.0227775
vn 0.6937886 0.6689042 0.2668792
v -0.4000090 -0.0720743 0.2772370
vn -0.4422032 -0.0852258 0.8928566
v -0.2508737 -0.0694307 0.4784423
vn 0.8595564 0.4998158 0.1065223
v -0.0988953 -0.0881617 -0.4991476
vn 0.6456978 0.0440980 0.7623187
v 0.5035047 -0.0878791 0.2456131
vn -0.8638934 0.4999067 0.0614934
v 0.2089713 -0.1055975 -0.4473820
vn 0.6039463 0.5008082 0.6200323
v -0.1832938 -0.0924213 0.4956564
vn -0.1406705 0.6686397 0.7301595
v -0.3404720 -0.0794079 -0.3171369
vn 0.0320311 0.9975074 0.0628734
v -0.4008743 -0.0864023 0.3571685
vn 0.2510685 0.9366925 -0.2440735
v -0.4421418 -0.0897657 -0.2696221
vn -0.4139812 0.8884145 0.1983410
v -0.3892068 -0.0861487 0.3839914
vn 0.2306866 0.7309985 0.6422032
v -0.3286989 -0.0970585 -0.2998058
vn 0.0297060 0.7063602 -0.7072290
v -0.2979323 -0.0927567 0.3475031
vn -0.0370522 0.6525014 0.7568812
v -0.5111359 -0.0855298 -0.1116557
vn -0.1974686 0.9573616 -0.2108671
v -0.3759613 -0.0833014 0.3829976
vn 0.4839445 0.8601135 0.1612530
v -0.4004093 -0.0819911 0.3082332
vn -0.5070074 0.8607911 0.0445217
v -0.4216419 -0.0863514 -0.3348849
vn -0.2449658 0.6232643 0.7426530
v -0.4395054 -0.0739144 0.3289165
vn 0.3356743 0.1276309 0.9332916
v -0.2967981 -0.0439570 -0.3337130
vn 0.8308710 0.1604026 -0.5328456
v -0.1111493 -0.0624089 -0.5243328
vn -0.9736766 0.0720957 0.2162319
v -0.5296662 -0.0600351 -0.1387710
vn 0.6158921 0.3866189 0.6864421
v -0.1937692 -0.0761677 0.4937935
vn 0.9409681 0.2606212 -0.2159994
v -0.3821317 -0.0816558 0.2176261
vn -0.8044954 0.1016410 -0.5851977
v -0.4889762 -0.0699866 -0.2439701
vn -0.6205909 0.4278750 -0.6571073
v 0.4250416 -0.0674300 0.1504498
vn 0.4336414 0.4635015 0.7727364
v 0.2827907 -0.0788511 -0.3910798
vn -0.6581410 0.2206676 0.7198308
v 0.0539544 -0.0786979 0.5278810
vn 0.2265399 -0.0960855 -0.9692509
v -0.1217278 -0.0553436 -0.5303961
vn -0.1510629 0.3365298 -0.9294772
v 0.1894708 -0.0718085 0.3961889
vn -0.9048350 0.3970948 -0.1535880
v -0.4100767 -0.0659163 -0.3670098
vn 0.3440130 0.5772313 -0.7405803
v 0.2079643 -0.0762959 0.3964540
vn -0.8504741 0.3005004 0.4317328
v 0.4301487 -0.0655068 -0.0598170
vn -0.9386486 0.3406276 -0.0539592
v 0.0585725 -0.0585358 0.5096954
vn 0.1059550 0.4478004 0.8878335
v -0.3199415 -0.0705224 -0.3214579
vn -0.6269804 0.2776141 -0.7278914
v 0.0939365 -0.0517056 0.4453396
vn 0.9934858 0.0898085 0.0701458
v 0.5320504 -0.0808389 0.1411903
vn 0.9519457 0.2959139 -0.0789589
v 0.5312417 -0.0764041 0.1275649
vn -0.0511333 0.4720463 -0.8800896
v -0.5127257 -0.0697782 0.1215091
vn 0.9026752 0.4286090 0.0383658
v 0.3301949 -0.0753825 -0.4291809
vn -0.5353194 0.4183020 0.7337960
v 0.2455054 -0.0604830 -0.3911824
vn 0.8569700 0.5128492 0.0508759
v 0.2751499 -0.0837034 0.4569137
vn -0.7169768 0.6106803 0.3361755
v -0.3684562 -0.0761136 0.4102586
vn 0.0277616 0.4461383 0.8945334
v 0.2577473 -0.0811658 -0.3790969
vn -0.1610526 -0.0261647 0.9865990
v 0.0657937 -0.0709256 0.5333539
vn -0.4093589 0.8290579 -0.3809043
v -0.3514933 -0.0676123 0.4009372
vn 0.1854398 0.7346078 -0.6526589
v -0.4676813 -0.0742320 -0.2561612
vn 0.6367885 0.6984337 -0.3266355
v -0.4119920 -0.0800494 -0.2048012
vn -0.3855527 0.6815552 0.6219580
v -0.3878964 -0.0641494 -0.3498977
vn -0.6439532 0.3725755 0.6682153
v 0.4669143 -0.0947565 -0.0058769
vn 0.0761431 0.4490721 0.8902453
v -0.4716076 -0.0729036 -0.1221482
vn -0.0155816 0.4530463 -0.8913509
v -0.2683625 -0.0668770 0.3645202
vn 0.1465576 0.8002042 -0.5815446
v 0.5141198 -0.0752825 0.1106318
vn 0.4654825 0.2253574 -0.8558856
v -0.2467071 -0.0787802 0.3672884
vn -0.2114834 0.1705461 -0.9623871
v 0.1756377 -0.0539103 0.4036260
vn 0.8979465 0.3841711 -0.2147200
v -0.4106892 -0.0690207 -0.1796287
vn 0.5406882 -0.0224458 0.8409235
v 0.2561404 -0.0690580 0.4774361
vn -0.8981304 0.2972547 -0.3240392
v -0.3986557 -0.0550748 -0.3775919
vn -0.3886137 0.6155120 -0.6856562
v -0.3137824 -0.0590294 0.3890515
vn -0.7706529 0.2526450 0.5850338
v 0.0635007 -0.0485222 0.5246254
vn 0.9864705 -0.0224342 0.1623964
v 0.5298154 -0.0772285 0.1605556
vn -0.6664913 -0.1441799 -0.7314379
v -0.3810408 -0.0782951 -0.3906778
vn -0.3431248 0.5970424 0.7251246
v 0.4610222 -0.0719713 -0.0318392
vn 0.8690649 0.2638890 -0.4184363
v 0.2532657 -0.0389143 0.4571842
vn 0.8048975 0.2734957 0.5266309
v -0.4134727 -0.0687633 -0.1384795
vn 0.0846305 0.0873246 0.9925785
v -0.2143959 -0.0495718 0.4984909
vn 0.6017762 0.3984119 -0.6921946
v -0.4167089 -0.0557069 0.1458112
vn 0.8582796 0.2445027 0.4511924
v 0.2655812 -0.0691978 0.4674245
vn 0.8585314 0.4517652 -0.2425534
v 0.2661724 -0.0677080 0.4559977
vn -0.3815227 0.4571263 -0.8034152
v 0.4507615 -0.0578824 0.1401275
vn -0.8408519 0.3257481 -0.4322688
v 0.0724006 -0.0527764 0.4729331
vn -0.8044125 0.2603639 -0.5339769
v -0.5286714 -0.0649877 0.1289949
vn -0.5995037 -0.0864668 -0.7956876
v -0.3353550 -0.0626586 -0.4317513
vn 0.9245295 0.3173582 0.2110191
v -0.1119873 -0.0597303 -0.4997753
vn 0.9130743 0.2478443 -0.3238340
v 0.5282317 -0.0534811 0.1413699
vn 0.5420402 0.0864752 0.8358914
v -0.1664005 -0.0537739 -0.4219959
vn -0.8509617 0.4471398 -0.2755544
v 0.4218658 -0.0577751 0.1599825
vn 0.2628700 -0.0799159 0.9615159
v 0.1242912 -0.0611791 0.5170389
vn -0.5084182 0.3180875 0.8002070
v 0.4790901 -0.0718572 0.2412662
vn 0.2938499 0.1302221 0.9469395
v 0.5008132 -0.0538625 0.2428547
vn -0.3751270 0.2155181 -0.9015718
v 0.1470581 -0.0743144 0.4145250
vn -0.5424774 0.2945732 -0.7867305
v 0.4849801 -0.0565925 -0.1313489
vn 0.7012731 0.0566873 -0.7106354
v 0.5236835 -0.0715865 -0.1431704
vn -0.8007030 -0.0262484 0.5984862
v -0.4565102 -0.0730512 0.3155400
vn -0.5678798 0.4030227 0.7176945
v -0.5228536 -0.0737339 -0.1213002
vn 0.2725045 0.3968228 -0.8765118
v 0.1939255 -0.0551467 0.4038464
vn -0.1662716 0.5438421 -0.8225506
v -0.4756267 -0.0702110 -0.2546407
vn 0.7030742 0.4375518 -0.5605667
v -0.4274946 -0.0562554 -0.1964308
vn 0.3492939 0.6638319 0.6613024
v -0.4429980 -0.0574263 0.3131735
vn -0.1334598 0.6813815 -0.7196581
v 0.4887946 -0.0675658 0.1198753
vn 0.8165212 0.1413025 -0.5597560
v -0.2139458 -0.0601429 0.3991371
vn -0.5318103 0.2251994 0.8163719
v -0.4618410 -0.0472206 0.3075965
vn 0.5298896 0.0887877 0.8434060
v -0.2227833 -0.0554675 -0.3924903
vn 0.4477079 0.0929205 -0.8893388
v -0.2344705 -0.0441664 0.3755120
vn 0.2046276 0.2808459 0.9376850
v 0.2610234 -0.0502672 -0.3926390
vn -0.6372350 0.1202119 0.7612363
v -0.3559697 -0.0752614 0.4246892
vn -0.6324670 0.3747828 0.6778815
v -0.3834030 -0.0403427 -0.3669057
vn 0.4057868 -0.0552907 0.9122939
v 0.2401406 -0.0337165 0.4863659
vn 0.7095535 0.0558976 0.7024311
v 0.2552659 -0.0500905 0.4778027
vn 0.9188249 0.3945810 0.0081728
v -0.1960760 -0.0657186 0.4766690
vn 0.9017555 0.2968028 0.3142377
v 0.5376855 -0.0646257 -0.0433099
vn -0.6303539 0.6202000 0.4669112
v -0.3924206 -0.0535640 -0.3635917
vn -0.9456332 0.3251024 0.0093004
v 0.2323597 -0.0566057 -0.4493192
vn 0.9984673 0.0514870 -0.0203006
v 0.5390112 -0.0661692 -0.0571692
vn 0.8120650 0.3576706 0.4611098
v -0.1241306 -0.0669548 -0.4655245
vn -0.9764556 -0.0582438 0.2077069
v -0.5286445 -0.0493142 0.1563411
vn -0.9946814 0.0212479 -0.1007843
v -0.5301011 -0.0435665 0.1452996
vn -0.5758151 0.2371738 -0.7824230
v -0.5252551 -0.0448890 0.1339879
vn -0.1241990 0.2314521 -0.9648858
v 0.5090632 -0.0597899 -0.1441785
vn -0.4303821 0.1349272 -0.8925055
v 0.1204307 -0.0492363 0.4312908
vn -0.4249577 0.3816512 0.8208248
v 0.4517811 -0.0506870 -0.0519278
vn 0.5415167 0.5386600 -0.6454496
v 0.5247761 -0.0620274 0.1315723
vn 0.8803810 0.2108890 0.4248000
v -0.2048205 -0.0419655 0.4870138
vn 0.3558004 0.5490937 -0.7562422
v -0.4734159 -0.0549016 -0.2389208
vn 0.8176191 0.4535628 0.3546545
v -0.4069426 -0.0521653 0.2570983
vn -0.6750454 0.1867240 0.7137562
v 0.4736903 -0.0486439 0.2274693
vn -0.0299762 0.6850384 0.7278900
v 0.5058009 -0.0665450 -0.0246304
vn 0.3532534 0.4627121 0.8130864
v 0.5242236 -0.0518180 -0.0378476
vn 0.9044591 -0.0410887 0.4245769
v 0.5123453 -0.0787738 0.2323010
vn 0.9870979 0.1585201 -0.0225645
v -0.2037904 -0.0370751 0.4680441
vn -0.5386762 0.0156717 0.8423671
v -0.3233185 -0.0363221 0.4430737
vn 0.9654136 -0.0185702 -0.2600608
v 0.5308138 -0.0456148 -0.1258262
vn 0.5691879 0.1513289 -0.8081613
v 0.5251765 -0.0354527 -0.1409676
vn 0.9935240 0.0647734 0.0933511
v -0.1174714 -0.0245481 -0.5138137
vn -0.9130601 -0.1157213 0.3910625
v -0.5052615 -0.0970002 0.2062145
vn -0.7301145 0.5229665 -0.4398169
v -0.3341480 -0.0445434 0.4204512
vn 0.6265983 0.4176972 -0.6579542
v 0.2505556 -0.0607730 0.4420025
vn 0.5598093 0.2569942 0.7877611
v 0.3094867 -0.0575823 -0.4183449
vn -0.8411785 0.0010083 -0.5407566
v -0.4967919 -0.0505296 -0.2289101
vn 0.7996347 0.1415562 -0.5835633
v -0.4107333 -0.0549257 0.1555328
vn -0.8137162 0.1821814 -0.5519745
v 0.2398627 -0.0427185 -0.4726994
vn -0.3788912 0.3110243 -0.8716108
v -0.4878834 -0.0505037 -0.2370253
vn 0.6325048 0.0378032 0.7736335
v -0.2727444 -0.0709528 -0.3510408
vn -0.7738945 0.3178833 -0.5477569
v 0.4331646 -0.0412881 0.1568531
vn -0.1407023 0.1979567 0.9700598
v 0.4932919 -0.0311657 0.2388732
vn 0.9429489 0.1664267 0.2883565
v 0.5362400 -0.0443850 -0.0570660
vn 0.0943273 0.5815166 -0.8080476
v 0.5077014 -0.0564614 0.1283580
vn -0.0078604 0.0774971 0.9969616
v 0.0768740 -0.0529634 0.5310603
vn 0.0960848 0.0328434 0.9948312
v 0.0924757 -0.0132307 0.5274963
vn 0.6624188 0.2673639 0.6997985
v -0.1409915 -0.0746376 -0.4358582
vn 0.0875628 0.3385168 -0.9368774
v -0.4950852 -0.0558508 0.1285749
vn -0.8359960 0.5058346 0.2127018
v -0.3401544 -0.0513686 0.4285308
vn 0.9440910 0.2495584 0.2154364
v 0.2605074 -0.0491380 0.4693605
vn 0.2405411 0.0135769 0.9705440
v 0.1390617 -0.0098198 0.5157847
vn 0.0005462 0.2848584 0.9585695
v -0.5005481 -0.0442220 -0.1317018
vn 0.6941139 0.1015087 0.7126725
v 0.5131797 -0.0297540 0.2314325
vn -0.4007890 0.2281379 0.8873113
v 0.2528803 -0.0314210 -0.3967336
vn 0.3177010 0.3273157 0.8899048
v -0.4294587 -0.0509532 -0.1376030
vn 0.8069339 0.1284107 -0.5765141
v 0.5255936 -0.0151750 0.1492441
vn -0.5698540 0.2850794 -0.7707114
v -0.3085132 -0.0310160 0.4066140
vn 0.7735685 0.2166318 -0.5955356
v -0.4323488 -0.0280493 -0.1880503
vn 0.9826689 0.0012033 -0.1853655
v -0.2143667 0.0010562 0.4110050
vn -0.9967231 0.0802609 -0.0100601
v 0.2387350 -0.0226002 -0.4483245
vn 0.8898364 0.0279469 -0.4554231
v -0.4002663 -0.0323012 0.1704318
vn 0.7208810 0.0541372 -0.6909412
v -0.1191012 -0.0366057 -0.5298063
vn -0.8614290 0.2337262 0.4509014
v 0.4345697 -0.0391945 -0.0660260
vn 0.9832461 0.0853513 -0.1610662
v 0.3214598 -0.0429315 -0.4434289
vn -0.9558364 0.2094039 -0.2062203
v 0.4350083 -0.0372118 -0.0758272
vn 0.9518170 0.2237606 -0.2097038
v -0.2059423 -0.0534079 0.4235339
vn 0.2452666 0.2770736 -0.9290181
v 0.5159145 -0.0337529 0.1404598
vn 0.1496418 -0.0093685 0.9886959
v -0.2175535 -0.0265318 0.4978192
vn -0.1073335 0.4449664 0.8890919
v 0.4984864 -0.0480020 -0.0387315
vn 0.8938881 -0.0648171 0.4435797
v 0.5351697 -0.0261742 -0.0562501
vn 0.8753724 0.1802524 0.4485893
v -0.4137051 -0.0414101 -0.1507510
vn -0.9141871 0.2359651 0.3295184
v 0.4317698 -0.0395746 0.1745569
vn 0.8765519 0.2170748 0.4295759
v -0.4113896 -0.0231624 0.2427175
vn -0.0075101 0.2608241 0.9653572
v 0.5034980 -0.0345550 -0.0433750
vn -0.5711133 0.1397410 -0.8088894
v 0.4878962 -0.0344565 -0.1276503
vn 0.5057982 0.1259987 0.8534006
v 0.5074924 0.0044393 0.2283502
vn 0.2558762 0.2743329 0.9269676
v -0.4569304 -0.0194483 0.2964875
vn 0.5801731 0.0097968 0.8144343
v -0.2787413 -0.0218676 -0.3429590
vn -0.3802507 0.1179343 0.9173336
v 0.4565050 -0.0220298 -0.0573849
vn 0.9842861 0.0656978 -0.1639048
v 0.2538175 -0.0216392 0.4690651
vn -0.7571214 0.1135163 -0.6433360
v 0.4426622 -0.0248079 -0.0843439
vn -0.6161239 0.0407263 0.7865956
v -0.4711532 -0.0128203 0.2932897
vn -0.8886085 -0.0690168 0.4534443
v -0.4718783 -0.0446668 0.2917527
vn -0.1773839 0.0807363 -0.9808245
v 0.5104514 -0.0187278 -0.1377337
vn 0.9999436 0.0099731 -0.0036680
v 0.5373714 -0.0386585 -0.0700198
vn 0.8948290 0.1263742 0.4281479
v 0.3198320 -0.0413357 -0.4314190
vn -0.3817073 0.3452196 0.8573931
v -0.3370492 -0.0359763 -0.3445759
vn -0.9790431 0.1963925 0.0538961
v -0.3911819 -0.0313680 -0.3819980
vn 0.9649683 0.2601935 0.0336995
v -0.3908372 -0.0536161 0.2048026
vn 0.7722229 0.1104731 0.6256737
v -0.1475923 -0.0421605 -0.4388629
vn -0.8896334 0.0682111 0.4515526
v 0.2464031 -0.0163848 -0.4088272
vn 0.2920769 -0.0893076 0.9522160
v 0.2091522 -0.0475900 0.4966292
vn 0.3059441 0.0800686 0.9486766
v 0.2654912 -0.0104474 -0.4023883
vn 0.4577880 0.1676082 -0.8731195
v 0.1899190 -0.0221521 0.4135413
vn 0.9064063 0.1246138 0.4036075
v -0.1293701 -0.0315354 -0.4772546
vn -0.9834262 0.1080513 -0.1455946
v -0.5281827 0.0065658 0.1497266
vn -0.5223780 0.2072748 0.8271387
v -0.5231441 -0.0387714 -0.1359803
vn -0.0761700 -0.0572658 -0.9954491
v -0.1345156 -0.0218963 -0.5356904
vn -0.1752906 0.2072336 -0.9624590
v -0.2528102 -0.0258584 0.3796927
vn -0.0675753 0.0614117 -0.9958224
v 0.2529887 -0.0220975 -0.4786083
vn -0.7568265 0.0790094 -0.6488230
v -0.5267810 -0.0088233 0.1409873
vn -0.7620910 0.0473045 0.6457396
v 0.4416366 -0.0085095 -0.0661289
vn 0.3301920 0.2332578 -0.9146388
v -0.4341167 -0.0379048 0.1468760
vn -0.2066744 0.3814038 -0.9010088
v 0.4720724 -0.0453310 0.1390826
vn -0.9517281 -0.0224035 0.3061238
v -0.5236136 -0.0287006 0.1774811
vn 0.3446323 0.1740960 -0.9224528
v -0.4766445 -0.0229439 -0.2298094
vn 0.6891400 0.1705362 -0.7042753
v 0.5262820 -0.0227824 -0.1347952
vn 0.7198179 0.3289314 0.6112825
v -0.4372003 -0.0253578 0.2829551
vn -0.9154850 0.0352556 0.4008045
v -0.3873303 -0.0018581 -0.3794478
vn -0.4807438 -0.0566622 0.8750285
v -0.2930282 -0.0249939 0.4590465
vn -0.8292963 0.1450685 -0.5396506
v -0.3241193 -0.0166605 0.4222790
vn -0.8108345 -0.0436174 0.5836481
v 0.4427559 -0.0048160 0.1861122
vn 0.9978366 0.0272260 -0.0598410
v -0.3980569 -0.0018740 0.1835170
vn 0.2729990 0.0163250 -0.9618759
v -0.4432742 -0.0011827 0.1497563
vn -0.5183069 -0.0083362 -0.8551541
v 0.1195177 -0.0163294 0.4322757
vn -0.5174802 0.0041754 0.8556850
v -0.3697372 0.0047554 -0.3659356
vn -0.2548335 -0.0232431 -0.9667056
v 0.1599612 0.0013561 0.4123013
vn 0.7559559 0.0881085 -0.6486660
v 0.2471211 -0.0155394 0.4571058
vn 0.9487361 0.1920787 0.2510091
v -0.4152213 -0.0220683 -0.1536728
vn 0.7695658 -0.0066789 -0.6385326
v 0.3180021 -0.0009818 -0.4514000
vn 0.9947781 0.0185412 0.1003631
v 0.5257847 0.0127271 0.1739763
vn -0.8026185 0.0868785 -0.5901320
v 0.0879307 -0.0243554 0.4590109
vn -0.0777422 0.1627683 -0.9835968
v -0.5121555 -0.0316332 0.1342917
vn 0.9866112 -0.0664892 -0.1489212
v -0.1162407 0.0125615 -0.5219125
vn -0.5252967 0.1769089 -0.8323261
v 0.4427269 -0.0224193 0.1542947
vn 0.0435941 -0.0178149 -0.9988905
v -0.2431127 0.0035384 0.3823588
vn -0.9962569 0.0640932 -0.0580027
v 0.4330033 -0.0152729 0.1684836
vn -0.8505408 0.0407882 -0.5243251
v 0.2426865 -0.0167132 -0.4712030
vn 0.4710630 0.1329156 0.8720282
v 0.5259643 -0.0318525 -0.0468176
vn -0.2308910 0.1205148 0.9654872
v 0.4831610 -0.0213490 -0.0491550
vn -0.0436256 0.0123380 0.9989718
v 0.5102880 -0.0134570 -0.0455490
vn 0.9993743 -0.0046165 -0.0350676
v -0.2064625 -0.0058432 0.4652036
vn 0.3531875 0.0268644 -0.9351668
v 0.2857939 0.0052560 -0.4665124
vn 0.6158269 0.0040588 0.7878710
v -0.2428172 0.0034495 -0.3800625
vn -0.8995492 0.1057317 0.4238301
v -0.3285539 -0.0156185 0.4389907
vn -0.2583826 0.1372232 0.9562470
v -0.3153105 -0.0166675 -0.3406188
vn 0.5633947 -0.0059364 0.8261666
v -0.1706991 -0.0008712 -0.4191343
vn -0.0370420 0.0812883 0.9960021
v -0.5126106 -0.0132373 -0.1380999
vn 0.9331145 0.0329160 -0.3580698
v 0.5323337 -0.0102237 -0.1218413
vn -0.7871352 0.0051578 -0.6167589
v -0.3872037 -0.0355055 -0.3938472
vn 0.8449035 -0.0448342 0.5330366
v 0.2529627 -0.0207902 0.4794066
vn -0.9122748 -0.0211031 0.4090346
v -0.4988581 0.0032899 0.2393840
vn 0.2844746 0.0164993 -0.9585416
v 0.1827745 -0.0026548 0.4125603
vn -0.4193442 0.3140519 -0.8517758
v -0.2820388 -0.0344831 0.3889860
vn 0.9143668 0.0800669 0.3968912
v 0.5164385 -0.0216086 0.2243103
vn 0.7965831 0.0006912 0.6045286
v 0.3176790 0.0011156 -0.4308572
vn 0.7784573 0.0684208 -0.6239575
v -0.2183612 -0.0205253 0.3896933
vn -0.7476741 0.0692493 0.6604453
v 0.4664267 -0.0194723 0.2146912
vn -0.2171358 0.0463645 -0.9750397
v 0.2504458 -0.0028133 -0.4778873
vn 0.8445860 0.0345896 0.5343015
v -0.2081360 -0.0007635 0.4880309
vn -0.6269616 -0.0341298 -0.7783022
v 0.4844344 0.0025150 -0.1212617
vn -0.3899230 -0.0604828 -0.9188591
v -0.1880753 -0.0488628 -0.5121458
vn -0.6705599 -0.0892871 0.7364626
v -0.3197216 0.0234043 0.4464713
vn 0.9989701 -0.0362988 0.0272251
v 0.3202663 0.0015274 -0.4410852
vn -0.9654508 -0.0568251 -0.2543140
v -0.3255074 0.0082374 0.4263661
vn -0.0308122 0.0219836 0.9992834
v -0.2256006 -0.0034953 0.4987290
vn -0.7248423 -0.1018748 0.6813408
v -0.5277151 0.0079498 -0.1415475
vn -0.4959824 -0.0516949 -0.8667924
v -0.2895263 -0.0335746 -0.4661997
vn 0.9351824 -0.1200075 0.3332148
v -0.1204910 0.0198862 -0.4965968
vn 0.2678245 -0.0352404 0.9628230
v 0.2036924 -0.0249044 0.4994257
vn 0.1771949 0.0311831 0.9836817
v -0.2920595 -0.0069928 -0.3377718
vn -0.4383394 0.0003909 -0.8988094
v -0.2531763 0.0022601 -0.4848279
vn 0.5097117 -0.0051977 0.8603296
v 0.2456320 0.0147261 0.4882910
vn 0.8484995 -0.1389365 0.5106322
v -0.4216393 0.0189714 0.2565123
vn -0.9968913 -0.0311208 -0.0723833
v -0.5307659 -0.0055554 -0.1547193
vn -0.7015380 -0.0252778 -0.7121837
v -0.4998727 -0.0090839 -0.2253841
vn -0.1473607 -0.1080559 -0.9831626
v -0.4887658 -0.0070431 -0.2304458
vn -0.3103360 -0.1255754 0.9422964
v 0.0796202 0.0429362 0.5262812
vn 0.1130075 0.0233754 0.9933192
v 0.0919162 0.0365332 0.5269534
vn -0.9931789 0.0968333 -0.0649536
v 0.0695053 -0.0093722 0.5072918
vn 0.6085483 0.1941048 0.7694104
v -0.4225672 -0.0093569 -0.1499170
vn 0.9485732 0.0127045 0.3163030
v -0.4059726 0.0043831 0.2191148
vn 0.7404612 -0.0202048 -0.6717954
v -0.4444349 -0.0032487 -0.1974166
vn -0.2085780 0.0973647 0.9731472
v 0.4890493 0.0003014 0.2307669
vn -0.6544575 0.0897733 0.7507504
v 0.0740829 -0.0036979 0.5244491
vn 0.6508695 -0.0249290 0.7587803
v -0.4460815 0.0049469 0.2870972
vn -0.5921643 0.0529440 0.8040761
v 0.4778193 -0.0088059 0.2256700
vn 0.8090047 -0.1223321 -0.5749316
v 0.2526525 0.0186035 0.4609701
vn 0.9720685 -0.1991925 -0.1241172
v -0.2048659 0.0249252 0.4472107
vn -0.6385794 -0.1017027 -0.7628059
v -0.3155215 0.0114645 0.4141715
vn 0.9085744 -0.0780836 -0.4103602
v -0.2157223 0.0214990 0.4004252
vn -0.9492440 -0.2876424 0.1272702
v -0.3918068 0.0317558 -0.3811453
vn 0.9173810 -0.1268933 -0.3772402
v -0.1159486 0.0226766 -0.5253404
vn -0.2559957 -0.1514933 0.9547335
v -0.4654190 0.0162353 0.2963752
vn -0.2047762 -0.0645204 0.9766800
v 0.2551170 0.0001021 -0.4020306
vn -0.8356582 0.0020827 0.5492460
v -0.4761772 0.0126170 0.2855282
vn -0.4708249 -0.0475172 0.8809461
v -0.2654442 -0.0007739 0.4782486
vn 0.1770028 0.0492958 0.9829751
v -0.4458322 -0.0014532 -0.1447417
vn -0.3582047 -0.0459697 -0.9325107
v -0.2689694 0.0091796 0.3875958
vn -0.9919491 -0.1254438 -0.0173418
v 0.2378328 0.0211567 -0.4456184
vn 0.6141637 -0.0224660 0.7888589
v -0.2800422 0.0329739 -0.3455853
vn 0.9430273 -0.0638966 -0.3265222
v -0.3979760 0.0472229 0.1778943
vn -0.7040188 -0.1339868 0.6974275
v 0.4430897 0.0208858 -0.0636140
vn -0.8101219 -0.0529276 -0.5838674
v -0.3877204 0.0319575 -0.3945605
vn -0.4790084 -0.0275101 -0.8773792
v -0.5177850 0.0182557 0.1375322
vn 0.1538583 0.0681716 -0.9857385
v -0.4902971 -0.0121130 0.1393285
vn 0.5948554 -0.1361583 -0.7922171
v 0.2266565 0.0147365 0.4402380
vn -0.9936377 -0.0937783 0.0623677
v 0.4326999 0.0041630 0.1702070
vn -0.3407739 -0.0864314 -0.9361638
v 0.4497465 0.0090089 0.1536127
vn 0.5919551 -0.1388050 0.7939284
v 0.5333502 0.0145298 -0.0446630
vn 0.9844867 -0.1367616 0.1099193
v 0.2582249 0.0212623 0.4729159
vn -0.9214443 -0.1343357 -0.3645469
v 0.0785533 0.0055948 0.4761829
vn 0.7799833 -0.0445254 0.6242144
v -0.1501999 0.0131256 -0.4375381
vn 0.0407179 0.0196622 -0.9989772
v 0.5009098 -0.0027650 0.1434298
vn 0.5209544 -0.0890115 -0.8489308
v -0.2278565 0.0173191 0.3839820
vn 0.2616107 0.0857726 0.9613547
v 0.1856583 0.0538864 0.4996139
vn 0.2572348 -0.2167264 0.9417324
v -0.2984589 0.0436620 -0.3344828
vn -0.7940047 -0.2934491 0.5323948
v 0.2419865 0.0418037 -0.4004171
vn -0.2292077 -0.1470059 0.9622126
v -0.3097581 0.0229363 -0.3380525
vn 0.4446055 -0.1608309 -0.8811693
v -0.4210562 0.0348156 0.1539717
vn -0.0432593 -0.1762660 0.9833915
v -0.5129784 0.0199311 -0.1356255
vn 0.4878861 -0.0112035 0.8728355
v -0.2194968 -0.0017800 -0.3948918
vn 0.8228394 -0.1124346 -0.5570402
v -0.4033520 0.0529605 0.1649864
vn 0.4907467 -0.0269638 -0.8708850
v -0.4117963 0.0129508 0.1605173
vn -0.5922132 -0.1909240 0.7828357
v -0.3773914 0.0243225 -0.3696045
vn 0.9930951 -0.0388924 0.1106773
v 0.5392547 0.0083558 -0.0619003
vn 0.2976529 -0.0657608 -0.9524066
v 0.2688326 0.0615798 -0.4723109
vn -0.4974864 -0.3834549 -0.7781193
v -0.2991474 0.0365651 0.3962010
vn 0.0285705 -0.1816250 -0.9829528
v -0.5007674 0.0268824 0.1342950
vn -0.7821381 -0.0601336 -0.6201967
v 0.4357314 0.0047725 0.1615390
vn 0.6412316 -0.0083714 0.7673017
v 0.5074341 0.0251580 0.2271194
vn 0.1602557 -0.0528824 -0.9856579
v 0.5152704 -0.0006118 -0.1385739
vn 0.5198222 -0.1149661 -0.8465033
v -0.4739493 0.0124447 -0.2261165
vn -0.1172304 -0.1727981 0.9779560
v 0.5104270 0.0195465 -0.0440655
vn 0.9770874 -0.1866919 0.1022081
v -0.2035260 0.0273938 0.4698613
vn -0.1069875 -0.1114872 0.9879901
v 0.4912943 0.0283584 0.2314896
vn -0.5866371 -0.0600525 0.8076203
v 0.4731237 0.0177167 0.2229977
vn -0.9767001 -0.1763358 0.1223216
v 0.0683960 0.0231110 0.5056646
vn -0.4769212 -0.0289141 -0.8784703
v 0.5006169 -0.0006823 -0.1327135
vn 0.3330467 -0.2513387 -0.9087952
v 0.1908342 0.0434307 0.4082741
vn -0.9310467 -0.1933406 0.3094700
v 0.4288401 0.0326406 0.1757002
vn -0.3056810 -0.3919140 -0.8677342
v -0.4886726 0.0486781 -0.2386900
vn -0.9865952 0.0686720 0.1480346
v -0.5214062 0.0502706 0.1660422
vn 0.8688201 -0.2341118 -0.4362835
v 0.5263407 0.0438391 0.1462115
vn 0.6919100 -0.3730872 0.6181154
v -0.4398271 0.0347948 0.2872143
vn -0.5601411 -0.1355108 0.8172385
v -0.3277543 0.0497286 0.4446132
vn 0.8046161 -0.1775288 0.5666361
v 0.3204348 0.0327819 -0.4312419
vn -0.8948709 -0.3667513 0.2543612
v -0.3336643 0.0358716 0.4322484
vn 0.9792427 -0.0564699 -0.1946660
v -0.4206862 0.0082012 -0.1640799
vn 0.0884371 -0.2997478 0.9499106
v -0.5002050 0.0467538 -0.1307561
vn -0.7044497 -0.5177227 -0.4855039
v -0.3321989 0.0403147 0.4202850
vn 0.8103549 -0.0877952 -0.5793247
v 0.5243332 0.0161483 0.1494731
vn 0.9366239 -0.2556569 0.2395312
v -0.3990066 0.0396435 0.2155722
vn -0.1487395 0.1021219 0.9835892
v -0.2301499 0.0225928 0.4934994
vn -0.9189833 0.0681564 0.3883613
v -0.5025458 0.0468211 0.2288954
vn -0.8302791 -0.1514125 -0.5363870
v 0.4423603 0.0230215 -0.0861441
vn 0.6778327 -0.0882541 0.7299000
v -0.2087626 0.0278992 0.4877233
vn -0.2440346 -0.1064387 0.9639077
v 0.4850017 0.0166432 -0.0493434
vn 0.3181973 -0.3646925 0.8750714
v -0.4548712 0.0335844 0.3002421
vn -0.0402583 -0.3576367 0.9329926
v 0.2533583 0.0463231 -0.3911444
vn 0.7426013 -0.3619254 -0.5635188
v -0.4213634 0.0440374 -0.1799470
vn -0.4193040 -0.3163999 0.8509261
v -0.3590110 0.0368947 -0.3543329
vn -0.8534437 -0.0590265 -0.5178318
v -0.4974754 0.0518819 -0.2300882
vn -0.0853975 -0.3245228 -0.9420150
v -0.2509441 0.0317479 0.3775330
vn -0.1938244 0.0508971 -0.9797150
v -0.1324232 0.0228514 -0.5356458
vn -0.8021470 -0.3243384 -0.5013631
v 0.4248027 0.0509908 0.1573918
vn 0.0885969 0.1350327 -0.9868723
v -0.1277180 0.0485885 -0.5320654
vn 0.5431445 -0.2909250 0.7876272
v 0.3099922 0.0577161 -0.4162656
vn -0.5602840 0.0033477 -0.8282938
v -0.3202493 0.0093991 -0.4472479
vn 0.9482563 -0.1309749 -0.2892328
v 0.3233238 0.0339440 -0.4461718
vn 0.9660887 -0.2541381 -0.0456794
v -0.3930336 0.0538668 0.1992588
vn 0.1576873 -0.2270135 0.9610409
v -0.4480158 0.0364393 -0.1404770
vn 0.3838612 -0.1349986 0.9134692
v 0.2708088 0.0215453 -0.4016827
vn 0.1558009 -0.3742644 -0.9141402
v 0.5083925 0.0413332 0.1370824
vn 0.6364492 -0.1866708 0.7483893
v -0.4229272 0.0225670 -0.1498832
vn -0.8773299 -0.2524412 -0.4081244
v 0.2351929 0.0427869 -0.4621535
vn -0.1682800 -0.1716845 -0.9706731
v 0.1760110 0.0545418 0.4038831
vn -0.8642130 -0.0224339 -0.5026258
v 0.2425144 0.0172987 -0.4691801
vn 0.9485607 -0.3160273 -0.0189565
v -0.1943055 0.0581046 0.4552510
vn -0.7244724 -0.1884716 -0.6630371
v 0.0900246 0.0266773 0.4503444
vn 0.4377957 0.0180932 -0.8988925
v -0.1230231 0.0238676 -0.5359688
vn -0.9946215 -0.1032888 0.0077131
v 0.4400228 0.0179394 -0.0748600
vn -0.3256767 -0.2417447 -0.9140537
v 0.5026035 0.0525263 -0.1416581
vn -0.6399081 -0.3941529 0.6596675
v 0.0670560 0.0412230 0.5188750
vn -0.5604063 -0.1658745 0.8114373
v 0.4712140 0.0460894 0.2254288
vn -0.0964988 -0.5515488 0.8285420
v 0.5183350 0.0529112 -0.0326148
vn -0.7407480 -0.2033633 0.6402622
v 0.4406802 0.0529505 0.1958090
vn -0.7946813 -0.5437153 0.2699176
v -0.3971573 0.0491197 -0.3707166
vn -0.2722413 -0.4248792 0.8633437
v 0.4887311 0.0550042 -0.0398597
vn -0.7710206 -0.0693829 -0.6330192
v -0.3977489 0.0619405 -0.3837299
vn 0.9351574 -0.3487860 -0.0618792
v 0.2668263 0.0577573 0.4649905
vn 0.9527539 -0.1676197 0.2533054
v -0.4154099 0.0327889 -0.1564767
vn 0.9996771 -0.0208629 0.0145087
v 0.5400040 0.0532781 -0.0552377
vn -0.2398786 0.1253252 -0.9626795
v -0.1469117 0.0610890 -0.5277864
vn 0.5774783 -0.6323844 -0.5163418
v -0.4394468 0.0591714 -0.2144156
vn 0.5388319 -0.4344656 -0.7217340
v -0.4630432 0.0488288 -0.2284939
vn 0.2304734 -0.2278876 -0.9460176
v -0.4730924 0.0368397 0.1385462
vn -0.6151040 -0.2473817 -0.7486317
v 0.4669175 0.0517051 -0.1156796
vn -0.2197283 -0.1335483 -0.9663769
v 0.2482917 0.0431294 -0.4735802
vn -0.5074608 -0.1757070 -0.8435702
v 0.1006887 0.0407977 0.4380176
vn -0.8671800 -0.3185077 0.3828208
v 0.4307740 0.0535194 -0.0678974
vn 0.6365564 -0.0652643 0.7684638
v -0.2553943 0.0531894 -0.3688542
vn 0.9900490 0.0044989 0.1406516
v 0.5291850 0.0741709 0.1503939
vn 0.4698210 -0.4242755 -0.7741179
v 0.2077012 0.0568897 0.4120100
vn -0.3506067 -0.2932374 0.8894306
v 0.4638439 0.0563892 -0.0460475
vn 0.7922895 -0.4740660 0.3841078
v -0.4123748 0.0459875 0.2576890
vn -0.3160531 -0.3100084 -0.8966634
v 0.4538219 0.0452879 0.1451280
vn -0.9622374 -0.1519169 0.2258770
v -0.5357718 0.0505483 -0.1390159
vn -0.3107875 -0.3184990 0.8955275
v -0.5234303 0.0479246 -0.1296585
vn 0.7774608 -0.2035708 0.5950745
v 0.5354177 0.0428344 -0.0421283
vn 0.6939054 -0.0338545 -0.7192699
v 0.5260138 0.0455042 -0.1394829
vn -0.3398550 -0.5765763 0.7430063
v -0.3641210 0.0554281 -0.3469724
vn -0.8816581 0.0911056 0.4630105
v -0.4727544 0.0679876 0.2888454
vn -0.8454221 -0.3564228 0.3977740
v 0.2312661 0.0766625 -0.3936319
vn -0.6096547 0.0560994 -0.7906794
v -0.3511807 0.0456359 -0.4230490
vn -0.6097639 -0.1962511 0.7679021
v -0.4630307 0.0503063 0.3059652
vn 0.0040348 -0.0666035 0.9977714
v -0.2141168 0.0621466 0.4969839
vn 0.1682478 -0.6287446 0.7591923
v -0.4469684 0.0580259 0.3139947
vn -0.9126801 -0.3523995 0.2069533
v 0.4180745 0.0680464 0.1698237
vn 0.9353621 -0.2141649 -0.2814804
v -0.4166500 0.0375702 -0.1685288
vn -0.6720719 -0.2079793 0.7106786
v -0.3501641 0.0675737 0.4309853
vn 0.4981929 -0.0834148 0.8630445
v -0.1730777 0.0530228 -0.4162566
vn 0.1498458 -0.1034078 0.9832869
v 0.4944670 0.0543223 0.2374994
vn 0.8153262 0.0463892 0.5771407
v 0.5070742 0.0660975 0.2270613
vn 0.9317981 0.0559107 0.3586451
v 0.5162762 0.0297023 0.2112574
vn -0.9847794 -0.0492381 -0.1666893
v -0.5219802 0.0519059 0.1442767
vn 0.9566006 -0.2399075 0.1654078
v -0.1110395 0.0486163 -0.5042595
vn -0.6160258 -0.2318297 -0.7528394
v -0.5167290 0.0515255 0.1311357
vn -0.0598658 -0.3816452 -0.9223682
v -0.5005906 0.0675965 0.1222202
vn -0.8695419 -0.4650373 -0.1662441
v -0.4103437 0.0663704 -0.3663279
vn -0.2229212 -0.0393024 0.9740439
v -0.2240854 0.0510660 0.4934380
vn 0.9157291 -0.3009923 -0.2661650
v -0.2002826 0.0525398 0.4271469
vn -0.9467331 -0.2816750 0.1560632
v 0.4235986 0.0673206 -0.0724440
vn -0.9387454 -0.3445999 -0.0028550
v 0.2260204 0.0701531 -0.4493245
vn 0.6231874 0.0069003 0.7820421
v 0.2591552 0.0539250 0.4806848
vn -0.2812835 -0.6459067 -0.7097070
v -0.2872311 0.0635233 0.3674176
vn 0.9357209 -0.2601807 0.2381856
v 0.3277634 0.0466802 -0.4365852
vn 0.8930817 -0.2355314 0.3833146
v -0.4137238 0.0573493 -0.1515244
vn 0.4028332 -0.4038875 0.8213406
v -0.4281064 0.0629015 -0.1346582
vn 0.0600358 -0.4844646 -0.8727484
v -0.2648227 0.0696927 0.3585848
vn -0.5100818 -0.2754425 0.8148301
v 0.0623204 0.0666919 0.5230301
vn 0.8188636 -0.1371792 -0.5573547
v -0.1119409 0.0571493 -0.5245880
vn -0.8691602 -0.4497205 0.2056991
v 0.0537671 0.0665417 0.5105873
vn 0.5153977 -0.3865925 -0.7647951
v -0.4216657 0.0652560 0.1419605
vn 0.7933845 -0.5561569 0.2474482
v -0.3943792 0.0611424 0.2380708
vn -0.8531808 0.1301329 0.5051218
v -0.4555731 0.0839234 0.3159105
vn -0.7549180 -0.1487646 0.6387237
v -0.4431313 0.0887264 0.3351923
vn -0.8120710 -0.3239204 -0.4854033
v 0.4336745 0.0563712 -0.0875364
vn 0.8151405 -0.3640304 0.4505862
v -0.1960164 0.0582988 0.4837020
vn 0.7290848 -0.0273552 0.6838765
v 0.2703006 0.0790481 0.4705268
vn -0.8887856 -0.3941493 -0.2338942
v 0.0564205 0.0653979 0.4930171
vn 0.2024414 -0.8628724 0.4631078
v -0.4297454 0.0699627 0.3214155
vn -0.2411170 -0.5013149 0.8309910
v -0.5261049 0.0711231 -0.1190774
vn 0.8309582 -0.5100188 -0.2222369
v -0.4079683 0.0708556 -0.1860111
vn 0.6573848 -0.1988381 0.7268485
v -0.2654027 0.0940232 -0.3542205
vn -0.3511987 0.0858650 -0.9323555
v -0.1865426 0.0695015 -0.5141648
vn 0.1487121 -0.4245567 -0.8931049
v 0.1952642 0.0714227 0.3984534
vn -0.3634242 -0.6969838 0.6181719
v 0.4754820 0.0810796 -0.0227281
vn -0.0514053 -0.4480252 0.8925418
v -0.3171788 0.0571704 -0.3277647
vn 0.5308992 -0.3305371 0.7803149
v -0.2983986 0.0761605 -0.3242857
vn -0.9712484 -0.0538661 -0.2318946
v -0.5324843 0.0354605 -0.1513534
vn -0.9184484 0.0518576 -0.3921266
v -0.4994527 0.0860195 -0.2235814
vn -0.4706722 -0.5782262 -0.6664249
v 0.4393790 0.0737377 0.1341904
vn 0.9375684 -0.1564668 -0.3106181
v 0.3319562 0.0713663 -0.4383700
vn -0.2696523 -0.5860684 -0.7640756
v 0.4605465 0.0645966 0.1320609
vn -0.9246199 -0.2871854 -0.2502052
v -0.5252469 0.0838023 0.1267859
vn -0.5381936 -0.7726122 0.3367762
v -0.4114963 0.0755691 -0.3469749
vn -0.8095211 -0.4499949 0.3770677
v -0.3713391 0.0760704 0.4116082
vn -0.9500793 0.0890202 0.2990398
v -0.5145702 0.0603216 0.1945102
vn 0.5694613 0.0007010 -0.8220179
v 0.3192025 0.0679511 -0.4535581
vn 0.6947882 -0.1386463 -0.7057242
v -0.2267801 0.0462757 0.3800098
vn 0.7952899 -0.2775797 0.5389466
v -0.1348579 0.0558778 -0.4507543
vn 0.5974880 -0.7481512 0.2885793
v -0.4021812 0.0740927 0.2857214
vn 0.4046866 0.0159417 -0.9143165
v -0.1157787 0.0685894 -0.5293134
vn 0.4186296 -0.2195674 -0.8812148
v -0.2384947 0.0606696 0.3687185
vn 0.3282665 -0.8815943 -0.3391647
v -0.4478930 0.0832380 -0.2604655
vn 0.0730794 0.0235533 0.9970480
v 0.0703620 0.0821553 0.5269714
vn 0.8689363 -0.2765886 0.4104249
v -0.1243064 0.0472915 -0.4775649
vn 0.6459526 -0.4012059 -0.6494452
v 0.2516511 0.0561639 0.4460385
vn -0.3086822 -0.3991063 0.8633826
v 0.2449358 0.0711939 -0.3800760
vn -0.7408613 -0.6335678 0.2229716
v -0.3519357 0.0620739 0.4231834
vn -0.6001135 -0.4756180 -0.6431574
v 0.2302966 0.0716792 -0.4770361
vn 0.0504435 -0.7359627 -0.6751403
v 0.5085322 0.0693627 0.1180378
vn -0.4439041 -0.8200976 -0.3610944
v -0.3459610 0.0601493 0.4031939
vn 0.7750626 -0.1379110 -0.6166511
v 0.5186635 0.0818575 -0.1455697
vn 0.3733789 -0.9197867 0.1207502
v -0.4003001 0.0824144 0.3161591
vn 0.7982187 -0.4785373 -0.3658538
v 0.5282977 0.0689873 0.1267540
vn 0.8727244 -0.2337713 -0.4286060
v -0.4101097 0.0901206 0.1439940
vn 0.3675862 -0.4737436 0.8002796
v 0.2742498 0.0740068 -0.3866984
vn -0.6630898 -0.7461287 0.0600332
v -0.3714722 0.0743679 0.4050380
vn 0.5182217 -0.0961541 0.8498240
v -0.2256261 0.0622622 -0.3890191
vn 0.4405504 -0.2970005 0.8471754
v -0.1997355 0.1075396 -0.3962386
vn -0.3975884 0.1044027 0.9116049
v -0.2564749 0.0710853 0.4772586
vn 0.6264014 -0.6268095 -0.4633909
v 0.2712627 0.0838737 0.4410219
vn 0.2226153 0.1249833 0.9668617
v 0.0969383 0.0897253 0.5191570
vn 0.5443980 -0.2267959 0.8075856
v -0.1523630 0.0738239 -0.4254035
vn -0.7937611 0.0593169 -0.6053304
v -0.4106853 0.0773450 -0.3700855
vn -0.7019660 -0.5036958 0.5035219
v 0.4176716 0.0953710 0.1899698
vn 0.1637786 -0.4702695 -0.8671927
v -0.4652407 0.0709296 0.1262550
vn 0.9271351 -0.3745684 0.0109125
v -0.1010117 0.0781426 -0.5029456
vn -0.1086303 0.1868760 -0.9763590
v -0.1294717 0.0882375 -0.5273346
vn 0.2841693 0.0830438 -0.9551710
v -0.1115803 0.1026683 -0.5243676
vn 0.1937664 -0.1747485 0.9653588
v 0.4913840 0.0723549 0.2388573
vn 0.0961700 -0.2638561 -0.9597558
v 0.2504376 0.0692112 -0.4779412
vn -0.2057587 -0.7384346 0.6421664
v -0.3589909 0.0750114 -0.3255338
vn -0.5284117 -0.6065919 0.5939927
v -0.4272543 0.0853814 0.3506844
vn -0.8715962 -0.2615466 0.4146244
v -0.5355561 0.0858093 -0.1154368
vn 0.1587902 -0.7518219 -0.6399605
v -0.4698099 0.0713105 -0.2571928
vn -0.5442988 -0.4497140 0.7081640
v 0.4508372 0.0777535 -0.0417487
vn -0.2207221 -0.9425461 -0.2507761
v -0.3685287 0.0796596 0.3805851
vn 0.9004956 -0.3877366 -0.1968962
v -0.1838238 0.0860684 0.4350723
vn -0.1532758 -0.3327666 -0.9304692
v 0.5039100 0.0645689 -0.1468722
vn 0.8090359 -0.2062273 -0.5503920
v -0.2150133 0.0628110 0.3909421
vn 0.2467071 -0.7627792 0.5977487
v 0.5253291 0.0753329 -0.0083327
vn 0.7852980 -0.1197611 -0.6074243
v -0.1070620 0.0815420 -0.5210580
vn -0.4196118 -0.3936032 0.8179258
v 0.2417413 0.1137492 -0.3693185
vn -0.5335796 -0.4035653 -0.7432550
v 0.0681321 0.1057283 0.4337649
vn -0.0043745 -0.4321052 0.9018127
v 0.2578494 0.0893259 -0.3730831
vn -0.9762607 0.0817832 -0.2005655
v -0.5355291 0.0786980 -0.1366749
vn 0.9914619 -0.0663356 0.1122630
v 0.5404823 0.0751514 -0.0382780
vn -0.2241190 0.1035501 0.9690450
v -0.2020358 0.0835790 0.4968821
vn -0.2631625 -0.6779606 -0.6863781
v -0.5139134 0.0870778 0.1110836
vn 0.7421036 -0.4937773 0.4532837
v -0.1087412 0.0984253 -0.4547010
vn -0.7102618 -0.0805514 0.6993138
v -0.3761104 0.0903883 0.4112686
vn -0.5181568 0.0797312 -0.8515612
v -0.2989973 0.0715280 -0.4579358
vn -0.4832388 0.0707949 0.8726216
v -0.3290506 0.0894535 0.4453862
vn -0.7687025 -0.3278573 -0.5491868
v 0.4143192 0.0988313 0.1372190
vn 0.7183407 -0.6478038 -0.2536473
v 0.5306716 0.0832492 0.1033574
vn -0.8576489 -0.4858889 -0.1683760
v 0.2156999 0.0909390 -0.4679438
vn -0.1763353 -0.3289870 -0.9277249
v 0.1937046 0.0862449 0.3924208
vn 0.3563574 0.1677096 0.9191751
v 0.2578330 0.1001588 0.4713292
vn 0.3666748 -0.2781098 0.8878089
v 0.4835689 0.1061946 0.2508428
vn -0.3849139 0.1450600 -0.9114817
v -0.2108152 0.0898058 -0.5022845
vn 0.4547515 -0.3540516 -0.8172200
v -0.2753673 0.0980472 0.3432199
vn -0.9863282 0.0510670 0.1566811
v -0.5256936 0.1059430 0.1262991
vn -0.3140546 -0.7990954 0.5126561
v 0.4793708 0.0921714 -0.0048754
vn -0.7998784 -0.2999387 -0.5198379
v 0.0745667 0.0532393 0.4585008
vn -0.5182559 -0.3467287 0.7817864
v 0.4685748 0.0741334 0.2313451
vn -0.4547497 -0.8497861 0.2665826
v -0.3891655 0.0847062 0.3902997
vn -0.6041347 -0.4185033 -0.6781418
v -0.4819939 0.0784534 -0.2621261
vn 0.1450278 -0.1968887 -0.9696400
v 0.2370453 0.0892804 -0.4889282
vn 0.7746637 -0.6301864 -0.0525470
v -0.3756383 0.0815304 0.2308722
vn 0.0536766 -0.6333845 0.7719734
v -0.5079333 0.0869931 -0.1084917
vn 0.0178290 -0.7188761 -0.6949096
v -0.2909316 0.0816025 0.3492982
vn 0.9052514 -0.1668455 -0.3907460
v -0.3848934 0.0816267 0.2041463
vn -0.8297863 -0.4039715 -0.3850477
v 0.4183896 0.0713536 0.1568464
vn -0.3562351 -0.7761404 -0.5202909
v -0.4647032 0.0893546 -0.2873498
vn 0.0342786 -0.9920933 0.1207306
v -0.4050021 0.0845189 0.3517698
vn 0.0152631 -0.9027137 -0.4299710
v 0.5172201 0.0845315 0.0947655
vn 0.7960930 -0.5355957 0.2817325
v 0.5352185 0.0881582 -0.0003508
vn 0.7919181 -0.4311376 0.4324189
v 0.3328644 0.0808526 -0.4224670
vn 0.1855909 -0.9786398 -0.0884320
v -0.3704177 0.0914582 0.3231216
vn 0.4449152 -0.4788421 0.7568096
v -0.4255340 0.0802687 -0.1252702
vn -0.1501662 -0.9155191 0.3731957
v -0.4022113 0.0813079 -0.3295159
vn 0.1184167 -0.7032745 0.7009867
v -0.3238989 0.0845254 -0.3080230
vn 0.9990757 0.0413195 0.0118550
v 0.5391261 0.1008199 -0.0149276
vn -0.7651718 -0.4518687 -0.4586142
v 0.0606850 0.0835462 0.4573226
vn 0.3650224 -0.3114462 0.8773597
v -0.1900135 0.0837277 0.4972702
vn -0.6098199 -0.7613279 -0.2202260
v -0.4339234 0.0903773 -0.3262654
vn 0.9191861 0.1587681 0.3604022
v 0.5061317 0.1033395 0.2189184
vn -0.4292856 -0.3370098 -0.8379369
v 0.2262404 0.0906206 -0.4880603
vn -0.5014535 -0.3219089 -0.8030685
v 0.0890113 0.0692512 0.4363242
vn 0.9495927 0.1259378 0.2870773
v 0.5135582 0.0917519 0.2013597
vn 0.2561750 -0.6239890 0.7382493
v 0.2807631 0.1067850 -0.3654499
vn 0.8207401 -0.5079054 -0.2615681
v -0.0907661 0.1011009 -0.5070830
vn -0.9193021 0.0896191 0.3832128
v 0.4485098 0.1009739 -0.0300446
vn 0.8000795 -0.5030051 0.3268925
v -0.1830582 0.0805490 0.4873144
vn -0.5328152 -0.6600748 0.5295369
v 0.4359076 0.1147327 0.2314099
vn -0.7625359 -0.1532866 -0.6285239
v -0.4662462 0.0984084 -0.2930867
vn -0.6119137 -0.4644161 -0.6402181
v 0.4335140 0.0966550 0.1142743
vn -0.8077664 -0.0527015 0.5871422
v 0.4388750 0.0933601 -0.0456007
vn -0.7069131 -0.4140410 0.5734493
v -0.4038390 0.0907790 0.3837557
vn -0.4145657 -0.7094272 -0.5699548
v 0.4661332 0.1002506 0.0880569
vn -0.8225545 -0.5407463 0.1760614
v 0.2119816 0.1103607 -0.4125789
vn 0.6299918 -0.7367571 -0.2455592
v -0.4071416 0.0810133 -0.2087270
vn 0.6096918 -0.1620769 -0.7758911
v -0.2172454 0.0950739 0.3792286
vn 0.8932859 -0.4483230 0.0323547
v 0.2760825 0.0829134 0.4558923
vn -0.9165682 0.1420256 -0.3738069
v -0.5002509 0.1190566 -0.2143178
vn -0.1152737 0.0850421 0.9896868
v 0.0533757 0.1010111 0.5274996
vn 0.8863631 -0.1634840 -0.4331668
v 0.3379859 0.0930374 -0.4349774
vn -0.2670203 -0.4484052 0.8530140
v 0.4740287 0.0953628 0.2459304
vn 0.3919740 -0.3634311 0.8451475
v -0.1630139 0.1181011 -0.4080275
vn 0.6724411 -0.0969792 0.7337698
v 0.2813644 0.1005392 0.4599905
vn -0.2189979 -0.8625510 -0.4561203
v 0.4976522 0.0912186 0.0900808
vn 0.5421077 -0.8327330 -0.1125832
v -0.3584989 0.0953298 0.2510564
vn 0.5133991 -0.8496289 -0.1206326
v -0.3957883 0.0931828 -0.2257632
vn -0.3451996 -0.2243132 -0.9113292
v 0.1187203 0.0703017 0.4251914
vn -0.8057843 -0.2364107 -0.5429747
v -0.4770988 0.0913932 -0.2756548
vn 0.0471946 -0.9639440 0.2618866
v -0.3923213 0.0948729 -0.2913614
vn -0.4728912 -0.7771220 -0.4152776
v -0.4473499 0.0936976 -0.3050416
vn -0.8260189 -0.1140153 0.5519903
v 0.4503458 0.0982547 -0.0209449
vn 0.7072178 -0.7018430 -0.0852026
v 0.5349326 0.0993751 0.0614534
vn 0.2497149 -0.6387104 -0.7277991
v 0.2233848 0.0972614 0.3881719
vn -0.8582275 -0.2743635 -0.4337860
v 0.4236388 0.0915263 -0.0965708
vn 0.8871799 -0.4356948 0.1519279
v -0.3978720 0.0908395 -0.1903483
vn -0.1079010 -0.9865737 0.1225960
v 0.5197821 0.0960573 0.0401703
vn -0.5420176 -0.2981410 0.7857028
v 0.0486481 0.0853960 0.5259640
vn -0.8313800 -0.5176011 0.2022289
v 0.0308987 0.1020946 0.5053141
vn -0.0177516 -0.9886035 -0.1494928
v -0.4448729 0.0902977 -0.2948191
vn 0.0256422 -0.9227573 -0.3845278
v -0.3260625 0.0921567 0.3357422
vn 0.0475136 -0.8937673 0.4460073
v 0.5228714 0.0847596 0.0049963
vn 0.5834686 -0.7822267 0.2183706
v 0.5300837 0.0949930 0.0291471
vn -0.0488895 -0.8600520 0.5078588
v -0.3475336 0.0882260 -0.3045036
vn -0.5409636 -0.4940034 0.6806754
v -0.5296998 0.0945942 -0.1045381
vn -0.1546905 -0.9821178 0.1073105
v -0.4240747 0.0877284 -0.3180490
vn 0.5697366 -0.1939958 -0.7986024
v -0.0977392 0.1031532 -0.5162423
vn -0.6004726 -0.3750003 -0.7062630
v 0.2152973 0.1053775 -0.4843904
vn -0.6727676 -0.6298596 -0.3881502
v 0.0317997 0.1157409 0.4661178
vn 0.8572729 -0.3124077 0.4092488
v 0.2955124 0.1120625 0.4460549
vn 0.7603471 -0.6292743 0.1608919
v -0.1680744 0.1061825 0.4843313
vn -0.8650613 0.2138752 0.4537909
v 0.4714302 0.1102580 0.0051426
vn -0.7697142 0.4337062 0.4684434
v 0.4365325 0.1031132 -0.0548661
vn -0.6644726 0.1649913 -0.7288718
v -0.3886085 0.0948890 -0.3843904
vn 0.4961585 -0.6351498 0.5919557
v -0.4240279 0.1045155 -0.1075996
vn 0.4359090 -0.6208402 -0.6515679
v -0.4246853 0.1008840 0.1116194
vn 0.7404743 -0.5555590 -0.3782224
v -0.4146022 0.1175107 0.1060938
vn -0.6822682 -0.6832451 0.2601658
v 0.0247183 0.1084261 0.5038798
vn 0.9974499 -0.0711969 0.0049631
v 0.5388801 0.1135454 0.0325510
vn -0.5677656 -0.1535815 0.8087367
v 0.0366816 0.1182706 0.5186086
vn -0.6112466 -0.4976700 -0.6153879
v 0.4301282 0.1140008 -0.1159452
vn -0.7418458 -0.0600926 -0.6678725
v 0.4607704 0.1098041 0.0842861
vn 0.8768952 -0.0979813 -0.4705895
v -0.3833758 0.1234824 0.2016594
vn 0.9768537 0.0934513 -0.1924161
v 0.5283682 0.0909636 -0.1139777
vn 0.8022447 0.0027075 0.5969893
v 0.4972467 0.1020420 0.2376476
vn -0.7610738 0.5030219 0.4095556
v 0.4533910 0.1065662 -0.0238957
vn 0.5860431 -0.6838884 0.4345689
v 0.3436461 0.1186505 -0.3945833
vn -0.3794960 0.1888496 0.9057144
v -0.2155350 0.0841061 0.4904564
vn 0.8784711 -0.3386774 0.3370256
v -0.4161930 0.1078135 -0.1194921
vn 0.8443681 -0.4600048 0.2746601
v 0.3454396 0.1045563 -0.4120881
vn -0.9361607 0.2149154 -0.2782348
v -0.5221769 0.1209321 -0.1498057
vn 0.2782385 0.0199782 -0.9603042
v 0.2394593 0.0966031 -0.4879455
vn 0.5589244 -0.7624511 -0.3259937
v -0.3165553 0.1060679 0.2915942
vn -0.7889166 -0.1244275 -0.6017711
v -0.4481615 0.1032317 -0.3131883
vn 0.7020485 -0.4157747 -0.5781517
v -0.1899198 0.1056541 0.4019031
vn -0.2862238 -0.2733468 -0.9183450
v 0.1489582 0.1110297 0.4026164
vn -0.8059976 -0.4613822 -0.3708023
v -0.5271994 0.1060230 0.0997217
vn -0.7026861 -0.5920817 0.3945524
v 0.4845349 0.1059053 0.0244542
vn 0.6511087 -0.1308455 -0.7476209
v -0.2772063 0.1171707 0.3351607
vn -0.6604489 -0.5049241 0.5557509
v 0.4705448 0.0998192 0.0002434
vn 0.7955039 -0.5559894 -0.2409346
v -0.1769595 0.1030850 0.4320510
vn 0.4296729 -0.7371496 -0.5215283
v -0.3015564 0.1030753 0.3217303
vn 0.3433222 -0.9166918 0.2044655
v -0.3696506 0.1068202 -0.2451760
vn -0.6948799 -0.7176604 -0.0458852
v 0.4881094 0.1069287 0.0428093
vn 0.5850080 -0.5053781 0.6343176
v -0.3104480 0.0992766 -0.2998845
vn 0.6580570 -0.5856864 -0.4732150
v -0.3296964 0.1063904 0.2633967
vn -0.2722312 0.2414826 -0.9314378
v -0.1628917 0.1062556 -0.5145510
vn 0.1940991 -0.9469532 -0.2561351
v -0.3203566 0.0988000 0.3167991
vn 0.2056137 -0.9784869 -0.0169234
v -0.4140953 0.0951002 -0.2725083
vn -0.6076264 -0.6852353 -0.4015504
v 0.4803915 0.1065171 0.0646253
vn -0.1128816 -0.9750770 -0.1910041
v 0.5133640 0.0959661 0.0610545
vn -0.7972539 -0.5876020 -0.1382393
v 0.2059000 0.1072089 -0.4692405
vn 0.1818781 -0.8800650 0.4386412
v -0.3400102 0.1039266 -0.2769966
vn 0.8495468 -0.0712057 -0.5226854
v -0.3110008 0.1161303 0.2923338
vn -0.7964401 -0.5558417 0.2381665
v 0.4041335 0.0995851 0.1712621
vn -0.2098211 -0.5661306 0.7971645
v 0.2668469 0.1170462 -0.3576143
vn 0.6940950 -0.3123960 -0.6485684
v -0.3468400 0.1074602 0.2449458
vn -0.2509164 -0.6703703 0.6983156
v 0.4558592 0.1207039 0.2577140
vn 0.9895372 0.0463220 0.1366399
v 0.5369412 0.1137422 0.1025162
vn 0.8029471 -0.1264734 0.5824779
v -0.3279023 0.1237602 -0.2552049
vn 0.2584937 0.1355886 0.9564501
v 0.1628614 0.1290948 0.4996641
vn 0.8122553 -0.3115630 -0.4931225
v -0.3646198 0.0981140 0.2281565
vn -0.9493153 0.2614416 -0.1744956
v 0.4850403 0.1198025 0.0439685
vn -0.8906227 0.4391478 0.1180699
v 0.4860345 0.1220658 0.0307305
vn -0.9991058 0.0202110 -0.0371394
v -0.5356047 0.1125929 -0.1090050
vn -0.4938220 0.2104913 -0.8437021
v -0.2974918 0.1336005 -0.4488710
vn 0.5097528 -0.3987186 0.7623487
v -0.1278350 0.1068712 -0.4272364
vn -0.9304118 0.2017648 0.3059819
v -0.5084009 0.1265892 0.1859878
vn -0.2156000 0.3042735 -0.9278654
v -0.1491351 0.1250003 -0.5123332
vn 0.3377503 -0.4278575 -0.8383691
v 0.5074428 0.1084520 -0.1658384
vn 0.0859061 0.1352492 -0.9870805
v -0.1071104 0.1190839 -0.5215213
vn 0.2750635 -0.4310434 0.8593845
v -0.1667948 0.1174299 0.4979126
vn 0.9329682 -0.1953577 -0.3023338
v -0.3976478 0.1251045 0.1686537
vn -0.5504887 -0.4524060 -0.7016346
v 0.4686657 0.0993022 -0.1395740
vn -0.8592291 -0.4413622 -0.2586980
v 0.4077435 0.0920579 0.1555375
vn -0.0201196 -0.7753186 -0.6312498
v -0.5121604 0.1122878 0.0867413
vn -0.9398427 -0.1723315 -0.2949537
v 0.4219927 0.1123726 -0.1051444
vn -0.6701738 -0.6070641 0.4270134
v -0.5321280 0.1181633 -0.0807938
vn -0.0330985 -0.7466881 0.6643503
v -0.5179570 0.1107155 -0.0857841
vn 0.4689422 -0.1527202 -0.8699251
v -0.2134142 0.1306075 0.3733791
vn 0.0957914 -0.7838146 -0.6135623
v 0.2377166 0.1225728 0.3631210
vn 0.4656042 -0.7473208 -0.4740512
v 0.2808025 0.1085867 0.4158763
vn 0.7333981 -0.6795735 0.0175277
v 0.3032923 0.1198083 0.4277585
vn -0.5770726 -0.5596562 -0.5947876
v 0.2005170 0.1210450 -0.4826830
vn -0.5367610 -0.6084160 0.5845662
v 0.0154738 0.1211914 0.5074264
vn 0.8405447 0.1360159 -0.5243894
v -0.3200160 0.1168470 0.2729153
vn -0.6086667 -0.0249188 -0.7930347
v 0.2146562 0.1451527 0.3611062
vn 0.7020597 -0.5590764 0.4410734
v -0.3712036 0.1155642 -0.2186194
vn 0.5722750 -0.6765977 -0.4633757
v -0.1546612 0.1353026 0.4145872
vn -0.6901583 -0.4487311 0.5677340
v 0.2219640 0.1100942 -0.3849245
vn -0.3025828 -0.8869702 -0.3488948
v -0.5210143 0.1237692 0.0705768
vn -0.2683804 -0.2200379 -0.9378461
v 0.0940880 0.1399041 0.4042552
vn 0.8872901 -0.3019038 0.3486695
v -0.3958033 0.1415235 -0.1620487
vn 0.5238665 -0.2925861 0.7999733
v -0.2265950 0.1131556 -0.3778446
vn 0.9992169 -0.0322555 0.0229202
v 0.5395481 0.1144593 0.0716503
vn -0.4105968 -0.5134432 0.7535161
v 0.2467942 0.1317399 -0.3564685
vn -0.7292586 -0.6794961 -0.0804176
v 0.1896390 0.1271507 -0.4695054
vn 0.9167329 -0.2127750 -0.3381238
v 0.3503717 0.1253513 -0.4160759
vn 0.8674313 0.1903259 -0.4597161
v -0.3593498 0.1403007 0.2376562
vn -0.2877789 0.0696214 0.9551629
v -0.1761721 0.1360372 0.4990302
vn -0.4196150 0.2124321 -0.8824942
v -0.2395697 0.1126775 -0.4847376
vn 0.4372716 0.1690770 -0.8832930
v -0.2371124 0.1360185 0.3606447
vn -0.6457273 0.1803194 -0.7419711
v 0.4000236 0.1324182 0.1530218
vn 0.7478922 -0.1467129 0.6474045
v 0.2984880 0.1259430 0.4451570
vn 0.5400247 -0.8194593 -0.1919891
v 0.3082485 0.1264018 0.4140194
vn -0.3168299 0.3213477 -0.8923870
v -0.1936808 0.1497516 -0.4911884
vn 0.4998625 -0.2428147 0.8313715
v 0.4694941 0.1340082 0.2668925
vn -0.9027095 0.2806143 0.3261460
v 0.4228660 0.1280681 -0.1005202
vn 0.4357531 0.1113070 -0.8931574
v 0.2783685 0.1216435 -0.4678282
vn -0.8720031 0.2325955 -0.4307087
v -0.4798636 0.1553107 -0.2439966
vn 0.3592652 0.1856776 0.9145777
v 0.2461275 0.1382676 0.4686053
vn 0.8299035 -0.0576648 0.5549189
v -0.3067886 0.1250462 -0.2906219
vn 0.9197861 0.2356199 0.3138102
v 0.5070986 0.1287582 0.2002624
vn -0.6164564 0.6114767 -0.4960624
v 0.4725811 0.1350976 0.0941610
vn 0.6663211 0.5541857 -0.4988931
v -0.3154243 0.1257759 0.2924697
vn 0.5631235 -0.6014597 0.5666906
v -0.3323291 0.1186546 -0.2533179
vn -0.7519141 0.1598955 -0.6395769
v 0.4156641 0.1149530 0.1326868
vn -0.3035191 -0.5238811 -0.7958799
v 0.4961579 0.1067232 -0.1638154
vn -0.6936701 0.1346189 -0.7076012
v 0.4322149 0.1106403 0.1099920
vn 0.8185100 -0.5332747 0.2136809
v -0.0932170 0.0997641 -0.4951614
vn -0.8774731 -0.4531742 -0.1570801
v 0.3825982 0.1269006 0.1739835
vn 0.4984815 -0.5389336 -0.6790190
v -0.1636133 0.1472127 0.3935811
vn -0.9624405 0.0962440 0.2538611
v 0.4202454 0.0957213 -0.0756546
vn 0.2084039 -0.8169737 -0.5377006
v -0.4316067 0.1225030 0.0855240
vn -0.8381329 0.2469176 -0.4863795
v 0.4745674 0.1178354 0.0680061
vn -0.4559931 -0.6908007 -0.5611280
v 0.4552897 0.1364048 -0.1607299
vn -0.2889549 -0.9541432 -0.0782035
v -0.0236873 0.1413061 0.4938248
vn 0.1003814 0.2001224 0.9746152
v 0.0775637 0.1507012 0.5159646
vn 0.7441130 -0.1757636 -0.6445176
v 0.5070356 0.1367451 -0.1791874
vn 0.4262114 -0.3670332 0.8268195
v -0.2223360 0.1344321 -0.3689455
vn -0.6222179 -0.7411273 0.2521418
v 0.1921924 0.1376838 -0.3934706
vn -0.4956921 0.5024601 -0.7083949
v 0.4346662 0.1408357 0.1343543
vn 0.8016784 0.3859340 0.4564721
v -0.3229603 0.1388855 -0.2690842
vn -0.9886333 0.0909079 -0.1197500
v -0.5381824 0.1432261 -0.0728879
vn 0.8221194 0.5679597 0.0392624
v 0.5258704 0.1542406 -0.0391581
vn -0.8398817 -0.5179434 0.1622761
v -0.5378337 0.1380961 -0.0544417
vn -0.1772018 0.1369557 -0.9745988
v 0.1308440 0.1424543 0.3988034
vn 0.6568171 0.1198802 -0.7444596
v 0.3357796 0.1092914 -0.4361781
vn -0.0188142 -0.2006237 0.9794877
v -0.1461285 0.1431032 0.5080970
vn 0.9453698 0.3234773 -0.0404770
v 0.5279828 0.1495304 -0.0577185
vn 0.9411273 0.2500408 0.2275062
v 0.5252452 0.1464017 0.1198810
vn 0.2948867 0.1940823 0.9356142
v 0.1837768 0.1591881 0.4882056
vn -0.4193668 -0.0115578 -0.9077433
v 0.1790321 0.1394089 0.3837261
vn 0.4482687 -0.8220041 0.3512329
v -0.1413134 0.1305125 0.4933928
vn -0.8150125 0.2095550 -0.5402236
v -0.4521689 0.1505908 -0.2948064
vn -0.2635842 -0.6965352 -0.6673545
v -0.0088537 0.1632626 0.4366572
vn -0.7875667 -0.5546746 -0.2684671
v 0.4220445 0.1361887 -0.1298795
vn 0.4077089 0.4846908 -0.7738529
v -0.2624684 0.1420864 0.3499075
vn -0.8360114 -0.1496216 -0.5279189
v -0.4246384 0.0930421 -0.3461392
vn -0.9971846 -0.0367572 0.0653588
v -0.5302082 0.1297218 0.0932054
vn -0.7914284 0.1256620 0.5982058
v -0.4298014 0.1037125 0.3497579
vn -0.4998367 -0.5274683 -0.6869792
v 0.0411393 0.1332662 0.4358761
vn -0.1029369 -0.1370885 0.9851958
v 0.0167352 0.1405360 0.5172371
vn -0.1656341 0.0301784 0.9857254
v 0.0327624 0.1345537 0.5175484
vn -0.0019420 -0.3171397 -0.9483769
v 0.1859361 0.1535142 -0.4979363
vn 0.6230050 -0.5522636 0.5539581
v 0.3186318 0.1363669 0.4297115
vn -0.0961500 -0.2444362 -0.9648866
v 0.2083052 0.1296049 -0.4897810
vn 0.0828891 -0.0165380 -0.9964216
v 0.2231275 0.1217962 -0.4896471
vn 0.6380061 -0.6693392 0.3807012
v -0.0874953 0.1244075 -0.4554931
vn 0.5975079 -0.7786297 -0.1916254
v -0.1528818 0.1264201 0.4389841
vn -0.8821461 -0.4646884 -0.0767006
v -0.5359055 0.1344347 0.0581555
vn 0.8820325 -0.0771416 -0.4648311
v 0.5164287 0.1156151 -0.1608396
vn 0.3124286 0.1150238 0.9429517
v 0.1947969 0.1132209 0.4918593
vn 0.3725447 -0.8444898 -0.3847696
v 0.3070934 0.1331547 0.3973129
vn 0.4035400 -0.9125218 -0.0667785
v -0.1216990 0.1397768 0.4675693
vn -0.3451183 -0.4484499 -0.8244914
v 0.2117912 0.1212603 0.3712899
vn 0.5927685 0.4601709 -0.6609601
v -0.2861621 0.1342507 0.3282636
vn 0.8073930 0.0854312 0.5837963
v 0.4926746 0.1151663 0.2442732
vn -0.5750551 -0.8015219 -0.1639338
v 0.0130527 0.1206220 0.4901833
vn -0.5295601 -0.6943651 -0.4872609
v 0.0222124 0.1316310 0.4556499
vn 0.5714344 -0.2571360 0.7793227
v 0.3151600 0.1376170 0.4327930
vn -0.5050759 -0.7629408 -0.4035093
v 0.1736376 0.1491788 -0.4879424
vn 0.2909387 0.0493059 0.9554704
v -0.2153900 0.1498067 -0.3680133
vn 0.9032663 0.4273707 -0.0382663
v 0.5341173 0.1425103 0.0689538
vn 0.8270671 0.2375745 0.5094295
v 0.4740863 0.1496474 0.2573584
vn 0.7036676 0.5850007 -0.4032691
v -0.3388628 0.1358271 0.2723852
vn 0.7316211 0.6815650 -0.0141296
v 0.5274992 0.1438237 0.0145994
vn -0.6314623 0.7162524 0.2970488
v 0.4878839 0.1446827 -0.0244361
vn 0.3534481 -0.8814387 -0.3132734
v -0.1029517 0.1508929 0.4447393
vn 0.8160351 -0.5600981 -0.1427475
v 0.3579579 0.1298309 -0.4006189
vn 0.9407084 0.2077971 -0.2681195
v 0.5071095 0.1549852 -0.1745943
vn 0.8882931 0.3231290 0.3263786
v 0.4924419 0.1868250 0.1897989
vn -0.5760298 0.7027680 0.4175007
v 0.4767147 0.1514395 -0.0585317
vn -0.0702197 -0.9898252 0.1237553
v -0.0719878 0.1486951 0.4932900
vn 0.7361661 0.2542982 -0.6272097
v -0.3425623 0.1207869 0.2504646
vn -0.8771720 -0.2515439 -0.4090171
v 0.3760976 0.1402646 0.1757623
vn 0.5853515 -0.6326958 0.5070106
v -0.4172117 0.1396347 -0.0664295
vn -0.4291166 -0.6469718 0.6303067
v 0.2606780 0.1495207 -0.3309510
vn 0.8883598 0.2852619 0.3597812
v -0.3434501 0.1504024 -0.2411922
vn 0.9144768 0.3112526 0.2585616
v 0.5027935 0.1737606 0.1716464
vn -0.0085570 -0.6536825 -0.7567205
v 0.4896974 0.1370903 -0.1877855
vn -0.0038074 0.2425559 0.9701300
v 0.0300695 0.1536916 0.5144233
vn 0.2078161 0.0493081 -0.9769244
v -0.0685500 0.1495241 -0.5165621
vn 0.0780157 -0.8099763 -0.5812503
v 0.2584097 0.1455534 0.3349403
vn 0.3341748 0.2317619 0.9135719
v 0.2144872 0.1854427 0.4720903
vn 0.6186941 -0.1162673 0.7769811
v 0.3261382 0.1490348 0.4280079
vn -0.5554980 -0.8233968 0.1159298
v 0.1646662 0.1571501 -0.3961369
vn -0.6180377 0.7861318 -0.0051255
v 0.5041716 0.1431431 0.0293198
vn -0.8679775 0.0803386 0.4900620
v 0.4204567 0.1455880 -0.1136812
vn -0.9958796 0.0542635 0.0726586
v -0.5366032 0.1494535 0.0513592
vn 0.5308139 0.0536272 0.8457900
v -0.2418365 0.1402986 -0.3553756
vn 0.4909003 0.1284718 0.8616912
v 0.2913601 0.1379501 0.4506176
vn 0.6791490 -0.7017753 0.2151002
v 0.3315871 0.1394492 0.4153130
vn -0.4514838 -0.8674865 -0.2088766
v -0.5286943 0.1337546 0.0400888
vn 0.9554398 0.2933570 -0.0328095
v 0.5347931 0.1295047 0.0039608
vn 0.0200893 -0.6513857 0.7584808
v 0.4431824 0.1436236 0.2798367
vn 0.4690331 -0.7820921 0.4102927
v 0.3545438 0.1338035 -0.3836575
vn 0.7503092 -0.4840384 -0.4502698
v -0.4079573 0.1434404 0.0612152
vn -0.8151073 -0.5769638 -0.0520860
v -0.5362558 0.1437621 0.0190123
vn 0.1214476 -0.8638070 0.4889662
v -0.4557157 0.1336492 -0.0645386
vn 0.2472732 -0.4602458 0.8526604
v -0.0821581 0.1586224 -0.4227141
vn 0.5423390 -0.6743515 -0.5011172
v -0.4198735 0.1456665 0.0450597
vn 0.4215552 -0.5273423 0.7377000
v -0.0940096 0.1414897 -0.4269857
vn -0.3881720 -0.4751855 -0.7896336
v 0.2429478 0.1419791 0.3400056
vn -0.0605717 -0.9952464 -0.0762602
v -0.5213684 0.1397592 0.0099841
vn 0.7029034 0.0631185 0.7084793
v -0.2760794 0.1333061 -0.3274337
vn -0.3493082 -0.8647799 0.3607484
v 0.4054177 0.1440523 0.2529236
vn -0.1522858 -0.9785266 0.1389056
v -0.5247779 0.1389953 -0.0269172
vn -0.5679938 -0.7712765 0.2872556
v 0.3912203 0.1371865 0.2161252
vn 0.5425928 -0.4130489 -0.7314258
v -0.0735832 0.1292354 -0.5155126
vn -0.1899504 -0.8427542 -0.5036707
v -0.0157761 0.1526041 0.4542801
vn 0.2125504 -0.9647677 0.1550665
v -0.4533853 0.1492042 -0.0204108
vn -0.0985037 -0.8874472 0.4502604
v -0.5228729 0.1308597 -0.0592360
vn 0.6981506 -0.4396941 0.5650265
v 0.3472620 0.1574669 0.4079484
vn 0.0308344 -0.9501732 -0.3101937
v -0.0643310 0.1542756 0.4592184
vn -0.0210153 -0.9283911 0.3710099
v 0.4223643 0.1528060 0.2906725
vn -0.0084778 0.1349034 -0.9908225
v -0.0903842 0.1383459 -0.5184789
vn 0.2660165 -0.8435345 0.4665670
v 0.3319308 0.1486622 -0.3440144
vn 0.3398856 -0.2983438 -0.8918906
v -0.1766041 0.1498562 0.3839447
vn 0.6164606 -0.7773637 0.1252282
v 0.3752721 0.1508362 -0.3678456
vn 0.7600428 -0.1167531 0.6392994
v -0.3425361 0.1321949 -0.2372869
vn 0.5529882 0.7092046 -0.4373020
v -0.3361580 0.1680828 0.3308842
vn 0.1824246 0.2371580 0.9541894
v 0.1002869 0.1826756 0.5050413
vn 0.2773805 -0.3276943 -0.9031481
v -0.1465719 0.1717369 0.3860246
vn 0.5848699 -0.6885210 -0.4287961
v -0.0428906 0.1512648 -0.5009148
vn -0.0868871 -0.1014464 0.9910395
v -0.0194850 0.1538486 0.5152456
vn -0.8951184 -0.4451826 0.0239906
v -0.5395880 0.1469101 -0.0194107
vn 0.9083768 -0.3463777 -0.2342522
v -0.3992528 0.1471259 0.0837739
vn -0.3510206 0.1695373 0.9208918
v -0.2753944 0.1634789 0.4568665
vn 0.8090866 -0.5837969 0.0675295
v -0.4402865 0.1550113 -0.0086222
vn 0.7075169 -0.2029850 -0.6769172
v 0.4947698 0.1603535 -0.2011841
vn 0.7324088 0.0835771 -0.6757162
v 0.3568875 0.1493209 -0.4080168
vn 0.3479025 -0.2296075 0.9089798
v -0.1791472 0.1520394 -0.3790362
vn 0.5501234 0.5474883 0.6305720
v -0.2841287 0.1472261 -0.3279484
vn 0.8252625 -0.2356779 0.5132229
v -0.4272320 0.1555002 -0.0401556
vn -0.3623125 0.1586898 0.9184483
v -0.2124839 0.1356150 0.4838566
vn -0.0135076 0.2044109 -0.9787920
v 0.0921096 0.1564891 0.4043596
vn -0.8670121 -0.3257208 0.3770888
v 0.4089909 0.1584609 -0.1330298
vn 0.9560104 -0.0367809 -0.2910178
v -0.3681210 0.1562850 0.2197925
vn 0.3081524 0.0619921 -0.9493151
v 0.2176945 0.1469909 -0.4893174
vn -0.7434840 0.1887011 -0.6415790
v -0.4151306 0.1511777 -0.3440982
vn 0.8421752 -0.2338310 0.4858642
v -0.3635303 0.1643115 -0.2029477
vn 0.1671939 -0.4886525 0.8563089
v -0.1175563 0.1484984 0.5063984
vn 0.2643590 0.9461443 -0.1868830
v 0.5217620 0.1526019 0.0586753
vn -0.5161357 0.2703283 -0.8127279
v -0.3078466 0.1505036 -0.4374641
vn 0.2783785 -0.9149044 -0.2923274
v 0.3210311 0.1453456 0.3792243
vn 0.1624810 0.9833961 0.0808213
v 0.5192328 0.1487758 0.0139668
vn 0.6806725 0.4749791 0.5577453
v -0.3022784 0.1402057 -0.3029443
vn -0.4915625 0.7821571 -0.3828794
v 0.5003834 0.1559513 0.0866430
vn 0.6382226 -0.7632170 0.1008553
v -0.0641543 0.1340392 -0.4834151
vn 0.2639969 -0.9441434 -0.1972280
v -0.4465472 0.1501439 0.0143547
vn 0.3402761 -0.7939113 0.5039018
v -0.0553868 0.1557788 -0.4341339
vn -0.5555966 0.8068594 -0.2007244
v 0.5022874 0.1470964 0.0552506
vn 0.1957627 -0.9701864 0.1428826
v -0.0965763 0.1475739 0.4933352
vn 0.3772708 -0.8722500 0.3112019
v -0.4397161 0.1496637 -0.0336530
vn -0.0963428 -0.5547051 0.8264504
v -0.0729065 0.1553822 0.5070406
vn -0.5418784 -0.6039631 0.5844625
v 0.2055625 0.1356346 -0.3794105
vn -0.2922502 0.9321262 0.2138472
v 0.5060199 0.1515576 -0.0089657
vn 0.9136658 -0.3493017 0.2078538
v -0.3993537 0.1495713 -0.1380576
vn -0.3055338 -0.7659131 0.5657086
v -0.0179843 0.1414930 0.5076007
vn -0.6569087 -0.7539388 -0.0068845
v 0.1687008 0.1478464 -0.4618702
vn 0.4731364 -0.8737660 -0.1125829
v 0.3345437 0.1452251 0.3978188
vn -0.0802539 0.0390547 0.9960091
v -0.0709278 0.1697461 0.5089757
vn -0.9166444 0.3008187 0.2631944
v -0.5020849 0.1713153 0.1629213
vn -0.0109021 0.2902941 0.9568754
v -0.0597839 0.1884438 0.5063840
vn -0.2725643 -0.3200583 -0.9073430
v 0.0635546 0.1593403 0.4093381
vn -0.6964139 0.1882714 0.6925039
v -0.3757228 0.1449460 0.3982638
vn 0.8352891 0.1783112 -0.5200935
v -0.4158807 0.1576687 0.0457101
vn -0.7019030 -0.5805798 -0.4126251
v 0.3434750 0.1709525 0.2226355
vn 0.8995242 -0.1962847 0.3902930
v -0.4074334 0.1503961 -0.0744662
vn 0.9580275 0.2389977 -0.1583146
v 0.5223111 0.1502492 -0.0924603
vn -0.7058010 -0.5216852 0.4792595
v 0.3889455 0.1755147 -0.1500041
vn -0.7739310 -0.6206141 -0.1259721
v 0.3666959 0.1521182 0.1948196
vn -0.5707422 -0.3149922 0.7583094
v 0.2347241 0.1621957 -0.3433355
vn 0.8497143 0.5189937 0.0929049
v -0.3605462 0.1972156 -0.2752669
vn -0.5616758 -0.8123038 -0.1571075
v 0.4079868 0.1599200 -0.1562278
vn -0.3375206 -0.4246221 0.8401047
v 0.1941531 0.1596719 -0.3656530
vn 0.3971418 -0.8844799 0.2448954
v -0.0365438 0.1589897 -0.4463537
vn -0.5691012 0.2059215 0.7960654
v 0.4147815 0.1711683 -0.1274036
vn 0.6425209 -0.1305317 0.7550685
v 0.4561000 0.1545067 0.2803044
vn -0.2597106 -0.5801802 -0.7719724
v 0.1663742 0.1584819 -0.4992032
vn 0.8523012 0.4808135 -0.2059152
v -0.3581312 0.1607127 0.2667020
vn -0.6599707 0.3595026 0.6596943
v -0.3635620 0.1991670 0.3976381
vn 0.8934888 -0.2394626 -0.3799152
v -0.4341967 0.1568476 0.0110637
vn 0.3653217 -0.7232245 -0.5860772
v 0.4745499 0.1666978 -0.2215085
vn 0.0279064 0.2166565 0.9758490
v -0.1645532 0.1768007 -0.3841122
vn 0.8071591 -0.1165580 -0.5787128
v 0.3838917 0.1683045 -0.3765157
vn 0.0104023 -0.9321713 -0.3618681
v 0.2879626 0.1592108 0.3166950
vn 0.4821431 0.1919658 0.8548024
v 0.3063838 0.1579480 0.4378837
vn -0.2661443 0.3480728 -0.8988952
v -0.1573634 0.1894673 -0.4862483
vn -0.8432136 0.2766808 0.4609107
v -0.4500618 0.1647148 0.2886598
vn 0.5033849 0.2625371 -0.8232120
v 0.2947783 0.1671307 -0.4505790
vn -0.3285590 0.2013412 0.9227734
v -0.2465911 0.1916696 0.4597392
vn -0.0825827 0.1376898 0.9870266
v -0.1054803 0.1705157 0.5070338
vn 0.2897720 0.5550667 0.7797006
v -0.2469243 0.1632095 -0.3656753
vn 0.0213112 -0.8045052 -0.5935631
v 0.4770408 0.1543186 -0.2051339
vn -0.5112035 -0.8578967 -0.0518105
v 0.1434645 0.1684205 -0.4783243
vn -0.6513866 0.3691655 -0.6628820
v 0.2338461 0.1584962 0.3473312
vn 0.1756282 0.2464124 -0.9531189
v -0.2057221 0.1574444 0.3779859
vn -0.6025128 0.1626283 -0.7813644
v -0.3398050 0.1234490 -0.4222710
vn -0.4733069 0.6622071 -0.5809152
v 0.4830132 0.1632147 0.1185180
vn 0.4611823 -0.8768072 -0.1360888
v -0.0234870 0.1624376 -0.4864535
vn 0.7311164 0.6804797 -0.0491549
v 0.5253323 0.1619883 0.0967555
vn -0.5712945 -0.4195508 0.7054075
v 0.2791173 0.1680694 -0.2925736
vn 0.5176979 0.8357248 0.1831743
v 0.5200922 0.1595635 -0.0424439
vn 0.1009652 -0.9686618 -0.2269367
v 0.3079324 0.1573832 0.3321157
vn -0.5174215 -0.8552305 0.0292564
v 0.3597400 0.1578908 0.2248327
vn 0.0258705 -0.8101912 0.5855946
v 0.2872146 0.1446196 -0.3266181
vn 0.2484246 -0.9589787 -0.1365476
v 0.3489721 0.1531200 0.3733443
vn -0.5792311 -0.2367844 -0.7800157
v 0.2629227 0.1617663 0.3186237
vn -0.4845122 -0.6409810 0.5953078
v 0.1600077 0.1641847 -0.3771148
vn -0.0170843 -0.9918992 0.1258734
v 0.3865190 0.1604560 0.3147209
vn 0.3902061 -0.9137143 0.1134258
v 0.3758356 0.1629100 0.3512287
vn 0.6112332 -0.7379635 0.2860136
v 0.3640149 0.1575860 0.3872811
vn -0.2704644 -0.9487258 0.1636104
v 0.3790329 0.1554952 0.2633249
vn 0.1165044 -0.9923133 -0.0417250
v 0.3664330 0.1601439 0.3403369
vn 0.2295716 -0.8674214 0.4414488
v 0.4068591 0.1619378 0.3176198
vn 0.6923249 -0.2348929 0.6822841
v 0.4331508 0.1693472 0.3083878
vn 0.8517409 -0.3950956 0.3441468
v -0.3801475 0.1711629 -0.1673075
vn 0.0198546 0.0467349 -0.9987100
v 0.0727841 0.1706958 0.4070567
vn -0.3760653 -0.1427498 0.9155312
v 0.2070236 0.1656332 -0.3592557
vn 0.2226949 -0.9295701 0.2937796
v 0.3764724 0.1666509 -0.3282691
vn 0.7571509 0.6529087 0.0208053
v 0.5182452 0.1684595 0.1192343
vn -0.6513413 0.4370165 0.6202993
v 0.2606033 0.1791770 -0.3202637
vn -0.1811064 0.3360659 -0.9242620
v -0.1104493 0.2031540 -0.4937410
vn -0.4836084 0.4226177 0.7664967
v 0.4383589 0.1814160 -0.1173351
vn -0.7219285 -0.1294157 0.6797579
v 0.2578073 0.1673652 -0.3194501
vn -0.4784153 -0.7463198 -0.4627371
v 0.2903932 0.1702208 0.2882851
vn -0.4071048 -0.7399728 -0.5354492
v 0.1353815 0.1752467 -0.4939388
vn -0.4539583 -0.8196129 -0.3495094
v 0.3245086 0.1717906 0.2531822
vn -0.5775425 0.3637358 0.7308494
v 0.2386560 0.1769777 -0.3408015
vn -0.1000574 0.8968000 0.4309737
v 0.5055601 0.1718630 -0.0651480
vn 0.1852672 0.7056869 -0.6838729
v -0.2898916 0.1950183 0.3930884
vn 0.5828985 0.1577859 0.7970778
v 0.3350583 0.1641035 0.4200759
vn -0.3846142 0.4494772 -0.8062520
v -0.2369807 0.2115481 -0.4483981
vn 0.0728478 -0.9748243 0.2107386
v 0.3620264 0.1767140 -0.2877808
vn -0.3889394 -0.9207658 0.0302748
v 0.1308653 0.1749297 -0.4352076
vn 0.9388745 0.3402619 -0.0523130
v -0.3673523 0.1760790 0.2436828
vn -0.8894299 0.3432424 -0.3018264
v -0.5010730 0.1817371 -0.1818077
vn -0.8633658 0.3371117 -0.3754401
v -0.4940233 0.1818888 -0.1971424
vn 0.0299468 0.3416099 0.9393646
v 0.0839060 0.2113960 0.4987572
vn -0.8875623 0.2230574 0.4030863
v -0.4864738 0.1296131 0.2380492
vn 0.8386118 0.4337890 0.3294806
v -0.4352318 0.1673148 -0.0289020
vn 0.9278682 -0.3297128 -0.1742129
v -0.3732240 0.1957738 0.1675257
vn -0.2742487 0.0024794 0.9616556
v 0.1690166 0.1727309 -0.3704039
vn -0.5355410 -0.0983258 0.8387657
v 0.2240207 0.1675444 -0.3478103
vn 0.8876296 0.1807250 -0.4236178
v 0.4955167 0.1702571 -0.1982426
vn 0.7499477 -0.1093471 0.6523969
v 0.3679723 0.1707287 0.3917967
vn 0.5310705 -0.8463076 -0.0415651
v 0.4100214 0.1772380 -0.3257200
vn 0.6796162 -0.6390790 0.3601389
v 0.3870543 0.1728446 0.3612600
vn 0.6494181 -0.4474231 0.6148730
v 0.4098952 0.1750334 0.3327563
vn 0.0404697 0.2243691 -0.9736636
v -0.0543399 0.1738103 -0.5092059
vn -0.4651492 -0.6353396 0.6164251
v 0.2988165 0.1768447 -0.2727498
vn -0.1637035 -0.9779491 -0.1296796
v 0.3292596 0.1664842 0.2728139
vn -0.0575991 -0.9831659 -0.1733994
v 0.3175124 0.1652037 0.2918175
vn -0.9859341 0.1581325 0.0541131
v -0.5385237 0.1615587 0.0058788
vn -0.6519974 0.2054841 -0.7298464
v -0.3669264 0.1558758 -0.3910301
vn 0.1038546 -0.9011248 0.4209375
v 0.3103284 0.1661650 -0.2971337
vn 0.3693672 -0.6910306 -0.6213248
v -0.1028218 0.1660262 0.4209927
vn 0.3442149 0.7040322 0.6211722
v -0.2882052 0.1771807 -0.3588668
vn 0.0765065 -0.7848176 -0.6149862
v -0.0506129 0.1644314 0.4411723
vn 0.3931648 0.2197923 -0.8928117
v 0.2377994 0.1701925 -0.4777620
vn 0.0058648 0.9451379 -0.3266192
v 0.5119837 0.1676012 0.1015306
vn -0.4705926 0.5435232 -0.6950721
v 0.1973869 0.1565385 0.3792161
vn -0.1729889 -0.9753035 -0.1373240
v 0.4082527 0.1749293 -0.2215157
vn -0.3519517 -0.8689287 -0.3479842
v 0.4227336 0.1581592 -0.1705685
vn -0.5494132 0.5462888 0.6322291
v 0.4574351 0.1591481 -0.0900022
vn -0.8423061 0.2876815 -0.4558068
v -0.4565750 0.1848172 -0.2702964
vn 0.3665628 -0.8829514 0.2933063
v 0.3921400 0.1657270 0.3361960
vn 0.3473050 -0.4976563 -0.7948065
v -0.0288542 0.1682616 -0.5043617
vn 0.4543417 -0.8863217 0.0894843
v 0.3921820 0.1689920 -0.3398990
vn 0.6276687 -0.7135541 -0.3112438
v 0.4284120 0.1825493 -0.2960162
vn -0.7256919 0.4804561 0.4924766
v 0.2746718 0.1827907 -0.3070633
vn 0.5526652 -0.7474075 -0.3687048
v 0.4380115 0.1830343 -0.2771513
vn 0.7016253 0.7020566 0.1218138
v 0.5151436 0.1765875 -0.0822539
vn 0.2012306 -0.6196440 -0.7586485
v -0.0016036 0.1768412 -0.5041875
vn -0.0601095 -0.5321135 -0.8445367
v -0.0097802 0.2060284 0.4063690
vn 0.3172700 -0.3934134 0.8628822
v -0.1244219 0.1900941 -0.3895065
vn -0.6542777 0.3642153 -0.6627730
v -0.3828072 0.1982720 -0.3623073
vn 0.4091465 0.7599844 0.5049980
v -0.3119013 0.1942531 -0.3642020
vn 0.1291915 -0.2119091 -0.9687126
v 0.0320980 0.1967275 -0.5072141
vn -0.3275687 -0.5746920 -0.7499520
v 0.0161369 0.1581716 0.4311819
vn -0.5704073 0.3550244 -0.7406708
v -0.3519610 0.1961599 -0.3904123
vn 0.9741557 0.2038929 0.0972029
v -0.3696976 0.1902766 0.2163887
vn 0.7003397 -0.3429345 -0.6260353
v 0.4768133 0.1741697 -0.2285250
vn 0.8572834 -0.3117761 -0.4097082
v 0.3986359 0.1748664 -0.3565129
vn -0.8257493 0.4802928 -0.2957311
v 0.2841210 0.1849447 0.2995442
vn 0.6921468 -0.3967062 -0.6029570
v 0.4621675 0.1822187 -0.2461931
vn -0.0969086 -0.1765417 -0.9795110
v 0.1360229 0.1872489 -0.5020981
vn -0.4313309 0.3367677 -0.8369834
v -0.2838965 0.1690304 -0.4438275
vn 0.1604948 -0.6650342 0.7293634
v -0.0156898 0.1793595 -0.4182464
vn -0.2976970 0.2252238 0.9277126
v -0.1805414 0.1885761 0.4863329
vn -0.1605705 0.2766829 0.9474512
v -0.1328246 0.2097480 0.4927567
vn -0.8342143 0.1079400 -0.5407730
v 0.2812558 0.1752616 0.2976093
vn -0.7469625 -0.3640943 -0.5563114
v 0.3000348 0.1813436 0.2624600
vn -0.9729275 0.2136495 -0.0881252
v -0.5380177 0.1585193 -0.0430177
vn -0.9069270 0.3645286 -0.2111925
v -0.5122430 0.1926132 -0.1046493
vn 0.8359023 -0.0241878 0.5483451
v 0.4016586 0.1827523 0.3472606
vn 0.2170905 0.7067634 0.6733181
v -0.2629971 0.1860119 -0.3806129
vn 0.3184829 -0.4592369 0.8292587
v -0.0997385 0.1839641 -0.4048590
vn 0.2386451 -0.9706736 0.0290072
v 0.4071200 0.1768247 -0.3067033
vn 0.1902932 -0.9299332 -0.3146631
v 0.0352104 0.1825312 -0.4903731
vn -0.3851281 0.4521989 0.8044828
v 0.2161940 0.1831385 -0.3586423
vn -0.7422896 -0.1111356 -0.6607989
v 0.3661440 0.1614696 0.1868328
vn 0.3911261 0.7194760 -0.5739118
v -0.3072039 0.1602798 0.3476709
vn 0.9317642 -0.3256036 -0.1606170
v -0.3987361 0.1391457 0.1429842
vn 0.2806448 -0.8776621 0.3885201
v -0.0098765 0.1742958 -0.4288095
vn 0.1395862 0.6045092 -0.7842731
v -0.2506614 0.1713077 0.3791589
vn -0.3303599 0.6678375 0.6669749
v 0.4813630 0.1814025 -0.0930684
vn 0.0098908 0.8689988 -0.4947154
v 0.5019844 0.1764162 0.1216616
vn 0.2058699 -0.9725940 0.1080671
v 0.0275696 0.1836119 -0.4544717
vn -0.0292559 0.4024369 -0.9149802
v -0.1956482 0.1740950 0.3851729
vn -0.2273919 -0.9067609 -0.3550741
v 0.1173805 0.1808226 -0.4907613
vn -0.4358056 -0.8991696 0.0395923
v 0.3716994 0.1805282 -0.1884581
vn -0.0864469 -0.9315747 0.3531227
v 0.3198195 0.1799096 -0.2629162
vn -0.0622571 -0.9838532 0.1678004
v 0.3407851 0.1827113 -0.2515349
vn -0.1823041 -0.9827335 0.0316240
v 0.3740584 0.1808777 -0.2207106
vn 0.0957819 -0.9855935 -0.1393964
v 0.4272228 0.1773256 -0.2673002
vn -0.0793024 -0.9512709 -0.2979848
v 0.4505484 0.1707589 -0.2304430
vn 0.2895643 -0.8743836 -0.3893658
v 0.4509998 0.1762134 -0.2462697
vn -0.0672513 -0.9972845 0.0300167
v 0.3765602 0.1802902 -0.2521246
vn 0.6451954 0.7622039 0.0526141
v -0.3736881 0.2238129 -0.3235241
vn -0.8366461 0.3051105 0.4548967
v 0.2930460 0.1884839 -0.2796212
vn 0.8285325 -0.2154414 -0.5168356
v 0.4417008 0.1920335 -0.2803085
vn 0.7700241 0.6377948 -0.0167548
v -0.3855426 0.2106787 0.2964497
vn 0.4313434 0.3659596 -0.8246312
v 0.2554795 0.2040650 -0.4570356
vn 0.9677940 -0.2338352 0.0932514
v -0.3610955 0.2047725 -0.1791619
vn -0.4982262 0.0732978 0.8639433
v 0.3927240 0.1917939 -0.1436819
vn 0.9815939 -0.0186498 0.1900677
v -0.3596614 0.1835497 -0.2038618
vn 0.1570804 0.3514038 0.9229524
v -0.1980703 0.1650306 -0.3751747
vn -0.8343931 0.4042144 0.3746985
v -0.4613196 0.2304981 0.2125781
vn -0.2082822 0.0877017 -0.9741288
v -0.1408434 0.1998000 0.3843876
vn 0.8649279 0.4961798 -0.0755334
v -0.4411733 0.1704631 0.0072689
vn -0.6653284 -0.4221939 0.6157032
v 0.3647286 0.1935849 -0.1633769
vn 0.6794406 0.7191780 -0.1454080
v 0.5020548 0.1872621 0.1484974
vn -0.4049778 0.2356057 0.8834495
v -0.3040754 0.1958286 0.4383706
vn 0.0956033 -0.6947353 -0.7128835
v 0.0818509 0.1895650 -0.5013843
vn 0.3121816 0.4368586 0.8436216
v 0.2279576 0.2010094 0.4625296
vn 0.9088465 -0.3214303 -0.2658584
v -0.3754165 0.2030910 0.1129077
vn -0.7776644 0.2722588 -0.5666685
v -0.4258166 0.2003424 -0.3126058
vn -0.3974340 0.1751598 -0.9007581
v 0.3893078 0.1799052 0.1769213
vn 0.8870863 0.0354417 -0.4602410
v 0.4263007 0.1943253 -0.3091488
vn -0.1762093 0.5562185 0.8121399
v 0.1847654 0.2002751 -0.3812692
vn -0.1951278 0.0817184 0.9773675
v 0.1434462 0.1855112 -0.3760358
vn -0.0490538 -0.2825812 -0.9579883
v 0.0433207 0.1917987 0.4021955
vn 0.7168456 0.2970003 -0.6308116
v 0.3900576 0.1895229 -0.3633832
vn -0.7891119 -0.3433969 -0.5092947
v 0.3122358 0.1977956 0.2397830
vn 0.0558478 -0.6475856 0.7599434
v 0.0196668 0.1978776 -0.4106964
vn 0.8206450 0.2741902 0.5013596
v 0.4568780 0.1777256 0.2713762
vn -0.7279848 -0.3549224 0.5865732
v 0.3021216 0.1862620 -0.2627992
vn 0.7741036 0.2392538 0.5861068
v 0.3990091 0.1952571 0.3474624
vn 0.8503729 0.5257729 -0.0207096
v 0.5063277 0.1847063 -0.1157041
vn -0.1102515 -0.9913073 0.0717953
v 0.0861573 0.1856781 -0.4493014
vn -0.7215009 0.5448771 -0.4272533
v 0.2672143 0.1768290 0.3233173
vn -0.2064636 0.9077657 -0.3651496
v 0.2132872 0.2083994 0.4352825
vn 0.3292614 0.4686747 0.8197140
v 0.2612596 0.2101983 0.4445955
vn 0.6961283 0.6538642 -0.2964238
v -0.3581600 0.1752855 0.3071725
vn 0.7948815 0.1591796 -0.5855128
v -0.3970328 0.1705677 0.0846770
vn -0.2434820 0.5922128 0.7681150
v 0.4669484 0.2051276 -0.1175669
vn -0.1140194 -0.9535008 0.2789908
v 0.0706981 0.1915071 -0.4206662
vn 0.8408834 -0.3750417 -0.3902037
v 0.4198025 0.1844681 -0.3223795
vn 0.3096005 0.8420421 0.4417156
v 0.4954484 0.1914661 -0.1021317
vn 0.9541441 0.2990135 0.0141457
v -0.3585594 0.1890733 -0.2286706
vn -0.3968873 -0.8534236 0.3378589
v 0.3270040 0.1893933 -0.2293725
vn 0.1679219 -0.9163437 0.3634784
v 0.0268488 0.1872205 -0.4274874
vn 0.5551018 0.7015711 0.4468335
v -0.3204361 0.1828002 -0.3376003
vn -0.0243975 -0.9951494 -0.0953019
v 0.0827683 0.1851693 -0.4804684
vn -0.3726563 -0.8937818 0.2495624
v 0.1118976 0.1865928 -0.3966966
vn -0.0019168 -0.6694366 -0.7428668
v 0.0913291 0.1903323 -0.4999946
vn -0.4162625 -0.5250732 0.7423098
v 0.1248305 0.1857132 -0.3834168
vn -0.5996668 0.4699398 -0.6477317
v -0.4065689 0.2232871 -0.3249407
vn -0.0004428 0.7073663 0.7068471
v -0.2397102 0.2119272 -0.4120522
vn -0.4602906 0.5099646 -0.7266833
v -0.3240937 0.1978670 -0.4085190
vn -0.5785138 0.2325045 0.7818335
v -0.3352586 0.1974185 0.4207355
vn 0.7926742 0.3144692 -0.5222803
v 0.4234581 0.2058014 -0.3089409
vn -0.3652852 0.2516630 0.8962324
v -0.2707029 0.2104271 0.4473260
vn 0.8901169 0.3869992 -0.2406732
v 0.4891905 0.1994568 -0.1841516
vn 0.0344441 0.0594786 -0.9976352
v 0.0536591 0.2044159 -0.5041827
vn 0.7431901 0.3484285 0.5711972
v -0.4144062 0.1741043 -0.0712246
vn 0.0093173 0.0391225 -0.9991910
v 0.0785244 0.2041382 -0.5052291
vn 0.0290032 0.9388187 0.3431884
v -0.2818220 0.2109332 -0.4042787
vn 0.6450029 0.1513957 0.7490332
v -0.3956775 0.1992581 -0.1014180
vn 0.8454745 -0.4176941 0.3327229
v -0.3602909 0.2222244 -0.1363892
vn -0.8760728 0.3718756 0.3069284
v -0.4784993 0.2178604 0.1853143
vn 0.6390698 0.4309478 -0.6370822
v -0.4477944 0.2152291 0.0635659
vn 0.0194340 0.0805230 -0.9965633
v 0.1508183 0.1854565 -0.5025116
vn -0.1236948 0.7981600 -0.5896103
v -0.2652344 0.2218165 0.4218313
vn -0.3766591 0.7939882 -0.4771904
v -0.2903282 0.2095896 -0.4199328
vn 0.6250263 -0.1653779 0.7628842
v -0.3722723 0.2229211 -0.1209241
vn 0.6495415 0.2938826 0.7012339
v 0.3673401 0.1901488 0.3874112
vn 0.3405163 0.3268048 -0.8816164
v 0.1985511 0.1998452 -0.4856202
vn 0.1575084 -0.4628116 0.8723512
v -0.0676675 0.1990949 -0.4054179
vn 0.1132426 0.9686326 0.2211949
v -0.3128074 0.2081911 -0.3896129
vn 0.0897265 -0.3753177 -0.9225431
v -0.1168818 0.2045728 0.3801742
vn -0.8142904 -0.3298899 0.4776021
v 0.3321706 0.2039511 -0.1996524
vn -0.5673053 -0.1627056 -0.8072742
v 0.3552020 0.1947997 0.1933264
vn -0.8294910 -0.3126658 0.4628010
v 0.3169187 0.1948075 -0.2333038
vn 0.7378210 0.6516238 -0.1760868
v 0.4953848 0.1996762 0.1626226
vn -0.0920434 0.7244803 -0.6831225
v 0.4818464 0.1903296 0.1440439
vn 0.2708344 0.3900596 0.8800581
v 0.1930452 0.1932580 0.4764125
vn -0.2694132 0.3763589 -0.8864370
v 0.4304806 0.1938563 0.1671070
vn 0.1654191 0.8897480 -0.4254235
v -0.3228820 0.2100174 0.3982095
vn -0.0135746 0.0732438 -0.9972216
v -0.0150670 0.1899813 -0.5078127
vn -0.2476886 0.5524946 -0.7958643
v 0.1497426 0.1576729 0.4011764
vn -0.4958868 -0.8260862 0.2677273
v 0.3547910 0.1888861 -0.1888874
vn 0.0348007 -0.5074725 -0.8609650
v 0.0507121 0.1935150 -0.5015110
vn -0.9062005 0.3012906 -0.2966895
v 0.2964021 0.1941676 0.2725304
vn -0.1415219 0.4409157 0.8863210
v -0.1776136 0.1921202 -0.3912168
vn 0.0689323 -0.3002350 0.9513713
v -0.1190363 0.2072254 -0.3840669
vn -0.0809655 0.6330785 -0.7698417
v -0.2383687 0.2173536 0.4158510
vn 0.1320671 0.0698825 -0.9887744
v 0.1681731 0.1774242 -0.5025972
vn 0.4899218 0.8490060 0.1979028
v -0.4883681 0.2195889 -0.0276833
vn 0.6986570 0.6333336 0.3328168
v -0.3393555 0.1801033 -0.3059126
vn -0.2687658 0.9465036 -0.1785945
v 0.2353902 0.2113138 0.4275137
vn 0.8689066 -0.2305534 0.4380028
v -0.3891940 0.1883140 -0.1098329
vn -0.2014970 -0.5737396 0.7938651
v 0.0870239 0.2016986 -0.3852398
vn -0.3834861 0.8346626 0.3953186
v -0.3297071 0.2143850 0.4180112
vn -0.4312340 0.3731482 0.8214607
v -0.2816926 0.2165281 0.4399933
vn -0.0307456 0.3600453 0.9324281
v 0.0428597 0.2205665 0.4923393
vn 0.0814028 0.2087953 0.9745656
v 0.1178287 0.2079909 -0.3840591
vn -0.4675234 0.3132902 0.8266022
v -0.3251953 0.2054986 0.4255296
vn -0.9248796 0.3802574 0.0014811
v -0.5241255 0.2039632 0.0017104
vn 0.1382443 0.5582163 -0.8180973
v 0.1296027 0.1936351 0.4319418
vn -0.7247509 -0.1009485 0.6815758
v 0.3462279 0.2341949 -0.1713670
vn 0.2664932 0.8562209 0.4425688
v 0.1831792 0.2111892 0.4665895
vn -0.9581365 0.0534171 -0.2812847
v 0.3068828 0.2055821 0.2485986
vn 0.9750799 0.0811100 0.2064955
v -0.3694358 0.2067689 0.1953742
vn 0.2462989 0.9282252 -0.2788097
v -0.3573846 0.2098694 0.3737321
vn -0.1054416 -0.4129191 -0.9046435
v 0.0187669 0.2153253 0.3964012
vn -0.7873018 0.6125146 -0.0705815
v -0.5152976 0.2183789 -0.0400510
vn 0.4183446 0.4038149 0.8135855
v -0.4271519 0.2207317 -0.0930768
vn 0.3542590 -0.0204394 -0.9349239
v 0.0446231 0.2099366 0.3999549
vn 0.9951977 -0.0728995 -0.0653244
v -0.3702154 0.1899551 0.1912356
vn 0.8549351 0.2593969 -0.4492207
v 0.4738608 0.1974867 -0.2289325
vn 0.5029678 0.4298785 0.7498186
v 0.3091443 0.2245841 0.4106934
vn 0.0600727 0.1200322 -0.9909508
v 0.1067360 0.2074084 -0.5034820
vn -0.4186369 0.0187854 0.9079595
v 0.3723018 0.2196027 -0.1577742
vn -0.9133374 0.2997777 0.2755871
v 0.3160181 0.2079536 -0.2417643
vn 0.8450354 0.1623302 -0.5094743
v 0.4520346 0.1997078 -0.2641471
vn -0.6785328 0.5311561 0.5074115
v -0.4320368 0.2269490 0.2763663
vn -0.2881633 0.4033214 0.8685009
v 0.4458498 0.2156992 -0.1308398
vn 0.0549184 -0.4895639 0.8702363
v -0.0244400 0.2453518 -0.3860934
vn -0.5518771 0.7289551 -0.4050386
v 0.2586338 0.2023920 0.3860689
vn 0.8850707 -0.1407168 -0.4436764
v -0.3869531 0.1787291 0.0986964
vn -0.7679343 0.4221501 0.4817325
v -0.4302383 0.2090008 0.2936296
vn 0.2982880 0.9438096 0.1422949
v -0.3386665 0.2117881 -0.3683257
vn -0.1551842 -0.4920107 0.8566466
v 0.0272708 0.2266077 -0.3932214
vn -0.1519689 -0.7360879 0.6596061
v 0.0439353 0.2023871 -0.4054405
vn 0.0835762 -0.6147883 -0.7842515
v -0.0445386 0.1909962 0.4169969
vn -0.7656723 0.3470495 0.5415742
v -0.3985498 0.1983181 0.3536741
vn 0.5236148 0.8514304 -0.0298980
v -0.3827256 0.2125503 0.3300630
vn -0.2320114 0.4552113 -0.8596240
v -0.2142813 0.2176427 0.4116807
vn 0.1046974 0.7443752 -0.6595030
v 0.4765759 0.2078532 0.1606250
vn 0.3068199 0.4772117 0.8234868
v 0.1567618 0.2064281 0.4832612
vn 0.3472420 0.2652537 -0.8994796
v 0.0743632 0.1854991 0.4105858
vn 0.2760679 0.9546214 -0.1117338
v -0.3739219 0.2108973 0.3525160
vn -0.4217805 0.7463712 -0.5148119
v -0.2651802 0.2166587 -0.4321036
vn 0.6835667 0.7265110 -0.0701310
v -0.4779375 0.2091044 0.0005937
vn -0.0998527 0.9168803 0.3864712
v 0.2605979 0.2197469 0.4352210
vn 0.4338596 0.6658674 0.6069485
v 0.1316879 0.2260501 0.4802354
vn -0.2885085 0.2293120 0.9296122
v 0.4142778 0.2190728 -0.1434419
vn -0.4087817 0.8978744 -0.1634600
v 0.2641701 0.2215091 0.4154331
vn -0.7765477 0.3806047 -0.5021095
v -0.4263072 0.2264681 -0.2960702
vn -0.8419667 -0.2975220 -0.4500807
v 0.3179703 0.2227867 0.2139895
vn 0.1656476 0.7607090 0.6276007
v 0.2893646 0.2278324 0.4222995
vn 0.2082528 0.0259521 0.9777307
v 0.0867083 0.2257728 -0.3808762
vn 0.4524395 0.1939538 -0.8704484
v -0.4181931 0.2230966 0.0849750
vn 0.5906664 0.3295655 -0.7365459
v 0.3358568 0.1967365 -0.4089930
vn 0.2730546 0.7358528 -0.6196465
v 0.1350047 0.2244167 0.4557947
vn -0.2113660 0.8743532 -0.4368419
v -0.3674705 0.2187198 -0.3612101
vn 0.5004239 0.3538930 -0.7901492
v 0.2786503 0.2186934 -0.4355587
vn -0.9367741 0.1397880 0.3208014
v 0.3264579 0.2165821 -0.2127659
vn 0.1938513 0.4272803 0.8830930
v 0.1042788 0.2233500 0.4921937
vn -0.3051431 0.9035096 0.3009288
v -0.2957135 0.2170142 0.4305181
vn 0.4632125 0.8770065 0.1276471
v -0.3504815 0.2142080 -0.3530698
vn 0.1864519 0.3758096 -0.9077461
v 0.1433749 0.2260633 -0.4917582
vn -0.0168306 0.9278811 -0.3724964
v -0.2939842 0.2164250 0.4158810
vn 0.1375568 0.8987390 -0.4163490
v 0.1725220 0.2136687 0.4535914
vn 0.3243787 0.6851466 0.6521906
v 0.4786981 0.2173723 -0.1264389
vn -0.0774070 -0.4332924 -0.8979231
v -0.1034257 0.2293580 0.3686428
vn -0.3255651 0.8883029 0.3239220
v -0.3502656 0.2119920 0.3988679
vn 0.6566349 0.5935764 -0.4652931
v -0.4562332 0.2026018 0.0413388
vn -0.2840770 0.8155869 -0.5041016
v -0.3561722 0.2123070 -0.3769102
vn -0.5144356 0.8562397 -0.0470064
v -0.5134897 0.2216049 -0.0054206
vn 0.0204311 0.8988184 0.4378449
v 0.2437889 0.2131114 0.4470542
vn -0.1609435 0.9268230 -0.3392584
v -0.3234148 0.2079061 -0.3959652
vn -0.4626811 0.7951380 0.3920227
v -0.3880006 0.2088895 0.3591851
vn 0.4575897 0.4592001 -0.7614111
v 0.0987717 0.2328729 0.4433778
vn 0.4021257 0.9102840 0.0983771
v -0.3921726 0.2177061 0.3187475
vn -0.1809023 0.9720193 0.1498426
v -0.2721772 0.2148453 -0.4191195
vn -0.2652326 0.7287440 0.6313350
v -0.2253157 0.2249636 -0.4226574
vn 0.5121514 -0.1181085 -0.8507358
v -0.3756727 0.2242479 0.1041594
vn -0.3273348 0.9144319 -0.2380466
v -0.2448787 0.2239211 -0.4334349
vn -0.7887020 0.6133996 -0.0411138
v -0.5023212 0.2295450 -0.0730276
vn -0.3824307 0.3104741 -0.8702601
v -0.1747198 0.2366715 0.4071274
vn -0.4752133 0.8798637 -0.0034963
v 0.2900881 0.2347671 0.3966451
vn -0.6974123 0.5520060 0.4570620
v -0.4327221 0.2365567 0.2636028
vn -0.9661437 0.0294915 0.2563137
v 0.3417924 0.2527774 -0.1788202
vn 0.7919260 0.4300157 -0.4335203
v 0.4336945 0.2601941 -0.2485805
vn 0.1768288 -0.3194541 -0.9309568
v 0.0209449 0.2325842 0.3886027
vn 0.8539499 0.4419562 0.2746712
v 0.4705186 0.2251002 0.2094958
vn -0.8414393 0.5365609 0.0638930
v -0.5128027 0.2272424 0.0397879
vn -0.2002299 0.0476518 0.9785895
v 0.3909203 0.2501473 -0.1542483
vn 0.1811459 0.6527344 -0.7356114
v 0.4642394 0.2210679 0.1731542
vn 0.6598812 0.4763885 -0.5810429
v 0.3707596 0.2575527 -0.3379939
vn 0.9807130 0.0981777 -0.1690070
v -0.3619244 0.2196254 -0.1966991
vn -0.8564783 0.4498436 -0.2531515
v -0.4841255 0.2234407 -0.1584279
vn -0.5500239 -0.3013648 -0.7788794
v 0.3213481 0.2419972 0.1965526
vn 0.9563466 -0.2862663 0.0587612
v -0.3634686 0.2267902 0.1565942
vn -0.9004869 0.3656457 0.2354286
v -0.4976814 0.2154337 0.1119130
vn -0.0263504 0.9229862 0.3839299
v -0.4085313 0.2280866 0.2977673
vn -0.3330969 0.8470330 0.4142241
v -0.4057700 0.2204764 0.3193136
vn -0.1946785 0.9736147 0.1190580
v -0.5041688 0.2250019 -0.0342198
vn -0.0406879 0.3365700 -0.9407790
v 0.0132480 0.2191219 -0.5008014
vn 0.4842821 0.8746537 -0.0212560
v 0.1334986 0.2310258 0.4670692
vn -0.4692722 0.6631343 0.5831266
v 0.2592064 0.2101731 -0.3585297
vn 0.4168678 0.7824502 -0.4625936
v -0.4876806 0.2325561 0.0417121
vn -0.6674175 0.6942291 -0.2694436
v 0.2987274 0.2292674 0.3656991
vn -0.3602491 0.0602595 0.9309078
v -0.1308710 0.2196551 -0.3848104
vn -0.4723892 0.8200770 0.3229895
v -0.2726372 0.2279620 0.4402337
vn 0.7694206 0.5770548 0.2738609
v -0.4023831 0.2379887 0.2567775
vn -0.4692287 0.6120101 0.6366068
v -0.2531573 0.2316066 0.4493881
vn 0.6232550 0.5604863 -0.5453516
v 0.3840839 0.2898099 -0.2956675
vn -0.1493367 0.0608138 -0.9869145
v 0.3743044 0.2358267 0.1868481
vn 0.6986747 0.6542380 -0.2895275
v -0.4868945 0.2233771 0.0254385
vn -0.5836955 0.7958398 -0.1610544
v -0.5144575 0.2250421 0.0136898
vn -0.2352159 0.3851515 -0.8923743
v -0.1761271 0.2075344 0.3965421
vn -0.8384602 0.3782842 -0.3922825
v -0.4496482 0.2235259 -0.2542650
vn -0.3632616 0.3612640 0.8587953
v -0.2245754 0.2448820 0.4566473
vn -0.7886375 0.6133100 0.0436089
v -0.5048009 0.2377815 0.0595954
vn -0.0942542 0.6509587 0.7532390
v -0.4717141 0.2533562 -0.0904821
vn 0.7621821 0.3753084 0.5274677
v 0.4107586 0.2299126 0.3112040
vn -0.5644435 0.7882730 0.2450090
v -0.2039998 0.2468858 -0.4340273
vn -0.4805507 0.0180902 -0.8767804
v -0.1349111 0.2326145 0.3847904
vn -0.3742675 0.4359129 -0.8184764
v -0.1842983 0.2468180 -0.4535683
vn 0.0294844 0.7408863 -0.6709830
v -0.4774247 0.2517879 0.0703992
vn -0.5406846 0.7114605 -0.4488698
v -0.2073152 0.2438824 -0.4423143
vn 0.3787632 0.6034769 -0.7016795
v 0.2807809 0.2477573 -0.4215831
vn 0.0675300 0.4473888 0.8917864
v 0.4579025 0.2433581 -0.1394496
vn 0.7675416 0.6327666 -0.1024029
v 0.4533984 0.2518771 0.2020438
vn 0.9162290 0.1718373 -0.3619343
v -0.3717118 0.2517075 -0.2121362
vn 0.4234614 0.5875065 -0.6895772
v 0.4534599 0.2425494 0.1865778
vn 0.8580546 0.2869139 0.4259374
v -0.3822354 0.2315235 0.2091725
vn -0.8407561 0.5328448 -0.0959462
v 0.3149314 0.2338348 0.3208152
vn -0.9239159 0.3825878 0.0024602
v 0.3102292 0.2218678 0.2726063
vn -0.2659346 0.9013498 -0.3418293
v -0.4988949 0.2395393 0.0511888
vn -0.5863964 0.7074128 0.3945967
v 0.3051687 0.2471955 -0.3596968
vn -0.8692995 0.4840465 0.1000865
v 0.3258436 0.2356267 -0.2643683
vn 0.7002895 0.6915950 -0.1768926
v 0.4746545 0.2222298 0.1871552
vn -0.0173683 0.4134661 0.9103539
v 0.0174556 0.2487387 0.4807497
vn 0.4156115 0.7570988 0.5040522
v -0.4794139 0.2316986 -0.0654696
vn -0.0467824 0.9595181 0.2777345
v -0.4945130 0.2301032 -0.0498841
vn -0.5459492 0.8208063 -0.1679776
v -0.2270950 0.2316920 -0.4374859
vn -0.3389894 0.8218339 -0.4579031
v -0.2491580 0.2335544 0.4325643
vn -0.4515050 0.8915911 0.0347663
v 0.2836715 0.2305443 0.4051844
vn 0.3236756 0.9392386 -0.1143023
v -0.4948747 0.2213467 0.0003700
vn -0.7531772 0.5982870 0.2734534
v 0.3214310 0.2473389 -0.3245560
vn 0.1714661 -0.5576916 0.8121451
v -0.0783733 0.2594877 -0.3608074
vn -0.8414123 0.5094312 0.1802921
v 0.3402515 0.2783828 0.3110641
vn -0.7829207 0.6084314 0.1297945
v -0.4849564 0.2519467 -0.1010042
vn -0.7233022 0.6840158 -0.0946380
v -0.4870826 0.2553727 0.0825785
vn -0.4998499 0.5858105 0.6379468
v -0.2083064 0.2641071 0.4544196
vn -0.3908053 0.6803715 0.6199725
v -0.4242510 0.2439460 0.2640564
vn -0.4112998 0.2678633 0.8712530
v -0.1499963 0.2238552 -0.3954522
vn 0.6571971 -0.3493514 -0.6678666
v -0.3615988 0.2371618 0.1099948
vn 0.3225188 0.7343988 -0.5971935
v 0.2971013 0.2536915 -0.4101107
vn -0.2560878 0.3102476 0.9155138
v -0.1766199 0.2523412 0.4696770
vn 0.2325505 0.9074721 -0.3498781
v 0.2610428 0.2544885 -0.4253509
vn -0.5414826 0.5159962 0.6637353
v -0.1866711 0.2517712 -0.4232728
vn 0.2897137 0.0614779 0.9551369
v -0.3900824 0.2406811 -0.1130509
vn -0.0767170 0.3772716 -0.9229196
v -0.0374265 0.2329179 -0.4902419
vn -0.0441063 0.3463207 -0.9370788
v 0.4364051 0.2241677 0.1767439
vn 0.4508267 0.4247212 -0.7850906
v -0.4541391 0.2369732 0.0718633
vn -0.2512070 0.7296088 0.6360551
v 0.2591979 0.2426226 -0.3937224
vn 0.4550380 0.5876695 0.6690180
v 0.3445767 0.2459107 0.3717697
vn 0.5800592 0.8102660 0.0836692
v 0.1090235 0.2495534 0.4674255
vn 0.4302827 0.7289098 -0.5324917
v 0.3463574 0.2633060 -0.3604668
vn 0.6355650 0.4789126 -0.6055576
v 0.0927308 0.2531511 0.4519952
vn -0.1392163 -0.3496368 0.9264842
v -0.0998226 0.2395939 -0.3669050
vn 0.2168801 -0.5973662 0.7720859
v -0.0464224 0.2686752 -0.3684501
vn -0.0185297 0.4483800 -0.8936510
v 0.0373950 0.2596363 -0.4843769
vn 0.7217264 0.5209385 0.4557786
v 0.4699182 0.2466644 -0.1476458
vn 0.5596266 0.7941067 -0.2370922
v -0.3945695 0.2453530 -0.2957899
vn 0.9507530 -0.2859359 -0.1196216
v -0.3501748 0.2413126 -0.1513215
vn 0.9626851 -0.1239719 0.2405583
v -0.3621518 0.2391159 0.1630160
vn -0.7653516 0.6384568 0.0813018
v 0.3404560 0.2674603 -0.3096386
vn -0.9942093 0.1064544 0.0146772
v 0.3127006 0.2400629 0.2345545
vn 0.2783172 -0.5280062 0.8023398
v -0.0844994 0.2193454 -0.3880393
vn -0.1037685 0.3668276 -0.9244835
v -0.0782469 0.2255492 -0.4904717
vn -0.1497300 0.8296692 -0.5378011
v -0.4022359 0.2425697 -0.3103032
vn -0.0065484 0.9009427 -0.4338888
v -0.3802787 0.2258673 -0.3370968
vn 0.1377811 0.8351948 0.5324153
v -0.4136545 0.2402138 0.2713942
vn -0.4249876 0.8047287 0.4144842
v 0.2828178 0.2504355 -0.3908683
vn 0.9062149 0.3781006 -0.1892472
v -0.3739314 0.2278428 -0.2427732
vn -0.0369663 -0.3190678 0.9470107
v 0.0545025 0.2497846 -0.3740961
vn 0.1249329 0.8393156 0.5290946
v 0.3107848 0.2393645 0.3978915
vn -0.3174931 0.9428679 0.1009869
v 0.3162135 0.2467262 0.3766339
vn 0.3572831 -0.3912914 0.8480801
v -0.3499169 0.2618202 -0.1187055
vn 0.0224048 0.7095230 0.7043260
v 0.1971139 0.2579742 -0.4217939
vn -0.9527621 0.2987521 0.0546969
v 0.3385325 0.2556340 -0.2132702
vn 0.4072745 0.6601865 -0.6310954
v 0.2006451 0.2637800 -0.4534648
vn 0.7478828 -0.5623649 0.3527279
v -0.3422285 0.2606255 -0.1257673
vn 0.8913715 -0.3157406 -0.3252148
v -0.3419440 0.2647586 -0.1477449
vn 0.6525908 -0.0036198 -0.7577019
v 0.0353921 0.2454412 0.3963788
vn 0.6007553 0.2428709 -0.7616474
v 0.0739154 0.2336296 0.4263519
vn 0.7887866 0.4161739 0.4523439
v 0.4327684 0.2456729 0.2635702
vn 0.4669071 0.5627936 0.6821005
v 0.0709219 0.2778676 0.4644607
vn -0.8335356 0.4778242 0.2773129
v -0.4625053 0.2544797 0.1758626
vn -0.4669922 0.8756066 0.1234157
v 0.3162366 0.2584310 -0.3660710
vn 0.2701829 0.4033076 0.8742678
v 0.4502007 0.2690437 -0.1511158
vn -0.1154182 0.3735501 0.9204016
v -0.1342103 0.2644363 0.4730531
vn -0.0008639 0.3684992 0.9296277
v -0.4564408 0.2703394 -0.1015095
vn 0.8920620 -0.0811602 -0.4445655
v -0.3575751 0.2672634 -0.1798494
vn -0.9055023 -0.2083809 -0.3696526
v 0.3099723 0.2694456 0.1966687
vn -0.0589687 0.8173738 0.5730819
v 0.2275649 0.2557087 -0.4160573
vn -0.3030909 -0.2162710 -0.9280964
v 0.3183435 0.2749578 0.1887730
vn 0.0203968 0.3928232 0.9193878
v -0.0334366 0.2274202 0.4893656
vn 0.3978813 0.7180839 -0.5710045
v 0.2312536 0.2559460 -0.4415350
vn 0.8910928 -0.4497272 0.0608204
v -0.3521777 0.2439199 0.1292273
vn -0.5749354 0.6980579 0.4268071
v -0.2283823 0.2506260 0.4503751
vn -0.5314038 0.7696890 -0.3538205
v -0.2365475 0.2452019 0.4385176
vn 0.6780173 0.4041214 0.6139857
v 0.3804664 0.2318381 0.3490604
vn 0.5979543 0.6085826 -0.5216109
v 0.3957821 0.3112772 -0.2621685
vn 0.3377743 0.8043581 -0.4887911
v 0.3210857 0.2572503 -0.3876464
vn 0.3698349 0.6862594 0.6263148
v 0.1025161 0.2490777 0.4744267
vn -0.0684922 0.9972312 -0.0289634
v 0.2818206 0.2557326 -0.4062588
vn 0.8450732 0.0514874 0.5321657
v -0.3627592 0.2614869 0.1664294
vn -0.6593299 0.7437139 0.1103348
v 0.3371167 0.2666994 -0.3208430
vn -0.4448185 0.5204503 -0.7288814
v -0.1553603 0.2923352 -0.4430160
vn 0.8406187 -0.5399608 -0.0424578
v -0.3374431 0.2648380 0.1163378
vn -0.7692577 0.5378830 -0.3448546
v -0.4307272 0.2634875 -0.2504351
vn 0.4456502 -0.2860855 -0.8482635
v 0.0157276 0.2647967 0.3730730
vn 0.2724369 0.9613195 0.0405341
v 0.2143404 0.2661386 -0.4363722
vn 0.3061422 -0.6478806 0.6975155
v -0.0594440 0.2738723 -0.3582391
vn -0.6169766 0.2487723 -0.7466273
v -0.1789007 0.2792064 0.4225704
vn 0.2681492 0.5963126 0.7566422
v 0.3518440 0.2620402 0.3552188
vn 0.0825757 0.4542135 0.8870578
v 0.0608540 0.2710297 0.4708180
vn 0.0148951 -0.5672445 0.8234147
v -0.0055458 0.2748274 -0.3690597
vn -0.0575468 0.7004948 0.7113336
v -0.4204914 0.2773887 0.2279731
vn 0.4172406 0.0288461 0.9083381
v 0.0718286 0.2537310 -0.3774139
vn -0.7693959 0.5590455 -0.3090277
v -0.4438601 0.2914104 -0.1603390
vn 0.2158500 0.0408206 -0.9755729
v -0.4235113 0.2587542 0.0882918
vn 0.6795352 0.2490723 0.6900688
v -0.3999589 0.2881190 0.2083913
vn 0.1816272 0.4439716 0.8774399
v 0.1457194 0.2407936 -0.4065656
vn 0.1827105 0.5816897 0.7926248
v 0.1739901 0.2631306 -0.4239381
vn -0.7132939 0.6530549 -0.2544231
v -0.2005788 0.2735665 0.4416447
vn 0.0707659 0.4051739 -0.9114968
v 0.0972851 0.2356575 -0.4936423
vn -0.8604245 0.4633367 -0.2121055
v -0.4740627 0.2660095 -0.1219235
vn 0.8888181 0.4525075 -0.0723839
v 0.4737255 0.2430442 -0.1620179
vn -0.1877537 0.9723251 -0.1390411
v 0.3312509 0.2665172 -0.3579770
vn -0.0680204 0.4498446 -0.8905128
v -0.0186740 0.2601188 -0.4792733
vn -0.7305214 0.5242569 -0.4375994
v -0.4256925 0.2563605 -0.2708519
vn -0.3398817 0.7458915 -0.5728232
v -0.4161069 0.2558619 -0.2842567
vn 0.3829822 0.8040343 -0.4548116
v -0.4039690 0.2620245 -0.2706351
vn 0.1696526 0.9614354 0.2164719
v 0.2266008 0.2603453 -0.4256808
vn -0.3402041 -0.4477563 -0.8269073
v -0.0988876 0.2604559 0.3504473
vn 0.1769665 -0.6794674 -0.7120442
v -0.0787353 0.2669795 0.3462251
vn -0.6866875 0.6670956 -0.2888663
v -0.1873795 0.2609765 -0.4417442
vn 0.0804428 0.0549635 -0.9952427
v 0.3915263 0.2801426 0.1901645
vn 0.1804966 0.8366620 0.5171245
v 0.3358344 0.2481792 0.3748499
vn -0.5876392 0.8089775 0.0153451
v 0.3183160 0.2487167 0.3584784
vn -0.1266851 0.4475062 -0.8852622
v -0.0886810 0.2654321 -0.4710415
vn 0.4883929 0.6851896 0.5403588
v 0.3661022 0.2900877 0.3224757
vn -0.4608462 0.5240980 0.7161997
v -0.1776241 0.2975643 0.4515043
vn 0.2028138 -0.5724272 -0.7944770
v -0.0515154 0.2459137 0.3786139
vn 0.8202023 0.5173770 0.2441092
v 0.4530461 0.2497894 0.2195347
vn -0.6332629 -0.1051545 -0.7667599
v -0.1221261 0.2518813 0.3750130
vn -0.9628134 -0.0731975 0.2600625
v 0.3094701 0.2860660 0.2066834
vn -0.5130802 0.6964074 -0.5017624
v -0.4726662 0.2703674 0.0884132
vn -0.7481996 -0.1736222 0.6403536
v 0.3457179 0.2791229 -0.1629937
vn 0.4877879 0.2585594 0.8337926
v 0.1022980 0.2652225 -0.4004929
vn -0.2804163 -0.1227954 0.9519916
v 0.3609921 0.2654358 -0.1594152
vn -0.5612660 -0.4272402 -0.7088345
v -0.0919915 0.2843643 0.3347420
vn 0.6184523 0.5547008 0.5566182
v 0.3782743 0.3014103 0.2958503
vn 0.1307981 0.2253312 -0.9654624
v 0.4145138 0.2699263 0.1904871
vn -0.0377236 -0.0202481 0.9990831
v 0.4124497 0.2865807 -0.1503515
vn 0.8020891 0.5426841 0.2492933
v 0.4510836 0.2860173 -0.1626780
vn -0.5067450 0.4077050 -0.7595962
v -0.1952515 0.2631323 0.4283491
vn 0.3641562 0.8729531 0.3245663
v 0.1909285 0.2722182 -0.4377736
vn 0.7094165 0.5852238 -0.3927358
v -0.3958030 0.2613728 -0.2597625
vn 0.7817994 0.2092490 -0.5873710
v -0.3848351 0.2855220 -0.2239033
vn -0.3986547 0.7908701 0.4643264
v 0.3368171 0.2600098 0.3536659
vn 0.2998302 0.4972437 -0.8141563
v 0.1779899 0.2695898 -0.4600886
vn -0.7449076 0.6671650 -0.0018965
v 0.3245394 0.2523043 0.3432978
vn -0.0294293 0.7752241 0.6310005
v 0.3545696 0.2849717 0.3374451
vn 0.6491228 0.5604538 -0.5143258
v 0.4375551 0.2691601 0.1984607
vn 0.3286570 -0.6349493 -0.6991594
v -0.0465641 0.2873144 0.3481024
vn 0.8341183 0.4491498 -0.3201737
v 0.4482272 0.2608876 -0.2159649
vn 0.7498428 0.6489826 -0.1286751
v 0.0844158 0.2671636 0.4559667
vn 0.7901209 0.1771376 -0.5867975
v 0.0578131 0.2849588 0.4257171
vn -0.9524206 0.0836676 0.2930782
v 0.3161832 0.2723570 0.2265732
vn -0.7148673 0.6021216 0.3555480
v -0.4730524 0.2712555 -0.1078486
vn -0.2395475 0.3848916 -0.8913336
v -0.1358898 0.2392417 -0.4740850
vn 0.6779550 0.5578304 0.4787509
v -0.4109762 0.2606528 0.2395615
vn 0.3914859 0.7481075 -0.5357928
v 0.1441205 0.2953970 -0.4536818
vn 0.1657881 -0.3192218 0.9330658
v 0.0443426 0.2720266 -0.3655015
vn 0.7992180 -0.2644040 0.5397602
v -0.3430813 0.2783490 0.1371875
vn 0.4367545 -0.8059390 0.3996346
v -0.3124317 0.2954248 -0.1077172
vn -0.0384908 0.8460052 -0.5317836
v 0.3621933 0.2861257 -0.3218108
vn -0.3116314 0.3718814 -0.8744085
v -0.4502124 0.2911803 0.0904680
vn 0.6556161 -0.0066482 0.7550652
v -0.3799643 0.3118404 0.1860736
vn -0.9762247 0.1570943 -0.1493545
v 0.3445034 0.2853664 -0.1999740
vn -0.0006457 0.4421706 0.8969308
v -0.1037572 0.2860106 0.4663428
vn -0.2280712 0.7824896 -0.5793908
v -0.4150898 0.2801627 -0.2506702
vn 0.4367211 0.8342965 -0.3364879
v 0.1770393 0.2809959 -0.4516161
vn 0.5786764 0.5083651 -0.6377292
v -0.3944769 0.2842708 -0.2380245
vn -0.6015686 0.0931586 0.7933705
v -0.1388540 0.2679057 -0.3966776
vn -0.8014970 0.5977635 -0.0167727
v -0.1717987 0.2818928 -0.4324848
vn 0.3284308 -0.5333483 -0.7795338
v -0.3379985 0.2792294 0.1021247
vn 0.0404718 -0.1334896 0.9902235
v -0.3975758 0.2862097 -0.1103610
vn 0.0215213 0.2911153 -0.9564459
v -0.4503697 0.2742750 0.0851548
vn 0.8830200 0.4692903 -0.0065052
v 0.0709182 0.2897769 0.4505704
vn 0.1604955 -0.1736871 -0.9716347
v -0.3928104 0.2766830 0.0942943
vn -0.0004154 0.8218588 -0.5696911
v 0.3574781 0.2766409 -0.3312040
vn -0.7545119 0.3309187 0.5667492
v -0.1646271 0.2859042 -0.4221286
vn 0.0478911 0.5259615 -0.8491591
v 0.0936946 0.3104149 -0.4542766
vn 0.0487357 0.4771738 0.8774565
v -0.0475272 0.2944781 0.4548488
vn -0.0888147 0.1397727 0.9861925
v 0.4277128 0.2620566 -0.1493758
vn -0.2811705 0.9533446 -0.1098967
v 0.3421080 0.2695780 -0.3398470
vn 0.0015369 0.0318823 0.9994905
v -0.4268782 0.2924917 -0.1081330
vn -0.7177560 0.3840204 0.5808225
v 0.3470709 0.3193940 0.2787842
vn 0.2364972 -0.7477800 -0.6203984
v -0.0642931 0.3287954 0.2852493
vn -0.9288308 0.2574374 0.2664572
v 0.3321506 0.2821690 0.2690815
vn -0.4884847 -0.2555440 0.8343141
v -0.0973225 0.2639612 -0.3610784
vn -0.0650053 0.5166527 -0.8537238
v -0.0438218 0.2988089 -0.4571292
vn -0.3388229 -0.5827945 0.7386132
v -0.0803735 0.2864448 -0.3373982
vn -0.8174918 0.5640140 -0.1165998
v -0.4481767 0.3072943 0.1011477
vn 0.0362222 -0.0431251 -0.9984128
v -0.4193227 0.2939416 0.0886287
vn -0.6263320 0.5938570 0.5050169
v -0.4275933 0.2854443 0.2149426
vn 0.0662006 -0.4939612 0.8669602
v -0.3385776 0.2851096 -0.1089681
vn 0.7772160 -0.5189862 -0.3557929
v -0.3184304 0.2907564 -0.1239080
vn -0.8623231 0.4921961 -0.1189199
v -0.1831912 0.2995368 0.4373725
vn 0.6627152 -0.4578535 0.5926034
v -0.3161724 0.3011010 0.1185879
vn -0.1475152 -0.3469081 -0.9262257
v 0.3138967 0.3045660 0.1814099
vn -0.3960982 -0.3530889 0.8476052
v 0.3463252 0.3090844 -0.1541442
vn -0.0440133 0.5590202 -0.8279851
v 0.0182880 0.3239084 -0.4456046
vn 0.8442661 0.5356503 -0.0171339
v 0.4260546 0.2919164 0.2132490
vn -0.9904950 -0.0592365 -0.1241398
v 0.3403248 0.3015453 -0.1767662
vn 0.3081547 -0.4872688 0.8170739
v 0.0241863 0.3063814 -0.3450374
vn 0.4584388 -0.4207973 -0.7827922
v 0.0030913 0.2880550 0.3595170
vn -0.7216358 0.6778936 -0.1403644
v 0.3558657 0.2899100 -0.2846461
vn 0.4452612 0.7949580 0.4120489
v 0.1583072 0.2866504 -0.4360596
vn 0.0846149 0.8826800 -0.4622947
v 0.3739693 0.2954560 -0.2981918
vn -0.6371185 0.5535313 0.5363610
v -0.4566869 0.2976004 -0.1121150
vn 0.7888087 0.5038307 0.3520449
v 0.4222842 0.2879247 0.2339155
vn 0.2088885 -0.7498204 0.6278017
v -0.0642328 0.3007508 -0.3228483
vn 0.1660482 0.5533282 -0.8162450
v 0.1076831 0.3111715 -0.4524595
vn -0.8259168 0.3270504 -0.4592381
v -0.1719915 0.3099694 0.4261460
vn -0.9098062 0.3352455 -0.2446695
v 0.3577737 0.3075417 -0.2315807
vn -0.7623455 0.0845778 -0.6416199
v -0.1627715 0.3131590 0.4155715
vn -0.9174519 -0.2836011 -0.2790208
v 0.3059391 0.2874996 0.1934967
vn 0.5369563 0.5738948 0.6183226
v 0.0555521 0.3130681 0.4499844
vn 0.9267254 0.2480329 -0.2822408
v 0.0574450 0.3110515 0.4325717
vn 0.8097706 0.0873460 -0.5802089
v -0.3740489 0.2974199 -0.2054483
vn -0.4869172 -0.6674606 -0.5633898
v -0.0757867 0.3314925 0.2832915
vn -0.0113213 -0.4456946 -0.8951135
v -0.3644520 0.3028042 0.0877969
vn 0.1184547 -0.7201263 -0.6836568
v -0.3224029 0.3101695 0.0813849
vn -0.8145717 0.0216832 0.5796574
v -0.1407481 0.3184436 -0.3997886
vn 0.6478767 0.2288273 -0.7265630
v -0.3842047 0.3017943 -0.2171592
vn 0.8260759 0.5403696 0.1599983
v 0.4342318 0.3122725 -0.1676550
vn -0.8256371 0.5562749 0.0942428
v -0.4671901 0.2805658 0.1040069
vn 0.3660376 -0.7020000 0.6109112
v -0.0373135 0.3273667 -0.3109348
vn 0.4958633 0.3468666 0.7961176
v 0.1278701 0.2947352 -0.4252185
vn -0.5033919 -0.5314198 -0.6813147
v -0.0825705 0.3001744 0.3159322
vn -0.2161447 0.7078063 -0.6725265
v -0.4042510 0.2987410 -0.2272940
vn 0.0927716 0.5886229 -0.8030669
v -0.3946822 0.3088139 -0.2214897
vn 0.6519251 -0.7541838 0.0787424
v -0.2961509 0.3077600 -0.1020658
vn 0.3568066 0.2283479 0.9058401
v 0.4271825 0.2968459 -0.1515277
vn 0.1567021 0.5032910 0.8497898
v -0.4074961 0.3014175 0.2099545
vn -0.3921162 0.5160798 -0.7615159
v -0.1376125 0.3264390 -0.4290166
vn 0.6937851 -0.7144504 -0.0906802
v -0.3204865 0.2859947 0.1082378
vn -0.6397216 0.7020266 -0.3129137
v 0.3666031 0.3027229 -0.2744662
vn 0.4050131 0.1225502 0.9060607
v 0.4185945 0.3112073 -0.1500175
vn -0.8558491 0.5072687 -0.1009990
v 0.3544630 0.2899577 -0.2646744
vn -0.7828394 0.6206675 0.0439822
v -0.4263267 0.3361839 -0.1190003
vn -0.3062814 0.1412899 -0.9413973
v -0.4217927 0.3197305 0.0877431
vn -0.8350993 -0.1125692 0.5384584
v 0.3140130 0.3292355 0.2228163
vn 0.6711346 -0.0389003 0.7403142
v 0.0597274 0.3098882 -0.3698784
vn -0.8752246 0.4805518 -0.0552428
v -0.1516819 0.3133863 -0.4222788
vn -0.5512330 -0.6166454 0.5620416
v -0.0751952 0.3092570 -0.3148015
vn -0.6324270 0.6289919 0.4521122
v -0.1680360 0.3233117 0.4371805
vn -0.2794763 0.7940843 0.5397435
v 0.3559037 0.2969065 0.3127826
vn 0.1820084 -0.2027592 -0.9621651
v 0.3542934 0.3199426 0.1814460
vn -0.7870927 -0.2055390 0.5815830
v -0.1087149 0.3191824 -0.3615187
vn -0.6350392 0.2770648 0.7210828
v 0.3393342 0.3393936 0.2643066
vn 0.0963891 -0.7896394 0.6059528
v -0.0653322 0.3131372 -0.3044356
vn 0.5522668 0.2397606 -0.7984461
v 0.4118048 0.3026941 0.1957581
vn -0.0493874 0.4656599 0.8835846
v -0.0104616 0.2838281 0.4615311
vn -0.8506457 0.0113763 0.5256163
v 0.3289092 0.3458042 0.2484678
vn -0.1508672 -0.2216485 0.9633852
v -0.4053789 0.3183484 -0.1044756
vn 0.6847872 0.3446434 0.6420962
v 0.1077373 0.3181496 -0.4199222
vn 0.7533374 0.4698979 0.4600856
v 0.0515931 0.3294053 0.4375561
vn 0.5600519 0.6366383 0.5301260
v 0.1331573 0.2994390 -0.4312230
vn 0.4019623 -0.6890058 -0.6030732
v -0.0361618 0.3335339 0.3045844
vn 0.7933161 0.5728956 0.2060105
v 0.3937543 0.3441567 0.2182899
vn 0.8188618 -0.0886335 -0.5671063
v 0.0217661 0.3019066 0.3778692
vn -0.6698722 0.5725819 0.4726747
v -0.4176574 0.3172995 0.1906774
vn 0.6062043 -0.7856107 -0.1238234
v -0.3026479 0.2999794 0.0999934
vn -0.1715356 -0.6454372 0.7443026
v -0.3292627 0.3116607 -0.0919905
vn 0.0011281 0.4903048 0.8715504
v 0.0355048 0.3241701 0.4449474
vn -0.7925023 0.5855262 -0.1705848
v -0.4540600 0.3005455 -0.1235055
vn -0.6068584 0.6851960 -0.4027772
v -0.4159789 0.2949045 -0.2240301
vn -0.5383281 0.3470962 0.7679369
v -0.4334993 0.3204705 -0.1097756
vn -0.0493808 -0.1669275 0.9847319
v 0.3888181 0.3015489 -0.1506748
vn -0.9342355 -0.2818796 0.2185132
v 0.3379506 0.3151563 -0.1598044
vn 0.0016020 -0.5183129 -0.8551896
v 0.3038152 0.3254833 0.1732807
vn 0.0185003 0.4313379 0.9020008
v -0.4011512 0.3210304 0.1984736
vn 0.7995681 -0.1487725 -0.5818571
v -0.3485135 0.3002560 -0.1712713
vn 0.6251166 0.4011545 0.6695553
v 0.4116063 0.3329629 -0.1511815
vn 0.0330863 0.6454099 0.7631195
v 0.3601551 0.3367706 0.2763998
vn 0.7807769 0.4490026 -0.4344930
v 0.4038322 0.3295063 0.1984520
vn -0.1635627 -0.5994120 -0.7835513
v -0.3565631 0.3207923 0.0756742
vn -0.6431081 0.4960505 -0.5833917
v -0.4404092 0.3155014 0.0939181
vn 0.0344360 -0.3416312 0.9392030
v 0.3655950 0.3297756 -0.1433067
vn 0.4957644 0.7646497 -0.4117383
v 0.1240099 0.3097885 -0.4480398
vn -0.0183414 -0.8729432 -0.4874770
v -0.3194915 0.3269623 0.0585341
vn 0.4282698 -0.7921578 -0.4348231
v -0.3009886 0.3258573 0.0704598
vn 0.4367382 0.3219948 -0.8399876
v -0.3767588 0.3230434 -0.2057254
vn -0.2328227 -0.7905022 0.5664804
v -0.3194433 0.3252084 -0.0734086
vn -0.8362408 -0.1498168 -0.5275000
v -0.1459534 0.3420752 0.3898707
vn 0.7642409 0.5545998 -0.3291733
v 0.4120885 0.3160408 -0.2216025
vn -0.7494581 -0.6567536 -0.0835906
v 0.2916301 0.3174165 0.1849599
vn 0.1523235 -0.0891298 -0.9843035
v 0.3753368 0.3056054 0.1876444
vn -0.7215646 0.5583984 -0.4093114
v 0.3686780 0.3228100 -0.2437320
vn -0.3021702 -0.7150044 0.6304458
v 0.3334291 0.3390119 -0.1369013
vn -0.8992904 0.4359436 0.0350720
v -0.1571505 0.3429388 0.4140449
vn -0.1032840 0.4152846 -0.9038092
v -0.3778250 0.3325385 -0.2009707
vn 0.9688342 0.0833255 -0.2332751
v 0.0467844 0.3417360 0.4151274
vn 0.4713714 0.0441893 -0.8808271
v -0.3641668 0.3401720 -0.1961707
vn -0.0867450 -0.8174056 -0.5694941
v 0.2807227 0.3321899 0.1676535
vn 0.3131984 -0.9333336 -0.1754855
v -0.2954886 0.3396031 0.0337039
vn 0.8095621 -0.3237392 -0.4896960
v 0.0102155 0.3137169 0.3531725
vn 0.4989430 -0.5738690 -0.6494077
v -0.0011274 0.3172690 0.3358668
vn -0.4959691 -0.3266875 0.8045434
v -0.4033810 0.3436409 -0.0941281
vn 0.5981257 0.6060967 0.5243019
v 0.3704842 0.3428420 0.2630325
vn 0.0639978 0.5177733 0.8531208
v -0.0624553 0.3200049 0.4423456
vn -0.5150561 0.6326891 -0.5782921
v -0.3934094 0.3343873 -0.1958737
vn -0.1464131 -0.2457567 -0.9582103
v -0.4024143 0.3172675 0.0853196
vn -0.3189747 -0.7202923 -0.6159823
v -0.3550734 0.3374944 0.0600650
vn 0.2783107 -0.8803405 0.3841144
v -0.2927258 0.3276320 -0.0674384
vn -0.0985032 0.8130570 -0.5737905
v 0.3776746 0.3125724 -0.2700171
vn -0.8333743 0.5467938 -0.0806471
v -0.4213984 0.3409244 0.1001679
vn 0.6247761 -0.5905276 -0.5108151
v -0.2755428 0.3367299 -0.1116043
vn 0.7563119 0.1737799 0.6307083
v 0.0897807 0.3344836 -0.4050038
vn -0.8374761 -0.4872804 0.2473693
v -0.0801193 0.3430383 -0.2847116
vn -0.4989428 -0.7022075 0.5078984
v -0.0736988 0.3340782 -0.2822173
vn -0.4464274 0.6165183 -0.6485428
v 0.3763613 0.3382688 -0.2347227
vn -0.4138980 -0.8752373 0.2502959
v 0.3207027 0.3469105 -0.1347151
vn -0.6953264 0.5375305 -0.4770558
v -0.1392385 0.3437680 -0.4154951
vn 0.5750067 -0.7711356 -0.2733448
v -0.2696792 0.3469610 0.0783476
vn -0.1096209 0.5661743 -0.8169639
v -0.1118155 0.3428836 -0.4229769
vn -0.3515117 -0.8774314 -0.3264257
v -0.3233304 0.3431982 0.0272264
vn -0.6086151 0.1903036 0.7703065
v -0.4210762 0.3324681 -0.1067555
vn -0.8380436 0.1509361 -0.5243102
v -0.4166052 0.3438633 0.0855039
vn -0.9416970 -0.1417809 -0.3051310
v 0.3361599 0.3339345 -0.1698143
vn 0.5432392 -0.3787171 0.7493094
v -0.3237215 0.3466937 0.1468527
vn 0.6905405 -0.7023227 -0.1729064
v -0.2693014 0.3375228 -0.1027063
vn -0.8588420 0.2264065 -0.4594895
v 0.3589069 0.3244318 -0.2238005
vn -0.1187925 0.5421290 0.8318561
v 0.0013036 0.3423455 0.4287897
vn 0.7329615 0.6756734 -0.0789488
v 0.1022597 0.3345132 -0.4278368
vn -0.0288701 0.5434838 0.8389231
v -0.0185195 0.3356985 0.4315172
vn 0.1617937 0.7898245 -0.5916082
v 0.3832779 0.3397401 -0.2371590
vn 0.7006155 -0.6939293 -0.1661330
v -0.2764519 0.3312603 0.0944358
vn -0.0310324 0.5299796 0.8474424
v -0.1164150 0.3149223 0.4505403
vn 0.0295873 0.5953537 0.8029189
v -0.0699933 0.3423432 0.4278904
vn -0.1285038 -0.9372884 0.3240021
v -0.3050848 0.3356476 -0.0428235
vn 0.2753963 -0.9311073 0.2391569
v -0.2881249 0.3393016 -0.0382095
vn 0.5843374 -0.7955072 0.1603689
v -0.2744818 0.3362291 -0.0755905
vn -0.4833991 -0.8371041 0.2560898
v 0.2515542 0.3391681 0.1642154
vn -0.1496591 -0.9630423 -0.2239459
v -0.3126872 0.3404955 0.0239474
vn 0.4432224 0.0224159 -0.8961314
v 0.3780771 0.3424271 0.1855799
vn 0.0655017 -0.9063200 0.4174849
v 0.3027829 0.3567682 -0.1098996
vn -0.2206891 0.6296351 -0.7448866
v -0.1189416 0.3796129 -0.3945831
vn 0.4965548 -0.6568943 0.5673828
v -0.2685984 0.3443971 0.1099304
vn 0.0995245 0.2273651 -0.9687105
v -0.3645798 0.3567433 -0.1930158
vn 0.7518659 0.4127320 -0.5141498
v 0.3914421 0.3442869 0.1948787
vn -0.4481660 -0.8223938 -0.3504508
v -0.3605393 0.3621987 0.0267180
vn 0.6657405 -0.2792545 0.6919585
v 0.0329600 0.3247658 -0.3427873
vn 0.2950229 0.0273498 0.9550987
v 0.3954404 0.3357974 -0.1447832
vn -0.9388468 0.0158200 0.3439717
v -0.1366597 0.3468788 -0.3922335
vn 0.3715514 0.7058433 -0.6031045
v 0.0809525 0.3553195 -0.4224906
vn 0.2521727 0.6741250 -0.6942366
v 0.0934859 0.3344504 -0.4372677
vn -0.6996552 -0.6223342 0.3509740
v 0.2814146 0.3293767 0.1808119
vn 0.0099868 -0.8704009 -0.4922424
v 0.2533900 0.3439328 0.1483473
vn -0.0667927 0.6219075 0.7802370
v -0.0132643 0.3612500 0.4129450
vn -0.5136232 -0.7486248 -0.4192280
v -0.0774202 0.3484336 0.2608935
vn -0.3189251 0.6556745 0.6843813
v -0.1476739 0.3424100 0.4266801
vn -0.8218647 -0.3641689 -0.4380861
v -0.0817188 0.3322219 0.2943757
vn 0.7709169 0.6363641 0.0269796
v 0.4138337 0.3385378 -0.1660134
vn -0.2400548 0.6653609 0.7068724
v -0.1368909 0.3700431 0.4076839
vn 0.2818637 -0.8143939 -0.5072626
v -0.0694980 0.3564555 0.2470222
vn -0.2319146 -0.9711180 0.0560840
v -0.3073681 0.3431172 -0.0144582
vn -0.3949312 -0.8453373 0.3597697
v -0.0787379 0.3503506 -0.2544234
vn 0.2430123 -0.6595364 0.7113065
v -0.0022067 0.3350697 -0.3179219
vn -0.5730444 -0.5045149 0.6458211
v -0.3939534 0.3633634 -0.0742397
vn 0.5695606 -0.5451196 0.6151791
v 0.0104337 0.3522402 -0.3083996
vn 0.1230120 0.1963793 0.9727812
v -0.3777182 0.3518900 0.1852529
vn -0.4654245 0.5737811 -0.6739104
v -0.3704012 0.3653172 -0.1888403
vn -0.4673452 0.5093973 -0.7225669
v 0.3600964 0.3544193 -0.2155046
vn 0.1710957 -0.9852439 0.0045588
v -0.2963239 0.3423348 -0.0020147
vn 0.0474540 0.5742044 0.8173356
v 0.3549686 0.3527067 0.2615495
vn 0.3993069 -0.7318237 0.5522572
v -0.0322626 0.3700321 -0.2635103
vn 0.5654783 -0.4502264 -0.6910359
v -0.3160110 0.3604871 -0.1641758
vn -0.9319368 -0.0812452 -0.3534021
v -0.1525080 0.3486348 0.3989028
vn -0.0325789 0.6308710 -0.7752035
v 0.0254106 0.3837520 -0.4011733
vn -0.9377112 0.3473637 -0.0060196
v -0.4102198 0.3615959 -0.1006667
vn 0.3145519 -0.5985637 -0.7367352
v 0.2979729 0.3621762 0.1501263
vn -0.6220921 0.6046082 0.4974438
v -0.4029084 0.3430672 0.1810739
vn -0.4187159 -0.8624065 -0.2844856
v 0.2932374 0.3584177 -0.1172682
vn 0.8402053 0.5302540 0.1135159
v 0.0895028 0.3503008 -0.4126297
vn -0.9224437 -0.1928428 0.3345284
v -0.1301026 0.3638987 -0.3725411
vn -0.7078924 0.6553873 -0.2633551
v -0.4030447 0.3656456 -0.1094244
vn -0.7112212 -0.4406353 -0.5477271
v -0.3931586 0.3658188 0.0505505
vn -0.7187406 -0.6084844 -0.3363906
v 0.3151236 0.3513924 -0.1401482
vn 0.5533946 -0.1504098 -0.8192261
v 0.3620858 0.3672579 0.1744410
vn 0.3150758 -0.3475547 -0.8831381
v 0.3435489 0.3544329 0.1709940
vn 0.5567356 -0.8278748 0.0683289
v -0.2572082 0.3473109 0.1014672
vn -0.3169846 -0.8995469 -0.3005598
v -0.0827658 0.3602405 0.2353387
vn 0.5031027 -0.8534644 0.1359645
v -0.2582092 0.3503848 -0.0509406
vn 0.4122290 0.7658592 -0.4934844
v 0.3832920 0.3527271 -0.2182906
vn 0.5343975 0.5674714 0.6264148
v 0.0435629 0.3527441 0.4302128
vn -0.7033190 0.6493563 0.2892731
v -0.3849060 0.3695439 0.1665062
vn -0.5124694 -0.3830070 -0.7685577
v -0.4007876 0.3462968 0.0718303
vn 0.4732959 -0.8556870 -0.2092624
v -0.2349102 0.3689173 0.0803232
vn 0.2829041 -0.7765898 0.5629153
v -0.0655434 0.3417639 -0.2712487
vn -0.4993486 -0.8640472 -0.0638236
v 0.2312343 0.3509018 0.1439341
vn 0.5665296 -0.2363225 -0.7894276
v -0.3434353 0.3489282 -0.1826527
vn 0.9075335 0.3172261 0.2752281
v 0.0792724 0.3634096 -0.3960901
vn 0.5654353 -0.1970331 0.8009125
v -0.3589469 0.3432197 0.1743562
vn 0.8389547 -0.5299060 -0.1239137
v 0.0339854 0.3958717 0.3084609
vn 0.0239477 -0.9126737 0.4079869
v -0.0884652 0.3729277 -0.2109061
vn 0.1946784 -0.8792543 -0.4347553
v -0.0792918 0.3684544 0.2195241
vn 0.1443498 -0.1420949 -0.9792712
v -0.3136984 0.3964085 -0.1824823
vn -0.9044490 0.0491476 0.4237413
v -0.4054821 0.3655746 -0.0849808
vn -0.5281072 -0.5888138 0.6118833
v 0.2238278 0.3703827 0.1633107
vn -0.7975016 -0.5926898 0.1127392
v -0.1011986 0.3776795 -0.2841218
vn 0.8316968 -0.3257548 0.4496267
v 0.0432239 0.3810402 -0.3316138
vn -0.3884006 -0.9115549 -0.1349542
v -0.0938871 0.3712878 0.2160041
vn 0.8331231 -0.0668764 0.5490296
v 0.0631247 0.3618921 -0.3719680
vn 0.2684025 -0.8502255 0.4528540
v 0.2646252 0.3683745 -0.0731932
vn 0.9415735 -0.2232351 -0.2522013
v 0.0386692 0.3647451 0.3826070
vn -0.5577186 -0.2844474 0.7797691
v 0.2865755 0.3886470 0.2163619
vn 0.1881216 -0.6761171 0.7123734
v 0.3315674 0.3533543 -0.1247586
vn -0.2629080 0.5499958 -0.7927068
v 0.3457238 0.3852889 -0.1849474
vn 0.5392283 -0.8390760 -0.0720030
v -0.2412041 0.3614186 -0.0893423
vn 0.4874369 -0.8730255 0.0152230
v -0.2510914 0.3623979 0.0168984
vn -0.0305339 -0.8687432 0.4943207
v -0.0794769 0.3610996 -0.2360684
vn 0.2218038 0.6278239 0.7460832
v 0.3446906 0.3752363 0.2485191
vn 0.3632634 -0.7992417 -0.4788031
v -0.0235658 0.3745902 0.2612115
vn 0.3080981 -0.8490288 0.4292152
v -0.2329836 0.3640758 0.1122793
vn -0.2893257 0.4377136 0.8512916
v -0.3749998 0.3684285 0.1800186
vn 0.5299360 -0.7510798 -0.3937601
v -0.2507355 0.3607101 -0.1118222
vn 0.8234650 -0.4322582 -0.3675028
v 0.0118947 0.3468639 0.3269446
vn 0.3947950 -0.9135781 -0.0975298
v -0.2289362 0.3644859 0.1019001
vn 0.3733737 -0.2442752 0.8949423
v 0.3688549 0.3604154 -0.1331174
vn -0.3473367 -0.8885885 -0.2996126
v 0.2173127 0.3716419 0.1058614
vn -0.4511972 -0.8896053 0.0708768
v -0.3497836 0.3620389 -0.0177118
vn 0.5438040 -0.6784027 0.4940111
v 0.0116805 0.3829850 -0.2740781
vn -0.4466740 -0.8076199 0.3850097
v -0.3679495 0.3616104 -0.0560936
vn -0.9287636 0.3248595 -0.1785061
v -0.4044921 0.3703033 0.0696642
vn -0.4675417 0.2022322 0.8605271
v 0.3294591 0.3699086 0.2482228
vn -0.9300410 0.3488519 -0.1154389
v -0.3946325 0.3860157 0.0479397
vn -0.4030054 -0.9105281 0.0923329
v 0.2116501 0.3773502 -0.0654435
vn 0.3771271 -0.8251852 -0.4205289
v -0.0003551 0.3788369 0.2694657
vn -0.7510327 -0.5836844 0.3086461
v -0.3855762 0.3763188 -0.0491308
vn -0.3388147 -0.9168276 -0.2112627
v 0.2132662 0.3836440 0.0744929
vn 0.5693278 -0.6471201 -0.5070516
v 0.0042332 0.3620013 0.2951660
vn -0.9585983 0.1202378 0.2581322
v -0.3924673 0.3837676 -0.0629259
vn 0.0965684 -0.9324390 0.3481839
v -0.0997658 0.3816341 -0.1894048
vn 0.4801931 -0.4821748 0.7327498
v 0.3404747 0.3841198 -0.1050691
vn -0.2123955 -0.9771564 0.0073254
v -0.1140475 0.3803111 0.1797863
vn 0.4591752 -0.7234051 -0.5155999
v -0.1252245 0.3842574 0.1509179
vn 0.2677454 -0.8676623 -0.4188969
v -0.2280132 0.3761217 -0.1235934
vn -0.5931658 -0.0246009 0.8047044
v 0.3122386 0.3791794 0.2359067
vn 0.6790984 0.1508160 0.7183871
v 0.3781260 0.3682839 -0.1376365
vn 0.3073648 -0.7980455 -0.5183150
v -0.0956449 0.3817689 0.1784284
vn -0.5384934 -0.8324500 0.1305826
v -0.0959819 0.3718636 -0.2237030
vn 0.8143807 0.4986811 0.2968187
v 0.3874989 0.3656807 -0.1518980
vn -0.9975549 0.0553432 0.0426786
v -0.1422853 0.3957692 0.3546409
vn 0.8307053 0.4108987 -0.3756208
v 0.3822508 0.3615553 0.1927042
vn -0.8998907 -0.2315898 -0.3695442
v -0.1388568 0.3696869 0.3669591
vn 0.8716802 0.3478016 0.3452649
v 0.0415100 0.3747659 0.4019375
vn -0.4844370 -0.4155209 0.7698462
v 0.2632067 0.3929057 0.2018156
vn -0.8083890 0.0699732 -0.5844750
v 0.3446878 0.3709502 -0.1882326
vn -0.0631727 0.1835142 0.9809851
v -0.3537291 0.3847354 0.1799521
vn -0.6270751 -0.7723837 0.1009965
v -0.3748202 0.3750305 -0.0213774
vn 0.4036351 0.7719228 -0.4911353
v 0.3666802 0.3766707 -0.1913230
vn -0.7199531 0.6527637 0.2357269
v -0.1490440 0.3712557 0.3996032
vn -0.8097920 -0.5139028 -0.2830913
v -0.3851351 0.3777464 0.0247970
vn -0.2311383 -0.9577911 0.1709132
v 0.2161286 0.3822905 -0.0336542
vn 0.1522831 -0.9348881 0.3206151
v 0.2386681 0.3801621 -0.0382657
vn -0.1716257 -0.9841351 -0.0449748
v 0.2492841 0.3632328 -0.0817908
vn -0.8278565 -0.4692512 0.3073386
v -0.1023014 0.3678010 -0.3130855
vn 0.3942876 -0.7623251 0.5132228
v -0.0812977 0.3772576 -0.2088603
vn 0.2343527 -0.9662995 0.1065093
v -0.1971936 0.3748429 0.1135254
vn -0.4366932 -0.6321155 -0.6401008
v 0.2517864 0.3776457 -0.1042183
vn 0.4335474 -0.8026778 -0.4095670
v -0.1569467 0.3787538 0.1217456
vn 0.5230027 -0.8465129 0.0994183
v -0.2269931 0.3709878 -0.0566519
vn 0.0458148 -0.8799071 -0.4729317
v 0.2383204 0.3633816 0.1157890
vn 0.3592100 -0.8667623 -0.3459644
v -0.1878293 0.3785388 0.1049444
vn 0.3535928 -0.9217696 -0.1591005
v -0.2225994 0.3726743 -0.1045466
vn 0.0009253 0.1616614 -0.9868459
v -0.3420576 0.3779656 -0.1880379
vn -0.4000613 -0.9148014 -0.0555822
v -0.3741827 0.3747672 0.0028019
vn 0.4009856 -0.2181435 0.8897325
v -0.3501777 0.3658568 0.1755175
vn -0.7514071 0.6525649 -0.0977057
v -0.3964750 0.3814710 -0.0837349
vn -0.9107192 0.4117502 -0.0324413
v -0.3878157 0.3978105 0.0242432
vn -0.2983155 -0.6212186 0.7246346
v 0.2000548 0.4099685 0.1815190
vn 0.4258980 -0.8697439 0.2493122
v -0.1645424 0.3885238 -0.1102915
vn -0.9609001 0.2752920 0.0297549
v -0.1446634 0.3760392 0.3863453
vn 0.2334895 -0.6394132 0.7325526
v -0.2638758 0.3826659 0.1390495
vn -0.7831340 0.5288472 0.3271419
v -0.1415035 0.3967577 0.3747171
vn -0.6273654 -0.3895611 -0.6742811
v 0.3019695 0.3766355 -0.1401581
vn -0.8859785 0.3278028 -0.3280051
v -0.1324888 0.3784669 -0.3853872
vn 0.4089761 -0.7167394 0.5648215
v -0.1121401 0.3927917 -0.1571972
vn 0.1515280 -0.9403980 -0.3044519
v -0.1987180 0.3829536 -0.1242488
vn 0.8133361 -0.0196547 0.5814620
v 0.3527745 0.3984973 -0.1088320
vn 0.6330490 -0.7407428 0.2248315
v -0.1970616 0.3894866 -0.0527307
vn 0.8731815 0.3633605 0.3248436
v 0.3627477 0.3949511 -0.1271868
vn 0.9118748 0.0532262 0.4070028
v 0.0666847 0.3823783 -0.3772395
vn -0.0525053 0.6708649 -0.7397186
v -0.0897796 0.3964787 -0.3808270
vn 0.2333104 -0.9679543 0.0929023
v 0.2395161 0.3880349 0.0018599
vn 0.3345282 -0.8065603 -0.4873924
v -0.0469449 0.3950155 0.1996774
vn 0.3066553 -0.9059996 -0.2917659
v 0.2455977 0.3817316 0.0795382
vn 0.6789510 -0.5890295 0.4382579
v -0.1732989 0.3917223 -0.0896450
vn 0.6518080 -0.7290460 -0.2088978
v 0.0201216 0.3837413 0.2854321
vn 0.3393945 -0.6815087 -0.6483498
v -0.2622606 0.3824751 -0.1491541
vn -0.0246081 -0.9571488 0.2885491
v -0.1850467 0.3780390 0.1247369
vn 0.5130739 -0.6900951 -0.5104156
v 0.2961576 0.3961151 0.1134779
vn -0.1557250 -0.9876044 0.0196816
v 0.2159457 0.3873062 0.0155825
vn -0.0557289 0.6263406 -0.7775549
v -0.0418209 0.3799853 -0.3990811
vn -0.0060840 0.6779447 0.7350878
v 0.0287876 0.3656189 0.4176407
vn 0.4267244 0.6658320 -0.6120245
v 0.0684366 0.3750964 -0.4071220
vn -0.4012936 -0.9086173 -0.1156642
v 0.1879849 0.3892554 -0.0740967
vn -0.5960079 -0.8024922 0.0279446
v 0.2040100 0.3745569 0.1370791
vn -0.3766915 -0.8717883 -0.3131911
v 0.2291111 0.3705541 -0.0807576
vn 0.3384660 -0.8646734 0.3711880
v -0.1308640 0.3900276 -0.1468032
vn -0.1790273 -0.9838337 -0.0045187
v -0.1259286 0.3878201 -0.1723994
vn 0.3579148 -0.5637270 -0.7443849
v -0.2949259 0.3836908 -0.1682674
vn -0.9713496 -0.2361019 0.0271279
v -0.3854967 0.3893761 -0.0205274
vn 0.3994493 -0.9113112 0.0997607
v -0.2078133 0.3771426 -0.0826521
vn 0.0001919 -0.9866213 -0.1630291
v 0.2301556 0.3845651 0.0565658
vn -0.0669017 -0.9916303 -0.1104249
v -0.1502491 0.3877238 -0.1462854
vn -0.4507004 -0.8926705 0.0029155
v -0.1118540 0.3833003 -0.2007054
vn 0.0988145 -0.8149847 0.5709953
v -0.2084906 0.3769400 0.1223888
vn 0.3840727 -0.7633770 -0.5193686
v 0.2631827 0.3713050 0.1185336
vn -0.3899921 -0.9000121 0.1946391
v 0.1711243 0.3978125 0.1501076
vn 0.7783773 -0.6258031 0.0499929
v -0.2003844 0.3956395 -0.0026481
vn 0.5788710 0.7111928 0.3988899
v 0.3498519 0.3898222 0.2221791
vn -0.2083576 -0.7996129 -0.5632107
v 0.1805903 0.3996893 -0.0904136
vn 0.4838448 -0.6654556 0.5683863
v 0.2998966 0.4001230 -0.0643361
vn 0.5808130 -0.7397264 -0.3397958
v -0.1894307 0.3895677 0.0862140
vn 0.9852461 -0.1690262 0.0268409
v 0.0448580 0.3934295 0.3683052
vn 0.4910479 -0.8710245 0.0137227
v 0.2518443 0.3950294 0.0179019
vn 0.7406010 0.5749451 -0.3477763
v 0.0649287 0.4007376 -0.3826398
vn 0.1950517 -0.8346892 -0.5150232
v -0.0149048 0.4028325 0.2039316
vn 0.6425492 -0.7346955 0.2176077
v 0.3042595 0.4244530 -0.0246170
vn -0.3093174 0.4235136 -0.8514452
v -0.3384586 0.3940033 -0.1831673
vn 0.7423523 0.6643358 -0.0870111
v 0.3815890 0.3746866 -0.1578538
vn -0.5136430 -0.8324886 -0.2076865
v -0.1349588 0.4000175 -0.2057530
vn -0.5716047 0.0303748 -0.8199667
v 0.3257866 0.3927909 -0.1683117
vn -0.1098000 -0.7704172 0.6280138
v -0.2183719 0.4145100 0.1668518
vn 0.3687888 -0.5870848 -0.7206429
v -0.0625946 0.4010410 0.1829821
vn -0.0885738 -0.8562548 -0.5089032
v -0.1961538 0.4037413 -0.1637758
vn -0.8709266 0.4899552 -0.0378255
v -0.3852055 0.4011371 -0.0069217
vn -0.0453270 0.5399618 0.8404682
v 0.3192385 0.3968755 0.2347709
vn 0.0820740 -0.1059715 0.9909763
v -0.3280709 0.3995192 0.1753789
vn 0.3176400 -0.5239641 0.7902952
v -0.3062903 0.3945473 0.1660455
vn -0.8038827 -0.5821096 0.1221516
v -0.1502317 0.4207443 0.2862812
vn -0.7448491 0.3869750 -0.5435532
v -0.1327502 0.4107704 -0.3615033
vn -0.0001838 0.7086989 0.7055111
v -0.0946010 0.3966346 0.3836264
vn 0.1709121 -0.8090755 -0.5623040
v -0.2343183 0.3863836 -0.1424579
vn 0.0915564 0.7195710 -0.6883568
v 0.0460739 0.4092528 -0.3796023
vn 0.7543133 -0.6565145 -0.0003508
v 0.0360248 0.4002351 0.2759706
vn -0.3092472 -0.6254600 -0.7163560
v 0.2183874 0.4008132 -0.1055426
vn -0.2826666 -0.9592176 -0.0011270
v 0.1987559 0.3930385 0.0351139
vn -0.0956970 -0.9721946 0.2137286
v -0.1432683 0.3809551 0.1510217
vn -0.3382370 -0.4764243 0.8115515
v 0.2370962 0.4167895 0.2023314
vn 0.4795590 -0.8664994 -0.1385710
v 0.0287399 0.3955336 0.2544951
vn -0.4210869 -0.5092819 0.7505451
v 0.2457890 0.3992633 0.1954378
vn -0.7324108 -0.6720403 -0.1092526
v -0.1022925 0.3777122 0.2707414
vn 0.7787415 0.6243380 0.0613503
v 0.3607063 0.3914872 0.1898171
vn 0.8675207 0.2058823 -0.4527918
v 0.3599742 0.3841797 0.1717232
vn -0.9379287 -0.3212348 0.1307592
v -0.1327223 0.3968419 -0.3460538
vn 0.2429838 -0.9207349 -0.3052968
v 0.0070639 0.3917896 0.2417286
vn -0.5745888 0.6789226 -0.4570687
v -0.3583265 0.3834925 -0.1756986
vn 0.3795514 -0.8274912 0.4137623
v 0.0004825 0.4014843 -0.2382296
vn 0.4413189 -0.8102378 0.3856844
v -0.1500708 0.3886867 -0.1250108
vn -0.4127144 0.1616310 0.8964052
v 0.3043258 0.3949624 0.2291698
vn 0.6175946 -0.4496330 0.6452962
v 0.3346028 0.4084372 -0.0846263
vn 0.3769189 -0.3603757 0.8532652
v -0.3233123 0.3857913 0.1691312
vn -0.0528393 0.3223368 -0.9451492
v 0.3236562 0.4094743 -0.1656092
vn -0.6066645 -0.7911787 -0.0774240
v 0.1511696 0.4076285 0.0536146
vn 0.7311396 0.4641482 0.5000014
v 0.0476086 0.4329290 0.3457462
vn 0.0851121 -0.5591367 -0.8246952
v -0.2713690 0.4139556 -0.1824671
vn -0.1800447 0.7802847 0.5989489
v -0.1301443 0.4275455 0.3479244
vn 0.1997568 0.6820572 -0.7034879
v 0.3397798 0.4050248 -0.1710433
vn 0.7299616 -0.1617288 -0.6640782
v -0.1562152 0.4340428 0.1024320
vn 0.8003733 -0.5142915 0.3080697
v 0.0397582 0.4030409 -0.2977504
vn -0.4448579 -0.7510024 -0.4879518
v 0.0825789 0.4092914 0.1504740
vn 0.7777819 -0.6128056 -0.1397304
v -0.1972059 0.3963907 0.0385388
vn 0.9550799 -0.2871226 0.0733693
v 0.0589928 0.4309954 -0.3144676
vn 0.5887337 -0.7672582 -0.2543768
v 0.2887617 0.4124779 0.0729384
vn 0.9836597 -0.0874766 0.1573581
v 0.0591901 0.4134636 -0.3487651
vn -0.5571324 -0.8181603 0.1421876
v 0.1353358 0.4086752 -0.0855814
vn -0.3065924 -0.8754324 -0.3736568
v -0.1617717 0.4046749 -0.1809915
vn 0.7039898 0.6996127 -0.1222313
v 0.3487877 0.4144526 -0.1253873
vn 0.7578208 -0.1774760 -0.6278614
v 0.3466742 0.3940027 0.1536656
vn 0.8821344 0.2692855 0.3864249
v 0.0459032 0.4097487 0.3667060
vn -0.6219826 0.7793953 -0.0753705
v -0.3425924 0.4361460 -0.0194509
vn -0.4207222 -0.0573905 -0.9053724
v 0.3006345 0.4166668 -0.1592333
vn -0.5134872 -0.7255771 0.4581146
v 0.2028953 0.3815680 0.1559322
vn -0.5138880 -0.6722528 -0.5329121
v 0.1019560 0.4105804 0.1340853
vn 0.6784518 -0.3202532 0.6611664
v -0.1378548 0.4022487 -0.1303175
vn 0.3142694 -0.9392844 0.1377668
v 0.0587137 0.4102607 0.2031485
vn -0.3066108 -0.9018481 -0.3044008
v 0.0571054 0.4098686 0.1771839
vn -0.7959744 0.6047005 -0.0276064
v -0.3850297 0.3972674 -0.0472896
vn -0.3012084 -0.9107691 -0.2824414
v 0.1303621 0.4119579 -0.1007489
vn -0.2224452 0.7330762 0.6427422
v -0.1285026 0.4078823 0.3701915
vn 0.0673825 -0.9882893 0.1369082
v 0.0704224 0.4088972 0.1778284
vn -0.5804749 -0.7944559 -0.1785741
v 0.1420992 0.4098481 0.0827721
vn -0.6126932 0.6500263 0.4495253
v -0.3624082 0.3934371 0.1689283
vn 0.6339098 -0.4634367 -0.6191808
v 0.3300915 0.4109097 0.1280514
vn -0.5822498 -0.8070317 0.0984127
v 0.1594777 0.4051709 -0.0358341
vn -0.7753094 0.6138585 0.1485702
v -0.4024270 0.3680951 0.0862728
vn -0.0609603 0.7008959 0.7106538
v -0.0068568 0.3962341 0.3824968
vn -0.1199352 -0.9924726 0.0247713
v 0.1414118 0.4037553 0.1399316
vn -0.1440637 -0.9831930 -0.1121479
v 0.1088148 0.4049657 0.1425278
vn 0.4507191 0.6121618 0.6497001
v 0.0369083 0.3984208 0.3877604
vn -0.4858655 -0.8737839 -0.0208902
v 0.1629549 0.4018994 0.0108164
vn -0.3707500 -0.9251718 -0.0812506
v 0.1697835 0.4004083 0.1074861
vn 0.3897924 -0.7186602 0.5758379
v -0.0693991 0.4012221 -0.1847447
vn -0.7917534 -0.5337384 -0.2970689
v -0.1000626 0.3686875 0.2887740
vn 0.0868405 -0.9583513 -0.2720690
v 0.0350386 0.4055102 0.2033522
vn -0.0633945 -0.9449719 -0.3209507
v -0.1747878 0.3900820 -0.1434428
vn 0.6653779 -0.7463474 -0.0154202
v 0.2960001 0.4249655 0.0228317
vn 0.4830347 -0.8054060 0.3435093
v 0.2634813 0.3915764 -0.0381189
vn -0.7113361 -0.7025384 -0.0209929
v -0.1252336 0.4054182 -0.2806983
vn -0.4805172 -0.5295693 -0.6990420
v 0.0516101 0.4210997 0.1689184
vn -0.8106638 -0.3832082 -0.4426913
v 0.1297780 0.4271695 0.0848379
vn 0.6181181 0.7497960 0.2360845
v 0.3346670 0.4212041 0.1732860
vn -0.8316687 -0.5124027 -0.2139409
v -0.1522763 0.4322410 -0.2945613
vn 0.7663609 -0.4084692 -0.4958265
v -0.1769921 0.4020989 0.0880685
vn 0.9209177 -0.1026519 -0.3759961
v -0.1802209 0.4373353 0.0645366
vn 0.9761831 -0.1840829 -0.1148043
v -0.1906469 0.4197053 0.0311697
vn 0.8554378 -0.3182579 0.4085808
v -0.1821495 0.3996232 -0.0678105
vn -0.2425921 -0.4134333 0.8776230
v -0.2527944 0.4408832 0.1917662
vn 0.7742713 0.5259241 -0.3520055
v 0.0587103 0.4204449 -0.3600771
vn 0.2118342 0.7586482 -0.6161001
v 0.0485255 0.4301561 -0.3550936
vn 0.8821118 -0.0092394 -0.4709494
v 0.3391547 0.4158840 0.1361595
vn -0.0568348 0.3895612 -0.9192452
v 0.3084037 0.4266869 -0.1590379
vn 0.8064449 -0.3988864 -0.4365046
v 0.3207873 0.4273730 0.0976270
vn -0.2135796 -0.7921644 0.5717162
v 0.1679249 0.4067320 0.1662607
vn -0.7939428 0.4204035 0.4392218
v -0.1422786 0.4228651 0.3466015
vn -0.1794046 0.0934981 -0.9793223
v -0.2899626 0.4211874 -0.1846455
vn -0.4236258 -0.3483852 -0.8361633
v 0.2825923 0.4153434 -0.1474373
vn 0.1251140 -0.4532942 0.8825366
v -0.2883070 0.4175054 0.1775141
vn 0.8672640 -0.1528956 0.4737890
v 0.3358267 0.4183015 -0.0799948
vn 0.5054095 0.7737187 0.3819958
v 0.3232335 0.4129724 0.2122599
vn -0.3790523 -0.8806031 -0.2843545
v 0.1334532 0.4089643 0.1059386
vn -0.6510290 0.5516843 0.5213500
v -0.1315645 0.4112743 0.3634016
vn -0.5730082 -0.8051391 0.1530122
v 0.1147516 0.4205382 -0.1040603
vn -0.0639566 -0.7372803 -0.6725529
v 0.0144846 0.4152825 0.1920398
vn -0.1524803 -0.7688910 -0.6209319
v -0.2212230 0.4313054 -0.1988793
vn -0.3315997 -0.7941418 0.5092940
v -0.1822489 0.4173782 0.1833342
vn 0.9095454 0.3683190 -0.1925317
v 0.3491352 0.4079013 0.1578681
vn 0.7949980 -0.5862664 0.1557882
v 0.3051604 0.4303939 -0.0045427
vn 0.5318524 0.7642574 -0.3647516
v 0.3445165 0.4081361 -0.1590266
vn -0.9168634 -0.3944266 -0.0615567
v -0.1420475 0.4110804 0.3212936
vn -0.0534786 0.7680518 0.6381509
v -0.0078866 0.4238401 0.3527042
vn 0.2198286 -0.7466658 0.6278261
v -0.0283022 0.4157574 -0.1849327
vn 0.6557288 -0.6058440 0.4505250
v 0.3149280 0.4253323 -0.0455004
vn 0.0676189 -0.9468800 0.3143976
v 0.1118413 0.4074390 0.1607091
vn -0.1254700 0.2188621 0.9676552
v 0.2917404 0.4135331 0.2242914
vn 0.2559117 0.6475089 0.7178032
v 0.3149723 0.4113590 0.2235828
vn -0.0630926 -0.8978315 0.4357957
v 0.1372699 0.4099311 0.1626618
vn 0.5845274 -0.8065233 0.0885884
v 0.0490693 0.4107406 0.2371113
vn -0.1230636 0.1752310 -0.9768057
v 0.2921024 0.4345820 -0.1530960
vn 0.8150702 -0.0604342 -0.5762017
v -0.1647969 0.4491772 0.0891798
vn 0.9504703 -0.3105356 0.0131852
v 0.0485225 0.4168534 0.3329243
vn -0.4530944 0.5752414 -0.6810308
v -0.3243064 0.4130387 -0.1783252
vn -0.2946781 -0.4298004 -0.8534849
v 0.0331175 0.4344741 0.1707143
vn -0.5618461 0.7534883 0.3414446
v -0.3066681 0.4431716 0.1625457
vn -0.0005522 -0.7246252 0.6891430
v -0.0050050 0.4269769 -0.1783250
vn -0.6432232 -0.7261547 -0.2428238
v -0.1611089 0.4363879 -0.2710667
vn 0.9200554 -0.3080198 0.2421194
v -0.1898560 0.4048281 -0.0422262
vn -0.3283105 -0.9445693 0.0010242
v 0.0937682 0.4271477 -0.1312662
vn -0.8262181 0.3364855 -0.4518198
v -0.1414015 0.4313846 -0.3334534
vn 0.3438629 -0.8141182 0.4679422
v 0.0997337 0.4328994 0.2124969
vn 0.2738278 -0.3623578 -0.8909069
v -0.0530431 0.4270902 0.1707149
vn -0.1660332 -0.0290928 0.9856910
v 0.2751664 0.4199640 0.2212004
vn -0.8974383 -0.3590353 0.2563164
v 0.1472383 0.4215087 -0.0412608
vn 0.0108823 -0.8606382 -0.5091006
v 0.1260796 0.4239373 -0.1200456
vn 0.4897783 -0.1554512 0.8578765
v -0.0971959 0.4454645 -0.1492203
vn 0.0539808 -0.5829729 -0.8106964
v -0.0031345 0.4241492 0.1836113
vn -0.8898984 -0.4366941 -0.1318301
v 0.1495856 0.4138903 0.0311267
vn -0.1300529 -0.8627876 0.4885528
v 0.0406938 0.4272569 -0.1619073
vn 0.3852397 -0.3956568 0.8336943
v -0.0741471 0.4177819 -0.1677860
vn 0.8489640 -0.4670798 -0.2471775
v 0.3106878 0.4320011 0.0696339
vn -0.9046098 -0.3634874 -0.2226163
v 0.1434774 0.4199334 0.0562863
vn -0.1119018 0.7551046 -0.6459837
v -0.1256939 0.4305936 -0.3452770
vn -0.6617818 0.7379975 0.1319266
v -0.3524505 0.4226499 0.0776739
vn 0.6644650 -0.7092071 0.2356092
v 0.0349053 0.4109779 -0.2614030
vn -0.6217762 0.7628946 -0.1771618
v -0.3579780 0.4138177 -0.0782861
vn 0.1150001 0.7511775 0.6500056
v 0.0377830 0.4300326 0.3534516
vn -0.1616203 -0.7787285 0.6061855
v 0.0188903 0.4273553 -0.1686091
vn 0.0053080 -0.5924600 0.8055825
v -0.2652136 0.4278262 0.1806027
vn 0.4451452 -0.8891455 0.1061424
v 0.0390744 0.4250838 -0.2165092
vn -0.9361570 -0.3427330 -0.0783848
v -0.1414163 0.4179635 -0.3294366
vn 0.1882670 -0.9387102 0.2887539
v 0.0109832 0.4193003 -0.1969201
vn -0.5053537 -0.8041158 0.3130740
v -0.1511831 0.4099310 0.2009467
vn 0.1103490 -0.7875863 0.6062433
v 0.1349346 0.4314875 0.1935456
vn 0.6807160 -0.7323205 -0.0182327
v 0.0553924 0.4358767 -0.2275569
vn -0.5643702 0.6917489 -0.4505218
v -0.2771617 0.4458698 -0.1774488
vn 0.4737965 -0.3145337 -0.8225481
v -0.1031521 0.4167499 0.1523823
vn 0.9095011 -0.2153205 0.3555909
v 0.0605682 0.4415386 0.3090968
vn -0.4632861 0.4494452 0.7637834
v -0.2896909 0.4434503 0.1785327
vn 0.9815067 -0.1659795 0.0953700
v -0.1932086 0.4127475 -0.0157373
vn 0.1458685 -0.3044652 0.9412882
v -0.0454275 0.4371501 -0.1695266
vn 0.9052721 -0.4247929 0.0057800
v 0.0621662 0.4419665 -0.2927376
vn 0.8769634 -0.1178639 0.4658792
v -0.1735495 0.4361408 -0.0731151
vn -0.6775423 -0.5644037 0.4715770
v 0.1054760 0.4309491 -0.1064094
vn -0.4196842 -0.7091266 -0.5665728
v -0.1976675 0.4395948 -0.2237654
vn -0.6848640 0.5116869 -0.5187850
v -0.1446927 0.4439751 -0.3150850
vn 0.9319059 0.2392045 -0.2726401
v 0.3285542 0.4355285 0.1114000
vn -0.6452218 -0.4627576 0.6079015
v 0.0790547 0.4406497 -0.1298866
vn -0.5533627 -0.7514961 -0.3592262
v -0.1807215 0.4389233 -0.2394208
vn -0.5710476 0.7872280 -0.2327590
v -0.3009081 0.4452257 -0.1367512
vn -0.2177882 -0.0846600 0.9723173
v -0.2813776 0.4368329 0.1828793
vn 0.7478373 -0.6491544 -0.1390612
v 0.3052591 0.4320652 0.0466016
vn -0.1438956 -0.0940231 0.9851161
v 0.2568160 0.4358333 0.2188505
vn -0.3405142 0.6890287 -0.6397574
v -0.1310915 0.4293307 -0.3454876
vn -0.4592955 0.5393001 0.7058350
v -0.3365904 0.4128455 0.1707146
vn 0.5259737 -0.7775774 0.3445652
v 0.0775196 0.4305437 0.2314443
vn 0.3767267 0.6566755 -0.6533409
v 0.3249426 0.4218413 -0.1599467
vn -0.0461496 0.7467503 -0.6635015
v -0.0155111 0.4277638 -0.3558401
vn -0.2529061 0.1595241 0.9542487
v -0.3168359 0.4189744 0.1781337
vn -0.1143410 -0.9770988 0.1794548
v 0.0771228 0.4332215 -0.1468987
vn -0.8130569 -0.2861074 0.5070316
v 0.1257897 0.4325924 -0.0779423
vn -0.6029074 -0.7462268 0.2822203
v -0.1767515 0.4375300 0.2304240
vn 0.8590775 0.4904335 0.1464952
v 0.3470873 0.4172795 -0.1092722
vn -0.8815386 -0.4719052 0.0139769
v 0.1540957 0.4120223 -0.0097735
vn 0.3835157 0.6811082 0.6237046
v 0.2945409 0.4305958 0.2128101
vn 0.2235729 -0.9744672 0.0207108
v 0.0412856 0.4261906 -0.1847323
vn -0.9420232 -0.0532060 0.3313027
v -0.1537956 0.4367935 0.2947557
vn -0.2684761 -0.5711411 -0.7757052
v 0.2400180 0.4324410 -0.1391270
vn -0.2070832 -0.3725834 0.9045984
v 0.2267897 0.4387951 0.2116474
vn -0.2528495 -0.4252019 -0.8690630
v 0.2616594 0.4350973 -0.1496538
vn 0.9314844 0.3551843 -0.0786195
v 0.3121066 0.4530089 0.0654914
vn -0.5772484 0.6791824 0.4533162
v -0.1402981 0.4356473 0.3280228
vn -0.1558094 -0.3101099 0.9378461
v -0.0016158 0.4448169 -0.1671476
vn 0.9639990 -0.2628842 -0.0399718
v 0.3104767 0.4432184 0.0322562
vn -0.6009640 0.7992756 -0.0009396
v -0.3189953 0.4571353 0.0126089
vn -0.5589136 -0.2490602 -0.7909390
v 0.0659368 0.4633900 0.1412499
vn -0.0315854 0.8318010 0.5541745
v -0.0135973 0.4628482 0.3021140
vn 0.9169837 0.3425635 -0.2044291
v 0.3197874 0.4458802 0.0919510
vn 0.0989713 -0.0190076 -0.9949088
v 0.2649221 0.4494049 -0.1546318
vn 0.8925180 0.2760789 -0.3566401
v 0.0594261 0.4453984 -0.3254879
vn -0.8261427 -0.3427196 -0.4472489
v -0.1577628 0.4441369 -0.2946537
vn 0.9331535 -0.1108598 0.3419571
v 0.3220171 0.4384823 -0.0427695
vn -0.5550683 0.3620589 -0.7488742
v -0.2742205 0.4395568 -0.1867595
vn -0.2060428 0.8264043 -0.5240251
v -0.1288964 0.4597133 -0.3012529
vn 0.6081122 -0.1310838 -0.7829538
v -0.1231736 0.4412046 0.1327247
vn 0.9130036 0.3607668 0.1904517
v 0.3270449 0.4410955 -0.0588145
vn -0.8679720 -0.3244919 0.3759384
v -0.1637010 0.4370804 0.2706541
vn -0.4581358 -0.2528245 -0.8521686
v -0.2179092 0.4514096 -0.2228846
vn -0.1636090 0.8412737 0.5152580
v -0.1303188 0.4497595 0.3112728
vn -0.3948239 -0.5061316 0.7667757
v 0.0621811 0.4399931 -0.1436648
vn 0.3983391 0.6779655 -0.6178098
v 0.2944631 0.4450759 -0.1482847
vn 0.7424843 -0.6449615 -0.1809465
v 0.0741226 0.4578350 -0.2363115
vn 0.2513942 -0.8886485 -0.3835426
v 0.0931606 0.4359966 -0.1526792
vn -0.2929773 -0.3347468 -0.8956053
v -0.2559962 0.4340810 -0.1944976
vn -0.4035372 -0.6260244 0.6672714
v -0.2111744 0.4478704 0.2090400
vn -0.9625098 0.0725643 0.2613606
v -0.1463414 0.4280221 0.3233697
vn -0.6282440 0.7420111 0.2339426
v -0.3274116 0.4293888 0.1543930
vn 0.4731478 -0.8496629 -0.2328179
v 0.0644311 0.4369579 -0.1902609
vn 0.7916579 0.6104656 0.0246884
v 0.3355981 0.4302075 0.1398454
vn 0.6527029 0.7492287 -0.1124073
v 0.3277026 0.4402330 -0.0911094
vn -0.8029152 0.2504791 -0.5409136
v -0.1803463 0.4551123 -0.2578333
vn 0.9817761 0.0701856 0.1766063
v -0.1881877 0.4964271 -0.0236025
vn 0.6366838 0.7659803 0.0889275
v 0.3146592 0.4525797 0.1105238
vn 0.2026666 -0.0341362 0.9786527
v -0.0624854 0.4880508 -0.1574932
vn -0.1636447 -0.2957104 -0.9411566
v 0.0134000 0.4631214 0.1634562
vn 0.7681461 0.1605754 0.6198123
v 0.0664174 0.4567051 0.3006769
vn 0.5871513 0.0896969 0.8044923
v -0.1225667 0.4946825 -0.1298512
vn 0.8714740 0.4900347 0.0199774
v 0.3092014 0.4595422 0.0296233
vn -0.3691479 -0.3017819 0.8790094
v 0.0368504 0.4404379 -0.1568081
vn 0.4701757 0.8401917 0.2702087
v 0.2611186 0.4708704 0.1654244
vn -0.7260287 -0.3964989 0.5618460
v -0.1913915 0.4528833 0.2329934
vn 0.9314944 0.3548445 0.0800233
v 0.3120502 0.4563613 -0.0046239
vn -0.5928584 0.0000584 0.8053067
v -0.2157434 0.4612610 0.2135922
vn -0.5751267 0.2146800 -0.7893933
v -0.2452533 0.4522149 -0.2047842
vn 0.4388032 -0.0857807 -0.8944795
v -0.1003199 0.4584137 0.1452057
vn 0.7674037 0.6401154 0.0366609
v 0.3189862 0.4521874 -0.0496526
vn 0.0589560 -0.3206350 0.9453663
v 0.2142292 0.4570352 0.2176050
vn -0.8100161 0.1252901 0.5728668
v -0.1632677 0.4530231 0.2754033
vn -0.0936871 -0.3849891 -0.9181536
v 0.2470036 0.4532157 -0.1549649
vn -0.4582352 0.1256308 0.8799076
v -0.2416262 0.4595245 0.2002259
vn -0.8008562 -0.3994512 -0.4461705
v -0.1835881 0.4473171 -0.2532260
vn 0.3459272 0.5765469 0.7402216
v 0.2685141 0.4468061 0.2160465
vn -0.7830316 0.2923108 -0.5490136
v -0.1686487 0.4559180 -0.2825100
vn 0.2977887 0.7666659 0.5688104
v 0.0443218 0.4476170 0.3276353
vn 0.7560768 -0.5658229 0.3289261
v 0.0725593 0.4479864 0.2830203
vn -0.7619978 -0.1643694 -0.6263722
v -0.1917840 0.4525730 -0.2412180
vn -0.0950072 -0.6566716 0.7481684
v 0.1781432 0.4424641 0.2057108
vn -0.1796461 -0.5556799 0.8117557
v 0.2097998 0.4364129 0.2052778
vn 0.7549726 -0.3809064 0.5337853
v 0.0834839 0.4580794 0.2763736
vn 0.9324825 -0.2798437 -0.2283941
v 0.0749114 0.4708737 -0.2757794
vn -0.4979981 0.6489595 0.5751953
v -0.1672845 0.4682075 0.2622476
vn -0.6432970 0.4075960 0.6481007
v -0.1963840 0.4705333 0.2300070
vn 0.8846798 0.1789058 -0.4305049
v 0.0668299 0.4626015 -0.3017209
vn -0.8804556 0.0360209 0.4727583
v 0.1187958 0.5009158 -0.0737973
vn 0.3984725 0.1850850 -0.8983113
v 0.2492184 0.4689843 -0.1583120
vn 0.1103116 -0.2557164 -0.9604377
v -0.0308664 0.4559101 0.1667765
vn 0.5577141 0.7089635 -0.4316546
v 0.2509702 0.4786097 -0.1496454
vn -0.7785066 0.1315769 0.6136897
v -0.1787088 0.4603432 0.2561612
vn 0.2864269 0.7212657 0.6306628
v 0.0603991 0.4641203 0.3002083
vn 0.8688957 -0.0106934 0.4948798
v -0.1707070 0.4538309 -0.0764972
vn -0.4959589 0.5596111 0.6639731
v -0.2554549 0.4658514 0.1913243
vn 0.9775610 0.2065652 -0.0412962
v -0.1899868 0.5050713 0.0082530
vn -0.7783023 -0.0993375 -0.6199821
v 0.1033568 0.4761641 0.1049668
vn 0.6028749 -0.1085086 0.7904224
v -0.1212109 0.4457708 -0.1332151
vn 0.1303544 -0.4288695 0.8939120
v 0.1744774 0.4664311 0.2247414
vn -0.5554249 0.6512271 -0.5171136
v -0.2445187 0.4586784 -0.2005199
vn -0.0249584 0.8144797 0.5796550
v -0.0835386 0.4416717 0.3278834
vn 0.5343080 0.8267162 -0.1762251
v 0.2797778 0.4696380 -0.1013348
vn -0.5301152 0.6370593 0.5595832
v -0.1508504 0.4569306 0.2893093
vn -0.5440782 0.0547438 -0.8372467
v -0.2088486 0.4567202 -0.2275572
vn -0.9156525 -0.1381182 -0.3774970
v 0.1297404 0.4728970 0.0648973
vn 0.3764159 0.6952070 -0.6123710
v 0.0549775 0.4545988 -0.3214675
vn -0.5939620 -0.1272850 0.7943599
v 0.0716301 0.4756436 -0.1285023
vn 0.6879655 0.0115661 -0.7256513
v -0.1412699 0.4566020 0.1169270
vn 0.3798125 -0.5544441 0.7404959
v 0.1350575 0.4696176 0.2394308
vn 0.1087861 -0.3241510 -0.9397296
v 0.2193642 0.4721014 -0.1626724
vn 0.3236426 -0.0835506 -0.9424834
v -0.0734903 0.4654942 0.1557865
vn -0.4358575 0.7361858 0.5177440
v -0.2190906 0.4767709 0.2020590
vn -0.6908832 -0.2113965 -0.6913697
v 0.0917558 0.4577686 0.1216052
vn 0.3232263 0.3092407 0.8943685
v 0.1726555 0.4820532 0.2277647
vn 0.3164200 -0.7496260 -0.5813255
v 0.1310310 0.4619014 -0.1673668
vn -0.1018527 0.8672800 0.4872899
v -0.1101475 0.4742571 0.2746563
vn -0.5459862 0.8331109 0.0884609
v -0.2912902 0.4744861 0.0462573
vn 0.5924944 -0.4377863 0.6762349
v 0.1026355 0.4652606 0.2602131
vn -0.0673090 0.8111249 -0.5809870
v -0.0683937 0.4635795 -0.3060498
vn -0.5254939 0.7827031 0.3335148
v -0.2674884 0.4632036 0.1790421
vn -0.1069773 0.8573895 -0.5034273
v -0.0776653 0.4815043 -0.2779780
vn 0.0082886 0.7976230 -0.6030994
v 0.0281859 0.4747848 -0.3002477
vn -0.4115616 0.7913906 -0.4520155
v -0.1618668 0.4707857 -0.2656376
vn 0.2458845 0.2549206 0.9351771
v 0.2030192 0.4732244 0.2221541
vn -0.5611698 0.8138134 -0.1509840
v -0.2908222 0.4674058 -0.0724522
vn 0.5556924 0.8302137 -0.0441745
v 0.2876194 0.4771972 -0.0253589
vn 0.4660605 -0.7643443 -0.4456066
v 0.1090316 0.4622019 -0.1864247
vn 0.5531389 -0.7368045 -0.3887886
v 0.1004509 0.4655507 -0.2032294
vn -0.5374681 0.5885327 -0.6039515
v -0.1898590 0.4719350 -0.2347630
vn -0.6312512 0.5693612 -0.5266401
v -0.1865761 0.4711759 -0.2394780
vn -0.1137719 -0.6390474 -0.7607065
v 0.2077764 0.4521649 -0.1458073
vn -0.9899369 -0.1210569 -0.0732807
v 0.1407875 0.4797141 0.0124141
vn -0.3372720 0.8517448 0.4009719
v -0.1768780 0.4823713 0.2295640
vn -0.1943861 0.8854746 -0.4220768
v -0.1185489 0.4863655 -0.2559937
vn -0.3729556 -0.1892849 -0.9083366
v 0.0419657 0.4809816 0.1488953
vn 0.7754548 -0.3797294 -0.5044555
v 0.0942095 0.4855320 -0.2429953
vn 0.5145800 0.1133838 -0.8499128
v -0.1167746 0.4983278 0.1367200
vn 0.7146940 0.2885963 -0.6371222
v 0.0912173 0.4971152 -0.2486071
vn 0.7352510 0.3288414 -0.5926798
v 0.0784167 0.4864571 -0.2718976
vn 0.1831141 -0.5295920 -0.8282521
v 0.1892005 0.4837455 -0.1720476
vn 0.5540618 0.6794648 -0.4809816
v 0.2214210 0.4953211 -0.1592177
vn -0.4788592 0.8565437 0.1924234
v -0.2667945 0.4729383 0.1436130
vn -0.3496136 0.0371036 0.9361590
v 0.0314516 0.5090547 -0.1489677
vn 0.3496141 0.7664596 0.5388038
v 0.1947913 0.4838274 0.2161147
vn -0.2212746 0.8674017 0.4457039
v -0.1528323 0.4786331 0.2541220
vn 0.4999290 0.4865298 0.7164913
v 0.0809100 0.4726971 0.2797810
vn 0.2916379 0.4653206 0.8357177
v 0.2314219 0.4652550 0.2169269
vn -0.4638803 0.7271822 -0.5059854
v -0.2054859 0.4769811 -0.2182033
vn 0.5834738 0.8105147 0.0512272
v 0.2943738 0.4713789 0.0465572
vn 0.3631237 0.8796344 0.3072207
v 0.1958248 0.4967058 0.1867921
vn 0.2339046 0.7582654 -0.6085410
v 0.0658285 0.4887165 -0.2779644
vn -0.3040179 0.8709895 -0.3859411
v -0.1793265 0.4825596 -0.2254270
vn 0.0525340 0.8489891 0.5257925
v 0.0569932 0.4835956 0.2700658
vn 0.7321393 -0.0875247 0.6755083
v -0.1411682 0.4484816 -0.1147285
vn 0.0803511 -0.7219951 -0.6872166
v 0.1650151 0.4452105 -0.1381296
vn 0.3343426 -0.6094326 -0.7188929
v 0.1622525 0.4915556 -0.1860776
vn 0.5303639 -0.4238019 -0.7342385
v 0.1439963 0.4950439 -0.2008710
vn 0.6986984 0.3698940 -0.6123716
v -0.1595121 0.5106288 0.1027922
vn -0.9639362 0.0337285 -0.2639877
v 0.1337958 0.5095159 0.0424255
vn 0.6850474 -0.3006746 -0.6635547
v 0.1135197 0.4953975 -0.2263729
vn -0.0240828 0.8604659 -0.5089386
v 0.0224840 0.4980025 -0.2666619
vn -0.4191351 0.8859961 -0.1983347
v -0.2195509 0.5048658 -0.0960025
vn 0.4515062 -0.2402064 -0.8593271
v 0.1649717 0.4985166 -0.1891719
vn 0.3963065 0.0544511 0.9165022
v -0.0918510 0.5062628 -0.1495761
vn 0.6032788 0.1187329 -0.7886427
v 0.2179186 0.4893581 -0.1661782
vn -0.5124499 0.8503813 -0.1193599
v -0.2583944 0.4926585 -0.0477624
vn -0.2081642 0.9137844 0.3488062
v -0.1482047 0.4995491 0.2030910
vn 0.9206415 0.3649871 -0.1385778
v -0.1872393 0.5099350 0.0359406
vn 0.4867841 0.8651171 -0.1208870
v 0.2564911 0.4917120 -0.0577212
vn 0.3863483 0.4693591 0.7940007
v 0.1046206 0.4828690 0.2599788
vn -0.4796981 0.8375376 -0.2615731
v -0.2394474 0.4769581 -0.1634742
vn 0.4769954 0.1658414 0.8631176
v 0.1284987 0.4813187 0.2476363
vn 0.0168648 0.0869108 -0.9960734
v -0.0610023 0.4911283 0.1582618
vn 0.4458920 0.8867447 -0.1219191
v 0.2161498 0.5016810 -0.1243030
vn -0.0489860 -0.0385193 -0.9980565
v -0.0143945 0.4896107 0.1609996
vn 0.0526269 -0.0984628 0.9937482
v -0.0297647 0.4845556 -0.1610777
vn 0.5396591 -0.6842596 -0.4904659
v 0.1151554 0.4800485 -0.2083902
vn -0.1370410 0.9031384 -0.4068917
v -0.0808089 0.5036832 -0.2341474
vn 0.5004722 0.4524871 -0.7380943
v 0.1260117 0.5110623 -0.2157826
vn 0.7344278 0.0998401 0.6713030
v -0.1483321 0.4991091 -0.1077395
vn 0.5235988 0.6178415 -0.5866143
v 0.1843510 0.5105665 -0.1789671
vn 0.4787755 0.0475066 -0.8766512
v 0.1943431 0.4966506 -0.1760557
vn -0.7361668 0.0239381 0.6763767
v 0.0995339 0.4991023 -0.1000582
vn 0.1885448 0.3454472 -0.9193025
v -0.0619751 0.5082017 0.1611980
vn 0.4651227 0.8844379 0.0378230
v 0.2464713 0.5006871 0.0255345
vn -0.0598221 0.8912500 0.4495496
v -0.0460893 0.4942139 0.2470774
vn 0.2689047 0.8261308 0.4951749
v 0.1563240 0.4955097 0.2221588
vn 0.4552371 0.8763841 0.1571949
v 0.2537343 0.4880589 0.1134911
vn -0.3586987 0.8850068 0.2968136
v -0.1885069 0.5081125 0.1448331
vn 0.0946496 0.8606795 0.5002723
v 0.0838735 0.4936833 0.2504791
vn -0.1144346 0.9107554 0.3967737
v -0.1028647 0.4964335 0.2294310
vn 0.2487800 0.7746606 0.5813858
v 0.1295725 0.4936047 0.2375019
vn -0.9960378 0.0723337 -0.0517358
v 0.1390681 0.5092756 0.0089125
vn 0.2206584 0.8115985 -0.5409417
v 0.0911411 0.5135417 -0.2320981
vn -0.4971544 0.8676522 -0.0041657
v -0.2601470 0.4955395 -0.0008430
vn 0.8569483 0.3757540 0.3527727
v -0.1776155 0.5074293 -0.0653474
vn -0.9742695 0.0800710 0.2106837
v 0.1354243 0.5060626 -0.0288327
vn 0.4201104 0.4338527 0.7970440
v -0.1058344 0.5155591 -0.1443143
vn -0.4563333 0.1704990 -0.8733212
v 0.0543642 0.5106950 0.1411092
vn -0.8957236 0.2845954 0.3415914
v 0.1304892 0.5169660 -0.0492287
vn 0.8976092 0.2977499 -0.3250273
v -0.1796698 0.5058214 0.0659331
vn -0.6252831 0.1672484 -0.7622658
v 0.0841691 0.5078397 0.1216436
vn 0.7447240 0.3367795 0.5761647
v -0.1606361 0.5078262 -0.0946058
vn 0.5055961 0.3590845 -0.7844940
v 0.1567748 0.5113201 -0.1938411
vn -0.5222032 0.1266507 0.8433644
v 0.0621265 0.5057345 -0.1343009
vn -0.8588172 0.0193646 -0.5119160
v 0.1156498 0.5147809 0.0854925
vn 0.0633406 0.1819135 0.9812724
v -0.0470154 0.5117792 -0.1603278
vn 0.3446198 0.7514821 -0.5625939
v 0.0831626 0.5037150 -0.2507915
vn -0.0097261 0.9072391 0.4205028
v 0.0164792 0.5043808 0.2334244
vn -0.2926554 0.9181210 -0.2672202
v -0.1494039 0.5124164 -0.1653650
vn -0.2540894 0.9412163 0.2225993
v -0.1670633 0.5184119 0.1402953
vn 0.5087149 0.8024312 -0.3119510
v 0.1934636 0.5081145 -0.1671503
vn -0.1379627 0.0769165 0.9874463
v -0.0108060 0.5094141 -0.1600886
vn 0.0418784 0.2949673 -0.9545892
v -0.0395980 0.5055300 0.1626830
vn -0.0661842 0.4182822 -0.9059027
v -0.0185390 0.5140610 0.1649230
vn 0.3997454 0.7570879 0.5167413
v -0.1340935 0.5192725 -0.1293737
vn -0.0785906 0.9892780 0.1230962
v -0.1449641 0.5213737 0.1478121
vn 0.4334174 0.8948664 -0.1065999
v 0.2019661 0.5189761 -0.0597200
vn 0.2110159 0.9774737 -0.0041941
v -0.2001008 0.5200262 -0.0244523
vn -0.7661155 0.2847613 -0.5761754
v 0.0942731 0.5173851 0.1139426
vn 0.4872260 0.8723325 -0.0405818
v -0.1977636 0.5202788 0.0091643
vn -0.0351009 0.9839889 0.1747394
v -0.0248405 0.5213535 0.1854656
vn 0.1482239 0.9580352 0.2453533
v -0.1622038 0.5210062 -0.1075999
vn 0.0126206 0.8450065 -0.5346071
v -0.0438310 0.5201765 0.1696952
vn -0.6456020 0.3739677 0.6658424
v 0.0943187 0.5194307 -0.1091957
vn -0.2623934 0.9649512 -0.0043772
v -0.2118852 0.5200080 0.0060170
vn 0.3389554 0.8853474 -0.3182282
v 0.1628071 0.5185696 -0.1808176
vn -0.3784445 0.9194984 -0.1063129
v -0.2189472 0.5131885 -0.0511417
vn -0.1725253 0.9117444 0.3727697
v -0.1299817 0.5056202 0.1961928
vn 0.2001462 0.9027768 -0.3807040
v -0.1088814 0.5210569 0.1517148
vn 0.8531311 0.5135998 0.0915571
v -0.1919630 0.5125731 -0.0216873
vn 0.3136199 0.9246777 0.2159022
v 0.1771822 0.5168676 0.1370310
vn -0.1263486 0.9897468 -0.0666129
v -0.1402499 0.5212889 -0.1406638
vn 0.1134388 0.9185504 -0.3786777
v 0.0904614 0.5263043 -0.2081743
vn -0.0484495 0.9045529 -0.4235997
v 0.0184811 0.5111517 -0.2404615
vn 0.2416079 0.9680783 0.0667090
v -0.1885916 0.5201057 -0.0667459
vn 0.3836284 0.7157847 -0.5835080
v -0.1252383 0.5166577 0.1369986
vn 0.3497200 0.4428205 -0.8255942
v -0.0963438 0.5099538 0.1488179
vn -0.2742068 0.2660876 -0.9241256
v 0.0154142 0.5103748 0.1558835
vn 0.1073371 0.9245377 0.3656623
v 0.1031762 0.5057120 0.2206500
vn -0.0500884 0.9666843 0.2510233
v -0.0717479 0.5187011 0.1833746
vn 0.3903847 0.8908901 0.2321953
v -0.1741266 0.5158381 -0.0856996
vn 0.0693405 0.9732444 0.2190603
v 0.0975549 0.5252702 0.1614085
vn -0.3687738 0.9057720 0.2087652
v -0.1970339 0.5114565 0.1221867
vn 0.2190668 0.9301704 0.2946064
v 0.1603563 0.5087958 0.1827464
vn -0.2573899 0.9551253 -0.1465813
v -0.1890444 0.5150762 -0.1023131
vn -0.4227942 0.8984814 0.1182214
v -0.2234682 0.5106213 0.0688947
vn -0.3153732 0.9074165 -0.2777322
v 0.0888131 0.5276234 0.1325821
vn -0.5097995 0.8378236 -0.1953359
v 0.1034070 0.5296418 0.1130374
vn -0.2702970 0.5352888 0.8002533
v 0.0154735 0.5299366 -0.1570067
vn -0.3006530 0.5649436 0.7684052
v 0.0502760 0.5309963 -0.1458285
vn -0.7581173 0.5398893 -0.3657565
v 0.1175652 0.5292120 0.0849538
vn -0.3757921 0.9110916 0.1693884
v 0.1167855 0.5347232 -0.1042915
vn -0.8842726 0.3650361 -0.2912227
v 0.1360719 0.5302672 0.0459332
vn -0.8847373 0.4606632 -0.0709185
v 0.1433400 0.5287398 0.0024966
vn -0.0087092 0.9403963 0.3399689
v -0.0736667 0.5270633 -0.1658565
vn 0.3984663 0.9107265 0.1086361
v 0.1746860 0.5322936 0.0535642
vn -0.1968765 0.9304759 -0.3089569
v -0.1062117 0.5184123 -0.1854229
vn 0.1106323 0.9103383 -0.3988039
v -0.0682314 0.5199314 0.1676809
vn -0.0920682 0.9918462 0.0881167
v -0.0558503 0.5309360 -0.1746783
vn 0.3198920 0.8414468 -0.4354726
v 0.1395176 0.5219605 -0.1952575
vn -0.1687445 0.9692267 -0.1792343
v -0.1119615 0.5218540 -0.1697371
vn 0.0603975 0.9416695 0.3310751
v -0.1022832 0.5227976 -0.1538585
vn -0.0031306 0.9762680 0.2165436
v 0.0461673 0.5215026 0.1843977
vn -0.3742155 0.6832120 -0.6270441
v 0.0642924 0.5203478 0.1401286
vn 0.0827166 0.9963122 -0.0228042
v -0.1967365 0.5217400 0.0593612
vn -0.2050779 0.8841985 -0.4196856
v 0.0317160 0.5217396 0.1582290
vn -0.0705516 0.9785798 0.1934015
v -0.1093190 0.5214942 0.1680923
vn -0.1011692 0.9943053 -0.0334947
v 0.0769443 0.5273934 0.1504395
vn 0.4559734 0.8883742 -0.0536614
v 0.2407215 0.5022742 -0.0326810
vn 0.3467595 0.9305936 -0.1172753
v 0.1703111 0.5203287 -0.1350954
vn 0.2160757 0.9755359 0.0405099
v -0.1949346 0.5206669 -0.0480716
vn -0.0653133 0.9256732 -0.3726436
v -0.0027277 0.5210881 0.1698820
vn 0.1693863 0.4826206 0.8592937
v -0.0658376 0.5204850 -0.1607488
vn 0.0174292 0.9765463 0.2146008
v 0.1257580 0.5337312 0.1161797
vn 0.1741305 0.9690120 -0.1751983
v 0.1196653 0.5299519 -0.1785246
vn 0.2298160 0.9365221 -0.2647851
v -0.1573687 0.5213313 0.1165806
vn 0.4010065 0.9018428 -0.1608521
v 0.1906793 0.5171037 -0.0996861
vn 0.1533607 0.9833047 -0.0979410
v -0.1863810 0.5213667 0.0834655
vn -0.8221214 0.5341712 0.1969201
v 0.1424511 0.5288154 -0.0322751
vn -0.7885903 0.4902510 0.3711865
v 0.1222597 0.5286504 -0.0808389
vn -0.0307478 0.6312736 0.7749504
v -0.0372030 0.5271940 -0.1669310
vn -0.1510176 0.6412733 0.7523046
v -0.0142809 0.5291913 -0.1656969
vn 0.2764608 0.9530847 -0.1232846
v 0.1586091 0.5392361 -0.0654273
vn -0.1697559 0.9426942 0.2872467
v 0.0299856 0.5371363 -0.1612560
vn -0.4446641 0.8874430 -0.1213212
v 0.1429223 0.5402013 0.0454652
vn -0.0105764 0.9991068 -0.0409118
v 0.0574946 0.5402746 -0.1651825
vn 0.1642428 0.9809701 0.1035465
v 0.1488120 0.5401033 0.0698157
vn -0.1008351 0.9747252 0.1993568
v -0.0046425 0.5330962 -0.1711061
vn 0.2504801 0.9494478 -0.1892315
v 0.1474708 0.5353732 -0.0994727
vn -0.0731694 0.9686161 -0.2375484
v 0.0119108 0.5336522 -0.1835584
vn 0.2765859 0.9607375 -0.0219919
v 0.1678592 0.5389419 -0.0097206
vn -0.4016087 0.7302766 0.5526360
v 0.0804935 0.5313736 -0.1310597
vn -0.0236907 0.9329219 -0.3592985
v 0.0430335 0.5265468 -0.2060853
vn 0.0785466 0.9922097 -0.0966978
v 0.1271775 0.5354800 -0.1175209
vn -0.0164240 0.9911075 0.1320465
v 0.0875457 0.5374267 -0.1443165
vn -0.1301664 0.9892386 0.0668110
v 0.1300233 0.5386775 0.0957344
vn -0.5044224 0.8449377 0.1778722
v 0.1346244 0.5410122 -0.0664238
vn -0.2544958 0.9670069 -0.0113837
v 0.1329899 0.5399790 -0.0844681
vn -0.3559816 0.9338716 0.0340758
v 0.1532622 0.5393795 -0.0268757
vn -0.0388769 0.9907988 0.1296392
v 0.1500979 0.5417117 -0.0529923
vn 0.2106074 0.9774601 0.0147091
v 0.1614424 0.5409262 0.0273222
vn -0.4685151 0.8818863 -0.0526320
v 0.1528656 0.5390624 0.0049235
# 3960 vertices, 0 vertices normals

f 45//45 22//22 24//24
f 32//32 45//45 24//24
f 45//45 46//46 44//44
f 46//46 45//45 77//77
f 112//112 144//144 75//75
f 84//84 130//130 75//75
f 245//245 266//266 184//184
f 266//266 178//178 184//184
f 266//266 192//192 178//178
f 266//266 254//254 192//192
f 254//254 202//202 192//192
f 254//254 253//253 202//202
f 253//253 263//263 202//202
f 263//263 190//190 202//202
f 368//368 355//355 369//369
f 434//434 431//431 289//289
f 289//289 431//431 340//340
f 347//347 340//340 394//394
f 347//347 394//394 365//365
f 351//351 406//406 434//434
f 444//444 279//279 504//504
f 458//458 504//504 279//279
f 465//465 357//357 471//471
f 485//485 404//404 486//486
f 402//402 404//404 485//485
f 485//485 486//486 569//569
f 595//595 714//714 627//627
f 727//727 626//626 641//641
f 669//669 682//682 626//626
f 626//626 727//727 669//669
f 625//625 668//668 738//738
f 738//738 728//728 625//625
f 729//729 701//701 813//813
f 634//634 606//606 765//765
f 809//809 683//683 737//737
f 787//787 801//801 695//695
f 821//821 695//695 801//801
f 688//688 788//788 941//941
f 813//813 805//805 832//832
f 836//836 722//722 756//756
f 630//630 836//836 962//962
f 813//813 832//832 756//756
f 913//913 886//886 820//820
f 844//844 899//899 835//835
f 967//967 957//957 1044//1044
f 1009//1009 971//971 1000//1000
f 1009//1009 1000//1000 1040//1040
f 922//922 980//980 1056//1056
f 1053//1053 980//980 982//982
f 1184//1184 1006//1006 1200//1200
f 1265//1265 1200//1200 1002//1002
f 1274//1274 1204//1204 1015//1015
f 1082//1082 1046//1046 1226//1226
f 1274//1274 1380//1380 1204//1204
f 1268//1268 1271//1271 1093//1093
f 1421//1421 1527//1527 1378//1378
f 1527//1527 1493//1493 1361//1361
f 1449//1449 1491//1491 1493//1493
f 1499//1499 1449//1449 1493//1493
f 1527//1527 1499//1499 1493//1493
f 1388//1388 1499//1499 1461//1461
f 1544//1544 1470//1470 1431//1431
f 1544//1544 1431//1431 1456//1456
f 1774//1774 1657//1657 1710//1710
f 1710//1710 1657//1657 1571//1571
f 1784//1784 1558//1558 1671//1671
f 1741//1741 1883//1883 1809//1809
f 1809//1809 1733//1733 1741//1741
f 1802//1802 1770//1770 1787//1787
f 1787//1787 1695//1695 1880//1880
f 1706//1706 1770//1770 1776//1776
f 1776//1776 1770//1770 1802//1802
f 1820//1820 1880//1880 1695//1695
f 1908//1908 1943//1943 1857//1857
f 1957//1957 1950//1950 1778//1778
f 1952//1952 1978//1978 1797//1797
f 1929//1929 1797//1797 1978//1978
f 1876//1876 1962//1962 1960//1960
f 2001//2001 1871//1871 2000//2000
f 1893//1893 2008//2008 2074//2074
f 1891//1891 2039//2039 2077//2077
f 1992//1992 2186//2186 2000//2000
f 1992//1992 1973//1973 2046//2046
f 2074//2074 2100//2100 2006//2006
f 2008//2008 2145//2145 2074//2074
f 2044//2044 1996//1996 2042//2042
f 2026//2026 2042//2042 1996//1996
f 1913//1913 1969//1969 2026//2026
f 2043//2043 2020//2020 2085//2085
f 1926//1926 2020//2020 2043//2043
f 2020//2020 1928//1928 2098//2098
f 2098//2098 2085//2085 2020//2020
f 2043//2043 2025//2025 1895//1895
f 2103//2103 2124//2124 1984//1984
f 1968//1968 1984//1984 2124//2124
f 1989//1989 2072//2072 1981//1981
f 1955//1955 1968//1968 2052//2052
f 2164//2164 2075//2075 2097//2097
f 2088//2088 2265//2265 2067//2067
f 2233//2233 2121//2121 2067//2067
f 2120//2120 2121//2121 2233//2233
f 2288//2288 2285//2285 2149//2149
f 2252//2252 2295//2295 2188//2188
f 2208//2208 2190//2190 2309//2309
f 2274//2274 2208//2208 2309//2309
f 2291//2291 2350//2350 2337//2337
f 2432//2432 2447//2447 2337//2337
f 2502//2502 2337//2337 2350//2350
f 2601//2601 2249//2249 2808//2808
f 2808//2808 2251//2251 2770//2770
f 2739//2739 2491//2491 2439//2439
f 2556//2556 2739//2739 2439//2439
f 2424//2424 2463//2463 2726//2726
f 2570//2570 2424//2424 2726//2726
f 2463//2463 2577//2577 2628//2628
f 2590//2590 2577//2577 2588//2588
f 2588//2588 2508//2508 2590//2590
f 2643//2643 2647//2647 2648//2648
f 2837//2837 2710//2710 2704//2704
f 2715//2715 2710//2710 2837//2837
f 2747//2747 2787//2787 2801//2801
f 2747//2747 2801//2801 2803//2803
f 2801//2801 2771//2771 2803//2803
f 2628//2628 2597//2597 2599//2599
f 2768//2768 2762//2762 2871//2871
f 2871//2871 2858//2858 2768//2768
f 2858//2858 2829//2829 2768//2768
f 2831//2831 2829//2829 2906//2906
f 2906//2906 2872//2872 2831//2831
f 2757//2757 2872//2872 2982//2982
f 3034//3034 2906//2906 2932//2932
f 2982//2982 2872//2872 3034//3034
f 3202//3202 3110//3110 3152//3152
f 3202//3202 3152//3152 3044//3044
f 3222//3222 2984//2984 3234//3234
f 2984//2984 3071//3071 3234//3234
f 3186//3186 3041//3041 3146//3146
f 3186//3186 3071//3071 3041//3041
f 3187//3187 3186//3186 3146//3146
f 3334//3334 3353//3353 3380//3380
f 3432//3432 3353//3353 3302//3302
f 3302//3302 3379//3379 3432//3432
f 3505//3505 3449//3449 3407//3407
f 3449//3449 3505//3505 3497//3497
f 3449//3449 3521//3521 3442//3442
f 3521//3521 3449//3449 3568//3568
f 3568//3568 3476//3476 3521//3521
f 3521//3521 3476//3476 3470//3470
f 3528//3528 3460//3460 3472//3472
f 3644//3644 3405//3405 3372//3372
f 3598//3598 3510//3510 3644//3644
f 3554//3554 3593//3593 3573//3573
f 3633//3633 3526//3526 3554//3554
f 3629//3629 3526//3526 3633//3633
f 3597//3597 3656//3656 3497//3497
f 3631//3631 3627//3627 3448//3448
f 3533//3533 3572//3572 3687//3687
f 3667//3667 3548//3548 3622//3622
f 3664//3664 3624//3624 3733//3733
f 3624//3624 3607//3607 3676//3676
f 3676//3676 3733//3733 3624//3624
f 3772//3772 3704//3704 3784//3784
f 3785//3785 3784//3784 3709//3709
f 3784//3784 3704//3704 3709//3709
f 3760//3760 3742//3742 3729//3729
f 3749//3749 3743//3743 3722//3722
f 3650//3650 3752//3752 3777//3777
f 3724//3724 3722//3722 3743//3743
f 3706//3706 3722//3722 3724//3724
f 3779//3779 3808//3808 3763//3763
f 3763//3763 3808//3808 3744//3744
f 3765//3765 3612//3612 3815//3815
f 3688//3688 3750//3750 3810//3810
f 3810//3810 3750//3750 3803//3803
f 3949//3949 3842//3842 3927//3927
f 3941//3941 3927//3927 3875//3875
f 3928//3928 3947//3947 3935//3935
f 3946//3946 3939//3939 3940//3940
f 3946//3946 3917//3917 3939//3939
f 54//54 164//164 62//62
f 22//22 97//97 54//54
f 423//423 468//468 406//406
f 452//452 490//490 332//332
f 473//473 452//452 474//474
f 473//473 474//474 534//534
f 534//534 474//474 432//432
f 436//436 460//460 366//366
f 436//436 491//491 460//460
f 549//549 491//491 436//436
f 515//515 601//601 450//450
f 643//643 450//450 640//640
f 659//659 563//563 602//602
f 731//731 726//726 619//619
f 619//619 617//617 731//731
f 815//815 778//778 998//998
f 822//822 1026//1026 806//806
f 863//863 864//864 806//806
f 958//958 829//829 847//847
f 912//912 1038//1038 958//958
f 1132//1132 943//943 994//994
f 1236//1236 1201//1201 1222//1222
f 1530//1530 1307//1307 1379//1379
f 1530//1530 1474//1474 1307//1307
f 1558//1558 1547//1547 1486//1486
f 1643//1643 1630//1630 1535//1535
f 1573//1573 1517//1517 1635//1635
f 1631//1631 1476//1476 1702//1702
f 1516//1516 1627//1627 1686//1686
f 1686//1686 1629//1629 1516//1516
f 1677//1677 1568//1568 1628//1628
f 1628//1628 1629//1629 1677//1677
f 1560//1560 1693//1693 1933//1933
f 1771//1771 1560//1560 1933//1933
f 1845//1845 1873//1873 1722//1722
f 1633//1633 1899//1899 1686//1686
f 1899//1899 1782//1782 1686//1686
f 1899//1899 1921//1921 1782//1782
f 1962//1962 2055//2055 1960//1960
f 2055//2055 2034//2034 1960//1960
f 1911//1911 1888//1888 1980//1980
f 1947//1947 1983//1983 2062//2062
f 2181//2181 2371//2371 2119//2119
f 2226//2226 2119//2119 2371//2371
f 2197//2197 2203//2203 2248//2248
f 2444//2444 2248//2248 2203//2203
f 2225//2225 2444//2444 2203//2203
f 2092//2092 2119//2119 2226//2226
f 2199//2199 2092//2092 2226//2226
f 2227//2227 2199//2199 2226//2226
f 2410//2410 2439//2439 2378//2378
f 2381//2381 2386//2386 2423//2423
f 2423//2423 2509//2509 2381//2381
f 2509//2509 2500//2500 2410//2410
f 2474//2474 2415//2415 2361//2361
f 2474//2474 2485//2485 2415//2415
f 2260//2260 2392//2392 2474//2474
f 2897//2897 2805//2805 2774//2774
f 2909//2909 2800//2800 2880//2880
f 2827//2827 2880//2880 2714//2714
f 2917//2917 2713//2713 2904//2904
f 2717//2717 2713//2713 2917//2917
f 2917//2917 2807//2807 2717//2717
f 2917//2917 2920//2920 2807//2807
f 3009//3009 2824//2824 3070//3070
f 2824//2824 2785//2785 3056//3056
f 2966//2966 3056//3056 2785//2785
f 2933//2933 3122//3122 2868//2868
f 3029//3029 2900//2900 3074//3074
f 3029//3029 2850//2850 2900//2900
f 3093//3093 3221//3221 3109//3109
f 3212//3212 3173//3173 3130//3130
f 3225//3225 3105//3105 3197//3197
f 3129//3129 3176//3176 3139//3139
f 3139//3139 3176//3176 3113//3113
f 3150//3150 3015//3015 3170//3170
f 3256//3256 3185//3185 3211//3211
f 3217//3217 3168//3168 3240//3240
f 3235//3235 3178//3178 3237//3237
f 3443//3443 3413//3413 3415//3415
f 3319//3319 3559//3559 3504//3504
f 3453//3453 3537//3537 3371//3371
f 3537//3537 3453//3453 3488//3488
f 3339//3339 3506//3506 3466//3466
f 3466//3466 3506//3506 3488//3488
f 3657//3657 3692//3692 3734//3734
f 3652//3652 3684//3684 3833//3833
f 3718//3718 3837//3837 3811//3811
f 3718//3718 3755//3755 3821//3821
f 31//31 186//186 86//86
f 133//133 86//86 186//186
f 211//211 193//193 129//129
f 129//129 144//144 211//211
f 143//143 118//118 283//283
f 143//143 344//344 209//209
f 201//201 252//252 236//236
f 415//415 419//419 236//236
f 321//321 496//496 239//239
f 245//245 239//239 496//496
f 647//647 607//607 729//729
f 722//722 550//550 677//677
f 648//648 566//566 775//775
f 648//648 592//592 564//564
f 691//691 767//767 660//660
f 795//795 622//622 767//767
f 870//870 814//814 849//849
f 814//814 841//841 873//873
f 991//991 890//890 821//821
f 829//829 905//905 749//749
f 829//829 969//969 905//905
f 1101//1101 956//956 824//824
f 1101//1101 824//824 770//770
f 1058//1058 1101//1101 770//770
f 993//993 1044//1044 911//911
f 957//957 911//911 1044//1044
f 1140//1140 973//973 1060//1060
f 1614//1614 1196//1196 1385//1385
f 1385//1385 1159//1159 1316//1316
f 1638//1638 1684//1684 1270//1270
f 1358//1358 1638//1638 1270//1270
f 1413//1413 1326//1326 1523//1523
f 1550//1550 1532//1532 1519//1519
f 1519//1519 1520//1520 1626//1626
f 1626//1626 1478//1478 1712//1712
f 1520//1520 1478//1478 1626//1626
f 1454//1454 1692//1692 1329//1329
f 1603//1603 1454//1454 1543//1543
f 1738//1738 1356//1356 1462//1462
f 1738//1738 1512//1512 1356//1356
f 1693//1693 1577//1577 1639//1639
f 1586//1586 1747//1747 1585//1585
f 1586//1586 1574//1574 1656//1656
f 1857//1857 1745//1745 1732//1732
f 1766//1766 1924//1924 1732//1732
f 1896//1896 1924//1924 1766//1766
f 1872//1872 1603//1603 1809//1809
f 1848//1848 1814//1814 1738//1738
f 1814//1814 1850//1850 1781//1781
f 1956//1956 1891//1891 2077//2077
f 2039//2039 1960//1960 2034//2034
f 2006//2006 1954//1954 2074//2074
f 2101//2101 2103//2103 2025//2025
f 2041//2041 2160//2160 2256//2256
f 2175//2175 2256//2256 2160//2160
f 2160//2160 2116//2116 2175//2175
f 2116//2116 2036//2036 2204//2204
f 2242//2242 2287//2287 2262//2262
f 2348//2348 2136//2136 2210//2210
f 2214//2214 2205//2205 2085//2085
f 2214//2214 2243//2243 2205//2205
f 2286//2286 2229//2229 2207//2207
f 2229//2229 2356//2356 2052//2052
f 2245//2245 2348//2348 2464//2464
f 2486//2486 2348//2348 2210//2210
f 2486//2486 2210//2210 2394//2394
f 2367//2367 2440//2440 2412//2412
f 2377//2377 2440//2440 2367//2367
f 2384//2384 2369//2369 2436//2436
f 2446//2446 2693//2693 2413//2413
f 2693//2693 2446//2446 2558//2558
f 2392//2392 2676//2676 2818//2818
f 2765//2765 2625//2625 2874//2874
f 2874//2874 2625//2625 2879//2879
f 2897//2897 2702//2702 2962//2962
f 2897//2897 2774//2774 2702//2702
f 2935//2935 2832//2832 2983//2983
f 2918//2918 2856//2856 2960//2960
f 2856//2856 2918//2918 2864//2864
f 3052//3052 2760//2760 3035//3035
f 2939//2939 2780//2780 3011//3011
f 2780//2780 2902//2902 3011//3011
f 3002//3002 2972//2972 3052//3052
f 2948//2948 3005//3005 3015//3015
f 3272//3272 3147//3147 3162//3162
f 3173//3173 3212//3212 3312//3312
f 3344//3344 3278//3278 3225//3225
f 3225//3225 3197//3197 3227//3227
f 3244//3244 3219//3219 3155//3155
f 3319//3319 3465//3465 3559//3559
f 3465//3465 3355//3355 3416//3416
f 3375//3375 3387//3387 3486//3486
f 3613//3613 3486//3486 3387//3387
f 3639//3639 3630//3630 3720//3720
f 3684//3684 3617//3617 3639//3639
f 3701//3701 3630//3630 3671//3671
f 3701//3701 3720//3720 3630//3630
f 3704//3704 3671//3671 3677//3677
f 3709//3709 3704//3704 3677//3677
f 3677//3677 3641//3641 3709//3709
f 3709//3709 3641//3641 3646//3646
f 3765//3765 3531//3531 3612//3612
f 3750//3750 3735//3735 3717//3717
f 121//121 97//97 22//22
f 121//121 45//45 96//96
f 164//164 63//63 62//62
f 305//305 322//322 300//300
f 234//234 308//308 272//272
f 234//234 354//354 308//308
f 280//280 172//172 356//356
f 280//280 356//356 515//515
f 378//378 280//280 515//515
f 679//679 563//563 659//659
f 679//679 594//594 563//563
f 679//679 543//543 594//594
f 625//625 543//543 679//679
f 654//654 611//611 625//625
f 607//607 539//539 632//632
f 701//701 607//607 632//632
f 559//559 607//607 647//647
f 677//677 603//603 647//647
f 677//677 550//550 603//603
f 550//550 630//630 605//605
f 711//711 666//666 551//551
f 711//711 704//704 666//666
f 551//551 666//666 615//615
f 923//923 802//802 859//859
f 923//923 859//859 850//850
f 972//972 842//842 798//798
f 845//845 853//853 762//762
f 861//861 853//853 845//845
f 854//854 915//915 889//889
f 933//933 920//920 902//902
f 850//850 907//907 923//923
f 850//850 880//880 984//984
f 842//842 984//984 880//880
f 1050//1050 1051//1051 1067//1067
f 1011//1011 1051//1051 1050//1050
f 1120//1120 1051//1051 1011//1011
f 1011//1011 990//990 1120//1120
f 1103//1103 1011//1011 1050//1050
f 985//985 1130//1130 1289//1289
f 987//987 985//985 1289//1289
f 1147//1147 987//987 1218//1218
f 1147//1147 1203//1203 1098//1098
f 1148//1148 1098//1098 1203//1203
f 1203//1203 1359//1359 1148//1148
f 1300//1300 1216//1216 1298//1298
f 1300//1300 1280//1280 1216//1216
f 1247//1247 1300//1300 1299//1299
f 1300//1300 1298//1298 1299//1299
f 1247//1247 1280//1280 1300//1300
f 1445//1445 1301//1301 1417//1417
f 1398//1398 1301//1301 1445//1445
f 1417//1417 1301//1301 1337//1337
f 1337//1337 1265//1265 1377//1377
f 1377//1377 1265//1265 1391//1391
f 1320//1320 1323//1323 1613//1613
f 1613//1613 1323//1323 1418//1418
f 1507//1507 1565//1565 1338//1338
f 1507//1507 1410//1410 1513//1513
f 1498//1498 1091//1091 1430//1430
f 1823//1823 1427//1427 1479//1479
f 1558//1558 1486//1486 1582//1582
f 1572//1572 1540//1540 1571//1571
f 1540//1540 1453//1453 1571//1571
f 1582//1582 1486//1486 1572//1572
f 1659//1659 1587//1587 1550//1550
f 1644//1644 1509//1509 1606//1606
f 1524//1524 1650//1650 1618//1618
f 1681//1681 1749//1749 1621//1621
f 1769//1769 1786//1786 1665//1665
f 1769//1769 1665//1665 1568//1568
f 1589//1589 1749//1749 1722//1722
f 1648//1648 1589//1589 1722//1722
f 1835//1835 1566//1566 1818//1818
f 1821//1821 1858//1858 1675//1675
f 1877//1877 1858//1858 1821//1821
f 2136//2136 2057//2057 2108//2108
f 2136//2136 2118//2118 1974//1974
f 2124//2124 2052//2052 1968//1968
f 2111//2111 2059//2059 2035//2035
f 2111//2111 2114//2114 2059//2059
f 2108//2108 2064//2064 1986//1986
f 2108//2108 2057//2057 2064//2064
f 2212//2212 2128//2128 2069//2069
f 2133//2133 2178//2178 2232//2232
f 2186//2186 2133//2133 2244//2244
f 2278//2278 2178//2178 2075//2075
f 2075//2075 2164//2164 2278//2278
f 2240//2240 2225//2225 2167//2167
f 2225//2225 2152//2152 2167//2167
f 2227//2227 2240//2240 2199//2199
f 2240//2240 2167//2167 2199//2199
f 2303//2303 2313//2313 2187//2187
f 2265//2265 2187//2187 2313//2313
f 2294//2294 2272//2272 2313//2313
f 2294//2294 2315//2315 2272//2272
f 2324//2324 2272//2272 2315//2315
f 2308//2308 2302//2302 2334//2334
f 2604//2604 2593//2593 2849//2849
f 2303//2303 2673//2673 2674//2674
f 2434//2434 2303//2303 2674//2674
f 2809//2809 2873//2873 2758//2758
f 2809//2809 2758//2758 2776//2776
f 2985//2985 2846//2846 2813//2813
f 2928//2928 2994//2994 2731//2731
f 3117//3117 3035//3035 2825//2825
f 3209//3209 3271//3271 3075//3075
f 3268//3268 3164//3164 3233//3233
f 3271//3271 3236//3236 3075//3075
f 3271//3271 3261//3261 3252//3252
f 3200//3200 3271//3271 3252//3252
f 3361//3361 3242//3242 3263//3263
f 3405//3405 3410//3410 3372//3372
f 3366//3366 3372//3372 3410//3410
f 3410//3410 3405//3405 3406//3406
f 3456//3456 3366//3366 3410//3410
f 3701//3701 3671//3671 3659//3659
f 3659//3659 3620//3620 3655//3655
f 3655//3655 3620//3620 3595//3595
f 3659//3659 3671//3671 3620//3620
f 3671//3671 3704//3704 3620//3620
f 3704//3704 3626//3626 3620//3620
f 3704//3704 3772//3772 3626//3626
f 3679//3679 3788//3788 3767//3767
f 3767//3767 3730//3730 3679//3679
f 3681//3681 3679//3679 3730//3730
f 3690//3690 3681//3681 3730//3730
f 3835//3835 3791//3791 3915//3915
f 3778//3778 3791//3791 3835//3835
f 3778//3778 3835//3835 3818//3818
f 3835//3835 3892//3892 3818//3818
f 3954//3954 3945//3945 3943//3943
f 3945//3945 3959//3959 3943//3943
f 3943//3943 3959//3959 3960//3960
f 3960//3960 3959//3959 3957//3957
f 3949//3949 3957//3957 3959//3959
f 60//60 41//41 11//11
f 231//231 166//166 234//234
f 259//259 166//166 156//156
f 234//234 166//166 259//259
f 216//216 174//174 183//183
f 462//462 422//422 489//489
f 359//359 489//489 422//422
f 384//384 422//422 462//462
f 462//462 411//411 384//384
f 534//534 432//432 446//446
f 540//540 586//586 449//449
f 431//431 443//443 478//478
f 479//479 437//437 478//478
f 691//691 620//620 800//800
f 859//859 689//689 850//850
f 689//689 880//880 850//850
f 747//747 842//842 880//880
f 861//861 845//845 826//826
f 1011//1011 995//995 990//990
f 1103//1103 995//995 1011//1011
f 1179//1179 1180//1180 990//990
f 1069//1069 1033//1033 1163//1163
f 1006//1006 1163//1163 1033//1033
f 975//975 1019//1019 1186//1186
f 1186//1186 991//991 975//975
f 1051//1051 1119//1119 1067//1067
f 990//990 1180//1180 1292//1292
f 967//967 1305//1305 1365//1365
f 1206//1206 1152//1152 1140//1140
f 1140//1140 1152//1152 973//973
f 1312//1312 1125//1125 1423//1423
f 1149//1149 1423//1423 1125//1125
f 1149//1149 1151//1151 1423//1423
f 1321//1321 1087//1087 1328//1328
f 1794//1794 1801//1801 1979//1979
f 1918//1918 1631//1631 1826//1826
f 1834//1834 1918//1918 1826//1826
f 1872//1872 1809//1809 1938//1938
f 1850//1850 1849//1849 1936//1936
f 1958//1958 1850//1850 1936//1936
f 2031//2031 1883//1883 1958//1958
f 1938//1938 1883//1883 2031//2031
f 2005//2005 1776//1776 1802//1802
f 1881//1881 1820//1820 1886//1886
f 1983//1983 1907//1907 1675//1675
f 1914//1914 1853//1853 1904//1904
f 1919//1919 1942//1942 1865//1865
f 1942//1942 1974//1974 1864//1864
f 1864//1864 1865//1865 1942//1942
f 1942//1942 1919//1919 2057//2057
f 1926//1926 1889//1889 2020//2020
f 1889//1889 1928//1928 2020//2020
f 1981//1981 1928//1928 1870//1870
f 1931//1931 2194//2194 2068//2068
f 1948//1948 1896//1896 2048//2048
f 2048//2048 2027//2027 1948//1948
f 1896//1896 2049//2049 2048//2048
f 2030//2030 1936//1936 1931//1931
f 2072//2072 2098//2098 1981//1981
f 2282//2282 2262//2262 2176//2176
f 2271//2271 2399//2399 2252//2252
f 2306//2306 2263//2263 2228//2228
f 2349//2349 2257//2257 2228//2228
f 2228//2228 2149//2149 2349//2349
f 2285//2285 2349//2349 2149//2149
f 2374//2374 2309//2309 2298//2298
f 2309//2309 2375//2375 2274//2274
f 2383//2383 2253//2253 2419//2419
f 2317//2317 2419//2419 2253//2253
f 2274//2274 2317//2317 2253//2253
f 2362//2362 2364//2364 2261//2261
f 2321//2321 2326//2326 2327//2327
f 2321//2321 2362//2362 2326//2326
f 2261//2261 2326//2326 2362//2362
f 2317//2317 2274//2274 2375//2375
f 2317//2317 2375//2375 2321//2321
f 2326//2326 2275//2275 2327//2327
f 2232//2232 2389//2389 2244//2244
f 2515//2515 2442//2442 2450//2450
f 2515//2515 2394//2394 2442//2442
f 2515//2515 2453//2453 2394//2394
f 2486//2486 2394//2394 2453//2453
f 2420//2420 2241//2241 2380//2380
f 2530//2530 2431//2431 2614//2614
f 2506//2506 2499//2499 2492//2492
f 2506//2506 2492//2492 2437//2437
f 2456//2456 2441//2441 2427//2427
f 2635//2635 2443//2443 2456//2456
f 2741//2741 2612//2612 2745//2745
f 2745//2745 2612//2612 2636//2636
f 2517//2517 3023//3023 2686//2686
f 2692//2692 2687//2687 2638//2638
f 2523//2523 2701//2701 2660//2660
f 2856//2856 2524//2524 2936//2936
f 2936//2936 2524//2524 2964//2964
f 2628//2628 2599//2599 2727//2727
f 2560//2560 2516//2516 3051//3051
f 2821//2821 2742//2742 2667//2667
f 2886//2886 2746//2746 2844//2844
f 2810//2810 2852//2852 2770//2770
f 2836//2836 2911//2911 2667//2667
f 2821//2821 2667//2667 2911//2911
f 2958//2958 3109//3109 3006//3006
f 2983//2983 2938//2938 2976//2976
f 2871//2871 2937//2937 3106//3106
f 2982//2982 3034//3034 3208//3208
f 3175//3175 2982//2982 3208//3208
f 3175//3175 3020//3020 2982//2982
f 3004//3004 3032//3032 3144//3144
f 3036//3036 3037//3037 3165//3165
f 3188//3188 2975//2975 3115//3115
f 3116//3116 3070//3070 3119//3119
f 3119//3119 3118//3118 3116//3116
f 3070//3070 3056//3056 3119//3119
f 3097//3097 3119//3119 3056//3056
f 2993//2993 3157//3157 2979//2979
f 3108//3108 2966//2966 3040//3040
f 3267//3267 3266//3266 3174//3174
f 3216//3216 3097//3097 3108//3108
f 3125//3125 3157//3157 3219//3219
f 3125//3125 3211//3211 3102//3102
f 3267//3267 3121//3121 3228//3228
f 3401//3401 3267//3267 3228//3228
f 3342//3342 3231//3231 3241//3241
f 3342//3342 3241//3241 3331//3331
f 3315//3315 3150//3150 3170//3170
f 3278//3278 3362//3362 3212//3212
f 3316//3316 3150//3150 3315//3315
f 3392//3392 3330//3330 3532//3532
f 3450//3450 3404//3404 3389//3389
f 3450//3450 3389//3389 3452//3452
f 3389//3389 3409//3409 3452//3452
f 3452//3452 3409//3409 3412//3412
f 3412//3412 3492//3492 3452//3452
f 3494//3494 3418//3418 3446//3446
f 3601//3601 3492//3492 3421//3421
f 3371//3371 3532//3532 3330//3330
f 3637//3637 3550//3550 3543//3543
f 3588//3588 3367//3367 3614//3614
f 3861//3861 3814//3814 3836//3836
f 3818//3818 3851//3851 3865//3865
f 3892//3892 3851//3851 3818//3818
f 162//162 177//177 154//154
f 110//110 143//143 209//209
f 164//164 220//220 125//125
f 222//222 201//201 125//125
f 510//510 508//508 445//445
f 515//515 450//450 378//378
f 634//634 569//569 606//606
f 606//606 486//486 672//672
f 672//672 638//638 675//675
f 675//675 591//591 610//610
f 675//675 638//638 591//591
f 675//675 610//610 703//703
f 684//684 703//703 610//610
f 764//764 694//694 601//601
f 724//724 762//762 747//747
f 724//724 730//730 694//694
f 724//724 845//845 762//762
f 878//878 824//824 956//956
f 839//839 824//824 878//878
f 878//878 810//810 839//839
f 797//797 739//739 856//856
f 953//953 992//992 1049//1049
f 986//986 955//955 892//892
f 846//846 955//955 986//986
f 1392//1392 1039//1039 1159//1159
f 1039//1039 1068//1068 1092//1092
f 1033//1033 1069//1069 1106//1106
f 1106//1106 1386//1386 1033//1033
f 1386//1386 979//979 1033//1033
f 1019//1019 979//979 1386//1386
f 1197//1197 1036//1036 1104//1104
f 1197//1197 1170//1170 1062//1062
f 1334//1334 1160//1160 1202//1202
f 1202//1202 1342//1342 1334//1334
f 1639//1639 1577//1577 1103//1103
f 1308//1308 1057//1057 1152//1152
f 1308//1308 1131//1131 1057//1057
f 1285//1285 1244//1244 1194//1194
f 1244//1244 1206//1206 1194//1194
f 1256//1256 1209//1209 1297//1297
f 1256//1256 1297//1297 1304//1304
f 1304//1304 1335//1335 1256//1256
f 1366//1366 1260//1260 1397//1397
f 1397//1397 1260//1260 1344//1344
f 1389//1389 1532//1532 1411//1411
f 1483//1483 1389//1389 1312//1312
f 1389//1389 1164//1164 1312//1312
f 1532//1532 1389//1389 1483//1483
f 1182//1182 1374//1374 1221//1221
f 1438//1438 1484//1484 1394//1394
f 1438//1438 1394//1394 1491//1491
f 1468//1468 1533//1533 1650//1650
f 1556//1556 1544//1544 1456//1456
f 1605//1605 1456//1456 1480//1480
f 1456//1456 1441//1441 1480//1480
f 1587//1587 1480//1480 1532//1532
f 1605//1605 1480//1480 1587//1587
f 1708//1708 1649//1649 1827//1827
f 1728//1728 1708//1708 1764//1764
f 1649//1649 1757//1757 1827//1827
f 1793//1793 1757//1757 1625//1625
f 1871//1871 1874//1874 1767//1767
f 1829//1829 1874//1874 1856//1856
f 1767//1767 1874//1874 1829//1829
f 1800//1800 1773//1773 1844//1844
f 2195//2195 2052//2052 2433//2433
f 2276//2276 2214//2214 2093//2093
f 2195//2195 2305//2305 2189//2189
f 2313//2313 2233//2233 2265//2265
f 2313//2313 2272//2272 2233//2233
f 2272//2272 2201//2201 2233//2233
f 2272//2272 2324//2324 2201//2201
f 2320//2320 2179//2179 2300//2300
f 2372//2372 2357//2357 2366//2366
f 2251//2251 2218//2218 2570//2570
f 2218//2218 2352//2352 2570//2570
f 2396//2396 2246//2246 2283//2283
f 2396//2396 2283//2283 2335//2335
f 2283//2283 2292//2292 2335//2335
f 2353//2353 2604//2604 2511//2511
f 2630//2630 2450//2450 2700//2700
f 2630//2630 2515//2515 2450//2450
f 2565//2565 2505//2505 2453//2453
f 2630//2630 2565//2565 2515//2515
f 2565//2565 2453//2453 2515//2515
f 2611//2611 2645//2645 2591//2591
f 2294//2294 2434//2434 2469//2469
f 2514//2514 2465//2465 2657//2657
f 2438//2438 2635//2635 2583//2583
f 2697//2697 2583//2583 2635//2635
f 2697//2697 2657//2657 2637//2637
f 2657//2657 2465//2465 2637//2637
f 2697//2697 2637//2637 2578//2578
f 2697//2697 2578//2578 2583//2583
f 2690//2690 2730//2730 2561//2561
f 2764//2764 2842//2842 2806//2806
f 2842//2842 2620//2620 2998//2998
f 2620//2620 2843//2843 2953//2953
f 3022//3022 2712//2712 2734//2734
f 3022//3022 2734//2734 2826//2826
f 2782//2782 2876//2876 2725//2725
f 2905//2905 3000//3000 2902//2902
f 3066//3066 3038//3038 2934//2934
f 3094//3094 3030//3030 3009//3009
f 3055//3055 2929//2929 2988//2988
f 2929//2929 2886//2886 2988//2988
f 3055//3055 3112//3112 2929//2929
f 3034//3034 2932//2932 3136//3136
f 3207//3207 3238//3238 3110//3110
f 3207//3207 3110//3110 3202//3202
f 3240//3240 3256//3256 3264//3264
f 3256//3256 3211//3211 3317//3317
f 3557//3557 3463//3463 3563//3563
f 3557//3557 3424//3424 3463//3463
f 3538//3538 3467//3467 3557//3557
f 3557//3557 3467//3467 3424//3424
f 3487//3487 3455//3455 3570//3570
f 3668//3668 3601//3601 3525//3525
f 3601//3601 3530//3530 3525//3525
f 3535//3535 3653//3653 3532//3532
f 3537//3537 3535//3535 3371//3371
f 3582//3582 3581//3581 3506//3506
f 3581//3581 3488//3488 3506//3506
f 3581//3581 3537//3537 3488//3488
f 3783//3783 3806//3806 3719//3719
f 3714//3714 3682//3682 3806//3806
f 39//39 94//94 80//80
f 56//56 39//39 80//80
f 256//256 292//292 226//226
f 226//226 292//292 147//147
f 892//892 764//764 698//698
f 908//908 766//766 883//883
f 843//843 661//661 778//778
f 843//843 778//778 815//815
f 1041//1041 984//984 842//842
f 972//972 1041//1041 842//842
f 943//943 945//945 965//965
f 877//877 1105//1105 1024//1024
f 1182//1182 1032//1032 1190//1190
f 1190//1190 1032//1032 1137//1137
f 1240//1240 1306//1306 1094//1094
f 1240//1240 1275//1275 1306//1306
f 1027//1027 1240//1240 1071//1071
f 1180//1180 1179//1179 1220//1220
f 1430//1430 1091//1091 1332//1332
f 1385//1385 1392//1392 1159//1159
f 1372//1372 1092//1092 1363//1363
f 1376//1376 1316//1316 1239//1239
f 1345//1345 1376//1376 1239//1239
f 1418//1418 1419//1419 1458//1458
f 1419//1419 1492//1492 1458//1458
f 1458//1458 1613//1613 1418//1418
f 1588//1588 1429//1429 1466//1466
f 1446//1446 1429//1429 1588//1588
f 1303//1303 1446//1446 1426//1426
f 1450//1450 1304//1304 1426//1426
f 1560//1560 1577//1577 1693//1693
f 1745//1745 1759//1759 1670//1670
f 1761//1761 1701//1701 1698//1698
f 1761//1761 1698//1698 1676//1676
f 1831//1831 1761//1761 1676//1676
f 1759//1759 1831//1831 1676//1676
f 1801//1801 1756//1756 1788//1788
f 2458//2458 2389//2389 2402//2402
f 2547//2547 2402//2402 2403//2403
f 2547//2547 2403//2403 2534//2534
f 2883//2883 2695//2695 2693//2693
f 2545//2545 2695//2695 2883//2883
f 2470//2470 2545//2545 2883//2883
f 2952//2952 2788//2788 2877//2877
f 2721//2721 2788//2788 2952//2952
f 2899//2899 2623//2623 2869//2869
f 2814//2814 2840//2840 2812//2812
f 2870//2870 2910//2910 2723//2723
f 2910//2910 2820//2820 2723//2723
f 3106//3106 2858//2858 2871//2871
f 3034//3034 2872//2872 2906//2906
f 2757//2757 3020//3020 2991//2991
f 3327//3327 3279//3279 3280//3280
f 3327//3327 3280//3280 3359//3359
f 3392//3392 3328//3328 3330//3330
f 3306//3306 3377//3377 3404//3404
f 3348//3348 3343//3343 3446//3446
f 3446//3446 3418//3418 3348//3348
f 3418//3418 3289//3289 3348//3348
f 3378//3378 3333//3333 3418//3418
f 3421//3421 3354//3354 3333//3333
f 3481//3481 3451//3451 3619//3619
f 3579//3579 3619//3619 3451//3451
f 3579//3579 3451//3451 3458//3458
f 3558//3558 3555//3555 3708//3708
f 3708//3708 3635//3635 3558//3558
f 3661//3661 3647//3647 3614//3614
f 3725//3725 3705//3705 3694//3694
f 3705//3705 3699//3699 3597//3597
f 3656//3656 3597//3597 3699//3699
f 3790//3790 3802//3802 3824//3824
f 3805//3805 3809//3809 3786//3786
f 3787//3787 3786//3786 3809//3809
f 3780//3780 3787//3787 3809//3809
f 3695//3695 3791//3791 3778//3778
f 3883//3883 3878//3878 3876//3876
f 85//85 108//108 56//56
f 108//108 84//84 56//56
f 85//85 56//56 80//80
f 185//185 139//139 98//98
f 98//98 157//157 185//185
f 111//111 157//157 98//98
f 157//157 111//111 158//158
f 214//214 135//135 105//105
f 105//105 151//151 214//214
f 361//361 286//286 260//260
f 207//207 361//361 260//260
f 286//286 208//208 260//260
f 174//174 299//299 187//187
f 326//326 299//299 174//174
f 354//354 234//234 259//259
f 249//249 264//264 313//313
f 313//313 264//264 322//322
f 388//388 540//540 449//449
f 540//540 388//388 409//409
f 454//454 409//409 346//346
f 517//517 362//362 396//396
f 380//380 386//386 518//518
f 475//475 417//417 548//548
f 396//396 417//417 475//475
f 568//568 405//405 352//352
f 568//568 463//463 405//405
f 483//483 352//352 460//460
f 483//483 568//568 352//352
f 877//877 938//938 1105//1105
f 938//938 964//964 945//945
f 945//945 964//964 965//965
f 965//965 964//964 1001//1001
f 1043//1043 965//965 1001//1001
f 877//877 928//928 938//938
f 928//928 964//964 938//938
f 928//928 1001//1001 964//964
f 1013//1013 1001//1001 928//928
f 1013//1013 928//928 953//953
f 1168//1168 1041//1041 1024//1024
f 1142//1142 1168//1168 1024//1024
f 1462//1462 1508//1508 1867//1867
f 1519//1519 1532//1532 1483//1483
f 1519//1519 1483//1483 1520//1520
f 1520//1520 1423//1423 1478//1478
f 1568//1568 1555//1555 1581//1581
f 1581//1581 1628//1628 1568//1568
f 1629//1629 1628//1628 1516//1516
f 1569//1569 1617//1617 1690//1690
f 1745//1745 1712//1712 1732//1732
f 1670//1670 1626//1626 1745//1745
f 1745//1745 1626//1626 1712//1712
f 1692//1692 1766//1766 1712//1712
f 1692//1692 1454//1454 1872//1872
f 1454//1454 1603//1603 1872//1872
f 1943//1943 1745//1745 1857//1857
f 1943//1943 1831//1831 1745//1745
f 1908//1908 1857//1857 1732//1732
f 1908//1908 1732//1732 1924//1924
f 1998//1998 2160//2160 2041//2041
f 1998//1998 2036//2036 2160//2160
f 2036//2036 2013//2013 2204//2204
f 2134//2134 2178//2178 2133//2133
f 2311//2311 2300//2300 2201//2201
f 2399//2399 2379//2379 2445//2445
f 2252//2252 2399//2399 2445//2445
f 2382//2382 2293//2293 2306//2306
f 2492//2492 2349//2349 2285//2285
f 2288//2288 2437//2437 2285//2285
f 2437//2437 2288//2288 2465//2465
f 2594//2594 2409//2409 2477//2477
f 2478//2478 2409//2409 2344//2344
f 2478//2478 2477//2477 2409//2409
f 2452//2452 2478//2478 2304//2304
f 2478//2478 2344//2344 2304//2304
f 2532//2532 2792//2792 2562//2562
f 2602//2602 2532//2532 2536//2536
f 2585//2585 2618//2618 2536//2536
f 2602//2602 2536//2536 2618//2618
f 2564//2564 2618//2618 2585//2585
f 2452//2452 2516//2516 2478//2478
f 2725//2725 2535//2535 2586//2586
f 2612//2612 2725//2725 2586//2586
f 2469//2469 2434//2434 2702//2702
f 2599//2599 2560//2560 3051//3051
f 2844//2844 2746//2746 2742//2742
f 2935//2935 2499//2499 2506//2506
f 2782//2782 2881//2881 2876//2876
f 2850//2850 2881//2881 2882//2882
f 2944//2944 2818//2818 2995//2995
f 2980//2980 2936//2936 2964//2964
f 2980//2980 2960//2960 2936//2936
f 2970//2970 3007//3007 2951//2951
f 2960//2960 2980//2980 2990//2990
f 2951//2951 2990//2990 2980//2980
f 3007//3007 3145//3145 2901//2901
f 3145//3145 3076//3076 2901//2901
f 2926//2926 2901//2901 3076//3076
f 3113//3113 3067//3067 3035//3035
f 3081//3081 3015//3015 3150//3150
f 3248//3248 3259//3259 3169//3169
f 3313//3313 3207//3207 3243//3243
f 3239//3239 3169//3169 3259//3259
f 3259//3259 3289//3289 3239//3239
f 3329//3329 3268//3268 3233//3233
f 3329//3329 3233//3233 3253//3253
f 3329//3329 3393//3393 3399//3399
f 3420//3420 3399//3399 3393//3393
f 3666//3666 3555//3555 3419//3419
f 3708//3708 3555//3555 3666//3666
f 3666//3666 3500//3500 3670//3670
f 3419//3419 3500//3500 3666//3666
f 3394//3394 3558//3558 3635//3635
f 3635//3635 3396//3396 3394//3394
f 3646//3646 3636//3636 3703//3703
f 3788//3788 3679//3679 3508//3508
f 3679//3679 3430//3430 3508//3508
f 3679//3679 3681//3681 3430//3430
f 3690//3690 3589//3589 3681//3681
f 3690//3690 3611//3611 3589//3589
f 3611//3611 3544//3544 3589//3589
f 3799//3799 3774//3774 3616//3616
f 3577//3577 3578//3578 3858//3858
f 3612//3612 3577//3577 3858//3858
f 3825//3825 3858//3858 3578//3578
f 3726//3726 3696//3696 3794//3794
f 3918//3918 3884//3884 3861//3861
f 3861//3861 3884//3884 3838//3838
f 73//73 82//82 147//147
f 147//147 100//100 73//73
f 147//147 146//146 100//100
f 141//141 112//112 130//130
f 166//166 112//112 141//141
f 196//196 85//85 183//183
f 224//224 193//193 230//230
f 127//127 261//261 195//195
f 209//209 344//344 371//371
f 533//533 522//522 435//435
f 533//533 440//440 410//410
f 435//435 377//377 440//440
f 811//811 818//818 745//745
f 852//852 725//725 835//835
f 835//835 725//725 755//755
f 835//835 755//755 844//844
f 897//897 950//950 874//874
f 1074//1074 837//837 733//733
f 896//896 809//809 950//950
f 1136//1136 945//945 943//943
f 1024//1024 1105//1105 1142//1142
f 1090//1090 1105//1105 938//938
f 1090//1090 938//938 945//945
f 941//941 1042//1042 1317//1317
f 1184//1184 1163//1163 1006//1006
f 1006//1006 1007//1007 1200//1200
f 1200//1200 1007//1007 1002//1002
f 1265//1265 1002//1002 1204//1204
f 1181//1181 915//915 1166//1166
f 1432//1432 1106//1106 1365//1365
f 1260//1260 1282//1282 1344//1344
f 1344//1344 1282//1282 1309//1309
f 1464//1464 1198//1198 1354//1354
f 1155//1155 1354//1354 1198//1198
f 1437//1437 1334//1334 1342//1342
f 1437//1437 1342//1342 1349//1349
f 1619//1619 1325//1325 1574//1574
f 1789//1789 1790//1790 1753//1753
f 1790//1790 1717//1717 1753//1753
f 1716//1716 1720//1720 1760//1760
f 1720//1720 1723//1723 1760//1760
f 1859//1859 1744//1744 1860//1860
f 1860//1860 1904//1904 1859//1859
f 1993//1993 1997//1997 1987//1987
f 2106//2106 1897//1897 1933//1933
f 1914//1914 1937//1937 1898//1898
f 1900//1900 1898//1898 1937//1937
f 2011//2011 1912//1912 1943//1943
f 1999//1999 2011//2011 1908//1908
f 2011//2011 1943//1943 1908//1908
f 2088//2088 2002//2002 2001//2001
f 2145//2145 2008//2008 2086//2086
f 1944//1944 2050//2050 2017//2017
f 2105//2105 2125//2125 1950//1950
f 1950//1950 2125//2125 1952//1952
f 2032//2032 1978//1978 2065//2065
f 1952//1952 2102//2102 1978//1978
f 2102//2102 2065//2065 1978//1978
f 1947//1947 2066//2066 2033//2033
f 2066//2066 2055//2055 2033//2033
f 2150//2150 2056//2056 1911//1911
f 2174//2174 2060//2060 2104//2104
f 2161//2161 2089//2089 2053//2053
f 2157//2157 2016//2016 2238//2238
f 2287//2287 2105//2105 2262//2262
f 2125//2125 2105//2105 2287//2287
f 2287//2287 2312//2312 2125//2125
f 2182//2182 2129//2129 2065//2065
f 2219//2219 2204//2204 2129//2129
f 2093//2093 2162//2162 2276//2276
f 2162//2162 2189//2189 2276//2276
f 2277//2277 2273//2273 2211//2211
f 2310//2310 2277//2277 2211//2211
f 2235//2235 2273//2273 2325//2325
f 2209//2209 2235//2235 2325//2325
f 2325//2325 2269//2269 2209//2209
f 2325//2325 2366//2366 2269//2269
f 2227//2227 2331//2331 2240//2240
f 2331//2331 2290//2290 2240//2240
f 2290//2290 2225//2225 2240//2240
f 2342//2342 2323//2323 2344//2344
f 2344//2344 2409//2409 2342//2342
f 2580//2580 2596//2596 2488//2488
f 2622//2622 2580//2580 2488//2488
f 2720//2720 2554//2554 2621//2621
f 2621//2621 2566//2566 2902//2902
f 2566//2566 2626//2626 2902//2902
f 2805//2805 2713//2713 2774//2774
f 2909//2909 2756//2756 2847//2847
f 2909//2909 2847//2847 2800//2800
f 2880//2880 2800//2800 2714//2714
f 2864//2864 2947//2947 2928//2928
f 2928//2928 2947//2947 2986//2986
f 2986//2986 2846//2846 2985//2985
f 2994//2994 2941//2941 2731//2731
f 2865//2865 2816//2816 3004//3004
f 3129//3129 3139//3139 3117//3117
f 3438//3438 3331//3331 3363//3363
f 3470//3470 3476//3476 3471//3471
f 3448//3448 3470//3470 3471//3471
f 3403//3403 3471//3471 3477//3477
f 3448//3448 3471//3471 3403//3403
f 3565//3565 3403//3403 3428//3428
f 3565//3565 3448//3448 3403//3403
f 3608//3608 3499//3499 3482//3482
f 3599//3599 3515//3515 3516//3516
f 3516//3516 3541//3541 3599//3599
f 3550//3550 3473//3473 3498//3498
f 3550//3550 3402//3402 3473//3473
f 3402//3402 3550//3550 3439//3439
f 3439//3439 3550//3550 3637//3637
f 3549//3549 3567//3567 3572//3572
f 3553//3553 3548//3548 3549//3549
f 3572//3572 3533//3533 3549//3549
f 3622//3622 3548//3548 3553//3553
f 3553//3553 3606//3606 3622//3622
f 3586//3586 3441//3441 3738//3738
f 3573//3573 3593//3593 3546//3546
f 3487//3487 3600//3600 3569//3569
f 3608//3608 3522//3522 3499//3499
f 3608//3608 3607//3607 3522//3522
f 3678//3678 3707//3707 3760//3760
f 3816//3816 3850//3850 3789//3789
f 3930//3930 3881//3881 3879//3879
f 3934//3934 3868//3868 3874//3874
f 3934//3934 3936//3936 3868//3868
f 294//294 146//146 147//147
f 199//199 146//146 165//165
f 155//155 146//146 199//199
f 181//181 79//79 132//132
f 142//142 79//79 181//181
f 142//142 188//188 87//87
f 171//171 122//122 89//89
f 223//223 291//291 170//170
f 246//246 136//136 209//209
f 317//317 217//217 228//228
f 336//336 290//290 237//237
f 290//290 292//292 237//237
f 336//336 320//320 290//290
f 596//596 436//436 528//528
f 528//528 381//381 447//447
f 447//447 581//581 528//528
f 412//412 447//447 381//381
f 558//558 628//628 599//599
f 684//684 610//610 687//687
f 687//687 590//590 667//667
f 620//620 633//633 800//800
f 742//742 658//658 670//670
f 742//742 785//785 658//658
f 794//794 742//742 702//702
f 846//846 764//764 955//955
f 955//955 764//764 892//892
f 861//861 826//826 983//983
f 854//854 864//864 865//865
f 854//854 889//889 864//864
f 943//943 921//921 927//927
f 943//943 965//965 921//921
f 921//921 965//965 1043//1043
f 1002//1002 1012//1012 1204//1204
f 1204//1204 1012//1012 1015//1015
f 1015//1015 937//937 1022//1022
f 1138//1138 1274//1274 1022//1022
f 991//991 1191//1191 901//901
f 1287//1287 1077//1077 1291//1291
f 1087//1087 1021//1021 1183//1183
f 1167//1167 1111//1111 1054//1054
f 1111//1111 935//935 1054//1054
f 1355//1355 1188//1188 1525//1525
f 1598//1598 1141//1141 1178//1178
f 1231//1231 1141//1141 1598//1598
f 1429//1429 1446//1446 1303//1303
f 1304//1304 1303//1303 1426//1426
f 1264//1264 1381//1381 1459//1459
f 1381//1381 1304//1304 1450//1450
f 1518//1518 1447//1447 1451//1451
f 1545//1545 1452//1452 1623//1623
f 1452//1452 1580//1580 1623//1623
f 1569//1569 1506//1506 1617//1617
f 1695//1695 1580//1580 1575//1575
f 1714//1714 1553//1553 1565//1565
f 1804//1804 1731//1731 1773//1773
f 1723//1723 1751//1751 1791//1791
f 1729//1729 1777//1777 1714//1714
f 1854//1854 1817//1817 1780//1780
f 2093//2093 2072//2072 2162//2162
f 2111//2111 2239//2239 2114//2114
f 2239//2239 2183//2183 2114//2114
f 2245//2245 2275//2275 2239//2239
f 2275//2275 2326//2326 2239//2239
f 2294//2294 2313//2313 2434//2434
f 2417//2417 2320//2320 2412//2412
f 2424//2424 2396//2396 2463//2463
f 2463//2463 2396//2396 2468//2468
f 2468//2468 2484//2484 2489//2489
f 2592//2592 2502//2502 2522//2522
f 2501//2501 2459//2459 2581//2581
f 2639//2639 2459//2459 2464//2464
f 2616//2616 2791//2791 2500//2500
f 2423//2423 2573//2573 2672//2672
f 2573//2573 2397//2397 2678//2678
f 2714//2714 2800//2800 2568//2568
f 2714//2714 2568//2568 2694//2694
f 2713//2713 2717//2717 2691//2691
f 2659//2659 2624//2624 3127//3127
f 2972//2972 2905//2905 2760//2760
f 3081//3081 2948//2948 3015//3015
f 3117//3117 2825//2825 2910//2910
f 2881//2881 3130//3130 3072//3072
f 3029//3029 3074//3074 3130//3130
f 3364//3364 3613//3613 3387//3387
f 3459//3459 3401//3401 3398//3398
f 3417//3417 3317//3317 3376//3376
f 3544//3544 3446//3446 3589//3589
f 3529//3529 3758//3758 3700//3700
f 3843//3843 3688//3688 3866//3866
f 3841//3841 3830//3830 3768//3768
f 23//23 8//8 10//10
f 23//23 25//25 8//8
f 42//42 8//8 25//25
f 95//95 12//12 35//35
f 50//50 35//35 12//12
f 129//129 68//68 35//35
f 101//101 57//57 55//55
f 237//237 292//292 256//256
f 294//294 147//147 292//292
f 580//580 672//672 467//467
f 527//527 580//580 325//325
f 559//559 383//383 496//496
f 383//383 559//559 499//499
f 777//777 750//750 773//773
f 876//876 793//793 692//692
f 824//824 839//839 748//748
f 851//851 982//982 980//980
f 891//891 879//879 916//916
f 966//966 916//916 879//879
f 966//966 879//879 919//919
f 978//978 1130//1130 985//985
f 896//896 987//987 1147//1147
f 1098//1098 896//896 1147//1147
f 868//868 896//896 1098//1098
f 918//918 1098//1098 1148//1148
f 1148//1148 1068//1068 918//918
f 999//999 918//918 1068//1068
f 999//999 1068//1068 1039//1039
f 1042//1042 934//934 1134//1134
f 1182//1182 1175//1175 1064//1064
f 1045//1045 1064//1064 1175//1175
f 1045//1045 1117//1117 1064//1064
f 1045//1045 1084//1084 1117//1117
f 1093//1093 1064//1064 1117//1117
f 1139//1139 1055//1055 1034//1034
f 1453//1453 1115//1115 1352//1352
f 1453//1453 1224//1224 1115//1115
f 1143//1143 1310//1310 1261//1261
f 1367//1367 1258//1258 1373//1373
f 1327//1327 1258//1258 1367//1367
f 1393//1393 1336//1336 1360//1360
f 1360//1360 1336//1336 1340//1340
f 1362//1362 1360//1360 1340//1340
f 1416//1416 1362//1362 1340//1340
f 1351//1351 1152//1152 1244//1244
f 1251//1251 1416//1416 1061//1061
f 1232//1232 1406//1406 1543//1543
f 1500//1500 1370//1370 1501//1501
f 1500//1500 1406//1406 1370//1370
f 1502//1502 1501//1501 1445//1445
f 1378//1378 1273//1273 1421//1421
f 1452//1452 1273//1273 1133//1133
f 1580//1580 1452//1452 1133//1133
f 1477//1477 1541//1541 1494//1494
f 1494//1494 1541//1541 1578//1578
f 1576//1576 1433//1433 1494//1494
f 1541//1541 1536//1536 1578//1578
f 1485//1485 1578//1578 1536//1536
f 1578//1578 1485//1485 1542//1542
f 1518//1518 1451//1451 1552//1552
f 1552//1552 1451//1451 1614//1614
f 1614//1614 1510//1510 1557//1557
f 1552//1552 1643//1643 1518//1518
f 1546//1546 1363//1363 1653//1653
f 1638//1638 1637//1637 1684//1684
f 1726//1726 1523//1523 1742//1742
f 1739//1739 1610//1610 1512//1512
f 1738//1738 1462//1462 1848//1848
f 1741//1741 1610//1610 1739//1739
f 1733//1733 1647//1647 1646//1646
f 1733//1733 1603//1603 1647//1647
f 1762//1762 1729//1729 1875//1875
f 1729//1729 1737//1737 1875//1875
f 1835//1835 1875//1875 1737//1737
f 1737//1737 1566//1566 1835//1835
f 1925//1925 1818//1818 1882//1882
f 1818//1818 1566//1566 1882//1882
f 1907//1907 1819//1819 1734//1734
f 1907//1907 1876//1876 1819//1819
f 1797//1797 1852//1852 1950//1950
f 1869//1869 1828//1828 1929//1929
f 1953//1953 1869//1869 1929//1929
f 1828//1828 1797//1797 1929//1929
f 1806//1806 1869//1869 1953//1953
f 1907//1907 1734//1734 1675//1675
f 1962//1962 1876//1876 1907//1907
f 1877//1877 1822//1822 1888//1888
f 2065//2065 2129//2129 2032//2032
f 2215//2215 2193//2193 2249//2249
f 2249//2249 2264//2264 2215//2215
f 2264//2264 2297//2297 2273//2273
f 2264//2264 2235//2235 2215//2215
f 2193//2193 2146//2146 2249//2249
f 2249//2249 2146//2146 2251//2251
f 2297//2297 2231//2231 2273//2273
f 2273//2273 2235//2235 2264//2264
f 2276//2276 2289//2289 2214//2214
f 2305//2305 2195//2195 2462//2462
f 2276//2276 2189//2189 2305//2305
f 2382//2382 2306//2306 2257//2257
f 2288//2288 2383//2383 2465//2465
f 2441//2441 2443//2443 2252//2252
f 2443//2443 2295//2295 2252//2252
f 2410//2410 2357//2357 2370//2370
f 2410//2410 2378//2378 2357//2357
f 2467//2467 2490//2490 2255//2255
f 2467//2467 2411//2411 2490//2490
f 2428//2428 2308//2308 2334//2334
f 2518//2518 2488//2488 2405//2405
f 2405//2405 2490//2490 2538//2538
f 2518//2518 2405//2405 2538//2538
f 2596//2596 2429//2429 2488//2488
f 2527//2527 2429//2429 2596//2596
f 2543//2543 2293//2293 2541//2541
f 2541//2541 2293//2293 2382//2382
f 2877//2877 2788//2788 2632//2632
f 2721//2721 2728//2728 2788//2788
f 2869//2869 2668//2668 2824//2824
f 2895//2895 2875//2875 2973//2973
f 2829//2829 2858//2858 2932//2932
f 2937//2937 2871//2871 2895//2895
f 3061//3061 3019//3019 3131//3131
f 2970//2970 3145//3145 3007//3007
f 3152//3152 2973//2973 3044//3044
f 3111//3111 3044//3044 3016//3016
f 3083//3083 3111//3111 3016//3016
f 3174//3174 3099//3099 3121//3121
f 3174//3174 3066//3066 3099//3099
f 3073//3073 3077//3077 3203//3203
f 3073//3073 3128//3128 3077//3077
f 3237//3237 3178//3178 3154//3154
f 3178//3178 3046//3046 3154//3154
f 3245//3245 3305//3305 3310//3310
f 3310//3310 3229//3229 3245//3245
f 3344//3344 3362//3362 3278//3278
f 3344//3344 3294//3294 3315//3315
f 3315//3315 3294//3294 3316//3316
f 3343//3343 3348//3348 3306//3306
f 3389//3389 3377//3377 3259//3259
f 3412//3412 3409//3409 3313//3313
f 3552//3552 3504//3504 3529//3529
f 3504//3504 3559//3559 3603//3603
f 3706//3706 3495//3495 3598//3598
f 3713//3713 3619//3619 3654//3654
f 3741//3741 3703//3703 3653//3653
f 3653//3653 3744//3744 3741//3741
f 3730//3730 3767//3767 3746//3746
f 3690//3690 3730//3730 3746//3746
f 3748//3748 3690//3690 3746//3746
f 3748//3748 3702//3702 3690//3690
f 3723//3723 3727//3727 3783//3783
f 3783//3783 3727//3727 3759//3759
f 3773//3773 3758//3758 3688//3688
f 3716//3716 3747//3747 3832//3832
f 3853//3853 3860//3860 3899//3899
f 3805//3805 3903//3903 3867//3867
f 3873//3873 3860//3860 3837//3837
f 3837//3837 3718//3718 3873//3873
f 3873//3873 3718//3718 3855//3855
f 3879//3879 3916//3916 3898//3898
f 3879//3879 3881//3881 3916//3916
f 3936//3936 3901//3901 3868//3868
f 3901//3901 3936//3936 3904//3904
f 3923//3923 3904//3904 3936//3936
f 3936//3936 3934//3934 3815//3815
f 3815//3815 3858//3858 3936//3936
f 133//133 29//29 86//86
f 56//56 84//84 49//49
f 129//129 35//35 36//36
f 59//59 98//98 11//11
f 211//211 144//144 166//166
f 170//170 176//176 223//223
f 136//136 180//180 148//148
f 159//159 148//148 180//180
f 314//314 160//160 138//138
f 160//160 287//287 132//132
f 289//289 188//188 142//142
f 367//367 360//360 207//207
f 207//207 186//186 367//367
f 367//367 186//186 309//309
f 187//187 365//365 394//394
f 187//187 299//299 365//365
f 553//553 410//410 488//488
f 391//391 383//383 499//499
f 530//530 527//527 476//476
f 391//391 530//530 476//476
f 530//530 536//536 430//430
f 536//536 480//480 430//430
f 480//480 536//536 502//502
f 766//766 774//774 883//883
f 797//797 883//883 774//774
f 908//908 690//690 766//766
f 752//752 690//690 908//908
f 822//822 752//752 908//908
f 843//843 739//739 661//661
f 843//843 856//856 739//739
f 746//746 998//998 697//697
f 1007//1007 1006//1006 979//979
f 1006//1006 1033//1033 979//979
f 1174//1174 1025//1025 986//986
f 983//983 1025//1025 1195//1195
f 1197//1197 1062//1062 1036//1036
f 1132//1132 1062//1062 1170//1170
f 1407//1407 1218//1218 1357//1357
f 1471//1471 1203//1203 1408//1408
f 1385//1385 1196//1196 1392//1392
f 1433//1433 1593//1593 1415//1415
f 1377//1377 1391//1391 1537//1537
f 1505//1505 1537//1537 1391//1391
f 1590//1590 1608//1608 1497//1497
f 1576//1576 1578//1578 1594//1594
f 1494//1494 1578//1578 1576//1576
f 1578//1578 1542//1542 1594//1594
f 1611//1611 1542//1542 1485//1485
f 1593//1593 1433//1433 1576//1576
f 1415//1415 1593//1593 1708//1708
f 1730//1730 1415//1415 1708//1708
f 1475//1475 1616//1616 1505//1505
f 1730//1730 1609//1609 1562//1562
f 1636//1636 1621//1621 1588//1588
f 1549//1549 1457//1457 1648//1648
f 1648//1648 1740//1740 1549//1549
f 1637//1637 1638//1638 1689//1689
f 1689//1689 1638//1638 1563//1563
f 1563//1563 1558//1558 1784//1784
f 1784//1784 1689//1689 1563//1563
f 1823//1823 1479//1479 1726//1726
f 1823//1823 1772//1772 1710//1710
f 2250//2250 2425//2425 2258//2258
f 2167//2167 2092//2092 2199//2199
f 2234//2234 2126//2126 2130//2130
f 2321//2321 2375//2375 2368//2368
f 2362//2362 2321//2321 2368//2368
f 2343//2343 2419//2419 2317//2317
f 2343//2343 2317//2317 2327//2327
f 2327//2327 2275//2275 2343//2343
f 2275//2275 2281//2281 2343//2343
f 2232//2232 2329//2329 2389//2389
f 2244//2244 2389//2389 2355//2355
f 2385//2385 2466//2466 2557//2557
f 2614//2614 2499//2499 2783//2783
f 2752//2752 2735//2735 2706//2706
f 2708//2708 2752//2752 2706//2706
f 2681//2681 2811//2811 2505//2505
f 2719//2719 2868//2868 2681//2681
f 2722//2722 2719//2719 2754//2754
f 2725//2725 2741//2741 2799//2799
f 2774//2774 2469//2469 2702//2702
f 2715//2715 2812//2812 2840//2840
f 2803//2803 2771//2771 2814//2814
f 2814//2814 2870//2870 2803//2803
f 2771//2771 2840//2840 2814//2814
f 2723//2723 2803//2803 2870//2870
f 2910//2910 2845//2845 2820//2820
f 2910//2910 2825//2825 2845//2845
f 3023//3023 2659//2659 3127//3127
f 3087//3087 2897//2897 3086//3086
f 3114//3114 3028//3028 3017//3017
f 3032//3032 3036//3036 3164//3164
f 3132//3132 3036//3036 3165//3165
f 3132//3132 3164//3164 3036//3036
f 3098//3098 3045//3045 3137//3137
f 3051//3051 3222//3222 3151//3151
f 3166//3166 3112//3112 3080//3080
f 3069//3069 3112//3112 3166//3166
f 3232//3232 3308//3308 3167//3167
f 3232//3232 3251//3251 3297//3297
f 3187//3187 3230//3230 3262//3262
f 3385//3385 3342//3342 3331//3331
f 3576//3576 3485//3485 3534//3534
f 3534//3534 3481//3481 3578//3578
f 3648//3648 3406//3406 3696//3696
f 3559//3559 3562//3562 3603//3603
f 3603//3603 3562//3562 3638//3638
f 3542//3542 3638//3638 3562//3562
f 3562//3562 3486//3486 3542//3542
f 3639//3639 3617//3617 3643//3643
f 3643//3643 3677//3677 3639//3639
f 3639//3639 3677//3677 3630//3630
f 3671//3671 3630//3630 3677//3677
f 3641//3641 3677//3677 3643//3643
f 3753//3753 3825//3825 3578//3578
f 3915//3915 3791//3791 3809//3809
f 3904//3904 3923//3923 3883//3883
f 3936//3936 3825//3825 3923//3923
f 3936//3936 3858//3858 3825//3825
f 3878//3878 3825//3825 3753//3753
f 3878//3878 3923//3923 3825//3825
f 3894//3894 3815//3815 3934//3934
f 3895//3895 3894//3894 3887//3887
f 3921//3921 3879//3879 3866//3866
f 166//166 144//144 112//112
f 119//119 108//108 196//196
f 108//108 85//85 196//196
f 94//94 155//155 153//153
f 80//80 153//153 229//229
f 85//85 117//117 183//183
f 150//150 119//119 140//140
f 141//141 130//130 150//150
f 134//134 109//109 221//221
f 310//310 220//220 251//251
f 271//271 251//251 263//263
f 310//310 242//242 220//220
f 143//143 283//283 344//344
f 283//283 118//118 204//204
f 608//608 504//504 492//492
f 608//608 578//578 504//504
f 556//556 451//451 465//465
f 570//570 470//470 492//492
f 470//470 570//570 501//501
f 570//570 492//492 588//588
f 520//520 501//501 570//570
f 570//570 588//588 461//461
f 571//571 471//471 513//513
f 571//571 465//465 471//471
f 742//742 670//670 621//621
f 742//742 621//621 702//702
f 785//785 633//633 658//658
f 736//736 794//794 702//702
f 1024//1024 762//762 853//853
f 877//877 1024//1024 853//853
f 992//992 877//877 853//853
f 861//861 992//992 853//853
f 917//917 891//891 916//916
f 917//917 862//862 891//891
f 946//946 862//862 917//917
f 1091//1091 1005//1005 887//887
f 960//960 1091//1091 887//887
f 1086//1086 954//954 1005//1005
f 1086//1086 1005//1005 1091//1091
f 1160//1160 960//960 1202//1202
f 1409//1409 1263//1263 898//898
f 1263//1263 959//959 898//898
f 993//993 959//959 1263//1263
f 1151//1151 1149//1149 1101//1101
f 1356//1356 1305//1305 1250//1250
f 1257//1257 1232//1232 1233//1233
f 1370//1370 1257//1257 1167//1167
f 1257//1257 1233//1233 1167//1167
f 1882//1882 1847//1847 1930//1930
f 1847//1847 1816//1816 1930//1930
f 1816//1816 1866//1866 1930//1930
f 2007//2007 1999//1999 1908//1908
f 1872//1872 1949//1949 2049//2049
f 1896//1896 1872//1872 2049//2049
f 1958//1958 1936//1936 2030//2030
f 2026//2026 1969//1969 2127//2127
f 2216//2216 1972//1972 2147//2147
f 2385//2385 2041//2041 2487//2487
f 2256//2256 2175//2175 2308//2308
f 2700//2700 2450//2450 2471//2471
f 2635//2635 2438//2438 2443//2443
f 2578//2578 2587//2587 2583//2583
f 2587//2587 2578//2578 2581//2581
f 2581//2581 2522//2522 2587//2587
f 2581//2581 2592//2592 2522//2522
f 2742//2742 2746//2746 2633//2633
f 2558//2558 2633//2633 2746//2746
f 2667//2667 2742//2742 2472//2472
f 2610//2610 2606//2606 2748//2748
f 2610//2610 2748//2748 2700//2700
f 2699//2699 2748//2748 2751//2751
f 2519//2519 2435//2435 2772//2772
f 2435//2435 2790//2790 2772//2772
f 2711//2711 2863//2863 2716//2716
f 2716//2716 2863//2863 2779//2779
f 2571//2571 2889//2889 2922//2922
f 2857//2857 2922//2922 2903//2903
f 2827//2827 2920//2920 2880//2880
f 2815//2815 2827//2827 2714//2714
f 2815//2815 2920//2920 2827//2827
f 2920//2920 2822//2822 2807//2807
f 2956//2956 2963//2963 3054//3054
f 2996//2996 2963//2963 2726//2726
f 2996//2996 2726//2726 3001//3001
f 3062//3062 3043//3043 2991//2991
f 3062//3062 3084//3084 3043//3043
f 3043//3043 3084//3084 3058//3058
f 3058//3058 3084//3084 3011//3011
f 3148//3148 3133//3133 2939//2939
f 3148//3148 2939//2939 3011//3011
f 3278//3278 3105//3105 3225//3225
f 3249//3249 3227//3227 3176//3176
f 3129//3129 3249//3249 3176//3176
f 3015//3015 3085//3085 3170//3170
f 3234//3234 3226//3226 3355//3355
f 3262//3262 3355//3355 3226//3226
f 3262//3262 3230//3230 3266//3266
f 3387//3387 3267//3267 3401//3401
f 3264//3264 3303//3303 3318//3318
f 3524//3524 3419//3419 3438//3438
f 3419//3419 3385//3385 3438//3438
f 3524//3524 3438//3438 3290//3290
f 3438//3438 3363//3363 3290//3290
f 3478//3478 3444//3444 3384//3384
f 3721//3721 3733//3733 3574//3574
f 3710//3710 3721//3721 3574//3574
f 3710//3710 3658//3658 3714//3714
f 3658//3658 3585//3585 3689//3689
f 3682//3682 3689//3689 3632//3632
f 3585//3585 3632//3632 3689//3689
f 3803//3803 3740//3740 3775//3775
f 3829//3829 3775//3775 3766//3766
f 3781//3781 3771//3771 3756//3756
f 3745//3745 3854//3854 3857//3857
f 3764//3764 3862//3862 3800//3800
f 3939//3939 3931//3931 3864//3864
f 3939//3939 3917//3917 3931//3931
f 3939//3939 3870//3870 3940//3940
f 3864//3864 3870//3870 3939//3939
f 3940//3940 3870//3870 3907//3907
f 3912//3912 3937//3937 3850//3850
f 3937//3937 3854//3854 3850//3850
f 3937//3937 3857//3857 3854//3854
f 243//243 175//175 81//81
f 260//260 115//115 103//103
f 115//115 88//88 103//103
f 172//172 319//319 153//153
f 229//229 153//153 319//319
f 345//345 311//311 270//270
f 223//223 274//274 311//311
f 274//274 235//235 275//275
f 490//490 316//316 332//332
f 316//316 428//428 275//275
f 358//358 325//325 467//467
f 476//476 318//318 391//391
f 383//383 245//245 496//496
f 391//391 318//318 383//383
f 615//615 339//339 424//424
f 426//426 524//524 493//493
f 493//493 456//456 426//426
f 576//576 459//459 475//475
f 576//576 475//475 637//637
f 558//558 517//517 628//628
f 628//628 517//517 459//459
f 498//498 445//445 508//508
f 508//508 510//510 565//565
f 565//565 516//516 643//643
f 510//510 516//516 565//565
f 643//643 516//516 450//450
f 711//711 748//748 704//704
f 792//792 674//674 784//784
f 773//773 750//750 753//753
f 793//793 773//773 753//753
f 897//897 719//719 777//777
f 897//897 874//874 719//719
f 837//837 692//692 733//733
f 819//819 900//900 740//740
f 819//819 740//740 851//851
f 982//982 851//851 823//823
f 714//714 792//792 982//982
f 784//784 989//989 792//792
f 879//879 838//838 793//793
f 838//838 773//773 793//793
f 879//879 793//793 919//919
f 959//959 810//810 878//878
f 1116//1116 1202//1202 802//802
f 1052//1052 902//902 998//998
f 1095//1095 1116//1116 907//907
f 1095//1095 907//907 1029//1029
f 1250//1250 993//993 1263//1263
f 1192//1192 1004//1004 1333//1333
f 1412//1412 1365//1365 1305//1305
f 1507//1507 1338//1338 1205//1205
f 1205//1205 1410//1410 1507//1507
f 1400//1400 1442//1442 1373//1373
f 1400//1400 1373//1373 1348//1348
f 1329//1329 1321//1321 1454//1454
f 1526//1526 1412//1412 1473//1473
f 1526//1526 1477//1477 1412//1412
f 1477//1477 1365//1365 1412//1412
f 1365//1365 1477//1477 1432//1432
f 1666//1666 1643//1643 1552//1552
f 1552//1552 1614//1614 1704//1704
f 1557//1557 1704//1704 1614//1614
f 1653//1653 1573//1573 1635//1635
f 1546//1546 1653//1653 1673//1673
f 1673//1673 1634//1634 1546//1546
f 1747//1747 1668//1668 1585//1585
f 1560//1560 1703//1703 1656//1656
f 1719//1719 1656//1656 1703//1703
f 1586//1586 1656//1656 1719//1719
f 1716//1716 1641//1641 1632//1632
f 1760//1760 1641//1641 1716//1716
f 1642//1642 1641//1641 1760//1760
f 1723//1723 1667//1667 1709//1709
f 1642//1642 1760//1760 1731//1731
f 1791//1791 1731//1731 1760//1760
f 1791//1791 1760//1760 1723//1723
f 1778//1778 1742//1742 1813//1813
f 1810//1810 1784//1784 1811//1811
f 1806//1806 1811//1811 1869//1869
f 1948//1948 1924//1924 1896//1896
f 1880//1880 1802//1802 1787//1787
f 2005//2005 1813//1813 1776//1776
f 1880//1880 1820//1820 1881//1881
f 2164//2164 2097//2097 2100//2100
f 2164//2164 2117//2117 2163//2163
f 2100//2100 2117//2117 2164//2164
f 2121//2121 2058//2058 2067//2067
f 2292//2292 2142//2142 2174//2174
f 2104//2104 2157//2157 2236//2236
f 2359//2359 2236//2236 2157//2157
f 2359//2359 2157//2157 2238//2238
f 2246//2246 2142//2142 2283//2283
f 2283//2283 2142//2142 2292//2292
f 2174//2174 2104//2104 2236//2236
f 2236//2236 2292//2292 2174//2174
f 2238//2238 2196//2196 2301//2301
f 2165//2165 2161//2161 2269//2269
f 2259//2259 2200//2200 2165//2165
f 2301//2301 2196//2196 2200//2200
f 2498//2498 2529//2529 2501//2501
f 2542//2542 2533//2533 2561//2561
f 2539//2539 2533//2533 2542//2542
f 2460//2460 2542//2542 2561//2561
f 2460//2460 2547//2547 2542//2542
f 2546//2546 2539//2539 2542//2542
f 2546//2546 2542//2542 2547//2547
f 2546//2546 2534//2534 2589//2589
f 2546//2546 2547//2547 2534//2534
f 2496//2496 2595//2595 2631//2631
f 2479//2479 2496//2496 2615//2615
f 2640//2640 2622//2622 2689//2689
f 2685//2685 2651//2651 2652//2652
f 2689//2689 2622//2622 2662//2662
f 2689//2689 2662//2662 2688//2688
f 2688//2688 2662//2662 2664//2664
f 2649//2649 2688//2688 2664//2664
f 2736//2736 2636//2636 2710//2710
f 2663//2663 2496//2496 2631//2631
f 2745//2745 2794//2794 2799//2799
f 2787//2787 2745//2745 2801//2801
f 2794//2794 2745//2745 2787//2787
f 2850//2850 2802//2802 2804//2804
f 2794//2794 2787//2787 2802//2802
f 2671//2671 2802//2802 2787//2787
f 2777//2777 2778//2778 2679//2679
f 2679//2679 2737//2737 2777//2777
f 3105//3105 2854//2854 3197//3197
f 3197//3197 2854//2854 3078//3078
f 3139//3139 3035//3035 3117//3117
f 3146//3146 3041//3041 3123//3123
f 3041//3041 3059//3059 3123//3123
f 3146//3146 3123//3123 3124//3124
f 3123//3123 3012//3012 3124//3124
f 3124//3124 3012//3012 3039//3039
f 3174//3174 3230//3230 3066//3066
f 3340//3340 3268//3268 3368//3368
f 3368//3368 3268//3268 3329//3329
f 3421//3421 3323//3323 3354//3354
f 3421//3421 3492//3492 3323//3323
f 3453//3453 3373//3373 3362//3362
f 3339//3339 3466//3466 3315//3315
f 3443//3443 3324//3324 3445//3445
f 3445//3445 3324//3324 3552//3552
f 3324//3324 3504//3504 3552//3552
f 3413//3413 3587//3587 3602//3602
f 3415//3415 3413//3413 3602//3602
f 3528//3528 3597//3597 3505//3505
f 3539//3539 3497//3497 3656//3656
f 3660//3660 3493//3493 3539//3539
f 104//104 78//78 118//118
f 118//118 143//143 104//104
f 106//106 104//104 143//143
f 143//143 110//110 106//106
f 187//187 196//196 174//174
f 153//153 155//155 172//172
f 238//238 229//229 288//288
f 117//117 229//229 238//238
f 238//238 183//183 117//117
f 187//187 140//140 119//119
f 141//141 150//150 200//200
f 200//200 161//161 141//141
f 161//161 156//156 141//141
f 171//171 203//203 334//334
f 414//414 369//369 455//455
f 417//417 380//380 544//544
f 548//548 637//637 475//475
f 500//500 421//421 498//498
f 550//550 605//605 553//553
f 798//798 842//842 747//747
f 1343//1343 1138//1138 1171//1171
f 1434//1434 1171//1171 1099//1099
f 1294//1294 1434//1434 1099//1099
f 1330//1330 1156//1156 1276//1276
f 1218//1218 987//987 1289//1289
f 1359//1359 1092//1092 1148//1148
f 1353//1353 1345//1345 1372//1372
f 1353//1353 1439//1439 1345//1345
f 1381//1381 1264//1264 1335//1335
f 1304//1304 1381//1381 1335//1335
f 1413//1413 1479//1479 1369//1369
f 1427//1427 1440//1440 1369//1369
f 1383//1383 1440//1440 1427//1427
f 1615//1615 1529//1529 1548//1548
f 1529//1529 1615//1615 1500//1500
f 1500//1500 1647//1647 1543//1543
f 1839//1839 1923//1923 1800//1800
f 1975//1975 1800//1800 1923//1923
f 2133//2133 1992//1992 2134//2134
f 2186//2186 1992//1992 2133//2133
f 2075//2075 2046//2046 2097//2097
f 2140//2140 2338//2338 2634//2634
f 2216//2216 2418//2418 2180//2180
f 2217//2217 2418//2418 2216//2216
f 2217//2217 2147//2147 2221//2221
f 2264//2264 2249//2249 2297//2297
f 2297//2297 2475//2475 2231//2231
f 2475//2475 2172//2172 2231//2231
f 2543//2543 2379//2379 2223//2223
f 2445//2445 2379//2379 2543//2543
f 2223//2223 2293//2293 2543//2543
f 2252//2252 2445//2445 2427//2427
f 2431//2431 2382//2382 2257//2257
f 2431//2431 2257//2257 2492//2492
f 2492//2492 2285//2285 2437//2437
f 2764//2764 2629//2629 2497//2497
f 2620//2620 2764//2764 2567//2567
f 2620//2620 2842//2842 2764//2764
f 2862//2862 2836//2836 2739//2739
f 2791//2791 2556//2556 2439//2439
f 2850//2850 2882//2882 2794//2794
f 2882//2882 2799//2799 2794//2794
f 2782//2782 2799//2799 2882//2882
f 2794//2794 2802//2802 2850//2850
f 2850//2850 2804//2804 2854//2854
f 2804//2804 2778//2778 2854//2854
f 2936//2936 2960//2960 2856//2856
f 3018//3018 2940//2940 2975//2975
f 3086//3086 2897//2897 2962//2962
f 2897//2897 3087//3087 2805//2805
f 3024//3024 3017//3017 3025//3025
f 3167//3167 3290//3290 3131//3131
f 3191//3191 3190//3190 3246//3246
f 3191//3191 3251//3251 3232//3232
f 3275//3275 3057//3057 2957//2957
f 3395//3395 3335//3335 3382//3382
f 3335//3335 3269//3269 3382//3382
f 3482//3482 3269//3269 3229//3229
f 3482//3482 3229//3229 3515//3515
f 3628//3628 3615//3615 3596//3596
f 3572//3572 3596//3596 3615//3615
f 3645//3645 3622//3622 3606//3606
f 3609//3609 3645//3645 3606//3606
f 3645//3645 3586//3586 3738//3738
f 3645//3645 3609//3609 3586//3586
f 3710//3710 3583//3583 3658//3658
f 3845//3845 3806//3806 3842//3842
f 3845//3845 3714//3714 3806//3806
f 5//5 50//50 42//42
f 26//26 5//5 42//42
f 26//26 7//7 5//5
f 29//29 47//47 86//86
f 29//29 4//4 47//47
f 4//4 48//48 47//47
f 7//7 90//90 31//31
f 31//31 16//16 7//7
f 31//31 86//86 76//76
f 86//86 47//47 76//76
f 16//16 31//31 76//76
f 76//76 49//49 16//16
f 56//56 49//49 76//76
f 35//35 50//50 36//36
f 6//6 44//44 46//46
f 176//176 158//158 70//70
f 159//159 92//92 148//148
f 37//37 92//92 159//159
f 138//138 23//23 159//159
f 262//262 184//184 163//163
f 262//262 245//245 184//184
f 220//220 190//190 263//263
f 168//168 212//212 262//262
f 274//274 223//223 235//235
f 235//235 240//240 281//281
f 241//241 230//230 248//248
f 301//301 394//394 340//340
f 448//448 432//432 330//330
f 301//301 340//340 437//437
f 398//398 301//301 437//437
f 513//513 338//338 368//368
f 513//513 471//471 338//338
f 547//547 545//545 491//491
f 545//545 460//460 491//491
f 547//547 491//491 549//549
f 596//596 528//528 636//636
f 528//528 581//581 636//636
f 575//575 670//670 546//546
f 658//658 546//546 670//670
f 597//597 621//621 670//670
f 519//519 781//781 702//702
f 631//631 681//681 757//757
f 716//716 665//665 664//664
f 680//680 667//667 726//726
f 706//706 667//667 680//680
f 832//832 805//805 772//772
f 934//934 900//900 931//931
f 900//900 893//893 931//931
f 893//893 971//971 1133//1133
f 971//971 893//893 926//926
f 971//971 926//926 1000//1000
f 1040//1040 1000//1000 922//922
f 922//922 851//851 980//980
f 1053//1053 989//989 962//962
f 1053//1053 982//982 989//989
f 967//967 1106//1106 1016//1016
f 1077//1077 1028//1028 1076//1076
f 1069//1069 1016//1016 1106//1106
f 1076//1076 1016//1016 1069//1069
f 1163//1163 1076//1076 1069//1069
f 1077//1077 1076//1076 1163//1163
f 1224//1224 1143//1143 1070//1070
f 971//971 1145//1145 1249//1249
f 1327//1327 1226//1226 1046//1046
f 1327//1327 1046//1046 1126//1126
f 1126//1126 1080//1080 1327//1327
f 1258//1258 1327//1327 1080//1080
f 1211//1211 1127//1127 1221//1221
f 1333//1333 1189//1189 1472//1472
f 1410//1410 1315//1315 1513//1513
f 1488//1488 1379//1379 1455//1455
f 1469//1469 1466//1466 1320//1320
f 1585//1585 1482//1482 1437//1437
f 1437//1437 1490//1490 1585//1585
f 1586//1586 1585//1585 1490//1490
f 1351//1351 1538//1538 1515//1515
f 1554//1554 1597//1597 1390//1390
f 1683//1683 1465//1465 1630//1630
f 1611//1611 1616//1616 1625//1625
f 1475//1475 1596//1596 1616//1616
f 1599//1599 1424//1424 1609//1609
f 1734//1734 1735//1735 1683//1683
f 1734//1734 1683//1683 1675//1675
f 1821//1821 1675//1675 1705//1705
f 1861//1861 1748//1748 1510//1510
f 1700//1700 1735//1735 1768//1768
f 1768//1768 1812//1812 1700//1700
f 1812//1812 1711//1711 1700//1700
f 1795//1795 1832//1832 1879//1879
f 1682//1682 1832//1832 1795//1795
f 1795//1795 1854//1854 1718//1718
f 1854//1854 1780//1780 1718//1718
f 1865//1865 1864//1864 1825//1825
f 1783//1783 1837//1837 1889//1889
f 1895//1895 1681//1681 1926//1926
f 1845//1845 1681//1681 1895//1895
f 1986//1986 1916//1916 2081//2081
f 1974//1974 1942//1942 2057//2057
f 1928//1928 1981//1981 2098//2098
f 2043//2043 1895//1895 1926//1926
f 2070//2070 2084//2084 2011//2011
f 1999//1999 2070//2070 2011//2011
f 2179//2179 2145//2145 2086//2086
f 2137//2137 2113//2113 2087//2087
f 2050//2050 2087//2087 2113//2113
f 2044//2044 2042//2042 2184//2184
f 2241//2241 2205//2205 2243//2243
f 2299//2299 2159//2159 2139//2139
f 2299//2299 2254//2254 2159//2159
f 2414//2414 2139//2139 2205//2205
f 2229//2229 2286//2286 2266//2266
f 2356//2356 2229//2229 2266//2266
f 2325//2325 2273//2273 2277//2277
f 2372//2372 2325//2325 2277//2277
f 2372//2372 2277//2277 2357//2357
f 2366//2366 2325//2325 2372//2372
f 2317//2317 2321//2321 2327//2327
f 2403//2403 2329//2329 2268//2268
f 2356//2356 2286//2286 2482//2482
f 2266//2266 2286//2286 2356//2356
f 2351//2351 2289//2289 2354//2354
f 2354//2354 2289//2289 2276//2276
f 2354//2354 2276//2276 2305//2305
f 2516//2516 2452//2452 2675//2675
f 2452//2452 2557//2557 2675//2675
f 2831//2831 2784//2784 2798//2798
f 2839//2839 2798//2798 2750//2750
f 2751//2751 2839//2839 2750//2750
f 2750//2750 2755//2755 2751//2751
f 2722//2722 2708//2708 2758//2758
f 3099//3099 2828//2828 2914//2914
f 2995//2995 2964//2964 2944//2944
f 2980//2980 2964//2964 2995//2995
f 2980//2980 2995//2995 2970//2970
f 2980//2980 2970//2970 2951//2951
f 3053//3053 3019//3019 2943//2943
f 3089//3089 3033//3033 3049//3049
f 3049//3049 3008//3008 3060//3060
f 3043//3043 3027//3027 2981//2981
f 3043//3043 3060//3060 3027//3027
f 3060//3060 3008//3008 3027//3027
f 3060//3060 2972//2972 3002//3002
f 3060//3060 3000//3000 2972//2972
f 2996//2996 3001//3001 3098//3098
f 3249//3249 3181//3181 3316//3316
f 3294//3294 3225//3225 3227//3227
f 3249//3249 3294//3294 3227//3227
f 3273//3273 3246//3246 3357//3357
f 3250//3250 3246//3246 3273//3273
f 3265//3265 3251//3251 3250//3250
f 3317//3317 3211//3211 3408//3408
f 3515//3515 3229//3229 3414//3414
f 3391//3391 3286//3286 3437//3437
f 3300//3300 3391//3391 3393//3393
f 3326//3326 3391//3391 3300//3300
f 3253//3253 3300//3300 3393//3393
f 3579//3579 3654//3654 3619//3619
f 3654//3654 3579//3579 3458//3458
f 3458//3458 3547//3547 3811//3811
f 3755//3755 3811//3811 3547//3547
f 3547//3547 3448//3448 3627//3627
f 3590//3590 3500//3500 3501//3501
f 3501//3501 3444//3444 3590//3590
f 3672//3672 3659//3659 3655//3655
f 3626//3626 3772//3772 3812//3812
f 3800//3800 3720//3720 3764//3764
f 3720//3720 3701//3701 3764//3764
f 3659//3659 3672//3672 3840//3840
f 3860//3860 3751//3751 3837//3837
f 3751//3751 3811//3811 3837//3837
f 3718//3718 3821//3821 3855//3855
f 3866//3866 3897//3897 3921//3921
f 3954//3954 3906//3906 3932//3932
f 3912//3912 3943//3943 3960//3960
f 125//125 123//123 63//63
f 81//81 34//34 65//65
f 127//127 53//53 123//123
f 123//123 53//53 63//63
f 53//53 127//127 101//101
f 116//116 34//34 81//81
f 128//128 195//195 198//198
f 243//243 81//81 135//135
f 123//123 125//125 201//201
f 123//123 201//201 236//236
f 290//290 294//294 292//292
f 294//294 327//327 165//165
f 199//199 165//165 327//327
f 222//222 242//242 339//339
f 252//252 222//222 339//339
f 363//363 265//265 401//401
f 331//331 401//401 265//265
f 331//331 217//217 317//317
f 364//364 395//395 361//361
f 360//360 326//326 361//361
f 360//360 367//367 299//299
f 364//364 361//361 326//326
f 326//326 360//360 299//299
f 395//395 393//393 286//286
f 364//364 328//328 397//397
f 367//367 365//365 299//299
f 399//399 288//288 421//421
f 430//430 480//480 344//344
f 770//770 771//771 804//804
f 804//804 717//717 852//852
f 969//969 829//829 1100//1100
f 1191//1191 1322//1322 901//901
f 958//958 1038//1038 1156//1156
f 1156//1156 1100//1100 958//958
f 1059//1059 1075//1075 912//912
f 1145//1145 971//971 1009//1009
f 1040//1040 1073//1073 1009//1009
f 1009//1009 1073//1073 1114//1114
f 1114//1114 1073//1073 1110//1110
f 1107//1107 1053//1053 1135//1135
f 1053//1053 1107//1107 980//980
f 1096//1096 922//922 1056//1056
f 1040//1040 922//922 1096//1096
f 1096//1096 1277//1277 1040//1040
f 1277//1277 1073//1073 1040//1040
f 1154//1154 1079//1079 1114//1114
f 1081//1081 1114//1114 1079//1079
f 1109//1109 1081//1081 1079//1079
f 1108//1108 1081//1081 1109//1109
f 1214//1214 1166//1166 1225//1225
f 1212//1212 1166//1166 1214//1214
f 1464//1464 1364//1364 1198//1198
f 1282//1282 1212//1212 1214//1214
f 1282//1282 1280//1280 1212//1212
f 1280//1280 1247//1247 1212//1212
f 1346//1346 1402//1402 1350//1350
f 1350//1350 1402//1402 1401//1401
f 1350//1350 1401//1401 1399//1399
f 1399//1399 1420//1420 1357//1357
f 1390//1390 1308//1308 1554//1554
f 1308//1308 1351//1351 1554//1554
f 1314//1314 1455//1455 1395//1395
f 1538//1538 1278//1278 1489//1489
f 1278//1278 1538//1538 1285//1285
f 1538//1538 1244//1244 1285//1285
f 1538//1538 1351//1351 1244//1244
f 1469//1469 1320//1320 1613//1613
f 1588//1588 1621//1621 1446//1446
f 1665//1665 1613//1613 1458//1458
f 1458//1458 1492//1492 1665//1665
f 1588//1588 1466//1466 1469//1469
f 1446//1446 1621//1621 1749//1749
f 1824//1824 1660//1660 1600//1600
f 1749//1749 1681//1681 1845//1845
f 1863//1863 1884//1884 1838//1838
f 1801//1801 1868//1868 1892//1892
f 1979//1979 1801//1801 1892//1892
f 1808//1808 1903//1903 1746//1746
f 1863//1863 1746//1746 1945//1945
f 1903//1903 1945//1945 1746//1746
f 1970//1970 1945//1945 1988//1988
f 2022//2022 1988//1988 1945//1945
f 2022//2022 1945//1945 1903//1903
f 2015//2015 1979//1979 1892//1892
f 2024//2024 1934//1934 1979//1979
f 2024//2024 1961//1961 1934//1934
f 2514//2514 2437//2437 2465//2465
f 2583//2583 2449//2449 2438//2438
f 2907//2907 2557//2557 2888//2888
f 3144//3144 3032//3032 3164//3164
f 3165//3165 3201//3201 3132//3132
f 3165//3165 3037//3037 3242//3242
f 3196//3196 3359//3359 3220//3220
f 3279//3279 3214//3214 3280//3280
f 3218//3218 3214//3214 3345//3345
f 3196//3196 3014//3014 3328//3328
f 3328//3328 3336//3336 3196//3196
f 3427//3427 3517//3517 3214//3214
f 3517//3517 3345//3345 3214//3214
f 3283//3283 3314//3314 3447//3447
f 3285//3285 3307//3307 3454//3454
f 3666//3666 3616//3616 3708//3708
f 3749//3749 3729//3729 3742//3742
f 3770//3770 3687//3687 3856//3856
f 3863//3863 3762//3762 3754//3754
f 3789//3789 3762//3762 3816//3816
f 3845//3845 3721//3721 3714//3714
f 3831//3831 3928//3928 3935//3935
f 3870//3870 3800//3800 3907//3907
f 12//12 10//10 8//8
f 42//42 12//12 8//8
f 50//50 12//12 42//42
f 135//135 65//65 72//72
f 65//65 64//64 72//72
f 135//135 81//81 65//65
f 135//135 72//72 105//105
f 151//151 105//105 55//55
f 164//164 54//54 131//131
f 131//131 54//54 126//126
f 355//355 213//213 225//225
f 355//355 269//269 213//213
f 227//227 225//225 213//213
f 227//227 213//213 247//247
f 215//215 227//227 247//247
f 247//247 293//293 215//215
f 255//255 215//215 293//293
f 426//426 236//236 252//252
f 236//236 426//426 415//415
f 426//426 252//252 524//524
f 452//452 332//332 474//474
f 345//345 436//436 366//366
f 381//381 436//436 345//345
f 532//532 430//430 350//350
f 532//532 530//530 430//430
f 532//532 350//350 506//506
f 472//472 382//382 420//420
f 554//554 457//457 273//273
f 554//554 273//273 574//574
f 632//632 539//539 411//411
f 598//598 551//551 424//424
f 551//551 615//615 424//424
f 524//524 615//615 602//602
f 594//594 524//524 563//563
f 460//460 545//545 483//483
f 768//768 545//545 719//719
f 709//709 547//547 710//710
f 733//733 639//639 644//644
f 641//641 545//545 768//768
f 561//561 669//669 683//683
f 648//648 741//741 671//671
f 681//681 645//645 700//700
f 757//757 723//723 693//693
f 695//695 613//613 693//693
f 683//683 727//727 737//737
f 669//669 727//727 683//683
f 809//809 775//775 683//683
f 644//644 685//685 812//812
f 723//723 787//787 693//693
f 799//799 723//723 757//757
f 693//693 787//787 695//695
f 741//741 648//648 775//775
f 782//782 749//749 790//790
f 822//822 908//908 976//976
f 797//797 856//856 942//942
f 815//815 998//998 902//902
f 994//994 927//927 866//866
f 994//994 943//943 927//927
f 1034//1034 961//961 1032//1032
f 961//961 925//925 1032//1032
f 961//961 1055//1055 940//940
f 944//944 1027//1027 988//988
f 962//962 1199//1199 1053//1053
f 1112//1112 1183//1183 914//914
f 1111//1111 1112//1112 1047//1047
f 1183//1183 1021//1021 949//949
f 1183//1183 949//949 914//914
f 1135//1135 1199//1199 1254//1254
f 1192//1192 1409//1409 898//898
f 1273//1273 1134//1134 1290//1290
f 1139//1139 1093//1093 1271//1271
f 1656//1656 1319//1319 974//974
f 1656//1656 1574//1574 1319//1319
f 1490//1490 1437//1437 1349//1349
f 1619//1619 1490//1490 1325//1325
f 1325//1325 1490//1490 1349//1349
f 1591//1591 1362//1362 1743//1743
f 1600//1600 1488//1488 1561//1561
f 1488//1488 1455//1455 1561//1561
f 1530//1530 1488//1488 1620//1620
f 1909//1909 1860//1860 1964//1964
f 1904//1904 1860//1860 1909//1909
f 1905//1905 1964//1964 1878//1878
f 1964//1964 1843//1843 1878//1878
f 1843//1843 1846//1846 1878//1878
f 1964//1964 1860//1860 1843//1843
f 1918//1918 1917//1917 2021//2021
f 1977//1977 1918//1918 2021//2021
f 1931//1931 1848//1848 1940//1940
f 1911//1911 1980//1980 2150//2150
f 2038//2038 2147//2147 1972//1972
f 2181//2181 2090//2090 1987//1987
f 1933//1933 1987//1987 2090//2090
f 2203//2203 2038//2038 1994//1994
f 2072//2072 2095//2095 2162//2162
f 2142//2142 2082//2082 2174//2174
f 2060//2060 2174//2174 2082//2082
f 2104//2104 2060//2060 2014//2014
f 2115//2115 2140//2140 2029//2029
f 2185//2185 2042//2042 2026//2026
f 2185//2185 2026//2026 2127//2127
f 2171//2171 2141//2141 2172//2172
f 2500//2500 2509//2509 2616//2616
f 2439//2439 2410//2410 2791//2791
f 2791//2791 2410//2410 2500//2500
f 2397//2397 2573//2573 2347//2347
f 2573//2573 2423//2423 2347//2347
f 2485//2485 2474//2474 2524//2524
f 2598//2598 2474//2474 2392//2392
f 2580//2580 2622//2622 2640//2640
f 2643//2643 2580//2580 2640//2640
f 2649//2649 2641//2641 2543//2543
f 2475//2475 2601//2601 2884//2884
f 2734//2734 2537//2537 2535//2535
f 2612//2612 2741//2741 2725//2725
f 2840//2840 2736//2736 2715//2715
f 2840//2840 2771//2771 2736//2736
f 2723//2723 2747//2747 2803//2803
f 2723//2723 2663//2663 2747//2747
f 2761//2761 2763//2763 2940//2940
f 2945//2945 2879//2879 2946//2946
f 2828//2828 2968//2968 3101//3101
f 3101//3101 2914//2914 2828//2828
f 3004//3004 2965//2965 2865//2865
f 3032//3032 2823//2823 2817//2817
f 3095//3095 3094//3094 3116//3116
f 3031//3031 3094//3094 3095//3095
f 3118//3118 3095//3095 3116//3116
f 3070//3070 3116//3116 3009//3009
f 3116//3116 3094//3094 3009//3009
f 3350//3350 3240//3240 3341//3341
f 3310//3310 3414//3414 3229//3229
f 3391//3391 3304//3304 3286//3286
f 3391//3391 3326//3326 3304//3304
f 3393//3393 3329//3329 3253//3253
f 3513//3513 3441//3441 3369//3369
f 3441//3441 3545//3545 3369//3369
f 3513//3513 3369//3369 3417//3417
f 3539//3539 3471//3471 3476//3476
f 3471//3471 3539//3539 3493//3493
f 3477//3477 3471//3471 3493//3493
f 3571//3571 3477//3477 3493//3493
f 3571//3571 3411//3411 3477//3477
f 3530//3530 3378//3378 3494//3494
f 3378//3378 3418//3418 3494//3494
f 3812//3812 3788//3788 3483//3483
f 3788//3788 3508//3508 3483//3483
f 3681//3681 3589//3589 3430//3430
f 3520//3520 3641//3641 3643//3643
f 3686//3686 3635//3635 3774//3774
f 3440//3440 3635//3635 3686//3686
f 3673//3673 3502//3502 3698//3698
f 3650//3650 3670//3670 3662//3662
f 3495//3495 3706//3706 3580//3580
f 3714//3714 3689//3689 3682//3682
f 3806//3806 3682//3682 3719//3719
f 3774//3774 3852//3852 3686//3686
f 3801//3801 3844//3844 3771//3771
f 3844//3844 3801//3801 3807//3807
f 3807//3807 3801//3801 3804//3804
f 3721//3721 3845//3845 3807//3807
f 3856//3856 3687//3687 3792//3792
f 3831//3831 3748//3748 3798//3798
f 3814//3814 3817//3817 3836//3836
f 3818//3818 3865//3865 3808//3808
f 3933//3933 3884//3884 3918//3918
f 3958//3958 3941//3941 3947//3947
f 3942//3942 3953//3953 3944//3944
f 71//71 54//54 62//62
f 22//22 54//54 71//71
f 78//78 32//32 24//24
f 22//22 45//45 121//121
f 96//96 44//44 41//41
f 77//77 45//45 32//32
f 96//96 45//45 44//44
f 34//34 71//71 62//62
f 34//34 62//62 64//64
f 221//221 122//122 171//171
f 203//203 171//171 89//89
f 203//203 120//120 307//307
f 198//198 227//227 215//215
f 215//215 226//226 198//198
f 228//228 291//291 268//268
f 345//345 223//223 311//311
f 136//136 246//246 180//180
f 278//278 180//180 246//246
f 389//389 159//159 180//180
f 138//138 159//159 389//389
f 389//389 314//314 138//138
f 369//369 355//355 503//503
f 414//414 368//368 369//369
f 477//477 429//429 442//442
f 374//374 429//429 477//477
f 694//694 764//764 846//846
f 826//826 846//846 983//983
f 865//865 864//864 863//863
f 907//907 984//984 1029//1029
f 802//802 1202//1202 960//960
f 1089//1089 1055//1055 1173//1173
f 1240//1240 1027//1027 1089//1089
f 1255//1255 1173//1173 1055//1055
f 1089//1089 1173//1173 1313//1313
f 1313//1313 1240//1240 1089//1089
f 1431//1431 1275//1275 1240//1240
f 1613//1613 1636//1636 1469//1469
f 1446//1446 1749//1749 1589//1589
f 1522//1522 1589//1589 1648//1648
f 1648//1648 1457//1457 1522//1522
f 1851//1851 1660//1660 1824//1824
f 1910//1910 1851//1851 1824//1824
f 1908//1908 1924//1924 2007//2007
f 2007//2007 1924//1924 1948//1948
f 1872//1872 1938//1938 1949//1949
f 1949//1949 1938//1938 2031//2031
f 2047//2047 1972//1972 2216//2216
f 2078//2078 1999//1999 2007//2007
f 2122//2122 2045//2045 1949//1949
f 2049//2049 1949//1949 2045//2045
f 2030//2030 2054//2054 2031//2031
f 2054//2054 2122//2122 2031//2031
f 1949//1949 2031//2031 2122//2122
f 2021//2021 2141//2141 2138//2138
f 2131//2131 2070//2070 1999//1999
f 2096//2096 2170//2170 2078//2078
f 2224//2224 2122//2122 2154//2154
f 2224//2224 2169//2169 2122//2122
f 2128//2128 2212//2212 2383//2383
f 2383//2383 2212//2212 2253//2253
f 2390//2390 2425//2425 2250//2250
f 2483//2483 2444//2444 2584//2584
f 2371//2371 2393//2393 2226//2226
f 2395//2395 2226//2226 2393//2393
f 2545//2545 2470//2470 2493//2493
f 2452//2452 2385//2385 2557//2557
f 2466//2466 2487//2487 2519//2519
f 2716//2716 2494//2494 2470//2470
f 2716//2716 2600//2600 2476//2476
f 2416//2416 2476//2476 2600//2600
f 2600//2600 2571//2571 2416//2416
f 2416//2416 2571//2571 2461//2461
f 2467//2467 2461//2461 2838//2838
f 2698//2698 2467//2467 2838//2838
f 2845//2845 2696//2696 2574//2574
f 2663//2663 2615//2615 2496//2496
f 2845//2845 2574//2574 2479//2479
f 2626//2626 2433//2433 2696//2696
f 2692//2692 2642//2642 2552//2552
f 2552//2552 2656//2656 2692//2692
f 2849//2849 2593//2593 2653//2653
f 2767//2767 2846//2846 2892//2892
f 2677//2677 2846//2846 2767//2767
f 2730//2730 2864//2864 2731//2731
f 2846//2846 2677//2677 2813//2813
f 2816//2816 2865//2865 2813//2813
f 2816//2816 2849//2849 2823//2823
f 2849//2849 2653//2653 2817//2817
f 2981//2981 2658//2658 2707//2707
f 3078//3078 2778//2778 3033//3033
f 2778//2778 2777//2777 3033//3033
f 3008//3008 3049//3049 2777//2777
f 3339//3339 3170//3170 3159//3159
f 3436//3436 3332//3332 3519//3519
f 3436//3436 3367//3367 3361//3361
f 3481//3481 3380//3380 3353//3353
f 3353//3353 3432//3432 3481//3481
f 3423//3423 3396//3396 3440//3440
f 3473//3473 3423//3423 3440//3440
f 3439//3439 3637//3637 3346//3346
f 3519//3519 3346//3346 3637//3637
f 3637//3637 3614//3614 3519//3519
f 3436//3436 3519//3519 3491//3491
f 3489//3489 3496//3496 3628//3628
f 3596//3596 3489//3489 3628//3628
f 3623//3623 3496//3496 3648//3648
f 3623//3623 3628//3628 3496//3496
f 3785//3785 3709//3709 3703//3703
f 3611//3611 3690//3690 3702//3702
f 3723//3723 3693//3693 3727//3727
f 3727//3727 3693//3693 3697//3697
f 3727//3727 3711//3711 3759//3759
f 3727//3727 3697//3697 3711//3711
f 3804//3804 3664//3664 3733//3733
f 3573//3573 3770//3770 3754//3754
f 3827//3827 3810//3810 3803//3803
f 3827//3827 3803//3803 3775//3775
f 3827//3827 3775//3775 3829//3829
f 3829//3829 3766//3766 3771//3771
f 3716//3716 3832//3832 3896//3896
f 3771//3771 3766//3766 3756//3756
f 3793//3793 3834//3834 3785//3785
f 3793//3793 3817//3817 3834//3834
f 3814//3814 3784//3784 3834//3834
f 3817//3817 3814//3814 3834//3834
f 3839//3839 3822//3822 3797//3797
f 3873//3873 3890//3890 3880//3880
f 3890//3890 3873//3873 3920//3920
f 3920//3920 3919//3919 3890//3890
f 3855//3855 3931//3931 3913//3913
f 3913//3913 3920//3920 3855//3855
f 3920//3920 3913//3913 3919//3919
f 3919//3919 3913//3913 3915//3915
f 3913//3913 3931//3931 3917//3917
f 197//197 194//194 139//139
f 185//185 197//197 139//139
f 136//136 110//110 209//209
f 158//158 176//176 170//170
f 197//197 257//257 194//194
f 296//296 197//197 185//185
f 189//189 170//170 228//228
f 228//228 217//217 189//189
f 291//291 228//228 170//170
f 266//266 245//245 318//318
f 318//318 254//254 266//266
f 358//358 263//263 253//253
f 271//271 263//263 358//358
f 325//325 254//254 318//318
f 336//336 237//237 335//335
f 294//294 290//290 320//320
f 320//320 487//487 294//294
f 429//429 342//342 444//444
f 418//418 353//353 171//171
f 418//418 458//458 353//353
f 171//171 334//334 418//418
f 528//528 436//436 381//381
f 416//416 419//419 415//415
f 441//441 419//419 416//416
f 494//494 416//416 560//560
f 494//494 562//562 441//441
f 562//562 583//583 441//441
f 642//642 560//560 579//579
f 609//609 583//583 613//613
f 503//503 583//583 609//609
f 609//609 587//587 503//503
f 369//369 503//503 587//587
f 483//483 641//641 568//568
f 641//641 626//626 568//568
f 624//624 582//582 649//649
f 582//582 624//624 497//497
f 521//521 686//686 669//669
f 584//584 497//497 686//686
f 584//584 686//686 521//521
f 620//620 572//572 593//593
f 620//620 660//660 572//572
f 622//622 808//808 572//572
f 526//526 808//808 604//604
f 698//698 515//515 604//604
f 771//771 589//589 717//717
f 720//720 735//735 745//745
f 720//720 659//659 735//735
f 720//720 721//721 659//659
f 668//668 679//679 721//721
f 721//721 779//779 668//668
f 814//814 783//783 758//758
f 783//783 743//743 758//758
f 831//831 633//633 785//785
f 800//800 633//633 831//831
f 812//812 858//858 733//733
f 828//828 812//812 807//807
f 858//858 812//812 828//828
f 799//799 803//803 910//910
f 875//875 856//856 920//920
f 797//797 936//936 883//883
f 908//908 883//883 1035//1035
f 1074//1074 999//999 1039//1039
f 918//918 999//999 869//869
f 1019//1019 952//952 979//979
f 1059//1059 1063//1063 1075//1075
f 1063//1063 1078//1078 1075//1075
f 1078//1078 1276//1276 1075//1075
f 1063//1063 1097//1097 1078//1078
f 1097//1097 1121//1121 1078//1078
f 1055//1055 1089//1089 944//944
f 1306//1306 1031//1031 1020//1020
f 1053//1053 1199//1199 1135//1135
f 1240//1240 1094//1094 1071//1071
f 1139//1139 1255//1255 1055//1055
f 1031//1031 1254//1254 1199//1199
f 1388//1388 1326//1326 1135//1135
f 1306//1306 1254//1254 1031//1031
f 1414//1414 1384//1384 1364//1364
f 1384//1384 1309//1309 1364//1364
f 1364//1364 1464//1464 1414//1414
f 1459//1459 1450//1450 1522//1522
f 1549//1549 1459//1459 1457//1457
f 1459//1459 1381//1381 1450//1450
f 1463//1463 1264//1264 1549//1549
f 1555//1555 1492//1492 1425//1425
f 1425//1425 1581//1581 1555//1555
f 1612//1612 1315//1315 1498//1498
f 1498//1498 1315//1315 1220//1220
f 1664//1664 1721//1721 1663//1663
f 1664//1664 1672//1672 1721//1721
f 1715//1715 1672//1672 1664//1664
f 1678//1678 1715//1715 1724//1724
f 1785//1785 1691//1691 1838//1838
f 1688//1688 1691//1691 1785//1785
f 1754//1754 1758//1758 1752//1752
f 1752//1752 1707//1707 1754//1754
f 1752//1752 1758//1758 1699//1699
f 1764//1764 1708//1708 1827//1827
f 1757//1757 1793//1793 1827//1827
f 1793//1793 1625//1625 1890//1890
f 1625//1625 1616//1616 1807//1807
f 1807//1807 1890//1890 1625//1625
f 1846//1846 1743//1743 1920//1920
f 1974//1974 1920//1920 1743//1743
f 1889//1889 1681//1681 1783//1783
f 2107//2107 2173//2173 2081//2081
f 2135//2135 2051//2051 2118//2118
f 2139//2139 2043//2043 2205//2205
f 2139//2139 2025//2025 2043//2043
f 2159//2159 2025//2025 2139//2139
f 2101//2101 2025//2025 2159//2159
f 2207//2207 2124//2124 2101//2101
f 2229//2229 2124//2124 2207//2207
f 2589//2589 2534//2534 2511//2511
f 2593//2593 2604//2604 2353//2353
f 2571//2571 2600//2600 2654//2654
f 2857//2857 2838//2838 2461//2461
f 2627//2627 2563//2563 2570//2570
f 2627//2627 2570//2570 2726//2726
f 2727//2727 2726//2726 2628//2628
f 2733//2733 2694//2694 2629//2629
f 2807//2807 2724//2724 2579//2579
f 2838//2838 2912//2912 2789//2789
f 2620//2620 2953//2953 2998//2998
f 2843//2843 2712//2712 3022//3022
f 3014//3014 3022//3022 2826//2826
f 2826//2826 2725//2725 2876//2876
f 2711//2711 2883//2883 3099//3099
f 3042//3042 2818//2818 2765//2765
f 2963//2963 2996//2996 3054//3054
f 3146//3146 3124//3124 3187//3187
f 3124//3124 3038//3038 3230//3230
f 3275//3275 2957//2957 3177//3177
f 3172//3172 3239//3239 3289//3289
f 3234//3234 3186//3186 3226//3226
f 3262//3262 3226//3226 3187//3187
f 3387//3387 3266//3266 3267//3267
f 3303//3303 3264//3264 3317//3317
f 3317//3317 3264//3264 3256//3256
f 3352//3352 3325//3325 3320//3320
f 3325//3325 3383//3383 3156//3156
f 3398//3398 3401//3401 3383//3383
f 3444//3444 3501//3501 3308//3308
f 3370//3370 3427//3427 3279//3279
f 3428//3428 3381//3381 3359//3359
f 3428//3428 3359//3359 3336//3336
f 3392//3392 3336//3336 3328//3328
f 3551//3551 3483//3483 3538//3538
f 3735//3735 3688//3688 3603//3603
f 3603//3603 3638//3638 3735//3735
f 3638//3638 3527//3527 3735//3735
f 3527//3527 3649//3649 3735//3735
f 3682//3682 3685//3685 3719//3719
f 3723//3723 3719//3719 3685//3685
f 3808//3808 3779//3779 3818//3818
f 3817//3817 3793//3793 3795//3795
f 3839//3839 3797//3797 3813//3813
f 3839//3839 3813//3813 3820//3820
f 96//96 41//41 124//124
f 41//41 60//60 124//124
f 78//78 104//104 32//32
f 104//104 77//77 32//32
f 104//104 106//106 77//77
f 106//106 110//110 77//77
f 110//110 46//46 77//77
f 110//110 6//6 46//46
f 115//115 114//114 88//88
f 277//277 233//233 250//250
f 277//277 304//304 233//233
f 695//695 790//790 587//587
f 790//790 716//716 587//587
f 557//557 664//664 665//665
f 660//660 620//620 691//691
f 767//767 622//622 660//660
f 719//719 750//750 777//777
f 793//793 753//753 692//692
f 840//840 894//894 924//924
f 816//816 895//895 831//831
f 1217//1217 1188//1188 1169//1169
f 1508//1508 1409//1409 1476//1476
f 1355//1355 1481//1481 1276//1276
f 1503//1503 1571//1571 1453//1453
f 1563//1563 1358//1358 1514//1514
f 1358//1358 1226//1226 1514//1514
f 1867//1867 1508//1508 1476//1476
f 1550//1550 1519//1519 1670//1670
f 1634//1634 1679//1679 1604//1604
f 1679//1679 1721//1721 1672//1672
f 1679//1679 1672//1672 1604//1604
f 1604//1604 1672//1672 1713//1713
f 1686//1686 1627//1627 1633//1633
f 1782//1782 1629//1629 1686//1686
f 1969//1969 1875//1875 1835//1835
f 1897//1897 1771//1771 1933//1933
f 1914//1914 1898//1898 1853//1853
f 1920//1920 1905//1905 1878//1878
f 1910//1910 1824//1824 1916//1916
f 1919//1919 1851//1851 1910//1910
f 1919//1919 1865//1865 1851//1851
f 1864//1864 1974//1974 1743//1743
f 2103//2103 1963//1963 2025//2025
f 1963//1963 1895//1895 2025//2025
f 2103//2103 1984//1984 1963//1963
f 1988//1988 2071//2071 2073//2073
f 2073//2073 2076//2076 1990//1990
f 2079//2079 2218//2218 2022//2022
f 2079//2079 1991//1991 2082//2082
f 2210//2210 2237//2237 2394//2394
f 2342//2342 2333//2333 2323//2323
f 2344//2344 2322//2322 2304//2304
f 2344//2344 2323//2323 2322//2322
f 2476//2476 2282//2282 2333//2333
f 2242//2242 2416//2416 2287//2287
f 2467//2467 2255//2255 2360//2360
f 2249//2249 2251//2251 2808//2808
f 2813//2813 2604//2604 2849//2849
f 2849//2849 2816//2816 2813//2813
f 2962//2962 2434//2434 2674//2674
f 2763//2763 2797//2797 2940//2940
f 2933//2933 2873//2873 2809//2809
f 2933//2933 2868//2868 2873//2873
f 3043//3043 2981//2981 2991//2991
f 3207//3207 3202//3202 3194//3194
f 3183//3183 3206//3206 3208//3208
f 3175//3175 3208//3208 3206//3206
f 3206//3206 3177//3177 3175//3175
f 3206//3206 3275//3275 3177//3177
f 3200//3200 3252//3252 3193//3193
f 3188//3188 3193//3193 3252//3252
f 3201//3201 3165//3165 3277//3277
f 3488//3488 3453//3453 3362//3362
f 3488//3488 3362//3362 3466//3466
f 3452//3452 3492//3492 3540//3540
f 3530//3530 3601//3601 3378//3378
f 3421//3421 3378//3378 3601//3601
f 3678//3678 3502//3502 3602//3602
f 3678//3678 3698//3698 3502//3502
f 3662//3662 3640//3640 3580//3580
f 3712//3712 3692//3692 3732//3732
f 3712//3712 3734//3734 3692//3692
f 3713//3713 3751//3751 3853//3853
f 3901//3901 3799//3799 3846//3846
f 3904//3904 3799//3799 3901//3901
f 3858//3858 3815//3815 3612//3612
f 88//88 27//27 51//51
f 88//88 114//114 27//27
f 88//88 30//30 103//103
f 51//51 30//30 88//88
f 68//68 129//129 193//193
f 231//231 322//322 264//264
f 231//231 234//234 300//300
f 319//319 172//172 280//280
f 288//288 315//315 341//341
f 218//218 175//175 350//350
f 175//175 276//276 350//350
f 276//276 214//214 373//373
f 598//598 482//482 589//589
f 675//675 606//606 672//672
f 684//684 687//687 705//705
f 705//705 687//687 667//667
f 706//706 654//654 705//705
f 860//860 941//941 788//788
f 930//930 855//855 796//796
f 872//872 776//776 944//944
f 930//930 848//848 1037//1037
f 941//941 860//860 1042//1042
f 860//860 900//900 934//934
f 925//925 855//855 930//930
f 940//940 944//944 776//776
f 1155//1155 1001//1001 1013//1013
f 986//986 977//977 1174//1174
f 1230//1230 983//983 1172//1172
f 1148//1148 1092//1092 1068//1068
f 1092//1092 1238//1238 1039//1039
f 1159//1159 1039//1039 1238//1238
f 1176//1176 1174//1174 1267//1267
f 1132//1132 1170//1170 1252//1252
f 1244//1244 1152//1152 1206//1206
f 1285//1285 1194//1194 1288//1288
f 1368//1368 1173//1173 1255//1255
f 1470//1470 1387//1387 1275//1275
f 1387//1387 1306//1306 1275//1275
f 1433//1433 1415//1415 1386//1386
f 1495//1495 1445//1445 1417//1417
f 1422//1422 1417//1417 1337//1337
f 1422//1422 1485//1485 1417//1417
f 1422//1422 1337//1337 1377//1377
f 1391//1391 1380//1380 1505//1505
f 1597//1597 1455//1455 1390//1390
f 1455//1455 1314//1314 1390//1390
f 1534//1534 1424//1424 1599//1599
f 1601//1601 1596//1596 1475//1475
f 1658//1658 1504//1504 1622//1622
f 1622//1622 1504//1504 1583//1583
f 1725//1725 1488//1488 1660//1660
f 1725//1725 1620//1620 1488//1488
f 1725//1725 1694//1694 1620//1620
f 1694//1694 1645//1645 1620//1620
f 1744//1744 1859//1859 1678//1678
f 1853//1853 1898//1898 1775//1775
f 1859//1859 1904//1904 1805//1805
f 1860//1860 1744//1744 1843//1843
f 1824//1824 1600//1600 1916//1916
f 1851//1851 1865//1865 1825//1825
f 1895//1895 1873//1873 1845//1845
f 2089//2089 2200//2200 2040//2040
f 2196//2196 2040//2040 2200//2200
f 2141//2141 2019//2019 2084//2084
f 2141//2141 2021//2021 2019//2019
f 2324//2324 2373//2373 2201//2201
f 2201//2201 2373//2373 2311//2311
f 2314//2314 2373//2373 2324//2324
f 2324//2324 2330//2330 2314//2314
f 2279//2279 2328//2328 2314//2314
f 2314//2314 2328//2328 2377//2377
f 2280//2280 2377//2377 2328//2328
f 2369//2369 2377//2377 2280//2280
f 2294//2294 2358//2358 2315//2315
f 2330//2330 2324//2324 2315//2315
f 2284//2284 2315//2315 2358//2358
f 2284//2284 2330//2330 2315//2315
f 2250//2250 2634//2634 2390//2390
f 2552//2552 2531//2531 2554//2554
f 2554//2554 2504//2504 2621//2621
f 2621//2621 2504//2504 2566//2566
f 2566//2566 2462//2462 2626//2626
f 2830//2830 2738//2738 2603//2603
f 2775//2775 2738//2738 2830//2830
f 2783//2783 2499//2499 2935//2935
f 2669//2669 2969//2969 2430//2430
f 2939//2939 2809//2809 2780//2780
f 3001//3001 3045//3045 3098//3098
f 3137//3137 3051//3051 3151//3151
f 3098//3098 3080//3080 2996//2996
f 3181//3181 3129//3129 3081//3081
f 3175//3175 3177//3177 3133//3133
f 3133//3133 3177//3177 2957//2957
f 3271//3271 3200//3200 3236//3236
f 3263//3263 3242//3242 3252//3252
f 3242//3242 3188//3188 3252//3252
f 3274//3274 3132//3132 3201//3201
f 3277//3277 3291//3291 3201//3201
f 3359//3359 3280//3280 3220//3220
f 3338//3338 3260//3260 3422//3422
f 3324//3324 3422//3422 3260//3260
f 3443//3443 3338//3338 3422//3422
f 3443//3443 3415//3415 3338//3338
f 3425//3425 3424//3424 3426//3426
f 3425//3425 3374//3374 3570//3570
f 3397//3397 3426//3426 3424//3424
f 3425//3425 3426//3426 3374//3374
f 3491//3491 3367//3367 3436//3436
f 3367//3367 3472//3472 3337//3337
f 3522//3522 3408//3408 3499//3499
f 3341//3341 3556//3556 3350//3350
f 3458//3458 3811//3811 3654//3654
f 3755//3755 3547//3547 3627//3627
f 3728//3728 3756//3756 3739//3739
f 3756//3756 3738//3738 3739//3739
f 3728//3728 3739//3739 3680//3680
f 3804//3804 3680//3680 3664//3664
f 3804//3804 3728//3728 3680//3680
f 48//48 56//56 76//76
f 56//56 48//48 39//39
f 123//123 236//236 127//127
f 78//78 116//116 218//218
f 204//204 78//78 218//218
f 118//118 78//78 204//204
f 577//577 409//409 512//512
f 409//409 454//454 512//512
f 454//454 517//517 567//567
f 567//567 517//517 558//558
f 544//544 380//380 518//518
f 443//443 535//535 531//531
f 531//531 535//535 586//586
f 555//555 531//531 586//586
f 531//531 555//555 478//478
f 555//555 552//552 479//479
f 586//586 540//540 614//614
f 619//619 590//590 578//578
f 578//578 617//617 619//619
f 707//707 465//465 571//571
f 617//617 578//578 608//608
f 608//608 556//556 617//617
f 686//686 497//497 624//624
f 805//805 656//656 772//772
f 756//756 677//677 729//729
f 756//756 722//722 677//677
f 666//666 704//704 810//810
f 735//735 666//666 811//811
f 1239//1239 1238//1238 1372//1372
f 1239//1239 1372//1372 1345//1345
f 1645//1645 1474//1474 1620//1620
f 1645//1645 1251//1251 1474//1474
f 1693//1693 1639//1639 1993//1993
f 1847//1847 1668//1668 1747//1747
f 1927//1927 1551//1551 1799//1799
f 1799//1799 1684//1684 1637//1637
f 1637//1637 1689//1689 1810//1810
f 1810//1810 1799//1799 1637//1637
f 1810//1810 1689//1689 1784//1784
f 1778//1778 1726//1726 1742//1742
f 1852//1852 1726//1726 1778//1778
f 1817//1817 1803//1803 1779//1779
f 1812//1812 1832//1832 1711//1711
f 1812//1812 1939//1939 1832//1832
f 1682//1682 1711//1711 1832//1832
f 1795//1795 1879//1879 1854//1854
f 1779//1779 1780//1780 1817//1817
f 2023//2023 1890//1890 2006//2006
f 2006//2006 1890//1890 1954//1954
f 1890//1890 1906//1906 1954//1954
f 2001//2001 1874//1874 1871//1871
f 2001//2001 1941//1941 1874//1874
f 2001//2001 2002//2002 1941//1941
f 1954//1954 1893//1893 2074//2074
f 2016//2016 1894//1894 1982//1982
f 2016//2016 1982//1982 2040//2040
f 1917//1917 1912//1912 2019//2019
f 1912//1912 2011//2011 2019//2019
f 1931//1931 1940//1940 2194//2194
f 2116//2116 2160//2160 2036//2036
f 2073//2073 2146//2146 2206//2206
f 2206//2206 2076//2076 2073//2073
f 2209//2209 2076//2076 2206//2206
f 2177//2177 2143//2143 2198//2198
f 2143//2143 2070//2070 2198//2198
f 2218//2218 2079//2079 2156//2156
f 2291//2291 2234//2234 2316//2316
f 2291//2291 2296//2296 2234//2234
f 2447//2447 2296//2296 2337//2337
f 2447//2447 2401//2401 2319//2319
f 2345//2345 2319//2319 2401//2401
f 2364//2364 2183//2183 2261//2261
f 2316//2316 2183//2183 2364//2364
f 2468//2468 2396//2396 2335//2335
f 2297//2297 2249//2249 2601//2601
f 2171//2171 2172//2172 2475//2475
f 2524//2524 2528//2528 2485//2485
f 2533//2533 2528//2528 2524//2524
f 2539//2539 2528//2528 2533//2533
f 2536//2536 2528//2528 2539//2539
f 2539//2539 2585//2585 2536//2536
f 2550//2550 2649//2649 2541//2541
f 2614//2614 2550//2550 2530//2530
f 2543//2543 2541//2541 2649//2649
f 2543//2543 2641//2641 2607//2607
f 2510//2510 2543//2543 2607//2607
f 2738//2738 2775//2775 2510//2510
f 2427//2427 2510//2510 2775//2775
f 2835//2835 2427//2427 2775//2775
f 2647//2647 2643//2643 2650//2650
f 2643//2643 2640//2640 2689//2689
f 2689//2689 2650//2650 2643//2643
f 2647//2647 2650//2650 2646//2646
f 2688//2688 2650//2650 2689//2689
f 2646//2646 2650//2650 2688//2688
f 2550//2550 2651//2651 2646//2646
f 2649//2649 2646//2646 2688//2688
f 2975//2975 2940//2940 3028//3028
f 3028//3028 2609//2609 3017//3017
f 3017//3017 2609//2609 2756//2756
f 3025//3025 2805//2805 3024//3024
f 2904//2904 2713//2713 3025//3025
f 2894//2894 2907//2907 2888//2888
f 3064//3064 3131//3131 3053//3053
f 3123//3123 3059//3059 3010//3010
f 3081//3081 3129//3129 2910//2910
f 3150//3150 3316//3316 3181//3181
f 3462//3462 3479//3479 3457//3457
f 3509//3509 3475//3475 3400//3400
f 3463//3463 3475//3475 3509//3509
f 3487//3487 3457//3457 3475//3475
f 3463//3463 3455//3455 3475//3475
f 3455//3455 3487//3487 3475//3475
f 3455//3455 3463//3463 3424//3424
f 3382//3382 3499//3499 3395//3395
f 3499//3499 3408//3408 3395//3395
f 3565//3565 3604//3604 3631//3631
f 3643//3643 3617//3617 3604//3604
f 3604//3604 3520//3520 3643//3643
f 3618//3618 3493//3493 3660//3660
f 3618//3618 3571//3571 3493//3493
f 3604//3604 3652//3652 3631//3631
f 3604//3604 3617//3617 3652//3652
f 3575//3575 3571//3571 3618//3618
f 3642//3642 3575//3575 3621//3621
f 3503//3503 3621//3621 3665//3665
f 3774//3774 3708//3708 3616//3616
f 3722//3722 3698//3698 3749//3749
f 3722//3722 3673//3673 3698//3698
f 3724//3724 3580//3580 3706//3706
f 3724//3724 3731//3731 3580//3580
f 3777//3777 3616//3616 3650//3650
f 3758//3758 3773//3773 3700//3700
f 3719//3719 3723//3723 3783//3783
f 3928//3928 3952//3952 3947//3947
f 3952//3952 3928//3928 3884//3884
f 3907//3907 3800//3800 3908//3908
f 3951//3951 3892//3892 3948//3948
f 2//2 43//43 39//39
f 25//25 160//160 132//132
f 52//52 25//25 132//132
f 176//176 70//70 95//95
f 176//176 95//95 149//149
f 79//79 52//52 132//132
f 134//134 221//221 342//342
f 279//279 342//342 221//221
f 203//203 307//307 334//334
f 225//225 261//261 355//355
f 306//306 269//269 355//355
f 282//282 295//295 285//285
f 285//285 303//303 377//377
f 332//332 333//333 474//474
f 381//381 345//345 270//270
f 381//381 270//270 312//312
f 385//385 336//336 370//370
f 385//385 320//320 336//336
f 428//428 316//316 490//490
f 433//433 423//423 406//406
f 486//486 467//467 672//672
f 532//532 527//527 530//530
f 532//532 580//580 527//527
f 650//650 544//544 657//657
f 606//606 675//675 703//703
f 667//667 706//706 705//705
f 696//696 747//747 880//880
f 826//826 694//694 846//846
f 724//724 694//694 826//826
f 762//762 798//798 747//747
f 845//845 724//724 826//826
f 871//871 873//873 881//881
f 881//881 873//873 712//712
f 849//849 814//814 873//873
f 905//905 881//881 712//712
f 974//974 867//867 1066//1066
f 1020//1020 1031//1031 1199//1199
f 1071//1071 988//988 1027//1027
f 929//929 988//988 1071//1071
f 1020//1020 968//968 1094//1094
f 1191//1191 991//991 1186//1186
f 1171//1171 1138//1138 1099//1099
f 1294//1294 1099//1099 1100//1100
f 1163//1163 1291//1291 1077//1077
f 1270//1270 1237//1237 1108//1108
f 1108//1108 1082//1082 1270//1270
f 1135//1135 1227//1227 1107//1107
f 1096//1096 1056//1056 1331//1331
f 1279//1279 1207//1207 1210//1210
f 1208//1208 1213//1213 1168//1168
f 1207//1207 1246//1246 1187//1187
f 1229//1229 1142//1142 1296//1296
f 1085//1085 1090//1090 1136//1136
f 1483//1483 1312//1312 1423//1423
f 1423//1423 1151//1151 1478//1478
f 1478//1478 1151//1151 1329//1329
f 1151//1151 1321//1321 1329//1329
f 1632//1632 1641//1641 1599//1599
f 1622//1622 1717//1717 1658//1658
f 1717//1717 1622//1622 1667//1667
f 1634//1634 1673//1673 1711//1711
f 1679//1679 1682//1682 1721//1721
f 1718//1718 1780//1780 1602//1602
f 1927//1927 1575//1575 1551//1551
f 1684//1684 1799//1799 1551//1551
f 2082//2082 1991//1991 1985//1985
f 1985//1985 1967//1967 2060//2060
f 2060//2060 2082//2082 1985//1985
f 2014//2014 2060//2060 1967//1967
f 2137//2137 2087//2087 2184//2184
f 2017//2017 2113//2113 2115//2115
f 2029//2029 2017//2017 2115//2115
f 2094//2094 2140//2140 2250//2250
f 2356//2356 2433//2433 2052//2052
f 2269//2269 2366//2366 2259//2259
f 2642//2642 2289//2289 2351//2351
f 2531//2531 2351//2351 2504//2504
f 2700//2700 2753//2753 2630//2630
f 2665//2665 2661//2661 2658//2658
f 2665//2665 2680//2680 2608//2608
f 2608//2608 2661//2661 2665//2665
f 2745//2745 2636//2636 2736//2736
f 2597//2597 2628//2628 2590//2590
f 2784//2784 2757//2757 2687//2687
f 2757//2757 2707//2707 2638//2638
f 2757//2757 2638//2638 2687//2687
f 2613//2613 2762//2762 2572//2572
f 2606//2606 2572//2572 2762//2762
f 2613//2613 2660//2660 2875//2875
f 2660//2660 2701//2701 2793//2793
f 2793//2793 2701//2701 2743//2743
f 2950//2950 2737//2737 2665//2665
f 2905//2905 2902//2902 2626//2626
f 2801//2801 2745//2745 2736//2736
f 2801//2801 2736//2736 2771//2771
f 2833//2833 2887//2887 2832//2832
f 2730//2730 2856//2856 2864//2864
f 2731//2731 2864//2864 2928//2928
f 2946//2946 2923//2923 2945//2945
f 3039//3039 3038//3038 3124//3124
f 3012//3012 2922//2922 3039//3039
f 3108//3108 3056//3056 2966//2966
f 3069//3069 3101//3101 2968//2968
f 3091//3091 3090//3090 3107//3107
f 3200//3200 3199//3199 3236//3236
f 3188//3188 3242//3242 3047//3047
f 3192//3192 3213//3213 3149//3149
f 3142//3142 3149//3149 3213//3213
f 3213//3213 3204//3204 3142//3142
f 3204//3204 3063//3063 3142//3142
f 3324//3324 3298//3298 3299//3299
f 3295//3295 3293//3293 3319//3319
f 3485//3485 3576//3576 3434//3434
f 3431//3431 3434//3434 3576//3576
f 3485//3485 3358//3358 3534//3534
f 3481//3481 3534//3534 3380//3380
f 3554//3554 3526//3526 3564//3564
f 3509//3509 3564//3564 3526//3526
f 3509//3509 3526//3526 3563//3563
f 3563//3563 3526//3526 3629//3629
f 3675//3675 3563//3563 3629//3629
f 3569//3569 3536//3536 3487//3487
f 3733//3733 3676//3676 3574//3574
f 3772//3772 3784//3784 3814//3814
f 3814//3814 3813//3813 3772//3772
f 3808//3808 3796//3796 3744//3744
f 3796//3796 3741//3741 3744//3744
f 3793//3793 3785//3785 3703//3703
f 3793//3793 3703//3703 3741//3741
f 3793//3793 3741//3741 3795//3795
f 3795//3795 3741//3741 3796//3796
f 3797//3797 3812//3812 3813//3813
f 3813//3813 3812//3812 3772//3772
f 3822//3822 3767//3767 3797//3797
f 3842//3842 3806//3806 3783//3783
f 61//61 198//198 82//82
f 82//82 40//40 61//61
f 120//120 27//27 114//114
f 100//100 43//43 73//73
f 146//146 155//155 100//100
f 155//155 94//94 100//100
f 350//350 430//430 218//218
f 204//204 218//218 430//430
f 371//371 481//481 410//410
f 481//481 344//344 480//480
f 344//344 481//481 371//371
f 408//408 506//506 276//276
f 506//506 350//350 276//276
f 401//401 331//331 438//438
f 438//438 331//331 403//403
f 331//331 317//317 463//463
f 405//405 463//463 317//317
f 403//403 331//331 463//463
f 405//405 268//268 352//352
f 405//405 317//317 268//268
f 606//606 569//569 486//486
f 580//580 532//532 585//585
f 506//506 408//408 610//610
f 585//585 532//532 506//506
f 771//771 598//598 589//589
f 771//771 711//711 598//598
f 711//711 551//551 598//598
f 606//606 703//703 765//765
f 703//703 684//684 715//715
f 715//715 684//684 705//705
f 705//705 728//728 715//715
f 511//511 769//769 662//662
f 718//718 769//769 511//511
f 766//766 754//754 774//774
f 763//763 752//752 822//822
f 751//751 763//763 822//822
f 697//697 998//998 778//778
f 847//847 782//782 890//890
f 894//894 795//795 827//827
f 894//894 840//840 795//795
f 816//816 831//831 817//817
f 902//902 920//920 815//815
f 960//960 887//887 857//857
f 1032//1032 925//925 930//930
f 988//988 872//872 944//944
f 929//929 772//772 988//988
f 876//876 966//966 919//919
f 978//978 897//897 1023//1023
f 985//985 950//950 978//978
f 985//985 987//987 950//950
f 896//896 950//950 987//987
f 1128//1128 1102//1102 936//936
f 1036//1036 1102//1102 1104//1104
f 976//976 1102//1102 1036//1036
f 1131//1131 1128//1128 942//942
f 1026//1026 981//981 1062//1062
f 1062//1062 994//994 1026//1026
f 1166//1166 915//915 854//854
f 1061//1061 1060//1060 902//902
f 1087//1087 1151//1151 1058//1058
f 1058//1058 947//947 1087//1087
f 1044//1044 1305//1305 967//967
f 1365//1365 1106//1106 967//967
f 1077//1077 1054//1054 1028//1028
f 1167//1167 1054//1054 1287//1287
f 1077//1077 1287//1287 1054//1054
f 1164//1164 1124//1124 1312//1312
f 1324//1324 1137//1137 1037//1037
f 1330//1330 1276//1276 1481//1481
f 1097//1097 1235//1235 1178//1178
f 1276//1276 1113//1113 1188//1188
f 1655//1655 1192//1192 1472//1472
f 1515//1515 1489//1489 1564//1564
f 1590//1590 1362//1362 1591//1591
f 1554//1554 1351//1351 1592//1592
f 1515//1515 1592//1592 1351//1351
f 1597//1597 1554//1554 1595//1595
f 1455//1455 1597//1597 1561//1561
f 1605//1605 1796//1796 1456//1456
f 1587//1587 1659//1659 1605//1605
f 1476//1476 1631//1631 1867//1867
f 1675//1675 1683//1683 1705//1705
f 1683//1683 1630//1630 1705//1705
f 1517//1517 1683//1683 1735//1735
f 1517//1517 1735//1735 1635//1635
f 1630//1630 1643//1643 1705//1705
f 1735//1735 1700//1700 1653//1653
f 1673//1673 1653//1653 1700//1700
f 1711//1711 1673//1673 1700//1700
f 1826//1826 1701//1701 1761//1761
f 1761//1761 1834//1834 1826//1826
f 1884//1884 1785//1785 1838//1838
f 1788//1788 1785//1785 1884//1884
f 1863//1863 1567//1567 1746//1746
f 1831//1831 1759//1759 1745//1745
f 2062//2062 2009//2009 2061//2061
f 2012//2012 2009//2009 2062//2062
f 2061//2061 1911//1911 2056//2056
f 2009//2009 1911//1911 2061//2061
f 2123//2123 1986//1986 2081//2081
f 1974//1974 2057//2057 2136//2136
f 2051//2051 1974//1974 2118//2118
f 2239//2239 2111//2111 2135//2135
f 2299//2299 2455//2455 2376//2376
f 2482//2482 2696//2696 2356//2356
f 2465//2465 2383//2383 2637//2637
f 2498//2498 2637//2637 2383//2383
f 2587//2587 2449//2449 2583//2583
f 2613//2613 2523//2523 2660//2660
f 2701//2701 2507//2507 2666//2666
f 2666//2666 2639//2639 2709//2709
f 2639//2639 2464//2464 2709//2709
f 2743//2743 2701//2701 2666//2666
f 2709//2709 2464//2464 2605//2605
f 2705//2705 2735//2735 2656//2656
f 2720//2720 2683//2683 2705//2705
f 2683//2683 2735//2735 2705//2705
f 2705//2705 2656//2656 2554//2554
f 2554//2554 2720//2720 2705//2705
f 2620//2620 2712//2712 2843//2843
f 2734//2734 2712//2712 2307//2307
f 2725//2725 2826//2826 2535//2535
f 2890//2890 2862//2862 2556//2556
f 2791//2791 2890//2890 2556//2556
f 2770//2770 2563//2563 2810//2810
f 2563//2563 2627//2627 2810//2810
f 2686//2686 3023//3023 3005//3005
f 2948//2948 2837//2837 3005//3005
f 2895//2895 2762//2762 2875//2875
f 2875//2875 2660//2660 2793//2793
f 2913//2913 2793//2793 2743//2743
f 2913//2913 2743//2743 2796//2796
f 2913//2913 2796//2796 2786//2786
f 2860//2860 2979//2979 3021//3021
f 2898//2898 2860//2860 3021//3021
f 2783//2783 2935//2935 3040//3040
f 2958//2958 2830//2830 2942//2942
f 3085//3085 3005//3005 3023//3023
f 2895//2895 2973//2973 3152//3152
f 2874//2874 2945//2945 3026//3026
f 3026//3026 2997//2997 2874//2874
f 2955//2955 3026//3026 2945//2945
f 3110//3110 2937//2937 3152//3152
f 3161//3161 3247//3247 3134//3134
f 3210//3210 3134//3134 3247//3247
f 3162//3162 3134//3134 3210//3210
f 3190//3190 3147//3147 3272//3272
f 3167//3167 3205//3205 3232//3232
f 3190//3190 3191//3191 3143//3143
f 3241//3241 3203//3203 3077//3077
f 3231//3231 3161//3161 3195//3195
f 3272//3272 3162//3162 3210//3210
f 3221//3221 3093//3093 3257//3257
f 3588//3588 3614//3614 3647//3647
f 3647//3647 3694//3694 3588//3588
f 3539//3539 3656//3656 3660//3660
f 3720//3720 3684//3684 3639//3639
f 3709//3709 3646//3646 3703//3703
f 3895//3895 3794//3794 3894//3894
f 3794//3794 3815//3815 3894//3894
f 124//124 60//60 162//162
f 54//54 97//97 126//126
f 284//284 154//154 169//169
f 422//422 329//329 359//359
f 376//376 284//284 169//169
f 169//169 372//372 376//376
f 375//375 334//334 337//337
f 538//538 337//337 425//425
f 425//425 337//337 343//343
f 427//427 349//349 392//392
f 371//371 410//410 440//440
f 379//379 371//371 440//440
f 440//440 377//377 379//379
f 387//387 379//379 377//377
f 571//571 513//513 557//557
f 578//578 590//590 477//477
f 578//578 477//477 442//442
f 578//578 442//442 504//504
f 617//617 556//556 663//663
f 707//707 571//571 652//652
f 707//707 663//663 465//465
f 800//800 895//895 904//904
f 857//857 816//816 817//817
f 857//857 887//887 816//816
f 817//817 736//736 857//857
f 884//884 840//840 924//924
f 933//933 973//973 906//906
f 797//797 942//942 936//936
f 1003//1003 1034//1034 1032//1032
f 1055//1055 944//944 940//940
f 1306//1306 1020//1020 1094//1094
f 929//929 1071//1071 1094//1094
f 1243//1243 1197//1197 1242//1242
f 1243//1243 1293//1293 1197//1197
f 1245//1245 1243//1243 1242//1242
f 1245//1245 1216//1216 1243//1243
f 1293//1293 1170//1170 1197//1197
f 1293//1293 1252//1252 1170//1170
f 1341//1341 1083//1083 1299//1299
f 1083//1083 1181//1181 1299//1299
f 1282//1282 1260//1260 1280//1280
f 1214//1214 1225//1225 1309//1309
f 1309//1309 1282//1282 1214//1214
f 1309//1309 1225//1225 1364//1364
f 1131//1131 1308//1308 1314//1314
f 1314//1314 1395//1395 1219//1219
f 1340//1340 1336//1336 1278//1278
f 1340//1340 1278//1278 1288//1288
f 1288//1288 1416//1416 1340//1340
f 1367//1367 1226//1226 1327//1327
f 1400//1400 1339//1339 1396//1396
f 1400//1400 1346//1346 1339//1339
f 1402//1402 1346//1346 1400//1400
f 1402//1402 1400//1400 1348//1348
f 1403//1403 1402//1402 1348//1348
f 1402//1402 1403//1403 1404//1404
f 1404//1404 1401//1401 1402//1402
f 1401//1401 1404//1404 1496//1496
f 1403//1403 1272//1272 1404//1404
f 1405//1405 1404//1404 1272//1272
f 1496//1496 1404//1404 1444//1444
f 1404//1404 1405//1405 1444//1444
f 1462//1462 1250//1250 1508//1508
f 1356//1356 1250//1250 1462//1462
f 1737//1737 1651//1651 1612//1612
f 1882//1882 1566//1566 1570//1570
f 1672//1672 1715//1715 1713//1713
f 1715//1715 1661//1661 1713//1713
f 1715//1715 1664//1664 1724//1724
f 1757//1757 1649//1649 1654//1654
f 1654//1654 1611//1611 1757//1757
f 1927//1927 1820//1820 1575//1575
f 2147//2147 2038//2038 2221//2221
f 2038//2038 2197//2197 2221//2221
f 2258//2258 2181//2181 1997//1997
f 2268//2268 2329//2329 2178//2178
f 2454//2454 2418//2418 2217//2217
f 2307//2307 2567//2567 2217//2217
f 2555//2555 2384//2384 2513//2513
f 2513//2513 2384//2384 2457//2457
f 2473//2473 2469//2469 2575//2575
f 2719//2719 2619//2619 2754//2754
f 2619//2619 2753//2753 2754//2754
f 2645//2645 2804//2804 2521//2521
f 2521//2521 2802//2802 2671//2671
f 2778//2778 2645//2645 2679//2679
f 2679//2679 2611//2611 2655//2655
f 2931//2931 2765//2765 2874//2874
f 2672//2672 2955//2955 2759//2759
f 2846//2846 2947//2947 2990//2990
f 2947//2947 2918//2918 2990//2990
f 2990//2990 2892//2892 2846//2846
f 2984//2984 2853//2853 3071//3071
f 2853//2853 2675//2675 3071//3071
f 3071//3071 2907//2907 3059//3059
f 2675//2675 2907//2907 3071//3071
f 3012//3012 2949//2949 2922//2922
f 3012//3012 3010//3010 2949//2949
f 3080//3080 3054//3054 2996//2996
f 3055//3055 3054//3054 3080//3080
f 3080//3080 3112//3112 3055//3055
f 3069//3069 2929//2929 3112//3112
f 3069//3069 2968//2968 2929//2929
f 2711//2711 3099//3099 3066//3066
f 3066//3066 2934//2934 2711//2711
f 3090//3090 2914//2914 3101//3101
f 3091//3091 3099//3099 3090//3090
f 3099//3099 2914//2914 3090//3090
f 3048//3048 3125//3125 3102//3102
f 3185//3185 3048//3048 3102//3102
f 3109//3109 3221//3221 3120//3120
f 3114//3114 3088//3088 3138//3138
f 3138//3138 3140//3140 3114//3114
f 3087//3087 3086//3086 3138//3138
f 3138//3138 3088//3088 3087//3087
f 3158//3158 3218//3218 3192//3192
f 3214//3214 3160//3160 3180//3180
f 3180//3180 3068//3068 3196//3196
f 3196//3196 3068//3068 3014//3014
f 3328//3328 3014//3014 3072//3072
f 3072//3072 3173//3173 3328//3328
f 3149//3149 3141//3141 3192//3192
f 3325//3325 3189//3189 3320//3320
f 3156//3156 3189//3189 3325//3325
f 3228//3228 3156//3156 3383//3383
f 3383//3383 3401//3401 3228//3228
f 3501//3501 3290//3290 3308//3308
f 3447//3447 3314//3314 3345//3345
f 3464//3464 3285//3285 3454//3454
f 3437//3437 3311//3311 3423//3423
f 3535//3535 3532//3532 3371//3371
f 3607//3607 3608//3608 3676//3676
f 3592//3592 3676//3676 3608//3608
f 3739//3739 3738//3738 3441//3441
f 3739//3739 3511//3511 3680//3680
f 3680//3680 3511//3511 3664//3664
f 3511//3511 3624//3624 3664//3664
f 3747//3747 3628//3628 3623//3623
f 3696//3696 3726//3726 3648//3648
f 3826//3826 3783//3783 3759//3759
f 3826//3826 3759//3759 3831//3831
f 3800//3800 3870//3870 3720//3720
f 3850//3850 3854//3854 3789//3789
f 3764//3764 3840//3840 3862//3862
f 3842//3842 3783//3783 3927//3927
f 3927//3927 3783//3783 3826//3826
f 31//31 90//90 219//219
f 133//133 186//186 207//207
f 193//193 211//211 230//230
f 231//231 211//211 166//166
f 346//346 388//388 305//305
f 346//346 409//409 388//388
f 467//467 325//325 580//580
f 527//527 325//325 476//476
f 370//370 546//546 658//658
f 597//597 538//538 425//425
f 519//519 425//425 469//469
f 520//520 570//570 461//461
f 538//538 575//575 573//573
f 575//575 538//538 597//597
f 427//427 575//575 546//546
f 953//953 877//877 992//992
f 928//928 877//877 953//953
f 1102//1102 1035//1035 936//936
f 976//976 1035//1035 1102//1102
f 981//981 976//976 1036//1036
f 936//936 942//942 1128//1128
f 902//902 1060//1060 933//933
f 1083//1083 915//915 1181//1181
f 1187//1187 1202//1202 1116//1116
f 1207//1207 1187//1187 1095//1095
f 1187//1187 1116//1116 1095//1095
f 1210//1210 1095//1095 1029//1029
f 1029//1029 1041//1041 1213//1213
f 1168//1168 1213//1213 1041//1041
f 1029//1029 1213//1213 1210//1210
f 1357//1357 1218//1218 1289//1289
f 1218//1218 1408//1408 1147//1147
f 1203//1203 1147//1147 1408//1408
f 1646//1646 1610//1610 1741//1741
f 1647//1647 1603//1603 1543//1543
f 1743//1743 1846//1846 1591//1591
f 1743//1743 1697//1697 1864//1864
f 1864//1864 1697//1697 1825//1825
f 1834//1834 1831//1831 1912//1912
f 1884//1884 1863//1863 1970//1970
f 1970//1970 1868//1868 1884//1884
f 1943//1943 1912//1912 1831//1831
f 1880//1880 2010//2010 1802//1802
f 2010//2010 2005//2005 1802//1802
f 1886//1886 1927//1927 1995//1995
f 1880//1880 1881//1881 2010//2010
f 1957//1957 2005//2005 2037//2037
f 2009//2009 1877//1877 1911//1911
f 1983//1983 2012//2012 2062//2062
f 2112//2112 2066//2066 1947//1947
f 2062//2062 2061//2061 2110//2110
f 2148//2148 2061//2061 2056//2056
f 2112//2112 2062//2062 2110//2110
f 1947//1947 2062//2062 2112//2112
f 2145//2145 2163//2163 2117//2117
f 2179//2179 2086//2086 2120//2120
f 2155//2155 2115//2115 2113//2113
f 2184//2184 2230//2230 2137//2137
f 2231//2231 2172//2172 2177//2177
f 2273//2273 2231//2231 2177//2177
f 2273//2273 2177//2177 2211//2211
f 2211//2211 2177//2177 2198//2198
f 2269//2269 2161//2161 2209//2209
f 2352//2352 2218//2218 2142//2142
f 2142//2142 2246//2246 2352//2352
f 2350//2350 2336//2336 2502//2502
f 2507//2507 2337//2337 2502//2502
f 2529//2529 2281//2281 2459//2459
f 2529//2529 2343//2343 2281//2281
f 2464//2464 2459//2459 2281//2281
f 2464//2464 2348//2348 2605//2605
f 2486//2486 2605//2605 2348//2348
f 2605//2605 2486//2486 2505//2505
f 2453//2453 2505//2505 2486//2486
f 2642//2642 2380//2380 2289//2289
f 2642//2642 2420//2420 2380//2380
f 2497//2497 2454//2454 2567//2567
f 2567//2567 2454//2454 2217//2217
f 2669//2669 2425//2425 2724//2724
f 2430//2430 2425//2425 2669//2669
f 2624//2624 2393//2393 2430//2430
f 2661//2661 2512//2512 2638//2638
f 2692//2692 2638//2638 2642//2642
f 2661//2661 2608//2608 2512//2512
f 2680//2680 2420//2420 2608//2608
f 2595//2595 2521//2521 2631//2631
f 2733//2733 2629//2629 2764//2764
f 2567//2567 2712//2712 2620//2620
f 2734//2734 2307//2307 2537//2537
f 2908//2908 2851//2851 2855//2855
f 2908//2908 2855//2855 2852//2852
f 2851//2851 2911//2911 2836//2836
f 2908//2908 2911//2911 2851//2851
f 2921//2921 2915//2915 2862//2862
f 2836//2836 2915//2915 2851//2851
f 2921//2921 2862//2862 2890//2890
f 2885//2885 2921//2921 2890//2890
f 2946//2946 2885//2885 2923//2923
f 2921//2921 2885//2885 2946//2946
f 2923//2923 2885//2885 2759//2759
f 2810//2810 2627//2627 2956//2956
f 2990//2990 2918//2918 2960//2960
f 2892//2892 2990//2990 2959//2959
f 3159//3159 3170//3170 3085//3085
f 3194//3194 3202//3202 3111//3111
f 3202//3202 3044//3044 3111//3111
f 3101//3101 3184//3184 3254//3254
f 3298//3298 3270//3270 3299//3299
f 3270//3270 3151//3151 3295//3295
f 3287//3287 3237//3237 3224//3224
f 3237//3237 3154//3154 3224//3224
f 3254//3254 3338//3338 3415//3415
f 3483//3483 3469//3469 3467//3467
f 3430//3430 3469//3469 3508//3508
f 3589//3589 3446//3446 3430//3430
f 3454//3454 3669//3669 3506//3506
f 3595//3595 3551//3551 3538//3538
f 3760//3760 3707//3707 3683//3683
f 3765//3765 3794//3794 3696//3696
f 3794//3794 3768//3768 3726//3726
f 3688//3688 3735//3735 3750//3750
f 3750//3750 3717//3717 3803//3803
f 3803//3803 3717//3717 3740//3740
f 3798//3798 3767//3767 3822//3822
f 3798//3798 3746//3746 3767//3767
f 3746//3746 3798//3798 3748//3748
f 3686//3686 3852//3852 3823//3823
f 3860//3860 3853//3853 3751//3751
f 3819//3819 3782//3782 3823//3823
f 3782//3782 3819//3819 3828//3828
f 51//51 14//14 15//15
f 51//51 27//27 14//14
f 30//30 51//51 15//15
f 75//75 130//130 112//112
f 29//29 179//179 33//33
f 382//382 302//302 324//324
f 273//273 282//282 574//574
f 402//402 424//424 310//310
f 402//402 310//310 404//404
f 486//486 271//271 358//358
f 486//486 404//404 271//271
f 486//486 358//358 467//467
f 375//375 337//337 538//538
f 343//343 393//393 469//469
f 546//546 349//349 427//427
f 349//349 546//546 335//335
f 466//466 423//423 433//433
f 574//574 605//605 554//554
f 574//574 522//522 553//553
f 522//522 533//533 553//553
f 440//440 533//533 435//435
f 582//582 495//495 438//438
f 482//482 598//598 424//424
f 589//589 482//482 484//484
f 589//589 484//484 634//634
f 634//634 484//484 569//569
f 652//652 665//665 712//712
f 841//841 652//652 712//712
f 743//743 726//726 731//731
f 743//743 731//731 758//758
f 731//731 707//707 758//758
f 758//758 707//707 652//652
f 806//806 780//780 789//789
f 806//806 864//864 780//780
f 1026//1026 994//994 863//863
f 998//998 746//746 915//915
f 907//907 1116//1116 923//923
f 984//984 907//907 850//850
f 1116//1116 802//802 923//923
f 1185//1185 1155//1155 1013//1013
f 1195//1195 1172//1172 983//983
f 1230//1230 1172//1172 1177//1177
f 1267//1267 977//977 1325//1325
f 1284//1284 1176//1176 1349//1349
f 1418//1418 1132//1132 1252//1252
f 1085//1085 1132//1132 1418//1418
f 1652//1652 1627//1627 1463//1463
f 1592//1592 1680//1680 1685//1685
f 1600//1600 1561//1561 1687//1687
f 1674//1674 1724//1724 1591//1591
f 1652//1652 1740//1740 1935//1935
f 1981//1981 1870//1870 1921//1921
f 1921//1921 1899//1899 1989//1989
f 1955//1955 1989//1989 1899//1899
f 1955//1955 1652//1652 1968//1968
f 1902//1902 2039//2039 1891//1891
f 1992//1992 1932//1932 1973//1973
f 1990//1990 1946//1946 1970//1970
f 1990//1990 2015//2015 1946//1946
f 1892//1892 1946//1946 2015//2015
f 2198//2198 2070//2070 2131//2131
f 2198//2198 2131//2131 2170//2170
f 2078//2078 2170//2170 2131//2131
f 2175//2175 2116//2116 2302//2302
f 2302//2302 2116//2116 2219//2219
f 2491//2491 2378//2378 2439//2439
f 2424//2424 2246//2246 2396//2396
f 2352//2352 2424//2424 2570//2570
f 2484//2484 2468//2468 2335//2335
f 2503//2503 2588//2588 2489//2489
f 2508//2508 2451//2451 2594//2594
f 2594//2594 2477//2477 2560//2560
f 2770//2770 2251//2251 2563//2563
f 2560//2560 2590//2590 2594//2594
f 2656//2656 2552//2552 2554//2554
f 2458//2458 2730//2730 2731//2731
f 2355//2355 2731//2731 2673//2673
f 2817//2817 2653//2653 2761//2761
f 2609//2609 3028//3028 2797//2797
f 3091//3091 3121//3121 3099//3099
f 2997//2997 3026//3026 3073//3073
f 3073//3073 3026//3026 3128//3128
f 3128//3128 2955//2955 2977//2977
f 3351//3351 3308//3308 3297//3297
f 3284//3284 3297//3297 3251//3251
f 3265//3265 3284//3284 3251//3251
f 3334//3334 3265//3265 3304//3304
f 3293//3293 3234//3234 3355//3355
f 3437//3437 3286//3286 3311//3311
f 3364//3364 3387//3387 3401//3401
f 3545//3545 3360//3360 3369//3369
f 3376//3376 3317//3317 3408//3408
f 3417//3417 3303//3303 3317//3317
f 3370//3370 3411//3411 3571//3571
f 3520//3520 3565//3565 3336//3336
f 3392//3392 3520//3520 3336//3336
f 3427//3427 3370//3370 3642//3642
f 3559//3559 3465//3465 3562//3562
f 3465//3465 3416//3416 3562//3562
f 3416//3416 3486//3486 3562//3562
f 3542//3542 3486//3486 3613//3613
f 3364//3364 3459//3459 3507//3507
f 3459//3459 3512//3512 3507//3507
f 3518//3518 3567//3567 3512//3512
f 3519//3519 3614//3614 3491//3491
f 3367//3367 3491//3491 3614//3614
f 3649//3649 3364//3364 3507//3507
f 3596//3596 3572//3572 3567//3567
f 3791//3791 3695//3695 3780//3780
f 3769//3769 3790//3790 3846//3846
f 3790//3790 3824//3824 3846//3846
f 3848//3848 3802//3802 3773//3773
f 3802//3802 3848//3848 3824//3824
f 3823//3823 3852//3852 3885//3885
f 3753//3753 3713//3713 3888//3888
f 3823//3823 3885//3885 3819//3819
f 3713//3713 3853//3853 3888//3888
f 3878//3878 3883//3883 3923//3923
f 3934//3934 3874//3874 3894//3894
f 3874//3874 3887//3887 3894//3894
f 178//178 152//152 131//131
f 152//152 190//190 164//164
f 163//163 97//97 168//168
f 154//154 168//168 121//121
f 121//121 96//96 154//154
f 307//307 114//114 244//244
f 244//244 115//115 297//297
f 208//208 297//297 115//115
f 115//115 260//260 208//208
f 287//287 160//160 314//314
f 429//429 444//444 442//442
f 444//444 342//342 279//279
f 458//458 279//279 353//353
f 642//642 579//579 611//611
f 579//579 456//456 611//611
f 611//611 654//654 642//642
f 631//631 494//494 560//560
f 631//631 693//693 562//562
f 613//613 695//695 609//609
f 656//656 653//653 744//744
f 688//688 629//629 788//788
f 629//629 612//612 788//788
f 827//827 795//795 767//767
f 831//831 785//785 817//817
f 895//895 800//800 831//831
f 817//817 742//742 794//794
f 1037//1037 941//941 1324//1324
f 1382//1382 1190//1190 1137//1137
f 1219//1219 1395//1395 1283//1283
f 1395//1395 1262//1262 1283//1283
f 1553//1553 1355//1355 1525//1525
f 1521//1521 1231//1231 1598//1598
f 1565//1565 1525//1525 1338//1338
f 1848//1848 1867//1867 1940//1940
f 1903//1903 1808//1808 1855//1855
f 1836//1836 1833//1833 1796//1796
f 1894//1894 1862//1862 1901//1901
f 1836//1836 1982//1982 1833//1833
f 1936//1936 1849//1849 1931//1931
f 1797//1797 1950//1950 1952//1952
f 1947//1947 1962//1962 1907//1907
f 1652//1652 1935//1935 1984//1984
f 1989//1989 1981//1981 1921//1921
f 2032//2032 2013//2013 1953//1953
f 2013//2013 1915//1915 1953//1953
f 1915//1915 1806//1806 1953//1953
f 2013//2013 2036//2036 1915//1915
f 1998//1998 2041//2041 1886//1886
f 2141//2141 2084//2084 2143//2143
f 2071//2071 2146//2146 2073//2073
f 2161//2161 2053//2053 2076//2076
f 2143//2143 2084//2084 2070//2070
f 2270//2270 2027//2027 2213//2213
f 2027//2027 2048//2048 2213//2213
f 2151//2151 2068//2068 2260//2260
f 2191//2191 2151//2151 2260//2260
f 2153//2153 2151//2151 2191//2191
f 2154//2154 2191//2191 2247//2247
f 2270//2270 2267//2267 2096//2096
f 2267//2267 2270//2270 2386//2386
f 2219//2219 2318//2318 2406//2406
f 2223//2223 2263//2263 2293//2293
f 2228//2228 2257//2257 2306//2306
f 2293//2293 2263//2263 2306//2306
f 2349//2349 2492//2492 2257//2257
f 2455//2455 2414//2414 2591//2591
f 2455//2455 2299//2299 2414//2414
f 2455//2455 2595//2595 2421//2421
f 2421//2421 2376//2376 2455//2455
f 2574//2574 2696//2696 2482//2482
f 2433//2433 2356//2356 2696//2696
f 2626//2626 2195//2195 2433//2433
f 2425//2425 2390//2390 2724//2724
f 2430//2430 2393//2393 2371//2371
f 2698//2698 2411//2411 2467//2467
f 2632//2632 2411//2411 2698//2698
f 2538//2538 2411//2411 2632//2632
f 2488//2488 2518//2518 2622//2622
f 2644//2644 2538//2538 2632//2632
f 2518//2518 2538//2538 2644//2644
f 2520//2520 2527//2527 2548//2548
f 2649//2649 2550//2550 2646//2646
f 2652//2652 2651//2651 2614//2614
f 2651//2651 2550//2550 2614//2614
f 2607//2607 2641//2641 2603//2603
f 2510//2510 2607//2607 2738//2738
f 2670//2670 2749//2749 2692//2692
f 2786//2786 2505//2505 2811//2811
f 2565//2565 2619//2619 2681//2681
f 2681//2681 2619//2619 2719//2719
f 2625//2625 2765//2765 2676//2676
f 2598//2598 2392//2392 2818//2818
f 3108//3108 3097//3097 3056//3056
f 3163//3163 2931//2931 3073//3073
f 3163//3163 3042//3042 2765//2765
f 3360//3360 3318//3318 3303//3303
f 3240//3240 3264//3264 3341//3341
f 3318//3318 3341//3341 3264//3264
f 3335//3335 3244//3244 3269//3269
f 3219//3219 3395//3395 3223//3223
f 3382//3382 3269//3269 3482//3482
f 3516//3516 3414//3414 3349//3349
f 3564//3564 3468//3468 3480//3480
f 3545//3545 3480//3480 3468//3468
f 3400//3400 3475//3475 3390//3390
f 3462//3462 3341//3341 3479//3479
f 3457//3457 3390//3390 3475//3475
f 3458//3458 3442//3442 3547//3547
f 3449//3449 3497//3497 3568//3568
f 3547//3547 3442//3442 3521//3521
f 3547//3547 3521//3521 3470//3470
f 3448//3448 3547//3547 3470//3470
f 3528//3528 3472//3472 3367//3367
f 3597//3597 3497//3497 3505//3505
f 3539//3539 3476//3476 3568//3568
f 3590//3590 3444//3444 3640//3640
f 3520//3520 3636//3636 3641//3641
f 3641//3641 3636//3636 3646//3646
f 3653//3653 3636//3636 3532//3532
f 3450//3450 3674//3674 3591//3591
f 3525//3525 3544//3544 3584//3584
f 3584//3584 3668//3668 3525//3525
f 3717//3717 3735//3735 3649//3649
f 3649//3649 3736//3736 3717//3717
f 3740//3740 3717//3717 3736//3736
f 3667//3667 3740//3740 3736//3736
f 3713//3713 3654//3654 3751//3751
f 3844//3844 3897//3897 3849//3849
f 3807//3807 3902//3902 3844//3844
f 3930//3930 3921//3921 3924//3924
f 3879//3879 3921//3921 3930//3930
f 3924//3924 3921//3921 3926//3926
f 3921//3921 3900//3900 3926//3926
f 3941//3941 3949//3949 3927//3927
f 3935//3935 3947//3947 3941//3941
f 3946//3946 3940//3940 3907//3907
f 3942//3942 3946//3946 3907//3907
f 3942//3942 3907//3907 3908//3908
f 3946//3946 3942//3942 3948//3948
f 3953//3953 3942//3942 3908//3908
f 3944//3944 3948//3948 3942//3942
f 3948//3948 3944//3944 3951//3951
f 3891//3891 3951//3951 3944//3944
f 2//2 15//15 43//43
f 70//70 59//59 19//19
f 302//302 206//206 324//324
f 324//324 206//206 273//273
f 282//282 273//273 210//210
f 282//282 210//210 295//295
f 584//584 521//521 490//490
f 544//544 548//548 417//417
f 544//544 650//650 548//548
f 639//639 547//547 549//549
f 639//639 549//549 596//596
f 483//483 545//545 641//641
f 592//592 636//636 581//581
f 683//683 412//412 561//561
f 683//683 566//566 412//412
f 592//592 581//581 564//564
f 575//575 597//597 670//670
f 692//692 639//639 733//733
f 566//566 683//683 775//775
f 714//714 595//595 674//674
f 768//768 719//719 874//874
f 674//674 630//630 784//784
f 727//727 641//641 737//737
f 737//737 641//641 768//768
f 750//750 709//709 753//753
f 709//709 710//710 753//753
f 750//750 719//719 709//709
f 710//710 639//639 692//692
f 692//692 753//753 710//710
f 806//806 789//789 751//751
f 889//889 746//746 780//780
f 859//859 781//781 734//734
f 734//734 689//689 859//859
f 696//696 880//880 689//689
f 783//783 814//814 870//870
f 841//841 712//712 873//873
f 782//782 829//829 749//749
f 905//905 712//712 791//791
f 946//946 897//897 777//777
f 737//737 874//874 950//950
f 825//825 809//809 896//896
f 910//910 870//870 937//937
f 870//870 849//849 871//871
f 871//871 849//849 873//873
f 975//975 991//991 821//821
f 1103//1103 932//932 995//995
f 1179//1179 990//990 997//997
f 904//904 895//895 1005//1005
f 1005//1005 954//954 904//904
f 904//904 954//954 1018//1018
f 1016//1016 1028//1028 967//967
f 1016//1016 1076//1076 1028//1028
f 935//935 1111//1111 882//882
f 1054//1054 935//935 1028//1028
f 1432//1432 1386//1386 1106//1106
f 1415//1415 1019//1019 1386//1386
f 1337//1337 1184//1184 1200//1200
f 1249//1249 1237//1237 1270//1270
f 1413//1413 1135//1135 1326//1326
f 1227//1227 1135//1135 1413//1413
f 1331//1331 1227//1227 1413//1413
f 1549//1549 1264//1264 1459//1459
f 1419//1419 1366//1366 1492//1492
f 1492//1492 1366//1366 1425//1425
f 1425//1425 1397//1397 1581//1581
f 1581//1581 1397//1397 1384//1384
f 1384//1384 1397//1397 1344//1344
f 1394//1394 1484//1484 1324//1324
f 1394//1394 1324//1324 1317//1317
f 1491//1491 1394//1394 1361//1361
f 1394//1394 1317//1317 1361//1361
f 1551//1551 1575//1575 1249//1249
f 1270//1270 1551//1551 1249//1249
f 1569//1569 1326//1326 1461//1461
f 1523//1523 1326//1326 1569//1569
f 1527//1527 1361//1361 1378//1378
f 1655//1655 1467//1467 1707//1707
f 1467//1467 1688//1688 1707//1707
f 1616//1616 1596//1596 1807//1807
f 1730//1730 1708//1708 1728//1728
f 1730//1730 1767//1767 1609//1609
f 1599//1599 1609//1609 1696//1696
f 1632//1632 1599//1599 1696//1696
f 1821//1821 1705//1705 1704//1704
f 2063//2063 2010//2010 2003//2003
f 2005//2005 2010//2010 2063//2063
f 2063//2063 2037//2037 2005//2005
f 1969//1969 2216//2216 2127//2127
f 2063//2063 2003//2003 2109//2109
f 2109//2109 2168//2168 2063//2063
f 2063//2063 2168//2168 2176//2176
f 2176//2176 2037//2037 2063//2063
f 2141//2141 2143//2143 2172//2172
f 2138//2138 2141//2141 2171//2171
f 2193//2193 2206//2206 2146//2146
f 2193//2193 2215//2215 2206//2206
f 2209//2209 2206//2206 2215//2215
f 2146//2146 2071//2071 2251//2251
f 2235//2235 2209//2209 2215//2215
f 2209//2209 2161//2161 2076//2076
f 2361//2361 2247//2247 2191//2191
f 2213//2213 2340//2340 2341//2341
f 2202//2202 2304//2304 2322//2322
f 2268//2268 2339//2339 2403//2403
f 2353//2353 2163//2163 2417//2417
f 2303//2303 2244//2244 2355//2355
f 2427//2427 2441//2441 2252//2252
f 2456//2456 2443//2443 2441//2441
f 2438//2438 2346//2346 2443//2443
f 2438//2438 2449//2449 2346//2346
f 2485//2485 2528//2528 2415//2415
f 2415//2415 2536//2536 2448//2448
f 2528//2528 2536//2536 2415//2415
f 2574//2574 2481//2481 2479//2479
f 2482//2482 2481//2481 2574//2574
f 2655//2655 2420//2420 2680//2680
f 2512//2512 2642//2642 2638//2638
f 2455//2455 2591//2591 2645//2645
f 2455//2455 2645//2645 2521//2521
f 2786//2786 2709//2709 2605//2605
f 2786//2786 2605//2605 2505//2505
f 2748//2748 2699//2699 2700//2700
f 2700//2700 2699//2699 2753//2753
f 2759//2759 2885//2885 2616//2616
f 2672//2672 2759//2759 2616//2616
f 2718//2718 2867//2867 2861//2861
f 2832//2832 2506//2506 2514//2514
f 2880//2880 2917//2917 2909//2909
f 2917//2917 2880//2880 2920//2920
f 2822//2822 2920//2920 2815//2815
f 2822//2822 2815//2815 2924//2924
f 2806//2806 2924//2924 2815//2815
f 2822//2822 2924//2924 2891//2891
f 2927//2927 2891//2891 2924//2924
f 2925//2925 2924//2924 2806//2806
f 2927//2927 2924//2924 2925//2925
f 2927//2927 2669//2669 2891//2891
f 2925//2925 2806//2806 2842//2842
f 2842//2842 2998//2998 3003//3003
f 3077//3077 2977//2977 3061//3061
f 3042//3042 3195//3195 2995//2995
f 2995//2995 3195//3195 3103//3103
f 2970//2970 2995//2995 3103//3103
f 3259//3259 3248//3248 3389//3389
f 3289//3289 3259//3259 3282//3282
f 3323//3323 3243//3243 3194//3194
f 3255//3255 3354//3354 3323//3323
f 3435//3435 3379//3379 3386//3386
f 3474//3474 3379//3379 3435//3435
f 3386//3386 3407//3407 3435//3435
f 3472//3472 3277//3277 3337//3337
f 3472//3472 3460//3460 3277//3277
f 3386//3386 3277//3277 3460//3460
f 3533//3533 3553//3553 3549//3549
f 3533//3533 3561//3561 3553//3553
f 3533//3533 3546//3546 3561//3561
f 3606//3606 3553//3553 3561//3561
f 3609//3609 3606//3606 3560//3560
f 3586//3586 3545//3545 3441//3441
f 3480//3480 3609//3609 3560//3560
f 3586//3586 3609//3609 3480//3480
f 3593//3593 3561//3561 3546//3546
f 3561//3561 3560//3560 3606//3606
f 3511//3511 3739//3739 3441//3441
f 3511//3511 3417//3417 3624//3624
f 3511//3511 3513//3513 3417//3417
f 3607//3607 3624//3624 3376//3376
f 3624//3624 3417//3417 3376//3376
f 3663//3663 3536//3536 3569//3569
f 3805//3805 3761//3761 3757//3757
f 3657//3657 3734//3734 3780//3780
f 3652//3652 3833//3833 3715//3715
f 3657//3657 3780//3780 3695//3695
f 3824//3824 3848//3848 3886//3886
f 28//28 9//9 13//13
f 28//28 92//92 9//9
f 18//18 9//9 37//37
f 20//20 95//95 19//19
f 20//20 12//12 95//95
f 23//23 10//10 37//37
f 124//124 154//154 96//96
f 154//154 124//124 162//162
f 189//189 157//157 158//158
f 189//189 185//185 157//157
f 158//158 170//170 189//189
f 626//626 403//403 463//463
f 568//568 626//626 463//463
f 466//466 495//495 497//497
f 497//497 423//423 466//466
f 497//497 525//525 423//423
f 509//509 511//511 662//662
f 595//595 718//718 472//472
f 595//595 627//627 718//718
f 472//472 514//514 595//595
f 744//744 872//872 772//772
f 630//630 722//722 836//836
f 1166//1166 854//854 1072//1072
f 1155//1155 1043//1043 1001//1001
f 977//977 1319//1319 1325//1325
f 1123//1123 1189//1189 1144//1144
f 1004//1004 1144//1144 1333//1333
f 1348//1348 1258//1258 1347//1347
f 1348//1348 1373//1373 1258//1258
f 1403//1403 1348//1348 1347//1347
f 1403//1403 1347//1347 1272//1272
f 1489//1489 1539//1539 1564//1564
f 1528//1528 1371//1371 1497//1497
f 1497//1497 1371//1371 1393//1393
f 1497//1497 1393//1393 1360//1360
f 1421//1421 1452//1452 1545//1545
f 1545//1545 1506//1506 1421//1421
f 1545//1545 1617//1617 1506//1506
f 1569//1569 1461//1461 1506//1506
f 1375//1375 1691//1691 1688//1688
f 1691//1691 1211//1211 1567//1567
f 1467//1467 1375//1375 1688//1688
f 1517//1517 1465//1465 1683//1683
f 1705//1705 1643//1643 1666//1666
f 1861//1861 1510//1510 1385//1385
f 1861//1861 1385//1385 1803//1803
f 1803//1803 1385//1385 1640//1640
f 1782//1782 1677//1677 1629//1629
f 1957//1957 1813//1813 2005//2005
f 1820//1820 1927//1927 1886//1886
f 1998//1998 1995//1995 1840//1840
f 1840//1840 1841//1841 1976//1976
f 1841//1841 1885//1885 1915//1915
f 1915//1915 1976//1976 1841//1841
f 1885//1885 1806//1806 1915//1915
f 1852//1852 1778//1778 1950//1950
f 2064//2064 1910//1910 1986//1986
f 2064//2064 1919//1919 1910//1910
f 1963//1963 1873//1873 1895//1895
f 1963//1963 1935//1935 1873//1873
f 2013//2013 2032//2032 2204//2204
f 2055//2055 2066//2066 2091//2091
f 2034//2034 2055//2055 2091//2091
f 2132//2132 2034//2034 2091//2091
f 2039//2039 2034//2034 2132//2132
f 2132//2132 2099//2099 2039//2039
f 2077//2077 2039//2039 2099//2099
f 1931//1931 2068//2068 2151//2151
f 2131//2131 1999//1999 2078//2078
f 2265//2265 2088//2088 2187//2187
f 2163//2163 2179//2179 2320//2320
f 2591//2591 2414//2414 2241//2241
f 2243//2243 2380//2380 2241//2241
f 2495//2495 2428//2428 2407//2407
f 2428//2428 2334//2334 2407//2407
f 2495//2495 2526//2526 2428//2428
f 2480//2480 2429//2429 2527//2527
f 2480//2480 2407//2407 2429//2429
f 2480//2480 2495//2495 2407//2407
f 2847//2847 2457//2457 2582//2582
f 2959//2959 2767//2767 2892//2892
f 2740//2740 2773//2773 2678//2678
f 2965//2965 2985//2985 2865//2865
f 2994//2994 3082//3082 2941//2941
f 2941//2941 3082//3082 3065//3065
f 3065//3065 2674//2674 2941//2941
f 3059//3059 2907//2907 2894//2894
f 3010//3010 3059//3059 2949//2949
f 3059//3059 2894//2894 2949//2949
f 2903//2903 2922//2922 2949//2949
f 3141//3141 3013//3013 3158//3158
f 3068//3068 2992//2992 3022//3022
f 3068//3068 3022//3022 3014//3014
f 3068//3068 3160//3160 2992//2992
f 3014//3014 2876//2876 3072//3072
f 3127//3127 2969//2969 3063//3063
f 3179//3179 3040//3040 3100//3100
f 3185//3185 3050//3050 3048//3048
f 3100//3100 3171//3171 3179//3179
f 3171//3171 3100//3100 3120//3120
f 3221//3221 3171//3171 3120//3120
f 3082//3082 3126//3126 3178//3178
f 3235//3235 3082//3082 3178//3178
f 3235//3235 3075//3075 3082//3082
f 2991//2991 3020//3020 3062//3062
f 3175//3175 3133//3133 3020//3020
f 3133//3133 3062//3062 3020//3020
f 3153//3153 3062//3062 3148//3148
f 3062//3062 3133//3133 3148//3148
f 3084//3084 3062//3062 3153//3153
f 3084//3084 3153//3153 3011//3011
f 3153//3153 3148//3148 3011//3011
f 3234//3234 3071//3071 3186//3186
f 3186//3186 3187//3187 3226//3226
f 3187//3187 3124//3124 3230//3230
f 3231//3231 3203//3203 3241//3241
f 3077//3077 3135//3135 3241//3241
f 3231//3231 3342//3342 3161//3161
f 3348//3348 3282//3282 3306//3306
f 3377//3377 3306//3306 3282//3282
f 3282//3282 3259//3259 3377//3377
f 3313//3313 3409//3409 3389//3389
f 3313//3313 3243//3243 3412//3412
f 3348//3348 3289//3289 3282//3282
f 3292//3292 3418//3418 3333//3333
f 3333//3333 3354//3354 3281//3281
f 3315//3315 3170//3170 3339//3339
f 3283//3283 3447//3447 3307//3307
f 3607//3607 3376//3376 3522//3522
f 3376//3376 3408//3408 3522//3522
f 3503//3503 3665//3665 3634//3634
f 3538//3538 3625//3625 3672//3672
f 3753//3753 3651//3651 3713//3713
f 3654//3654 3811//3811 3751//3751
f 3582//3582 3779//3779 3763//3763
f 133//133 179//179 29//29
f 36//36 144//144 129//129
f 213//213 269//269 247//247
f 323//323 293//293 247//247
f 413//413 293//293 323//323
f 208//208 286//286 298//298
f 371//371 379//379 246//246
f 303//303 363//363 387//387
f 352//352 268//268 366//366
f 345//345 366//366 268//268
f 278//278 246//246 348//348
f 278//278 348//348 439//439
f 368//368 338//338 306//306
f 413//413 323//323 451//451
f 561//561 412//412 428//428
f 412//412 312//312 428//428
f 312//312 275//275 428//428
f 412//412 381//381 312//312
f 400//400 348//348 387//387
f 439//439 348//348 400//400
f 400//400 407//407 439//439
f 400//400 401//401 407//407
f 495//495 407//407 401//401
f 401//401 438//438 495//495
f 466//466 439//439 407//407
f 439//439 466//466 389//389
f 389//389 466//466 433//433
f 434//434 468//468 443//443
f 406//406 468//468 434//434
f 434//434 443//443 431//431
f 542//542 489//489 376//376
f 542//542 376//376 612//612
f 626//626 649//649 403//403
f 582//582 497//497 495//495
f 525//525 497//497 584//584
f 669//669 561//561 521//521
f 631//631 562//562 494//494
f 645//645 560//560 642//642
f 693//693 613//613 562//562
f 613//613 583//583 562//562
f 698//698 764//764 601//601
f 696//696 699//699 747//747
f 699//699 730//730 724//724
f 724//724 747//747 699//699
f 811//811 745//745 735//735
f 818//818 720//720 745//745
f 721//721 720//720 820//820
f 886//886 721//721 820//820
f 738//738 779//779 844//844
f 668//668 779//779 738//738
f 1037//1037 848//848 941//941
f 834//834 855//855 925//925
f 796//796 855//855 834//834
f 1111//1111 1047//1047 882//882
f 949//949 1021//1021 852//852
f 1133//1133 931//931 893//893
f 914//914 1047//1047 1112//1112
f 934//934 931//931 1290//1290
f 1070//1070 1065//1065 1118//1118
f 1065//1065 1046//1046 1118//1118
f 1070//1070 1010//1010 1065//1065
f 1231//1231 1122//1122 1141//1141
f 1161//1161 1169//1169 1150//1150
f 1231//1231 1161//1161 1122//1122
f 1231//1231 1286//1286 1161//1161
f 1286//1286 1067//1067 1161//1161
f 1161//1161 1067//1067 1119//1119
f 1119//1119 1169//1169 1161//1161
f 1119//1119 1051//1051 1205//1205
f 1051//1051 1120//1120 1205//1205
f 1286//1286 1050//1050 1067//1067
f 1292//1292 1120//1120 990//990
f 1220//1220 1179//1179 954//954
f 954//954 1086//1086 1220//1220
f 1091//1091 1160//1160 1332//1332
f 1410//1410 1205//1205 1292//1292
f 1410//1410 1292//1292 1315//1315
f 1315//1315 1180//1180 1220//1220
f 1292//1292 1180//1180 1315//1315
f 1091//1091 1498//1498 1086//1086
f 1472//1472 1192//1192 1333//1333
f 1503//1503 1453//1453 1352//1352
f 1453//1453 1540//1540 1443//1443
f 1572//1572 1486//1486 1487//1487
f 1540//1540 1572//1572 1487//1487
f 1540//1540 1487//1487 1443//1443
f 1547//1547 1442//1442 1486//1486
f 1486//1486 1442//1442 1487//1487
f 1519//1519 1626//1626 1670//1670
f 1478//1478 1692//1692 1712//1712
f 1512//1512 1610//1610 1473//1473
f 1733//1733 1646//1646 1741//1741
f 1617//1617 1706//1706 1776//1776
f 1690//1690 1617//1617 1813//1813
f 1742//1742 1690//1690 1813//1813
f 1735//1735 1734//1734 1819//1819
f 1768//1768 1735//1735 1819//1819
f 1704//1704 1748//1748 1822//1822
f 1822//1822 1821//1821 1704//1704
f 1834//1834 1761//1761 1831//1831
f 1868//1868 1788//1788 1884//1884
f 1838//1838 1567//1567 1863//1863
f 1801//1801 1788//1788 1868//1868
f 1855//1855 1842//1842 1862//1862
f 1866//1866 1897//1897 1959//1959
f 2106//2106 1959//1959 1897//1897
f 1990//1990 1970//1970 1988//1988
f 1985//1985 1991//1991 1903//1903
f 1979//1979 2015//2015 2024//2024
f 1982//1982 1961//1961 2040//2040
f 2069//2069 1956//1956 2077//2077
f 2046//2046 1973//1973 2023//2023
f 2023//2023 2100//2100 2097//2097
f 2205//2205 2043//2043 2085//2085
f 2093//2093 2085//2085 2098//2098
f 2124//2124 2103//2103 2101//2101
f 2052//2052 2124//2124 2229//2229
f 2195//2195 2189//2189 2095//2095
f 2189//2189 2162//2162 2095//2095
f 1955//1955 2052//2052 2195//2195
f 2095//2095 1955//1955 2195//2195
f 2182//2182 2102//2102 2255//2255
f 2182//2182 2318//2318 2129//2129
f 2318//2318 2219//2219 2129//2129
f 2219//2219 2116//2116 2204//2204
f 2223//2223 2112//2112 2263//2263
f 2379//2379 2144//2144 2223//2223
f 2399//2399 2144//2144 2379//2379
f 2223//2223 2144//2144 2112//2112
f 2399//2399 2271//2271 2144//2144
f 2228//2228 2148//2148 2149//2149
f 2331//2331 2395//2395 2551//2551
f 2584//2584 2290//2290 2544//2544
f 2444//2444 2290//2290 2584//2584
f 2507//2507 2432//2432 2337//2337
f 2432//2432 2401//2401 2447//2447
f 2471//2471 2401//2401 2432//2432
f 2471//2471 2345//2345 2401//2401
f 2582//2582 2540//2540 2568//2568
f 2497//2497 2525//2525 2454//2454
f 2635//2635 2456//2456 2833//2833
f 2704//2704 2517//2517 2686//2686
f 2704//2704 2636//2636 2559//2559
f 2710//2710 2636//2636 2704//2704
f 2704//2704 2686//2686 2837//2837
f 2760//2760 2626//2626 2696//2696
f 2683//2683 2720//2720 2795//2795
f 2776//2776 2706//2706 2795//2795
f 2780//2780 2795//2795 2720//2720
f 2675//2675 2853//2853 2516//2516
f 2907//2907 2675//2675 2557//2557
f 2888//2888 2834//2834 2859//2859
f 2869//2869 2824//2824 3009//3009
f 3095//3095 2721//2721 2952//2952
f 3095//3095 2978//2978 2721//2721
f 3070//3070 2824//2824 3056//3056
f 2931//2931 2997//2997 3073//3073
f 2765//2765 2931//2931 3163//3163
f 3128//3128 2977//2977 3077//3077
f 3179//3179 3108//3108 3040//3040
f 3185//3185 3102//3102 3211//3211
f 3185//3185 3168//3168 3050//3050
f 3245//3245 3171//3171 3221//3221
f 3289//3289 3292//3292 3172//3172
f 3243//3243 3207//3207 3194//3194
f 3057//3057 3296//3296 3255//3255
f 3308//3308 3232//3232 3297//3297
f 3222//3222 3234//3234 3293//3293
f 3384//3384 3308//3308 3388//3388
f 3351//3351 3284//3284 3358//3358
f 3358//3358 3284//3284 3265//3265
f 3358//3358 3265//3265 3380//3380
f 3334//3334 3380//3380 3265//3265
f 3411//3411 3381//3381 3365//3365
f 3428//3428 3365//3365 3381//3381
f 3327//3327 3411//3411 3370//3370
f 3327//3327 3370//3370 3279//3279
f 3420//3420 3391//3391 3437//3437
f 3393//3393 3391//3391 3420//3420
f 3309//3309 3332//3332 3436//3436
f 3557//3557 3563//3563 3675//3675
f 3570//3570 3490//3490 3487//3487
f 3628//3628 3747//3747 3716//3716
f 3716//3716 3615//3615 3628//3628
f 3615//3615 3792//3792 3572//3572
f 3572//3572 3792//3792 3687//3687
f 3828//3828 3647//3647 3661//3661
f 3647//3647 3828//3828 3757//3757
f 3757//3757 3761//3761 3725//3725
f 3761//3761 3699//3699 3725//3725
f 3781//3781 3728//3728 3804//3804
f 3804//3804 3733//3733 3721//3721
f 3843//3843 3848//3848 3773//3773
f 43//43 100//100 94//94
f 39//39 43//43 94//94
f 90//90 188//188 219//219
f 186//186 31//31 219//219
f 311//311 312//312 270//270
f 311//311 274//274 275//275
f 275//275 312//312 311//311
f 275//275 281//281 316//316
f 469//469 393//393 397//397
f 470//470 556//556 608//608
f 608//608 492//492 470//470
f 556//556 465//465 663//663
f 1014//1014 963//963 1010//1010
f 1014//1014 917//917 963//963
f 892//892 867//867 977//977
f 875//875 1131//1131 942//942
f 1131//1131 875//875 906//906
f 933//933 1060//1060 973//973
f 1296//1296 1142//1142 1105//1105
f 1132//1132 1085//1085 943//943
f 1296//1296 1105//1105 1090//1090
f 1168//1168 1142//1142 1229//1229
f 1174//1174 1248//1248 1025//1025
f 1195//1195 1025//1025 1248//1248
f 1388//1388 1135//1135 1254//1254
f 1737//1737 1612//1612 1566//1566
f 1847//1847 1570//1570 1668//1668
f 1747//1747 1719//1719 1763//1763
f 1805//1805 1680//1680 1792//1792
f 1792//1792 1661//1661 1859//1859
f 1678//1678 1859//1859 1715//1715
f 1859//1859 1661//1661 1715//1715
f 1744//1744 1678//1678 1674//1674
f 1678//1678 1724//1724 1674//1674
f 1846//1846 1843//1843 1591//1591
f 1733//1733 1809//1809 1603//1603
f 1770//1770 1695//1695 1787//1787
f 1813//1813 1617//1617 1776//1776
f 1695//1695 1575//1575 1820//1820
f 1869//1869 1774//1774 1828//1828
f 1797//1797 1828//1828 1772//1772
f 1828//1828 1774//1774 1772//1772
f 1971//1971 1762//1762 1996//1996
f 2030//2030 2031//2031 1958//1958
f 2004//2004 2010//2010 1881//1881
f 2004//2004 2003//2003 2010//2010
f 1933//1933 2090//2090 2106//2106
f 1959//1959 2106//2106 2018//2018
f 2107//2107 1937//1937 2028//2028
f 1916//1916 2107//2107 2081//2081
f 2111//2111 2035//2035 2135//2135
f 2173//2173 2123//2123 2081//2081
f 1986//1986 2123//2123 2108//2108
f 2136//2136 2108//2108 2237//2237
f 2263//2263 2148//2148 2228//2228
f 2287//2287 2416//2416 2312//2312
f 2416//2416 2360//2360 2312//2312
f 2318//2318 2255//2255 2490//2490
f 2888//2888 2557//2557 2466//2466
f 2466//2466 2519//2519 2834//2834
f 2951//2951 2916//2916 2959//2959
f 2959//2959 2916//2916 2767//2767
f 2819//2819 2901//2901 2792//2792
f 2773//2773 2878//2878 2926//2926
f 2878//2878 2792//2792 2901//2901
f 2943//2943 2773//2773 3053//3053
f 2678//2678 2773//2773 2943//2943
f 2819//2819 2602//2602 2916//2916
f 3105//3105 2900//2900 2854//2854
f 2981//2981 3027//3027 2950//2950
f 3079//3079 3078//3078 3033//3033
f 3004//3004 2823//2823 3032//3032
f 3036//3036 3032//3032 2817//2817
f 3036//3036 3018//3018 3037//3037
f 2817//2817 3018//3018 3036//3036
f 3065//3065 3082//3082 3075//3075
f 3037//3037 3018//3018 3047//3047
f 3018//3018 2975//2975 3047//3047
f 2979//2979 3157//3157 3021//3021
f 3050//3050 2942//2942 3048//3048
f 3093//3093 3050//3050 3257//3257
f 3214//3214 3220//3220 3280//3280
f 3219//3219 3244//3244 3335//3335
f 3335//3335 3395//3395 3219//3219
f 3416//3416 3375//3375 3486//3486
f 3459//3459 3364//3364 3401//3401
f 3518//3518 3512//3512 3398//3398
f 3512//3512 3459//3459 3398//3398
f 3695//3695 3778//3778 3634//3634
f 3776//3776 3634//3634 3778//3778
f 3669//3669 3776//3776 3779//3779
f 3625//3625 3675//3675 3789//3789
f 3745//3745 3625//3625 3854//3854
f 3833//3833 3684//3684 3870//3870
f 3897//3897 3844//3844 3902//3902
f 227//227 198//198 225//225
f 226//226 173//173 256//256
f 363//363 303//303 257//257
f 363//363 257//257 197//197
f 523//523 520//520 461//461
f 520//520 523//523 537//537
f 390//390 520//520 537//537
f 461//461 418//418 523//523
f 453//453 537//537 523//523
f 537//537 453//453 573//573
f 427//427 537//537 573//573
f 573//573 453//453 538//538
f 427//427 573//573 575//575
f 593//593 572//572 487//487
f 526//526 487//487 572//572
f 866//866 865//865 863//863
f 866//866 927//927 865//865
f 947//947 1058//1058 804//804
f 911//911 882//882 818//818
f 820//820 818//818 882//882
f 882//882 913//913 820//820
f 947//947 804//804 852//852
f 1012//1012 910//910 937//937
f 937//937 1015//1015 1012//1012
f 881//881 905//905 969//969
f 961//961 940//940 925//925
f 1004//1004 1192//1192 948//948
f 1192//1192 898//898 948//948
f 1030//1030 1008//1008 1125//1125
f 1125//1125 1008//1008 1149//1149
f 1058//1058 1151//1151 1101//1101
f 1087//1087 947//947 1021//1021
f 1179//1179 1018//1018 954//954
f 1091//1091 960//960 1160//1160
f 1087//1087 1183//1183 1328//1328
f 1183//1183 1232//1232 1328//1328
f 1112//1112 1233//1233 1232//1232
f 1259//1259 1277//1277 1096//1096
f 1281//1281 1129//1129 1110//1110
f 1115//1115 1129//1129 1352//1352
f 1577//1577 974//974 1066//1066
f 1538//1538 1489//1489 1515//1515
f 1362//1362 1590//1590 1360//1360
f 1547//1547 1558//1558 1514//1514
f 1558//1558 1563//1563 1514//1514
f 1723//1723 1720//1720 1667//1667
f 1667//1667 1622//1622 1583//1583
f 1534//1534 1599//1599 1641//1641
f 1642//1642 1534//1534 1641//1641
f 1671//1671 1657//1657 1774//1774
f 1772//1772 1774//1774 1710//1710
f 1671//1671 1811//1811 1784//1784
f 1866//1866 1763//1763 1897//1897
f 1771//1771 1897//1897 1763//1763
f 1898//1898 1900//1900 1775//1775
f 1687//1687 1900//1900 1916//1916
f 1853//1853 1805//1805 1904//1904
f 1846//1846 1920//1920 1878//1878
f 2092//2092 2090//2090 2119//2119
f 2107//2107 2126//2126 2173//2173
f 2130//2130 2028//2028 2083//2083
f 2181//2181 2119//2119 2090//2090
f 2225//2225 2203//2203 2152//2152
f 2028//2028 2130//2130 2126//2126
f 2158//2158 2173//2173 2126//2126
f 2167//2167 2152//2152 2018//2018
f 2140//2140 2634//2634 2250//2250
f 2369//2369 2185//2185 2180//2180
f 2307//2307 2217//2217 2221//2221
f 2395//2395 2331//2331 2227//2227
f 2544//2544 2290//2290 2331//2331
f 2593//2593 2353//2353 2417//2417
f 2653//2653 2593//2593 2417//2417
f 2417//2417 2412//2412 2576//2576
f 2505//2505 2565//2565 2681//2681
f 2753//2753 2619//2619 2630//2630
f 2619//2619 2565//2565 2630//2630
f 2524//2524 2856//2856 2690//2690
f 2758//2758 2708//2708 2706//2706
f 2706//2706 2776//2776 2758//2758
f 2811//2811 2681//2681 2868//2868
f 2868//2868 2722//2722 2873//2873
f 2719//2719 2722//2722 2868//2868
f 2873//2873 2722//2722 2758//2758
f 2782//2782 2725//2725 2799//2799
f 2782//2782 2882//2882 2881//2881
f 2896//2896 2893//2893 2899//2899
f 2899//2899 2989//2989 2896//2896
f 2989//2989 2930//2930 2877//2877
f 2945//2945 2874//2874 2879//2879
f 2992//2992 3158//3158 3013//3013
f 2992//2992 3013//3013 3022//3022
f 3141//3141 2998//2998 2953//2953
f 2953//2953 3013//3013 3141//3141
f 3079//3079 3033//3033 3067//3067
f 3067//3067 3033//3033 3089//3089
f 3067//3067 3052//3052 3035//3035
f 3060//3060 3043//3043 3058//3058
f 3060//3060 3058//3058 3000//3000
f 3089//3089 3049//3049 3002//3002
f 3060//3060 3002//3002 3049//3049
f 3002//3002 3052//3052 3089//3089
f 3052//3052 3067//3067 3089//3089
f 3005//3005 3085//3085 3015//3015
f 2970//2970 3103//3103 3145//3145
f 3143//3143 2999//2999 3147//3147
f 3205//3205 3064//3064 3143//3143
f 3154//3154 3144//3144 3224//3224
f 3144//3144 3164//3164 3224//3224
f 3233//3233 3164//3164 3132//3132
f 3347//3347 3273//3273 3357//3357
f 3347//3347 3311//3311 3273//3273
f 3286//3286 3273//3273 3311//3311
f 3326//3326 3334//3334 3304//3304
f 3566//3566 3189//3189 3322//3322
f 3320//3320 3189//3189 3566//3566
f 3519//3519 3332//3332 3346//3346
f 3367//3367 3337//3337 3361//3361
f 3685//3685 3632//3632 3663//3663
f 3685//3685 3663//3663 3569//3569
f 3685//3685 3569//3569 3600//3600
f 3702//3702 3584//3584 3611//3611
f 3685//3685 3600//3600 3723//3723
f 3693//3693 3723//3723 3600//3600
f 3674//3674 3711//3711 3697//3697
f 3702//3702 3759//3759 3668//3668
f 3759//3759 3711//3711 3668//3668
f 3775//3775 3622//3622 3766//3766
f 3756//3756 3728//3728 3781//3781
f 3846//3846 3868//3868 3901//3901
f 75//75 144//144 36//36
f 75//75 36//36 1//1
f 75//75 1//1 49//49
f 84//84 75//75 49//49
f 30//30 15//15 2//2
f 2//2 4//4 30//30
f 33//33 30//30 4//4
f 29//29 33//33 4//4
f 2//2 48//48 4//4
f 47//47 48//48 76//76
f 48//48 2//2 39//39
f 103//103 30//30 33//33
f 207//207 260//260 179//179
f 337//337 334//334 307//307
f 337//337 297//297 343//343
f 393//393 298//298 286//286
f 393//393 343//343 298//298
f 237//237 349//349 335//335
f 574//574 282//282 522//522
f 522//522 282//282 435//435
f 435//435 282//282 285//285
f 435//435 285//285 377//377
f 377//377 303//303 387//387
f 541//541 489//489 542//542
f 635//635 489//489 541//541
f 462//462 635//635 507//507
f 462//462 489//489 635//635
f 507//507 632//632 411//411
f 653//653 541//541 713//713
f 629//629 688//688 542//542
f 765//765 755//755 725//725
f 900//900 769//769 740//740
f 851//851 740//740 823//823
f 982//982 823//823 714//714
f 714//714 674//674 792//792
f 909//909 833//833 799//799
f 909//909 799//799 910//910
f 863//863 806//806 1026//1026
f 915//915 746//746 889//889
f 1024//1024 1041//1041 972//972
f 948//948 1008//1008 1004//1004
f 1030//1030 1004//1004 1008//1008
f 1149//1149 1008//1008 956//956
f 1084//1084 1162//1162 1117//1117
f 1088//1088 1123//1123 1124//1124
f 1124//1124 1123//1123 1048//1048
f 1030//1030 1048//1048 1144//1144
f 1144//1144 1048//1048 1123//1123
f 1125//1125 1124//1124 1048//1048
f 1112//1112 1232//1232 1183//1183
f 1233//1233 1112//1112 1111//1111
f 1233//1233 1111//1111 1167//1167
f 1175//1175 1182//1182 1221//1221
f 1093//1093 1117//1117 1268//1268
f 1162//1162 1268//1268 1117//1117
f 1188//1188 1338//1338 1525//1525
f 1338//1338 1188//1188 1217//1217
f 1338//1338 1217//1217 1205//1205
f 1421//1421 1273//1273 1452//1452
f 1580//1580 1133//1133 1575//1575
f 1727//1727 1746//1746 1606//1606
f 1746//1746 1644//1644 1606//1606
f 1794//1794 1605//1605 1756//1756
f 1605//1605 1794//1794 1796//1796
f 1727//1727 1624//1624 1765//1765
f 1765//1765 1808//1808 1727//1727
f 1765//1765 1624//1624 1750//1750
f 1842//1842 1765//1765 1750//1750
f 1901//1901 1842//1842 1736//1736
f 1833//1833 1736//1736 1556//1556
f 1801//1801 1794//1794 1756//1756
f 2088//2088 2001//2001 2000//2000
f 2002//2002 2088//2088 2067//2067
f 2100//2100 2074//2074 2117//2117
f 2029//2029 1944//1944 2017//2017
f 2029//2029 2140//2140 1975//1975
f 2094//2094 1975//1975 2140//2140
f 2072//2072 2093//2093 2098//2098
f 2072//2072 1989//1989 2095//2095
f 1989//1989 1955//1955 2095//2095
f 2203//2203 1994//1994 2152//2152
f 2152//2152 1994//1994 1959//1959
f 2092//2092 2106//2106 2090//2090
f 2092//2092 2167//2167 2106//2106
f 2167//2167 2018//2018 2106//2106
f 2126//2126 2107//2107 2028//2028
f 2114//2114 2130//2130 2083//2083
f 2083//2083 2059//2059 2114//2114
f 2263//2263 2110//2110 2148//2148
f 2110//2110 2061//2061 2148//2148
f 2304//2304 2220//2220 2452//2452
f 2487//2487 2466//2466 2385//2385
f 2435//2435 2256//2256 2526//2526
f 2550//2550 2541//2541 2530//2530
f 2541//2541 2382//2382 2530//2530
f 2510//2510 2445//2445 2543//2543
f 2549//2549 2588//2588 2503//2503
f 2590//2590 2508//2508 2594//2594
f 2588//2588 2549//2549 2508//2508
f 2549//2549 2451//2451 2508//2508
f 2545//2545 2451//2451 2549//2549
f 2597//2597 2560//2560 2599//2599
f 2860//2860 2781//2781 2841//2841
f 2940//2940 2797//2797 3028//3028
f 3025//3025 2713//2713 2805//2805
f 3025//3025 2909//2909 2904//2904
f 2756//2756 2909//2909 3025//3025
f 2904//2904 2909//2909 2917//2917
f 2983//2983 2887//2887 2938//2938
f 2864//2864 2918//2918 2947//2947
f 2947//2947 2846//2846 2986//2986
f 3152//3152 2937//2937 2895//2895
f 3016//3016 2973//2973 2913//2913
f 2973//2973 2875//2875 2913//2913
f 3260//3260 3182//3182 3215//3215
f 3184//3184 3182//3182 3260//3260
f 3254//3254 3184//3184 3260//3260
f 3215//3215 3298//3298 3321//3321
f 3204//3204 3283//3283 3285//3285
f 3261//3261 3309//3309 3263//3263
f 3334//3334 3301//3301 3353//3353
f 3291//3291 3379//3379 3302//3302
f 3386//3386 3291//3291 3277//3277
f 3379//3379 3291//3291 3386//3386
f 3426//3426 3397//3397 3469//3469
f 3430//3430 3426//3426 3469//3469
f 3484//3484 3374//3374 3306//3306
f 3343//3343 3426//3426 3430//3430
f 3446//3446 3343//3343 3430//3430
f 3604//3604 3565//3565 3520//3520
f 3571//3571 3642//3642 3370//3370
f 3642//3642 3517//3517 3427//3427
f 3450//3450 3523//3523 3404//3404
f 3483//3483 3551//3551 3626//3626
f 3625//3625 3557//3557 3675//3675
f 3538//3538 3557//3557 3625//3625
f 3600//3600 3487//3487 3490//3490
f 3605//3605 3490//3490 3570//3570
f 3605//3605 3570//3570 3484//3484
f 3612//3612 3576//3576 3577//3577
f 3578//3578 3651//3651 3753//3753
f 3531//3531 3765//3765 3696//3696
f 3914//3914 3889//3889 3845//3845
f 3914//3914 3842//3842 3949//3949
f 3937//3937 3912//3912 3957//3957
f 3912//3912 3960//3960 3957//3957
f 3958//3958 3937//3937 3957//3957
f 3955//3955 3937//3937 3958//3958
f 3955//3955 3857//3857 3937//3937
f 3938//3938 3857//3857 3955//3955
f 3910//3910 3956//3956 3952//3952
f 3910//3910 3938//3938 3956//3956
f 3938//3938 3955//3955 3956//3956
f 67//67 61//61 38//38
f 40//40 38//38 61//61
f 40//40 14//14 38//38
f 38//38 27//27 120//120
f 14//14 40//40 73//73
f 58//58 102//102 66//66
f 66//66 69//69 58//58
f 66//66 67//67 69//69
f 67//67 66//66 61//61
f 67//67 38//38 69//69
f 38//38 91//91 69//69
f 172//172 199//199 327//327
f 275//275 235//235 281//281
f 332//332 281//281 240//240
f 332//332 316//316 281//281
f 333//333 332//332 241//241
f 332//332 240//240 241//241
f 333//333 241//241 248//248
f 493//493 524//524 594//594
f 676//676 558//558 623//623
f 623//623 599//599 739//739
f 657//657 708//708 650//650
f 1201//1201 966//966 876//876
f 1023//1023 946//946 1146//1146
f 1319//1319 977//977 867//867
f 1308//1308 1152//1152 1351//1351
f 1390//1390 1314//1314 1308//1308
f 1336//1336 1489//1489 1278//1278
f 1502//1502 1445//1445 1460//1460
f 1485//1485 1422//1422 1611//1611
f 1537//1537 1422//1422 1377//1377
f 1546//1546 1435//1435 1363//1363
f 1640//1640 1528//1528 1602//1602
f 1528//1528 1608//1608 1602//1602
f 1559//1559 1435//1435 1546//1546
f 1662//1662 1659//1659 1550//1550
f 1662//1662 1550//1550 1670//1670
f 1746//1746 1221//1221 1644//1644
f 1770//1770 1706//1706 1623//1623
f 1623//1623 1580//1580 1695//1695
f 1695//1695 1770//1770 1623//1623
f 1617//1617 1545//1545 1706//1706
f 1847//1847 1882//1882 1570//1570
f 1847//1847 1747//1747 1816//1816
f 1816//1816 1747//1747 1763//1763
f 1853//1853 1775//1775 1680//1680
f 1687//1687 1775//1775 1900//1900
f 1687//1687 1916//1916 1600//1600
f 1805//1805 1792//1792 1859//1859
f 1853//1853 1680//1680 1805//1805
f 1822//1822 1861//1861 1888//1888
f 1888//1888 1861//1861 1980//1980
f 1803//1803 1817//1817 1891//1891
f 1960//1960 1812//1812 1876//1876
f 1960//1960 1939//1939 1812//1812
f 1939//1939 1902//1902 1879//1879
f 1902//1902 1891//1891 1817//1817
f 1932//1932 2000//2000 1764//1764
f 1728//1728 1764//1764 2000//2000
f 1932//1932 1887//1887 1973//1973
f 2030//2030 1931//1931 2151//2151
f 2151//2151 2153//2153 2030//2030
f 2153//2153 2054//2054 2030//2030
f 2254//2254 2299//2299 2376//2376
f 2414//2414 2205//2205 2241//2241
f 2443//2443 2298//2298 2295//2295
f 2443//2443 2346//2346 2298//2298
f 2346//2346 2374//2374 2298//2298
f 2375//2375 2309//2309 2374//2374
f 2375//2375 2374//2374 2368//2368
f 2336//2336 2364//2364 2362//2362
f 2509//2509 2370//2370 2381//2381
f 2509//2509 2410//2410 2370//2370
f 2386//2386 2347//2347 2423//2423
f 2361//2361 2191//2191 2260//2260
f 2260//2260 2474//2474 2361//2361
f 2361//2361 2400//2400 2247//2247
f 2385//2385 2452//2452 2220//2220
f 2487//2487 2435//2435 2519//2519
f 2256//2256 2308//2308 2526//2526
f 2242//2242 2282//2282 2476//2476
f 2427//2427 2445//2445 2510//2510
f 2431//2431 2530//2530 2382//2382
f 2431//2431 2492//2492 2499//2499
f 2496//2496 2421//2421 2595//2595
f 2496//2496 2408//2408 2421//2421
f 2408//2408 2376//2376 2421//2421
f 2479//2479 2408//2408 2496//2496
f 2479//2479 2481//2481 2408//2408
f 2571//2571 2654//2654 2889//2889
f 2698//2698 2838//2838 2789//2789
f 2848//2848 2877//2877 2789//2789
f 2790//2790 2526//2526 2623//2623
f 2949//2949 2894//2894 2888//2888
f 2949//2949 2859//2859 2912//2912
f 2888//2888 2859//2859 2949//2949
f 2903//2903 2949//2949 2912//2912
f 2866//2866 2863//2863 2934//2934
f 2866//2866 2934//2934 3038//3038
f 2934//2934 2863//2863 2711//2711
f 2989//2989 2899//2899 3030//3030
f 2930//2930 2989//2989 3030//3030
f 3030//3030 2899//2899 2869//2869
f 3030//3030 2869//2869 3009//3009
f 3188//3188 3047//3047 2975//2975
f 2975//2975 3028//3028 3140//3140
f 3114//3114 3140//3140 3028//3028
f 3003//3003 2998//2998 3141//3141
f 3142//3142 3092//3092 3003//3003
f 3194//3194 3111//3111 3122//3122
f 3161//3161 3103//3103 3195//3195
f 3134//3134 3103//3103 3161//3161
f 3162//3162 3145//3145 3134//3134
f 3191//3191 3205//3205 3143//3143
f 3191//3191 3232//3232 3205//3205
f 3321//3321 3260//3260 3215//3215
f 3338//3338 3254//3254 3260//3260
f 3321//3321 3298//3298 3324//3324
f 3299//3299 3270//3270 3319//3319
f 3424//3424 3467//3467 3397//3397
f 3467//3467 3469//3469 3397//3397
f 3455//3455 3425//3425 3570//3570
f 3424//3424 3425//3425 3455//3455
f 3631//3631 3448//3448 3565//3565
f 3614//3614 3637//3637 3661//3661
f 3535//3535 3537//3537 3691//3691
f 3691//3691 3537//3537 3581//3581
f 3903//3903 3890//3890 3867//3867
f 3873//3873 3880//3880 3860//3860
f 3873//3873 3855//3855 3920//3920
f 3890//3890 3919//3919 3867//3867
f 3915//3915 3867//3867 3919//3919
f 3931//3931 3855//3855 3821//3821
f 3915//3915 3917//3917 3835//3835
f 3821//3821 3715//3715 3931//3931
f 3931//3931 3715//3715 3864//3864
f 3881//3881 3841//3841 3916//3916
f 3841//3841 3895//3895 3916//3916
f 3871//3871 3841//3841 3881//3881
f 3872//3872 3871//3871 3881//3881
f 3896//3896 3872//3872 3930//3930
f 3872//3872 3881//3881 3930//3930
f 210//210 205//205 167//167
f 210//210 167//167 182//182
f 215//215 173//173 226//226
f 315//315 288//288 229//229
f 319//319 315//315 229//229
f 243//243 276//276 175//175
f 243//243 135//135 276//276
f 276//276 135//135 214//214
f 734//734 500//500 498//498
f 450//450 694//694 640//640
f 450//450 601//601 694//694
f 640//640 694//694 730//730
f 643//643 696//696 565//565
f 696//696 643//643 640//640
f 763//763 751//751 678//678
f 751//751 760//760 678//678
f 789//789 760//760 751//751
f 780//780 761//761 789//789
f 761//761 760//760 789//789
f 775//775 825//825 741//741
f 825//825 671//671 741//741
f 825//825 807//807 671//671
f 807//807 685//685 671//671
f 807//807 812//812 685//685
f 957//957 935//935 882//882
f 882//882 1047//1047 913//913
f 1021//1021 947//947 852//852
f 852//852 835//835 949//949
f 835//835 899//899 949//949
f 1185//1185 1013//1013 953//953
f 1185//1185 953//953 1049//1049
f 983//983 846//846 1025//1025
f 977//977 986//986 892//892
f 986//986 1025//1025 846//846
f 1154//1154 1129//1129 1079//1079
f 1115//1115 1079//1079 1129//1129
f 1143//1143 1014//1014 1070//1070
f 1291//1291 1163//1163 1184//1184
f 1415//1415 1186//1186 1019//1019
f 1436//1436 1434//1434 1294//1294
f 1436//1436 1294//1294 1330//1330
f 1357//1357 1420//1420 1407//1407
f 1401//1401 1496//1496 1399//1399
f 1399//1399 1496//1496 1420//1420
f 1447//1447 1496//1496 1444//1444
f 1510//1510 1614//1614 1385//1385
f 1653//1653 1363//1363 1573//1573
f 1751//1751 1922//1922 1791//1791
f 1751//1751 1777//1777 1922//1922
f 1762//1762 1777//1777 1729//1729
f 1800//1800 1804//1804 1773//1773
f 1800//1800 1975//1975 1804//1804
f 1815//1815 1598//1598 1804//1804
f 2083//2083 1914//1914 1965//1965
f 2083//2083 2028//2028 1914//1914
f 2083//2083 1966//1966 2059//2059
f 1965//1965 1966//1966 2083//2083
f 2059//2059 1966//1966 2035//2035
f 1966//1966 1964//1964 2035//2035
f 2018//2018 2152//2152 1959//1959
f 2188//2188 2190//2190 2091//2091
f 2099//2099 2190//2190 2208//2208
f 2208//2208 2253//2253 2212//2212
f 2334//2334 2302//2302 2407//2407
f 2407//2407 2219//2219 2406//2406
f 2407//2407 2302//2302 2219//2219
f 2405//2405 2406//2406 2318//2318
f 2400//2400 2361//2361 2415//2415
f 2415//2415 2448//2448 2400//2400
f 2472//2472 2363//2363 2491//2491
f 2426//2426 2363//2363 2472//2472
f 2576//2576 2555//2555 2513//2513
f 2513//2513 2763//2763 2576//2576
f 2457//2457 2847//2847 2513//2513
f 2575//2575 2713//2713 2691//2691
f 2707//2707 2658//2658 2661//2661
f 2707//2707 2661//2661 2638//2638
f 2737//2737 2680//2680 2665//2665
f 2764//2764 2806//2806 2733//2733
f 2811//2811 3083//3083 2786//2786
f 2829//2829 2798//2798 2839//2839
f 2798//2798 2829//2829 2831//2831
f 2829//2829 2839//2839 2768//2768
f 2872//2872 2784//2784 2831//2831
f 2872//2872 2757//2757 2784//2784
f 2835//2835 2775//2775 2958//2958
f 2958//2958 3006//3006 2835//2835
f 2832//2832 2935//2935 2506//2506
f 2887//2887 2983//2983 2832//2832
f 3006//3006 2938//2938 2835//2835
f 2938//2938 2887//2887 2835//2835
f 3261//3261 3263//3263 3252//3252
f 3302//3302 3274//3274 3201//3201
f 3396//3396 3347//3347 3394//3394
f 3396//3396 3423//3423 3347//3347
f 3762//3762 3789//3789 3629//3629
f 3805//3805 3786//3786 3761//3761
f 3786//3786 3737//3737 3761//3761
f 3786//3786 3787//3787 3737//3737
f 3712//3712 3737//3737 3787//3787
f 3787//3787 3780//3780 3712//3712
f 3712//3712 3780//3780 3734//3734
f 3791//3791 3780//3780 3809//3809
f 3715//3715 3821//3821 3627//3627
f 3877//3877 3859//3859 3905//3905
f 3859//3859 3922//3922 3905//3905
f 3906//3906 3877//3877 3905//3905
f 3816//3816 3863//3863 3909//3909
f 3911//3911 3816//3816 3909//3909
f 3911//3911 3850//3850 3816//3816
f 3911//3911 3912//3912 3850//3850
f 25//25 52//52 42//42
f 19//19 95//95 70//70
f 149//149 95//95 35//35
f 35//35 68//68 149//149
f 178//178 131//131 163//163
f 126//126 163//163 131//131
f 246//246 209//209 371//371
f 296//296 363//363 197//197
f 268//268 317//317 228//228
f 563//563 524//524 602//602
f 622//622 572//572 660//660
f 526//526 572//572 808//808
f 604//604 808//808 698//698
f 783//783 870//870 803//803
f 814//814 758//758 841//841
f 890//890 782//782 790//790
f 791//791 749//749 905//905
f 994//994 866//866 863//863
f 1198//1198 885//885 921//921
f 1198//1198 1072//1072 885//885
f 963//963 916//916 996//996
f 917//917 916//916 963//963
f 970//970 996//996 916//916
f 970//970 916//916 966//966
f 1217//1217 1169//1169 1119//1119
f 1050//1050 1639//1639 1103//1103
f 1363//1363 1353//1353 1372//1372
f 1435//1435 1353//1353 1363//1363
f 1371//1371 1345//1345 1439//1439
f 1376//1376 1345//1345 1371//1371
f 1393//1393 1371//1371 1439//1439
f 1590//1590 1497//1497 1360//1360
f 1432//1432 1477//1477 1494//1494
f 1433//1433 1432//1432 1494//1494
f 1460//1460 1495//1495 1536//1536
f 1485//1485 1536//1536 1495//1495
f 1485//1485 1495//1495 1417//1417
f 1581//1581 1414//1414 1628//1628
f 1463//1463 1627//1627 1354//1354
f 1516//1516 1354//1354 1627//1627
f 1516//1516 1464//1464 1354//1354
f 1628//1628 1464//1464 1516//1516
f 1611//1611 1537//1537 1616//1616
f 1422//1422 1537//1537 1611//1611
f 1537//1537 1505//1505 1616//1616
f 1609//1609 1424//1424 1562//1562
f 1593//1593 1576//1576 1594//1594
f 1669//1669 1593//1593 1594//1594
f 1594//1594 1542//1542 1654//1654
f 1611//1611 1654//1654 1542//1542
f 1631//1631 1702//1702 1826//1826
f 1688//1688 1754//1754 1707//1707
f 1838//1838 1691//1691 1567//1567
f 1707//1707 1698//1698 1655//1655
f 1701//1701 1655//1655 1698//1698
f 1702//1702 1655//1655 1701//1701
f 1763//1763 1719//1719 1703//1703
f 1703//1703 1560//1560 1771//1771
f 1763//1763 1703//1703 1771//1771
f 1685//1685 1680//1680 1775//1775
f 1687//1687 1685//1685 1775//1775
f 1744//1744 1674//1674 1843//1843
f 2243//2243 2289//2289 2380//2380
f 2289//2289 2243//2243 2214//2214
f 2299//2299 2139//2139 2414//2414
f 2345//2345 2450//2450 2398//2398
f 2450//2450 2442//2442 2398//2398
f 2878//2878 2562//2562 2792//2792
f 2792//2792 2532//2532 2602//2602
f 2618//2618 2564//2564 2767//2767
f 2516//2516 2560//2560 2477//2477
f 2799//2799 2741//2741 2745//2745
f 2645//2645 2778//2778 2804//2804
f 2802//2802 2521//2521 2804//2804
f 2747//2747 2671//2671 2787//2787
f 2655//2655 2680//2680 2737//2737
f 2737//2737 2679//2679 2655//2655
f 2766//2766 2746//2746 2961//2961
f 2693//2693 2828//2828 3099//3099
f 2825//2825 2760//2760 2696//2696
f 2809//2809 2776//2776 2795//2795
f 2795//2795 2780//2780 2809//2809
f 2969//2969 2669//2669 2971//2971
f 3022//3022 3013//3013 2843//2843
f 2876//2876 3014//3014 2826//2826
f 3138//3138 3086//3086 3065//3065
f 2975//2975 3140//3140 3115//3115
f 3003//3003 3141//3141 3149//3149
f 3149//3149 3142//3142 3003//3003
f 3063//3063 2969//2969 3092//3092
f 3160//3160 3158//3158 2992//2992
f 3101//3101 3254//3254 3090//3090
f 3091//3091 3107//3107 3198//3198
f 3246//3246 3190//3190 3272//3272
f 3290//3290 3363//3363 3131//3131
f 3308//3308 3290//3290 3167//3167
f 3251//3251 3191//3191 3250//3250
f 3250//3250 3191//3191 3246//3246
f 3558//3558 3288//3288 3276//3276
f 3558//3558 3394//3394 3288//3288
f 3394//3394 3357//3357 3288//3288
f 3394//3394 3347//3347 3357//3357
f 3566//3566 3514//3514 3320//3320
f 3527//3527 3542//3542 3613//3613
f 3507//3507 3512//3512 3610//3610
f 3512//3512 3567//3567 3610//3610
f 3518//3518 3489//3489 3567//3567
f 3567//3567 3489//3489 3596//3596
f 3610//3610 3567//3567 3548//3548
f 3548//3548 3567//3567 3549//3549
f 3924//3924 3896//3896 3930//3930
f 3921//3921 3897//3897 3900//3900
f 3902//3902 3900//3900 3897//3897
f 116//116 81//81 175//175
f 145//145 162//162 60//60
f 60//60 137//137 145//145
f 137//137 60//60 11//11
f 11//11 98//98 137//137
f 168//168 329//329 212//212
f 359//359 329//329 168//168
f 201//201 222//222 252//252
f 300//300 322//322 231//231
f 272//272 300//300 234//234
f 261//261 419//419 503//503
f 261//261 503//503 355//355
f 359//359 376//376 489//489
f 339//339 310//310 424//424
f 471//471 357//357 338//338
f 451//451 470//470 501//501
f 520//520 413//413 501//501
f 413//413 520//520 390//390
f 418//418 375//375 523//523
f 453//453 523//523 375//375
f 390//390 537//537 427//427
f 539//539 384//384 411//411
f 610//610 408//408 464//464
f 687//687 610//610 464//464
f 590//590 687//687 464//464
f 511//511 472//472 718//718
f 587//587 716//716 664//664
f 652//652 557//557 665//665
f 667//667 590//590 619//619
f 656//656 805//805 632//632
f 805//805 701//701 632//632
f 722//722 630//630 550//550
f 735//735 615//615 666//666
f 589//589 634//634 717//717
f 725//725 717//717 634//634
f 785//785 742//742 817//817
f 767//767 691//691 827//827
f 884//884 867//867 808//808
f 1157//1157 1158//1158 1127//1127
f 1157//1157 1123//1123 1088//1088
f 1158//1158 1157//1157 1088//1088
f 1162//1162 1158//1158 1088//1088
f 1164//1164 1162//1162 1088//1088
f 1127//1127 1158//1158 1084//1084
f 1158//1158 1162//1162 1084//1084
f 1144//1144 1004//1004 1030//1030
f 1124//1124 1125//1125 1312//1312
f 1164//1164 1088//1088 1124//1124
f 1115//1115 1070//1070 1109//1109
f 1070//1070 1118//1118 1109//1109
f 1118//1118 1108//1108 1109//1109
f 1196//1196 1405//1405 1201//1201
f 1405//1405 1222//1222 1201//1201
f 1266//1266 1289//1289 1193//1193
f 1289//1289 1130//1130 1193//1193
f 1357//1357 1289//1289 1266//1266
f 1343//1343 1505//1505 1380//1380
f 1343//1343 1380//1380 1274//1274
f 1369//1369 1331//1331 1413//1413
f 1259//1259 1331//1331 1369//1369
f 1369//1369 1440//1440 1259//1259
f 1440//1440 1383//1383 1281//1281
f 1652//1652 1463//1463 1549//1549
f 1492//1492 1555//1555 1665//1665
f 1665//1665 1555//1555 1568//1568
f 2050//2050 1944//1944 1951//1951
f 1951//1951 1922//1922 1971//1971
f 2051//2051 2135//2135 2035//2035
f 2555//2555 2412//2412 2440//2440
f 2294//2294 2469//2469 2358//2358
f 2469//2469 2473//2473 2358//2358
f 2529//2529 2459//2459 2501//2501
f 2770//2770 2855//2855 2808//2808
f 2617//2617 2601//2601 2808//2808
f 2884//2884 2601//2601 2617//2617
f 2862//2862 2739//2739 2556//2556
f 2869//2869 2623//2623 2668//2668
f 2624//2624 2969//2969 3127//3127
f 3057//3057 2933//2933 2809//2809
f 3083//3083 2868//2868 3122//3122
f 3122//3122 3111//3111 3083//3083
f 3072//3072 2876//2876 2881//2881
f 3029//3029 3130//3130 2881//2881
f 2881//2881 2850//2850 3029//3029
f 3074//3074 2900//2900 3105//3105
f 3120//3120 2976//2976 3109//3109
f 3120//3120 2974//2974 2976//2976
f 3126//3126 2994//2994 2965//2965
f 2965//2965 3004//3004 3046//3046
f 3120//3120 3100//3100 2974//2974
f 3046//3046 3126//3126 2965//2965
f 3082//3082 2994//2994 3126//3126
f 3046//3046 3004//3004 3154//3154
f 3298//3298 3098//3098 3137//3137
f 3270//3270 3298//3298 3137//3137
f 3137//3137 3151//3151 3270//3270
f 3184//3184 3069//3069 3182//3182
f 3354//3354 3255//3255 3296//3296
f 3296//3296 3057//3057 3275//3275
f 3328//3328 3173//3173 3330//3330
f 3330//3330 3173//3173 3312//3312
f 3423//3423 3311//3311 3347//3347
f 3352//3352 3320//3320 3514//3514
f 3514//3514 3372//3372 3352//3352
f 3514//3514 3502//3502 3372//3372
f 3456//3456 3383//3383 3366//3366
f 3383//3383 3518//3518 3398//3398
f 3518//3518 3383//3383 3456//3456
f 3405//3405 3644//3644 3510//3510
f 3406//3406 3405//3405 3510//3510
f 3560//3560 3561//3561 3593//3593
f 3480//3480 3560//3560 3593//3593
f 3480//3480 3593//3593 3564//3564
f 3564//3564 3593//3593 3554//3554
f 3462//3462 3457//3457 3536//3536
f 3585//3585 3462//3462 3536//3536
f 3685//3685 3682//3682 3632//3632
f 3782//3782 3637//3637 3543//3543
f 3782//3782 3661//3661 3637//3637
f 3760//3760 3683//3683 3700//3700
f 3747//3747 3623//3623 3768//3768
f 3778//3778 3818//3818 3776//3776
f 3818//3818 3779//3779 3776//3776
f 177//177 162//162 145//145
f 137//137 98//98 139//139
f 177//177 258//258 302//302
f 210//210 206//206 205//205
f 295//295 210//210 182//182
f 194//194 295//295 182//182
f 257//257 285//285 194//194
f 370//370 336//336 335//335
f 526//526 294//294 487//487
f 526//526 604//604 327//327
f 356//356 327//327 604//604
f 464//464 408//408 373//373
f 477//477 464//464 373//373
f 373//373 374//374 477//477
f 372//372 302//302 509//509
f 509//509 302//302 382//382
f 420//420 324//324 457//457
f 484//484 424//424 402//402
f 484//484 482//482 424//424
f 484//484 402//402 485//485
f 484//484 485//485 569//569
f 415//415 579//579 416//416
f 416//416 579//579 560//560
f 494//494 441//441 416//416
f 441//441 583//583 503//503
f 369//369 587//587 455//455
f 712//712 665//665 791//791
f 665//665 716//716 791//791
f 791//791 716//716 749//749
f 783//783 700//700 743//743
f 743//743 700//700 726//726
f 691//691 800//800 904//904
f 840//840 622//622 795//795
f 622//622 840//840 884//884
f 622//622 884//884 808//808
f 777//777 773//773 862//862
f 773//773 838//838 862//862
f 919//919 793//793 876//876
f 876//876 692//692 837//837
f 847//847 829//829 782//782
f 847//847 890//890 901//901
f 958//958 847//847 901//901
f 995//995 894//894 997//997
f 997//997 894//894 827//827
f 924//924 894//894 995//995
f 1322//1322 912//912 901//901
f 1075//1075 1038//1038 912//912
f 1100//1100 829//829 958//958
f 1179//1179 827//827 1018//1018
f 1318//1318 1343//1343 1171//1171
f 1294//1294 1156//1156 1330//1330
f 1389//1389 1162//1162 1164//1164
f 1389//1389 1411//1411 1162//1162
f 1428//1428 1382//1382 1324//1324
f 1382//1382 1137//1137 1324//1324
f 1382//1382 1509//1509 1190//1190
f 1428//1428 1607//1607 1382//1382
f 1524//1524 1428//1428 1484//1484
f 1524//1524 1484//1484 1438//1438
f 1524//1524 1438//1438 1448//1448
f 1448//1448 1468//1468 1524//1524
f 1468//1468 1448//1448 1470//1470
f 1387//1387 1470//1470 1448//1448
f 1548//1548 1610//1610 1615//1615
f 1647//1647 1615//1615 1646//1646
f 1610//1610 1646//1646 1615//1615
f 1766//1766 1732//1732 1712//1712
f 1739//1739 1512//1512 1738//1738
f 1741//1741 1739//1739 1781//1781
f 1688//1688 1785//1785 1754//1754
f 1758//1758 1754//1754 1785//1785
f 1785//1785 1788//1788 1758//1758
f 1699//1699 1758//1758 1788//1788
f 1797//1797 1823//1823 1852//1852
f 1876//1876 1768//1768 1819//1819
f 1812//1812 1768//1768 1876//1876
f 1762//1762 1875//1875 1913//1913
f 1976//1976 1998//1998 1840//1840
f 1997//1997 2094//2094 2250//2250
f 1997//1997 2250//2250 2258//2258
f 2203//2203 2197//2197 2038//2038
f 2288//2288 2149//2149 2150//2150
f 2128//2128 2288//2288 2150//2150
f 2091//2091 2190//2190 2132//2132
f 2069//2069 2099//2099 2212//2212
f 2134//2134 2075//2075 2178//2178
f 2136//2136 2237//2237 2210//2210
f 2348//2348 2245//2245 2118//2118
f 2118//2118 2136//2136 2348//2348
f 2085//2085 2093//2093 2214//2214
f 2188//2188 2091//2091 2271//2271
f 2252//2252 2188//2188 2271//2271
f 2309//2309 2190//2190 2188//2188
f 2253//2253 2208//2208 2274//2274
f 2202//2202 2220//2220 2304//2304
f 2256//2256 2487//2487 2041//2041
f 2308//2308 2175//2175 2302//2302
f 2275//2275 2245//2245 2281//2281
f 2281//2281 2245//2245 2464//2464
f 2408//2408 2332//2332 2376//2376
f 2481//2481 2332//2332 2408//2408
f 2481//2481 2482//2482 2332//2332
f 2482//2482 2286//2286 2332//2332
f 2552//2552 2642//2642 2351//2351
f 2462//2462 2195//2195 2626//2626
f 2422//2422 2462//2462 2566//2566
f 2517//2517 2551//2551 3023//3023
f 2612//2612 2586//2586 2584//2584
f 2636//2636 2612//2612 2584//2584
f 2636//2636 2584//2584 2559//2559
f 2517//2517 2559//2559 2544//2544
f 2523//2523 2432//2432 2701//2701
f 2572//2572 2606//2606 2610//2610
f 2613//2613 2572//2572 2523//2523
f 2471//2471 2572//2572 2610//2610
f 2700//2700 2471//2471 2610//2610
f 2779//2779 2654//2654 2600//2600
f 2461//2461 2571//2571 2857//2857
f 2789//2789 2877//2877 2698//2698
f 2962//2962 2702//2702 2434//2434
f 2899//2899 2790//2790 2623//2623
f 2896//2896 2877//2877 2848//2848
f 3402//3402 3368//3368 3329//3329
f 3399//3399 3402//3402 3329//3329
f 3402//3402 3439//3439 3368//3368
f 3340//3340 3368//3368 3439//3439
f 3340//3340 3439//3439 3346//3346
f 3400//3400 3564//3564 3509//3509
f 3509//3509 3563//3563 3463//3463
f 3536//3536 3457//3457 3487//3487
f 3587//3587 3529//3529 3683//3683
f 3587//3587 3683//3683 3707//3707
f 3700//3700 3683//3683 3529//3529
f 3758//3758 3603//3603 3688//3688
f 3840//3840 3764//3764 3659//3659
f 3840//3840 3672//3672 3745//3745
f 3747//3747 3768//3768 3830//3830
f 3832//3832 3747//3747 3830//3830
f 3770//3770 3856//3856 3859//3859
f 3754//3754 3770//3770 3859//3859
f 3831//3831 3875//3875 3826//3826
f 3841//3841 3871//3871 3830//3830
f 3871//3871 3832//3832 3830//3830
f 3871//3871 3872//3872 3832//3832
f 3872//3872 3896//3896 3832//3832
f 68//68 193//193 149//149
f 676//676 567//567 558//558
f 558//558 599//599 623//623
f 637//637 678//678 576//576
f 678//678 637//637 651//651
f 576//576 628//628 459//459
f 508//508 565//565 689//689
f 772//772 872//872 988//988
f 772//772 929//929 832//832
f 929//929 888//888 832//832
f 962//962 836//836 1020//1020
f 1002//1002 833//833 1012//1012
f 1012//1012 833//833 909//909
f 909//909 910//910 1012//1012
f 937//937 870//870 1022//1022
f 870//870 871//871 1022//1022
f 939//939 1022//1022 871//871
f 939//939 871//871 881//881
f 1062//1062 981//981 1036//1036
f 1062//1062 1132//1132 994//994
f 1052//1052 1253//1253 902//902
f 1253//1253 1061//1061 902//902
f 1083//1083 1052//1052 998//998
f 1277//1277 1281//1281 1110//1110
f 1154//1154 1110//1110 1129//1129
f 1270//1270 1082//1082 1226//1226
f 1288//1288 1194//1194 1416//1416
f 1219//1219 1283//1283 1242//1242
f 1245//1245 1242//1242 1283//1283
f 1283//1283 1262//1262 1245//1245
f 1302//1302 1298//1298 1262//1262
f 1466//1466 1269//1269 1320//1320
f 1429//1429 1269//1269 1466//1466
f 1579//1579 1584//1584 1481//1481
f 1642//1642 1178//1178 1534//1534
f 1804//1804 1178//1178 1731//1731
f 1804//1804 1598//1598 1178//1178
f 1545//1545 1623//1623 1706//1706
f 1782//1782 1870//1870 1677//1677
f 1782//1782 1921//1921 1870//1870
f 2184//2184 2280//2280 2230//2230
f 2184//2184 2042//2042 2185//2185
f 2222//2222 2115//2115 2155//2155
f 2115//2115 2338//2338 2140//2140
f 2673//2673 2303//2303 2355//2355
f 2303//2303 2434//2434 2313//2313
f 2769//2769 2514//2514 2657//2657
f 2697//2697 2635//2635 2744//2744
f 2885//2885 2791//2791 2616//2616
f 2944//2944 2524//2524 2598//2598
f 2785//2785 2824//2824 2682//2682
f 2785//2785 2682//2682 2732//2732
f 2841//2841 2728//2728 2721//2721
f 2841//2841 2729//2729 2728//2728
f 2781//2781 2729//2729 2841//2841
f 2781//2781 2664//2664 2729//2729
f 2852//2852 2855//2855 2770//2770
f 2808//2808 2855//2855 2851//2851
f 2617//2617 2808//2808 2915//2915
f 2808//2808 2851//2851 2915//2915
f 2921//2921 2617//2617 2915//2915
f 2915//2915 2836//2836 2862//2862
f 2946//2946 2879//2879 2884//2884
f 2946//2946 2884//2884 2921//2921
f 2890//2890 2791//2791 2885//2885
f 2627//2627 2726//2726 2963//2963
f 2956//2956 2954//2954 2810//2810
f 2954//2954 2908//2908 2852//2852
f 3157//3157 3125//3125 3021//3021
f 3048//3048 3021//3021 3125//3125
f 2898//2898 3021//3021 3048//3048
f 2942//2942 2898//2898 3048//3048
f 2958//2958 2942//2942 3050//3050
f 3093//3093 2958//2958 3050//3050
f 3147//3147 2926//2926 3076//3076
f 3156//3156 3198//3198 3189//3189
f 3203//3203 3231//3231 3163//3163
f 3363//3363 3135//3135 3131//3131
f 3363//3363 3241//3241 3135//3135
f 3161//3161 3342//3342 3276//3276
f 3161//3161 3276//3276 3247//3247
f 3210//3210 3247//3247 3276//3276
f 3276//3276 3288//3288 3210//3210
f 3288//3288 3272//3272 3210//3210
f 3357//3357 3246//3246 3272//3272
f 3312//3312 3212//3212 3373//3373
f 3592//3592 3608//3608 3482//3482
f 3482//3482 3515//3515 3574//3574
f 3541//3541 3556//3556 3583//3583
f 3550//3550 3498//3498 3543//3543
f 3588//3588 3528//3528 3367//3367
f 3652//3652 3715//3715 3631//3631
f 3652//3652 3617//3617 3684//3684
f 3657//3657 3621//3621 3575//3575
f 3714//3714 3721//3721 3710//3710
f 3714//3714 3658//3658 3689//3689
f 225//225 198//198 195//195
f 109//109 122//122 221//221
f 140//140 301//301 200//200
f 250//250 200//200 301//301
f 191//191 429//429 374//374
f 429//429 191//191 342//342
f 349//349 256//256 392//392
f 256//256 255//255 392//392
f 349//349 237//237 256//256
f 343//343 469//469 425//425
f 505//505 385//385 370//370
f 385//385 487//487 320//320
f 385//385 593//593 487//487
f 650//650 637//637 548//548
f 650//650 651//651 637//637
f 713//713 776//776 653//653
f 744//744 653//653 776//776
f 788//788 612//612 759//759
f 612//612 673//673 759//759
f 759//759 673//673 662//662
f 803//803 757//757 681//681
f 803//803 681//681 783//783
f 758//758 652//652 841//841
f 821//821 890//890 695//695
f 716//716 790//790 749//749
f 813//813 701//701 805//805
f 813//813 756//756 729//729
f 788//788 759//759 860//860
f 860//860 759//759 769//769
f 796//796 848//848 930//930
f 834//834 776//776 796//796
f 868//868 828//828 825//825
f 828//828 807//807 825//825
f 879//879 891//891 838//838
f 891//891 862//862 838//838
f 868//868 825//825 896//896
f 975//975 903//903 1019//1019
f 1028//1028 957//957 967//967
f 935//935 957//957 1028//1028
f 914//914 913//913 1047//1047
f 899//899 914//914 949//949
f 1017//1017 1065//1065 996//996
f 1017//1017 996//996 1126//1126
f 1126//1126 996//996 970//970
f 917//917 1014//1014 1146//1146
f 970//970 966//966 1236//1236
f 932//932 1103//1103 1577//1577
f 1577//1577 1066//1066 932//932
f 1165//1165 1206//1206 1140//1140
f 1165//1165 1194//1194 1206//1206
f 1249//1249 1145//1145 1237//1237
f 1331//1331 1056//1056 1227//1227
f 1331//1331 1259//1259 1096//1096
f 1325//1325 1319//1319 1574//1574
f 1342//1342 1284//1284 1349//1349
f 1176//1176 1267//1267 1349//1349
f 1325//1325 1349//1349 1267//1267
f 1451//1451 1444//1444 1196//1196
f 1444//1444 1405//1405 1196//1196
f 1451//1451 1447//1447 1444//1444
f 1451//1451 1196//1196 1614//1614
f 1479//1479 1427//1427 1369//1369
f 1427//1427 1503//1503 1383//1383
f 1352//1352 1383//1383 1503//1503
f 1416//1416 1251//1251 1697//1697
f 1697//1697 1251//1251 1645//1645
f 1362//1362 1416//1416 1743//1743
f 1803//1803 1640//1640 1779//1779
f 1653//1653 1635//1635 1735//1735
f 1679//1679 1634//1634 1711//1711
f 1682//1682 1679//1679 1711//1711
f 1795//1795 1663//1663 1682//1682
f 1795//1795 1718//1718 1663//1663
f 1721//1721 1682//1682 1663//1663
f 1779//1779 1602//1602 1780//1780
f 1779//1779 1640//1640 1602//1602
f 1821//1821 1822//1822 1877//1877
f 1822//1822 1748//1748 1861//1861
f 1983//1983 1675//1675 1858//1858
f 1861//1861 1803//1803 1980//1980
f 1832//1832 1939//1939 1879//1879
f 2216//2216 1969//1969 2047//2047
f 2181//2181 1987//1987 1997//1997
f 2112//2112 2110//2110 2263//2263
f 2208//2208 2212//2212 2099//2099
f 2314//2314 2377//2377 2367//2367
f 2440//2440 2369//2369 2384//2384
f 2377//2377 2369//2369 2440//2440
f 2473//2473 2284//2284 2358//2358
f 2338//2338 2222//2222 2473//2473
f 2420//2420 2655//2655 2241//2241
f 2655//2655 2611//2611 2241//2241
f 2611//2611 2591//2591 2241//2241
f 2512//2512 2608//2608 2420//2420
f 2420//2420 2642//2642 2512//2512
f 2521//2521 2595//2595 2455//2455
f 2553//2553 2404//2404 2633//2633
f 2472//2472 2491//2491 2739//2739
f 2742//2742 2426//2426 2472//2472
f 2633//2633 2426//2426 2742//2742
f 2693//2693 2503//2503 2413//2413
f 2687//2687 2749//2749 2784//2784
f 2784//2784 2749//2749 2798//2798
f 2750//2750 2798//2798 2749//2749
f 2755//2755 2750//2750 2670//2670
f 2692//2692 2749//2749 2687//2687
f 2670//2670 2750//2750 2749//2749
f 2755//2755 2699//2699 2751//2751
f 2755//2755 2752//2752 2699//2699
f 2753//2753 2699//2699 2752//2752
f 2752//2752 2754//2754 2753//2753
f 2735//2735 2755//2755 2670//2670
f 2752//2752 2755//2755 2735//2735
f 2754//2754 2752//2752 2708//2708
f 2708//2708 2722//2722 2754//2754
f 2878//2878 2901//2901 2926//2926
f 3053//3053 2773//2773 2999//2999
f 3038//3038 3066//3066 3230//3230
f 3227//3227 3079//3079 3176//3176
f 3113//3113 3079//3079 3067//3067
f 3113//3113 3176//3176 3079//3079
f 3203//3203 3163//3163 3073//3073
f 3231//3231 3042//3042 3163//3163
f 3231//3231 3195//3195 3042//3042
f 3061//3061 3135//3135 3077//3077
f 3240//3240 3168//3168 3256//3256
f 3244//3244 3216//3216 3108//3108
f 3244//3244 3108//3108 3269//3269
f 3269//3269 3179//3179 3229//3229
f 3270//3270 3295//3295 3319//3319
f 3254//3254 3415//3415 3322//3322
f 3505//3505 3460//3460 3528//3528
f 3568//3568 3497//3497 3539//3539
f 3632//3632 3536//3536 3663//3663
f 3592//3592 3574//3574 3676//3676
f 3658//3658 3583//3583 3556//3556
f 3585//3585 3658//3658 3556//3556
f 3585//3585 3536//3536 3632//3632
f 3653//3653 3703//3703 3636//3636
f 3693//3693 3600//3600 3490//3490
f 3693//3693 3490//3490 3605//3605
f 3697//3697 3591//3591 3674//3674
f 3668//3668 3711//3711 3540//3540
f 3702//3702 3668//3668 3584//3584
f 3742//3742 3760//3760 3802//3802
f 3743//3743 3749//3749 3742//3742
f 3752//3752 3731//3731 3769//3769
f 3616//3616 3777//3777 3799//3799
f 3752//3752 3799//3799 3777//3777
f 3769//3769 3724//3724 3743//3743
f 3731//3731 3724//3724 3769//3769
f 3760//3760 3700//3700 3773//3773
f 3802//3802 3760//3760 3773//3773
f 3774//3774 3799//3799 3904//3904
f 3790//3790 3743//3743 3742//3742
f 3892//3892 3835//3835 3948//3948
f 3882//3882 3950//3950 3862//3862
f 114//114 307//307 120//120
f 147//147 82//82 226//226
f 114//114 115//115 244//244
f 214//214 151//151 374//374
f 191//191 134//134 342//342
f 195//195 261//261 225//225
f 301//301 398//398 250//250
f 398//398 479//479 277//277
f 395//395 286//286 361//361
f 360//360 361//361 207//207
f 517//517 346//346 362//362
f 396//396 362//362 272//272
f 417//417 308//308 380//380
f 555//555 586//586 614//614
f 552//552 555//555 614//614
f 616//616 552//552 614//614
f 646//646 518//518 616//616
f 518//518 552//552 616//616
f 781//781 519//519 500//500
f 577//577 616//616 614//614
f 616//616 577//577 618//618
f 618//618 577//577 512//512
f 676//676 618//618 512//512
f 567//567 676//676 512//512
f 509//509 662//662 673//673
f 674//674 595//595 514//514
f 514//514 554//554 674//674
f 630//630 554//554 605//605
f 651//651 650//650 708//708
f 708//708 763//763 651//651
f 1098//1098 918//918 868//868
f 939//939 881//881 969//969
f 1099//1099 939//939 969//969
f 1099//1099 969//969 1100//1100
f 912//912 1322//1322 1059//1059
f 1038//1038 1276//1276 1156//1156
f 1156//1156 1294//1294 1100//1100
f 1075//1075 1276//1276 1038//1038
f 1276//1276 1078//1078 1113//1113
f 1078//1078 1121//1121 1113//1113
f 1237//1237 1145//1145 1081//1081
f 1104//1104 1219//1219 1242//1242
f 1242//1242 1197//1197 1104//1104
f 1209//1209 1256//1256 1223//1223
f 1256//1256 1177//1177 1223//1223
f 1335//1335 1177//1177 1256//1256
f 1521//1521 1639//1639 1286//1286
f 1498//1498 1220//1220 1086//1086
f 1430//1430 1332//1332 1482//1482
f 1436//1436 1330//1330 1481//1481
f 1178//1178 1235//1235 1534//1534
f 1551//1551 1270//1270 1684//1684
f 1563//1563 1638//1638 1358//1358
f 1569//1569 1690//1690 1523//1523
f 1742//1742 1523//1523 1690//1690
f 1570//1570 1482//1482 1668//1668
f 1985//1985 1903//1903 1855//1855
f 1985//1985 1862//1862 1967//1967
f 1855//1855 1862//1862 1985//1985
f 1894//1894 1967//1967 1862//1862
f 2254//2254 2207//2207 2159//2159
f 2207//2207 2101//2101 2159//2159
f 2339//2339 2278//2278 2353//2353
f 2335//2335 2292//2292 2365//2365
f 2404//2404 2359//2359 2301//2301
f 2359//2359 2238//2238 2301//2301
f 2259//2259 2301//2301 2200//2200
f 2363//2363 2259//2259 2366//2366
f 2473//2473 2575//2575 2338//2338
f 2691//2691 2338//2338 2575//2575
f 2436//2436 2369//2369 2540//2540
f 2634//2634 2338//2338 2691//2691
f 2579//2579 2390//2390 2634//2634
f 2436//2436 2540//2540 2582//2582
f 2740//2740 2562//2562 2878//2878
f 2761//2761 2653//2653 2576//2576
f 2763//2763 2761//2761 2576//2576
f 2743//2743 2666//2666 2796//2796
f 2796//2796 2666//2666 2709//2709
f 2796//2796 2709//2709 2786//2786
f 2837//2837 2686//2686 3005//3005
f 2762//2762 2613//2613 2875//2875
f 2871//2871 2762//2762 2895//2895
f 2913//2913 2875//2875 2793//2793
f 2913//2913 3083//3083 3016//3016
f 2913//2913 2786//2786 3083//3083
f 2932//2932 2906//2906 2829//2829
f 2957//2957 2809//2809 2939//2939
f 3349//3349 3305//3305 3350//3350
f 3349//3349 3414//3414 3305//3305
f 3414//3414 3310//3310 3305//3305
f 3468//3468 3360//3360 3545//3545
f 3390//3390 3468//3468 3564//3564
f 3400//3400 3390//3390 3564//3564
f 3390//3390 3457//3457 3433//3433
f 3479//3479 3433//3433 3457//3457
f 3669//3669 3634//3634 3776//3776
f 3760//3760 3729//3729 3678//3678
f 3749//3749 3698//3698 3729//3729
f 3698//3698 3678//3678 3729//3729
f 3752//3752 3662//3662 3580//3580
f 3752//3752 3650//3650 3662//3662
f 3731//3731 3752//3752 3580//3580
f 3828//3828 3819//3819 3805//3805
f 3809//3809 3805//3805 3867//3867
f 3809//3809 3867//3867 3915//3915
f 82//82 73//73 40//40
f 38//38 120//120 91//91
f 111//111 98//98 59//59
f 70//70 111//111 59//59
f 158//158 111//111 70//70
f 23//23 37//37 159//159
f 156//156 166//166 141//141
f 187//187 119//119 196//196
f 327//327 294//294 526//526
f 356//356 172//172 327//327
f 488//488 410//410 481//481
f 848//848 786//786 713//713
f 776//776 713//713 786//786
f 713//713 688//688 848//848
f 848//848 688//688 941//941
f 772//772 656//656 744//744
f 822//822 806//806 751//751
f 864//864 889//889 780//780
f 736//736 781//781 802//802
f 802//802 781//781 859//859
f 1138//1138 1022//1022 939//939
f 1136//1136 943//943 1085//1085
f 1136//1136 1090//1090 945//945
f 970//970 1236//1236 1080//1080
f 1236//1236 966//966 1201//1201
f 1153//1153 1146//1146 1261//1261
f 1174//1174 977//977 1267//1267
f 1128//1128 1131//1131 1314//1314
f 1057//1057 973//973 1152//1152
f 1104//1104 1102//1102 1219//1219
f 1231//1231 1521//1521 1286//1286
f 1205//1205 1217//1217 1119//1119
f 1639//1639 1050//1050 1286//1286
f 1216//1216 1293//1293 1243//1243
f 1293//1293 1216//1216 1260//1260
f 1245//1245 1262//1262 1298//1298
f 1216//1216 1245//1245 1298//1298
f 1298//1298 1302//1302 1341//1341
f 1298//1298 1341//1341 1299//1299
f 1216//1216 1280//1280 1260//1260
f 1251//1251 1061//1061 1253//1253
f 1317//1317 1134//1134 1361//1361
f 1378//1378 1361//1361 1134//1134
f 1313//1313 1173//1173 1368//1368
f 1691//1691 1375//1375 1211//1211
f 1472//1472 1467//1467 1655//1655
f 1553//1553 1525//1525 1565//1565
f 1651//1651 1565//1565 1507//1507
f 1507//1507 1513//1513 1651//1651
f 1600//1600 1660//1660 1488//1488
f 1697//1697 1743//1743 1416//1416
f 1636//1636 1588//1588 1469//1469
f 1676//1676 1662//1662 1759//1759
f 1699//1699 1659//1659 1662//1662
f 1756//1756 1659//1659 1699//1699
f 1670//1670 1759//1759 1662//1662
f 1567//1567 1221//1221 1746//1746
f 1837//1837 1783//1783 1786//1786
f 1786//1786 1769//1769 1837//1837
f 1837//1837 1769//1769 1870//1870
f 1740//1740 1722//1722 1873//1873
f 2009//2009 2012//2012 1877//1877
f 2012//2012 1858//1858 1877//1877
f 1983//1983 1947//1947 1907//1907
f 1983//1983 1858//1858 2012//2012
f 1972//1972 2047//2047 1835//1835
f 2444//2444 2225//2225 2290//2290
f 2296//2296 2126//2126 2234//2234
f 2296//2296 2158//2158 2126//2126
f 2447//2447 2158//2158 2296//2296
f 2319//2319 2158//2158 2447//2447
f 2316//2316 2234//2234 2183//2183
f 2183//2183 2326//2326 2261//2261
f 2239//2239 2326//2326 2183//2183
f 2487//2487 2256//2256 2435//2435
f 2520//2520 2623//2623 2495//2495
f 2623//2623 2526//2526 2495//2495
f 2520//2520 2495//2495 2480//2480
f 2580//2580 2643//2643 2596//2596
f 2548//2548 2596//2596 2648//2648
f 2548//2548 2527//2527 2596//2596
f 2648//2648 2596//2596 2643//2643
f 2666//2666 2502//2502 2592//2592
f 2592//2592 2581//2581 2639//2639
f 2581//2581 2459//2459 2639//2639
f 2639//2639 2666//2666 2592//2592
f 2666//2666 2507//2507 2502//2502
f 2834//2834 2888//2888 2466//2466
f 2790//2790 2435//2435 2526//2526
f 2716//2716 2470//2470 2711//2711
f 2779//2779 2600//2600 2716//2716
f 2779//2779 2889//2889 2654//2654
f 2922//2922 2857//2857 2571//2571
f 2955//2955 2945//2945 2759//2759
f 2945//2945 2923//2923 2759//2759
f 2977//2977 2955//2955 2718//2718
f 2726//2726 2727//2727 3001//3001
f 3045//3045 3001//3001 2727//2727
f 3045//3045 2599//2599 3137//3137
f 2599//2599 3051//3051 3137//3137
f 3075//3075 3236//3236 3065//3065
f 3156//3156 3091//3091 3198//3198
f 3331//3331 3241//3241 3363//3363
f 3342//3342 3356//3356 3276//3276
f 3272//3272 3288//3288 3357//3357
f 3500//3500 3419//3419 3524//3524
f 3500//3500 3524//3524 3501//3501
f 3649//3649 3613//3613 3364//3364
f 3507//3507 3610//3610 3649//3649
f 3649//3649 3610//3610 3736//3736
f 3610//3610 3548//3548 3667//3667
f 3883//3883 3876//3876 3885//3885
f 3878//3878 3888//3888 3876//3876
f 3878//3878 3753//3753 3888//3888
f 3885//3885 3876//3876 3929//3929
f 3888//3888 3929//3929 3876//3876
f 3929//3929 3893//3893 3885//3885
f 3929//3929 3888//3888 3853//3853
f 3893//3893 3929//3929 3853//3853
f 3885//3885 3893//3893 3903//3903
f 3885//3885 3903//3903 3819//3819
f 3899//3899 3903//3903 3893//3893
f 3899//3899 3893//3893 3853//3853
f 3899//3899 3880//3880 3903//3903
f 3880//3880 3899//3899 3860//3860
f 3890//3890 3903//3903 3880//3880
f 357//357 247//247 269//269
f 357//357 323//323 247//247
f 357//357 451//451 323//323
f 390//390 293//293 413//413
f 392//392 255//255 293//293
f 307//307 244//244 337//337
f 337//337 244//244 297//297
f 297//297 208//208 298//298
f 298//298 343//343 297//297
f 373//373 214//214 374//374
f 510//510 445//445 378//378
f 510//510 378//378 516//516
f 604//604 515//515 356//356
f 516//516 378//378 450//450
f 625//625 611//611 543//543
f 559//559 496//496 607//607
f 647//647 603//603 559//559
f 1153//1153 1261//1261 1193//1193
f 1224//1224 1453//1453 1443//1443
f 1487//1487 1396//1396 1443//1443
f 1310//1310 1143//1143 1443//1443
f 1504//1504 1436//1436 1511//1511
f 1584//1584 1511//1511 1436//1436
f 1436//1436 1481//1481 1584//1584
f 1579//1579 1481//1481 1355//1355
f 1579//1579 1355//1355 1553//1553
f 1726//1726 1479//1479 1523//1523
f 1843//1843 1674//1674 1591//1591
f 1697//1697 1645//1645 1694//1694
f 1694//1694 1825//1825 1697//1697
f 1786//1786 1636//1636 1613//1613
f 1613//1613 1665//1665 1786//1786
f 1887//1887 1890//1890 2023//2023
f 1871//1871 1728//1728 2000//2000
f 1893//1893 1830//1830 1941//1941
f 1941//1941 1856//1856 1874//1874
f 1954//1954 1798//1798 1893//1893
f 1893//1893 1798//1798 1830//1830
f 2008//2008 1893//1893 1941//1941
f 2129//2129 2204//2204 2032//2032
f 2091//2091 2066//2066 2144//2144
f 2056//2056 2150//2150 2149//2149
f 2069//2069 2077//2077 2099//2099
f 2120//2120 2233//2233 2201//2201
f 2265//2265 2233//2233 2067//2067
f 2163//2163 2145//2145 2179//2179
f 2300//2300 2179//2179 2120//2120
f 2391//2391 2197//2197 2248//2248
f 2258//2258 2371//2371 2181//2181
f 2378//2378 2366//2366 2357//2357
f 2251//2251 2570//2570 2563//2563
f 2246//2246 2424//2424 2352//2352
f 2405//2405 2318//2318 2490//2490
f 2800//2800 2582//2582 2568//2568
f 2691//2691 2717//2717 2634//2634
f 2579//2579 2634//2634 2717//2717
f 2694//2694 2568//2568 2629//2629
f 2625//2625 2475//2475 2884//2884
f 2950//2950 2665//2665 2658//2658
f 2950//2950 3008//3008 2737//2737
f 2760//2760 2905//2905 2626//2626
f 2672//2672 2718//2718 2955//2955
f 2977//2977 2718//2718 2861//2861
f 2943//2943 2861//2861 2867//2867
f 2821//2821 2911//2911 2908//2908
f 2908//2908 2954//2954 2821//2821
f 2954//2954 2988//2988 2821//2821
f 2988//2988 2844//2844 2821//2821
f 2886//2886 2844//2844 2988//2988
f 2766//2766 2929//2929 2968//2968
f 3087//3087 3024//3024 2805//2805
f 3025//3025 3017//3017 2756//2756
f 2927//2927 2925//2925 2987//2987
f 2987//2987 2925//2925 2967//2967
f 2967//2967 2925//2925 3003//3003
f 2971//2971 2987//2987 2967//2967
f 2971//2971 2669//2669 2987//2987
f 3096//3096 3204//3204 3159//3159
f 3180//3180 3160//3160 3068//3068
f 3141//3141 3158//3158 3192//3192
f 3313//3313 3238//3238 3207//3207
f 3313//3313 3248//3248 3238//3238
f 3292//3292 3258//3258 3183//3183
f 3258//3258 3206//3206 3183//3183
f 3258//3258 3275//3275 3206//3206
f 3390//3390 3360//3360 3468//3468
f 3390//3390 3433//3433 3360//3360
f 3477//3477 3365//3365 3403//3403
f 3403//3403 3365//3365 3428//3428
f 3411//3411 3365//3365 3477//3477
f 3451//3451 3481//3481 3432//3432
f 3432//3432 3474//3474 3451//3451
f 3451//3451 3474//3474 3458//3458
f 3505//3505 3407//3407 3460//3460
f 3474//3474 3442//3442 3458//3458
f 3435//3435 3442//3442 3474//3474
f 3449//3449 3442//3442 3435//3435
f 3573//3573 3633//3633 3554//3554
f 57//57 101//101 93//93
f 55//55 57//57 113//113
f 93//93 101//101 195//195
f 192//192 152//152 178//178
f 168//168 262//262 163//163
f 233//233 161//161 250//250
f 399//399 328//328 232//232
f 288//288 399//399 232//232
f 421//421 288//288 341//341
f 386//386 354//354 304//304
f 448//448 249//249 313//313
f 313//313 322//322 305//305
f 395//395 364//364 397//397
f 328//328 399//399 397//397
f 388//388 449//449 313//313
f 449//449 448//448 313//313
f 540//540 409//409 577//577
f 454//454 346//346 517//517
f 459//459 396//396 475//475
f 459//459 517//517 396//396
f 498//498 421//421 445//445
f 445//445 421//421 341//341
f 754//754 766//766 690//690
f 780//780 746//746 761//761
f 746//746 732//732 761//761
f 911//911 818//818 811//811
f 779//779 886//886 899//899
f 844//844 779//779 899//899
f 860//860 769//769 900//900
f 972//972 798//798 1024//1024
f 798//798 762//762 1024//1024
f 1230//1230 861//861 983//983
f 992//992 861//861 1230//1230
f 1230//1230 1049//1049 992//992
f 978//978 1023//1023 1130//1130
f 1201//1201 876//876 837//837
f 1081//1081 1108//1108 1237//1237
f 1056//1056 1107//1107 1227//1227
f 980//980 1107//1107 1056//1056
f 1073//1073 1277//1277 1110//1110
f 1159//1159 1238//1238 1316//1316
f 1363//1363 1092//1092 1359//1359
f 1238//1238 1092//1092 1372//1372
f 1316//1316 1238//1238 1239//1239
f 1247//1247 1299//1299 1181//1181
f 1304//1304 1297//1297 1303//1303
f 1354//1354 1155//1155 1463//1463
f 1211//1211 1221//1221 1567//1567
f 1467//1467 1189//1189 1375//1375
f 1488//1488 1530//1530 1379//1379
f 1620//1620 1474//1474 1530//1530
f 1586//1586 1490//1490 1619//1619
f 1764//1764 1827//1827 1932//1932
f 1827//1827 1887//1887 1932//1932
f 1827//1827 1793//1793 1887//1887
f 1793//1793 1890//1890 1887//1887
f 1925//1925 1882//1882 1930//1930
f 2268//2268 2278//2278 2339//2339
f 2353//2353 2278//2278 2163//2163
f 2244//2244 2303//2303 2187//2187
f 2444//2444 2483//2483 2248//2248
f 2395//2395 2227//2227 2226//2226
f 2365//2365 2413//2413 2484//2484
f 2553//2553 2359//2359 2404//2404
f 2446//2446 2413//2413 2359//2359
f 2446//2446 2359//2359 2553//2553
f 2363//2363 2378//2378 2491//2491
f 2355//2355 2458//2458 2731//2731
f 2677//2677 2767//2767 2564//2564
f 2677//2677 2564//2564 2569//2569
f 2813//2813 2569//2569 2604//2604
f 2813//2813 2677//2677 2569//2569
f 2724//2724 2807//2807 2822//2822
f 2815//2815 2714//2714 2694//2694
f 2806//2806 2815//2815 2733//2733
f 2815//2815 2694//2694 2733//2733
f 2822//2822 2891//2891 2724//2724
f 2891//2891 2669//2669 2724//2724
f 2715//2715 2837//2837 2948//2948
f 2812//2812 2715//2715 2948//2948
f 2948//2948 3081//3081 2812//2812
f 2814//2814 2812//2812 3081//3081
f 2870//2870 2814//2814 3081//3081
f 3096//3096 3159//3159 3085//3085
f 2932//2932 2858//2858 3104//3104
f 3104//3104 2858//2858 3106//3106
f 3350//3350 3217//3217 3240//3240
f 3229//3229 3171//3171 3245//3245
f 3245//3245 3221//3221 3305//3305
f 3300//3300 3253//3253 3274//3274
f 3209//3209 3237//3237 3287//3287
f 3268//3268 3287//3287 3224//3224
f 3224//3224 3164//3164 3268//3268
f 3209//3209 3235//3235 3237//3237
f 3309//3309 3361//3361 3263//3263
f 3309//3309 3436//3436 3361//3361
f 3419//3419 3555//3555 3385//3385
f 3503//3503 3307//3307 3447//3447
f 3464//3464 3454//3454 3506//3506
f 3339//3339 3464//3464 3506//3506
f 3862//3862 3840//3840 3882//3882
f 3856//3856 3924//3924 3922//3922
f 3924//3924 3926//3926 3922//3922
f 3856//3856 3896//3896 3924//3924
f 344//344 283//283 430//430
f 389//389 278//278 439//439
f 389//389 433//433 314//314
f 433//433 287//287 314//314
f 287//287 433//433 406//406
f 351//351 287//287 406//406
f 542//542 612//612 629//629
f 612//612 376//376 600//600
f 673//673 600//600 509//509
f 621//621 597//597 702//702
f 736//736 702//702 781//781
f 633//633 505//505 658//658
f 874//874 737//737 768//768
f 830//830 787//787 833//833
f 787//787 723//723 833//833
f 723//723 799//799 833//833
f 830//830 801//801 787//787
f 1023//1023 897//897 946//946
f 950//950 897//897 978//978
f 1017//1017 1046//1046 1065//1065
f 1070//1070 1014//1014 1010//1010
f 1126//1126 970//970 1080//1080
f 1235//1235 1063//1063 1059//1059
f 1235//1235 1097//1097 1063//1063
f 1097//1097 1178//1178 1141//1141
f 1188//1188 1113//1113 1150//1150
f 1150//1150 1169//1169 1188//1188
f 1205//1205 1120//1120 1292//1292
f 1334//1334 1332//1332 1160//1160
f 1272//1272 1222//1222 1405//1405
f 1339//1339 1261//1261 1310//1310
f 1193//1193 1261//1261 1339//1339
f 1193//1193 1339//1339 1346//1346
f 1266//1266 1346//1346 1350//1350
f 1266//1266 1193//1193 1346//1346
f 1266//1266 1350//1350 1399//1399
f 1357//1357 1266//1266 1399//1399
f 1190//1190 1509//1509 1374//1374
f 1182//1182 1190//1190 1374//1374
f 1484//1484 1428//1428 1324//1324
f 1581//1581 1384//1384 1414//1414
f 1414//1414 1464//1464 1628//1628
f 1644//1644 1221//1221 1374//1374
f 1374//1374 1509//1509 1644//1644
f 1509//1509 1382//1382 1606//1606
f 1607//1607 1606//1606 1382//1382
f 1618//1618 1607//1607 1428//1428
f 1618//1618 1428//1428 1524//1524
f 1651//1651 1513//1513 1612//1612
f 1612//1612 1513//1513 1315//1315
f 1612//1612 1498//1498 1566//1566
f 1498//1498 1430//1430 1566//1566
f 1566//1566 1430//1430 1570//1570
f 1570//1570 1430//1430 1482//1482
f 1680//1680 1515//1515 1792//1792
f 1680//1680 1592//1592 1515//1515
f 1595//1595 1592//1592 1685//1685
f 1685//1685 1687//1687 1595//1595
f 1687//1687 1561//1561 1595//1595
f 1561//1561 1597//1597 1595//1595
f 1624//1624 1727//1727 1606//1606
f 1750//1750 1650//1650 1842//1842
f 1650//1650 1533//1533 1736//1736
f 1736//1736 1842//1842 1650//1650
f 1833//1833 1556//1556 1796//1796
f 1756//1756 1605//1605 1659//1659
f 1930//1930 1866//1866 1994//1994
f 2107//2107 1900//1900 1937//1937
f 1916//1916 1900//1900 2107//2107
f 2028//2028 1937//1937 1914//1914
f 2035//2035 1905//1905 2051//2051
f 2170//2170 2096//2096 2267//2267
f 2096//2096 2027//2027 2270//2270
f 2191//2191 2154//2154 2153//2153
f 2398//2398 2442//2442 2237//2237
f 2442//2442 2394//2394 2237//2237
f 2448//2448 2340//2340 2400//2400
f 2213//2213 2341//2341 2740//2740
f 2740//2740 2397//2397 2213//2213
f 2341//2341 2340//2340 2448//2448
f 2493//2493 2333//2333 2342//2342
f 2916//2916 2618//2618 2767//2767
f 2951//2951 3007//3007 2916//2916
f 3007//3007 2819//2819 2916//2916
f 2990//2990 2951//2951 2959//2959
f 2819//2819 3007//3007 2901//2901
f 3222//3222 3051//3051 2984//2984
f 2954//2954 2956//2956 2988//2988
f 3055//3055 2988//2988 2956//2956
f 2961//2961 2886//2886 2929//2929
f 3037//3037 3047//3047 3242//3242
f 3236//3236 3138//3138 3065//3065
f 3142//3142 3063//3063 3092//3092
f 3218//3218 3158//3158 3160//3160
f 3273//3273 3286//3286 3250//3250
f 3250//3250 3286//3286 3304//3304
f 3265//3265 3250//3250 3304//3304
f 3531//3531 3576//3576 3612//3612
f 3638//3638 3542//3542 3527//3527
f 3914//3914 3845//3845 3842//3842
f 3883//3883 3885//3885 3852//3852
f 28//28 21//21 148//148
f 148//148 92//92 28//28
f 160//160 25//25 23//23
f 109//109 99//99 122//122
f 122//122 99//99 107//107
f 122//122 107//107 89//89
f 169//169 154//154 177//177
f 220//220 164//164 190//190
f 354//354 233//233 304//304
f 354//354 259//259 233//233
f 330//330 333//333 248//248
f 448//448 330//330 249//249
f 330//330 248//248 249//249
f 685//685 636//636 671//671
f 648//648 671//671 592//592
f 671//671 636//636 592//592
f 642//642 654//654 680//680
f 654//654 706//706 680//680
f 645//645 642//642 680//680
f 631//631 560//560 681//681
f 681//681 560//560 645//645
f 700//700 645//645 680//680
f 757//757 693//693 631//631
f 690//690 655//655 754//754
f 739//739 599//599 661//661
f 697//697 628//628 576//576
f 697//697 576//576 732//732
f 678//678 651//651 763//763
f 1235//1235 1059//1059 1322//1322
f 1520//1520 1483//1483 1423//1423
f 1321//1321 1328//1328 1454//1454
f 1475//1475 1318//1318 1504//1504
f 1518//1518 1643//1643 1447//1447
f 1420//1420 1496//1496 1535//1535
f 1535//1535 1496//1496 1447//1447
f 1447//1447 1643//1643 1535//1535
f 1630//1630 1407//1407 1535//1535
f 1407//1407 1420//1420 1535//1535
f 1465//1465 1407//1407 1630//1630
f 1573//1573 1471//1471 1517//1517
f 1456//1456 1796//1796 1556//1556
f 1663//1663 1602//1602 1608//1608
f 1663//1663 1718//1718 1602//1602
f 1608//1608 1664//1664 1663//1663
f 1724//1724 1608//1608 1590//1590
f 1664//1664 1608//1608 1724//1724
f 1724//1724 1590//1590 1591//1591
f 1669//1669 1594//1594 1654//1654
f 1654//1654 1649//1649 1669//1669
f 1649//1649 1593//1593 1669//1669
f 1708//1708 1593//1593 1649//1649
f 1625//1625 1757//1757 1611//1611
f 1844//1844 1791//1791 1839//1839
f 1922//1922 1839//1839 1791//1791
f 1681//1681 1889//1889 1926//1926
f 1889//1889 1837//1837 1928//1928
f 1870//1870 1928//1928 1837//1837
f 1740//1740 1873//1873 1935//1935
f 2282//2282 2323//2323 2333//2333
f 2429//2429 2407//2407 2406//2406
f 2405//2405 2488//2488 2406//2406
f 2429//2429 2406//2406 2488//2488
f 2768//2768 2606//2606 2762//2762
f 2768//2768 2748//2748 2606//2606
f 2748//2748 2768//2768 2839//2839
f 2839//2839 2751//2751 2748//2748
f 2941//2941 2673//2673 2731//2731
f 2985//2985 2813//2813 2865//2865
f 2817//2817 2823//2823 2849//2849
f 2674//2674 2673//2673 2941//2941
f 3230//3230 3174//3174 3266//3266
f 3216//3216 3119//3119 3097//3097
f 3155//3155 2993//2993 3216//3216
f 3157//3157 2993//2993 3155//3155
f 3075//3075 3235//3235 3209//3209
f 3233//3233 3132//3132 3253//3253
f 3361//3361 3165//3165 3242//3242
f 3484//3484 3570//3570 3374//3374
f 3538//3538 3483//3483 3467//3467
f 3483//3483 3508//3508 3469//3469
f 3636//3636 3520//3520 3392//3392
f 3530//3530 3494//3494 3525//3525
f 3678//3678 3602//3602 3707//3707
f 3770//3770 3533//3533 3687//3687
f 3633//3633 3573//3573 3762//3762
f 3762//3762 3629//3629 3633//3633
f 3774//3774 3904//3904 3883//3883
f 3852//3852 3774//3774 3883//3883
f 3794//3794 3765//3765 3815//3815
f 3841//3841 3794//3794 3895//3895
f 3875//3875 3927//3927 3826//3826
f 3935//3935 3875//3875 3831//3831
f 113//113 109//109 134//134
f 145//145 258//258 177//177
f 258//258 145//145 205//205
f 145//145 167//167 205//205
f 137//137 167//167 145//145
f 167//167 137//137 182//182
f 182//182 137//137 194//194
f 137//137 139//139 194//194
f 265//265 296//296 185//185
f 265//265 363//363 296//296
f 331//331 265//265 217//217
f 265//265 189//189 217//217
f 265//265 185//185 189//189
f 186//186 219//219 309//309
f 289//289 219//219 188//188
f 359//359 284//284 376//376
f 310//310 339//339 242//242
f 362//362 346//346 300//300
f 346//346 305//305 300//300
f 362//362 300//300 272//272
f 308//308 354//354 380//380
f 417//417 272//272 308//308
f 396//396 272//272 417//417
f 820//820 720//720 818//818
f 852//852 717//717 725//725
f 844//844 755//755 738//738
f 1115//1115 1109//1109 1079//1079
f 1082//1082 1118//1118 1046//1046
f 1108//1108 1118//1118 1082//1082
f 1146//1146 1014//1014 1143//1143
f 1126//1126 1046//1046 1017//1017
f 1295//1295 1209//1209 1234//1234
f 1209//1209 1195//1195 1234//1234
f 1209//1209 1172//1172 1195//1195
f 1209//1209 1223//1223 1172//1172
f 1223//1223 1177//1177 1172//1172
f 1335//1335 1049//1049 1230//1230
f 1185//1185 1049//1049 1264//1264
f 1335//1335 1264//1264 1049//1049
f 1177//1177 1335//1335 1230//1230
f 1251//1251 1253//1253 1307//1307
f 1210//1210 1213//1213 1208//1208
f 1210//1210 1208//1208 1279//1279
f 1463//1463 1185//1185 1264//1264
f 1425//1425 1366//1366 1397//1397
f 1384//1384 1344//1344 1309//1309
f 1450//1450 1426//1426 1522//1522
f 1426//1426 1446//1446 1589//1589
f 1589//1589 1522//1522 1426//1426
f 1522//1522 1457//1457 1459//1459
f 1624//1624 1607//1607 1750//1750
f 1624//1624 1606//1606 1607//1607
f 1750//1750 1607//1607 1618//1618
f 1650//1650 1750//1750 1618//1618
f 1736//1736 1533//1533 1544//1544
f 1556//1556 1736//1736 1544//1544
f 1786//1786 1783//1783 1636//1636
f 1681//1681 1636//1636 1783//1783
f 1749//1749 1845//1845 1722//1722
f 1677//1677 1870//1870 1769//1769
f 1808//1808 1746//1746 1727//1727
f 1808//1808 1765//1765 1855//1855
f 1765//1765 1842//1842 1855//1855
f 1833//1833 1901//1901 1736//1736
f 1934//1934 1794//1794 1979//1979
f 1901//1901 1862//1862 1842//1842
f 1901//1901 1833//1833 1982//1982
f 1934//1934 1836//1836 1794//1794
f 1834//1834 1917//1917 1918//1918
f 1941//1941 2002//2002 2058//2058
f 2008//2008 1941//1941 2058//2058
f 2058//2058 2002//2002 2067//2067
f 2086//2086 2008//2008 2121//2121
f 2121//2121 2008//2008 2058//2058
f 2087//2087 2050//2050 1951//1951
f 2044//2044 2087//2087 1951//1951
f 2201//2201 2300//2300 2120//2120
f 2192//2192 2137//2137 2230//2230
f 2113//2113 2137//2137 2192//2192
f 2113//2113 2192//2192 2155//2155
f 2335//2335 2365//2365 2484//2484
f 2359//2359 2365//2365 2236//2236
f 2359//2359 2413//2413 2365//2365
f 2301//2301 2259//2259 2426//2426
f 2426//2426 2259//2259 2363//2363
f 2363//2363 2366//2366 2378//2378
f 2404//2404 2301//2301 2426//2426
f 2383//2383 2419//2419 2498//2498
f 2587//2587 2387//2387 2449//2449
f 2387//2387 2587//2587 2522//2522
f 2522//2522 2388//2388 2387//2387
f 2522//2522 2502//2502 2336//2336
f 2498//2498 2419//2419 2529//2529
f 2402//2402 2460//2460 2458//2458
f 2402//2402 2547//2547 2460//2460
f 2887//2887 2833//2833 2835//2835
f 2514//2514 2769//2769 2832//2832
f 2769//2769 2744//2744 2833//2833
f 2834//2834 2519//2519 2772//2772
f 2889//2889 2779//2779 2866//2866
f 2866//2866 3039//3039 2889//2889
f 2961//2961 2929//2929 2766//2766
f 2828//2828 2766//2766 2968//2968
f 3217//3217 3050//3050 3168//3168
f 3257//3257 3050//3050 3217//3217
f 3178//3178 3126//3126 3046//3046
f 3192//3192 3218//3218 3314//3314
f 3213//3213 3192//3192 3314//3314
f 3314//3314 3283//3283 3213//3213
f 3204//3204 3213//3213 3283//3283
f 3427//3427 3214//3214 3279//3279
f 3218//3218 3345//3345 3314//3314
f 3285//3285 3283//3283 3307//3307
f 3159//3159 3285//3285 3464//3464
f 3339//3339 3159//3159 3464//3464
f 3306//3306 3374//3374 3343//3343
f 3374//3374 3426//3426 3343//3343
f 3587//3587 3594//3594 3529//3529
f 3529//3529 3504//3504 3758//3758
f 3801//3801 3771//3771 3781//3781
f 3801//3801 3781//3781 3804//3804
f 3721//3721 3807//3807 3804//3804
f 3875//3875 3935//3935 3941//3941
f 152//152 164//164 131//131
f 126//126 97//97 163//163
f 97//97 121//121 168//168
f 175//175 218//218 116//116
f 404//404 310//310 251//251
f 271//271 404//404 251//251
f 253//253 254//254 325//325
f 283//283 204//204 430//430
f 688//688 713//713 541//541
f 653//653 635//635 541//541
f 542//542 688//688 541//541
f 653//653 656//656 635//635
f 507//507 635//635 656//656
f 673//673 612//612 600//600
f 656//656 632//632 507//507
f 674//674 554//554 630//630
f 682//682 649//649 626//626
f 649//649 682//682 624//624
f 686//686 624//624 682//682
f 669//669 686//686 682//682
f 888//888 836//836 756//756
f 784//784 630//630 962//962
f 962//962 989//989 784//784
f 832//832 888//888 756//756
f 1130//1130 1153//1153 1193//1193
f 1130//1130 1023//1023 1153//1153
f 1201//1201 837//837 1196//1196
f 1196//1196 837//837 1392//1392
f 1194//1194 1165//1165 1416//1416
f 1165//1165 1061//1061 1416//1416
f 1219//1219 1128//1128 1314//1314
f 1387//1387 1254//1254 1306//1306
f 1254//1254 1387//1387 1388//1388
f 1508//1508 1250//1250 1263//1263
f 1508//1508 1263//1263 1409//1409
f 1435//1435 1439//1439 1353//1353
f 1435//1435 1539//1539 1439//1439
f 1432//1432 1433//1433 1386//1386
f 974//974 1560//1560 1656//1656
f 1709//1709 1667//1667 1583//1583
f 1709//1709 1584//1584 1755//1755
f 1709//1709 1583//1583 1584//1584
f 1755//1755 1579//1579 1714//1714
f 1584//1584 1579//1579 1755//1755
f 1714//1714 1579//1579 1553//1553
f 1731//1731 1178//1178 1642//1642
f 1725//1725 1660//1660 1851//1851
f 1725//1725 1825//1825 1694//1694
f 1725//1725 1851//1851 1825//1825
f 1996//1996 2044//2044 1971//1971
f 1944//1944 2029//2029 1975//1975
f 1762//1762 1913//1913 1996//1996
f 1996//1996 1913//1913 2026//2026
f 2057//2057 1919//1919 2064//2064
f 2202//2202 2004//2004 2220//2220
f 2319//2319 2173//2173 2158//2158
f 2123//2123 2173//2173 2319//2319
f 2183//2183 2234//2234 2114//2114
f 2398//2398 2123//2123 2319//2319
f 2237//2237 2123//2123 2398//2398
f 2277//2277 2310//2310 2370//2370
f 2291//2291 2316//2316 2350//2350
f 2337//2337 2296//2296 2291//2291
f 2398//2398 2319//2319 2345//2345
f 2350//2350 2364//2364 2336//2336
f 2350//2350 2316//2316 2364//2364
f 2369//2369 2180//2180 2540//2540
f 2625//2625 2676//2676 2171//2171
f 2616//2616 2423//2423 2672//2672
f 2616//2616 2509//2509 2423//2423
f 2558//2558 2553//2553 2633//2633
f 2667//2667 2472//2472 2739//2739
f 2693//2693 2549//2549 2503//2503
f 2693//2693 2695//2695 2549//2549
f 2886//2886 2961//2961 2746//2746
f 2828//2828 2558//2558 2766//2766
f 2693//2693 3099//3099 2883//2883
f 2978//2978 2979//2979 2841//2841
f 3040//3040 2966//2966 2783//2783
f 2942//2942 2830//2830 2898//2898
f 2830//2830 2958//2958 2775//2775
f 3027//3027 3008//3008 2950//2950
f 3052//3052 2972//2972 2760//2760
f 2972//2972 3000//3000 2905//2905
f 2870//2870 3081//3081 2910//2910
f 3292//3292 3136//3136 3172//3172
f 3183//3183 3136//3136 3292//3292
f 3323//3323 3194//3194 3255//3255
f 3255//3255 2933//2933 3057//3057
f 3305//3305 3217//3217 3350//3350
f 3257//3257 3217//3217 3305//3305
f 3305//3305 3221//3221 3257//3257
f 3461//3461 3478//3478 3429//3429
f 3429//3429 3434//3434 3461//3461
f 3461//3461 3431//3431 3510//3510
f 3510//3510 3431//3431 3406//3406
f 3431//3431 3461//3461 3434//3434
f 3358//3358 3434//3434 3388//3388
f 3485//3485 3434//3434 3358//3358
f 3705//3705 3588//3588 3694//3694
f 3705//3705 3528//3528 3588//3588
f 3705//3705 3597//3597 3528//3528
f 3785//3785 3834//3834 3784//3784
f 3788//3788 3812//3812 3797//3797
f 3767//3767 3788//3788 3797//3797
f 27//27 38//38 14//14
f 15//15 14//14 73//73
f 43//43 15//15 73//73
f 63//63 164//164 125//125
f 252//252 339//339 615//615
f 252//252 615//615 524//524
f 426//426 456//456 415//415
f 519//519 399//399 421//421
f 519//519 469//469 399//399
f 652//652 571//571 557//557
f 738//738 755//755 715//715
f 728//728 738//738 715//715
f 765//765 725//725 634//634
f 1141//1141 1121//1121 1097//1097
f 1121//1121 1150//1150 1113//1113
f 1141//1141 1122//1122 1121//1121
f 1150//1150 1121//1121 1122//1122
f 1150//1150 1122//1122 1161//1161
f 1042//1042 1134//1134 1317//1317
f 1127//1127 1045//1045 1175//1175
f 1084//1084 1045//1045 1127//1127
f 1139//1139 1034//1034 1093//1093
f 1241//1241 1202//1202 1187//1187
f 1095//1095 1210//1210 1207//1207
f 1288//1288 1278//1278 1285//1285
f 1521//1521 1598//1598 1815//1815
f 1714//1714 1565//1565 1651//1651
f 1704//1704 1666//1666 1552//1552
f 1704//1704 1705//1705 1666//1666
f 1557//1557 1510//1510 1748//1748
f 1748//1748 1704//1704 1557//1557
f 1707//1707 1752//1752 1698//1698
f 1698//1698 1752//1752 1676//1676
f 1676//1676 1752//1752 1662//1662
f 1752//1752 1699//1699 1662//1662
f 1826//1826 1702//1702 1701//1701
f 1756//1756 1699//1699 1788//1788
f 2117//2117 2074//2074 2145//2145
f 2086//2086 2121//2121 2120//2120
f 2113//2113 2017//2017 2050//2050
f 2184//2184 2087//2087 2044//2044
f 2163//2163 2320//2320 2417//2417
f 2320//2320 2300//2300 2412//2412
f 2412//2412 2311//2311 2367//2367
f 2412//2412 2300//2300 2311//2311
f 2373//2373 2367//2367 2311//2311
f 2314//2314 2367//2367 2373//2373
f 2336//2336 2388//2388 2522//2522
f 2529//2529 2419//2419 2343//2343
f 2562//2562 2740//2740 2341//2341
f 2532//2532 2341//2341 2448//2448
f 2532//2532 2562//2562 2341//2341
f 2532//2532 2448//2448 2536//2536
f 2451//2451 2493//2493 2594//2594
f 2545//2545 2493//2493 2451//2451
f 2493//2493 2494//2494 2333//2333
f 2493//2493 2470//2470 2494//2494
f 2531//2531 2552//2552 2351//2351
f 2531//2531 2504//2504 2554//2554
f 2504//2504 2422//2422 2566//2566
f 2517//2517 2704//2704 2559//2559
f 2622//2622 2518//2518 2644//2644
f 2623//2623 2520//2520 2668//2668
f 2520//2520 2548//2548 2668//2668
f 2668//2668 2548//2548 2682//2682
f 2548//2548 2648//2648 2682//2682
f 2664//2664 2641//2641 2649//2649
f 2641//2641 2664//2664 2603//2603
f 2652//2652 2614//2614 2783//2783
f 2738//2738 2607//2607 2603//2603
f 2963//2963 2956//2956 2627//2627
f 2727//2727 2599//2599 3045//3045
f 2954//2954 2852//2852 2810//2810
f 3109//3109 2958//2958 3093//3093
f 3109//3109 2976//2976 3006//3006
f 3262//3262 3266//3266 3375//3375
f 3496//3496 3456//3456 3410//3410
f 3518//3518 3456//3456 3489//3489
f 3640//3640 3444//3444 3478//3478
f 3495//3495 3640//3640 3478//3478
f 3598//3598 3495//3495 3461//3461
f 3495//3495 3478//3478 3461//3461
f 3602//3602 3502//3502 3514//3514
f 3566//3566 3602//3602 3514//3514
f 3372//3372 3502//3502 3673//3673
f 3673//3673 3644//3644 3372//3372
f 3578//3578 3577//3577 3534//3534
f 3576//3576 3534//3534 3577//3577
f 3431//3431 3531//3531 3696//3696
f 3649//3649 3527//3527 3613//3613
f 3667//3667 3736//3736 3610//3610
f 3625//3625 3789//3789 3854//3854
f 3773//3773 3688//3688 3843//3843
f 3897//3897 3866//3866 3847//3847
f 3887//3887 3874//3874 3925//3925
f 3925//3925 3898//3898 3916//3916
f 3916//3916 3887//3887 3925//3925
f 191//191 374//374 151//151
f 149//149 235//235 223//223
f 235//235 149//149 224//224
f 169//169 177//177 302//302
f 302//302 258//258 206//206
f 205//205 206//206 258//258
f 273//273 206//206 210//210
f 285//285 295//295 194//194
f 303//303 285//285 257//257
f 655//655 676//676 754//754
f 657//657 544//544 655//655
f 655//655 690//690 657//657
f 661//661 599//599 628//628
f 732//732 576//576 678//678
f 736//736 817//817 794//794
f 736//736 802//802 857//857
f 827//827 691//691 904//904
f 867//867 892//892 808//808
f 892//892 698//698 808//808
f 920//920 856//856 843//843
f 815//815 920//920 843//843
f 956//956 951//951 878//878
f 951//951 898//898 878//878
f 898//898 959//959 878//878
f 748//748 770//770 824//824
f 1000//1000 926//926 922//922
f 1155//1155 1198//1198 1043//1043
f 1274//1274 1138//1138 1343//1343
f 1367//1367 1514//1514 1226//1226
f 1442//1442 1367//1367 1373//1373
f 1396//1396 1487//1487 1442//1442
f 1396//1396 1442//1442 1400//1400
f 1640//1640 1385//1385 1376//1376
f 1640//1640 1376//1376 1528//1528
f 1435//1435 1559//1559 1539//1539
f 1564//1564 1539//1539 1559//1559
f 1528//1528 1497//1497 1608//1608
f 1668//1668 1482//1482 1585//1585
f 1619//1619 1574//1574 1586//1586
f 1829//1829 1856//1856 1789//1789
f 1798//1798 1790//1790 1830//1830
f 1596//1596 1798//1798 1906//1906
f 1830//1830 1789//1789 1856//1856
f 1830//1830 1790//1790 1789//1789
f 1731//1731 1791//1791 1773//1773
f 1844//1844 1773//1773 1791//1791
f 2391//2391 2221//2221 2197//2197
f 2376//2376 2332//2332 2254//2254
f 2332//2332 2286//2286 2254//2254
f 2286//2286 2207//2207 2254//2254
f 2555//2555 2576//2576 2412//2412
f 2555//2555 2440//2440 2384//2384
f 2384//2384 2436//2436 2457//2457
f 2582//2582 2457//2457 2436//2436
f 2978//2978 2841//2841 2721//2721
f 3035//3035 2760//2760 2825//2825
f 2991//2991 2707//2707 2757//2757
f 3049//3049 3033//3033 2777//2777
f 3144//3144 3154//3154 3004//3004
f 3555//3555 3356//3356 3385//3385
f 3276//3276 3356//3356 3555//3555
f 3558//3558 3276//3276 3555//3555
f 3482//3482 3499//3499 3382//3382
f 3414//3414 3516//3516 3515//3515
f 3556//3556 3541//3541 3350//3350
f 3462//3462 3556//3556 3341//3341
f 3423//3423 3473//3473 3420//3420
f 3473//3473 3399//3399 3420//3420
f 3473//3473 3402//3402 3399//3399
f 3656//3656 3699//3699 3761//3761
f 3761//3761 3737//3737 3656//3656
f 3737//3737 3660//3660 3656//3656
f 3737//3737 3732//3732 3660//3660
f 3712//3712 3732//3732 3737//3737
f 3868//3868 3846//3846 3824//3824
f 24//24 22//22 71//71
f 11//11 41//41 3//3
f 44//44 6//6 41//41
f 6//6 3//3 41//41
f 3//3 6//6 21//21
f 176//176 149//149 223//223
f 255//255 173//173 215//215
f 255//255 256//256 173//173
f 561//561 428//428 521//521
f 525//525 584//584 452//452
f 584//584 490//490 452//452
f 521//521 428//428 490//490
f 423//423 525//525 473//473
f 468//468 423//423 473//473
f 468//468 473//473 534//534
f 468//468 534//534 535//535
f 525//525 452//452 473//473
f 672//672 580//580 638//638
f 638//638 580//580 585//585
f 638//638 585//585 591//591
f 506//506 610//610 585//585
f 610//610 591//591 585//585
f 796//796 786//786 848//848
f 776//776 786//786 796//796
f 744//744 776//776 872//872
f 1290//1290 931//931 1133//1133
f 1145//1145 1009//1009 1114//1114
f 1110//1110 1154//1154 1114//1114
f 1145//1145 1114//1114 1081//1081
f 1087//1087 1321//1321 1151//1151
f 1044//1044 993//993 1250//1250
f 1250//1250 1305//1305 1044//1044
f 1229//1229 1208//1208 1168//1168
f 1463//1463 1155//1155 1185//1185
f 1228//1228 1284//1284 1241//1241
f 1241//1241 1246//1246 1228//1228
f 1228//1228 1246//1246 1248//1248
f 1234//1234 1248//1248 1246//1246
f 1228//1228 1174//1174 1176//1176
f 1228//1228 1248//1248 1174//1174
f 1195//1195 1248//1248 1234//1234
f 1295//1295 1246//1246 1207//1207
f 1246//1246 1295//1295 1234//1234
f 1232//1232 1257//1257 1406//1406
f 1370//1370 1406//1406 1257//1257
f 1501//1501 1398//1398 1445//1445
f 1378//1378 1134//1134 1273//1273
f 1573//1573 1359//1359 1471//1471
f 1385//1385 1316//1316 1376//1376
f 1562//1562 1415//1415 1730//1730
f 1587//1587 1532//1532 1550//1550
f 1524//1524 1468//1468 1650//1650
f 1671//1671 1558//1558 1582//1582
f 1657//1657 1671//1671 1582//1582
f 1992//1992 2046//2046 2134//2134
f 2075//2075 2134//2134 2046//2046
f 2097//2097 2046//2046 2023//2023
f 2186//2186 2187//2187 2000//2000
f 2187//2187 2088//2088 2000//2000
f 2104//2104 2014//2014 2157//2157
f 2016//2016 2157//2157 2014//2014
f 2016//2016 2040//2040 2196//2196
f 2196//2196 2238//2238 2016//2016
f 2080//2080 2021//2021 2138//2138
f 2230//2230 2279//2279 2192//2192
f 2192//2192 2473//2473 2155//2155
f 2222//2222 2155//2155 2473//2473
f 2230//2230 2280//2280 2328//2328
f 2351//2351 2354//2354 2422//2422
f 2422//2422 2504//2504 2351//2351
f 2305//2305 2462//2462 2422//2422
f 2354//2354 2305//2305 2422//2422
f 2964//2964 2524//2524 2944//2944
f 3006//3006 2976//2976 2938//2938
f 3100//3100 3040//3040 2935//2935
f 2974//2974 2935//2935 2983//2983
f 2974//2974 2983//2983 2976//2976
f 2994//2994 2986//2986 2985//2985
f 2994//2994 2928//2928 2986//2986
f 3023//3023 3127//3127 3096//3096
f 3085//3085 3023//3023 3096//3096
f 3044//3044 2973//2973 3016//3016
f 2957//2957 2939//2939 3133//3133
f 3216//3216 3118//3118 3119//3119
f 3216//3216 2993//2993 3118//3118
f 3256//3256 3168//3168 3185//3185
f 3244//3244 3155//3155 3216//3216
f 3157//3157 3155//3155 3219//3219
f 3125//3125 3219//3219 3223//3223
f 3211//3211 3125//3125 3223//3223
f 3269//3269 3108//3108 3179//3179
f 3171//3171 3229//3229 3179//3179
f 3151//3151 3222//3222 3295//3295
f 3295//3295 3222//3222 3293//3293
f 3322//3322 3198//3198 3254//3254
f 3492//3492 3243//3243 3323//3323
f 3412//3412 3243//3243 3492//3492
f 3354//3354 3296//3296 3281//3281
f 3312//3312 3371//3371 3330//3330
f 3373//3373 3212//3212 3362//3362
f 3371//3371 3312//3312 3373//3373
f 3453//3453 3371//3371 3373//3373
f 3565//3565 3428//3428 3336//3336
f 3447//3447 3345//3345 3517//3517
f 3650//3650 3666//3666 3670//3670
f 3650//3650 3616//3616 3666//3666
f 3708//3708 3774//3774 3635//3635
f 3672//3672 3625//3625 3745//3745
f 3762//3762 3573//3573 3754//3754
f 3796//3796 3865//3865 3795//3795
f 3808//3808 3865//3865 3796//3796
f 3838//3838 3839//3839 3820//3820
f 3820//3820 3813//3813 3814//3814
f 3952//3952 3884//3884 3933//3933
f 3891//3891 3933//3933 3918//3918
f 3943//3943 3909//3909 3954//3954
f 3943//3943 3911//3911 3909//3909
f 3911//3911 3943//3943 3912//3912
f 3954//3954 3889//3889 3945//3945
f 3945//3945 3889//3889 3914//3914
f 3914//3914 3959//3959 3945//3945
f 3959//3959 3914//3914 3949//3949
f 90//90 7//7 26//26
f 80//80 94//94 153//153
f 85//85 80//80 117//117
f 150//150 130//130 84//84
f 119//119 84//84 108//108
f 119//119 150//150 84//84
f 333//333 432//432 474//474
f 330//330 432//432 333//333
f 465//465 451//451 357//357
f 501//501 413//413 451//451
f 418//418 334//334 375//375
f 427//427 392//392 390//390
f 407//407 495//495 466//466
f 464//464 477//477 590//590
f 509//509 382//382 511//511
f 472//472 511//511 382//382
f 472//472 420//420 514//514
f 420//420 457//457 514//514
f 679//679 659//659 721//721
f 654//654 625//625 728//728
f 705//705 654//654 728//728
f 1225//1225 1166//1166 1072//1072
f 1364//1364 1225//1225 1072//1072
f 1364//1364 1072//1072 1198//1198
f 1302//1302 1262//1262 1395//1395
f 1252//1252 1293//1293 1366//1366
f 1366//1366 1293//1293 1260//1260
f 1189//1189 1211//1211 1375//1375
f 1189//1189 1467//1467 1472//1472
f 1896//1896 1766//1766 1692//1692
f 1692//1692 1872//1872 1896//1896
f 1739//1739 1738//1738 1814//1814
f 1781//1781 1739//1739 1814//1814
f 1781//1781 1883//1883 1741//1741
f 1848//1848 1849//1849 1814//1814
f 1850//1850 1814//1814 1849//1849
f 1781//1781 1850//1850 1883//1883
f 1835//1835 1818//1818 1972//1972
f 1972//1972 1925//1925 2038//2038
f 2176//2176 2262//2262 2037//2037
f 1881//1881 2041//2041 2004//2004
f 2105//2105 2037//2037 2262//2262
f 1988//1988 2022//2022 2218//2218
f 2218//2218 2071//2071 1988//1988
f 2079//2079 2082//2082 2156//2156
f 2142//2142 2156//2156 2082//2082
f 2080//2080 2138//2138 2676//2676
f 2194//2194 2080//2080 2676//2676
f 2260//2260 2068//2068 2194//2194
f 2211//2211 2198//2198 2310//2310
f 2310//2310 2198//2198 2267//2267
f 2288//2288 2128//2128 2383//2383
f 2298//2298 2188//2188 2295//2295
f 2309//2309 2188//2188 2298//2298
f 2477//2477 2478//2478 2516//2516
f 2475//2475 2297//2297 2601//2601
f 2625//2625 2171//2171 2475//2475
f 2397//2397 2740//2740 2678//2678
f 2672//2672 2573//2573 2718//2718
f 2867//2867 2718//2718 2573//2573
f 2678//2678 2867//2867 2573//2573
f 2943//2943 2867//2867 2678//2678
f 2944//2944 2598//2598 2818//2818
f 2956//2956 3054//3054 3055//3055
f 2952//2952 2930//2930 3031//3031
f 3031//3031 3030//3030 3094//3094
f 3031//3031 2930//2930 3030//3030
f 3031//3031 3095//3095 2952//2952
f 3118//3118 2978//2978 3095//3095
f 3081//3081 3150//3150 3181//3181
f 3249//3249 3129//3129 3181//3181
f 3215//3215 3166//3166 3098//3098
f 3182//3182 3166//3166 3215//3215
f 3098//3098 3298//3298 3215//3215
f 3389//3389 3248//3248 3313//3313
f 3418//3418 3292//3292 3289//3289
f 3333//3333 3281//3281 3292//3292
f 3281//3281 3258//3258 3292//3292
f 3281//3281 3296//3296 3258//3258
f 3296//3296 3275//3275 3258//3258
f 3308//3308 3351//3351 3388//3388
f 3284//3284 3351//3351 3297//3297
f 3293//3293 3355//3355 3465//3465
f 3262//3262 3375//3375 3416//3416
f 3416//3416 3355//3355 3262//3262
f 3375//3375 3266//3266 3387//3387
f 3636//3636 3392//3392 3532//3532
f 3591//3591 3605//3605 3523//3523
f 3605//3605 3484//3484 3523//3523
f 3523//3523 3484//3484 3404//3404
f 3523//3523 3450//3450 3591//3591
f 3540//3540 3674//3674 3452//3452
f 3674//3674 3450//3450 3452//3452
f 3492//3492 3601//3601 3540//3540
f 3544//3544 3494//3494 3446//3446
f 3544//3544 3525//3525 3494//3494
f 3574//3574 3592//3592 3482//3482
f 3599//3599 3574//3574 3515//3515
f 3574//3574 3599//3599 3710//3710
f 3583//3583 3710//3710 3599//3599
f 3599//3599 3541//3541 3583//3583
f 3556//3556 3462//3462 3585//3585
f 3706//3706 3673//3673 3722//3722
f 3726//3726 3623//3623 3648//3648
f 3726//3726 3768//3768 3623//3623
f 3748//3748 3831//3831 3759//3759
f 3889//3889 3902//3902 3807//3807
f 3889//3889 3807//3807 3845//3845
f 3856//3856 3792//3792 3896//3896
f 3859//3859 3877//3877 3754//3754
f 3877//3877 3863//3863 3754//3754
f 3816//3816 3762//3762 3863//3863
f 36//36 50//50 5//5
f 5//5 1//1 36//36
f 1//1 5//5 7//7
f 7//7 16//16 1//1
f 1//1 16//16 49//49
f 28//28 13//13 21//21
f 92//92 37//37 9//9
f 21//21 6//6 110//110
f 136//136 148//148 21//21
f 151//151 55//55 191//191
f 134//134 191//191 113//113
f 191//191 55//55 113//113
f 279//279 171//171 353//353
f 221//221 171//171 279//279
f 268//268 291//291 345//345
f 291//291 223//223 345//345
f 389//389 180//180 278//278
f 181//181 132//132 287//287
f 318//318 245//245 383//383
f 476//476 325//325 318//318
f 253//253 325//325 358//358
f 408//408 276//276 373//373
f 420//420 382//382 324//324
f 324//324 273//273 457//457
f 492//492 504//504 458//458
f 492//492 458//458 588//588
f 556//556 470//470 451//451
f 458//458 418//418 588//588
f 588//588 418//418 461//461
f 550//550 488//488 603//603
f 499//499 559//559 502//502
f 502//502 529//529 499//499
f 603//603 502//502 559//559
f 699//699 640//640 730//730
f 765//765 715//715 755//755
f 765//765 703//703 715//715
f 759//759 662//662 769//769
f 769//769 718//718 740//740
f 718//718 627//627 823//823
f 823//823 740//740 718//718
f 627//627 714//714 823//823
f 920//920 933//933 906//906
f 976//976 908//908 1035//1035
f 1026//1026 822//822 976//976
f 942//942 856//856 875//875
f 976//976 981//981 1026//1026
f 1023//1023 1146//1146 1153//1153
f 1253//1253 1052//1052 1215//1215
f 1215//1215 1052//1052 1341//1341
f 1341//1341 1052//1052 1083//1083
f 1342//1342 1202//1202 1241//1241
f 1342//1342 1241//1241 1284//1284
f 1241//1241 1187//1187 1246//1246
f 1398//1398 1167//1167 1287//1287
f 1398//1398 1370//1370 1167//1167
f 1291//1291 1398//1398 1287//1287
f 1133//1133 971//971 1249//1249
f 1440//1440 1281//1281 1277//1277
f 1259//1259 1440//1440 1277//1277
f 1383//1383 1129//1129 1281//1281
f 1383//1383 1352//1352 1129//1129
f 1358//1358 1270//1270 1226//1226
f 1224//1224 1443//1443 1143//1143
f 1443//1443 1396//1396 1310//1310
f 1339//1339 1310//1310 1396//1396
f 1529//1529 1500//1500 1502//1502
f 1529//1529 1502//1502 1460//1460
f 1445//1445 1495//1495 1460//1460
f 1328//1328 1232//1232 1543//1543
f 1406//1406 1500//1500 1543//1543
f 1501//1501 1502//1502 1500//1500
f 1634//1634 1604//1604 1546//1546
f 1604//1604 1559//1559 1546//1546
f 1604//1604 1713//1713 1559//1559
f 1713//1713 1564//1564 1559//1559
f 1792//1792 1515//1515 1661//1661
f 1713//1713 1661//1661 1564//1564
f 1661//1661 1515//1515 1564//1564
f 1809//1809 1883//1883 1938//1938
f 1883//1883 1850//1850 1958//1958
f 1901//1901 1982//1982 1894//1894
f 1631//1631 1918//1918 1977//1977
f 1867//1867 1631//1631 1977//1977
f 1940//1940 1867//1867 1977//1977
f 1849//1849 1848//1848 1931//1931
f 1994//1994 2038//2038 1925//1925
f 1925//1925 1930//1930 1994//1994
f 1959//1959 1994//1994 1866//1866
f 1993//1993 2094//2094 1997//1997
f 2073//2073 1990//1990 1988//1988
f 2015//2015 1990//1990 2076//2076
f 2076//2076 2053//2053 2015//2015
f 2024//2024 2015//2015 2053//2053
f 2022//2022 1991//1991 2079//2079
f 2053//2053 2089//2089 2024//2024
f 1961//1961 2024//2024 2089//2089
f 2130//2130 2114//2114 2234//2234
f 2245//2245 2239//2239 2135//2135
f 2135//2135 2118//2118 2245//2245
f 2237//2237 2108//2108 2123//2123
f 2213//2213 2048//2048 2169//2169
f 2385//2385 2220//2220 2004//2004
f 2004//2004 2041//2041 2385//2385
f 2403//2403 2339//2339 2534//2534
f 2339//2339 2511//2511 2534//2534
f 2353//2353 2511//2511 2339//2339
f 2586//2586 2483//2483 2584//2584
f 2559//2559 2584//2584 2544//2544
f 2523//2523 2572//2572 2471//2471
f 2653//2653 2417//2417 2576//2576
f 2797//2797 2763//2763 2513//2513
f 2609//2609 2513//2513 2847//2847
f 2774//2774 2575//2575 2469//2469
f 2713//2713 2575//2575 2774//2774
f 2847//2847 2582//2582 2800//2800
f 2618//2618 2916//2916 2602//2602
f 3051//3051 2516//2516 2853//2853
f 2772//2772 2859//2859 2834//2834
f 2919//2919 2859//2859 2772//2772
f 2863//2863 2866//2866 2779//2779
f 2922//2922 2889//2889 3039//3039
f 2857//2857 2903//2903 2912//2912
f 2818//2818 3042//3042 2995//2995
f 3128//3128 3026//3026 2955//2955
f 2977//2977 2861//2861 3061//3061
f 3061//3061 2861//2861 3019//3019
f 2962//2962 2674//2674 3065//3065
f 3129//3129 3117//3117 2910//2910
f 3145//3145 3162//3162 3076//3076
f 3162//3162 3147//3147 3076//3076
f 3107//3107 3090//3090 3254//3254
f 3174//3174 3121//3121 3267//3267
f 3254//3254 3198//3198 3107//3107
f 3322//3322 3189//3189 3198//3198
f 3228//3228 3121//3121 3091//3091
f 3156//3156 3228//3228 3091//3091
f 3344//3344 3225//3225 3294//3294
f 3294//3294 3249//3249 3316//3316
f 3369//3369 3303//3303 3417//3417
f 3369//3369 3360//3360 3303//3303
f 3318//3318 3360//3360 3433//3433
f 3433//3433 3479//3479 3318//3318
f 3479//3479 3341//3341 3318//3318
f 3408//3408 3211//3211 3395//3395
f 3211//3211 3223//3223 3395//3395
f 3503//3503 3517//3517 3642//3642
f 3447//3447 3517//3517 3503//3503
f 3454//3454 3307//3307 3634//3634
f 3581//3581 3582//3582 3691//3691
f 3851//3851 3795//3795 3865//3865
f 3851//3851 3836//3836 3795//3795
f 3836//3836 3817//3817 3795//3795
f 3831//3831 3869//3869 3928//3928
f 3869//3869 3831//3831 3798//3798
f 3822//3822 3869//3869 3798//3798
f 3838//3838 3869//3869 3839//3839
f 3869//3869 3822//3822 3839//3839
f 3820//3820 3814//3814 3861//3861
f 3838//3838 3820//3820 3861//3861
f 3857//3857 3938//3938 3745//3745
f 3908//3908 3862//3862 3950//3950
f 3908//3908 3800//3800 3862//3862
f 3938//3938 3882//3882 3840//3840
f 3938//3938 3840//3840 3745//3745
f 239//239 262//262 212//212
f 239//239 245//245 262//262
f 251//251 220//220 263//263
f 321//321 239//239 267//267
f 267//267 239//239 329//329
f 212//212 329//329 239//239
f 372//372 169//169 302//302
f 603//603 488//488 480//480
f 488//488 481//481 480//480
f 488//488 550//550 553//553
f 533//533 410//410 553//553
f 391//391 499//499 529//529
f 603//603 480//480 502//502
f 391//391 529//529 536//536
f 529//529 502//502 536//536
f 391//391 536//536 530//530
f 735//735 602//602 615//615
f 659//659 602//602 735//735
f 668//668 625//625 679//679
f 809//809 737//737 950//950
f 775//775 809//809 825//825
f 801//801 903//903 975//975
f 830//830 903//903 801//801
f 801//801 975//975 821//821
f 870//870 910//910 803//803
f 1198//1198 921//921 1043//1043
f 968//968 888//888 929//929
f 1020//1020 836//836 968//968
f 968//968 836//836 888//888
f 1199//1199 962//962 1020//1020
f 993//993 810//810 959//959
f 811//811 810//810 993//993
f 956//956 948//948 951//951
f 1083//1083 998//998 915//915
f 1573//1573 1363//1363 1359//1359
f 1376//1376 1371//1371 1528//1528
f 1479//1479 1413//1413 1523//1523
f 1442//1442 1547//1547 1367//1367
f 1547//1547 1514//1514 1367//1367
f 1548//1548 1473//1473 1610//1610
f 1473//1473 1548//1548 1526//1526
f 1615//1615 1647//1647 1500//1500
f 1595//1595 1554//1554 1592//1592
f 1627//1627 1652//1652 1633//1633
f 1987//1987 1693//1693 1993//1993
f 1987//1987 1933//1933 1693//1693
f 1816//1816 1763//1763 1866//1866
f 1902//1902 1854//1854 1879//1879
f 1902//1902 1817//1817 1854//1854
f 1940//1940 1977//1977 2080//2080
f 2194//2194 1940//1940 2080//2080
f 2078//2078 2007//2007 2096//2096
f 2007//2007 1948//1948 2096//2096
f 1948//1948 2027//2027 2096//2096
f 2280//2280 2184//2184 2185//2185
f 2338//2338 2115//2115 2222//2222
f 2564//2564 2585//2585 2546//2546
f 2546//2546 2589//2589 2564//2564
f 2564//2564 2589//2589 2569//2569
f 2569//2569 2589//2589 2511//2511
f 2604//2604 2569//2569 2511//2511
f 2833//2833 2456//2456 2835//2835
f 2833//2833 2744//2744 2635//2635
f 2769//2769 2657//2657 2744//2744
f 2744//2744 2657//2657 2697//2697
f 2730//2730 2690//2690 2856//2856
f 2734//2734 2535//2535 2826//2826
f 2742//2742 2821//2821 2844//2844
f 2783//2783 2785//2785 2652//2652
f 2783//2783 2966//2966 2785//2785
f 2860//2860 2841//2841 2979//2979
f 2860//2860 2898//2898 2781//2781
f 2898//2898 2603//2603 2781//2781
f 2830//2830 2603//2603 2898//2898
f 2991//2991 2981//2981 2707//2707
f 3101//3101 3069//3069 3184//3184
f 3322//3322 3415//3415 3566//3566
f 3342//3342 3385//3385 3356//3356
f 3438//3438 3385//3385 3331//3331
f 3501//3501 3524//3524 3290//3290
f 3404//3404 3484//3484 3306//3306
f 3404//3404 3377//3377 3389//3389
f 3333//3333 3378//3378 3421//3421
f 3413//3413 3445//3445 3594//3594
f 3445//3445 3552//3552 3594//3594
f 3413//3413 3594//3594 3587//3587
f 3707//3707 3602//3602 3587//3587
f 3810//3810 3827//3827 3847//3847
f 3849//3849 3847//3847 3827//3827
f 3827//3827 3829//3829 3849//3849
f 3849//3849 3829//3829 3771//3771
f 3896//3896 3792//3792 3716//3716
f 3849//3849 3771//3771 3844//3844
f 113//113 93//93 99//99
f 113//113 57//57 93//93
f 99//99 93//93 83//83
f 99//99 83//83 102//102
f 102//102 83//83 128//128
f 66//66 102//102 128//128
f 91//91 58//58 69//69
f 198//198 66//66 128//128
f 198//198 61//61 66//66
f 136//136 21//21 110//110
f 179//179 103//103 33//33
f 179//179 260//260 103//103
f 117//117 80//80 229//229
f 154//154 359//359 168//168
f 154//154 284//284 359//359
f 242//242 125//125 220//220
f 222//222 125//125 242//242
f 142//142 181//181 351//351
f 351//351 289//289 142//142
f 351//351 434//434 289//289
f 340//340 347//347 289//289
f 347//347 309//309 289//289
f 309//309 219//219 289//289
f 367//367 309//309 365//365
f 347//347 365//365 309//309
f 181//181 287//287 351//351
f 419//419 441//441 503//503
f 393//393 395//395 397//397
f 380//380 354//354 386//386
f 388//388 313//313 305//305
f 446//446 432//432 448//448
f 437//437 340//340 431//431
f 478//478 437//437 431//431
f 437//437 479//479 398//398
f 600//600 372//372 509//509
f 600//600 376//376 372//372
f 411//411 462//462 507//507
f 900//900 819//819 893//893
f 989//989 982//982 792//792
f 770//770 804//804 1058//1058
f 993//993 911//911 811//811
f 882//882 911//911 957//957
f 914//914 886//886 913//913
f 899//899 886//886 914//914
f 990//990 995//995 997//997
f 997//997 827//827 1179//1179
f 1005//1005 816//816 887//887
f 1005//1005 895//895 816//816
f 827//827 904//904 1018//1018
f 960//960 857//857 802//802
f 930//930 1137//1137 1032//1032
f 1137//1137 930//930 1037//1037
f 1042//1042 860//860 934//934
f 1279//1279 1295//1295 1207//1207
f 1295//1295 1279//1279 1297//1297
f 1269//1269 1208//1208 1229//1229
f 1296//1296 1269//1269 1229//1229
f 1418//1418 1323//1323 1085//1085
f 1323//1323 1090//1090 1085//1085
f 1323//1323 1296//1296 1090//1090
f 1302//1302 1311//1311 1341//1341
f 1311//1311 1253//1253 1215//1215
f 1311//1311 1307//1307 1253//1253
f 1311//1311 1215//1215 1341//1341
f 1424//1424 1534//1534 1322//1322
f 1534//1534 1235//1235 1322//1322
f 1276//1276 1188//1188 1355//1355
f 1438//1438 1491//1491 1449//1449
f 1449//1449 1448//1448 1438//1438
f 1448//1448 1449//1449 1387//1387
f 1493//1493 1491//1491 1361//1361
f 1388//1388 1387//1387 1449//1449
f 1449//1449 1499//1499 1388//1388
f 1461//1461 1326//1326 1388//1388
f 1456//1456 1431//1431 1368//1368
f 1431//1431 1313//1313 1368//1368
f 1526//1526 1548//1548 1531//1531
f 1548//1548 1529//1529 1531//1531
f 1541//1541 1531//1531 1460//1460
f 1531//1531 1529//1529 1460//1460
f 1536//1536 1541//1541 1460//1460
f 1906//1906 1890//1890 1807//1807
f 1941//1941 1830//1830 1856//1856
f 1954//1954 1906//1906 1798//1798
f 1899//1899 1633//1633 1955//1955
f 1955//1955 1633//1633 1652//1652
f 2105//2105 1957//1957 2037//2037
f 1998//1998 1976//1976 2036//2036
f 1976//1976 1915//1915 2036//2036
f 1950//1950 1957//1957 2105//2105
f 2381//2381 2370//2370 2310//2310
f 2270//2270 2213//2213 2397//2397
f 2347//2347 2270//2270 2397//2397
f 2386//2386 2270//2270 2347//2347
f 2400//2400 2340//2340 2247//2247
f 2540//2540 2180//2180 2525//2525
f 2180//2180 2418//2418 2525//2525
f 2454//2454 2525//2525 2418//2418
f 2537//2537 2307//2307 2391//2391
f 2883//2883 2711//2711 2470//2470
f 2818//2818 2676//2676 2765//2765
f 2921//2921 2884//2884 2617//2617
f 2912//2912 2859//2859 2789//2789
f 2789//2789 2859//2859 2919//2919
f 2848//2848 2789//2789 2919//2919
f 2893//2893 2919//2919 2790//2790
f 2919//2919 2893//2893 2848//2848
f 2896//2896 2848//2848 2893//2893
f 2899//2899 2893//2893 2790//2790
f 2877//2877 2896//2896 2989//2989
f 2930//2930 2952//2952 2877//2877
f 3086//3086 2962//2962 3065//3065
f 3017//3017 3087//3087 3088//3088
f 3088//3088 3114//3114 3017//3017
f 3024//3024 3087//3087 3017//3017
f 3003//3003 3092//3092 2967//2967
f 2967//2967 3092//3092 2971//2971
f 2969//2969 2971//2971 3092//3092
f 3218//3218 3160//3160 3214//3214
f 3220//3220 3214//3214 3180//3180
f 3196//3196 3220//3220 3180//3180
f 3274//3274 3253//3253 3132//3132
f 3361//3361 3337//3337 3165//3165
f 3277//3277 3165//3165 3337//3337
f 3906//3906 3900//3900 3932//3932
f 3906//3906 3954//3954 3909//3909
f 3954//3954 3932//3932 3889//3889
f 3956//3956 3958//3958 3947//3947
f 3955//3955 3958//3958 3956//3956
f 3956//3956 3947//3947 3952//3952
f 3957//3957 3949//3949 3941//3941
f 3958//3958 3957//3957 3941//3941
f 64//64 62//62 63//63
f 64//64 63//63 72//72
f 34//34 64//64 65//65
f 72//72 63//63 74//74
f 53//53 74//74 63//63
f 72//72 74//74 105//105
f 74//74 55//55 105//105
f 101//101 74//74 53//53
f 55//55 74//74 101//101
f 116//116 78//78 71//71
f 24//24 71//71 78//78
f 116//116 71//71 34//34
f 224//224 149//149 193//193
f 445//445 341//341 315//315
f 378//378 315//315 319//319
f 315//315 378//378 445//445
f 280//280 378//378 319//319
f 535//535 534//534 446//446
f 535//535 446//446 586//586
f 449//449 586//586 446//446
f 449//449 446//446 448//448
f 443//443 531//531 478//478
f 555//555 479//479 478//478
f 500//500 519//519 421//421
f 614//614 540//540 577//577
f 544//544 518//518 646//646
f 512//512 454//454 567//567
f 695//695 587//587 609//609
f 664//664 455//455 587//587
f 664//664 557//557 455//455
f 710//710 547//547 639//639
f 644//644 639//639 596//596
f 644//644 596//596 636//636
f 648//648 564//564 566//566
f 636//636 685//685 644//644
f 779//779 721//721 886//886
f 1048//1048 1030//1030 1125//1125
f 1032//1032 1182//1182 1003//1003
f 1359//1359 1203//1203 1471//1471
f 1505//1505 1343//1343 1475//1475
f 1562//1562 1424//1424 1191//1191
f 1436//1436 1504//1504 1434//1434
f 1639//1639 1521//1521 1993//1993
f 1747//1747 1586//1586 1719//1719
f 1709//1709 1755//1755 1751//1751
f 1751//1751 1723//1723 1709//1709
f 1777//1777 1751//1751 1755//1755
f 1777//1777 1755//1755 1714//1714
f 1815//1815 1993//1993 1521//1521
f 1852//1852 1823//1823 1726//1726
f 1797//1797 1772//1772 1823//1823
f 1774//1774 1869//1869 1671//1671
f 1869//1869 1811//1811 1671//1671
f 1927//1927 1799//1799 1840//1840
f 1840//1840 1799//1799 1841//1841
f 1841//1841 1799//1799 1885//1885
f 1799//1799 1810//1810 1885//1885
f 1885//1885 1811//1811 1806//1806
f 1885//1885 1810//1810 1811//1811
f 1917//1917 1834//1834 1912//1912
f 1970//1970 1946//1946 1868//1868
f 1892//1892 1868//1868 1946//1946
f 1923//1923 1839//1839 1944//1944
f 1951//1951 1944//1944 1839//1839
f 1839//1839 1922//1922 1951//1951
f 1975//1975 1923//1923 1944//1944
f 1975//1975 2094//2094 1815//1815
f 2094//2094 1993//1993 1815//1815
f 2023//2023 2006//2006 2100//2100
f 2040//2040 1961//1961 2089//2089
f 2014//2014 1894//1894 2016//2016
f 2019//2019 2021//2021 1917//1917
f 2019//2019 2011//2011 2084//2084
f 2021//2021 2080//2080 1977//1977
f 2312//2312 1952//1952 2125//2125
f 2312//2312 2102//2102 1952//1952
f 2165//2165 2089//2089 2161//2161
f 2200//2200 2089//2089 2165//2165
f 2224//2224 2154//2154 2247//2247
f 2247//2247 2340//2340 2224//2224
f 2340//2340 2169//2169 2224//2224
f 2213//2213 2169//2169 2340//2340
f 2323//2323 2168//2168 2322//2322
f 2323//2323 2176//2176 2168//2168
f 2282//2282 2176//2176 2323//2323
f 2391//2391 2307//2307 2221//2221
f 2493//2493 2409//2409 2594//2594
f 2342//2342 2409//2409 2493//2493
f 2494//2494 2476//2476 2333//2333
f 2551//2551 2544//2544 2331//2331
f 2551//2551 2517//2517 2544//2544
f 2507//2507 2701//2701 2432//2432
f 2523//2523 2471//2471 2432//2432
f 2450//2450 2345//2345 2471//2471
f 2558//2558 2446//2446 2553//2553
f 2404//2404 2426//2426 2633//2633
f 2503//2503 2489//2489 2484//2484
f 2503//2503 2484//2484 2413//2413
f 2499//2499 2614//2614 2431//2431
f 2506//2506 2437//2437 2514//2514
f 2835//2835 2456//2456 2427//2427
f 2611//2611 2679//2679 2645//2645
f 2631//2631 2521//2521 2671//2671
f 2479//2479 2615//2615 2845//2845
f 2692//2692 2656//2656 2670//2670
f 2740//2740 2878//2878 2773//2773
f 2792//2792 2602//2602 2819//2819
f 2833//2833 2832//2832 2769//2769
f 2900//2900 2850//2850 2854//2854
f 2854//2854 2778//2778 3078//3078
f 3008//3008 2777//2777 2737//2737
f 2953//2953 2843//2843 3013//3013
f 3004//3004 2816//2816 2823//2823
f 3018//3018 2817//2817 2761//2761
f 2940//2940 3018//3018 2761//2761
f 2931//2931 2874//2874 2997//2997
f 2861//2861 2943//2943 3019//3019
f 3100//3100 2935//2935 2974//2974
f 2994//2994 2985//2985 2965//2965
f 3340//3340 3346//3346 3287//3287
f 3346//3346 3209//3209 3287//3287
f 3268//3268 3340//3340 3287//3287
f 3346//3346 3271//3271 3209//3209
f 3346//3346 3332//3332 3271//3271
f 3309//3309 3271//3271 3332//3332
f 3261//3261 3271//3271 3309//3309
f 3411//3411 3327//3327 3381//3381
f 3381//3381 3327//3327 3359//3359
f 3336//3336 3359//3359 3196//3196
f 3466//3466 3362//3362 3344//3344
f 3344//3344 3315//3315 3466//3466
f 3541//3541 3349//3349 3350//3350
f 3541//3541 3516//3516 3349//3349
f 3420//3420 3437//3437 3423//3423
f 3696//3696 3406//3406 3431//3431
f 3648//3648 3496//3496 3410//3410
f 3648//3648 3410//3410 3406//3406
f 3496//3496 3489//3489 3456//3456
f 3431//3431 3576//3576 3531//3531
f 3594//3594 3552//3552 3529//3529
f 3603//3603 3758//3758 3504//3504
f 3651//3651 3619//3619 3713//3713
f 3667//3667 3775//3775 3740//3740
f 3622//3622 3775//3775 3667//3667
f 3716//3716 3792//3792 3615//3615
f 3766//3766 3622//3622 3645//3645
f 3645//3645 3756//3756 3766//3766
f 3645//3645 3738//3738 3756//3756
f 3866//3866 3810//3810 3847//3847
f 3847//3847 3849//3849 3897//3897
f 3715//3715 3833//3833 3864//3864
f 3870//3870 3864//3864 3833//3833
f 3905//3905 3922//3922 3926//3926
f 3905//3905 3926//3926 3900//3900
f 3906//3906 3905//3905 3900//3900
f 3900//3900 3902//3902 3932//3932
f 3902//3902 3889//3889 3932//3932
f 3906//3906 3909//3909 3877//3877
f 3917//3917 3946//3946 3948//3948
f 3952//3952 3950//3950 3910//3910
f 3953//3953 3908//3908 3950//3950
f 3950//3950 3952//3952 3953//3953
f 3953//3953 3952//3952 3933//3933
f 138//138 160//160 23//23
f 90//90 87//87 188//188
f 89//89 91//91 203//203
f 91//91 120//120 203//203
f 226//226 82//82 198//198
f 184//184 178//178 163//163
f 202//202 152//152 192//192
f 202//202 190//190 152//152
f 240//240 235//235 224//224
f 240//240 224//224 241//241
f 241//241 224//224 230//230
f 419//419 127//127 236//236
f 127//127 419//419 261//261
f 216//216 232//232 328//328
f 232//232 238//238 288//288
f 394//394 140//140 187//187
f 230//230 211//211 248//248
f 248//248 211//211 249//249
f 249//249 211//211 264//264
f 479//479 552//552 277//277
f 552//552 304//304 277//277
f 552//552 386//386 304//304
f 552//552 518//518 386//386
f 469//469 397//397 399//399
f 505//505 593//593 385//385
f 620//620 593//593 505//505
f 633//633 620//620 505//505
f 709//709 545//545 547//547
f 709//709 719//719 545//545
f 797//797 774//774 623//623
f 774//774 676//676 623//623
f 797//797 623//623 739//739
f 690//690 708//708 657//657
f 763//763 708//708 752//752
f 708//708 690//690 752//752
f 946//946 777//777 862//862
f 819//819 926//926 893//893
f 926//926 819//819 922//922
f 922//922 819//819 851//851
f 925//925 940//940 834//834
f 940//940 776//776 834//834
f 1247//1247 1181//1181 1212//1212
f 1181//1181 1166//1166 1212//1212
f 1284//1284 1228//1228 1176//1176
f 1295//1295 1297//1297 1209//1209
f 1208//1208 1429//1429 1279//1279
f 1429//1429 1303//1303 1279//1279
f 1303//1303 1297//1297 1279//1279
f 1323//1323 1320//1320 1296//1296
f 1320//1320 1269//1269 1296//1296
f 1419//1419 1418//1418 1252//1252
f 1366//1366 1419//1419 1252//1252
f 1429//1429 1208//1208 1269//1269
f 1562//1562 1186//1186 1415//1415
f 1322//1322 1191//1191 1424//1424
f 1475//1475 1343//1343 1318//1318
f 1318//1318 1171//1171 1504//1504
f 1171//1171 1434//1434 1504//1504
f 1271//1271 1268//1268 1441//1441
f 1441//1441 1268//1268 1411//1411
f 1255//1255 1271//1271 1441//1441
f 1441//1441 1368//1368 1255//1255
f 1275//1275 1431//1431 1470//1470
f 1800//1800 1844//1844 1839//1839
f 1971//1971 1922//1922 1777//1777
f 1762//1762 1971//1971 1777//1777
f 1815//1815 1804//1804 1975//1975
f 1978//1978 2032//2032 1929//1929
f 1953//1953 1929//1929 2032//2032
f 2033//2033 1962//1962 1947//1947
f 2055//2055 1962//1962 2033//2033
f 1956//1956 2150//2150 1980//1980
f 2065//2065 2102//2102 2182//2182
f 2091//2091 2144//2144 2271//2271
f 2310//2310 2267//2267 2386//2386
f 2381//2381 2310//2310 2386//2386
f 2138//2138 2171//2171 2676//2676
f 2194//2194 2676//2676 2392//2392
f 2260//2260 2194//2194 2392//2392
f 2357//2357 2277//2277 2370//2370
f 2537//2537 2391//2391 2248//2248
f 2483//2483 2537//2537 2248//2248
f 2258//2258 2425//2425 2430//2430
f 2430//2430 2371//2371 2258//2258
f 2637//2637 2498//2498 2578//2578
f 2578//2578 2498//2498 2501//2501
f 2578//2578 2501//2501 2581//2581
f 2460//2460 2561//2561 2730//2730
f 2458//2458 2460//2460 2730//2730
f 2389//2389 2458//2458 2355//2355
f 2710//2710 2715//2715 2736//2736
f 2671//2671 2747//2747 2631//2631
f 2631//2631 2747//2747 2663//2663
f 2615//2615 2663//2663 2723//2723
f 2723//2723 2820//2820 2615//2615
f 2696//2696 2845//2845 2825//2825
f 2845//2845 2615//2615 2820//2820
f 2624//2624 2430//2430 2969//2969
f 3039//3039 2866//2866 3038//3038
f 3285//3285 3159//3159 3204//3204
f 3169//3169 3238//3238 3248//3248
f 3744//3744 3691//3691 3763//3763
f 3744//3744 3535//3535 3691//3691
f 3744//3744 3653//3653 3535//3535
f 3823//3823 3543//3543 3686//3686
f 3543//3543 3823//3823 3782//3782
f 3828//3828 3661//3661 3782//3782
f 3768//3768 3794//3794 3841//3841
f 3688//3688 3810//3810 3866//3866
f 3819//3819 3903//3903 3805//3805
f 3925//3925 3886//3886 3848//3848
f 3925//3925 3848//3848 3898//3898
f 3824//3824 3886//3886 3874//3874
f 3898//3898 3848//3848 3843//3843
f 3898//3898 3843//3843 3879//3879
f 3843//3843 3866//3866 3879//3879
f 999//999 858//858 869//869
f 1074//1074 858//858 999//999
f 952//952 1007//1007 979//979
f 952//952 1019//1019 903//903
f 1002//1002 952//952 833//833
f 1002//1002 1007//1007 952//952
f 1165//1165 1140//1140 1060//1060
f 1061//1061 1165//1165 1060//1060
f 1128//1128 1219//1219 1102//1102
f 1224//1224 1070//1070 1115//1115
f 1261//1261 1146//1146 1143//1143
f 1302//1302 1395//1395 1379//1379
f 1307//1307 1474//1474 1251//1251
f 1379//1379 1307//1307 1311//1311
f 1302//1302 1379//1379 1311//1311
f 1455//1455 1379//1379 1395//1395
f 1527//1527 1421//1421 1506//1506
f 1499//1499 1527//1527 1506//1506
f 1506//1506 1461//1461 1499//1499
f 1468//1468 1470//1470 1533//1533
f 1533//1533 1470//1470 1544//1544
f 1702//1702 1192//1192 1655//1655
f 1702//1702 1476//1476 1192//1192
f 1601//1601 1475//1475 1504//1504
f 1658//1658 1601//1601 1504//1504
f 1504//1504 1511//1511 1583//1583
f 1583//1583 1511//1511 1584//1584
f 2185//2185 2127//2127 2180//2180
f 2216//2216 2180//2180 2127//2127
f 2216//2216 2147//2147 2217//2217
f 2389//2389 2329//2329 2402//2402
f 2329//2329 2403//2403 2402//2402
f 2682//2682 2684//2684 2732//2732
f 2732//2732 2684//2684 2685//2685
f 2732//2732 2685//2685 2785//2785
f 2685//2685 2652//2652 2785//2785
f 2728//2728 2729//2729 2662//2662
f 2664//2664 2662//2662 2729//2729
f 2781//2781 2603//2603 2664//2664
f 2838//2838 2857//2857 2912//2912
f 2919//2919 2772//2772 2790//2790
f 2926//2926 2999//2999 2773//2773
f 3051//3051 2853//2853 2984//2984
f 3020//3020 2757//2757 2982//2982
f 3083//3083 2811//2811 2868//2868
f 2926//2926 3147//3147 2999//2999
f 3019//3019 3053//3053 3131//3131
f 3143//3143 3064//3064 2999//2999
f 3071//3071 3059//3059 3041//3041
f 3123//3123 3010//3010 3012//3012
f 3096//3096 3127//3127 3063//3063
f 3208//3208 3034//3034 3136//3136
f 3106//3106 2937//2937 3110//3110
f 3131//3131 3135//3135 3061//3061
f 3145//3145 3103//3103 3134//3134
f 3205//3205 3131//3131 3064//3064
f 3205//3205 3167//3167 3131//3131
f 3147//3147 3190//3190 3143//3143
f 3193//3193 3115//3115 3200//3200
f 3193//3193 3188//3188 3115//3115
f 3138//3138 3199//3199 3140//3140
f 3199//3199 3200//3200 3140//3140
f 3138//3138 3236//3236 3199//3199
f 3115//3115 3140//3140 3200//3200
f 3651//3651 3578//3578 3481//3481
f 3619//3619 3651//3651 3481//3481
f 3396//3396 3635//3635 3440//3440
f 3440//3440 3686//3686 3543//3543
f 3543//3543 3498//3498 3440//3440
f 3662//3662 3670//3670 3590//3590
f 3670//3670 3500//3500 3590//3590
f 3662//3662 3590//3590 3640//3640
f 3644//3644 3673//3673 3706//3706
f 3706//3706 3598//3598 3644//3644
f 3618//3618 3660//3660 3732//3732
f 3692//3692 3618//3618 3732//3732
f 3618//3618 3692//3692 3575//3575
f 3715//3715 3627//3627 3631//3631
f 3657//3657 3575//3575 3692//3692
f 3657//3657 3665//3665 3621//3621
f 3657//3657 3695//3695 3665//3665
f 3695//3695 3634//3634 3665//3665
f 3748//3748 3759//3759 3702//3702
f 3874//3874 3868//3868 3824//3824
f 3925//3925 3874//3874 3886//3886
f 3887//3887 3916//3916 3895//3895
f 107//107 99//99 102//102
f 89//89 107//107 58//58
f 107//107 102//102 58//58
f 89//89 58//58 91//91
f 195//195 101//101 127//127
f 109//109 113//113 99//99
f 83//83 93//93 195//195
f 128//128 83//83 195//195
f 183//183 232//232 216//216
f 156//156 161//161 233//233
f 259//259 156//156 233//233
f 264//264 211//211 231//231
f 453//453 375//375 538//538
f 335//335 546//546 370//370
f 455//455 557//557 414//414
f 513//513 414//414 557//557
f 368//368 414//414 513//513
f 504//504 442//442 444//444
f 594//594 543//543 493//493
f 543//543 611//611 493//493
f 493//493 611//611 456//456
f 607//607 496//496 539//539
f 700//700 680//680 726//726
f 726//726 667//667 619//619
f 731//731 663//663 707//707
f 731//731 617//617 663//663
f 754//754 676//676 774//774
f 661//661 628//628 778//778
f 697//697 778//778 628//628
f 746//746 697//697 732//732
f 760//760 761//761 732//732
f 839//839 810//810 704//704
f 748//748 839//839 704//704
f 748//748 711//711 770//770
f 771//771 770//770 711//711
f 811//811 666//666 810//810
f 771//771 717//717 804//804
f 858//858 1074//1074 733//733
f 828//828 868//868 918//918
f 918//918 869//869 828//828
f 858//858 828//828 869//869
f 952//952 903//903 833//833
f 833//833 903//903 830//830
f 890//890 991//991 901//901
f 912//912 958//958 901//901
f 932//932 924//924 995//995
f 1010//1010 963//963 1065//1065
f 963//963 996//996 1065//1065
f 917//917 1146//1146 946//946
f 1003//1003 1182//1182 1064//1064
f 1093//1093 1003//1003 1064//1064
f 1093//1093 1034//1034 1003//1003
f 1055//1055 961//961 1034//1034
f 944//944 1089//1089 1027//1027
f 1221//1221 1127//1127 1175//1175
f 1157//1157 1127//1127 1211//1211
f 1123//1123 1157//1157 1211//1211
f 1189//1189 1123//1123 1211//1211
f 1189//1189 1333//1333 1144//1144
f 1258//1258 1080//1080 1347//1347
f 1080//1080 1236//1236 1347//1347
f 1236//1236 1222//1222 1347//1347
f 1272//1272 1347//1347 1222//1222
f 1255//1255 1139//1139 1271//1271
f 1411//1411 1268//1268 1162//1162
f 1431//1431 1240//1240 1313//1313
f 1441//1441 1411//1411 1480//1480
f 1480//1480 1411//1411 1532//1532
f 1456//1456 1368//1368 1441//1441
f 1192//1192 1476//1476 1409//1409
f 1729//1729 1714//1714 1651//1651
f 1729//1729 1651//1651 1737//1737
f 1696//1696 1609//1609 1767//1767
f 1632//1632 1789//1789 1753//1753
f 1789//1789 1632//1632 1696//1696
f 1807//1807 1596//1596 1906//1906
f 1798//1798 1596//1596 1601//1601
f 1836//1836 1796//1796 1794//1794
f 1913//1913 1875//1875 1969//1969
f 1969//1969 1835//1835 2047//2047
f 1818//1818 1925//1925 1972//1972
f 1920//1920 1974//1974 2051//2051
f 1984//1984 1935//1935 1963//1963
f 1968//1968 1652//1652 1984//1984
f 1894//1894 2014//2014 1967//1967
f 2365//2365 2292//2292 2236//2236
f 2259//2259 2165//2165 2269//2269
f 2463//2463 2468//2468 2577//2577
f 2577//2577 2468//2468 2588//2588
f 2588//2588 2468//2468 2489//2489
f 2629//2629 2568//2568 2540//2540
f 2629//2629 2540//2540 2525//2525
f 2629//2629 2525//2525 2497//2497
f 2463//2463 2628//2628 2726//2726
f 2632//2632 2698//2698 2877//2877
f 2788//2788 2644//2644 2632//2632
f 2788//2788 2728//2728 2644//2644
f 2728//2728 2662//2662 2644//2644
f 2622//2622 2644//2644 2662//2662
f 2682//2682 2824//2824 2668//2668
f 2797//2797 2513//2513 2609//2609
f 2756//2756 2609//2609 2847//2847
f 2987//2987 2669//2669 2927//2927
f 2925//2925 2842//2842 3003//3003
f 3255//3255 3122//3122 2933//2933
f 3255//3255 3194//3194 3122//3122
f 3366//3366 3383//3383 3325//3325
f 3366//3366 3325//3325 3352//3352
f 3352//3352 3372//3372 3366//3366
f 3443//3443 3422//3422 3324//3324
f 3443//3443 3445//3445 3413//3413
f 3415//3415 3602//3602 3566//3566
f 3473//3473 3440//3440 3498//3498
f 3598//3598 3461//3461 3510//3510
f 3495//3495 3580//3580 3640//3640
f 3764//3764 3701//3701 3659//3659
f 3627//3627 3821//3821 3755//3755
f 3805//3805 3757//3757 3828//3828
f 3802//3802 3790//3790 3742//3742
f 3846//3846 3799//3799 3752//3752
f 3769//3769 3846//3846 3752//3752
f 3769//3769 3743//3743 3790//3790
f 3913//3913 3917//3917 3915//3915
f 3948//3948 3835//3835 3917//3917
f 3910//3910 3882//3882 3938//3938
f 3950//3950 3882//3882 3910//3910
f 3944//3944 3953//3953 3933//3933
f 3933//3933 3891//3891 3944//3944
f 87//87 26//26 79//79
f 79//79 26//26 52//52
f 26//26 42//42 52//52
f 87//87 90//90 26//26
f 140//140 394//394 301//301
f 398//398 277//277 250//250
f 326//326 174//174 216//216
f 364//364 326//326 216//216
f 328//328 364//364 216//216
f 1041//1041 1029//1029 984//984
f 1393//1393 1439//1439 1539//1539
f 1539//1539 1489//1489 1336//1336
f 1393//1393 1539//1539 1336//1336
f 1329//1329 1692//1692 1478//1478
f 1454//1454 1328//1328 1543//1543
f 1473//1473 1356//1356 1512//1512
f 1412//1412 1356//1356 1473//1473
f 1531//1531 1477//1477 1526//1526
f 1477//1477 1531//1531 1541//1541
f 1848//1848 1462//1462 1867//1867
f 2279//2279 2330//2330 2284//2284
f 2284//2284 2473//2473 2192//2192
f 2279//2279 2284//2284 2192//2192
f 2330//2330 2279//2279 2314//2314
f 2328//2328 2279//2279 2230//2230
f 2280//2280 2185//2185 2369//2369
f 2374//2374 2346//2346 2449//2449
f 2449//2449 2368//2368 2374//2374
f 2387//2387 2368//2368 2449//2449
f 2362//2362 2368//2368 2387//2387
f 2387//2387 2388//2388 2362//2362
f 2388//2388 2336//2336 2362//2362
f 2416//2416 2242//2242 2476//2476
f 2461//2461 2360//2360 2416//2416
f 2461//2461 2467//2467 2360//2360
f 2308//2308 2428//2428 2526//2526
f 2598//2598 2524//2524 2474//2474
f 2533//2533 2524//2524 2690//2690
f 2690//2690 2561//2561 2533//2533
f 2546//2546 2585//2585 2539//2539
f 2624//2624 2659//2659 2393//2393
f 2395//2395 2393//2393 2659//2659
f 2551//2551 2395//2395 2659//2659
f 2659//2659 3023//3023 2551//2551
f 2766//2766 2558//2558 2746//2746
f 2739//2739 2836//2836 2667//2667
f 2828//2828 2693//2693 2558//2558
f 2950//2950 2658//2658 2981//2981
f 2999//2999 3064//3064 3053//3053
f 3074//3074 3105//3105 3278//3278
f 3197//3197 3078//3078 3227//3227
f 3078//3078 3079//3079 3227//3227
f 3139//3139 3113//3113 3035//3035
f 3080//3080 3098//3098 3166//3166
f 3166//3166 3182//3182 3069//3069
f 3301//3301 3326//3326 3300//3300
f 3334//3334 3326//3326 3301//3301
f 3300//3300 3274//3274 3301//3301
f 3353//3353 3301//3301 3274//3274
f 3353//3353 3274//3274 3302//3302
f 3291//3291 3302//3302 3201//3201
f 3324//3324 3260//3260 3321//3321
f 3324//3324 3299//3299 3504//3504
f 3299//3299 3319//3319 3504//3504
f 3655//3655 3595//3595 3672//3672
f 3595//3595 3538//3538 3672//3672
f 3626//3626 3595//3595 3620//3620
f 3551//3551 3595//3595 3626//3626
f 3812//3812 3483//3483 3626//3626
f 3697//3697 3693//3693 3591//3591
f 3693//3693 3605//3605 3591//3591
f 3718//3718 3811//3811 3755//3755
f 3757//3757 3694//3694 3647//3647
f 3725//3725 3694//3694 3757//3757
f 3699//3699 3705//3705 3725//3725
f 3922//3922 3859//3859 3856//3856
f 3863//3863 3877//3877 3909//3909
f 21//21 13//13 3//3
f 11//11 3//3 13//13
f 13//13 17//17 11//11
f 11//11 17//17 59//59
f 9//9 17//17 13//13
f 19//19 59//59 17//17
f 17//17 18//18 19//19
f 9//9 18//18 17//17
f 20//20 19//19 18//18
f 37//37 20//20 18//18
f 20//20 10//10 12//12
f 10//10 20//20 37//37
f 142//142 87//87 79//79
f 183//183 174//174 196//196
f 183//183 238//238 232//232
f 150//150 140//140 200//200
f 161//161 200//200 250//250
f 306//306 355//355 368//368
f 338//338 269//269 306//306
f 357//357 269//269 338//338
f 392//392 293//293 390//390
f 348//348 246//246 379//379
f 387//387 363//363 400//400
f 387//387 348//348 379//379
f 363//363 401//401 400//400
f 352//352 366//366 460//460
f 384//384 329//329 422//422
f 267//267 329//329 384//384
f 384//384 539//539 267//267
f 539//539 321//321 267//267
f 539//539 496//496 321//321
f 549//549 436//436 596//596
f 581//581 447//447 564//564
f 566//566 447//447 412//412
f 566//566 564//564 447//447
f 415//415 456//456 579//579
f 554//554 514//514 457//457
f 605//605 574//574 553//553
f 649//649 438//438 403//403
f 649//649 582//582 438//438
f 616//616 618//618 646//646
f 676//676 646//646 618//618
f 655//655 646//646 676//676
f 655//655 544//544 646//646
f 701//701 729//729 607//607
f 729//729 677//677 647//647
f 783//783 681//681 700//700
f 790//790 695//695 890//890
f 812//812 733//733 644//644
f 803//803 799//799 757//757
f 921//921 885//885 927//927
f 865//865 927//927 885//885
f 1072//1072 865//865 885//885
f 1072//1072 854//854 865//865
f 906//906 875//875 920//920
f 1035//1035 883//883 936//936
f 929//929 1094//1094 968//968
f 1008//1008 948//948 956//956
f 898//898 951//951 948//948
f 1149//1149 956//956 1101//1101
f 867//867 974//974 1319//1319
f 1057//1057 1131//1131 906//906
f 973//973 1057//1057 906//906
f 1501//1501 1370//1370 1398//1398
f 1398//1398 1291//1291 1301//1301
f 1133//1133 1273//1273 1290//1290
f 1133//1133 1249//1249 1575//1575
f 1356//1356 1412//1412 1305//1305
f 1407//1407 1465//1465 1218//1218
f 1218//1218 1465//1465 1517//1517
f 1517//1517 1408//1408 1218//1218
f 1517//1517 1471//1471 1408//1408
f 1823//1823 1503//1503 1427//1427
f 1710//1710 1503//1503 1823//1823
f 1571//1571 1503//1503 1710//1710
f 1572//1572 1571//1571 1657//1657
f 1582//1582 1572//1572 1657//1657
f 1790//1790 1601//1601 1658//1658
f 1717//1717 1790//1790 1658//1658
f 1717//1717 1716//1716 1753//1753
f 1632//1632 1753//1753 1716//1716
f 1720//1720 1716//1716 1717//1717
f 1720//1720 1717//1717 1667//1667
f 1728//1728 1871//1871 1730//1730
f 1767//1767 1730//1730 1871//1871
f 1696//1696 1767//1767 1829//1829
f 1829//1829 1789//1789 1696//1696
f 1790//1790 1798//1798 1601//1601
f 1778//1778 1813//1813 1957//1957
f 1927//1927 1840//1840 1995//1995
f 2144//2144 2066//2066 2112//2112
f 2148//2148 2056//2056 2149//2149
f 2150//2150 1956//1956 2128//2128
f 1956//1956 2069//2069 2128//2128
f 2190//2190 2099//2099 2132//2132
f 2166//2166 2003//2003 2202//2202
f 2109//2109 2003//2003 2166//2166
f 2202//2202 2003//2003 2004//2004
f 2166//2166 2168//2168 2109//2109
f 2172//2172 2143//2143 2177//2177
f 2142//2142 2218//2218 2156//2156
f 2218//2218 2251//2251 2071//2071
f 2198//2198 2170//2170 2267//2267
f 2538//2538 2490//2490 2411//2411
f 2520//2520 2480//2480 2527//2527
f 2628//2628 2577//2577 2590//2590
f 2560//2560 2597//2597 2590//2590
f 2545//2545 2549//2549 2695//2695
f 2807//2807 2579//2579 2717//2717
f 2684//2684 2648//2648 2647//2647
f 2684//2684 2682//2682 2648//2648
f 2684//2684 2647//2647 2703//2703
f 2685//2685 2684//2684 2703//2703
f 2703//2703 2647//2647 2646//2646
f 2646//2646 2651//2651 2703//2703
f 2685//2685 2703//2703 2651//2651
f 2879//2879 2625//2625 2884//2884
f 3118//3118 2993//2993 2978//2978
f 2979//2979 2978//2978 2993//2993
f 3384//3384 3444//3444 3308//3308
f 3358//3358 3388//3388 3351//3351
f 3478//3478 3384//3384 3429//3429
f 3429//3429 3388//3388 3434//3434
f 3384//3384 3388//3388 3429//3429
f 3358//3358 3380//3380 3534//3534
f 3571//3571 3575//3575 3642//3642
f 3621//3621 3503//3503 3642//3642
f 3634//3634 3307//3307 3503//3503
f 3454//3454 3634//3634 3669//3669
f 3582//3582 3669//3669 3779//3779
f 3763//3763 3691//3691 3582//3582
f 3720//3720 3870//3870 3684//3684
f 165//165 146//146 294//294
f 199//199 172//172 155//155
f 179//179 133//133 207//207
f 535//535 443//443 468//468
f 597//597 425//425 702//702
f 702//702 425//425 519//519
f 370//370 658//658 505//505
f 732//732 678//678 760//760
f 781//781 500//500 734//734
f 689//689 734//734 498//498
f 498//498 508//508 689//689
f 696//696 689//689 565//565
f 601//601 515//515 698//698
f 696//696 640//640 699//699
f 924//924 932//932 1066//1066
f 884//884 924//924 1066//1066
f 1066//1066 867//867 884//884
f 1392//1392 837//837 1074//1074
f 1039//1039 1392//1392 1074//1074
f 1015//1015 1022//1022 1274//1274
f 1099//1099 1138//1138 939//939
f 1324//1324 941//941 1317//1317
f 1134//1134 934//934 1290//1290
f 1184//1184 1301//1301 1291//1291
f 1301//1301 1184//1184 1337//1337
f 1265//1265 1337//1337 1200//1200
f 1391//1391 1265//1265 1204//1204
f 1204//1204 1380//1380 1391//1391
f 1191//1191 1186//1186 1562//1562
f 1332//1332 1334//1334 1437//1437
f 1437//1437 1482//1482 1332//1332
f 974//974 1577//1577 1560//1560
f 1636//1636 1681//1681 1621//1621
f 1722//1722 1740//1740 1648//1648
f 1652//1652 1549//1549 1740//1740
f 1769//1769 1568//1568 1677//1677
f 1877//1877 1888//1888 1911//1911
f 1980//1980 1803//1803 1956//1956
f 1891//1891 1956//1956 1803//1803
f 1960//1960 2039//2039 1939//1939
f 1902//1902 1939//1939 2039//2039
f 2000//2000 1932//1932 1992//1992
f 1973//1973 1887//1887 2023//2023
f 1970//1970 1863//1863 1945//1945
f 1991//1991 2022//2022 1903//1903
f 1934//1934 1961//1961 1836//1836
f 1982//1982 1836//1836 1961//1961
f 1965//1965 1914//1914 1904//1904
f 1965//1965 1909//1909 1966//1966
f 1904//1904 1909//1909 1965//1965
f 1909//1909 1964//1964 1966//1966
f 2035//2035 1964//1964 1905//1905
f 2051//2051 1905//1905 1920//1920
f 1986//1986 1910//1910 1916//1916
f 1951//1951 1971//1971 2044//2044
f 1881//1881 1886//1886 2041//2041
f 1886//1886 1995//1995 1998//1998
f 2048//2048 2045//2045 2169//2169
f 2049//2049 2045//2045 2048//2048
f 2154//2154 2054//2054 2153//2153
f 2154//2154 2122//2122 2054//2054
f 2169//2169 2045//2045 2122//2122
f 2232//2232 2178//2178 2329//2329
f 2244//2244 2133//2133 2232//2232
f 2268//2268 2178//2178 2278//2278
f 2278//2278 2164//2164 2163//2163
f 2187//2187 2186//2186 2244//2244
f 2202//2202 2322//2322 2166//2166
f 2166//2166 2322//2322 2168//2168
f 2242//2242 2262//2262 2282//2282
f 2360//2360 2255//2255 2312//2312
f 2255//2255 2102//2102 2312//2312
f 2318//2318 2182//2182 2255//2255
f 2716//2716 2476//2476 2494//2494
f 2764//2764 2497//2497 2567//2567
f 2579//2579 2724//2724 2390//2390
f 2567//2567 2307//2307 2712//2712
f 2586//2586 2535//2535 2537//2537
f 2586//2586 2537//2537 2483//2483
f 2735//2735 2670//2670 2656//2656
f 2795//2795 2706//2706 2735//2735
f 2795//2795 2735//2735 2683//2683
f 2780//2780 2720//2720 2621//2621
f 2780//2780 2621//2621 2902//2902
f 3057//3057 2809//2809 2957//2957
f 3058//3058 3011//3011 2902//2902
f 2902//2902 3000//3000 3058//3058
f 3072//3072 3130//3130 3173//3173
f 3130//3130 3074//3074 3212//3212
f 3074//3074 3278//3278 3212//3212
f 3063//3063 3204//3204 3096//3096
f 3169//3169 3104//3104 3106//3106
f 3239//3239 3104//3104 3169//3169
f 3239//3239 3172//3172 3104//3104
f 3169//3169 3106//3106 3238//3238
f 3106//3106 3110//3110 3238//3238
f 2932//2932 3104//3104 3172//3172
f 3136//3136 2932//2932 3172//3172
f 3208//3208 3136//3136 3183//3183
f 3319//3319 3293//3293 3465//3465
f 3460//3460 3407//3407 3386//3386
f 3474//3474 3432//3432 3379//3379
f 3449//3449 3435//3435 3407//3407
f 3586//3586 3480//3480 3545//3545
f 3511//3511 3441//3441 3513//3513
f 3540//3540 3711//3711 3674//3674
f 3601//3601 3668//3668 3540//3540
f 3584//3584 3544//3544 3611//3611
f 3582//3582 3506//3506 3669//3669
f 3770//3770 3546//3546 3533//3533
f 3573//3573 3546//3546 3770//3770
f 3789//3789 3675//3675 3629//3629
f 3918//3918 3836//3836 3891//3891
f 3891//3891 3836//3836 3851//3851
f 3861//3861 3836//3836 3918//3918
f 3951//3951 3891//3891 3892//3892
f 3892//3892 3891//3891 3851//3851
f 3884//3884 3928//3928 3838//3838
f 3838//3838 3928//3928 3869//3869
# 8000 faces, 0 coords texture

# End of File
